name,pairs,mean_labels,precision,recall,f1,macro_supported,sample_f1_empty_correct,any_precision,any_recall,any_f1,false_relevant,missed_all
factor_oracle_search_overfit,313,1.0433333333333332,0.6134185303514377,0.6254071661237784,0.6193548387096774,0.5595857430372545,0.611015873015873,0.8862559241706162,0.8237885462555066,0.8538812785388128,24,40
union:baseline_balanced@0.35+thinking_recall_v1@0.35+grouped_event@0.35,295,0.9833333333333333,0.5491525423728814,0.5276872964169381,0.5382059800664452,0.36326220472656173,0.5632142857142857,0.9105263157894737,0.762114537444934,0.829736211031175,17,54
union:baseline_balanced@0.35+thinking_recall_v1@0.35+grouped_event@0.45,295,0.9833333333333333,0.5491525423728814,0.5276872964169381,0.5382059800664452,0.36326220472656173,0.5632142857142857,0.9105263157894737,0.762114537444934,0.829736211031175,17,54
union:baseline_balanced@0.35+thinking_recall_v1@0.35+grouped_event@0.6,295,0.9833333333333333,0.5491525423728814,0.5276872964169381,0.5382059800664452,0.36326220472656173,0.5632142857142857,0.9105263157894737,0.762114537444934,0.829736211031175,17,54
union:baseline_balanced@0.35+thinking_recall_v1@0.45+grouped_event@0.35,295,0.9833333333333333,0.5491525423728814,0.5276872964169381,0.5382059800664452,0.36326220472656173,0.5632142857142857,0.9105263157894737,0.762114537444934,0.829736211031175,17,54
union:baseline_balanced@0.35+thinking_recall_v1@0.45+grouped_event@0.45,295,0.9833333333333333,0.5491525423728814,0.5276872964169381,0.5382059800664452,0.36326220472656173,0.5632142857142857,0.9105263157894737,0.762114537444934,0.829736211031175,17,54
union:baseline_balanced@0.35+thinking_recall_v1@0.45+grouped_event@0.6,295,0.9833333333333333,0.5491525423728814,0.5276872964169381,0.5382059800664452,0.36326220472656173,0.5632142857142857,0.9105263157894737,0.762114537444934,0.829736211031175,17,54
union:baseline_balanced@0.35+thinking_recall_v1@0.6+grouped_event@0.35,295,0.9833333333333333,0.5491525423728814,0.5276872964169381,0.5382059800664452,0.36326220472656173,0.5632142857142857,0.9105263157894737,0.762114537444934,0.829736211031175,17,54
union:baseline_balanced@0.35+thinking_recall_v1@0.6+grouped_event@0.45,295,0.9833333333333333,0.5491525423728814,0.5276872964169381,0.5382059800664452,0.36326220472656173,0.5632142857142857,0.9105263157894737,0.762114537444934,0.829736211031175,17,54
union:baseline_balanced@0.35+thinking_recall_v1@0.6+grouped_event@0.6,295,0.9833333333333333,0.5491525423728814,0.5276872964169381,0.5382059800664452,0.36326220472656173,0.5632142857142857,0.9105263157894737,0.762114537444934,0.829736211031175,17,54
union:baseline_balanced@0.45+thinking_recall_v1@0.35+grouped_event@0.35,295,0.9833333333333333,0.5491525423728814,0.5276872964169381,0.5382059800664452,0.36326220472656173,0.5632142857142857,0.9105263157894737,0.762114537444934,0.829736211031175,17,54
union:baseline_balanced@0.45+thinking_recall_v1@0.35+grouped_event@0.45,295,0.9833333333333333,0.5491525423728814,0.5276872964169381,0.5382059800664452,0.36326220472656173,0.5632142857142857,0.9105263157894737,0.762114537444934,0.829736211031175,17,54
union:baseline_balanced@0.45+thinking_recall_v1@0.35+grouped_event@0.6,295,0.9833333333333333,0.5491525423728814,0.5276872964169381,0.5382059800664452,0.36326220472656173,0.5632142857142857,0.9105263157894737,0.762114537444934,0.829736211031175,17,54
union:baseline_balanced@0.45+thinking_recall_v1@0.45+grouped_event@0.35,295,0.9833333333333333,0.5491525423728814,0.5276872964169381,0.5382059800664452,0.36326220472656173,0.5632142857142857,0.9105263157894737,0.762114537444934,0.829736211031175,17,54
union:baseline_balanced@0.45+thinking_recall_v1@0.45+grouped_event@0.45,295,0.9833333333333333,0.5491525423728814,0.5276872964169381,0.5382059800664452,0.36326220472656173,0.5632142857142857,0.9105263157894737,0.762114537444934,0.829736211031175,17,54
union:baseline_balanced@0.45+thinking_recall_v1@0.45+grouped_event@0.6,295,0.9833333333333333,0.5491525423728814,0.5276872964169381,0.5382059800664452,0.36326220472656173,0.5632142857142857,0.9105263157894737,0.762114537444934,0.829736211031175,17,54
union:baseline_balanced@0.45+thinking_recall_v1@0.6+grouped_event@0.35,295,0.9833333333333333,0.5491525423728814,0.5276872964169381,0.5382059800664452,0.36326220472656173,0.5632142857142857,0.9105263157894737,0.762114537444934,0.829736211031175,17,54
union:baseline_balanced@0.45+thinking_recall_v1@0.6+grouped_event@0.45,295,0.9833333333333333,0.5491525423728814,0.5276872964169381,0.5382059800664452,0.36326220472656173,0.5632142857142857,0.9105263157894737,0.762114537444934,0.829736211031175,17,54
union:baseline_balanced@0.45+thinking_recall_v1@0.6+grouped_event@0.6,295,0.9833333333333333,0.5491525423728814,0.5276872964169381,0.5382059800664452,0.36326220472656173,0.5632142857142857,0.9105263157894737,0.762114537444934,0.829736211031175,17,54
union:baseline_balanced@0.6+thinking_recall_v1@0.35+grouped_event@0.35,295,0.9833333333333333,0.5491525423728814,0.5276872964169381,0.5382059800664452,0.36326220472656173,0.5632142857142857,0.9105263157894737,0.762114537444934,0.829736211031175,17,54
union:baseline_balanced@0.6+thinking_recall_v1@0.35+grouped_event@0.45,295,0.9833333333333333,0.5491525423728814,0.5276872964169381,0.5382059800664452,0.36326220472656173,0.5632142857142857,0.9105263157894737,0.762114537444934,0.829736211031175,17,54
union:baseline_balanced@0.6+thinking_recall_v1@0.35+grouped_event@0.6,295,0.9833333333333333,0.5491525423728814,0.5276872964169381,0.5382059800664452,0.36326220472656173,0.5632142857142857,0.9105263157894737,0.762114537444934,0.829736211031175,17,54
union:baseline_balanced@0.6+thinking_recall_v1@0.45+grouped_event@0.35,295,0.9833333333333333,0.5491525423728814,0.5276872964169381,0.5382059800664452,0.36326220472656173,0.5632142857142857,0.9105263157894737,0.762114537444934,0.829736211031175,17,54
union:baseline_balanced@0.6+thinking_recall_v1@0.45+grouped_event@0.45,295,0.9833333333333333,0.5491525423728814,0.5276872964169381,0.5382059800664452,0.36326220472656173,0.5632142857142857,0.9105263157894737,0.762114537444934,0.829736211031175,17,54
union:baseline_balanced@0.6+thinking_recall_v1@0.45+grouped_event@0.6,295,0.9833333333333333,0.5491525423728814,0.5276872964169381,0.5382059800664452,0.36326220472656173,0.5632142857142857,0.9105263157894737,0.762114537444934,0.829736211031175,17,54
union:baseline_balanced@0.6+thinking_recall_v1@0.6+grouped_event@0.35,295,0.9833333333333333,0.5491525423728814,0.5276872964169381,0.5382059800664452,0.36326220472656173,0.5632142857142857,0.9105263157894737,0.762114537444934,0.829736211031175,17,54
union:baseline_balanced@0.6+thinking_recall_v1@0.6+grouped_event@0.45,295,0.9833333333333333,0.5491525423728814,0.5276872964169381,0.5382059800664452,0.36326220472656173,0.5632142857142857,0.9105263157894737,0.762114537444934,0.829736211031175,17,54
union:baseline_balanced@0.6+thinking_recall_v1@0.6+grouped_event@0.6,295,0.9833333333333333,0.5491525423728814,0.5276872964169381,0.5382059800664452,0.36326220472656173,0.5632142857142857,0.9105263157894737,0.762114537444934,0.829736211031175,17,54
union:baseline_balanced@0.35+thinking_recall_v1@0.35,208,0.6933333333333334,0.6634615384615384,0.4495114006514658,0.5359223300970873,0.27589097903958676,0.5628888888888889,0.9261363636363636,0.7180616740088106,0.8089330024813896,13,64
union:baseline_balanced@0.35+thinking_recall_v1@0.45,208,0.6933333333333334,0.6634615384615384,0.4495114006514658,0.5359223300970873,0.27589097903958676,0.5628888888888889,0.9261363636363636,0.7180616740088106,0.8089330024813896,13,64
union:baseline_balanced@0.35+thinking_recall_v1@0.6,208,0.6933333333333334,0.6634615384615384,0.4495114006514658,0.5359223300970873,0.27589097903958676,0.5628888888888889,0.9261363636363636,0.7180616740088106,0.8089330024813896,13,64
union:baseline_balanced@0.45+thinking_recall_v1@0.35,208,0.6933333333333334,0.6634615384615384,0.4495114006514658,0.5359223300970873,0.27589097903958676,0.5628888888888889,0.9261363636363636,0.7180616740088106,0.8089330024813896,13,64
union:baseline_balanced@0.45+thinking_recall_v1@0.45,208,0.6933333333333334,0.6634615384615384,0.4495114006514658,0.5359223300970873,0.27589097903958676,0.5628888888888889,0.9261363636363636,0.7180616740088106,0.8089330024813896,13,64
union:baseline_balanced@0.45+thinking_recall_v1@0.6,208,0.6933333333333334,0.6634615384615384,0.4495114006514658,0.5359223300970873,0.27589097903958676,0.5628888888888889,0.9261363636363636,0.7180616740088106,0.8089330024813896,13,64
union:baseline_balanced@0.6+thinking_recall_v1@0.35,208,0.6933333333333334,0.6634615384615384,0.4495114006514658,0.5359223300970873,0.27589097903958676,0.5628888888888889,0.9261363636363636,0.7180616740088106,0.8089330024813896,13,64
union:baseline_balanced@0.6+thinking_recall_v1@0.45,208,0.6933333333333334,0.6634615384615384,0.4495114006514658,0.5359223300970873,0.27589097903958676,0.5628888888888889,0.9261363636363636,0.7180616740088106,0.8089330024813896,13,64
union:baseline_balanced@0.6+thinking_recall_v1@0.6,208,0.6933333333333334,0.6634615384615384,0.4495114006514658,0.5359223300970873,0.27589097903958676,0.5628888888888889,0.9261363636363636,0.7180616740088106,0.8089330024813896,13,64
union:baseline_balanced@0.1+thinking_recall_v1@0.35,292,0.9733333333333334,0.5445205479452054,0.5179153094462541,0.5308848080133556,0.26412336867194985,0.5524444444444444,0.8680851063829788,0.8986784140969163,0.8831168831168831,31,23
union:baseline_balanced@0.1+thinking_recall_v1@0.45,292,0.9733333333333334,0.5445205479452054,0.5179153094462541,0.5308848080133556,0.26412336867194985,0.5524444444444444,0.8680851063829788,0.8986784140969163,0.8831168831168831,31,23
union:baseline_balanced@0.1+thinking_recall_v1@0.6,292,0.9733333333333334,0.5445205479452054,0.5179153094462541,0.5308848080133556,0.26412336867194985,0.5524444444444444,0.8680851063829788,0.8986784140969163,0.8831168831168831,31,23
union:baseline_balanced@0.3+thinking_recall_v1@0.35,292,0.9733333333333334,0.5445205479452054,0.5179153094462541,0.5308848080133556,0.26412336867194985,0.5524444444444444,0.8680851063829788,0.8986784140969163,0.8831168831168831,31,23
union:baseline_balanced@0.3+thinking_recall_v1@0.45,292,0.9733333333333334,0.5445205479452054,0.5179153094462541,0.5308848080133556,0.26412336867194985,0.5524444444444444,0.8680851063829788,0.8986784140969163,0.8831168831168831,31,23
union:baseline_balanced@0.3+thinking_recall_v1@0.6,292,0.9733333333333334,0.5445205479452054,0.5179153094462541,0.5308848080133556,0.26412336867194985,0.5524444444444444,0.8680851063829788,0.8986784140969163,0.8831168831168831,31,23
union:baseline_balanced@0.35+thinking_recall_v1@0.35+latent_candidate_v3@0.45,476,1.5866666666666667,0.4327731092436975,0.6710097719869706,0.5261813537675607,0.4530826892709182,0.46099999999999997,0.775438596491228,0.973568281938326,0.86328125,64,6
union:baseline_balanced@0.35+thinking_recall_v1@0.35+latent_candidate_v3@0.6,476,1.5866666666666667,0.4327731092436975,0.6710097719869706,0.5261813537675607,0.4530826892709182,0.46099999999999997,0.775438596491228,0.973568281938326,0.86328125,64,6
union:baseline_balanced@0.35+thinking_recall_v1@0.45+latent_candidate_v3@0.45,476,1.5866666666666667,0.4327731092436975,0.6710097719869706,0.5261813537675607,0.4530826892709182,0.46099999999999997,0.775438596491228,0.973568281938326,0.86328125,64,6
union:baseline_balanced@0.35+thinking_recall_v1@0.45+latent_candidate_v3@0.6,476,1.5866666666666667,0.4327731092436975,0.6710097719869706,0.5261813537675607,0.4530826892709182,0.46099999999999997,0.775438596491228,0.973568281938326,0.86328125,64,6
union:baseline_balanced@0.35+thinking_recall_v1@0.6+latent_candidate_v3@0.45,476,1.5866666666666667,0.4327731092436975,0.6710097719869706,0.5261813537675607,0.4530826892709182,0.46099999999999997,0.775438596491228,0.973568281938326,0.86328125,64,6
union:baseline_balanced@0.35+thinking_recall_v1@0.6+latent_candidate_v3@0.6,476,1.5866666666666667,0.4327731092436975,0.6710097719869706,0.5261813537675607,0.4530826892709182,0.46099999999999997,0.775438596491228,0.973568281938326,0.86328125,64,6
union:baseline_balanced@0.45+thinking_recall_v1@0.35+latent_candidate_v3@0.45,476,1.5866666666666667,0.4327731092436975,0.6710097719869706,0.5261813537675607,0.4530826892709182,0.46099999999999997,0.775438596491228,0.973568281938326,0.86328125,64,6
union:baseline_balanced@0.45+thinking_recall_v1@0.35+latent_candidate_v3@0.6,476,1.5866666666666667,0.4327731092436975,0.6710097719869706,0.5261813537675607,0.4530826892709182,0.46099999999999997,0.775438596491228,0.973568281938326,0.86328125,64,6
union:baseline_balanced@0.45+thinking_recall_v1@0.45+latent_candidate_v3@0.45,476,1.5866666666666667,0.4327731092436975,0.6710097719869706,0.5261813537675607,0.4530826892709182,0.46099999999999997,0.775438596491228,0.973568281938326,0.86328125,64,6
union:baseline_balanced@0.45+thinking_recall_v1@0.45+latent_candidate_v3@0.6,476,1.5866666666666667,0.4327731092436975,0.6710097719869706,0.5261813537675607,0.4530826892709182,0.46099999999999997,0.775438596491228,0.973568281938326,0.86328125,64,6
union:baseline_balanced@0.45+thinking_recall_v1@0.6+latent_candidate_v3@0.45,476,1.5866666666666667,0.4327731092436975,0.6710097719869706,0.5261813537675607,0.4530826892709182,0.46099999999999997,0.775438596491228,0.973568281938326,0.86328125,64,6
union:baseline_balanced@0.45+thinking_recall_v1@0.6+latent_candidate_v3@0.6,476,1.5866666666666667,0.4327731092436975,0.6710097719869706,0.5261813537675607,0.4530826892709182,0.46099999999999997,0.775438596491228,0.973568281938326,0.86328125,64,6
union:baseline_balanced@0.6+thinking_recall_v1@0.35+latent_candidate_v3@0.45,476,1.5866666666666667,0.4327731092436975,0.6710097719869706,0.5261813537675607,0.4530826892709182,0.46099999999999997,0.775438596491228,0.973568281938326,0.86328125,64,6
union:baseline_balanced@0.6+thinking_recall_v1@0.35+latent_candidate_v3@0.6,476,1.5866666666666667,0.4327731092436975,0.6710097719869706,0.5261813537675607,0.4530826892709182,0.46099999999999997,0.775438596491228,0.973568281938326,0.86328125,64,6
union:baseline_balanced@0.6+thinking_recall_v1@0.45+latent_candidate_v3@0.45,476,1.5866666666666667,0.4327731092436975,0.6710097719869706,0.5261813537675607,0.4530826892709182,0.46099999999999997,0.775438596491228,0.973568281938326,0.86328125,64,6
union:baseline_balanced@0.6+thinking_recall_v1@0.45+latent_candidate_v3@0.6,476,1.5866666666666667,0.4327731092436975,0.6710097719869706,0.5261813537675607,0.4530826892709182,0.46099999999999997,0.775438596491228,0.973568281938326,0.86328125,64,6
union:baseline_balanced@0.6+thinking_recall_v1@0.6+latent_candidate_v3@0.45,476,1.5866666666666667,0.4327731092436975,0.6710097719869706,0.5261813537675607,0.4530826892709182,0.46099999999999997,0.775438596491228,0.973568281938326,0.86328125,64,6
union:baseline_balanced@0.6+thinking_recall_v1@0.6+latent_candidate_v3@0.6,476,1.5866666666666667,0.4327731092436975,0.6710097719869706,0.5261813537675607,0.4530826892709182,0.46099999999999997,0.775438596491228,0.973568281938326,0.86328125,64,6
union:baseline_balanced@0.1+thinking_recall_v1@0.35+grouped_event@0.35,372,1.24,0.478494623655914,0.5798045602605864,0.524300441826215,0.3507804395866578,0.541547619047619,0.8589211618257261,0.9118942731277533,0.8846153846153846,34,20
union:baseline_balanced@0.1+thinking_recall_v1@0.35+grouped_event@0.45,372,1.24,0.478494623655914,0.5798045602605864,0.524300441826215,0.3507804395866578,0.541547619047619,0.8589211618257261,0.9118942731277533,0.8846153846153846,34,20
union:baseline_balanced@0.1+thinking_recall_v1@0.35+grouped_event@0.6,372,1.24,0.478494623655914,0.5798045602605864,0.524300441826215,0.3507804395866578,0.541547619047619,0.8589211618257261,0.9118942731277533,0.8846153846153846,34,20
union:baseline_balanced@0.1+thinking_recall_v1@0.45+grouped_event@0.35,372,1.24,0.478494623655914,0.5798045602605864,0.524300441826215,0.3507804395866578,0.541547619047619,0.8589211618257261,0.9118942731277533,0.8846153846153846,34,20
union:baseline_balanced@0.1+thinking_recall_v1@0.45+grouped_event@0.45,372,1.24,0.478494623655914,0.5798045602605864,0.524300441826215,0.3507804395866578,0.541547619047619,0.8589211618257261,0.9118942731277533,0.8846153846153846,34,20
union:baseline_balanced@0.1+thinking_recall_v1@0.45+grouped_event@0.6,372,1.24,0.478494623655914,0.5798045602605864,0.524300441826215,0.3507804395866578,0.541547619047619,0.8589211618257261,0.9118942731277533,0.8846153846153846,34,20
union:baseline_balanced@0.1+thinking_recall_v1@0.6+grouped_event@0.35,372,1.24,0.478494623655914,0.5798045602605864,0.524300441826215,0.3507804395866578,0.541547619047619,0.8589211618257261,0.9118942731277533,0.8846153846153846,34,20
union:baseline_balanced@0.1+thinking_recall_v1@0.6+grouped_event@0.45,372,1.24,0.478494623655914,0.5798045602605864,0.524300441826215,0.3507804395866578,0.541547619047619,0.8589211618257261,0.9118942731277533,0.8846153846153846,34,20
union:baseline_balanced@0.1+thinking_recall_v1@0.6+grouped_event@0.6,372,1.24,0.478494623655914,0.5798045602605864,0.524300441826215,0.3507804395866578,0.541547619047619,0.8589211618257261,0.9118942731277533,0.8846153846153846,34,20
union:baseline_balanced@0.3+thinking_recall_v1@0.35+grouped_event@0.35,372,1.24,0.478494623655914,0.5798045602605864,0.524300441826215,0.3507804395866578,0.541547619047619,0.8589211618257261,0.9118942731277533,0.8846153846153846,34,20
union:baseline_balanced@0.3+thinking_recall_v1@0.35+grouped_event@0.45,372,1.24,0.478494623655914,0.5798045602605864,0.524300441826215,0.3507804395866578,0.541547619047619,0.8589211618257261,0.9118942731277533,0.8846153846153846,34,20
union:baseline_balanced@0.3+thinking_recall_v1@0.35+grouped_event@0.6,372,1.24,0.478494623655914,0.5798045602605864,0.524300441826215,0.3507804395866578,0.541547619047619,0.8589211618257261,0.9118942731277533,0.8846153846153846,34,20
union:baseline_balanced@0.3+thinking_recall_v1@0.45+grouped_event@0.35,372,1.24,0.478494623655914,0.5798045602605864,0.524300441826215,0.3507804395866578,0.541547619047619,0.8589211618257261,0.9118942731277533,0.8846153846153846,34,20
union:baseline_balanced@0.3+thinking_recall_v1@0.45+grouped_event@0.45,372,1.24,0.478494623655914,0.5798045602605864,0.524300441826215,0.3507804395866578,0.541547619047619,0.8589211618257261,0.9118942731277533,0.8846153846153846,34,20
union:baseline_balanced@0.3+thinking_recall_v1@0.45+grouped_event@0.6,372,1.24,0.478494623655914,0.5798045602605864,0.524300441826215,0.3507804395866578,0.541547619047619,0.8589211618257261,0.9118942731277533,0.8846153846153846,34,20
union:baseline_balanced@0.3+thinking_recall_v1@0.6+grouped_event@0.35,372,1.24,0.478494623655914,0.5798045602605864,0.524300441826215,0.3507804395866578,0.541547619047619,0.8589211618257261,0.9118942731277533,0.8846153846153846,34,20
union:baseline_balanced@0.3+thinking_recall_v1@0.6+grouped_event@0.45,372,1.24,0.478494623655914,0.5798045602605864,0.524300441826215,0.3507804395866578,0.541547619047619,0.8589211618257261,0.9118942731277533,0.8846153846153846,34,20
union:baseline_balanced@0.3+thinking_recall_v1@0.6+grouped_event@0.6,372,1.24,0.478494623655914,0.5798045602605864,0.524300441826215,0.3507804395866578,0.541547619047619,0.8589211618257261,0.9118942731277533,0.8846153846153846,34,20
union:baseline_balanced@0.35+thinking_recall_v1@0.1+grouped_event@0.35,370,1.2333333333333334,0.4783783783783784,0.5765472312703583,0.5228951255539144,0.35442953494677354,0.5148809523809524,0.8287937743190662,0.9383259911894273,0.8801652892561983,44,14
union:baseline_balanced@0.35+thinking_recall_v1@0.1+grouped_event@0.45,370,1.2333333333333334,0.4783783783783784,0.5765472312703583,0.5228951255539144,0.35442953494677354,0.5148809523809524,0.8287937743190662,0.9383259911894273,0.8801652892561983,44,14
union:baseline_balanced@0.35+thinking_recall_v1@0.1+grouped_event@0.6,370,1.2333333333333334,0.4783783783783784,0.5765472312703583,0.5228951255539144,0.35442953494677354,0.5148809523809524,0.8287937743190662,0.9383259911894273,0.8801652892561983,44,14
union:baseline_balanced@0.35+thinking_recall_v1@0.3+grouped_event@0.35,370,1.2333333333333334,0.4783783783783784,0.5765472312703583,0.5228951255539144,0.35442953494677354,0.5148809523809524,0.8287937743190662,0.9383259911894273,0.8801652892561983,44,14
union:baseline_balanced@0.35+thinking_recall_v1@0.3+grouped_event@0.45,370,1.2333333333333334,0.4783783783783784,0.5765472312703583,0.5228951255539144,0.35442953494677354,0.5148809523809524,0.8287937743190662,0.9383259911894273,0.8801652892561983,44,14
union:baseline_balanced@0.35+thinking_recall_v1@0.3+grouped_event@0.6,370,1.2333333333333334,0.4783783783783784,0.5765472312703583,0.5228951255539144,0.35442953494677354,0.5148809523809524,0.8287937743190662,0.9383259911894273,0.8801652892561983,44,14
union:baseline_balanced@0.45+thinking_recall_v1@0.1+grouped_event@0.35,370,1.2333333333333334,0.4783783783783784,0.5765472312703583,0.5228951255539144,0.35442953494677354,0.5148809523809524,0.8287937743190662,0.9383259911894273,0.8801652892561983,44,14
union:baseline_balanced@0.45+thinking_recall_v1@0.1+grouped_event@0.45,370,1.2333333333333334,0.4783783783783784,0.5765472312703583,0.5228951255539144,0.35442953494677354,0.5148809523809524,0.8287937743190662,0.9383259911894273,0.8801652892561983,44,14
union:baseline_balanced@0.45+thinking_recall_v1@0.1+grouped_event@0.6,370,1.2333333333333334,0.4783783783783784,0.5765472312703583,0.5228951255539144,0.35442953494677354,0.5148809523809524,0.8287937743190662,0.9383259911894273,0.8801652892561983,44,14
union:baseline_balanced@0.45+thinking_recall_v1@0.3+grouped_event@0.35,370,1.2333333333333334,0.4783783783783784,0.5765472312703583,0.5228951255539144,0.35442953494677354,0.5148809523809524,0.8287937743190662,0.9383259911894273,0.8801652892561983,44,14
union:baseline_balanced@0.45+thinking_recall_v1@0.3+grouped_event@0.45,370,1.2333333333333334,0.4783783783783784,0.5765472312703583,0.5228951255539144,0.35442953494677354,0.5148809523809524,0.8287937743190662,0.9383259911894273,0.8801652892561983,44,14
union:baseline_balanced@0.45+thinking_recall_v1@0.3+grouped_event@0.6,370,1.2333333333333334,0.4783783783783784,0.5765472312703583,0.5228951255539144,0.35442953494677354,0.5148809523809524,0.8287937743190662,0.9383259911894273,0.8801652892561983,44,14
union:baseline_balanced@0.6+thinking_recall_v1@0.1+grouped_event@0.35,370,1.2333333333333334,0.4783783783783784,0.5765472312703583,0.5228951255539144,0.35442953494677354,0.5148809523809524,0.8287937743190662,0.9383259911894273,0.8801652892561983,44,14
union:baseline_balanced@0.6+thinking_recall_v1@0.1+grouped_event@0.45,370,1.2333333333333334,0.4783783783783784,0.5765472312703583,0.5228951255539144,0.35442953494677354,0.5148809523809524,0.8287937743190662,0.9383259911894273,0.8801652892561983,44,14
union:baseline_balanced@0.6+thinking_recall_v1@0.1+grouped_event@0.6,370,1.2333333333333334,0.4783783783783784,0.5765472312703583,0.5228951255539144,0.35442953494677354,0.5148809523809524,0.8287937743190662,0.9383259911894273,0.8801652892561983,44,14
union:baseline_balanced@0.6+thinking_recall_v1@0.3+grouped_event@0.35,370,1.2333333333333334,0.4783783783783784,0.5765472312703583,0.5228951255539144,0.35442953494677354,0.5148809523809524,0.8287937743190662,0.9383259911894273,0.8801652892561983,44,14
union:baseline_balanced@0.6+thinking_recall_v1@0.3+grouped_event@0.45,370,1.2333333333333334,0.4783783783783784,0.5765472312703583,0.5228951255539144,0.35442953494677354,0.5148809523809524,0.8287937743190662,0.9383259911894273,0.8801652892561983,44,14
union:baseline_balanced@0.6+thinking_recall_v1@0.3+grouped_event@0.6,370,1.2333333333333334,0.4783783783783784,0.5765472312703583,0.5228951255539144,0.35442953494677354,0.5148809523809524,0.8287937743190662,0.9383259911894273,0.8801652892561983,44,14
union:baseline_balanced@0.35+thinking_recall_v1@0.35+latent_candidate_v3@0.35,481,1.6033333333333333,0.4282744282744283,0.6710097719869706,0.5228426395939086,0.44088181296488516,0.45888888888888885,0.775438596491228,0.973568281938326,0.86328125,64,6
union:baseline_balanced@0.35+thinking_recall_v1@0.45+latent_candidate_v3@0.35,481,1.6033333333333333,0.4282744282744283,0.6710097719869706,0.5228426395939086,0.44088181296488516,0.45888888888888885,0.775438596491228,0.973568281938326,0.86328125,64,6
union:baseline_balanced@0.35+thinking_recall_v1@0.6+latent_candidate_v3@0.35,481,1.6033333333333333,0.4282744282744283,0.6710097719869706,0.5228426395939086,0.44088181296488516,0.45888888888888885,0.775438596491228,0.973568281938326,0.86328125,64,6
union:baseline_balanced@0.45+thinking_recall_v1@0.35+latent_candidate_v3@0.35,481,1.6033333333333333,0.4282744282744283,0.6710097719869706,0.5228426395939086,0.44088181296488516,0.45888888888888885,0.775438596491228,0.973568281938326,0.86328125,64,6
union:baseline_balanced@0.45+thinking_recall_v1@0.45+latent_candidate_v3@0.35,481,1.6033333333333333,0.4282744282744283,0.6710097719869706,0.5228426395939086,0.44088181296488516,0.45888888888888885,0.775438596491228,0.973568281938326,0.86328125,64,6
union:baseline_balanced@0.45+thinking_recall_v1@0.6+latent_candidate_v3@0.35,481,1.6033333333333333,0.4282744282744283,0.6710097719869706,0.5228426395939086,0.44088181296488516,0.45888888888888885,0.775438596491228,0.973568281938326,0.86328125,64,6
union:baseline_balanced@0.6+thinking_recall_v1@0.35+latent_candidate_v3@0.35,481,1.6033333333333333,0.4282744282744283,0.6710097719869706,0.5228426395939086,0.44088181296488516,0.45888888888888885,0.775438596491228,0.973568281938326,0.86328125,64,6
union:baseline_balanced@0.6+thinking_recall_v1@0.45+latent_candidate_v3@0.35,481,1.6033333333333333,0.4282744282744283,0.6710097719869706,0.5228426395939086,0.44088181296488516,0.45888888888888885,0.775438596491228,0.973568281938326,0.86328125,64,6
union:baseline_balanced@0.6+thinking_recall_v1@0.6+latent_candidate_v3@0.35,481,1.6033333333333333,0.4282744282744283,0.6710097719869706,0.5228426395939086,0.44088181296488516,0.45888888888888885,0.775438596491228,0.973568281938326,0.86328125,64,6
union:baseline_balanced@0.35+thinking_recall_v1@0.1,286,0.9533333333333334,0.541958041958042,0.504885993485342,0.5227655986509275,0.26300526990560014,0.5178888888888888,0.8326693227091634,0.920704845814978,0.8744769874476988,42,18
union:baseline_balanced@0.35+thinking_recall_v1@0.3,286,0.9533333333333334,0.541958041958042,0.504885993485342,0.5227655986509275,0.26300526990560014,0.5178888888888888,0.8326693227091634,0.920704845814978,0.8744769874476988,42,18
union:baseline_balanced@0.45+thinking_recall_v1@0.1,286,0.9533333333333334,0.541958041958042,0.504885993485342,0.5227655986509275,0.26300526990560014,0.5178888888888888,0.8326693227091634,0.920704845814978,0.8744769874476988,42,18
union:baseline_balanced@0.45+thinking_recall_v1@0.3,286,0.9533333333333334,0.541958041958042,0.504885993485342,0.5227655986509275,0.26300526990560014,0.5178888888888888,0.8326693227091634,0.920704845814978,0.8744769874476988,42,18
union:baseline_balanced@0.6+thinking_recall_v1@0.1,286,0.9533333333333334,0.541958041958042,0.504885993485342,0.5227655986509275,0.26300526990560014,0.5178888888888888,0.8326693227091634,0.920704845814978,0.8744769874476988,42,18
union:baseline_balanced@0.6+thinking_recall_v1@0.3,286,0.9533333333333334,0.541958041958042,0.504885993485342,0.5227655986509275,0.26300526990560014,0.5178888888888888,0.8326693227091634,0.920704845814978,0.8744769874476988,42,18
union:baseline_balanced@0.1+thinking_recall_v1@0.35+latent_candidate_v3@0.45,514,1.7133333333333334,0.4143968871595331,0.6938110749185668,0.5188794153471377,0.44960678229891926,0.4567777777777778,0.7679180887372014,0.9911894273127754,0.8653846153846154,68,2
union:baseline_balanced@0.1+thinking_recall_v1@0.35+latent_candidate_v3@0.6,514,1.7133333333333334,0.4143968871595331,0.6938110749185668,0.5188794153471377,0.44960678229891926,0.4567777777777778,0.7679180887372014,0.9911894273127754,0.8653846153846154,68,2
union:baseline_balanced@0.1+thinking_recall_v1@0.45+latent_candidate_v3@0.45,514,1.7133333333333334,0.4143968871595331,0.6938110749185668,0.5188794153471377,0.44960678229891926,0.4567777777777778,0.7679180887372014,0.9911894273127754,0.8653846153846154,68,2
union:baseline_balanced@0.1+thinking_recall_v1@0.45+latent_candidate_v3@0.6,514,1.7133333333333334,0.4143968871595331,0.6938110749185668,0.5188794153471377,0.44960678229891926,0.4567777777777778,0.7679180887372014,0.9911894273127754,0.8653846153846154,68,2
union:baseline_balanced@0.1+thinking_recall_v1@0.6+latent_candidate_v3@0.45,514,1.7133333333333334,0.4143968871595331,0.6938110749185668,0.5188794153471377,0.44960678229891926,0.4567777777777778,0.7679180887372014,0.9911894273127754,0.8653846153846154,68,2
union:baseline_balanced@0.1+thinking_recall_v1@0.6+latent_candidate_v3@0.6,514,1.7133333333333334,0.4143968871595331,0.6938110749185668,0.5188794153471377,0.44960678229891926,0.4567777777777778,0.7679180887372014,0.9911894273127754,0.8653846153846154,68,2
union:baseline_balanced@0.3+thinking_recall_v1@0.35+latent_candidate_v3@0.45,514,1.7133333333333334,0.4143968871595331,0.6938110749185668,0.5188794153471377,0.44960678229891926,0.4567777777777778,0.7679180887372014,0.9911894273127754,0.8653846153846154,68,2
union:baseline_balanced@0.3+thinking_recall_v1@0.35+latent_candidate_v3@0.6,514,1.7133333333333334,0.4143968871595331,0.6938110749185668,0.5188794153471377,0.44960678229891926,0.4567777777777778,0.7679180887372014,0.9911894273127754,0.8653846153846154,68,2
union:baseline_balanced@0.3+thinking_recall_v1@0.45+latent_candidate_v3@0.45,514,1.7133333333333334,0.4143968871595331,0.6938110749185668,0.5188794153471377,0.44960678229891926,0.4567777777777778,0.7679180887372014,0.9911894273127754,0.8653846153846154,68,2
union:baseline_balanced@0.3+thinking_recall_v1@0.45+latent_candidate_v3@0.6,514,1.7133333333333334,0.4143968871595331,0.6938110749185668,0.5188794153471377,0.44960678229891926,0.4567777777777778,0.7679180887372014,0.9911894273127754,0.8653846153846154,68,2
union:baseline_balanced@0.3+thinking_recall_v1@0.6+latent_candidate_v3@0.45,514,1.7133333333333334,0.4143968871595331,0.6938110749185668,0.5188794153471377,0.44960678229891926,0.4567777777777778,0.7679180887372014,0.9911894273127754,0.8653846153846154,68,2
union:baseline_balanced@0.3+thinking_recall_v1@0.6+latent_candidate_v3@0.6,514,1.7133333333333334,0.4143968871595331,0.6938110749185668,0.5188794153471377,0.44960678229891926,0.4567777777777778,0.7679180887372014,0.9911894273127754,0.8653846153846154,68,2
union:baseline_balanced@0.35+thinking_recall_v1@0.1+latent_candidate_v3@0.45,511,1.7033333333333334,0.41487279843444225,0.6905537459283387,0.5183374083129584,0.44972973268304983,0.45877777777777773,0.7705479452054794,0.9911894273127754,0.8670520231213873,67,2
union:baseline_balanced@0.35+thinking_recall_v1@0.1+latent_candidate_v3@0.6,511,1.7033333333333334,0.41487279843444225,0.6905537459283387,0.5183374083129584,0.44972973268304983,0.45877777777777773,0.7705479452054794,0.9911894273127754,0.8670520231213873,67,2
union:baseline_balanced@0.35+thinking_recall_v1@0.3+latent_candidate_v3@0.45,511,1.7033333333333334,0.41487279843444225,0.6905537459283387,0.5183374083129584,0.44972973268304983,0.45877777777777773,0.7705479452054794,0.9911894273127754,0.8670520231213873,67,2
union:baseline_balanced@0.35+thinking_recall_v1@0.3+latent_candidate_v3@0.6,511,1.7033333333333334,0.41487279843444225,0.6905537459283387,0.5183374083129584,0.44972973268304983,0.45877777777777773,0.7705479452054794,0.9911894273127754,0.8670520231213873,67,2
union:baseline_balanced@0.45+thinking_recall_v1@0.1+latent_candidate_v3@0.45,511,1.7033333333333334,0.41487279843444225,0.6905537459283387,0.5183374083129584,0.44972973268304983,0.45877777777777773,0.7705479452054794,0.9911894273127754,0.8670520231213873,67,2
union:baseline_balanced@0.45+thinking_recall_v1@0.1+latent_candidate_v3@0.6,511,1.7033333333333334,0.41487279843444225,0.6905537459283387,0.5183374083129584,0.44972973268304983,0.45877777777777773,0.7705479452054794,0.9911894273127754,0.8670520231213873,67,2
union:baseline_balanced@0.45+thinking_recall_v1@0.3+latent_candidate_v3@0.45,511,1.7033333333333334,0.41487279843444225,0.6905537459283387,0.5183374083129584,0.44972973268304983,0.45877777777777773,0.7705479452054794,0.9911894273127754,0.8670520231213873,67,2
union:baseline_balanced@0.45+thinking_recall_v1@0.3+latent_candidate_v3@0.6,511,1.7033333333333334,0.41487279843444225,0.6905537459283387,0.5183374083129584,0.44972973268304983,0.45877777777777773,0.7705479452054794,0.9911894273127754,0.8670520231213873,67,2
union:baseline_balanced@0.6+thinking_recall_v1@0.1+latent_candidate_v3@0.45,511,1.7033333333333334,0.41487279843444225,0.6905537459283387,0.5183374083129584,0.44972973268304983,0.45877777777777773,0.7705479452054794,0.9911894273127754,0.8670520231213873,67,2
union:baseline_balanced@0.6+thinking_recall_v1@0.1+latent_candidate_v3@0.6,511,1.7033333333333334,0.41487279843444225,0.6905537459283387,0.5183374083129584,0.44972973268304983,0.45877777777777773,0.7705479452054794,0.9911894273127754,0.8670520231213873,67,2
union:baseline_balanced@0.6+thinking_recall_v1@0.3+latent_candidate_v3@0.45,511,1.7033333333333334,0.41487279843444225,0.6905537459283387,0.5183374083129584,0.44972973268304983,0.45877777777777773,0.7705479452054794,0.9911894273127754,0.8670520231213873,67,2
union:baseline_balanced@0.6+thinking_recall_v1@0.3+latent_candidate_v3@0.6,511,1.7033333333333334,0.41487279843444225,0.6905537459283387,0.5183374083129584,0.44972973268304983,0.45877777777777773,0.7705479452054794,0.9911894273127754,0.8670520231213873,67,2
union:baseline_balanced@0.1+thinking_recall_v1@0.35+latent_candidate_v3@0.35,519,1.73,0.41040462427745666,0.6938110749185668,0.5157384987893463,0.43740590599288615,0.4546666666666666,0.7679180887372014,0.9911894273127754,0.8653846153846154,68,2
union:baseline_balanced@0.1+thinking_recall_v1@0.45+latent_candidate_v3@0.35,519,1.73,0.41040462427745666,0.6938110749185668,0.5157384987893463,0.43740590599288615,0.4546666666666666,0.7679180887372014,0.9911894273127754,0.8653846153846154,68,2
union:baseline_balanced@0.1+thinking_recall_v1@0.6+latent_candidate_v3@0.35,519,1.73,0.41040462427745666,0.6938110749185668,0.5157384987893463,0.43740590599288615,0.4546666666666666,0.7679180887372014,0.9911894273127754,0.8653846153846154,68,2
union:baseline_balanced@0.3+thinking_recall_v1@0.35+latent_candidate_v3@0.35,519,1.73,0.41040462427745666,0.6938110749185668,0.5157384987893463,0.43740590599288615,0.4546666666666666,0.7679180887372014,0.9911894273127754,0.8653846153846154,68,2
union:baseline_balanced@0.3+thinking_recall_v1@0.45+latent_candidate_v3@0.35,519,1.73,0.41040462427745666,0.6938110749185668,0.5157384987893463,0.43740590599288615,0.4546666666666666,0.7679180887372014,0.9911894273127754,0.8653846153846154,68,2
union:baseline_balanced@0.3+thinking_recall_v1@0.6+latent_candidate_v3@0.35,519,1.73,0.41040462427745666,0.6938110749185668,0.5157384987893463,0.43740590599288615,0.4546666666666666,0.7679180887372014,0.9911894273127754,0.8653846153846154,68,2
union:thinking_recall_v1@0.35+latent_candidate_v3@0.45,465,1.55,0.42795698924731185,0.6482084690553745,0.5155440414507773,0.45059676778488134,0.45055555555555554,0.7746478873239436,0.9691629955947136,0.8610567514677103,64,7
union:thinking_recall_v1@0.35+latent_candidate_v3@0.6,465,1.55,0.42795698924731185,0.6482084690553745,0.5155440414507773,0.45059676778488134,0.45055555555555554,0.7746478873239436,0.9691629955947136,0.8610567514677103,64,7
union:thinking_recall_v1@0.45+latent_candidate_v3@0.45,465,1.55,0.42795698924731185,0.6482084690553745,0.5155440414507773,0.45059676778488134,0.45055555555555554,0.7746478873239436,0.9691629955947136,0.8610567514677103,64,7
union:thinking_recall_v1@0.45+latent_candidate_v3@0.6,465,1.55,0.42795698924731185,0.6482084690553745,0.5155440414507773,0.45059676778488134,0.45055555555555554,0.7746478873239436,0.9691629955947136,0.8610567514677103,64,7
union:thinking_recall_v1@0.6+latent_candidate_v3@0.45,465,1.55,0.42795698924731185,0.6482084690553745,0.5155440414507773,0.45059676778488134,0.45055555555555554,0.7746478873239436,0.9691629955947136,0.8610567514677103,64,7
union:thinking_recall_v1@0.6+latent_candidate_v3@0.6,465,1.55,0.42795698924731185,0.6482084690553745,0.5155440414507773,0.45059676778488134,0.45055555555555554,0.7746478873239436,0.9691629955947136,0.8610567514677103,64,7
union:baseline_balanced@0.1+thinking_recall_v1@0.1,337,1.1233333333333333,0.49258160237388726,0.5407166123778502,0.515527950310559,0.25850310195584203,0.5024444444444444,0.8148148148148148,0.9691629955947136,0.8853118712273642,50,7
union:baseline_balanced@0.1+thinking_recall_v1@0.3,337,1.1233333333333333,0.49258160237388726,0.5407166123778502,0.515527950310559,0.25850310195584203,0.5024444444444444,0.8148148148148148,0.9691629955947136,0.8853118712273642,50,7
union:baseline_balanced@0.3+thinking_recall_v1@0.1,337,1.1233333333333333,0.49258160237388726,0.5407166123778502,0.515527950310559,0.25850310195584203,0.5024444444444444,0.8148148148148148,0.9691629955947136,0.8853118712273642,50,7
union:baseline_balanced@0.3+thinking_recall_v1@0.3,337,1.1233333333333333,0.49258160237388726,0.5407166123778502,0.515527950310559,0.25850310195584203,0.5024444444444444,0.8148148148148148,0.9691629955947136,0.8853118712273642,50,7
union:baseline_balanced@0.35+thinking_recall_v1@0.1+latent_candidate_v3@0.35,516,1.72,0.4108527131782946,0.6905537459283387,0.5151883353584447,0.43752885637701683,0.45666666666666667,0.7705479452054794,0.9911894273127754,0.8670520231213873,67,2
union:baseline_balanced@0.35+thinking_recall_v1@0.3+latent_candidate_v3@0.35,516,1.72,0.4108527131782946,0.6905537459283387,0.5151883353584447,0.43752885637701683,0.45666666666666667,0.7705479452054794,0.9911894273127754,0.8670520231213873,67,2
union:baseline_balanced@0.45+thinking_recall_v1@0.1+latent_candidate_v3@0.35,516,1.72,0.4108527131782946,0.6905537459283387,0.5151883353584447,0.43752885637701683,0.45666666666666667,0.7705479452054794,0.9911894273127754,0.8670520231213873,67,2
union:baseline_balanced@0.45+thinking_recall_v1@0.3+latent_candidate_v3@0.35,516,1.72,0.4108527131782946,0.6905537459283387,0.5151883353584447,0.43752885637701683,0.45666666666666667,0.7705479452054794,0.9911894273127754,0.8670520231213873,67,2
union:baseline_balanced@0.6+thinking_recall_v1@0.1+latent_candidate_v3@0.35,516,1.72,0.4108527131782946,0.6905537459283387,0.5151883353584447,0.43752885637701683,0.45666666666666667,0.7705479452054794,0.9911894273127754,0.8670520231213873,67,2
union:baseline_balanced@0.6+thinking_recall_v1@0.3+latent_candidate_v3@0.35,516,1.72,0.4108527131782946,0.6905537459283387,0.5151883353584447,0.43752885637701683,0.45666666666666667,0.7705479452054794,0.9911894273127754,0.8670520231213873,67,2
union:thinking_recall_v1@0.35+latent_candidate_v3@0.35,470,1.5666666666666667,0.42340425531914894,0.6482084690553745,0.5122265122265123,0.43839589147884833,0.44822222222222224,0.7746478873239436,0.9691629955947136,0.8610567514677103,64,7
union:thinking_recall_v1@0.45+latent_candidate_v3@0.35,470,1.5666666666666667,0.42340425531914894,0.6482084690553745,0.5122265122265123,0.43839589147884833,0.44822222222222224,0.7746478873239436,0.9691629955947136,0.8610567514677103,64,7
union:thinking_recall_v1@0.6+latent_candidate_v3@0.35,470,1.5666666666666667,0.42340425531914894,0.6482084690553745,0.5122265122265123,0.43839589147884833,0.44822222222222224,0.7746478873239436,0.9691629955947136,0.8610567514677103,64,7
union:baseline_balanced@0.1+thinking_recall_v1@0.1+grouped_event@0.35,416,1.3866666666666667,0.44471153846153844,0.6026058631921825,0.5117565698478561,0.3469056831434111,0.4969920634920635,0.8131868131868132,0.9779735682819384,0.888,51,5
union:baseline_balanced@0.1+thinking_recall_v1@0.1+grouped_event@0.45,416,1.3866666666666667,0.44471153846153844,0.6026058631921825,0.5117565698478561,0.3469056831434111,0.4969920634920635,0.8131868131868132,0.9779735682819384,0.888,51,5
union:baseline_balanced@0.1+thinking_recall_v1@0.1+grouped_event@0.6,416,1.3866666666666667,0.44471153846153844,0.6026058631921825,0.5117565698478561,0.3469056831434111,0.4969920634920635,0.8131868131868132,0.9779735682819384,0.888,51,5
union:baseline_balanced@0.1+thinking_recall_v1@0.3+grouped_event@0.35,416,1.3866666666666667,0.44471153846153844,0.6026058631921825,0.5117565698478561,0.3469056831434111,0.4969920634920635,0.8131868131868132,0.9779735682819384,0.888,51,5
union:baseline_balanced@0.1+thinking_recall_v1@0.3+grouped_event@0.45,416,1.3866666666666667,0.44471153846153844,0.6026058631921825,0.5117565698478561,0.3469056831434111,0.4969920634920635,0.8131868131868132,0.9779735682819384,0.888,51,5
union:baseline_balanced@0.1+thinking_recall_v1@0.3+grouped_event@0.6,416,1.3866666666666667,0.44471153846153844,0.6026058631921825,0.5117565698478561,0.3469056831434111,0.4969920634920635,0.8131868131868132,0.9779735682819384,0.888,51,5
union:baseline_balanced@0.3+thinking_recall_v1@0.1+grouped_event@0.35,416,1.3866666666666667,0.44471153846153844,0.6026058631921825,0.5117565698478561,0.3469056831434111,0.4969920634920635,0.8131868131868132,0.9779735682819384,0.888,51,5
union:baseline_balanced@0.3+thinking_recall_v1@0.1+grouped_event@0.45,416,1.3866666666666667,0.44471153846153844,0.6026058631921825,0.5117565698478561,0.3469056831434111,0.4969920634920635,0.8131868131868132,0.9779735682819384,0.888,51,5
union:baseline_balanced@0.3+thinking_recall_v1@0.1+grouped_event@0.6,416,1.3866666666666667,0.44471153846153844,0.6026058631921825,0.5117565698478561,0.3469056831434111,0.4969920634920635,0.8131868131868132,0.9779735682819384,0.888,51,5
union:baseline_balanced@0.3+thinking_recall_v1@0.3+grouped_event@0.35,416,1.3866666666666667,0.44471153846153844,0.6026058631921825,0.5117565698478561,0.3469056831434111,0.4969920634920635,0.8131868131868132,0.9779735682819384,0.888,51,5
union:baseline_balanced@0.3+thinking_recall_v1@0.3+grouped_event@0.45,416,1.3866666666666667,0.44471153846153844,0.6026058631921825,0.5117565698478561,0.3469056831434111,0.4969920634920635,0.8131868131868132,0.9779735682819384,0.888,51,5
union:baseline_balanced@0.3+thinking_recall_v1@0.3+grouped_event@0.6,416,1.3866666666666667,0.44471153846153844,0.6026058631921825,0.5117565698478561,0.3469056831434111,0.4969920634920635,0.8131868131868132,0.9779735682819384,0.888,51,5
union:thinking_recall_v1@0.1+latent_candidate_v3@0.45,502,1.6733333333333333,0.4123505976095618,0.6742671009771987,0.511742892459827,0.4480666300368455,0.4527777777777777,0.7705479452054794,0.9911894273127754,0.8670520231213873,67,2
union:thinking_recall_v1@0.1+latent_candidate_v3@0.6,502,1.6733333333333333,0.4123505976095618,0.6742671009771987,0.511742892459827,0.4480666300368455,0.4527777777777777,0.7705479452054794,0.9911894273127754,0.8670520231213873,67,2
union:thinking_recall_v1@0.3+latent_candidate_v3@0.45,502,1.6733333333333333,0.4123505976095618,0.6742671009771987,0.511742892459827,0.4480666300368455,0.4527777777777777,0.7705479452054794,0.9911894273127754,0.8670520231213873,67,2
union:thinking_recall_v1@0.3+latent_candidate_v3@0.6,502,1.6733333333333333,0.4123505976095618,0.6742671009771987,0.511742892459827,0.4480666300368455,0.4527777777777777,0.7705479452054794,0.9911894273127754,0.8670520231213873,67,2
union:baseline_balanced@0.1+thinking_recall_v1@0.1+latent_candidate_v3@0.45,538,1.7933333333333332,0.40148698884758366,0.7035830618892508,0.5112426035502958,0.44699363211913795,0.45344444444444443,0.7668918918918919,1.0,0.8680688336520076,69,0
union:baseline_balanced@0.1+thinking_recall_v1@0.1+latent_candidate_v3@0.6,538,1.7933333333333332,0.40148698884758366,0.7035830618892508,0.5112426035502958,0.44699363211913795,0.45344444444444443,0.7668918918918919,1.0,0.8680688336520076,69,0
union:baseline_balanced@0.1+thinking_recall_v1@0.3+latent_candidate_v3@0.45,538,1.7933333333333332,0.40148698884758366,0.7035830618892508,0.5112426035502958,0.44699363211913795,0.45344444444444443,0.7668918918918919,1.0,0.8680688336520076,69,0
union:baseline_balanced@0.1+thinking_recall_v1@0.3+latent_candidate_v3@0.6,538,1.7933333333333332,0.40148698884758366,0.7035830618892508,0.5112426035502958,0.44699363211913795,0.45344444444444443,0.7668918918918919,1.0,0.8680688336520076,69,0
union:baseline_balanced@0.3+thinking_recall_v1@0.1+latent_candidate_v3@0.45,538,1.7933333333333332,0.40148698884758366,0.7035830618892508,0.5112426035502958,0.44699363211913795,0.45344444444444443,0.7668918918918919,1.0,0.8680688336520076,69,0
union:baseline_balanced@0.3+thinking_recall_v1@0.1+latent_candidate_v3@0.6,538,1.7933333333333332,0.40148698884758366,0.7035830618892508,0.5112426035502958,0.44699363211913795,0.45344444444444443,0.7668918918918919,1.0,0.8680688336520076,69,0
union:baseline_balanced@0.3+thinking_recall_v1@0.3+latent_candidate_v3@0.45,538,1.7933333333333332,0.40148698884758366,0.7035830618892508,0.5112426035502958,0.44699363211913795,0.45344444444444443,0.7668918918918919,1.0,0.8680688336520076,69,0
union:baseline_balanced@0.3+thinking_recall_v1@0.3+latent_candidate_v3@0.6,538,1.7933333333333332,0.40148698884758366,0.7035830618892508,0.5112426035502958,0.44699363211913795,0.45344444444444443,0.7668918918918919,1.0,0.8680688336520076,69,0
union:thinking_recall_v1@0.1+latent_candidate_v3@0.35,507,1.69,0.40828402366863903,0.6742671009771987,0.5085995085995086,0.43586575373081243,0.4504444444444444,0.7705479452054794,0.9911894273127754,0.8670520231213873,67,2
union:thinking_recall_v1@0.3+latent_candidate_v3@0.35,507,1.69,0.40828402366863903,0.6742671009771987,0.5085995085995086,0.43586575373081243,0.4504444444444444,0.7705479452054794,0.9911894273127754,0.8670520231213873,67,2
union:baseline_balanced@0.1+thinking_recall_v1@0.1+latent_candidate_v3@0.35,543,1.81,0.39779005524861877,0.7035830618892508,0.508235294117647,0.43479275581310495,0.45133333333333336,0.7668918918918919,1.0,0.8680688336520076,69,0
union:baseline_balanced@0.1+thinking_recall_v1@0.3+latent_candidate_v3@0.35,543,1.81,0.39779005524861877,0.7035830618892508,0.508235294117647,0.43479275581310495,0.45133333333333336,0.7668918918918919,1.0,0.8680688336520076,69,0
union:baseline_balanced@0.3+thinking_recall_v1@0.1+latent_candidate_v3@0.35,543,1.81,0.39779005524861877,0.7035830618892508,0.508235294117647,0.43479275581310495,0.45133333333333336,0.7668918918918919,1.0,0.8680688336520076,69,0
union:baseline_balanced@0.3+thinking_recall_v1@0.3+latent_candidate_v3@0.35,543,1.81,0.39779005524861877,0.7035830618892508,0.508235294117647,0.43479275581310495,0.45133333333333336,0.7668918918918919,1.0,0.8680688336520076,69,0
union:baseline_balanced@0.35+latent_candidate_v3@0.45,446,1.4866666666666666,0.4282511210762332,0.6221498371335505,0.5073041168658698,0.4585113605662154,0.4418888888888889,0.7758007117437722,0.960352422907489,0.8582677165354331,63,9
union:baseline_balanced@0.35+latent_candidate_v3@0.6,446,1.4866666666666666,0.4282511210762332,0.6221498371335505,0.5073041168658698,0.4585113605662154,0.4418888888888889,0.7758007117437722,0.960352422907489,0.8582677165354331,63,9
union:baseline_balanced@0.45+latent_candidate_v3@0.45,446,1.4866666666666666,0.4282511210762332,0.6221498371335505,0.5073041168658698,0.4585113605662154,0.4418888888888889,0.7758007117437722,0.960352422907489,0.8582677165354331,63,9
union:baseline_balanced@0.45+latent_candidate_v3@0.6,446,1.4866666666666666,0.4282511210762332,0.6221498371335505,0.5073041168658698,0.4585113605662154,0.4418888888888889,0.7758007117437722,0.960352422907489,0.8582677165354331,63,9
union:baseline_balanced@0.6+latent_candidate_v3@0.45,446,1.4866666666666666,0.4282511210762332,0.6221498371335505,0.5073041168658698,0.4585113605662154,0.4418888888888889,0.7758007117437722,0.960352422907489,0.8582677165354331,63,9
union:baseline_balanced@0.6+latent_candidate_v3@0.6,446,1.4866666666666666,0.4282511210762332,0.6221498371335505,0.5073041168658698,0.4585113605662154,0.4418888888888889,0.7758007117437722,0.960352422907489,0.8582677165354331,63,9
union:baseline_balanced@0.35+thinking_recall_v1@0.35+grouped_event@0.35+latent_candidate_v3@0.45,529,1.7633333333333334,0.4007561436672968,0.6905537459283387,0.507177033492823,0.44182359716447767,0.4442460317460317,0.7727272727272727,0.973568281938326,0.8615984405458089,65,6
union:baseline_balanced@0.35+thinking_recall_v1@0.35+grouped_event@0.35+latent_candidate_v3@0.6,529,1.7633333333333334,0.4007561436672968,0.6905537459283387,0.507177033492823,0.44182359716447767,0.4442460317460317,0.7727272727272727,0.973568281938326,0.8615984405458089,65,6
union:baseline_balanced@0.35+thinking_recall_v1@0.35+grouped_event@0.45+latent_candidate_v3@0.45,529,1.7633333333333334,0.4007561436672968,0.6905537459283387,0.507177033492823,0.44182359716447767,0.4442460317460317,0.7727272727272727,0.973568281938326,0.8615984405458089,65,6
union:baseline_balanced@0.35+thinking_recall_v1@0.35+grouped_event@0.45+latent_candidate_v3@0.6,529,1.7633333333333334,0.4007561436672968,0.6905537459283387,0.507177033492823,0.44182359716447767,0.4442460317460317,0.7727272727272727,0.973568281938326,0.8615984405458089,65,6
union:baseline_balanced@0.35+thinking_recall_v1@0.35+grouped_event@0.6+latent_candidate_v3@0.45,529,1.7633333333333334,0.4007561436672968,0.6905537459283387,0.507177033492823,0.44182359716447767,0.4442460317460317,0.7727272727272727,0.973568281938326,0.8615984405458089,65,6
union:baseline_balanced@0.35+thinking_recall_v1@0.35+grouped_event@0.6+latent_candidate_v3@0.6,529,1.7633333333333334,0.4007561436672968,0.6905537459283387,0.507177033492823,0.44182359716447767,0.4442460317460317,0.7727272727272727,0.973568281938326,0.8615984405458089,65,6
union:baseline_balanced@0.35+thinking_recall_v1@0.45+grouped_event@0.35+latent_candidate_v3@0.45,529,1.7633333333333334,0.4007561436672968,0.6905537459283387,0.507177033492823,0.44182359716447767,0.4442460317460317,0.7727272727272727,0.973568281938326,0.8615984405458089,65,6
union:baseline_balanced@0.35+thinking_recall_v1@0.45+grouped_event@0.35+latent_candidate_v3@0.6,529,1.7633333333333334,0.4007561436672968,0.6905537459283387,0.507177033492823,0.44182359716447767,0.4442460317460317,0.7727272727272727,0.973568281938326,0.8615984405458089,65,6
union:baseline_balanced@0.35+thinking_recall_v1@0.45+grouped_event@0.45+latent_candidate_v3@0.45,529,1.7633333333333334,0.4007561436672968,0.6905537459283387,0.507177033492823,0.44182359716447767,0.4442460317460317,0.7727272727272727,0.973568281938326,0.8615984405458089,65,6
union:baseline_balanced@0.35+thinking_recall_v1@0.45+grouped_event@0.45+latent_candidate_v3@0.6,529,1.7633333333333334,0.4007561436672968,0.6905537459283387,0.507177033492823,0.44182359716447767,0.4442460317460317,0.7727272727272727,0.973568281938326,0.8615984405458089,65,6
union:baseline_balanced@0.35+thinking_recall_v1@0.45+grouped_event@0.6+latent_candidate_v3@0.45,529,1.7633333333333334,0.4007561436672968,0.6905537459283387,0.507177033492823,0.44182359716447767,0.4442460317460317,0.7727272727272727,0.973568281938326,0.8615984405458089,65,6
union:baseline_balanced@0.35+thinking_recall_v1@0.45+grouped_event@0.6+latent_candidate_v3@0.6,529,1.7633333333333334,0.4007561436672968,0.6905537459283387,0.507177033492823,0.44182359716447767,0.4442460317460317,0.7727272727272727,0.973568281938326,0.8615984405458089,65,6
union:baseline_balanced@0.35+thinking_recall_v1@0.6+grouped_event@0.35+latent_candidate_v3@0.45,529,1.7633333333333334,0.4007561436672968,0.6905537459283387,0.507177033492823,0.44182359716447767,0.4442460317460317,0.7727272727272727,0.973568281938326,0.8615984405458089,65,6
union:baseline_balanced@0.35+thinking_recall_v1@0.6+grouped_event@0.35+latent_candidate_v3@0.6,529,1.7633333333333334,0.4007561436672968,0.6905537459283387,0.507177033492823,0.44182359716447767,0.4442460317460317,0.7727272727272727,0.973568281938326,0.8615984405458089,65,6
union:baseline_balanced@0.35+thinking_recall_v1@0.6+grouped_event@0.45+latent_candidate_v3@0.45,529,1.7633333333333334,0.4007561436672968,0.6905537459283387,0.507177033492823,0.44182359716447767,0.4442460317460317,0.7727272727272727,0.973568281938326,0.8615984405458089,65,6
union:baseline_balanced@0.35+thinking_recall_v1@0.6+grouped_event@0.45+latent_candidate_v3@0.6,529,1.7633333333333334,0.4007561436672968,0.6905537459283387,0.507177033492823,0.44182359716447767,0.4442460317460317,0.7727272727272727,0.973568281938326,0.8615984405458089,65,6
union:baseline_balanced@0.35+thinking_recall_v1@0.6+grouped_event@0.6+latent_candidate_v3@0.45,529,1.7633333333333334,0.4007561436672968,0.6905537459283387,0.507177033492823,0.44182359716447767,0.4442460317460317,0.7727272727272727,0.973568281938326,0.8615984405458089,65,6
union:baseline_balanced@0.35+thinking_recall_v1@0.6+grouped_event@0.6+latent_candidate_v3@0.6,529,1.7633333333333334,0.4007561436672968,0.6905537459283387,0.507177033492823,0.44182359716447767,0.4442460317460317,0.7727272727272727,0.973568281938326,0.8615984405458089,65,6
union:baseline_balanced@0.45+thinking_recall_v1@0.35+grouped_event@0.35+latent_candidate_v3@0.45,529,1.7633333333333334,0.4007561436672968,0.6905537459283387,0.507177033492823,0.44182359716447767,0.4442460317460317,0.7727272727272727,0.973568281938326,0.8615984405458089,65,6
union:baseline_balanced@0.45+thinking_recall_v1@0.35+grouped_event@0.35+latent_candidate_v3@0.6,529,1.7633333333333334,0.4007561436672968,0.6905537459283387,0.507177033492823,0.44182359716447767,0.4442460317460317,0.7727272727272727,0.973568281938326,0.8615984405458089,65,6
union:baseline_balanced@0.45+thinking_recall_v1@0.35+grouped_event@0.45+latent_candidate_v3@0.45,529,1.7633333333333334,0.4007561436672968,0.6905537459283387,0.507177033492823,0.44182359716447767,0.4442460317460317,0.7727272727272727,0.973568281938326,0.8615984405458089,65,6
union:baseline_balanced@0.45+thinking_recall_v1@0.35+grouped_event@0.45+latent_candidate_v3@0.6,529,1.7633333333333334,0.4007561436672968,0.6905537459283387,0.507177033492823,0.44182359716447767,0.4442460317460317,0.7727272727272727,0.973568281938326,0.8615984405458089,65,6
union:baseline_balanced@0.45+thinking_recall_v1@0.35+grouped_event@0.6+latent_candidate_v3@0.45,529,1.7633333333333334,0.4007561436672968,0.6905537459283387,0.507177033492823,0.44182359716447767,0.4442460317460317,0.7727272727272727,0.973568281938326,0.8615984405458089,65,6
union:baseline_balanced@0.45+thinking_recall_v1@0.35+grouped_event@0.6+latent_candidate_v3@0.6,529,1.7633333333333334,0.4007561436672968,0.6905537459283387,0.507177033492823,0.44182359716447767,0.4442460317460317,0.7727272727272727,0.973568281938326,0.8615984405458089,65,6
union:baseline_balanced@0.45+thinking_recall_v1@0.45+grouped_event@0.35+latent_candidate_v3@0.45,529,1.7633333333333334,0.4007561436672968,0.6905537459283387,0.507177033492823,0.44182359716447767,0.4442460317460317,0.7727272727272727,0.973568281938326,0.8615984405458089,65,6
union:baseline_balanced@0.45+thinking_recall_v1@0.45+grouped_event@0.35+latent_candidate_v3@0.6,529,1.7633333333333334,0.4007561436672968,0.6905537459283387,0.507177033492823,0.44182359716447767,0.4442460317460317,0.7727272727272727,0.973568281938326,0.8615984405458089,65,6
union:baseline_balanced@0.45+thinking_recall_v1@0.45+grouped_event@0.45+latent_candidate_v3@0.45,529,1.7633333333333334,0.4007561436672968,0.6905537459283387,0.507177033492823,0.44182359716447767,0.4442460317460317,0.7727272727272727,0.973568281938326,0.8615984405458089,65,6
union:baseline_balanced@0.45+thinking_recall_v1@0.45+grouped_event@0.45+latent_candidate_v3@0.6,529,1.7633333333333334,0.4007561436672968,0.6905537459283387,0.507177033492823,0.44182359716447767,0.4442460317460317,0.7727272727272727,0.973568281938326,0.8615984405458089,65,6
union:baseline_balanced@0.45+thinking_recall_v1@0.45+grouped_event@0.6+latent_candidate_v3@0.45,529,1.7633333333333334,0.4007561436672968,0.6905537459283387,0.507177033492823,0.44182359716447767,0.4442460317460317,0.7727272727272727,0.973568281938326,0.8615984405458089,65,6
union:baseline_balanced@0.45+thinking_recall_v1@0.45+grouped_event@0.6+latent_candidate_v3@0.6,529,1.7633333333333334,0.4007561436672968,0.6905537459283387,0.507177033492823,0.44182359716447767,0.4442460317460317,0.7727272727272727,0.973568281938326,0.8615984405458089,65,6
union:baseline_balanced@0.45+thinking_recall_v1@0.6+grouped_event@0.35+latent_candidate_v3@0.45,529,1.7633333333333334,0.4007561436672968,0.6905537459283387,0.507177033492823,0.44182359716447767,0.4442460317460317,0.7727272727272727,0.973568281938326,0.8615984405458089,65,6
union:baseline_balanced@0.45+thinking_recall_v1@0.6+grouped_event@0.35+latent_candidate_v3@0.6,529,1.7633333333333334,0.4007561436672968,0.6905537459283387,0.507177033492823,0.44182359716447767,0.4442460317460317,0.7727272727272727,0.973568281938326,0.8615984405458089,65,6
union:baseline_balanced@0.45+thinking_recall_v1@0.6+grouped_event@0.45+latent_candidate_v3@0.45,529,1.7633333333333334,0.4007561436672968,0.6905537459283387,0.507177033492823,0.44182359716447767,0.4442460317460317,0.7727272727272727,0.973568281938326,0.8615984405458089,65,6
union:baseline_balanced@0.45+thinking_recall_v1@0.6+grouped_event@0.45+latent_candidate_v3@0.6,529,1.7633333333333334,0.4007561436672968,0.6905537459283387,0.507177033492823,0.44182359716447767,0.4442460317460317,0.7727272727272727,0.973568281938326,0.8615984405458089,65,6
union:baseline_balanced@0.45+thinking_recall_v1@0.6+grouped_event@0.6+latent_candidate_v3@0.45,529,1.7633333333333334,0.4007561436672968,0.6905537459283387,0.507177033492823,0.44182359716447767,0.4442460317460317,0.7727272727272727,0.973568281938326,0.8615984405458089,65,6
union:baseline_balanced@0.45+thinking_recall_v1@0.6+grouped_event@0.6+latent_candidate_v3@0.6,529,1.7633333333333334,0.4007561436672968,0.6905537459283387,0.507177033492823,0.44182359716447767,0.4442460317460317,0.7727272727272727,0.973568281938326,0.8615984405458089,65,6
union:baseline_balanced@0.6+thinking_recall_v1@0.35+grouped_event@0.35+latent_candidate_v3@0.45,529,1.7633333333333334,0.4007561436672968,0.6905537459283387,0.507177033492823,0.44182359716447767,0.4442460317460317,0.7727272727272727,0.973568281938326,0.8615984405458089,65,6
union:baseline_balanced@0.6+thinking_recall_v1@0.35+grouped_event@0.35+latent_candidate_v3@0.6,529,1.7633333333333334,0.4007561436672968,0.6905537459283387,0.507177033492823,0.44182359716447767,0.4442460317460317,0.7727272727272727,0.973568281938326,0.8615984405458089,65,6
union:baseline_balanced@0.6+thinking_recall_v1@0.35+grouped_event@0.45+latent_candidate_v3@0.45,529,1.7633333333333334,0.4007561436672968,0.6905537459283387,0.507177033492823,0.44182359716447767,0.4442460317460317,0.7727272727272727,0.973568281938326,0.8615984405458089,65,6
union:baseline_balanced@0.6+thinking_recall_v1@0.35+grouped_event@0.45+latent_candidate_v3@0.6,529,1.7633333333333334,0.4007561436672968,0.6905537459283387,0.507177033492823,0.44182359716447767,0.4442460317460317,0.7727272727272727,0.973568281938326,0.8615984405458089,65,6
union:baseline_balanced@0.6+thinking_recall_v1@0.35+grouped_event@0.6+latent_candidate_v3@0.45,529,1.7633333333333334,0.4007561436672968,0.6905537459283387,0.507177033492823,0.44182359716447767,0.4442460317460317,0.7727272727272727,0.973568281938326,0.8615984405458089,65,6
union:baseline_balanced@0.6+thinking_recall_v1@0.35+grouped_event@0.6+latent_candidate_v3@0.6,529,1.7633333333333334,0.4007561436672968,0.6905537459283387,0.507177033492823,0.44182359716447767,0.4442460317460317,0.7727272727272727,0.973568281938326,0.8615984405458089,65,6
union:baseline_balanced@0.6+thinking_recall_v1@0.45+grouped_event@0.35+latent_candidate_v3@0.45,529,1.7633333333333334,0.4007561436672968,0.6905537459283387,0.507177033492823,0.44182359716447767,0.4442460317460317,0.7727272727272727,0.973568281938326,0.8615984405458089,65,6
union:baseline_balanced@0.6+thinking_recall_v1@0.45+grouped_event@0.35+latent_candidate_v3@0.6,529,1.7633333333333334,0.4007561436672968,0.6905537459283387,0.507177033492823,0.44182359716447767,0.4442460317460317,0.7727272727272727,0.973568281938326,0.8615984405458089,65,6
union:baseline_balanced@0.6+thinking_recall_v1@0.45+grouped_event@0.45+latent_candidate_v3@0.45,529,1.7633333333333334,0.4007561436672968,0.6905537459283387,0.507177033492823,0.44182359716447767,0.4442460317460317,0.7727272727272727,0.973568281938326,0.8615984405458089,65,6
union:baseline_balanced@0.6+thinking_recall_v1@0.45+grouped_event@0.45+latent_candidate_v3@0.6,529,1.7633333333333334,0.4007561436672968,0.6905537459283387,0.507177033492823,0.44182359716447767,0.4442460317460317,0.7727272727272727,0.973568281938326,0.8615984405458089,65,6
union:baseline_balanced@0.6+thinking_recall_v1@0.45+grouped_event@0.6+latent_candidate_v3@0.45,529,1.7633333333333334,0.4007561436672968,0.6905537459283387,0.507177033492823,0.44182359716447767,0.4442460317460317,0.7727272727272727,0.973568281938326,0.8615984405458089,65,6
union:baseline_balanced@0.6+thinking_recall_v1@0.45+grouped_event@0.6+latent_candidate_v3@0.6,529,1.7633333333333334,0.4007561436672968,0.6905537459283387,0.507177033492823,0.44182359716447767,0.4442460317460317,0.7727272727272727,0.973568281938326,0.8615984405458089,65,6
union:baseline_balanced@0.6+thinking_recall_v1@0.6+grouped_event@0.35+latent_candidate_v3@0.45,529,1.7633333333333334,0.4007561436672968,0.6905537459283387,0.507177033492823,0.44182359716447767,0.4442460317460317,0.7727272727272727,0.973568281938326,0.8615984405458089,65,6
union:baseline_balanced@0.6+thinking_recall_v1@0.6+grouped_event@0.35+latent_candidate_v3@0.6,529,1.7633333333333334,0.4007561436672968,0.6905537459283387,0.507177033492823,0.44182359716447767,0.4442460317460317,0.7727272727272727,0.973568281938326,0.8615984405458089,65,6
union:baseline_balanced@0.6+thinking_recall_v1@0.6+grouped_event@0.45+latent_candidate_v3@0.45,529,1.7633333333333334,0.4007561436672968,0.6905537459283387,0.507177033492823,0.44182359716447767,0.4442460317460317,0.7727272727272727,0.973568281938326,0.8615984405458089,65,6
union:baseline_balanced@0.6+thinking_recall_v1@0.6+grouped_event@0.45+latent_candidate_v3@0.6,529,1.7633333333333334,0.4007561436672968,0.6905537459283387,0.507177033492823,0.44182359716447767,0.4442460317460317,0.7727272727272727,0.973568281938326,0.8615984405458089,65,6
union:baseline_balanced@0.6+thinking_recall_v1@0.6+grouped_event@0.6+latent_candidate_v3@0.45,529,1.7633333333333334,0.4007561436672968,0.6905537459283387,0.507177033492823,0.44182359716447767,0.4442460317460317,0.7727272727272727,0.973568281938326,0.8615984405458089,65,6
union:baseline_balanced@0.6+thinking_recall_v1@0.6+grouped_event@0.6+latent_candidate_v3@0.6,529,1.7633333333333334,0.4007561436672968,0.6905537459283387,0.507177033492823,0.44182359716447767,0.4442460317460317,0.7727272727272727,0.973568281938326,0.8615984405458089,65,6
union:baseline_balanced@0.1+latent_candidate_v3@0.45,494,1.6466666666666667,0.4109311740890688,0.6612377850162866,0.5068664169787765,0.4566364598054551,0.44566666666666666,0.7671232876712328,0.986784140969163,0.8631984585741811,68,3
union:baseline_balanced@0.1+latent_candidate_v3@0.6,494,1.6466666666666667,0.4109311740890688,0.6612377850162866,0.5068664169787765,0.4566364598054551,0.44566666666666666,0.7671232876712328,0.986784140969163,0.8631984585741811,68,3
union:baseline_balanced@0.3+latent_candidate_v3@0.45,494,1.6466666666666667,0.4109311740890688,0.6612377850162866,0.5068664169787765,0.4566364598054551,0.44566666666666666,0.7671232876712328,0.986784140969163,0.8631984585741811,68,3
union:baseline_balanced@0.3+latent_candidate_v3@0.6,494,1.6466666666666667,0.4109311740890688,0.6612377850162866,0.5068664169787765,0.4566364598054551,0.44566666666666666,0.7671232876712328,0.986784140969163,0.8631984585741811,68,3
union:baseline_balanced@0.35+thinking_recall_v1@0.35+grouped_event@0.35+latent_candidate_v3@0.35,534,1.78,0.3970037453183521,0.6905537459283387,0.5041617122473246,0.4297463024784873,0.44213492063492066,0.7727272727272727,0.973568281938326,0.8615984405458089,65,6
union:baseline_balanced@0.35+thinking_recall_v1@0.35+grouped_event@0.45+latent_candidate_v3@0.35,534,1.78,0.3970037453183521,0.6905537459283387,0.5041617122473246,0.4297463024784873,0.44213492063492066,0.7727272727272727,0.973568281938326,0.8615984405458089,65,6
union:baseline_balanced@0.35+thinking_recall_v1@0.35+grouped_event@0.6+latent_candidate_v3@0.35,534,1.78,0.3970037453183521,0.6905537459283387,0.5041617122473246,0.4297463024784873,0.44213492063492066,0.7727272727272727,0.973568281938326,0.8615984405458089,65,6
union:baseline_balanced@0.35+thinking_recall_v1@0.45+grouped_event@0.35+latent_candidate_v3@0.35,534,1.78,0.3970037453183521,0.6905537459283387,0.5041617122473246,0.4297463024784873,0.44213492063492066,0.7727272727272727,0.973568281938326,0.8615984405458089,65,6
union:baseline_balanced@0.35+thinking_recall_v1@0.45+grouped_event@0.45+latent_candidate_v3@0.35,534,1.78,0.3970037453183521,0.6905537459283387,0.5041617122473246,0.4297463024784873,0.44213492063492066,0.7727272727272727,0.973568281938326,0.8615984405458089,65,6
union:baseline_balanced@0.35+thinking_recall_v1@0.45+grouped_event@0.6+latent_candidate_v3@0.35,534,1.78,0.3970037453183521,0.6905537459283387,0.5041617122473246,0.4297463024784873,0.44213492063492066,0.7727272727272727,0.973568281938326,0.8615984405458089,65,6
union:baseline_balanced@0.35+thinking_recall_v1@0.6+grouped_event@0.35+latent_candidate_v3@0.35,534,1.78,0.3970037453183521,0.6905537459283387,0.5041617122473246,0.4297463024784873,0.44213492063492066,0.7727272727272727,0.973568281938326,0.8615984405458089,65,6
union:baseline_balanced@0.35+thinking_recall_v1@0.6+grouped_event@0.45+latent_candidate_v3@0.35,534,1.78,0.3970037453183521,0.6905537459283387,0.5041617122473246,0.4297463024784873,0.44213492063492066,0.7727272727272727,0.973568281938326,0.8615984405458089,65,6
union:baseline_balanced@0.35+thinking_recall_v1@0.6+grouped_event@0.6+latent_candidate_v3@0.35,534,1.78,0.3970037453183521,0.6905537459283387,0.5041617122473246,0.4297463024784873,0.44213492063492066,0.7727272727272727,0.973568281938326,0.8615984405458089,65,6
union:baseline_balanced@0.45+thinking_recall_v1@0.35+grouped_event@0.35+latent_candidate_v3@0.35,534,1.78,0.3970037453183521,0.6905537459283387,0.5041617122473246,0.4297463024784873,0.44213492063492066,0.7727272727272727,0.973568281938326,0.8615984405458089,65,6
union:baseline_balanced@0.45+thinking_recall_v1@0.35+grouped_event@0.45+latent_candidate_v3@0.35,534,1.78,0.3970037453183521,0.6905537459283387,0.5041617122473246,0.4297463024784873,0.44213492063492066,0.7727272727272727,0.973568281938326,0.8615984405458089,65,6
union:baseline_balanced@0.45+thinking_recall_v1@0.35+grouped_event@0.6+latent_candidate_v3@0.35,534,1.78,0.3970037453183521,0.6905537459283387,0.5041617122473246,0.4297463024784873,0.44213492063492066,0.7727272727272727,0.973568281938326,0.8615984405458089,65,6
union:baseline_balanced@0.45+thinking_recall_v1@0.45+grouped_event@0.35+latent_candidate_v3@0.35,534,1.78,0.3970037453183521,0.6905537459283387,0.5041617122473246,0.4297463024784873,0.44213492063492066,0.7727272727272727,0.973568281938326,0.8615984405458089,65,6
union:baseline_balanced@0.45+thinking_recall_v1@0.45+grouped_event@0.45+latent_candidate_v3@0.35,534,1.78,0.3970037453183521,0.6905537459283387,0.5041617122473246,0.4297463024784873,0.44213492063492066,0.7727272727272727,0.973568281938326,0.8615984405458089,65,6
union:baseline_balanced@0.45+thinking_recall_v1@0.45+grouped_event@0.6+latent_candidate_v3@0.35,534,1.78,0.3970037453183521,0.6905537459283387,0.5041617122473246,0.4297463024784873,0.44213492063492066,0.7727272727272727,0.973568281938326,0.8615984405458089,65,6
union:baseline_balanced@0.45+thinking_recall_v1@0.6+grouped_event@0.35+latent_candidate_v3@0.35,534,1.78,0.3970037453183521,0.6905537459283387,0.5041617122473246,0.4297463024784873,0.44213492063492066,0.7727272727272727,0.973568281938326,0.8615984405458089,65,6
union:baseline_balanced@0.45+thinking_recall_v1@0.6+grouped_event@0.45+latent_candidate_v3@0.35,534,1.78,0.3970037453183521,0.6905537459283387,0.5041617122473246,0.4297463024784873,0.44213492063492066,0.7727272727272727,0.973568281938326,0.8615984405458089,65,6
union:baseline_balanced@0.45+thinking_recall_v1@0.6+grouped_event@0.6+latent_candidate_v3@0.35,534,1.78,0.3970037453183521,0.6905537459283387,0.5041617122473246,0.4297463024784873,0.44213492063492066,0.7727272727272727,0.973568281938326,0.8615984405458089,65,6
union:baseline_balanced@0.6+thinking_recall_v1@0.35+grouped_event@0.35+latent_candidate_v3@0.35,534,1.78,0.3970037453183521,0.6905537459283387,0.5041617122473246,0.4297463024784873,0.44213492063492066,0.7727272727272727,0.973568281938326,0.8615984405458089,65,6
union:baseline_balanced@0.6+thinking_recall_v1@0.35+grouped_event@0.45+latent_candidate_v3@0.35,534,1.78,0.3970037453183521,0.6905537459283387,0.5041617122473246,0.4297463024784873,0.44213492063492066,0.7727272727272727,0.973568281938326,0.8615984405458089,65,6
union:baseline_balanced@0.6+thinking_recall_v1@0.35+grouped_event@0.6+latent_candidate_v3@0.35,534,1.78,0.3970037453183521,0.6905537459283387,0.5041617122473246,0.4297463024784873,0.44213492063492066,0.7727272727272727,0.973568281938326,0.8615984405458089,65,6
union:baseline_balanced@0.6+thinking_recall_v1@0.45+grouped_event@0.35+latent_candidate_v3@0.35,534,1.78,0.3970037453183521,0.6905537459283387,0.5041617122473246,0.4297463024784873,0.44213492063492066,0.7727272727272727,0.973568281938326,0.8615984405458089,65,6
union:baseline_balanced@0.6+thinking_recall_v1@0.45+grouped_event@0.45+latent_candidate_v3@0.35,534,1.78,0.3970037453183521,0.6905537459283387,0.5041617122473246,0.4297463024784873,0.44213492063492066,0.7727272727272727,0.973568281938326,0.8615984405458089,65,6
union:baseline_balanced@0.6+thinking_recall_v1@0.45+grouped_event@0.6+latent_candidate_v3@0.35,534,1.78,0.3970037453183521,0.6905537459283387,0.5041617122473246,0.4297463024784873,0.44213492063492066,0.7727272727272727,0.973568281938326,0.8615984405458089,65,6
union:baseline_balanced@0.6+thinking_recall_v1@0.6+grouped_event@0.35+latent_candidate_v3@0.35,534,1.78,0.3970037453183521,0.6905537459283387,0.5041617122473246,0.4297463024784873,0.44213492063492066,0.7727272727272727,0.973568281938326,0.8615984405458089,65,6
union:baseline_balanced@0.6+thinking_recall_v1@0.6+grouped_event@0.45+latent_candidate_v3@0.35,534,1.78,0.3970037453183521,0.6905537459283387,0.5041617122473246,0.4297463024784873,0.44213492063492066,0.7727272727272727,0.973568281938326,0.8615984405458089,65,6
union:baseline_balanced@0.6+thinking_recall_v1@0.6+grouped_event@0.6+latent_candidate_v3@0.35,534,1.78,0.3970037453183521,0.6905537459283387,0.5041617122473246,0.4297463024784873,0.44213492063492066,0.7727272727272727,0.973568281938326,0.8615984405458089,65,6
union:thinking_recall_v1@0.35+grouped_event@0.35,269,0.8966666666666666,0.5390334572490706,0.4723127035830619,0.5034722222222222,0.3452495730976216,0.534531746031746,0.9106145251396648,0.7180616740088106,0.8029556650246306,16,64
union:thinking_recall_v1@0.35+grouped_event@0.45,269,0.8966666666666666,0.5390334572490706,0.4723127035830619,0.5034722222222222,0.3452495730976216,0.534531746031746,0.9106145251396648,0.7180616740088106,0.8029556650246306,16,64
union:thinking_recall_v1@0.35+grouped_event@0.6,269,0.8966666666666666,0.5390334572490706,0.4723127035830619,0.5034722222222222,0.3452495730976216,0.534531746031746,0.9106145251396648,0.7180616740088106,0.8029556650246306,16,64
union:thinking_recall_v1@0.45+grouped_event@0.35,269,0.8966666666666666,0.5390334572490706,0.4723127035830619,0.5034722222222222,0.3452495730976216,0.534531746031746,0.9106145251396648,0.7180616740088106,0.8029556650246306,16,64
union:thinking_recall_v1@0.45+grouped_event@0.45,269,0.8966666666666666,0.5390334572490706,0.4723127035830619,0.5034722222222222,0.3452495730976216,0.534531746031746,0.9106145251396648,0.7180616740088106,0.8029556650246306,16,64
union:thinking_recall_v1@0.45+grouped_event@0.6,269,0.8966666666666666,0.5390334572490706,0.4723127035830619,0.5034722222222222,0.3452495730976216,0.534531746031746,0.9106145251396648,0.7180616740088106,0.8029556650246306,16,64
union:thinking_recall_v1@0.6+grouped_event@0.35,269,0.8966666666666666,0.5390334572490706,0.4723127035830619,0.5034722222222222,0.3452495730976216,0.534531746031746,0.9106145251396648,0.7180616740088106,0.8029556650246306,16,64
union:thinking_recall_v1@0.6+grouped_event@0.45,269,0.8966666666666666,0.5390334572490706,0.4723127035830619,0.5034722222222222,0.3452495730976216,0.534531746031746,0.9106145251396648,0.7180616740088106,0.8029556650246306,16,64
union:thinking_recall_v1@0.6+grouped_event@0.6,269,0.8966666666666666,0.5390334572490706,0.4723127035830619,0.5034722222222222,0.3452495730976216,0.534531746031746,0.9106145251396648,0.7180616740088106,0.8029556650246306,16,64
union:baseline_balanced@0.35+latent_candidate_v3@0.35,452,1.5066666666666666,0.4225663716814159,0.6221498371335505,0.5032938076416338,0.43903373674076557,0.43944444444444436,0.7758007117437722,0.960352422907489,0.8582677165354331,63,9
union:baseline_balanced@0.45+latent_candidate_v3@0.35,452,1.5066666666666666,0.4225663716814159,0.6221498371335505,0.5032938076416338,0.43903373674076557,0.43944444444444436,0.7758007117437722,0.960352422907489,0.8582677165354331,63,9
union:baseline_balanced@0.6+latent_candidate_v3@0.35,452,1.5066666666666666,0.4225663716814159,0.6221498371335505,0.5032938076416338,0.43903373674076557,0.43944444444444436,0.7758007117437722,0.960352422907489,0.8582677165354331,63,9
union:baseline_balanced@0.1+latent_candidate_v3@0.35,500,1.6666666666666667,0.406,0.6612377850162866,0.5030978934324659,0.43715883598000516,0.44322222222222213,0.7671232876712328,0.986784140969163,0.8631984585741811,68,3
union:baseline_balanced@0.3+latent_candidate_v3@0.35,500,1.6666666666666667,0.406,0.6612377850162866,0.5030978934324659,0.43715883598000516,0.44322222222222213,0.7671232876712328,0.986784140969163,0.8631984585741811,68,3
union:baseline_balanced@0.1+thinking_recall_v1@0.35+grouped_event@0.35+latent_candidate_v3@0.45,566,1.8866666666666667,0.3869257950530035,0.7133550488599348,0.5017182130584192,0.43904180660438225,0.4435793650793651,0.7679180887372014,0.9911894273127754,0.8653846153846154,68,2
union:baseline_balanced@0.1+thinking_recall_v1@0.35+grouped_event@0.35+latent_candidate_v3@0.6,566,1.8866666666666667,0.3869257950530035,0.7133550488599348,0.5017182130584192,0.43904180660438225,0.4435793650793651,0.7679180887372014,0.9911894273127754,0.8653846153846154,68,2
union:baseline_balanced@0.1+thinking_recall_v1@0.35+grouped_event@0.45+latent_candidate_v3@0.45,566,1.8866666666666667,0.3869257950530035,0.7133550488599348,0.5017182130584192,0.43904180660438225,0.4435793650793651,0.7679180887372014,0.9911894273127754,0.8653846153846154,68,2
union:baseline_balanced@0.1+thinking_recall_v1@0.35+grouped_event@0.45+latent_candidate_v3@0.6,566,1.8866666666666667,0.3869257950530035,0.7133550488599348,0.5017182130584192,0.43904180660438225,0.4435793650793651,0.7679180887372014,0.9911894273127754,0.8653846153846154,68,2
union:baseline_balanced@0.1+thinking_recall_v1@0.35+grouped_event@0.6+latent_candidate_v3@0.45,566,1.8866666666666667,0.3869257950530035,0.7133550488599348,0.5017182130584192,0.43904180660438225,0.4435793650793651,0.7679180887372014,0.9911894273127754,0.8653846153846154,68,2
union:baseline_balanced@0.1+thinking_recall_v1@0.35+grouped_event@0.6+latent_candidate_v3@0.6,566,1.8866666666666667,0.3869257950530035,0.7133550488599348,0.5017182130584192,0.43904180660438225,0.4435793650793651,0.7679180887372014,0.9911894273127754,0.8653846153846154,68,2
union:baseline_balanced@0.1+thinking_recall_v1@0.45+grouped_event@0.35+latent_candidate_v3@0.45,566,1.8866666666666667,0.3869257950530035,0.7133550488599348,0.5017182130584192,0.43904180660438225,0.4435793650793651,0.7679180887372014,0.9911894273127754,0.8653846153846154,68,2
union:baseline_balanced@0.1+thinking_recall_v1@0.45+grouped_event@0.35+latent_candidate_v3@0.6,566,1.8866666666666667,0.3869257950530035,0.7133550488599348,0.5017182130584192,0.43904180660438225,0.4435793650793651,0.7679180887372014,0.9911894273127754,0.8653846153846154,68,2
union:baseline_balanced@0.1+thinking_recall_v1@0.45+grouped_event@0.45+latent_candidate_v3@0.45,566,1.8866666666666667,0.3869257950530035,0.7133550488599348,0.5017182130584192,0.43904180660438225,0.4435793650793651,0.7679180887372014,0.9911894273127754,0.8653846153846154,68,2
union:baseline_balanced@0.1+thinking_recall_v1@0.45+grouped_event@0.45+latent_candidate_v3@0.6,566,1.8866666666666667,0.3869257950530035,0.7133550488599348,0.5017182130584192,0.43904180660438225,0.4435793650793651,0.7679180887372014,0.9911894273127754,0.8653846153846154,68,2
union:baseline_balanced@0.1+thinking_recall_v1@0.45+grouped_event@0.6+latent_candidate_v3@0.45,566,1.8866666666666667,0.3869257950530035,0.7133550488599348,0.5017182130584192,0.43904180660438225,0.4435793650793651,0.7679180887372014,0.9911894273127754,0.8653846153846154,68,2
union:baseline_balanced@0.1+thinking_recall_v1@0.45+grouped_event@0.6+latent_candidate_v3@0.6,566,1.8866666666666667,0.3869257950530035,0.7133550488599348,0.5017182130584192,0.43904180660438225,0.4435793650793651,0.7679180887372014,0.9911894273127754,0.8653846153846154,68,2
union:baseline_balanced@0.1+thinking_recall_v1@0.6+grouped_event@0.35+latent_candidate_v3@0.45,566,1.8866666666666667,0.3869257950530035,0.7133550488599348,0.5017182130584192,0.43904180660438225,0.4435793650793651,0.7679180887372014,0.9911894273127754,0.8653846153846154,68,2
union:baseline_balanced@0.1+thinking_recall_v1@0.6+grouped_event@0.35+latent_candidate_v3@0.6,566,1.8866666666666667,0.3869257950530035,0.7133550488599348,0.5017182130584192,0.43904180660438225,0.4435793650793651,0.7679180887372014,0.9911894273127754,0.8653846153846154,68,2
union:baseline_balanced@0.1+thinking_recall_v1@0.6+grouped_event@0.45+latent_candidate_v3@0.45,566,1.8866666666666667,0.3869257950530035,0.7133550488599348,0.5017182130584192,0.43904180660438225,0.4435793650793651,0.7679180887372014,0.9911894273127754,0.8653846153846154,68,2
union:baseline_balanced@0.1+thinking_recall_v1@0.6+grouped_event@0.45+latent_candidate_v3@0.6,566,1.8866666666666667,0.3869257950530035,0.7133550488599348,0.5017182130584192,0.43904180660438225,0.4435793650793651,0.7679180887372014,0.9911894273127754,0.8653846153846154,68,2
union:baseline_balanced@0.1+thinking_recall_v1@0.6+grouped_event@0.6+latent_candidate_v3@0.45,566,1.8866666666666667,0.3869257950530035,0.7133550488599348,0.5017182130584192,0.43904180660438225,0.4435793650793651,0.7679180887372014,0.9911894273127754,0.8653846153846154,68,2
union:baseline_balanced@0.1+thinking_recall_v1@0.6+grouped_event@0.6+latent_candidate_v3@0.6,566,1.8866666666666667,0.3869257950530035,0.7133550488599348,0.5017182130584192,0.43904180660438225,0.4435793650793651,0.7679180887372014,0.9911894273127754,0.8653846153846154,68,2
union:baseline_balanced@0.3+thinking_recall_v1@0.35+grouped_event@0.35+latent_candidate_v3@0.45,566,1.8866666666666667,0.3869257950530035,0.7133550488599348,0.5017182130584192,0.43904180660438225,0.4435793650793651,0.7679180887372014,0.9911894273127754,0.8653846153846154,68,2
union:baseline_balanced@0.3+thinking_recall_v1@0.35+grouped_event@0.35+latent_candidate_v3@0.6,566,1.8866666666666667,0.3869257950530035,0.7133550488599348,0.5017182130584192,0.43904180660438225,0.4435793650793651,0.7679180887372014,0.9911894273127754,0.8653846153846154,68,2
union:baseline_balanced@0.3+thinking_recall_v1@0.35+grouped_event@0.45+latent_candidate_v3@0.45,566,1.8866666666666667,0.3869257950530035,0.7133550488599348,0.5017182130584192,0.43904180660438225,0.4435793650793651,0.7679180887372014,0.9911894273127754,0.8653846153846154,68,2
union:baseline_balanced@0.3+thinking_recall_v1@0.35+grouped_event@0.45+latent_candidate_v3@0.6,566,1.8866666666666667,0.3869257950530035,0.7133550488599348,0.5017182130584192,0.43904180660438225,0.4435793650793651,0.7679180887372014,0.9911894273127754,0.8653846153846154,68,2
union:baseline_balanced@0.3+thinking_recall_v1@0.35+grouped_event@0.6+latent_candidate_v3@0.45,566,1.8866666666666667,0.3869257950530035,0.7133550488599348,0.5017182130584192,0.43904180660438225,0.4435793650793651,0.7679180887372014,0.9911894273127754,0.8653846153846154,68,2
union:baseline_balanced@0.3+thinking_recall_v1@0.35+grouped_event@0.6+latent_candidate_v3@0.6,566,1.8866666666666667,0.3869257950530035,0.7133550488599348,0.5017182130584192,0.43904180660438225,0.4435793650793651,0.7679180887372014,0.9911894273127754,0.8653846153846154,68,2
union:baseline_balanced@0.3+thinking_recall_v1@0.45+grouped_event@0.35+latent_candidate_v3@0.45,566,1.8866666666666667,0.3869257950530035,0.7133550488599348,0.5017182130584192,0.43904180660438225,0.4435793650793651,0.7679180887372014,0.9911894273127754,0.8653846153846154,68,2
union:baseline_balanced@0.3+thinking_recall_v1@0.45+grouped_event@0.35+latent_candidate_v3@0.6,566,1.8866666666666667,0.3869257950530035,0.7133550488599348,0.5017182130584192,0.43904180660438225,0.4435793650793651,0.7679180887372014,0.9911894273127754,0.8653846153846154,68,2
union:baseline_balanced@0.3+thinking_recall_v1@0.45+grouped_event@0.45+latent_candidate_v3@0.45,566,1.8866666666666667,0.3869257950530035,0.7133550488599348,0.5017182130584192,0.43904180660438225,0.4435793650793651,0.7679180887372014,0.9911894273127754,0.8653846153846154,68,2
union:baseline_balanced@0.3+thinking_recall_v1@0.45+grouped_event@0.45+latent_candidate_v3@0.6,566,1.8866666666666667,0.3869257950530035,0.7133550488599348,0.5017182130584192,0.43904180660438225,0.4435793650793651,0.7679180887372014,0.9911894273127754,0.8653846153846154,68,2
union:baseline_balanced@0.3+thinking_recall_v1@0.45+grouped_event@0.6+latent_candidate_v3@0.45,566,1.8866666666666667,0.3869257950530035,0.7133550488599348,0.5017182130584192,0.43904180660438225,0.4435793650793651,0.7679180887372014,0.9911894273127754,0.8653846153846154,68,2
union:baseline_balanced@0.3+thinking_recall_v1@0.45+grouped_event@0.6+latent_candidate_v3@0.6,566,1.8866666666666667,0.3869257950530035,0.7133550488599348,0.5017182130584192,0.43904180660438225,0.4435793650793651,0.7679180887372014,0.9911894273127754,0.8653846153846154,68,2
union:baseline_balanced@0.3+thinking_recall_v1@0.6+grouped_event@0.35+latent_candidate_v3@0.45,566,1.8866666666666667,0.3869257950530035,0.7133550488599348,0.5017182130584192,0.43904180660438225,0.4435793650793651,0.7679180887372014,0.9911894273127754,0.8653846153846154,68,2
union:baseline_balanced@0.3+thinking_recall_v1@0.6+grouped_event@0.35+latent_candidate_v3@0.6,566,1.8866666666666667,0.3869257950530035,0.7133550488599348,0.5017182130584192,0.43904180660438225,0.4435793650793651,0.7679180887372014,0.9911894273127754,0.8653846153846154,68,2
union:baseline_balanced@0.3+thinking_recall_v1@0.6+grouped_event@0.45+latent_candidate_v3@0.45,566,1.8866666666666667,0.3869257950530035,0.7133550488599348,0.5017182130584192,0.43904180660438225,0.4435793650793651,0.7679180887372014,0.9911894273127754,0.8653846153846154,68,2
union:baseline_balanced@0.3+thinking_recall_v1@0.6+grouped_event@0.45+latent_candidate_v3@0.6,566,1.8866666666666667,0.3869257950530035,0.7133550488599348,0.5017182130584192,0.43904180660438225,0.4435793650793651,0.7679180887372014,0.9911894273127754,0.8653846153846154,68,2
union:baseline_balanced@0.3+thinking_recall_v1@0.6+grouped_event@0.6+latent_candidate_v3@0.45,566,1.8866666666666667,0.3869257950530035,0.7133550488599348,0.5017182130584192,0.43904180660438225,0.4435793650793651,0.7679180887372014,0.9911894273127754,0.8653846153846154,68,2
union:baseline_balanced@0.3+thinking_recall_v1@0.6+grouped_event@0.6+latent_candidate_v3@0.6,566,1.8866666666666667,0.3869257950530035,0.7133550488599348,0.5017182130584192,0.43904180660438225,0.4435793650793651,0.7679180887372014,0.9911894273127754,0.8653846153846154,68,2
union:baseline_balanced@0.1+grouped_event@0.35,331,1.1033333333333333,0.48338368580060426,0.5211726384364821,0.5015673981191222,0.3363067965310287,0.5247222222222223,0.868421052631579,0.8722466960352423,0.8703296703296703,30,29
union:baseline_balanced@0.1+grouped_event@0.45,331,1.1033333333333333,0.48338368580060426,0.5211726384364821,0.5015673981191222,0.3363067965310287,0.5247222222222223,0.868421052631579,0.8722466960352423,0.8703296703296703,30,29
union:baseline_balanced@0.1+grouped_event@0.6,331,1.1033333333333333,0.48338368580060426,0.5211726384364821,0.5015673981191222,0.3363067965310287,0.5247222222222223,0.868421052631579,0.8722466960352423,0.8703296703296703,30,29
union:baseline_balanced@0.3+grouped_event@0.35,331,1.1033333333333333,0.48338368580060426,0.5211726384364821,0.5015673981191222,0.3363067965310287,0.5247222222222223,0.868421052631579,0.8722466960352423,0.8703296703296703,30,29
union:baseline_balanced@0.3+grouped_event@0.45,331,1.1033333333333333,0.48338368580060426,0.5211726384364821,0.5015673981191222,0.3363067965310287,0.5247222222222223,0.868421052631579,0.8722466960352423,0.8703296703296703,30,29
union:baseline_balanced@0.3+grouped_event@0.6,331,1.1033333333333333,0.48338368580060426,0.5211726384364821,0.5015673981191222,0.3363067965310287,0.5247222222222223,0.868421052631579,0.8722466960352423,0.8703296703296703,30,29
union:baseline_balanced@0.35+thinking_recall_v1@0.1+grouped_event@0.35+latent_candidate_v3@0.45,564,1.88,0.38652482269503546,0.7100977198697068,0.5005740528128588,0.4390366251483737,0.44169047619047613,0.7679180887372014,0.9911894273127754,0.8653846153846154,68,2
union:baseline_balanced@0.35+thinking_recall_v1@0.1+grouped_event@0.35+latent_candidate_v3@0.6,564,1.88,0.38652482269503546,0.7100977198697068,0.5005740528128588,0.4390366251483737,0.44169047619047613,0.7679180887372014,0.9911894273127754,0.8653846153846154,68,2
union:baseline_balanced@0.35+thinking_recall_v1@0.1+grouped_event@0.45+latent_candidate_v3@0.45,564,1.88,0.38652482269503546,0.7100977198697068,0.5005740528128588,0.4390366251483737,0.44169047619047613,0.7679180887372014,0.9911894273127754,0.8653846153846154,68,2
union:baseline_balanced@0.35+thinking_recall_v1@0.1+grouped_event@0.45+latent_candidate_v3@0.6,564,1.88,0.38652482269503546,0.7100977198697068,0.5005740528128588,0.4390366251483737,0.44169047619047613,0.7679180887372014,0.9911894273127754,0.8653846153846154,68,2
union:baseline_balanced@0.35+thinking_recall_v1@0.1+grouped_event@0.6+latent_candidate_v3@0.45,564,1.88,0.38652482269503546,0.7100977198697068,0.5005740528128588,0.4390366251483737,0.44169047619047613,0.7679180887372014,0.9911894273127754,0.8653846153846154,68,2
union:baseline_balanced@0.35+thinking_recall_v1@0.1+grouped_event@0.6+latent_candidate_v3@0.6,564,1.88,0.38652482269503546,0.7100977198697068,0.5005740528128588,0.4390366251483737,0.44169047619047613,0.7679180887372014,0.9911894273127754,0.8653846153846154,68,2
union:baseline_balanced@0.35+thinking_recall_v1@0.3+grouped_event@0.35+latent_candidate_v3@0.45,564,1.88,0.38652482269503546,0.7100977198697068,0.5005740528128588,0.4390366251483737,0.44169047619047613,0.7679180887372014,0.9911894273127754,0.8653846153846154,68,2
union:baseline_balanced@0.35+thinking_recall_v1@0.3+grouped_event@0.35+latent_candidate_v3@0.6,564,1.88,0.38652482269503546,0.7100977198697068,0.5005740528128588,0.4390366251483737,0.44169047619047613,0.7679180887372014,0.9911894273127754,0.8653846153846154,68,2
union:baseline_balanced@0.35+thinking_recall_v1@0.3+grouped_event@0.45+latent_candidate_v3@0.45,564,1.88,0.38652482269503546,0.7100977198697068,0.5005740528128588,0.4390366251483737,0.44169047619047613,0.7679180887372014,0.9911894273127754,0.8653846153846154,68,2
union:baseline_balanced@0.35+thinking_recall_v1@0.3+grouped_event@0.45+latent_candidate_v3@0.6,564,1.88,0.38652482269503546,0.7100977198697068,0.5005740528128588,0.4390366251483737,0.44169047619047613,0.7679180887372014,0.9911894273127754,0.8653846153846154,68,2
union:baseline_balanced@0.35+thinking_recall_v1@0.3+grouped_event@0.6+latent_candidate_v3@0.45,564,1.88,0.38652482269503546,0.7100977198697068,0.5005740528128588,0.4390366251483737,0.44169047619047613,0.7679180887372014,0.9911894273127754,0.8653846153846154,68,2
union:baseline_balanced@0.35+thinking_recall_v1@0.3+grouped_event@0.6+latent_candidate_v3@0.6,564,1.88,0.38652482269503546,0.7100977198697068,0.5005740528128588,0.4390366251483737,0.44169047619047613,0.7679180887372014,0.9911894273127754,0.8653846153846154,68,2
union:baseline_balanced@0.45+thinking_recall_v1@0.1+grouped_event@0.35+latent_candidate_v3@0.45,564,1.88,0.38652482269503546,0.7100977198697068,0.5005740528128588,0.4390366251483737,0.44169047619047613,0.7679180887372014,0.9911894273127754,0.8653846153846154,68,2
union:baseline_balanced@0.45+thinking_recall_v1@0.1+grouped_event@0.35+latent_candidate_v3@0.6,564,1.88,0.38652482269503546,0.7100977198697068,0.5005740528128588,0.4390366251483737,0.44169047619047613,0.7679180887372014,0.9911894273127754,0.8653846153846154,68,2
union:baseline_balanced@0.45+thinking_recall_v1@0.1+grouped_event@0.45+latent_candidate_v3@0.45,564,1.88,0.38652482269503546,0.7100977198697068,0.5005740528128588,0.4390366251483737,0.44169047619047613,0.7679180887372014,0.9911894273127754,0.8653846153846154,68,2
union:baseline_balanced@0.45+thinking_recall_v1@0.1+grouped_event@0.45+latent_candidate_v3@0.6,564,1.88,0.38652482269503546,0.7100977198697068,0.5005740528128588,0.4390366251483737,0.44169047619047613,0.7679180887372014,0.9911894273127754,0.8653846153846154,68,2
union:baseline_balanced@0.45+thinking_recall_v1@0.1+grouped_event@0.6+latent_candidate_v3@0.45,564,1.88,0.38652482269503546,0.7100977198697068,0.5005740528128588,0.4390366251483737,0.44169047619047613,0.7679180887372014,0.9911894273127754,0.8653846153846154,68,2
union:baseline_balanced@0.45+thinking_recall_v1@0.1+grouped_event@0.6+latent_candidate_v3@0.6,564,1.88,0.38652482269503546,0.7100977198697068,0.5005740528128588,0.4390366251483737,0.44169047619047613,0.7679180887372014,0.9911894273127754,0.8653846153846154,68,2
union:baseline_balanced@0.45+thinking_recall_v1@0.3+grouped_event@0.35+latent_candidate_v3@0.45,564,1.88,0.38652482269503546,0.7100977198697068,0.5005740528128588,0.4390366251483737,0.44169047619047613,0.7679180887372014,0.9911894273127754,0.8653846153846154,68,2
union:baseline_balanced@0.45+thinking_recall_v1@0.3+grouped_event@0.35+latent_candidate_v3@0.6,564,1.88,0.38652482269503546,0.7100977198697068,0.5005740528128588,0.4390366251483737,0.44169047619047613,0.7679180887372014,0.9911894273127754,0.8653846153846154,68,2
union:baseline_balanced@0.45+thinking_recall_v1@0.3+grouped_event@0.45+latent_candidate_v3@0.45,564,1.88,0.38652482269503546,0.7100977198697068,0.5005740528128588,0.4390366251483737,0.44169047619047613,0.7679180887372014,0.9911894273127754,0.8653846153846154,68,2
union:baseline_balanced@0.45+thinking_recall_v1@0.3+grouped_event@0.45+latent_candidate_v3@0.6,564,1.88,0.38652482269503546,0.7100977198697068,0.5005740528128588,0.4390366251483737,0.44169047619047613,0.7679180887372014,0.9911894273127754,0.8653846153846154,68,2
union:baseline_balanced@0.45+thinking_recall_v1@0.3+grouped_event@0.6+latent_candidate_v3@0.45,564,1.88,0.38652482269503546,0.7100977198697068,0.5005740528128588,0.4390366251483737,0.44169047619047613,0.7679180887372014,0.9911894273127754,0.8653846153846154,68,2
union:baseline_balanced@0.45+thinking_recall_v1@0.3+grouped_event@0.6+latent_candidate_v3@0.6,564,1.88,0.38652482269503546,0.7100977198697068,0.5005740528128588,0.4390366251483737,0.44169047619047613,0.7679180887372014,0.9911894273127754,0.8653846153846154,68,2
union:baseline_balanced@0.6+thinking_recall_v1@0.1+grouped_event@0.35+latent_candidate_v3@0.45,564,1.88,0.38652482269503546,0.7100977198697068,0.5005740528128588,0.4390366251483737,0.44169047619047613,0.7679180887372014,0.9911894273127754,0.8653846153846154,68,2
union:baseline_balanced@0.6+thinking_recall_v1@0.1+grouped_event@0.35+latent_candidate_v3@0.6,564,1.88,0.38652482269503546,0.7100977198697068,0.5005740528128588,0.4390366251483737,0.44169047619047613,0.7679180887372014,0.9911894273127754,0.8653846153846154,68,2
union:baseline_balanced@0.6+thinking_recall_v1@0.1+grouped_event@0.45+latent_candidate_v3@0.45,564,1.88,0.38652482269503546,0.7100977198697068,0.5005740528128588,0.4390366251483737,0.44169047619047613,0.7679180887372014,0.9911894273127754,0.8653846153846154,68,2
union:baseline_balanced@0.6+thinking_recall_v1@0.1+grouped_event@0.45+latent_candidate_v3@0.6,564,1.88,0.38652482269503546,0.7100977198697068,0.5005740528128588,0.4390366251483737,0.44169047619047613,0.7679180887372014,0.9911894273127754,0.8653846153846154,68,2
union:baseline_balanced@0.6+thinking_recall_v1@0.1+grouped_event@0.6+latent_candidate_v3@0.45,564,1.88,0.38652482269503546,0.7100977198697068,0.5005740528128588,0.4390366251483737,0.44169047619047613,0.7679180887372014,0.9911894273127754,0.8653846153846154,68,2
union:baseline_balanced@0.6+thinking_recall_v1@0.1+grouped_event@0.6+latent_candidate_v3@0.6,564,1.88,0.38652482269503546,0.7100977198697068,0.5005740528128588,0.4390366251483737,0.44169047619047613,0.7679180887372014,0.9911894273127754,0.8653846153846154,68,2
union:baseline_balanced@0.6+thinking_recall_v1@0.3+grouped_event@0.35+latent_candidate_v3@0.45,564,1.88,0.38652482269503546,0.7100977198697068,0.5005740528128588,0.4390366251483737,0.44169047619047613,0.7679180887372014,0.9911894273127754,0.8653846153846154,68,2
union:baseline_balanced@0.6+thinking_recall_v1@0.3+grouped_event@0.35+latent_candidate_v3@0.6,564,1.88,0.38652482269503546,0.7100977198697068,0.5005740528128588,0.4390366251483737,0.44169047619047613,0.7679180887372014,0.9911894273127754,0.8653846153846154,68,2
union:baseline_balanced@0.6+thinking_recall_v1@0.3+grouped_event@0.45+latent_candidate_v3@0.45,564,1.88,0.38652482269503546,0.7100977198697068,0.5005740528128588,0.4390366251483737,0.44169047619047613,0.7679180887372014,0.9911894273127754,0.8653846153846154,68,2
union:baseline_balanced@0.6+thinking_recall_v1@0.3+grouped_event@0.45+latent_candidate_v3@0.6,564,1.88,0.38652482269503546,0.7100977198697068,0.5005740528128588,0.4390366251483737,0.44169047619047613,0.7679180887372014,0.9911894273127754,0.8653846153846154,68,2
union:baseline_balanced@0.6+thinking_recall_v1@0.3+grouped_event@0.6+latent_candidate_v3@0.45,564,1.88,0.38652482269503546,0.7100977198697068,0.5005740528128588,0.4390366251483737,0.44169047619047613,0.7679180887372014,0.9911894273127754,0.8653846153846154,68,2
union:baseline_balanced@0.6+thinking_recall_v1@0.3+grouped_event@0.6+latent_candidate_v3@0.6,564,1.88,0.38652482269503546,0.7100977198697068,0.5005740528128588,0.4390366251483737,0.44169047619047613,0.7679180887372014,0.9911894273127754,0.8653846153846154,68,2
union:baseline_balanced@0.1+thinking_recall_v1@0.35+grouped_event@0.35+latent_candidate_v3@0.35,571,1.9033333333333333,0.38353765323992994,0.7133550488599348,0.4988610478359909,0.42696451191839185,0.441468253968254,0.7679180887372014,0.9911894273127754,0.8653846153846154,68,2
union:baseline_balanced@0.1+thinking_recall_v1@0.35+grouped_event@0.45+latent_candidate_v3@0.35,571,1.9033333333333333,0.38353765323992994,0.7133550488599348,0.4988610478359909,0.42696451191839185,0.441468253968254,0.7679180887372014,0.9911894273127754,0.8653846153846154,68,2
union:baseline_balanced@0.1+thinking_recall_v1@0.35+grouped_event@0.6+latent_candidate_v3@0.35,571,1.9033333333333333,0.38353765323992994,0.7133550488599348,0.4988610478359909,0.42696451191839185,0.441468253968254,0.7679180887372014,0.9911894273127754,0.8653846153846154,68,2
union:baseline_balanced@0.1+thinking_recall_v1@0.45+grouped_event@0.35+latent_candidate_v3@0.35,571,1.9033333333333333,0.38353765323992994,0.7133550488599348,0.4988610478359909,0.42696451191839185,0.441468253968254,0.7679180887372014,0.9911894273127754,0.8653846153846154,68,2
union:baseline_balanced@0.1+thinking_recall_v1@0.45+grouped_event@0.45+latent_candidate_v3@0.35,571,1.9033333333333333,0.38353765323992994,0.7133550488599348,0.4988610478359909,0.42696451191839185,0.441468253968254,0.7679180887372014,0.9911894273127754,0.8653846153846154,68,2
union:baseline_balanced@0.1+thinking_recall_v1@0.45+grouped_event@0.6+latent_candidate_v3@0.35,571,1.9033333333333333,0.38353765323992994,0.7133550488599348,0.4988610478359909,0.42696451191839185,0.441468253968254,0.7679180887372014,0.9911894273127754,0.8653846153846154,68,2
union:baseline_balanced@0.1+thinking_recall_v1@0.6+grouped_event@0.35+latent_candidate_v3@0.35,571,1.9033333333333333,0.38353765323992994,0.7133550488599348,0.4988610478359909,0.42696451191839185,0.441468253968254,0.7679180887372014,0.9911894273127754,0.8653846153846154,68,2
union:baseline_balanced@0.1+thinking_recall_v1@0.6+grouped_event@0.45+latent_candidate_v3@0.35,571,1.9033333333333333,0.38353765323992994,0.7133550488599348,0.4988610478359909,0.42696451191839185,0.441468253968254,0.7679180887372014,0.9911894273127754,0.8653846153846154,68,2
union:baseline_balanced@0.1+thinking_recall_v1@0.6+grouped_event@0.6+latent_candidate_v3@0.35,571,1.9033333333333333,0.38353765323992994,0.7133550488599348,0.4988610478359909,0.42696451191839185,0.441468253968254,0.7679180887372014,0.9911894273127754,0.8653846153846154,68,2
union:baseline_balanced@0.3+thinking_recall_v1@0.35+grouped_event@0.35+latent_candidate_v3@0.35,571,1.9033333333333333,0.38353765323992994,0.7133550488599348,0.4988610478359909,0.42696451191839185,0.441468253968254,0.7679180887372014,0.9911894273127754,0.8653846153846154,68,2
union:baseline_balanced@0.3+thinking_recall_v1@0.35+grouped_event@0.45+latent_candidate_v3@0.35,571,1.9033333333333333,0.38353765323992994,0.7133550488599348,0.4988610478359909,0.42696451191839185,0.441468253968254,0.7679180887372014,0.9911894273127754,0.8653846153846154,68,2
union:baseline_balanced@0.3+thinking_recall_v1@0.35+grouped_event@0.6+latent_candidate_v3@0.35,571,1.9033333333333333,0.38353765323992994,0.7133550488599348,0.4988610478359909,0.42696451191839185,0.441468253968254,0.7679180887372014,0.9911894273127754,0.8653846153846154,68,2
union:baseline_balanced@0.3+thinking_recall_v1@0.45+grouped_event@0.35+latent_candidate_v3@0.35,571,1.9033333333333333,0.38353765323992994,0.7133550488599348,0.4988610478359909,0.42696451191839185,0.441468253968254,0.7679180887372014,0.9911894273127754,0.8653846153846154,68,2
union:baseline_balanced@0.3+thinking_recall_v1@0.45+grouped_event@0.45+latent_candidate_v3@0.35,571,1.9033333333333333,0.38353765323992994,0.7133550488599348,0.4988610478359909,0.42696451191839185,0.441468253968254,0.7679180887372014,0.9911894273127754,0.8653846153846154,68,2
union:baseline_balanced@0.3+thinking_recall_v1@0.45+grouped_event@0.6+latent_candidate_v3@0.35,571,1.9033333333333333,0.38353765323992994,0.7133550488599348,0.4988610478359909,0.42696451191839185,0.441468253968254,0.7679180887372014,0.9911894273127754,0.8653846153846154,68,2
union:baseline_balanced@0.3+thinking_recall_v1@0.6+grouped_event@0.35+latent_candidate_v3@0.35,571,1.9033333333333333,0.38353765323992994,0.7133550488599348,0.4988610478359909,0.42696451191839185,0.441468253968254,0.7679180887372014,0.9911894273127754,0.8653846153846154,68,2
union:baseline_balanced@0.3+thinking_recall_v1@0.6+grouped_event@0.45+latent_candidate_v3@0.35,571,1.9033333333333333,0.38353765323992994,0.7133550488599348,0.4988610478359909,0.42696451191839185,0.441468253968254,0.7679180887372014,0.9911894273127754,0.8653846153846154,68,2
union:baseline_balanced@0.3+thinking_recall_v1@0.6+grouped_event@0.6+latent_candidate_v3@0.35,571,1.9033333333333333,0.38353765323992994,0.7133550488599348,0.4988610478359909,0.42696451191839185,0.441468253968254,0.7679180887372014,0.9911894273127754,0.8653846153846154,68,2
union:baseline_balanced@0.35+thinking_recall_v1@0.1+grouped_event@0.35+latent_candidate_v3@0.35,569,1.8966666666666667,0.38312829525483305,0.7100977198697068,0.4977168949771689,0.4269593304623833,0.43957936507936507,0.7679180887372014,0.9911894273127754,0.8653846153846154,68,2
union:baseline_balanced@0.35+thinking_recall_v1@0.1+grouped_event@0.45+latent_candidate_v3@0.35,569,1.8966666666666667,0.38312829525483305,0.7100977198697068,0.4977168949771689,0.4269593304623833,0.43957936507936507,0.7679180887372014,0.9911894273127754,0.8653846153846154,68,2
union:baseline_balanced@0.35+thinking_recall_v1@0.1+grouped_event@0.6+latent_candidate_v3@0.35,569,1.8966666666666667,0.38312829525483305,0.7100977198697068,0.4977168949771689,0.4269593304623833,0.43957936507936507,0.7679180887372014,0.9911894273127754,0.8653846153846154,68,2
union:baseline_balanced@0.35+thinking_recall_v1@0.3+grouped_event@0.35+latent_candidate_v3@0.35,569,1.8966666666666667,0.38312829525483305,0.7100977198697068,0.4977168949771689,0.4269593304623833,0.43957936507936507,0.7679180887372014,0.9911894273127754,0.8653846153846154,68,2
union:baseline_balanced@0.35+thinking_recall_v1@0.3+grouped_event@0.45+latent_candidate_v3@0.35,569,1.8966666666666667,0.38312829525483305,0.7100977198697068,0.4977168949771689,0.4269593304623833,0.43957936507936507,0.7679180887372014,0.9911894273127754,0.8653846153846154,68,2
union:baseline_balanced@0.35+thinking_recall_v1@0.3+grouped_event@0.6+latent_candidate_v3@0.35,569,1.8966666666666667,0.38312829525483305,0.7100977198697068,0.4977168949771689,0.4269593304623833,0.43957936507936507,0.7679180887372014,0.9911894273127754,0.8653846153846154,68,2
union:baseline_balanced@0.45+thinking_recall_v1@0.1+grouped_event@0.35+latent_candidate_v3@0.35,569,1.8966666666666667,0.38312829525483305,0.7100977198697068,0.4977168949771689,0.4269593304623833,0.43957936507936507,0.7679180887372014,0.9911894273127754,0.8653846153846154,68,2
union:baseline_balanced@0.45+thinking_recall_v1@0.1+grouped_event@0.45+latent_candidate_v3@0.35,569,1.8966666666666667,0.38312829525483305,0.7100977198697068,0.4977168949771689,0.4269593304623833,0.43957936507936507,0.7679180887372014,0.9911894273127754,0.8653846153846154,68,2
union:baseline_balanced@0.45+thinking_recall_v1@0.1+grouped_event@0.6+latent_candidate_v3@0.35,569,1.8966666666666667,0.38312829525483305,0.7100977198697068,0.4977168949771689,0.4269593304623833,0.43957936507936507,0.7679180887372014,0.9911894273127754,0.8653846153846154,68,2
union:baseline_balanced@0.45+thinking_recall_v1@0.3+grouped_event@0.35+latent_candidate_v3@0.35,569,1.8966666666666667,0.38312829525483305,0.7100977198697068,0.4977168949771689,0.4269593304623833,0.43957936507936507,0.7679180887372014,0.9911894273127754,0.8653846153846154,68,2
union:baseline_balanced@0.45+thinking_recall_v1@0.3+grouped_event@0.45+latent_candidate_v3@0.35,569,1.8966666666666667,0.38312829525483305,0.7100977198697068,0.4977168949771689,0.4269593304623833,0.43957936507936507,0.7679180887372014,0.9911894273127754,0.8653846153846154,68,2
union:baseline_balanced@0.45+thinking_recall_v1@0.3+grouped_event@0.6+latent_candidate_v3@0.35,569,1.8966666666666667,0.38312829525483305,0.7100977198697068,0.4977168949771689,0.4269593304623833,0.43957936507936507,0.7679180887372014,0.9911894273127754,0.8653846153846154,68,2
union:baseline_balanced@0.6+thinking_recall_v1@0.1+grouped_event@0.35+latent_candidate_v3@0.35,569,1.8966666666666667,0.38312829525483305,0.7100977198697068,0.4977168949771689,0.4269593304623833,0.43957936507936507,0.7679180887372014,0.9911894273127754,0.8653846153846154,68,2
union:baseline_balanced@0.6+thinking_recall_v1@0.1+grouped_event@0.45+latent_candidate_v3@0.35,569,1.8966666666666667,0.38312829525483305,0.7100977198697068,0.4977168949771689,0.4269593304623833,0.43957936507936507,0.7679180887372014,0.9911894273127754,0.8653846153846154,68,2
union:baseline_balanced@0.6+thinking_recall_v1@0.1+grouped_event@0.6+latent_candidate_v3@0.35,569,1.8966666666666667,0.38312829525483305,0.7100977198697068,0.4977168949771689,0.4269593304623833,0.43957936507936507,0.7679180887372014,0.9911894273127754,0.8653846153846154,68,2
union:baseline_balanced@0.6+thinking_recall_v1@0.3+grouped_event@0.35+latent_candidate_v3@0.35,569,1.8966666666666667,0.38312829525483305,0.7100977198697068,0.4977168949771689,0.4269593304623833,0.43957936507936507,0.7679180887372014,0.9911894273127754,0.8653846153846154,68,2
union:baseline_balanced@0.6+thinking_recall_v1@0.3+grouped_event@0.45+latent_candidate_v3@0.35,569,1.8966666666666667,0.38312829525483305,0.7100977198697068,0.4977168949771689,0.4269593304623833,0.43957936507936507,0.7679180887372014,0.9911894273127754,0.8653846153846154,68,2
union:baseline_balanced@0.6+thinking_recall_v1@0.3+grouped_event@0.6+latent_candidate_v3@0.35,569,1.8966666666666667,0.38312829525483305,0.7100977198697068,0.4977168949771689,0.4269593304623833,0.43957936507936507,0.7679180887372014,0.9911894273127754,0.8653846153846154,68,2
union:thinking_recall_v1@0.35+grouped_event@0.35+latent_candidate_v3@0.45,520,1.7333333333333334,0.3942307692307692,0.6677524429967426,0.4957678355501814,0.4390024435236736,0.4333571428571429,0.7719298245614035,0.9691629955947136,0.859375,65,7
union:thinking_recall_v1@0.35+grouped_event@0.35+latent_candidate_v3@0.6,520,1.7333333333333334,0.3942307692307692,0.6677524429967426,0.4957678355501814,0.4390024435236736,0.4333571428571429,0.7719298245614035,0.9691629955947136,0.859375,65,7
union:thinking_recall_v1@0.35+grouped_event@0.45+latent_candidate_v3@0.45,520,1.7333333333333334,0.3942307692307692,0.6677524429967426,0.4957678355501814,0.4390024435236736,0.4333571428571429,0.7719298245614035,0.9691629955947136,0.859375,65,7
union:thinking_recall_v1@0.35+grouped_event@0.45+latent_candidate_v3@0.6,520,1.7333333333333334,0.3942307692307692,0.6677524429967426,0.4957678355501814,0.4390024435236736,0.4333571428571429,0.7719298245614035,0.9691629955947136,0.859375,65,7
union:thinking_recall_v1@0.35+grouped_event@0.6+latent_candidate_v3@0.45,520,1.7333333333333334,0.3942307692307692,0.6677524429967426,0.4957678355501814,0.4390024435236736,0.4333571428571429,0.7719298245614035,0.9691629955947136,0.859375,65,7
union:thinking_recall_v1@0.35+grouped_event@0.6+latent_candidate_v3@0.6,520,1.7333333333333334,0.3942307692307692,0.6677524429967426,0.4957678355501814,0.4390024435236736,0.4333571428571429,0.7719298245614035,0.9691629955947136,0.859375,65,7
union:thinking_recall_v1@0.45+grouped_event@0.35+latent_candidate_v3@0.45,520,1.7333333333333334,0.3942307692307692,0.6677524429967426,0.4957678355501814,0.4390024435236736,0.4333571428571429,0.7719298245614035,0.9691629955947136,0.859375,65,7
union:thinking_recall_v1@0.45+grouped_event@0.35+latent_candidate_v3@0.6,520,1.7333333333333334,0.3942307692307692,0.6677524429967426,0.4957678355501814,0.4390024435236736,0.4333571428571429,0.7719298245614035,0.9691629955947136,0.859375,65,7
union:thinking_recall_v1@0.45+grouped_event@0.45+latent_candidate_v3@0.45,520,1.7333333333333334,0.3942307692307692,0.6677524429967426,0.4957678355501814,0.4390024435236736,0.4333571428571429,0.7719298245614035,0.9691629955947136,0.859375,65,7
union:thinking_recall_v1@0.45+grouped_event@0.45+latent_candidate_v3@0.6,520,1.7333333333333334,0.3942307692307692,0.6677524429967426,0.4957678355501814,0.4390024435236736,0.4333571428571429,0.7719298245614035,0.9691629955947136,0.859375,65,7
union:thinking_recall_v1@0.45+grouped_event@0.6+latent_candidate_v3@0.45,520,1.7333333333333334,0.3942307692307692,0.6677524429967426,0.4957678355501814,0.4390024435236736,0.4333571428571429,0.7719298245614035,0.9691629955947136,0.859375,65,7
union:thinking_recall_v1@0.45+grouped_event@0.6+latent_candidate_v3@0.6,520,1.7333333333333334,0.3942307692307692,0.6677524429967426,0.4957678355501814,0.4390024435236736,0.4333571428571429,0.7719298245614035,0.9691629955947136,0.859375,65,7
union:thinking_recall_v1@0.6+grouped_event@0.35+latent_candidate_v3@0.45,520,1.7333333333333334,0.3942307692307692,0.6677524429967426,0.4957678355501814,0.4390024435236736,0.4333571428571429,0.7719298245614035,0.9691629955947136,0.859375,65,7
union:thinking_recall_v1@0.6+grouped_event@0.35+latent_candidate_v3@0.6,520,1.7333333333333334,0.3942307692307692,0.6677524429967426,0.4957678355501814,0.4390024435236736,0.4333571428571429,0.7719298245614035,0.9691629955947136,0.859375,65,7
union:thinking_recall_v1@0.6+grouped_event@0.45+latent_candidate_v3@0.45,520,1.7333333333333334,0.3942307692307692,0.6677524429967426,0.4957678355501814,0.4390024435236736,0.4333571428571429,0.7719298245614035,0.9691629955947136,0.859375,65,7
union:thinking_recall_v1@0.6+grouped_event@0.45+latent_candidate_v3@0.6,520,1.7333333333333334,0.3942307692307692,0.6677524429967426,0.4957678355501814,0.4390024435236736,0.4333571428571429,0.7719298245614035,0.9691629955947136,0.859375,65,7
union:thinking_recall_v1@0.6+grouped_event@0.6+latent_candidate_v3@0.45,520,1.7333333333333334,0.3942307692307692,0.6677524429967426,0.4957678355501814,0.4390024435236736,0.4333571428571429,0.7719298245614035,0.9691629955947136,0.859375,65,7
union:thinking_recall_v1@0.6+grouped_event@0.6+latent_candidate_v3@0.6,520,1.7333333333333334,0.3942307692307692,0.6677524429967426,0.4957678355501814,0.4390024435236736,0.4333571428571429,0.7719298245614035,0.9691629955947136,0.859375,65,7
union:baseline_balanced@0.1+thinking_recall_v1@0.1+grouped_event@0.35+latent_candidate_v3@0.45,590,1.9666666666666666,0.376271186440678,0.7231270358306189,0.49498327759197325,0.43678360129111027,0.43991269841269837,0.7668918918918919,1.0,0.8680688336520076,69,0
union:baseline_balanced@0.1+thinking_recall_v1@0.1+grouped_event@0.35+latent_candidate_v3@0.6,590,1.9666666666666666,0.376271186440678,0.7231270358306189,0.49498327759197325,0.43678360129111027,0.43991269841269837,0.7668918918918919,1.0,0.8680688336520076,69,0
union:baseline_balanced@0.1+thinking_recall_v1@0.1+grouped_event@0.45+latent_candidate_v3@0.45,590,1.9666666666666666,0.376271186440678,0.7231270358306189,0.49498327759197325,0.43678360129111027,0.43991269841269837,0.7668918918918919,1.0,0.8680688336520076,69,0
union:baseline_balanced@0.1+thinking_recall_v1@0.1+grouped_event@0.45+latent_candidate_v3@0.6,590,1.9666666666666666,0.376271186440678,0.7231270358306189,0.49498327759197325,0.43678360129111027,0.43991269841269837,0.7668918918918919,1.0,0.8680688336520076,69,0
union:baseline_balanced@0.1+thinking_recall_v1@0.1+grouped_event@0.6+latent_candidate_v3@0.45,590,1.9666666666666666,0.376271186440678,0.7231270358306189,0.49498327759197325,0.43678360129111027,0.43991269841269837,0.7668918918918919,1.0,0.8680688336520076,69,0
union:baseline_balanced@0.1+thinking_recall_v1@0.1+grouped_event@0.6+latent_candidate_v3@0.6,590,1.9666666666666666,0.376271186440678,0.7231270358306189,0.49498327759197325,0.43678360129111027,0.43991269841269837,0.7668918918918919,1.0,0.8680688336520076,69,0
union:baseline_balanced@0.1+thinking_recall_v1@0.3+grouped_event@0.35+latent_candidate_v3@0.45,590,1.9666666666666666,0.376271186440678,0.7231270358306189,0.49498327759197325,0.43678360129111027,0.43991269841269837,0.7668918918918919,1.0,0.8680688336520076,69,0
union:baseline_balanced@0.1+thinking_recall_v1@0.3+grouped_event@0.35+latent_candidate_v3@0.6,590,1.9666666666666666,0.376271186440678,0.7231270358306189,0.49498327759197325,0.43678360129111027,0.43991269841269837,0.7668918918918919,1.0,0.8680688336520076,69,0
union:baseline_balanced@0.1+thinking_recall_v1@0.3+grouped_event@0.45+latent_candidate_v3@0.45,590,1.9666666666666666,0.376271186440678,0.7231270358306189,0.49498327759197325,0.43678360129111027,0.43991269841269837,0.7668918918918919,1.0,0.8680688336520076,69,0
union:baseline_balanced@0.1+thinking_recall_v1@0.3+grouped_event@0.45+latent_candidate_v3@0.6,590,1.9666666666666666,0.376271186440678,0.7231270358306189,0.49498327759197325,0.43678360129111027,0.43991269841269837,0.7668918918918919,1.0,0.8680688336520076,69,0
union:baseline_balanced@0.1+thinking_recall_v1@0.3+grouped_event@0.6+latent_candidate_v3@0.45,590,1.9666666666666666,0.376271186440678,0.7231270358306189,0.49498327759197325,0.43678360129111027,0.43991269841269837,0.7668918918918919,1.0,0.8680688336520076,69,0
union:baseline_balanced@0.1+thinking_recall_v1@0.3+grouped_event@0.6+latent_candidate_v3@0.6,590,1.9666666666666666,0.376271186440678,0.7231270358306189,0.49498327759197325,0.43678360129111027,0.43991269841269837,0.7668918918918919,1.0,0.8680688336520076,69,0
union:baseline_balanced@0.3+thinking_recall_v1@0.1+grouped_event@0.35+latent_candidate_v3@0.45,590,1.9666666666666666,0.376271186440678,0.7231270358306189,0.49498327759197325,0.43678360129111027,0.43991269841269837,0.7668918918918919,1.0,0.8680688336520076,69,0
union:baseline_balanced@0.3+thinking_recall_v1@0.1+grouped_event@0.35+latent_candidate_v3@0.6,590,1.9666666666666666,0.376271186440678,0.7231270358306189,0.49498327759197325,0.43678360129111027,0.43991269841269837,0.7668918918918919,1.0,0.8680688336520076,69,0
union:baseline_balanced@0.3+thinking_recall_v1@0.1+grouped_event@0.45+latent_candidate_v3@0.45,590,1.9666666666666666,0.376271186440678,0.7231270358306189,0.49498327759197325,0.43678360129111027,0.43991269841269837,0.7668918918918919,1.0,0.8680688336520076,69,0
union:baseline_balanced@0.3+thinking_recall_v1@0.1+grouped_event@0.45+latent_candidate_v3@0.6,590,1.9666666666666666,0.376271186440678,0.7231270358306189,0.49498327759197325,0.43678360129111027,0.43991269841269837,0.7668918918918919,1.0,0.8680688336520076,69,0
union:baseline_balanced@0.3+thinking_recall_v1@0.1+grouped_event@0.6+latent_candidate_v3@0.45,590,1.9666666666666666,0.376271186440678,0.7231270358306189,0.49498327759197325,0.43678360129111027,0.43991269841269837,0.7668918918918919,1.0,0.8680688336520076,69,0
union:baseline_balanced@0.3+thinking_recall_v1@0.1+grouped_event@0.6+latent_candidate_v3@0.6,590,1.9666666666666666,0.376271186440678,0.7231270358306189,0.49498327759197325,0.43678360129111027,0.43991269841269837,0.7668918918918919,1.0,0.8680688336520076,69,0
union:baseline_balanced@0.3+thinking_recall_v1@0.3+grouped_event@0.35+latent_candidate_v3@0.45,590,1.9666666666666666,0.376271186440678,0.7231270358306189,0.49498327759197325,0.43678360129111027,0.43991269841269837,0.7668918918918919,1.0,0.8680688336520076,69,0
union:baseline_balanced@0.3+thinking_recall_v1@0.3+grouped_event@0.35+latent_candidate_v3@0.6,590,1.9666666666666666,0.376271186440678,0.7231270358306189,0.49498327759197325,0.43678360129111027,0.43991269841269837,0.7668918918918919,1.0,0.8680688336520076,69,0
union:baseline_balanced@0.3+thinking_recall_v1@0.3+grouped_event@0.45+latent_candidate_v3@0.45,590,1.9666666666666666,0.376271186440678,0.7231270358306189,0.49498327759197325,0.43678360129111027,0.43991269841269837,0.7668918918918919,1.0,0.8680688336520076,69,0
union:baseline_balanced@0.3+thinking_recall_v1@0.3+grouped_event@0.45+latent_candidate_v3@0.6,590,1.9666666666666666,0.376271186440678,0.7231270358306189,0.49498327759197325,0.43678360129111027,0.43991269841269837,0.7668918918918919,1.0,0.8680688336520076,69,0
union:baseline_balanced@0.3+thinking_recall_v1@0.3+grouped_event@0.6+latent_candidate_v3@0.45,590,1.9666666666666666,0.376271186440678,0.7231270358306189,0.49498327759197325,0.43678360129111027,0.43991269841269837,0.7668918918918919,1.0,0.8680688336520076,69,0
union:baseline_balanced@0.3+thinking_recall_v1@0.3+grouped_event@0.6+latent_candidate_v3@0.6,590,1.9666666666666666,0.376271186440678,0.7231270358306189,0.49498327759197325,0.43678360129111027,0.43991269841269837,0.7668918918918919,1.0,0.8680688336520076,69,0
union:thinking_recall_v1@0.1+grouped_event@0.35,348,1.16,0.46551724137931033,0.5276872964169381,0.4946564885496183,0.3369055491680417,0.49064285714285716,0.828,0.9118942731277533,0.8679245283018868,43,20
union:thinking_recall_v1@0.1+grouped_event@0.45,348,1.16,0.46551724137931033,0.5276872964169381,0.4946564885496183,0.3369055491680417,0.49064285714285716,0.828,0.9118942731277533,0.8679245283018868,43,20
union:thinking_recall_v1@0.1+grouped_event@0.6,348,1.16,0.46551724137931033,0.5276872964169381,0.4946564885496183,0.3369055491680417,0.49064285714285716,0.828,0.9118942731277533,0.8679245283018868,43,20
union:thinking_recall_v1@0.3+grouped_event@0.35,348,1.16,0.46551724137931033,0.5276872964169381,0.4946564885496183,0.3369055491680417,0.49064285714285716,0.828,0.9118942731277533,0.8679245283018868,43,20
union:thinking_recall_v1@0.3+grouped_event@0.45,348,1.16,0.46551724137931033,0.5276872964169381,0.4946564885496183,0.3369055491680417,0.49064285714285716,0.828,0.9118942731277533,0.8679245283018868,43,20
union:thinking_recall_v1@0.3+grouped_event@0.6,348,1.16,0.46551724137931033,0.5276872964169381,0.4946564885496183,0.3369055491680417,0.49064285714285716,0.828,0.9118942731277533,0.8679245283018868,43,20
union:thinking_recall_v1@0.1+grouped_event@0.35+latent_candidate_v3@0.45,557,1.8566666666666667,0.38240574506283664,0.6938110749185668,0.4930555555555556,0.4370996094422736,0.43524603174603177,0.7679180887372014,0.9911894273127754,0.8653846153846154,68,2
union:thinking_recall_v1@0.1+grouped_event@0.35+latent_candidate_v3@0.6,557,1.8566666666666667,0.38240574506283664,0.6938110749185668,0.4930555555555556,0.4370996094422736,0.43524603174603177,0.7679180887372014,0.9911894273127754,0.8653846153846154,68,2
union:thinking_recall_v1@0.1+grouped_event@0.45+latent_candidate_v3@0.45,557,1.8566666666666667,0.38240574506283664,0.6938110749185668,0.4930555555555556,0.4370996094422736,0.43524603174603177,0.7679180887372014,0.9911894273127754,0.8653846153846154,68,2
union:thinking_recall_v1@0.1+grouped_event@0.45+latent_candidate_v3@0.6,557,1.8566666666666667,0.38240574506283664,0.6938110749185668,0.4930555555555556,0.4370996094422736,0.43524603174603177,0.7679180887372014,0.9911894273127754,0.8653846153846154,68,2
union:thinking_recall_v1@0.1+grouped_event@0.6+latent_candidate_v3@0.45,557,1.8566666666666667,0.38240574506283664,0.6938110749185668,0.4930555555555556,0.4370996094422736,0.43524603174603177,0.7679180887372014,0.9911894273127754,0.8653846153846154,68,2
union:thinking_recall_v1@0.1+grouped_event@0.6+latent_candidate_v3@0.6,557,1.8566666666666667,0.38240574506283664,0.6938110749185668,0.4930555555555556,0.4370996094422736,0.43524603174603177,0.7679180887372014,0.9911894273127754,0.8653846153846154,68,2
union:thinking_recall_v1@0.3+grouped_event@0.35+latent_candidate_v3@0.45,557,1.8566666666666667,0.38240574506283664,0.6938110749185668,0.4930555555555556,0.4370996094422736,0.43524603174603177,0.7679180887372014,0.9911894273127754,0.8653846153846154,68,2
union:thinking_recall_v1@0.3+grouped_event@0.35+latent_candidate_v3@0.6,557,1.8566666666666667,0.38240574506283664,0.6938110749185668,0.4930555555555556,0.4370996094422736,0.43524603174603177,0.7679180887372014,0.9911894273127754,0.8653846153846154,68,2
union:thinking_recall_v1@0.3+grouped_event@0.45+latent_candidate_v3@0.45,557,1.8566666666666667,0.38240574506283664,0.6938110749185668,0.4930555555555556,0.4370996094422736,0.43524603174603177,0.7679180887372014,0.9911894273127754,0.8653846153846154,68,2
union:thinking_recall_v1@0.3+grouped_event@0.45+latent_candidate_v3@0.6,557,1.8566666666666667,0.38240574506283664,0.6938110749185668,0.4930555555555556,0.4370996094422736,0.43524603174603177,0.7679180887372014,0.9911894273127754,0.8653846153846154,68,2
union:thinking_recall_v1@0.3+grouped_event@0.6+latent_candidate_v3@0.45,557,1.8566666666666667,0.38240574506283664,0.6938110749185668,0.4930555555555556,0.4370996094422736,0.43524603174603177,0.7679180887372014,0.9911894273127754,0.8653846153846154,68,2
union:thinking_recall_v1@0.3+grouped_event@0.6+latent_candidate_v3@0.6,557,1.8566666666666667,0.38240574506283664,0.6938110749185668,0.4930555555555556,0.4370996094422736,0.43524603174603177,0.7679180887372014,0.9911894273127754,0.8653846153846154,68,2
union:baseline_balanced@0.1+grouped_event@0.35+latent_candidate_v3@0.45,549,1.83,0.3843351548269581,0.6872964169381107,0.4929906542056075,0.43969513990704734,0.4345952380952381,0.7671232876712328,0.986784140969163,0.8631984585741811,68,3
union:baseline_balanced@0.1+grouped_event@0.35+latent_candidate_v3@0.6,549,1.83,0.3843351548269581,0.6872964169381107,0.4929906542056075,0.43969513990704734,0.4345952380952381,0.7671232876712328,0.986784140969163,0.8631984585741811,68,3
union:baseline_balanced@0.1+grouped_event@0.45+latent_candidate_v3@0.45,549,1.83,0.3843351548269581,0.6872964169381107,0.4929906542056075,0.43969513990704734,0.4345952380952381,0.7671232876712328,0.986784140969163,0.8631984585741811,68,3
union:baseline_balanced@0.1+grouped_event@0.45+latent_candidate_v3@0.6,549,1.83,0.3843351548269581,0.6872964169381107,0.4929906542056075,0.43969513990704734,0.4345952380952381,0.7671232876712328,0.986784140969163,0.8631984585741811,68,3
union:baseline_balanced@0.1+grouped_event@0.6+latent_candidate_v3@0.45,549,1.83,0.3843351548269581,0.6872964169381107,0.4929906542056075,0.43969513990704734,0.4345952380952381,0.7671232876712328,0.986784140969163,0.8631984585741811,68,3
union:baseline_balanced@0.1+grouped_event@0.6+latent_candidate_v3@0.6,549,1.83,0.3843351548269581,0.6872964169381107,0.4929906542056075,0.43969513990704734,0.4345952380952381,0.7671232876712328,0.986784140969163,0.8631984585741811,68,3
union:baseline_balanced@0.3+grouped_event@0.35+latent_candidate_v3@0.45,549,1.83,0.3843351548269581,0.6872964169381107,0.4929906542056075,0.43969513990704734,0.4345952380952381,0.7671232876712328,0.986784140969163,0.8631984585741811,68,3
union:baseline_balanced@0.3+grouped_event@0.35+latent_candidate_v3@0.6,549,1.83,0.3843351548269581,0.6872964169381107,0.4929906542056075,0.43969513990704734,0.4345952380952381,0.7671232876712328,0.986784140969163,0.8631984585741811,68,3
union:baseline_balanced@0.3+grouped_event@0.45+latent_candidate_v3@0.45,549,1.83,0.3843351548269581,0.6872964169381107,0.4929906542056075,0.43969513990704734,0.4345952380952381,0.7671232876712328,0.986784140969163,0.8631984585741811,68,3
union:baseline_balanced@0.3+grouped_event@0.45+latent_candidate_v3@0.6,549,1.83,0.3843351548269581,0.6872964169381107,0.4929906542056075,0.43969513990704734,0.4345952380952381,0.7671232876712328,0.986784140969163,0.8631984585741811,68,3
union:baseline_balanced@0.3+grouped_event@0.6+latent_candidate_v3@0.45,549,1.83,0.3843351548269581,0.6872964169381107,0.4929906542056075,0.43969513990704734,0.4345952380952381,0.7671232876712328,0.986784140969163,0.8631984585741811,68,3
union:baseline_balanced@0.3+grouped_event@0.6+latent_candidate_v3@0.6,549,1.83,0.3843351548269581,0.6872964169381107,0.4929906542056075,0.43969513990704734,0.4345952380952381,0.7671232876712328,0.986784140969163,0.8631984585741811,68,3
union:thinking_recall_v1@0.35+grouped_event@0.35+latent_candidate_v3@0.35,525,1.75,0.3904761904761905,0.6677524429967426,0.49278846153846156,0.42692514883768323,0.4312460317460317,0.7719298245614035,0.9691629955947136,0.859375,65,7
union:thinking_recall_v1@0.35+grouped_event@0.45+latent_candidate_v3@0.35,525,1.75,0.3904761904761905,0.6677524429967426,0.49278846153846156,0.42692514883768323,0.4312460317460317,0.7719298245614035,0.9691629955947136,0.859375,65,7
union:thinking_recall_v1@0.35+grouped_event@0.6+latent_candidate_v3@0.35,525,1.75,0.3904761904761905,0.6677524429967426,0.49278846153846156,0.42692514883768323,0.4312460317460317,0.7719298245614035,0.9691629955947136,0.859375,65,7
union:thinking_recall_v1@0.45+grouped_event@0.35+latent_candidate_v3@0.35,525,1.75,0.3904761904761905,0.6677524429967426,0.49278846153846156,0.42692514883768323,0.4312460317460317,0.7719298245614035,0.9691629955947136,0.859375,65,7
union:thinking_recall_v1@0.45+grouped_event@0.45+latent_candidate_v3@0.35,525,1.75,0.3904761904761905,0.6677524429967426,0.49278846153846156,0.42692514883768323,0.4312460317460317,0.7719298245614035,0.9691629955947136,0.859375,65,7
union:thinking_recall_v1@0.45+grouped_event@0.6+latent_candidate_v3@0.35,525,1.75,0.3904761904761905,0.6677524429967426,0.49278846153846156,0.42692514883768323,0.4312460317460317,0.7719298245614035,0.9691629955947136,0.859375,65,7
union:thinking_recall_v1@0.6+grouped_event@0.35+latent_candidate_v3@0.35,525,1.75,0.3904761904761905,0.6677524429967426,0.49278846153846156,0.42692514883768323,0.4312460317460317,0.7719298245614035,0.9691629955947136,0.859375,65,7
union:thinking_recall_v1@0.6+grouped_event@0.45+latent_candidate_v3@0.35,525,1.75,0.3904761904761905,0.6677524429967426,0.49278846153846156,0.42692514883768323,0.4312460317460317,0.7719298245614035,0.9691629955947136,0.859375,65,7
union:thinking_recall_v1@0.6+grouped_event@0.6+latent_candidate_v3@0.35,525,1.75,0.3904761904761905,0.6677524429967426,0.49278846153846156,0.42692514883768323,0.4312460317460317,0.7719298245614035,0.9691629955947136,0.859375,65,7
union:baseline_balanced@0.1+thinking_recall_v1@0.1+grouped_event@0.35+latent_candidate_v3@0.35,595,1.9833333333333334,0.373109243697479,0.7231270358306189,0.49223946784922396,0.4247063066051199,0.43780158730158725,0.7668918918918919,1.0,0.8680688336520076,69,0
union:baseline_balanced@0.1+thinking_recall_v1@0.1+grouped_event@0.45+latent_candidate_v3@0.35,595,1.9833333333333334,0.373109243697479,0.7231270358306189,0.49223946784922396,0.4247063066051199,0.43780158730158725,0.7668918918918919,1.0,0.8680688336520076,69,0
union:baseline_balanced@0.1+thinking_recall_v1@0.1+grouped_event@0.6+latent_candidate_v3@0.35,595,1.9833333333333334,0.373109243697479,0.7231270358306189,0.49223946784922396,0.4247063066051199,0.43780158730158725,0.7668918918918919,1.0,0.8680688336520076,69,0
union:baseline_balanced@0.1+thinking_recall_v1@0.3+grouped_event@0.35+latent_candidate_v3@0.35,595,1.9833333333333334,0.373109243697479,0.7231270358306189,0.49223946784922396,0.4247063066051199,0.43780158730158725,0.7668918918918919,1.0,0.8680688336520076,69,0
union:baseline_balanced@0.1+thinking_recall_v1@0.3+grouped_event@0.45+latent_candidate_v3@0.35,595,1.9833333333333334,0.373109243697479,0.7231270358306189,0.49223946784922396,0.4247063066051199,0.43780158730158725,0.7668918918918919,1.0,0.8680688336520076,69,0
union:baseline_balanced@0.1+thinking_recall_v1@0.3+grouped_event@0.6+latent_candidate_v3@0.35,595,1.9833333333333334,0.373109243697479,0.7231270358306189,0.49223946784922396,0.4247063066051199,0.43780158730158725,0.7668918918918919,1.0,0.8680688336520076,69,0
union:baseline_balanced@0.3+thinking_recall_v1@0.1+grouped_event@0.35+latent_candidate_v3@0.35,595,1.9833333333333334,0.373109243697479,0.7231270358306189,0.49223946784922396,0.4247063066051199,0.43780158730158725,0.7668918918918919,1.0,0.8680688336520076,69,0
union:baseline_balanced@0.3+thinking_recall_v1@0.1+grouped_event@0.45+latent_candidate_v3@0.35,595,1.9833333333333334,0.373109243697479,0.7231270358306189,0.49223946784922396,0.4247063066051199,0.43780158730158725,0.7668918918918919,1.0,0.8680688336520076,69,0
union:baseline_balanced@0.3+thinking_recall_v1@0.1+grouped_event@0.6+latent_candidate_v3@0.35,595,1.9833333333333334,0.373109243697479,0.7231270358306189,0.49223946784922396,0.4247063066051199,0.43780158730158725,0.7668918918918919,1.0,0.8680688336520076,69,0
union:baseline_balanced@0.3+thinking_recall_v1@0.3+grouped_event@0.35+latent_candidate_v3@0.35,595,1.9833333333333334,0.373109243697479,0.7231270358306189,0.49223946784922396,0.4247063066051199,0.43780158730158725,0.7668918918918919,1.0,0.8680688336520076,69,0
union:baseline_balanced@0.3+thinking_recall_v1@0.3+grouped_event@0.45+latent_candidate_v3@0.35,595,1.9833333333333334,0.373109243697479,0.7231270358306189,0.49223946784922396,0.4247063066051199,0.43780158730158725,0.7668918918918919,1.0,0.8680688336520076,69,0
union:baseline_balanced@0.3+thinking_recall_v1@0.3+grouped_event@0.6+latent_candidate_v3@0.35,595,1.9833333333333334,0.373109243697479,0.7231270358306189,0.49223946784922396,0.4247063066051199,0.43780158730158725,0.7668918918918919,1.0,0.8680688336520076,69,0
union:baseline_balanced@0.35+grouped_event@0.35,234,0.78,0.5683760683760684,0.43322475570032576,0.49168207024029575,0.341316581858319,0.5291666666666667,0.9415584415584416,0.6387665198237885,0.7611548556430446,9,82
union:baseline_balanced@0.35+grouped_event@0.45,234,0.78,0.5683760683760684,0.43322475570032576,0.49168207024029575,0.341316581858319,0.5291666666666667,0.9415584415584416,0.6387665198237885,0.7611548556430446,9,82
union:baseline_balanced@0.35+grouped_event@0.6,234,0.78,0.5683760683760684,0.43322475570032576,0.49168207024029575,0.341316581858319,0.5291666666666667,0.9415584415584416,0.6387665198237885,0.7611548556430446,9,82
union:baseline_balanced@0.45+grouped_event@0.35,234,0.78,0.5683760683760684,0.43322475570032576,0.49168207024029575,0.341316581858319,0.5291666666666667,0.9415584415584416,0.6387665198237885,0.7611548556430446,9,82
union:baseline_balanced@0.45+grouped_event@0.45,234,0.78,0.5683760683760684,0.43322475570032576,0.49168207024029575,0.341316581858319,0.5291666666666667,0.9415584415584416,0.6387665198237885,0.7611548556430446,9,82
union:baseline_balanced@0.45+grouped_event@0.6,234,0.78,0.5683760683760684,0.43322475570032576,0.49168207024029575,0.341316581858319,0.5291666666666667,0.9415584415584416,0.6387665198237885,0.7611548556430446,9,82
union:baseline_balanced@0.6+grouped_event@0.35,234,0.78,0.5683760683760684,0.43322475570032576,0.49168207024029575,0.341316581858319,0.5291666666666667,0.9415584415584416,0.6387665198237885,0.7611548556430446,9,82
union:baseline_balanced@0.6+grouped_event@0.45,234,0.78,0.5683760683760684,0.43322475570032576,0.49168207024029575,0.341316581858319,0.5291666666666667,0.9415584415584416,0.6387665198237885,0.7611548556430446,9,82
union:baseline_balanced@0.6+grouped_event@0.6,234,0.78,0.5683760683760684,0.43322475570032576,0.49168207024029575,0.341316581858319,0.5291666666666667,0.9415584415584416,0.6387665198237885,0.7611548556430446,9,82
union:baseline_balanced@0.35+grouped_event@0.35+latent_candidate_v3@0.45,503,1.6766666666666667,0.3956262425447316,0.6482084690553745,0.49135802469135803,0.4407279727491183,0.4289285714285714,0.773851590106007,0.9647577092511013,0.8588235294117647,64,8
union:baseline_balanced@0.35+grouped_event@0.35+latent_candidate_v3@0.6,503,1.6766666666666667,0.3956262425447316,0.6482084690553745,0.49135802469135803,0.4407279727491183,0.4289285714285714,0.773851590106007,0.9647577092511013,0.8588235294117647,64,8
union:baseline_balanced@0.35+grouped_event@0.45+latent_candidate_v3@0.45,503,1.6766666666666667,0.3956262425447316,0.6482084690553745,0.49135802469135803,0.4407279727491183,0.4289285714285714,0.773851590106007,0.9647577092511013,0.8588235294117647,64,8
union:baseline_balanced@0.35+grouped_event@0.45+latent_candidate_v3@0.6,503,1.6766666666666667,0.3956262425447316,0.6482084690553745,0.49135802469135803,0.4407279727491183,0.4289285714285714,0.773851590106007,0.9647577092511013,0.8588235294117647,64,8
union:baseline_balanced@0.35+grouped_event@0.6+latent_candidate_v3@0.45,503,1.6766666666666667,0.3956262425447316,0.6482084690553745,0.49135802469135803,0.4407279727491183,0.4289285714285714,0.773851590106007,0.9647577092511013,0.8588235294117647,64,8
union:baseline_balanced@0.35+grouped_event@0.6+latent_candidate_v3@0.6,503,1.6766666666666667,0.3956262425447316,0.6482084690553745,0.49135802469135803,0.4407279727491183,0.4289285714285714,0.773851590106007,0.9647577092511013,0.8588235294117647,64,8
union:baseline_balanced@0.45+grouped_event@0.35+latent_candidate_v3@0.45,503,1.6766666666666667,0.3956262425447316,0.6482084690553745,0.49135802469135803,0.4407279727491183,0.4289285714285714,0.773851590106007,0.9647577092511013,0.8588235294117647,64,8
union:baseline_balanced@0.45+grouped_event@0.35+latent_candidate_v3@0.6,503,1.6766666666666667,0.3956262425447316,0.6482084690553745,0.49135802469135803,0.4407279727491183,0.4289285714285714,0.773851590106007,0.9647577092511013,0.8588235294117647,64,8
union:baseline_balanced@0.45+grouped_event@0.45+latent_candidate_v3@0.45,503,1.6766666666666667,0.3956262425447316,0.6482084690553745,0.49135802469135803,0.4407279727491183,0.4289285714285714,0.773851590106007,0.9647577092511013,0.8588235294117647,64,8
union:baseline_balanced@0.45+grouped_event@0.45+latent_candidate_v3@0.6,503,1.6766666666666667,0.3956262425447316,0.6482084690553745,0.49135802469135803,0.4407279727491183,0.4289285714285714,0.773851590106007,0.9647577092511013,0.8588235294117647,64,8
union:baseline_balanced@0.45+grouped_event@0.6+latent_candidate_v3@0.45,503,1.6766666666666667,0.3956262425447316,0.6482084690553745,0.49135802469135803,0.4407279727491183,0.4289285714285714,0.773851590106007,0.9647577092511013,0.8588235294117647,64,8
union:baseline_balanced@0.45+grouped_event@0.6+latent_candidate_v3@0.6,503,1.6766666666666667,0.3956262425447316,0.6482084690553745,0.49135802469135803,0.4407279727491183,0.4289285714285714,0.773851590106007,0.9647577092511013,0.8588235294117647,64,8
union:baseline_balanced@0.6+grouped_event@0.35+latent_candidate_v3@0.45,503,1.6766666666666667,0.3956262425447316,0.6482084690553745,0.49135802469135803,0.4407279727491183,0.4289285714285714,0.773851590106007,0.9647577092511013,0.8588235294117647,64,8
union:baseline_balanced@0.6+grouped_event@0.35+latent_candidate_v3@0.6,503,1.6766666666666667,0.3956262425447316,0.6482084690553745,0.49135802469135803,0.4407279727491183,0.4289285714285714,0.773851590106007,0.9647577092511013,0.8588235294117647,64,8
union:baseline_balanced@0.6+grouped_event@0.45+latent_candidate_v3@0.45,503,1.6766666666666667,0.3956262425447316,0.6482084690553745,0.49135802469135803,0.4407279727491183,0.4289285714285714,0.773851590106007,0.9647577092511013,0.8588235294117647,64,8
union:baseline_balanced@0.6+grouped_event@0.45+latent_candidate_v3@0.6,503,1.6766666666666667,0.3956262425447316,0.6482084690553745,0.49135802469135803,0.4407279727491183,0.4289285714285714,0.773851590106007,0.9647577092511013,0.8588235294117647,64,8
union:baseline_balanced@0.6+grouped_event@0.6+latent_candidate_v3@0.45,503,1.6766666666666667,0.3956262425447316,0.6482084690553745,0.49135802469135803,0.4407279727491183,0.4289285714285714,0.773851590106007,0.9647577092511013,0.8588235294117647,64,8
union:baseline_balanced@0.6+grouped_event@0.6+latent_candidate_v3@0.6,503,1.6766666666666667,0.3956262425447316,0.6482084690553745,0.49135802469135803,0.4407279727491183,0.4289285714285714,0.773851590106007,0.9647577092511013,0.8588235294117647,64,8
union:thinking_recall_v1@0.1+grouped_event@0.35+latent_candidate_v3@0.35,562,1.8733333333333333,0.3790035587188612,0.6938110749185668,0.4902186421173763,0.42502231475628327,0.4331349206349207,0.7679180887372014,0.9911894273127754,0.8653846153846154,68,2
union:thinking_recall_v1@0.1+grouped_event@0.45+latent_candidate_v3@0.35,562,1.8733333333333333,0.3790035587188612,0.6938110749185668,0.4902186421173763,0.42502231475628327,0.4331349206349207,0.7679180887372014,0.9911894273127754,0.8653846153846154,68,2
union:thinking_recall_v1@0.1+grouped_event@0.6+latent_candidate_v3@0.35,562,1.8733333333333333,0.3790035587188612,0.6938110749185668,0.4902186421173763,0.42502231475628327,0.4331349206349207,0.7679180887372014,0.9911894273127754,0.8653846153846154,68,2
union:thinking_recall_v1@0.3+grouped_event@0.35+latent_candidate_v3@0.35,562,1.8733333333333333,0.3790035587188612,0.6938110749185668,0.4902186421173763,0.42502231475628327,0.4331349206349207,0.7679180887372014,0.9911894273127754,0.8653846153846154,68,2
union:thinking_recall_v1@0.3+grouped_event@0.45+latent_candidate_v3@0.35,562,1.8733333333333333,0.3790035587188612,0.6938110749185668,0.4902186421173763,0.42502231475628327,0.4331349206349207,0.7679180887372014,0.9911894273127754,0.8653846153846154,68,2
union:thinking_recall_v1@0.3+grouped_event@0.6+latent_candidate_v3@0.35,562,1.8733333333333333,0.3790035587188612,0.6938110749185668,0.4902186421173763,0.42502231475628327,0.4331349206349207,0.7679180887372014,0.9911894273127754,0.8653846153846154,68,2
union:baseline_balanced@0.1+grouped_event@0.35+latent_candidate_v3@0.35,554,1.8466666666666667,0.38086642599277976,0.6872964169381107,0.4901277584204414,0.4275963537102038,0.432484126984127,0.7671232876712328,0.986784140969163,0.8631984585741811,68,3
union:baseline_balanced@0.1+grouped_event@0.45+latent_candidate_v3@0.35,554,1.8466666666666667,0.38086642599277976,0.6872964169381107,0.4901277584204414,0.4275963537102038,0.432484126984127,0.7671232876712328,0.986784140969163,0.8631984585741811,68,3
union:baseline_balanced@0.1+grouped_event@0.6+latent_candidate_v3@0.35,554,1.8466666666666667,0.38086642599277976,0.6872964169381107,0.4901277584204414,0.4275963537102038,0.432484126984127,0.7671232876712328,0.986784140969163,0.8631984585741811,68,3
union:baseline_balanced@0.3+grouped_event@0.35+latent_candidate_v3@0.35,554,1.8466666666666667,0.38086642599277976,0.6872964169381107,0.4901277584204414,0.4275963537102038,0.432484126984127,0.7671232876712328,0.986784140969163,0.8631984585741811,68,3
union:baseline_balanced@0.3+grouped_event@0.45+latent_candidate_v3@0.35,554,1.8466666666666667,0.38086642599277976,0.6872964169381107,0.4901277584204414,0.4275963537102038,0.432484126984127,0.7671232876712328,0.986784140969163,0.8631984585741811,68,3
union:baseline_balanced@0.3+grouped_event@0.6+latent_candidate_v3@0.35,554,1.8466666666666667,0.38086642599277976,0.6872964169381107,0.4901277584204414,0.4275963537102038,0.432484126984127,0.7671232876712328,0.986784140969163,0.8631984585741811,68,3
union:baseline_balanced@0.35+grouped_event@0.35+latent_candidate_v3@0.35,508,1.6933333333333334,0.39173228346456695,0.6482084690553745,0.4883435582822086,0.4286291865522747,0.4268174603174603,0.773851590106007,0.9647577092511013,0.8588235294117647,64,8
union:baseline_balanced@0.35+grouped_event@0.45+latent_candidate_v3@0.35,508,1.6933333333333334,0.39173228346456695,0.6482084690553745,0.4883435582822086,0.4286291865522747,0.4268174603174603,0.773851590106007,0.9647577092511013,0.8588235294117647,64,8
union:baseline_balanced@0.35+grouped_event@0.6+latent_candidate_v3@0.35,508,1.6933333333333334,0.39173228346456695,0.6482084690553745,0.4883435582822086,0.4286291865522747,0.4268174603174603,0.773851590106007,0.9647577092511013,0.8588235294117647,64,8
union:baseline_balanced@0.45+grouped_event@0.35+latent_candidate_v3@0.35,508,1.6933333333333334,0.39173228346456695,0.6482084690553745,0.4883435582822086,0.4286291865522747,0.4268174603174603,0.773851590106007,0.9647577092511013,0.8588235294117647,64,8
union:baseline_balanced@0.45+grouped_event@0.45+latent_candidate_v3@0.35,508,1.6933333333333334,0.39173228346456695,0.6482084690553745,0.4883435582822086,0.4286291865522747,0.4268174603174603,0.773851590106007,0.9647577092511013,0.8588235294117647,64,8
union:baseline_balanced@0.45+grouped_event@0.6+latent_candidate_v3@0.35,508,1.6933333333333334,0.39173228346456695,0.6482084690553745,0.4883435582822086,0.4286291865522747,0.4268174603174603,0.773851590106007,0.9647577092511013,0.8588235294117647,64,8
union:baseline_balanced@0.6+grouped_event@0.35+latent_candidate_v3@0.35,508,1.6933333333333334,0.39173228346456695,0.6482084690553745,0.4883435582822086,0.4286291865522747,0.4268174603174603,0.773851590106007,0.9647577092511013,0.8588235294117647,64,8
union:baseline_balanced@0.6+grouped_event@0.45+latent_candidate_v3@0.35,508,1.6933333333333334,0.39173228346456695,0.6482084690553745,0.4883435582822086,0.4286291865522747,0.4268174603174603,0.773851590106007,0.9647577092511013,0.8588235294117647,64,8
union:baseline_balanced@0.6+grouped_event@0.6+latent_candidate_v3@0.35,508,1.6933333333333334,0.39173228346456695,0.6482084690553745,0.4883435582822086,0.4286291865522747,0.4268174603174603,0.773851590106007,0.9647577092511013,0.8588235294117647,64,8
baseline_balanced@0.1,236,0.7866666666666666,0.559322033898305,0.42996742671009774,0.4861878453038674,0.24686306757077944,0.5118888888888888,0.8732394366197183,0.8193832599118943,0.8454545454545455,27,41
baseline_balanced@0.15,236,0.7866666666666666,0.559322033898305,0.42996742671009774,0.4861878453038674,0.24686306757077944,0.5118888888888888,0.8732394366197183,0.8193832599118943,0.8454545454545455,27,41
baseline_balanced@0.2,236,0.7866666666666666,0.559322033898305,0.42996742671009774,0.4861878453038674,0.24686306757077944,0.5118888888888888,0.8732394366197183,0.8193832599118943,0.8454545454545455,27,41
baseline_balanced@0.25,236,0.7866666666666666,0.559322033898305,0.42996742671009774,0.4861878453038674,0.24686306757077944,0.5118888888888888,0.8732394366197183,0.8193832599118943,0.8454545454545455,27,41
baseline_balanced@0.3,236,0.7866666666666666,0.559322033898305,0.42996742671009774,0.4861878453038674,0.24686306757077944,0.5118888888888888,0.8732394366197183,0.8193832599118943,0.8454545454545455,27,41
union:baseline_balanced@0.35+thinking_recall_v1@0.35+latent_candidate_v3@0.3,604,2.013333333333333,0.3658940397350993,0.7198697068403909,0.48518111964873767,0.4217893215944648,0.41492063492063486,0.7566666666666667,1.0,0.8614800759013282,73,0
union:baseline_balanced@0.35+thinking_recall_v1@0.45+latent_candidate_v3@0.3,604,2.013333333333333,0.3658940397350993,0.7198697068403909,0.48518111964873767,0.4217893215944648,0.41492063492063486,0.7566666666666667,1.0,0.8614800759013282,73,0
union:baseline_balanced@0.35+thinking_recall_v1@0.6+latent_candidate_v3@0.3,604,2.013333333333333,0.3658940397350993,0.7198697068403909,0.48518111964873767,0.4217893215944648,0.41492063492063486,0.7566666666666667,1.0,0.8614800759013282,73,0
union:baseline_balanced@0.45+thinking_recall_v1@0.35+latent_candidate_v3@0.3,604,2.013333333333333,0.3658940397350993,0.7198697068403909,0.48518111964873767,0.4217893215944648,0.41492063492063486,0.7566666666666667,1.0,0.8614800759013282,73,0
union:baseline_balanced@0.45+thinking_recall_v1@0.45+latent_candidate_v3@0.3,604,2.013333333333333,0.3658940397350993,0.7198697068403909,0.48518111964873767,0.4217893215944648,0.41492063492063486,0.7566666666666667,1.0,0.8614800759013282,73,0
union:baseline_balanced@0.45+thinking_recall_v1@0.6+latent_candidate_v3@0.3,604,2.013333333333333,0.3658940397350993,0.7198697068403909,0.48518111964873767,0.4217893215944648,0.41492063492063486,0.7566666666666667,1.0,0.8614800759013282,73,0
union:baseline_balanced@0.6+thinking_recall_v1@0.35+latent_candidate_v3@0.3,604,2.013333333333333,0.3658940397350993,0.7198697068403909,0.48518111964873767,0.4217893215944648,0.41492063492063486,0.7566666666666667,1.0,0.8614800759013282,73,0
union:baseline_balanced@0.6+thinking_recall_v1@0.45+latent_candidate_v3@0.3,604,2.013333333333333,0.3658940397350993,0.7198697068403909,0.48518111964873767,0.4217893215944648,0.41492063492063486,0.7566666666666667,1.0,0.8614800759013282,73,0
union:baseline_balanced@0.6+thinking_recall_v1@0.6+latent_candidate_v3@0.3,604,2.013333333333333,0.3658940397350993,0.7198697068403909,0.48518111964873767,0.4217893215944648,0.41492063492063486,0.7566666666666667,1.0,0.8614800759013282,73,0
union:baseline_balanced@0.35+thinking_recall_v1@0.35+latent_candidate_v3@0.1,605,2.0166666666666666,0.3652892561983471,0.7198697068403909,0.48464912280701755,0.42161890214960607,0.41492063492063486,0.7566666666666667,1.0,0.8614800759013282,73,0
union:baseline_balanced@0.35+thinking_recall_v1@0.45+latent_candidate_v3@0.1,605,2.0166666666666666,0.3652892561983471,0.7198697068403909,0.48464912280701755,0.42161890214960607,0.41492063492063486,0.7566666666666667,1.0,0.8614800759013282,73,0
union:baseline_balanced@0.35+thinking_recall_v1@0.6+latent_candidate_v3@0.1,605,2.0166666666666666,0.3652892561983471,0.7198697068403909,0.48464912280701755,0.42161890214960607,0.41492063492063486,0.7566666666666667,1.0,0.8614800759013282,73,0
union:baseline_balanced@0.45+thinking_recall_v1@0.35+latent_candidate_v3@0.1,605,2.0166666666666666,0.3652892561983471,0.7198697068403909,0.48464912280701755,0.42161890214960607,0.41492063492063486,0.7566666666666667,1.0,0.8614800759013282,73,0
union:baseline_balanced@0.45+thinking_recall_v1@0.45+latent_candidate_v3@0.1,605,2.0166666666666666,0.3652892561983471,0.7198697068403909,0.48464912280701755,0.42161890214960607,0.41492063492063486,0.7566666666666667,1.0,0.8614800759013282,73,0
union:baseline_balanced@0.45+thinking_recall_v1@0.6+latent_candidate_v3@0.1,605,2.0166666666666666,0.3652892561983471,0.7198697068403909,0.48464912280701755,0.42161890214960607,0.41492063492063486,0.7566666666666667,1.0,0.8614800759013282,73,0
union:baseline_balanced@0.6+thinking_recall_v1@0.35+latent_candidate_v3@0.1,605,2.0166666666666666,0.3652892561983471,0.7198697068403909,0.48464912280701755,0.42161890214960607,0.41492063492063486,0.7566666666666667,1.0,0.8614800759013282,73,0
union:baseline_balanced@0.6+thinking_recall_v1@0.45+latent_candidate_v3@0.1,605,2.0166666666666666,0.3652892561983471,0.7198697068403909,0.48464912280701755,0.42161890214960607,0.41492063492063486,0.7566666666666667,1.0,0.8614800759013282,73,0
union:baseline_balanced@0.6+thinking_recall_v1@0.6+latent_candidate_v3@0.1,605,2.0166666666666666,0.3652892561983471,0.7198697068403909,0.48464912280701755,0.42161890214960607,0.41492063492063486,0.7566666666666667,1.0,0.8614800759013282,73,0
union:baseline_balanced@0.35+thinking_recall_v1@0.1+latent_candidate_v3@0.3,634,2.1133333333333333,0.3580441640378549,0.739413680781759,0.4824654622741764,0.4200296402092892,0.4223650793650792,0.7566666666666667,1.0,0.8614800759013282,73,0
union:baseline_balanced@0.35+thinking_recall_v1@0.3+latent_candidate_v3@0.3,634,2.1133333333333333,0.3580441640378549,0.739413680781759,0.4824654622741764,0.4200296402092892,0.4223650793650792,0.7566666666666667,1.0,0.8614800759013282,73,0
union:baseline_balanced@0.45+thinking_recall_v1@0.1+latent_candidate_v3@0.3,634,2.1133333333333333,0.3580441640378549,0.739413680781759,0.4824654622741764,0.4200296402092892,0.4223650793650792,0.7566666666666667,1.0,0.8614800759013282,73,0
union:baseline_balanced@0.45+thinking_recall_v1@0.3+latent_candidate_v3@0.3,634,2.1133333333333333,0.3580441640378549,0.739413680781759,0.4824654622741764,0.4200296402092892,0.4223650793650792,0.7566666666666667,1.0,0.8614800759013282,73,0
union:baseline_balanced@0.6+thinking_recall_v1@0.1+latent_candidate_v3@0.3,634,2.1133333333333333,0.3580441640378549,0.739413680781759,0.4824654622741764,0.4200296402092892,0.4223650793650792,0.7566666666666667,1.0,0.8614800759013282,73,0
union:baseline_balanced@0.6+thinking_recall_v1@0.3+latent_candidate_v3@0.3,634,2.1133333333333333,0.3580441640378549,0.739413680781759,0.4824654622741764,0.4200296402092892,0.4223650793650792,0.7566666666666667,1.0,0.8614800759013282,73,0
union:baseline_balanced@0.35+thinking_recall_v1@0.1+latent_candidate_v3@0.1,635,2.1166666666666667,0.35748031496062993,0.739413680781759,0.4819532908704883,0.4198684718627525,0.4223650793650792,0.7566666666666667,1.0,0.8614800759013282,73,0
union:baseline_balanced@0.35+thinking_recall_v1@0.3+latent_candidate_v3@0.1,635,2.1166666666666667,0.35748031496062993,0.739413680781759,0.4819532908704883,0.4198684718627525,0.4223650793650792,0.7566666666666667,1.0,0.8614800759013282,73,0
union:baseline_balanced@0.45+thinking_recall_v1@0.1+latent_candidate_v3@0.1,635,2.1166666666666667,0.35748031496062993,0.739413680781759,0.4819532908704883,0.4198684718627525,0.4223650793650792,0.7566666666666667,1.0,0.8614800759013282,73,0
union:baseline_balanced@0.45+thinking_recall_v1@0.3+latent_candidate_v3@0.1,635,2.1166666666666667,0.35748031496062993,0.739413680781759,0.4819532908704883,0.4198684718627525,0.4223650793650792,0.7566666666666667,1.0,0.8614800759013282,73,0
union:baseline_balanced@0.6+thinking_recall_v1@0.1+latent_candidate_v3@0.1,635,2.1166666666666667,0.35748031496062993,0.739413680781759,0.4819532908704883,0.4198684718627525,0.4223650793650792,0.7566666666666667,1.0,0.8614800759013282,73,0
union:baseline_balanced@0.6+thinking_recall_v1@0.3+latent_candidate_v3@0.1,635,2.1166666666666667,0.35748031496062993,0.739413680781759,0.4819532908704883,0.4198684718627525,0.4223650793650792,0.7566666666666667,1.0,0.8614800759013282,73,0
union:baseline_balanced@0.1+thinking_recall_v1@0.35+latent_candidate_v3@0.3,635,2.1166666666666667,0.35748031496062993,0.739413680781759,0.4819532908704883,0.41984606008914005,0.421031746031746,0.7566666666666667,1.0,0.8614800759013282,73,0
union:baseline_balanced@0.1+thinking_recall_v1@0.45+latent_candidate_v3@0.3,635,2.1166666666666667,0.35748031496062993,0.739413680781759,0.4819532908704883,0.41984606008914005,0.421031746031746,0.7566666666666667,1.0,0.8614800759013282,73,0
union:baseline_balanced@0.1+thinking_recall_v1@0.6+latent_candidate_v3@0.3,635,2.1166666666666667,0.35748031496062993,0.739413680781759,0.4819532908704883,0.41984606008914005,0.421031746031746,0.7566666666666667,1.0,0.8614800759013282,73,0
union:baseline_balanced@0.3+thinking_recall_v1@0.35+latent_candidate_v3@0.3,635,2.1166666666666667,0.35748031496062993,0.739413680781759,0.4819532908704883,0.41984606008914005,0.421031746031746,0.7566666666666667,1.0,0.8614800759013282,73,0
union:baseline_balanced@0.3+thinking_recall_v1@0.45+latent_candidate_v3@0.3,635,2.1166666666666667,0.35748031496062993,0.739413680781759,0.4819532908704883,0.41984606008914005,0.421031746031746,0.7566666666666667,1.0,0.8614800759013282,73,0
union:baseline_balanced@0.3+thinking_recall_v1@0.6+latent_candidate_v3@0.3,635,2.1166666666666667,0.35748031496062993,0.739413680781759,0.4819532908704883,0.41984606008914005,0.421031746031746,0.7566666666666667,1.0,0.8614800759013282,73,0
union:baseline_balanced@0.1+thinking_recall_v1@0.35+latent_candidate_v3@0.1,636,2.12,0.35691823899371067,0.739413680781759,0.4814422057264051,0.41968936569052134,0.421031746031746,0.7566666666666667,1.0,0.8614800759013282,73,0
union:baseline_balanced@0.1+thinking_recall_v1@0.45+latent_candidate_v3@0.1,636,2.12,0.35691823899371067,0.739413680781759,0.4814422057264051,0.41968936569052134,0.421031746031746,0.7566666666666667,1.0,0.8614800759013282,73,0
union:baseline_balanced@0.1+thinking_recall_v1@0.6+latent_candidate_v3@0.1,636,2.12,0.35691823899371067,0.739413680781759,0.4814422057264051,0.41968936569052134,0.421031746031746,0.7566666666666667,1.0,0.8614800759013282,73,0
union:baseline_balanced@0.3+thinking_recall_v1@0.35+latent_candidate_v3@0.1,636,2.12,0.35691823899371067,0.739413680781759,0.4814422057264051,0.41968936569052134,0.421031746031746,0.7566666666666667,1.0,0.8614800759013282,73,0
union:baseline_balanced@0.3+thinking_recall_v1@0.45+latent_candidate_v3@0.1,636,2.12,0.35691823899371067,0.739413680781759,0.4814422057264051,0.41968936569052134,0.421031746031746,0.7566666666666667,1.0,0.8614800759013282,73,0
union:baseline_balanced@0.3+thinking_recall_v1@0.6+latent_candidate_v3@0.1,636,2.12,0.35691823899371067,0.739413680781759,0.4814422057264051,0.41968936569052134,0.421031746031746,0.7566666666666667,1.0,0.8614800759013282,73,0
latent_candidate_v3@0.45,426,1.42,0.4131455399061033,0.5732899022801303,0.48021828103683495,0.45152837950628444,0.418,0.775,0.9559471365638766,0.8560157790927022,63,10
latent_candidate_v3@0.5,426,1.42,0.4131455399061033,0.5732899022801303,0.48021828103683495,0.45152837950628444,0.418,0.775,0.9559471365638766,0.8560157790927022,63,10
latent_candidate_v3@0.55,426,1.42,0.4131455399061033,0.5732899022801303,0.48021828103683495,0.45152837950628444,0.418,0.775,0.9559471365638766,0.8560157790927022,63,10
latent_candidate_v3@0.6,426,1.42,0.4131455399061033,0.5732899022801303,0.48021828103683495,0.45152837950628444,0.418,0.775,0.9559471365638766,0.8560157790927022,63,10
thinking_recall_v1@0.1,253,0.8433333333333334,0.5296442687747036,0.4364820846905538,0.4785714285714286,0.17976897244631798,0.4858888888888888,0.8291666666666667,0.8766519823788547,0.8522483940042827,41,28
thinking_recall_v1@0.15,253,0.8433333333333334,0.5296442687747036,0.4364820846905538,0.4785714285714286,0.17976897244631798,0.4858888888888888,0.8291666666666667,0.8766519823788547,0.8522483940042827,41,28
thinking_recall_v1@0.2,253,0.8433333333333334,0.5296442687747036,0.4364820846905538,0.4785714285714286,0.17976897244631798,0.4858888888888888,0.8291666666666667,0.8766519823788547,0.8522483940042827,41,28
thinking_recall_v1@0.25,253,0.8433333333333334,0.5296442687747036,0.4364820846905538,0.4785714285714286,0.17976897244631798,0.4858888888888888,0.8291666666666667,0.8766519823788547,0.8522483940042827,41,28
thinking_recall_v1@0.3,253,0.8433333333333334,0.5296442687747036,0.4364820846905538,0.4785714285714286,0.17976897244631798,0.4858888888888888,0.8291666666666667,0.8766519823788547,0.8522483940042827,41,28
union:baseline_balanced@0.1+thinking_recall_v1@0.1+latent_candidate_v3@0.3,656,2.1866666666666665,0.35060975609756095,0.749185667752443,0.47767393561786087,0.4182185410697205,0.4229206349206349,0.7566666666666667,1.0,0.8614800759013282,73,0
union:baseline_balanced@0.1+thinking_recall_v1@0.3+latent_candidate_v3@0.3,656,2.1866666666666665,0.35060975609756095,0.749185667752443,0.47767393561786087,0.4182185410697205,0.4229206349206349,0.7566666666666667,1.0,0.8614800759013282,73,0
union:baseline_balanced@0.3+thinking_recall_v1@0.1+latent_candidate_v3@0.3,656,2.1866666666666665,0.35060975609756095,0.749185667752443,0.47767393561786087,0.4182185410697205,0.4229206349206349,0.7566666666666667,1.0,0.8614800759013282,73,0
union:baseline_balanced@0.3+thinking_recall_v1@0.3+latent_candidate_v3@0.3,656,2.1866666666666665,0.35060975609756095,0.749185667752443,0.47767393561786087,0.4182185410697205,0.4229206349206349,0.7566666666666667,1.0,0.8614800759013282,73,0
union:baseline_balanced@0.1+thinking_recall_v1@0.1+latent_candidate_v3@0.1,657,2.19,0.350076103500761,0.749185667752443,0.47717842323651455,0.4180660848303077,0.4229206349206349,0.7566666666666667,1.0,0.8614800759013282,73,0
union:baseline_balanced@0.1+thinking_recall_v1@0.3+latent_candidate_v3@0.1,657,2.19,0.350076103500761,0.749185667752443,0.47717842323651455,0.4180660848303077,0.4229206349206349,0.7566666666666667,1.0,0.8614800759013282,73,0
union:baseline_balanced@0.3+thinking_recall_v1@0.1+latent_candidate_v3@0.1,657,2.19,0.350076103500761,0.749185667752443,0.47717842323651455,0.4180660848303077,0.4229206349206349,0.7566666666666667,1.0,0.8614800759013282,73,0
union:baseline_balanced@0.3+thinking_recall_v1@0.3+latent_candidate_v3@0.1,657,2.19,0.350076103500761,0.749185667752443,0.47717842323651455,0.4180660848303077,0.4229206349206349,0.7566666666666667,1.0,0.8614800759013282,73,0
union:thinking_recall_v1@0.1+latent_candidate_v3@0.3,625,2.0833333333333335,0.3552,0.7231270358306189,0.47639484978540775,0.4184308225178345,0.41592063492063486,0.7566666666666667,1.0,0.8614800759013282,73,0
union:thinking_recall_v1@0.3+latent_candidate_v3@0.3,625,2.0833333333333335,0.3552,0.7231270358306189,0.47639484978540775,0.4184308225178345,0.41592063492063486,0.7566666666666667,1.0,0.8614800759013282,73,0
latent_candidate_v3@0.35,432,1.44,0.4074074074074074,0.5732899022801303,0.476319350473613,0.4320507556808345,0.4151111111111111,0.775,0.9559471365638766,0.8560157790927022,63,10
latent_candidate_v3@0.4,432,1.44,0.4074074074074074,0.5732899022801303,0.476319350473613,0.4320507556808345,0.4151111111111111,0.775,0.9559471365638766,0.8560157790927022,63,10
union:thinking_recall_v1@0.1+latent_candidate_v3@0.1,626,2.0866666666666664,0.3546325878594249,0.7231270358306189,0.4758842443729904,0.41826891004581196,0.41592063492063486,0.7566666666666667,1.0,0.8614800759013282,73,0
union:thinking_recall_v1@0.3+latent_candidate_v3@0.1,626,2.0866666666666664,0.3546325878594249,0.7231270358306189,0.4758842443729904,0.41826891004581196,0.41592063492063486,0.7566666666666667,1.0,0.8614800759013282,73,0
thinking_recall_v1@0.35,168,0.56,0.6726190476190477,0.36807817589576547,0.47578947368421054,0.18965939528471823,0.5186666666666666,0.9235668789808917,0.6387665198237885,0.7552083333333334,12,82
thinking_recall_v1@0.4,168,0.56,0.6726190476190477,0.36807817589576547,0.47578947368421054,0.18965939528471823,0.5186666666666666,0.9235668789808917,0.6387665198237885,0.7552083333333334,12,82
thinking_recall_v1@0.45,168,0.56,0.6726190476190477,0.36807817589576547,0.47578947368421054,0.18965939528471823,0.5186666666666666,0.9235668789808917,0.6387665198237885,0.7552083333333334,12,82
thinking_recall_v1@0.5,168,0.56,0.6726190476190477,0.36807817589576547,0.47578947368421054,0.18965939528471823,0.5186666666666666,0.9235668789808917,0.6387665198237885,0.7552083333333334,12,82
thinking_recall_v1@0.55,168,0.56,0.6726190476190477,0.36807817589576547,0.47578947368421054,0.18965939528471823,0.5186666666666666,0.9235668789808917,0.6387665198237885,0.7552083333333334,12,82
thinking_recall_v1@0.6,168,0.56,0.6726190476190477,0.36807817589576547,0.47578947368421054,0.18965939528471823,0.5186666666666666,0.9235668789808917,0.6387665198237885,0.7552083333333334,12,82
union:thinking_recall_v1@0.35+latent_candidate_v3@0.3,593,1.9766666666666666,0.3608768971332209,0.6970684039087948,0.47555555555555556,0.41940263493465957,0.405142857142857,0.7566666666666667,1.0,0.8614800759013282,73,0
union:thinking_recall_v1@0.45+latent_candidate_v3@0.3,593,1.9766666666666666,0.3608768971332209,0.6970684039087948,0.47555555555555556,0.41940263493465957,0.405142857142857,0.7566666666666667,1.0,0.8614800759013282,73,0
union:thinking_recall_v1@0.6+latent_candidate_v3@0.3,593,1.9766666666666666,0.3608768971332209,0.6970684039087948,0.47555555555555556,0.41940263493465957,0.405142857142857,0.7566666666666667,1.0,0.8614800759013282,73,0
union:thinking_recall_v1@0.35+latent_candidate_v3@0.1,594,1.98,0.3602693602693603,0.6970684039087948,0.4750277469478357,0.4192328700590124,0.405142857142857,0.7566666666666667,1.0,0.8614800759013282,73,0
union:thinking_recall_v1@0.45+latent_candidate_v3@0.1,594,1.98,0.3602693602693603,0.6970684039087948,0.4750277469478357,0.4192328700590124,0.405142857142857,0.7566666666666667,1.0,0.8614800759013282,73,0
union:thinking_recall_v1@0.6+latent_candidate_v3@0.1,594,1.98,0.3602693602693603,0.6970684039087948,0.4750277469478357,0.4192328700590124,0.405142857142857,0.7566666666666667,1.0,0.8614800759013282,73,0
union:baseline_balanced@0.35+thinking_recall_v1@0.35+grouped_event@0.35+latent_candidate_v3@0.3,649,2.1633333333333336,0.34822804314329736,0.7361563517915309,0.47280334728033474,0.41841367939674556,0.4056164021164021,0.7566666666666667,1.0,0.8614800759013282,73,0
union:baseline_balanced@0.35+thinking_recall_v1@0.35+grouped_event@0.45+latent_candidate_v3@0.3,649,2.1633333333333336,0.34822804314329736,0.7361563517915309,0.47280334728033474,0.41841367939674556,0.4056164021164021,0.7566666666666667,1.0,0.8614800759013282,73,0
union:baseline_balanced@0.35+thinking_recall_v1@0.35+grouped_event@0.6+latent_candidate_v3@0.3,649,2.1633333333333336,0.34822804314329736,0.7361563517915309,0.47280334728033474,0.41841367939674556,0.4056164021164021,0.7566666666666667,1.0,0.8614800759013282,73,0
union:baseline_balanced@0.35+thinking_recall_v1@0.45+grouped_event@0.35+latent_candidate_v3@0.3,649,2.1633333333333336,0.34822804314329736,0.7361563517915309,0.47280334728033474,0.41841367939674556,0.4056164021164021,0.7566666666666667,1.0,0.8614800759013282,73,0
union:baseline_balanced@0.35+thinking_recall_v1@0.45+grouped_event@0.45+latent_candidate_v3@0.3,649,2.1633333333333336,0.34822804314329736,0.7361563517915309,0.47280334728033474,0.41841367939674556,0.4056164021164021,0.7566666666666667,1.0,0.8614800759013282,73,0
union:baseline_balanced@0.35+thinking_recall_v1@0.45+grouped_event@0.6+latent_candidate_v3@0.3,649,2.1633333333333336,0.34822804314329736,0.7361563517915309,0.47280334728033474,0.41841367939674556,0.4056164021164021,0.7566666666666667,1.0,0.8614800759013282,73,0
union:baseline_balanced@0.35+thinking_recall_v1@0.6+grouped_event@0.35+latent_candidate_v3@0.3,649,2.1633333333333336,0.34822804314329736,0.7361563517915309,0.47280334728033474,0.41841367939674556,0.4056164021164021,0.7566666666666667,1.0,0.8614800759013282,73,0
union:baseline_balanced@0.35+thinking_recall_v1@0.6+grouped_event@0.45+latent_candidate_v3@0.3,649,2.1633333333333336,0.34822804314329736,0.7361563517915309,0.47280334728033474,0.41841367939674556,0.4056164021164021,0.7566666666666667,1.0,0.8614800759013282,73,0
union:baseline_balanced@0.35+thinking_recall_v1@0.6+grouped_event@0.6+latent_candidate_v3@0.3,649,2.1633333333333336,0.34822804314329736,0.7361563517915309,0.47280334728033474,0.41841367939674556,0.4056164021164021,0.7566666666666667,1.0,0.8614800759013282,73,0
union:baseline_balanced@0.45+thinking_recall_v1@0.35+grouped_event@0.35+latent_candidate_v3@0.3,649,2.1633333333333336,0.34822804314329736,0.7361563517915309,0.47280334728033474,0.41841367939674556,0.4056164021164021,0.7566666666666667,1.0,0.8614800759013282,73,0
union:baseline_balanced@0.45+thinking_recall_v1@0.35+grouped_event@0.45+latent_candidate_v3@0.3,649,2.1633333333333336,0.34822804314329736,0.7361563517915309,0.47280334728033474,0.41841367939674556,0.4056164021164021,0.7566666666666667,1.0,0.8614800759013282,73,0
union:baseline_balanced@0.45+thinking_recall_v1@0.35+grouped_event@0.6+latent_candidate_v3@0.3,649,2.1633333333333336,0.34822804314329736,0.7361563517915309,0.47280334728033474,0.41841367939674556,0.4056164021164021,0.7566666666666667,1.0,0.8614800759013282,73,0
union:baseline_balanced@0.45+thinking_recall_v1@0.45+grouped_event@0.35+latent_candidate_v3@0.3,649,2.1633333333333336,0.34822804314329736,0.7361563517915309,0.47280334728033474,0.41841367939674556,0.4056164021164021,0.7566666666666667,1.0,0.8614800759013282,73,0
union:baseline_balanced@0.45+thinking_recall_v1@0.45+grouped_event@0.45+latent_candidate_v3@0.3,649,2.1633333333333336,0.34822804314329736,0.7361563517915309,0.47280334728033474,0.41841367939674556,0.4056164021164021,0.7566666666666667,1.0,0.8614800759013282,73,0
union:baseline_balanced@0.45+thinking_recall_v1@0.45+grouped_event@0.6+latent_candidate_v3@0.3,649,2.1633333333333336,0.34822804314329736,0.7361563517915309,0.47280334728033474,0.41841367939674556,0.4056164021164021,0.7566666666666667,1.0,0.8614800759013282,73,0
union:baseline_balanced@0.45+thinking_recall_v1@0.6+grouped_event@0.35+latent_candidate_v3@0.3,649,2.1633333333333336,0.34822804314329736,0.7361563517915309,0.47280334728033474,0.41841367939674556,0.4056164021164021,0.7566666666666667,1.0,0.8614800759013282,73,0
union:baseline_balanced@0.45+thinking_recall_v1@0.6+grouped_event@0.45+latent_candidate_v3@0.3,649,2.1633333333333336,0.34822804314329736,0.7361563517915309,0.47280334728033474,0.41841367939674556,0.4056164021164021,0.7566666666666667,1.0,0.8614800759013282,73,0
union:baseline_balanced@0.45+thinking_recall_v1@0.6+grouped_event@0.6+latent_candidate_v3@0.3,649,2.1633333333333336,0.34822804314329736,0.7361563517915309,0.47280334728033474,0.41841367939674556,0.4056164021164021,0.7566666666666667,1.0,0.8614800759013282,73,0
union:baseline_balanced@0.6+thinking_recall_v1@0.35+grouped_event@0.35+latent_candidate_v3@0.3,649,2.1633333333333336,0.34822804314329736,0.7361563517915309,0.47280334728033474,0.41841367939674556,0.4056164021164021,0.7566666666666667,1.0,0.8614800759013282,73,0
union:baseline_balanced@0.6+thinking_recall_v1@0.35+grouped_event@0.45+latent_candidate_v3@0.3,649,2.1633333333333336,0.34822804314329736,0.7361563517915309,0.47280334728033474,0.41841367939674556,0.4056164021164021,0.7566666666666667,1.0,0.8614800759013282,73,0
union:baseline_balanced@0.6+thinking_recall_v1@0.35+grouped_event@0.6+latent_candidate_v3@0.3,649,2.1633333333333336,0.34822804314329736,0.7361563517915309,0.47280334728033474,0.41841367939674556,0.4056164021164021,0.7566666666666667,1.0,0.8614800759013282,73,0
union:baseline_balanced@0.6+thinking_recall_v1@0.45+grouped_event@0.35+latent_candidate_v3@0.3,649,2.1633333333333336,0.34822804314329736,0.7361563517915309,0.47280334728033474,0.41841367939674556,0.4056164021164021,0.7566666666666667,1.0,0.8614800759013282,73,0
union:baseline_balanced@0.6+thinking_recall_v1@0.45+grouped_event@0.45+latent_candidate_v3@0.3,649,2.1633333333333336,0.34822804314329736,0.7361563517915309,0.47280334728033474,0.41841367939674556,0.4056164021164021,0.7566666666666667,1.0,0.8614800759013282,73,0
union:baseline_balanced@0.6+thinking_recall_v1@0.45+grouped_event@0.6+latent_candidate_v3@0.3,649,2.1633333333333336,0.34822804314329736,0.7361563517915309,0.47280334728033474,0.41841367939674556,0.4056164021164021,0.7566666666666667,1.0,0.8614800759013282,73,0
union:baseline_balanced@0.6+thinking_recall_v1@0.6+grouped_event@0.35+latent_candidate_v3@0.3,649,2.1633333333333336,0.34822804314329736,0.7361563517915309,0.47280334728033474,0.41841367939674556,0.4056164021164021,0.7566666666666667,1.0,0.8614800759013282,73,0
union:baseline_balanced@0.6+thinking_recall_v1@0.6+grouped_event@0.45+latent_candidate_v3@0.3,649,2.1633333333333336,0.34822804314329736,0.7361563517915309,0.47280334728033474,0.41841367939674556,0.4056164021164021,0.7566666666666667,1.0,0.8614800759013282,73,0
union:baseline_balanced@0.6+thinking_recall_v1@0.6+grouped_event@0.6+latent_candidate_v3@0.3,649,2.1633333333333336,0.34822804314329736,0.7361563517915309,0.47280334728033474,0.41841367939674556,0.4056164021164021,0.7566666666666667,1.0,0.8614800759013282,73,0
union:baseline_balanced@0.35+thinking_recall_v1@0.35+grouped_event@0.35+latent_candidate_v3@0.1,650,2.1666666666666665,0.3476923076923077,0.7361563517915309,0.4723092998955068,0.4182454171600497,0.4056164021164021,0.7566666666666667,1.0,0.8614800759013282,73,0
union:baseline_balanced@0.35+thinking_recall_v1@0.35+grouped_event@0.45+latent_candidate_v3@0.1,650,2.1666666666666665,0.3476923076923077,0.7361563517915309,0.4723092998955068,0.4182454171600497,0.4056164021164021,0.7566666666666667,1.0,0.8614800759013282,73,0
union:baseline_balanced@0.35+thinking_recall_v1@0.35+grouped_event@0.6+latent_candidate_v3@0.1,650,2.1666666666666665,0.3476923076923077,0.7361563517915309,0.4723092998955068,0.4182454171600497,0.4056164021164021,0.7566666666666667,1.0,0.8614800759013282,73,0
union:baseline_balanced@0.35+thinking_recall_v1@0.45+grouped_event@0.35+latent_candidate_v3@0.1,650,2.1666666666666665,0.3476923076923077,0.7361563517915309,0.4723092998955068,0.4182454171600497,0.4056164021164021,0.7566666666666667,1.0,0.8614800759013282,73,0
union:baseline_balanced@0.35+thinking_recall_v1@0.45+grouped_event@0.45+latent_candidate_v3@0.1,650,2.1666666666666665,0.3476923076923077,0.7361563517915309,0.4723092998955068,0.4182454171600497,0.4056164021164021,0.7566666666666667,1.0,0.8614800759013282,73,0
union:baseline_balanced@0.35+thinking_recall_v1@0.45+grouped_event@0.6+latent_candidate_v3@0.1,650,2.1666666666666665,0.3476923076923077,0.7361563517915309,0.4723092998955068,0.4182454171600497,0.4056164021164021,0.7566666666666667,1.0,0.8614800759013282,73,0
union:baseline_balanced@0.35+thinking_recall_v1@0.6+grouped_event@0.35+latent_candidate_v3@0.1,650,2.1666666666666665,0.3476923076923077,0.7361563517915309,0.4723092998955068,0.4182454171600497,0.4056164021164021,0.7566666666666667,1.0,0.8614800759013282,73,0
union:baseline_balanced@0.35+thinking_recall_v1@0.6+grouped_event@0.45+latent_candidate_v3@0.1,650,2.1666666666666665,0.3476923076923077,0.7361563517915309,0.4723092998955068,0.4182454171600497,0.4056164021164021,0.7566666666666667,1.0,0.8614800759013282,73,0
union:baseline_balanced@0.35+thinking_recall_v1@0.6+grouped_event@0.6+latent_candidate_v3@0.1,650,2.1666666666666665,0.3476923076923077,0.7361563517915309,0.4723092998955068,0.4182454171600497,0.4056164021164021,0.7566666666666667,1.0,0.8614800759013282,73,0
union:baseline_balanced@0.45+thinking_recall_v1@0.35+grouped_event@0.35+latent_candidate_v3@0.1,650,2.1666666666666665,0.3476923076923077,0.7361563517915309,0.4723092998955068,0.4182454171600497,0.4056164021164021,0.7566666666666667,1.0,0.8614800759013282,73,0
union:baseline_balanced@0.45+thinking_recall_v1@0.35+grouped_event@0.45+latent_candidate_v3@0.1,650,2.1666666666666665,0.3476923076923077,0.7361563517915309,0.4723092998955068,0.4182454171600497,0.4056164021164021,0.7566666666666667,1.0,0.8614800759013282,73,0
union:baseline_balanced@0.45+thinking_recall_v1@0.35+grouped_event@0.6+latent_candidate_v3@0.1,650,2.1666666666666665,0.3476923076923077,0.7361563517915309,0.4723092998955068,0.4182454171600497,0.4056164021164021,0.7566666666666667,1.0,0.8614800759013282,73,0
union:baseline_balanced@0.45+thinking_recall_v1@0.45+grouped_event@0.35+latent_candidate_v3@0.1,650,2.1666666666666665,0.3476923076923077,0.7361563517915309,0.4723092998955068,0.4182454171600497,0.4056164021164021,0.7566666666666667,1.0,0.8614800759013282,73,0
union:baseline_balanced@0.45+thinking_recall_v1@0.45+grouped_event@0.45+latent_candidate_v3@0.1,650,2.1666666666666665,0.3476923076923077,0.7361563517915309,0.4723092998955068,0.4182454171600497,0.4056164021164021,0.7566666666666667,1.0,0.8614800759013282,73,0
union:baseline_balanced@0.45+thinking_recall_v1@0.45+grouped_event@0.6+latent_candidate_v3@0.1,650,2.1666666666666665,0.3476923076923077,0.7361563517915309,0.4723092998955068,0.4182454171600497,0.4056164021164021,0.7566666666666667,1.0,0.8614800759013282,73,0
union:baseline_balanced@0.45+thinking_recall_v1@0.6+grouped_event@0.35+latent_candidate_v3@0.1,650,2.1666666666666665,0.3476923076923077,0.7361563517915309,0.4723092998955068,0.4182454171600497,0.4056164021164021,0.7566666666666667,1.0,0.8614800759013282,73,0
union:baseline_balanced@0.45+thinking_recall_v1@0.6+grouped_event@0.45+latent_candidate_v3@0.1,650,2.1666666666666665,0.3476923076923077,0.7361563517915309,0.4723092998955068,0.4182454171600497,0.4056164021164021,0.7566666666666667,1.0,0.8614800759013282,73,0
union:baseline_balanced@0.45+thinking_recall_v1@0.6+grouped_event@0.6+latent_candidate_v3@0.1,650,2.1666666666666665,0.3476923076923077,0.7361563517915309,0.4723092998955068,0.4182454171600497,0.4056164021164021,0.7566666666666667,1.0,0.8614800759013282,73,0
union:baseline_balanced@0.6+thinking_recall_v1@0.35+grouped_event@0.35+latent_candidate_v3@0.1,650,2.1666666666666665,0.3476923076923077,0.7361563517915309,0.4723092998955068,0.4182454171600497,0.4056164021164021,0.7566666666666667,1.0,0.8614800759013282,73,0
union:baseline_balanced@0.6+thinking_recall_v1@0.35+grouped_event@0.45+latent_candidate_v3@0.1,650,2.1666666666666665,0.3476923076923077,0.7361563517915309,0.4723092998955068,0.4182454171600497,0.4056164021164021,0.7566666666666667,1.0,0.8614800759013282,73,0
union:baseline_balanced@0.6+thinking_recall_v1@0.35+grouped_event@0.6+latent_candidate_v3@0.1,650,2.1666666666666665,0.3476923076923077,0.7361563517915309,0.4723092998955068,0.4182454171600497,0.4056164021164021,0.7566666666666667,1.0,0.8614800759013282,73,0
union:baseline_balanced@0.6+thinking_recall_v1@0.45+grouped_event@0.35+latent_candidate_v3@0.1,650,2.1666666666666665,0.3476923076923077,0.7361563517915309,0.4723092998955068,0.4182454171600497,0.4056164021164021,0.7566666666666667,1.0,0.8614800759013282,73,0
union:baseline_balanced@0.6+thinking_recall_v1@0.45+grouped_event@0.45+latent_candidate_v3@0.1,650,2.1666666666666665,0.3476923076923077,0.7361563517915309,0.4723092998955068,0.4182454171600497,0.4056164021164021,0.7566666666666667,1.0,0.8614800759013282,73,0
union:baseline_balanced@0.6+thinking_recall_v1@0.45+grouped_event@0.6+latent_candidate_v3@0.1,650,2.1666666666666665,0.3476923076923077,0.7361563517915309,0.4723092998955068,0.4182454171600497,0.4056164021164021,0.7566666666666667,1.0,0.8614800759013282,73,0
union:baseline_balanced@0.6+thinking_recall_v1@0.6+grouped_event@0.35+latent_candidate_v3@0.1,650,2.1666666666666665,0.3476923076923077,0.7361563517915309,0.4723092998955068,0.4182454171600497,0.4056164021164021,0.7566666666666667,1.0,0.8614800759013282,73,0
union:baseline_balanced@0.6+thinking_recall_v1@0.6+grouped_event@0.45+latent_candidate_v3@0.1,650,2.1666666666666665,0.3476923076923077,0.7361563517915309,0.4723092998955068,0.4182454171600497,0.4056164021164021,0.7566666666666667,1.0,0.8614800759013282,73,0
union:baseline_balanced@0.6+thinking_recall_v1@0.6+grouped_event@0.6+latent_candidate_v3@0.1,650,2.1666666666666665,0.3476923076923077,0.7361563517915309,0.4723092998955068,0.4182454171600497,0.4056164021164021,0.7566666666666667,1.0,0.8614800759013282,73,0
union:baseline_balanced@0.35+thinking_recall_v1@0.1+grouped_event@0.35+latent_candidate_v3@0.3,679,2.263333333333333,0.34167893961708395,0.755700325732899,0.47058823529411764,0.41687435079082036,0.4126164021164021,0.7566666666666667,1.0,0.8614800759013282,73,0
union:baseline_balanced@0.35+thinking_recall_v1@0.1+grouped_event@0.45+latent_candidate_v3@0.3,679,2.263333333333333,0.34167893961708395,0.755700325732899,0.47058823529411764,0.41687435079082036,0.4126164021164021,0.7566666666666667,1.0,0.8614800759013282,73,0
union:baseline_balanced@0.35+thinking_recall_v1@0.1+grouped_event@0.6+latent_candidate_v3@0.3,679,2.263333333333333,0.34167893961708395,0.755700325732899,0.47058823529411764,0.41687435079082036,0.4126164021164021,0.7566666666666667,1.0,0.8614800759013282,73,0
union:baseline_balanced@0.35+thinking_recall_v1@0.3+grouped_event@0.35+latent_candidate_v3@0.3,679,2.263333333333333,0.34167893961708395,0.755700325732899,0.47058823529411764,0.41687435079082036,0.4126164021164021,0.7566666666666667,1.0,0.8614800759013282,73,0
union:baseline_balanced@0.35+thinking_recall_v1@0.3+grouped_event@0.45+latent_candidate_v3@0.3,679,2.263333333333333,0.34167893961708395,0.755700325732899,0.47058823529411764,0.41687435079082036,0.4126164021164021,0.7566666666666667,1.0,0.8614800759013282,73,0
union:baseline_balanced@0.35+thinking_recall_v1@0.3+grouped_event@0.6+latent_candidate_v3@0.3,679,2.263333333333333,0.34167893961708395,0.755700325732899,0.47058823529411764,0.41687435079082036,0.4126164021164021,0.7566666666666667,1.0,0.8614800759013282,73,0
union:baseline_balanced@0.45+thinking_recall_v1@0.1+grouped_event@0.35+latent_candidate_v3@0.3,679,2.263333333333333,0.34167893961708395,0.755700325732899,0.47058823529411764,0.41687435079082036,0.4126164021164021,0.7566666666666667,1.0,0.8614800759013282,73,0
union:baseline_balanced@0.45+thinking_recall_v1@0.1+grouped_event@0.45+latent_candidate_v3@0.3,679,2.263333333333333,0.34167893961708395,0.755700325732899,0.47058823529411764,0.41687435079082036,0.4126164021164021,0.7566666666666667,1.0,0.8614800759013282,73,0
union:baseline_balanced@0.45+thinking_recall_v1@0.1+grouped_event@0.6+latent_candidate_v3@0.3,679,2.263333333333333,0.34167893961708395,0.755700325732899,0.47058823529411764,0.41687435079082036,0.4126164021164021,0.7566666666666667,1.0,0.8614800759013282,73,0
union:baseline_balanced@0.45+thinking_recall_v1@0.3+grouped_event@0.35+latent_candidate_v3@0.3,679,2.263333333333333,0.34167893961708395,0.755700325732899,0.47058823529411764,0.41687435079082036,0.4126164021164021,0.7566666666666667,1.0,0.8614800759013282,73,0
union:baseline_balanced@0.45+thinking_recall_v1@0.3+grouped_event@0.45+latent_candidate_v3@0.3,679,2.263333333333333,0.34167893961708395,0.755700325732899,0.47058823529411764,0.41687435079082036,0.4126164021164021,0.7566666666666667,1.0,0.8614800759013282,73,0
union:baseline_balanced@0.45+thinking_recall_v1@0.3+grouped_event@0.6+latent_candidate_v3@0.3,679,2.263333333333333,0.34167893961708395,0.755700325732899,0.47058823529411764,0.41687435079082036,0.4126164021164021,0.7566666666666667,1.0,0.8614800759013282,73,0
union:baseline_balanced@0.6+thinking_recall_v1@0.1+grouped_event@0.35+latent_candidate_v3@0.3,679,2.263333333333333,0.34167893961708395,0.755700325732899,0.47058823529411764,0.41687435079082036,0.4126164021164021,0.7566666666666667,1.0,0.8614800759013282,73,0
union:baseline_balanced@0.6+thinking_recall_v1@0.1+grouped_event@0.45+latent_candidate_v3@0.3,679,2.263333333333333,0.34167893961708395,0.755700325732899,0.47058823529411764,0.41687435079082036,0.4126164021164021,0.7566666666666667,1.0,0.8614800759013282,73,0
union:baseline_balanced@0.6+thinking_recall_v1@0.1+grouped_event@0.6+latent_candidate_v3@0.3,679,2.263333333333333,0.34167893961708395,0.755700325732899,0.47058823529411764,0.41687435079082036,0.4126164021164021,0.7566666666666667,1.0,0.8614800759013282,73,0
union:baseline_balanced@0.6+thinking_recall_v1@0.3+grouped_event@0.35+latent_candidate_v3@0.3,679,2.263333333333333,0.34167893961708395,0.755700325732899,0.47058823529411764,0.41687435079082036,0.4126164021164021,0.7566666666666667,1.0,0.8614800759013282,73,0
union:baseline_balanced@0.6+thinking_recall_v1@0.3+grouped_event@0.45+latent_candidate_v3@0.3,679,2.263333333333333,0.34167893961708395,0.755700325732899,0.47058823529411764,0.41687435079082036,0.4126164021164021,0.7566666666666667,1.0,0.8614800759013282,73,0
union:baseline_balanced@0.6+thinking_recall_v1@0.3+grouped_event@0.6+latent_candidate_v3@0.3,679,2.263333333333333,0.34167893961708395,0.755700325732899,0.47058823529411764,0.41687435079082036,0.4126164021164021,0.7566666666666667,1.0,0.8614800759013282,73,0
union:baseline_balanced@0.1+thinking_recall_v1@0.35+grouped_event@0.35+latent_candidate_v3@0.3,679,2.263333333333333,0.34167893961708395,0.755700325732899,0.47058823529411764,0.41678734591434563,0.41194973544973545,0.7566666666666667,1.0,0.8614800759013282,73,0
union:baseline_balanced@0.1+thinking_recall_v1@0.35+grouped_event@0.45+latent_candidate_v3@0.3,679,2.263333333333333,0.34167893961708395,0.755700325732899,0.47058823529411764,0.41678734591434563,0.41194973544973545,0.7566666666666667,1.0,0.8614800759013282,73,0
union:baseline_balanced@0.1+thinking_recall_v1@0.35+grouped_event@0.6+latent_candidate_v3@0.3,679,2.263333333333333,0.34167893961708395,0.755700325732899,0.47058823529411764,0.41678734591434563,0.41194973544973545,0.7566666666666667,1.0,0.8614800759013282,73,0
union:baseline_balanced@0.1+thinking_recall_v1@0.45+grouped_event@0.35+latent_candidate_v3@0.3,679,2.263333333333333,0.34167893961708395,0.755700325732899,0.47058823529411764,0.41678734591434563,0.41194973544973545,0.7566666666666667,1.0,0.8614800759013282,73,0
union:baseline_balanced@0.1+thinking_recall_v1@0.45+grouped_event@0.45+latent_candidate_v3@0.3,679,2.263333333333333,0.34167893961708395,0.755700325732899,0.47058823529411764,0.41678734591434563,0.41194973544973545,0.7566666666666667,1.0,0.8614800759013282,73,0
union:baseline_balanced@0.1+thinking_recall_v1@0.45+grouped_event@0.6+latent_candidate_v3@0.3,679,2.263333333333333,0.34167893961708395,0.755700325732899,0.47058823529411764,0.41678734591434563,0.41194973544973545,0.7566666666666667,1.0,0.8614800759013282,73,0
union:baseline_balanced@0.1+thinking_recall_v1@0.6+grouped_event@0.35+latent_candidate_v3@0.3,679,2.263333333333333,0.34167893961708395,0.755700325732899,0.47058823529411764,0.41678734591434563,0.41194973544973545,0.7566666666666667,1.0,0.8614800759013282,73,0
union:baseline_balanced@0.1+thinking_recall_v1@0.6+grouped_event@0.45+latent_candidate_v3@0.3,679,2.263333333333333,0.34167893961708395,0.755700325732899,0.47058823529411764,0.41678734591434563,0.41194973544973545,0.7566666666666667,1.0,0.8614800759013282,73,0
union:baseline_balanced@0.1+thinking_recall_v1@0.6+grouped_event@0.6+latent_candidate_v3@0.3,679,2.263333333333333,0.34167893961708395,0.755700325732899,0.47058823529411764,0.41678734591434563,0.41194973544973545,0.7566666666666667,1.0,0.8614800759013282,73,0
union:baseline_balanced@0.3+thinking_recall_v1@0.35+grouped_event@0.35+latent_candidate_v3@0.3,679,2.263333333333333,0.34167893961708395,0.755700325732899,0.47058823529411764,0.41678734591434563,0.41194973544973545,0.7566666666666667,1.0,0.8614800759013282,73,0
union:baseline_balanced@0.3+thinking_recall_v1@0.35+grouped_event@0.45+latent_candidate_v3@0.3,679,2.263333333333333,0.34167893961708395,0.755700325732899,0.47058823529411764,0.41678734591434563,0.41194973544973545,0.7566666666666667,1.0,0.8614800759013282,73,0
union:baseline_balanced@0.3+thinking_recall_v1@0.35+grouped_event@0.6+latent_candidate_v3@0.3,679,2.263333333333333,0.34167893961708395,0.755700325732899,0.47058823529411764,0.41678734591434563,0.41194973544973545,0.7566666666666667,1.0,0.8614800759013282,73,0
union:baseline_balanced@0.3+thinking_recall_v1@0.45+grouped_event@0.35+latent_candidate_v3@0.3,679,2.263333333333333,0.34167893961708395,0.755700325732899,0.47058823529411764,0.41678734591434563,0.41194973544973545,0.7566666666666667,1.0,0.8614800759013282,73,0
union:baseline_balanced@0.3+thinking_recall_v1@0.45+grouped_event@0.45+latent_candidate_v3@0.3,679,2.263333333333333,0.34167893961708395,0.755700325732899,0.47058823529411764,0.41678734591434563,0.41194973544973545,0.7566666666666667,1.0,0.8614800759013282,73,0
union:baseline_balanced@0.3+thinking_recall_v1@0.45+grouped_event@0.6+latent_candidate_v3@0.3,679,2.263333333333333,0.34167893961708395,0.755700325732899,0.47058823529411764,0.41678734591434563,0.41194973544973545,0.7566666666666667,1.0,0.8614800759013282,73,0
union:baseline_balanced@0.3+thinking_recall_v1@0.6+grouped_event@0.35+latent_candidate_v3@0.3,679,2.263333333333333,0.34167893961708395,0.755700325732899,0.47058823529411764,0.41678734591434563,0.41194973544973545,0.7566666666666667,1.0,0.8614800759013282,73,0
union:baseline_balanced@0.3+thinking_recall_v1@0.6+grouped_event@0.45+latent_candidate_v3@0.3,679,2.263333333333333,0.34167893961708395,0.755700325732899,0.47058823529411764,0.41678734591434563,0.41194973544973545,0.7566666666666667,1.0,0.8614800759013282,73,0
union:baseline_balanced@0.3+thinking_recall_v1@0.6+grouped_event@0.6+latent_candidate_v3@0.3,679,2.263333333333333,0.34167893961708395,0.755700325732899,0.47058823529411764,0.41678734591434563,0.41194973544973545,0.7566666666666667,1.0,0.8614800759013282,73,0
union:baseline_balanced@0.35+thinking_recall_v1@0.1+grouped_event@0.35+latent_candidate_v3@0.1,680,2.2666666666666666,0.3411764705882353,0.755700325732899,0.47011144883485306,0.4167150897619941,0.4126164021164021,0.7566666666666667,1.0,0.8614800759013282,73,0
union:baseline_balanced@0.35+thinking_recall_v1@0.1+grouped_event@0.45+latent_candidate_v3@0.1,680,2.2666666666666666,0.3411764705882353,0.755700325732899,0.47011144883485306,0.4167150897619941,0.4126164021164021,0.7566666666666667,1.0,0.8614800759013282,73,0
union:baseline_balanced@0.35+thinking_recall_v1@0.1+grouped_event@0.6+latent_candidate_v3@0.1,680,2.2666666666666666,0.3411764705882353,0.755700325732899,0.47011144883485306,0.4167150897619941,0.4126164021164021,0.7566666666666667,1.0,0.8614800759013282,73,0
union:baseline_balanced@0.35+thinking_recall_v1@0.3+grouped_event@0.35+latent_candidate_v3@0.1,680,2.2666666666666666,0.3411764705882353,0.755700325732899,0.47011144883485306,0.4167150897619941,0.4126164021164021,0.7566666666666667,1.0,0.8614800759013282,73,0
union:baseline_balanced@0.35+thinking_recall_v1@0.3+grouped_event@0.45+latent_candidate_v3@0.1,680,2.2666666666666666,0.3411764705882353,0.755700325732899,0.47011144883485306,0.4167150897619941,0.4126164021164021,0.7566666666666667,1.0,0.8614800759013282,73,0
union:baseline_balanced@0.35+thinking_recall_v1@0.3+grouped_event@0.6+latent_candidate_v3@0.1,680,2.2666666666666666,0.3411764705882353,0.755700325732899,0.47011144883485306,0.4167150897619941,0.4126164021164021,0.7566666666666667,1.0,0.8614800759013282,73,0
union:baseline_balanced@0.45+thinking_recall_v1@0.1+grouped_event@0.35+latent_candidate_v3@0.1,680,2.2666666666666666,0.3411764705882353,0.755700325732899,0.47011144883485306,0.4167150897619941,0.4126164021164021,0.7566666666666667,1.0,0.8614800759013282,73,0
union:baseline_balanced@0.45+thinking_recall_v1@0.1+grouped_event@0.45+latent_candidate_v3@0.1,680,2.2666666666666666,0.3411764705882353,0.755700325732899,0.47011144883485306,0.4167150897619941,0.4126164021164021,0.7566666666666667,1.0,0.8614800759013282,73,0
union:baseline_balanced@0.45+thinking_recall_v1@0.1+grouped_event@0.6+latent_candidate_v3@0.1,680,2.2666666666666666,0.3411764705882353,0.755700325732899,0.47011144883485306,0.4167150897619941,0.4126164021164021,0.7566666666666667,1.0,0.8614800759013282,73,0
union:baseline_balanced@0.45+thinking_recall_v1@0.3+grouped_event@0.35+latent_candidate_v3@0.1,680,2.2666666666666666,0.3411764705882353,0.755700325732899,0.47011144883485306,0.4167150897619941,0.4126164021164021,0.7566666666666667,1.0,0.8614800759013282,73,0
union:baseline_balanced@0.45+thinking_recall_v1@0.3+grouped_event@0.45+latent_candidate_v3@0.1,680,2.2666666666666666,0.3411764705882353,0.755700325732899,0.47011144883485306,0.4167150897619941,0.4126164021164021,0.7566666666666667,1.0,0.8614800759013282,73,0
union:baseline_balanced@0.45+thinking_recall_v1@0.3+grouped_event@0.6+latent_candidate_v3@0.1,680,2.2666666666666666,0.3411764705882353,0.755700325732899,0.47011144883485306,0.4167150897619941,0.4126164021164021,0.7566666666666667,1.0,0.8614800759013282,73,0
union:baseline_balanced@0.6+thinking_recall_v1@0.1+grouped_event@0.35+latent_candidate_v3@0.1,680,2.2666666666666666,0.3411764705882353,0.755700325732899,0.47011144883485306,0.4167150897619941,0.4126164021164021,0.7566666666666667,1.0,0.8614800759013282,73,0
union:baseline_balanced@0.6+thinking_recall_v1@0.1+grouped_event@0.45+latent_candidate_v3@0.1,680,2.2666666666666666,0.3411764705882353,0.755700325732899,0.47011144883485306,0.4167150897619941,0.4126164021164021,0.7566666666666667,1.0,0.8614800759013282,73,0
union:baseline_balanced@0.6+thinking_recall_v1@0.1+grouped_event@0.6+latent_candidate_v3@0.1,680,2.2666666666666666,0.3411764705882353,0.755700325732899,0.47011144883485306,0.4167150897619941,0.4126164021164021,0.7566666666666667,1.0,0.8614800759013282,73,0
union:baseline_balanced@0.6+thinking_recall_v1@0.3+grouped_event@0.35+latent_candidate_v3@0.1,680,2.2666666666666666,0.3411764705882353,0.755700325732899,0.47011144883485306,0.4167150897619941,0.4126164021164021,0.7566666666666667,1.0,0.8614800759013282,73,0
union:baseline_balanced@0.6+thinking_recall_v1@0.3+grouped_event@0.45+latent_candidate_v3@0.1,680,2.2666666666666666,0.3411764705882353,0.755700325732899,0.47011144883485306,0.4167150897619941,0.4126164021164021,0.7566666666666667,1.0,0.8614800759013282,73,0
union:baseline_balanced@0.6+thinking_recall_v1@0.3+grouped_event@0.6+latent_candidate_v3@0.1,680,2.2666666666666666,0.3411764705882353,0.755700325732899,0.47011144883485306,0.4167150897619941,0.4126164021164021,0.7566666666666667,1.0,0.8614800759013282,73,0
union:baseline_balanced@0.1+thinking_recall_v1@0.35+grouped_event@0.35+latent_candidate_v3@0.1,680,2.2666666666666666,0.3411764705882353,0.755700325732899,0.47011144883485306,0.4166324630116647,0.41194973544973545,0.7566666666666667,1.0,0.8614800759013282,73,0
union:baseline_balanced@0.1+thinking_recall_v1@0.35+grouped_event@0.45+latent_candidate_v3@0.1,680,2.2666666666666666,0.3411764705882353,0.755700325732899,0.47011144883485306,0.4166324630116647,0.41194973544973545,0.7566666666666667,1.0,0.8614800759013282,73,0
union:baseline_balanced@0.1+thinking_recall_v1@0.35+grouped_event@0.6+latent_candidate_v3@0.1,680,2.2666666666666666,0.3411764705882353,0.755700325732899,0.47011144883485306,0.4166324630116647,0.41194973544973545,0.7566666666666667,1.0,0.8614800759013282,73,0
union:baseline_balanced@0.1+thinking_recall_v1@0.45+grouped_event@0.35+latent_candidate_v3@0.1,680,2.2666666666666666,0.3411764705882353,0.755700325732899,0.47011144883485306,0.4166324630116647,0.41194973544973545,0.7566666666666667,1.0,0.8614800759013282,73,0
union:baseline_balanced@0.1+thinking_recall_v1@0.45+grouped_event@0.45+latent_candidate_v3@0.1,680,2.2666666666666666,0.3411764705882353,0.755700325732899,0.47011144883485306,0.4166324630116647,0.41194973544973545,0.7566666666666667,1.0,0.8614800759013282,73,0
union:baseline_balanced@0.1+thinking_recall_v1@0.45+grouped_event@0.6+latent_candidate_v3@0.1,680,2.2666666666666666,0.3411764705882353,0.755700325732899,0.47011144883485306,0.4166324630116647,0.41194973544973545,0.7566666666666667,1.0,0.8614800759013282,73,0
union:baseline_balanced@0.1+thinking_recall_v1@0.6+grouped_event@0.35+latent_candidate_v3@0.1,680,2.2666666666666666,0.3411764705882353,0.755700325732899,0.47011144883485306,0.4166324630116647,0.41194973544973545,0.7566666666666667,1.0,0.8614800759013282,73,0
union:baseline_balanced@0.1+thinking_recall_v1@0.6+grouped_event@0.45+latent_candidate_v3@0.1,680,2.2666666666666666,0.3411764705882353,0.755700325732899,0.47011144883485306,0.4166324630116647,0.41194973544973545,0.7566666666666667,1.0,0.8614800759013282,73,0
union:baseline_balanced@0.1+thinking_recall_v1@0.6+grouped_event@0.6+latent_candidate_v3@0.1,680,2.2666666666666666,0.3411764705882353,0.755700325732899,0.47011144883485306,0.4166324630116647,0.41194973544973545,0.7566666666666667,1.0,0.8614800759013282,73,0
union:baseline_balanced@0.3+thinking_recall_v1@0.35+grouped_event@0.35+latent_candidate_v3@0.1,680,2.2666666666666666,0.3411764705882353,0.755700325732899,0.47011144883485306,0.4166324630116647,0.41194973544973545,0.7566666666666667,1.0,0.8614800759013282,73,0
union:baseline_balanced@0.3+thinking_recall_v1@0.35+grouped_event@0.45+latent_candidate_v3@0.1,680,2.2666666666666666,0.3411764705882353,0.755700325732899,0.47011144883485306,0.4166324630116647,0.41194973544973545,0.7566666666666667,1.0,0.8614800759013282,73,0
union:baseline_balanced@0.3+thinking_recall_v1@0.35+grouped_event@0.6+latent_candidate_v3@0.1,680,2.2666666666666666,0.3411764705882353,0.755700325732899,0.47011144883485306,0.4166324630116647,0.41194973544973545,0.7566666666666667,1.0,0.8614800759013282,73,0
union:baseline_balanced@0.3+thinking_recall_v1@0.45+grouped_event@0.35+latent_candidate_v3@0.1,680,2.2666666666666666,0.3411764705882353,0.755700325732899,0.47011144883485306,0.4166324630116647,0.41194973544973545,0.7566666666666667,1.0,0.8614800759013282,73,0
union:baseline_balanced@0.3+thinking_recall_v1@0.45+grouped_event@0.45+latent_candidate_v3@0.1,680,2.2666666666666666,0.3411764705882353,0.755700325732899,0.47011144883485306,0.4166324630116647,0.41194973544973545,0.7566666666666667,1.0,0.8614800759013282,73,0
union:baseline_balanced@0.3+thinking_recall_v1@0.45+grouped_event@0.6+latent_candidate_v3@0.1,680,2.2666666666666666,0.3411764705882353,0.755700325732899,0.47011144883485306,0.4166324630116647,0.41194973544973545,0.7566666666666667,1.0,0.8614800759013282,73,0
union:baseline_balanced@0.3+thinking_recall_v1@0.6+grouped_event@0.35+latent_candidate_v3@0.1,680,2.2666666666666666,0.3411764705882353,0.755700325732899,0.47011144883485306,0.4166324630116647,0.41194973544973545,0.7566666666666667,1.0,0.8614800759013282,73,0
union:baseline_balanced@0.3+thinking_recall_v1@0.6+grouped_event@0.45+latent_candidate_v3@0.1,680,2.2666666666666666,0.3411764705882353,0.755700325732899,0.47011144883485306,0.4166324630116647,0.41194973544973545,0.7566666666666667,1.0,0.8614800759013282,73,0
union:baseline_balanced@0.3+thinking_recall_v1@0.6+grouped_event@0.6+latent_candidate_v3@0.1,680,2.2666666666666666,0.3411764705882353,0.755700325732899,0.47011144883485306,0.4166324630116647,0.41194973544973545,0.7566666666666667,1.0,0.8614800759013282,73,0
union:baseline_balanced@0.1+latent_candidate_v3@0.3,619,2.0633333333333335,0.3505654281098546,0.7068403908794788,0.468682505399568,0.4180515453364094,0.40946031746031747,0.7566666666666667,1.0,0.8614800759013282,73,0
union:baseline_balanced@0.3+latent_candidate_v3@0.3,619,2.0633333333333335,0.3505654281098546,0.7068403908794788,0.468682505399568,0.4180515453364094,0.40946031746031747,0.7566666666666667,1.0,0.8614800759013282,73,0
union:baseline_balanced@0.1+latent_candidate_v3@0.1,620,2.066666666666667,0.35,0.7068403908794788,0.46817691477885653,0.4178892215954904,0.40946031746031747,0.7566666666666667,1.0,0.8614800759013282,73,0
union:baseline_balanced@0.3+latent_candidate_v3@0.1,620,2.066666666666667,0.35,0.7068403908794788,0.46817691477885653,0.4178892215954904,0.40946031746031747,0.7566666666666667,1.0,0.8614800759013282,73,0
union:baseline_balanced@0.35+latent_candidate_v3@0.3,579,1.93,0.35751295336787564,0.6742671009771987,0.4672686230248307,0.41904203943031143,0.39646031746031746,0.7566666666666667,1.0,0.8614800759013282,73,0
union:baseline_balanced@0.45+latent_candidate_v3@0.3,579,1.93,0.35751295336787564,0.6742671009771987,0.4672686230248307,0.41904203943031143,0.39646031746031746,0.7566666666666667,1.0,0.8614800759013282,73,0
union:baseline_balanced@0.6+latent_candidate_v3@0.3,579,1.93,0.35751295336787564,0.6742671009771987,0.4672686230248307,0.41904203943031143,0.39646031746031746,0.7566666666666667,1.0,0.8614800759013282,73,0
union:baseline_balanced@0.35+latent_candidate_v3@0.1,580,1.9333333333333333,0.3568965517241379,0.6742671009771987,0.46674182638105977,0.4188625626052564,0.39646031746031746,0.7566666666666667,1.0,0.8614800759013282,73,0
union:baseline_balanced@0.45+latent_candidate_v3@0.1,580,1.9333333333333333,0.3568965517241379,0.6742671009771987,0.46674182638105977,0.4188625626052564,0.39646031746031746,0.7566666666666667,1.0,0.8614800759013282,73,0
union:baseline_balanced@0.6+latent_candidate_v3@0.1,580,1.9333333333333333,0.3568965517241379,0.6742671009771987,0.46674182638105977,0.4188625626052564,0.39646031746031746,0.7566666666666667,1.0,0.8614800759013282,73,0
union:baseline_balanced@0.1+thinking_recall_v1@0.1+grouped_event@0.35+latent_candidate_v3@0.3,700,2.3333333333333335,0.3357142857142857,0.7654723127035831,0.4667328699106256,0.415286767181497,0.41339417989417987,0.7566666666666667,1.0,0.8614800759013282,73,0
union:baseline_balanced@0.1+thinking_recall_v1@0.1+grouped_event@0.45+latent_candidate_v3@0.3,700,2.3333333333333335,0.3357142857142857,0.7654723127035831,0.4667328699106256,0.415286767181497,0.41339417989417987,0.7566666666666667,1.0,0.8614800759013282,73,0
union:baseline_balanced@0.1+thinking_recall_v1@0.1+grouped_event@0.6+latent_candidate_v3@0.3,700,2.3333333333333335,0.3357142857142857,0.7654723127035831,0.4667328699106256,0.415286767181497,0.41339417989417987,0.7566666666666667,1.0,0.8614800759013282,73,0
union:baseline_balanced@0.1+thinking_recall_v1@0.3+grouped_event@0.35+latent_candidate_v3@0.3,700,2.3333333333333335,0.3357142857142857,0.7654723127035831,0.4667328699106256,0.415286767181497,0.41339417989417987,0.7566666666666667,1.0,0.8614800759013282,73,0
union:baseline_balanced@0.1+thinking_recall_v1@0.3+grouped_event@0.45+latent_candidate_v3@0.3,700,2.3333333333333335,0.3357142857142857,0.7654723127035831,0.4667328699106256,0.415286767181497,0.41339417989417987,0.7566666666666667,1.0,0.8614800759013282,73,0
union:baseline_balanced@0.1+thinking_recall_v1@0.3+grouped_event@0.6+latent_candidate_v3@0.3,700,2.3333333333333335,0.3357142857142857,0.7654723127035831,0.4667328699106256,0.415286767181497,0.41339417989417987,0.7566666666666667,1.0,0.8614800759013282,73,0
union:baseline_balanced@0.3+thinking_recall_v1@0.1+grouped_event@0.35+latent_candidate_v3@0.3,700,2.3333333333333335,0.3357142857142857,0.7654723127035831,0.4667328699106256,0.415286767181497,0.41339417989417987,0.7566666666666667,1.0,0.8614800759013282,73,0
union:baseline_balanced@0.3+thinking_recall_v1@0.1+grouped_event@0.45+latent_candidate_v3@0.3,700,2.3333333333333335,0.3357142857142857,0.7654723127035831,0.4667328699106256,0.415286767181497,0.41339417989417987,0.7566666666666667,1.0,0.8614800759013282,73,0
union:baseline_balanced@0.3+thinking_recall_v1@0.1+grouped_event@0.6+latent_candidate_v3@0.3,700,2.3333333333333335,0.3357142857142857,0.7654723127035831,0.4667328699106256,0.415286767181497,0.41339417989417987,0.7566666666666667,1.0,0.8614800759013282,73,0
union:baseline_balanced@0.3+thinking_recall_v1@0.3+grouped_event@0.35+latent_candidate_v3@0.3,700,2.3333333333333335,0.3357142857142857,0.7654723127035831,0.4667328699106256,0.415286767181497,0.41339417989417987,0.7566666666666667,1.0,0.8614800759013282,73,0
union:baseline_balanced@0.3+thinking_recall_v1@0.3+grouped_event@0.45+latent_candidate_v3@0.3,700,2.3333333333333335,0.3357142857142857,0.7654723127035831,0.4667328699106256,0.415286767181497,0.41339417989417987,0.7566666666666667,1.0,0.8614800759013282,73,0
union:baseline_balanced@0.3+thinking_recall_v1@0.3+grouped_event@0.6+latent_candidate_v3@0.3,700,2.3333333333333335,0.3357142857142857,0.7654723127035831,0.4667328699106256,0.415286767181497,0.41339417989417987,0.7566666666666667,1.0,0.8614800759013282,73,0
union:grouped_event@0.35+latent_candidate_v3@0.45,486,1.62,0.38065843621399176,0.6026058631921825,0.4665825977301387,0.434099352857438,0.40724603174603174,0.7730496453900709,0.960352422907489,0.8565815324165029,64,9
union:grouped_event@0.35+latent_candidate_v3@0.6,486,1.62,0.38065843621399176,0.6026058631921825,0.4665825977301387,0.434099352857438,0.40724603174603174,0.7730496453900709,0.960352422907489,0.8565815324165029,64,9
union:grouped_event@0.45+latent_candidate_v3@0.45,486,1.62,0.38065843621399176,0.6026058631921825,0.4665825977301387,0.434099352857438,0.40724603174603174,0.7730496453900709,0.960352422907489,0.8565815324165029,64,9
union:grouped_event@0.45+latent_candidate_v3@0.6,486,1.62,0.38065843621399176,0.6026058631921825,0.4665825977301387,0.434099352857438,0.40724603174603174,0.7730496453900709,0.960352422907489,0.8565815324165029,64,9
union:grouped_event@0.6+latent_candidate_v3@0.45,486,1.62,0.38065843621399176,0.6026058631921825,0.4665825977301387,0.434099352857438,0.40724603174603174,0.7730496453900709,0.960352422907489,0.8565815324165029,64,9
union:grouped_event@0.6+latent_candidate_v3@0.6,486,1.62,0.38065843621399176,0.6026058631921825,0.4665825977301387,0.434099352857438,0.40724603174603174,0.7730496453900709,0.960352422907489,0.8565815324165029,64,9
union:baseline_balanced@0.1+thinking_recall_v1@0.1+grouped_event@0.35+latent_candidate_v3@0.1,701,2.3366666666666664,0.33523537803138376,0.7654723127035831,0.4662698412698413,0.4151360336114561,0.41339417989417987,0.7566666666666667,1.0,0.8614800759013282,73,0
union:baseline_balanced@0.1+thinking_recall_v1@0.1+grouped_event@0.45+latent_candidate_v3@0.1,701,2.3366666666666664,0.33523537803138376,0.7654723127035831,0.4662698412698413,0.4151360336114561,0.41339417989417987,0.7566666666666667,1.0,0.8614800759013282,73,0
union:baseline_balanced@0.1+thinking_recall_v1@0.1+grouped_event@0.6+latent_candidate_v3@0.1,701,2.3366666666666664,0.33523537803138376,0.7654723127035831,0.4662698412698413,0.4151360336114561,0.41339417989417987,0.7566666666666667,1.0,0.8614800759013282,73,0
union:baseline_balanced@0.1+thinking_recall_v1@0.3+grouped_event@0.35+latent_candidate_v3@0.1,701,2.3366666666666664,0.33523537803138376,0.7654723127035831,0.4662698412698413,0.4151360336114561,0.41339417989417987,0.7566666666666667,1.0,0.8614800759013282,73,0
union:baseline_balanced@0.1+thinking_recall_v1@0.3+grouped_event@0.45+latent_candidate_v3@0.1,701,2.3366666666666664,0.33523537803138376,0.7654723127035831,0.4662698412698413,0.4151360336114561,0.41339417989417987,0.7566666666666667,1.0,0.8614800759013282,73,0
union:baseline_balanced@0.1+thinking_recall_v1@0.3+grouped_event@0.6+latent_candidate_v3@0.1,701,2.3366666666666664,0.33523537803138376,0.7654723127035831,0.4662698412698413,0.4151360336114561,0.41339417989417987,0.7566666666666667,1.0,0.8614800759013282,73,0
union:baseline_balanced@0.3+thinking_recall_v1@0.1+grouped_event@0.35+latent_candidate_v3@0.1,701,2.3366666666666664,0.33523537803138376,0.7654723127035831,0.4662698412698413,0.4151360336114561,0.41339417989417987,0.7566666666666667,1.0,0.8614800759013282,73,0
union:baseline_balanced@0.3+thinking_recall_v1@0.1+grouped_event@0.45+latent_candidate_v3@0.1,701,2.3366666666666664,0.33523537803138376,0.7654723127035831,0.4662698412698413,0.4151360336114561,0.41339417989417987,0.7566666666666667,1.0,0.8614800759013282,73,0
union:baseline_balanced@0.3+thinking_recall_v1@0.1+grouped_event@0.6+latent_candidate_v3@0.1,701,2.3366666666666664,0.33523537803138376,0.7654723127035831,0.4662698412698413,0.4151360336114561,0.41339417989417987,0.7566666666666667,1.0,0.8614800759013282,73,0
union:baseline_balanced@0.3+thinking_recall_v1@0.3+grouped_event@0.35+latent_candidate_v3@0.1,701,2.3366666666666664,0.33523537803138376,0.7654723127035831,0.4662698412698413,0.4151360336114561,0.41339417989417987,0.7566666666666667,1.0,0.8614800759013282,73,0
union:baseline_balanced@0.3+thinking_recall_v1@0.3+grouped_event@0.45+latent_candidate_v3@0.1,701,2.3366666666666664,0.33523537803138376,0.7654723127035831,0.4662698412698413,0.4151360336114561,0.41339417989417987,0.7566666666666667,1.0,0.8614800759013282,73,0
union:baseline_balanced@0.3+thinking_recall_v1@0.3+grouped_event@0.6+latent_candidate_v3@0.1,701,2.3366666666666664,0.33523537803138376,0.7654723127035831,0.4662698412698413,0.4151360336114561,0.41339417989417987,0.7566666666666667,1.0,0.8614800759013282,73,0
union:thinking_recall_v1@0.1+grouped_event@0.35+latent_candidate_v3@0.3,672,2.24,0.33779761904761907,0.739413680781759,0.4637385086823289,0.4150347278160211,0.4060608465608465,0.7566666666666667,1.0,0.8614800759013282,73,0
union:thinking_recall_v1@0.1+grouped_event@0.45+latent_candidate_v3@0.3,672,2.24,0.33779761904761907,0.739413680781759,0.4637385086823289,0.4150347278160211,0.4060608465608465,0.7566666666666667,1.0,0.8614800759013282,73,0
union:thinking_recall_v1@0.1+grouped_event@0.6+latent_candidate_v3@0.3,672,2.24,0.33779761904761907,0.739413680781759,0.4637385086823289,0.4150347278160211,0.4060608465608465,0.7566666666666667,1.0,0.8614800759013282,73,0
union:thinking_recall_v1@0.3+grouped_event@0.35+latent_candidate_v3@0.3,672,2.24,0.33779761904761907,0.739413680781759,0.4637385086823289,0.4150347278160211,0.4060608465608465,0.7566666666666667,1.0,0.8614800759013282,73,0
union:thinking_recall_v1@0.3+grouped_event@0.45+latent_candidate_v3@0.3,672,2.24,0.33779761904761907,0.739413680781759,0.4637385086823289,0.4150347278160211,0.4060608465608465,0.7566666666666667,1.0,0.8614800759013282,73,0
union:thinking_recall_v1@0.3+grouped_event@0.6+latent_candidate_v3@0.3,672,2.24,0.33779761904761907,0.739413680781759,0.4637385086823289,0.4150347278160211,0.4060608465608465,0.7566666666666667,1.0,0.8614800759013282,73,0
union:grouped_event@0.35+latent_candidate_v3@0.35,491,1.6366666666666667,0.37678207739307534,0.6026058631921825,0.46365914786967416,0.4220005666605944,0.4051349206349206,0.7730496453900709,0.960352422907489,0.8565815324165029,64,9
union:grouped_event@0.45+latent_candidate_v3@0.35,491,1.6366666666666667,0.37678207739307534,0.6026058631921825,0.46365914786967416,0.4220005666605944,0.4051349206349206,0.7730496453900709,0.960352422907489,0.8565815324165029,64,9
union:grouped_event@0.6+latent_candidate_v3@0.35,491,1.6366666666666667,0.37678207739307534,0.6026058631921825,0.46365914786967416,0.4220005666605944,0.4051349206349206,0.7730496453900709,0.960352422907489,0.8565815324165029,64,9
union:thinking_recall_v1@0.1+grouped_event@0.35+latent_candidate_v3@0.1,673,2.243333333333333,0.337295690936107,0.739413680781759,0.463265306122449,0.41487665886076386,0.4060608465608465,0.7566666666666667,1.0,0.8614800759013282,73,0
union:thinking_recall_v1@0.1+grouped_event@0.45+latent_candidate_v3@0.1,673,2.243333333333333,0.337295690936107,0.739413680781759,0.463265306122449,0.41487665886076386,0.4060608465608465,0.7566666666666667,1.0,0.8614800759013282,73,0
union:thinking_recall_v1@0.1+grouped_event@0.6+latent_candidate_v3@0.1,673,2.243333333333333,0.337295690936107,0.739413680781759,0.463265306122449,0.41487665886076386,0.4060608465608465,0.7566666666666667,1.0,0.8614800759013282,73,0
union:thinking_recall_v1@0.3+grouped_event@0.35+latent_candidate_v3@0.1,673,2.243333333333333,0.337295690936107,0.739413680781759,0.463265306122449,0.41487665886076386,0.4060608465608465,0.7566666666666667,1.0,0.8614800759013282,73,0
union:thinking_recall_v1@0.3+grouped_event@0.45+latent_candidate_v3@0.1,673,2.243333333333333,0.337295690936107,0.739413680781759,0.463265306122449,0.41487665886076386,0.4060608465608465,0.7566666666666667,1.0,0.8614800759013282,73,0
union:thinking_recall_v1@0.3+grouped_event@0.6+latent_candidate_v3@0.1,673,2.243333333333333,0.337295690936107,0.739413680781759,0.463265306122449,0.41487665886076386,0.4060608465608465,0.7566666666666667,1.0,0.8614800759013282,73,0
union:thinking_recall_v1@0.35+grouped_event@0.35+latent_candidate_v3@0.3,640,2.1333333333333333,0.3421875,0.7133550488599348,0.4625131995776135,0.41574838244489914,0.3957275132275132,0.7566666666666667,1.0,0.8614800759013282,73,0
union:thinking_recall_v1@0.35+grouped_event@0.45+latent_candidate_v3@0.3,640,2.1333333333333333,0.3421875,0.7133550488599348,0.4625131995776135,0.41574838244489914,0.3957275132275132,0.7566666666666667,1.0,0.8614800759013282,73,0
union:thinking_recall_v1@0.35+grouped_event@0.6+latent_candidate_v3@0.3,640,2.1333333333333333,0.3421875,0.7133550488599348,0.4625131995776135,0.41574838244489914,0.3957275132275132,0.7566666666666667,1.0,0.8614800759013282,73,0
union:thinking_recall_v1@0.45+grouped_event@0.35+latent_candidate_v3@0.3,640,2.1333333333333333,0.3421875,0.7133550488599348,0.4625131995776135,0.41574838244489914,0.3957275132275132,0.7566666666666667,1.0,0.8614800759013282,73,0
union:thinking_recall_v1@0.45+grouped_event@0.45+latent_candidate_v3@0.3,640,2.1333333333333333,0.3421875,0.7133550488599348,0.4625131995776135,0.41574838244489914,0.3957275132275132,0.7566666666666667,1.0,0.8614800759013282,73,0
union:thinking_recall_v1@0.45+grouped_event@0.6+latent_candidate_v3@0.3,640,2.1333333333333333,0.3421875,0.7133550488599348,0.4625131995776135,0.41574838244489914,0.3957275132275132,0.7566666666666667,1.0,0.8614800759013282,73,0
union:thinking_recall_v1@0.6+grouped_event@0.35+latent_candidate_v3@0.3,640,2.1333333333333333,0.3421875,0.7133550488599348,0.4625131995776135,0.41574838244489914,0.3957275132275132,0.7566666666666667,1.0,0.8614800759013282,73,0
union:thinking_recall_v1@0.6+grouped_event@0.45+latent_candidate_v3@0.3,640,2.1333333333333333,0.3421875,0.7133550488599348,0.4625131995776135,0.41574838244489914,0.3957275132275132,0.7566666666666667,1.0,0.8614800759013282,73,0
union:thinking_recall_v1@0.6+grouped_event@0.6+latent_candidate_v3@0.3,640,2.1333333333333333,0.3421875,0.7133550488599348,0.4625131995776135,0.41574838244489914,0.3957275132275132,0.7566666666666667,1.0,0.8614800759013282,73,0
union:thinking_recall_v1@0.35+grouped_event@0.35+latent_candidate_v3@0.1,641,2.1366666666666667,0.3416536661466459,0.7133550488599348,0.4620253164556962,0.4155829564730215,0.3957275132275132,0.7566666666666667,1.0,0.8614800759013282,73,0
union:thinking_recall_v1@0.35+grouped_event@0.45+latent_candidate_v3@0.1,641,2.1366666666666667,0.3416536661466459,0.7133550488599348,0.4620253164556962,0.4155829564730215,0.3957275132275132,0.7566666666666667,1.0,0.8614800759013282,73,0
union:thinking_recall_v1@0.35+grouped_event@0.6+latent_candidate_v3@0.1,641,2.1366666666666667,0.3416536661466459,0.7133550488599348,0.4620253164556962,0.4155829564730215,0.3957275132275132,0.7566666666666667,1.0,0.8614800759013282,73,0
union:thinking_recall_v1@0.45+grouped_event@0.35+latent_candidate_v3@0.1,641,2.1366666666666667,0.3416536661466459,0.7133550488599348,0.4620253164556962,0.4155829564730215,0.3957275132275132,0.7566666666666667,1.0,0.8614800759013282,73,0
union:thinking_recall_v1@0.45+grouped_event@0.45+latent_candidate_v3@0.1,641,2.1366666666666667,0.3416536661466459,0.7133550488599348,0.4620253164556962,0.4155829564730215,0.3957275132275132,0.7566666666666667,1.0,0.8614800759013282,73,0
union:thinking_recall_v1@0.45+grouped_event@0.6+latent_candidate_v3@0.1,641,2.1366666666666667,0.3416536661466459,0.7133550488599348,0.4620253164556962,0.4155829564730215,0.3957275132275132,0.7566666666666667,1.0,0.8614800759013282,73,0
union:thinking_recall_v1@0.6+grouped_event@0.35+latent_candidate_v3@0.1,641,2.1366666666666667,0.3416536661466459,0.7133550488599348,0.4620253164556962,0.4155829564730215,0.3957275132275132,0.7566666666666667,1.0,0.8614800759013282,73,0
union:thinking_recall_v1@0.6+grouped_event@0.45+latent_candidate_v3@0.1,641,2.1366666666666667,0.3416536661466459,0.7133550488599348,0.4620253164556962,0.4155829564730215,0.3957275132275132,0.7566666666666667,1.0,0.8614800759013282,73,0
union:thinking_recall_v1@0.6+grouped_event@0.6+latent_candidate_v3@0.1,641,2.1366666666666667,0.3416536661466459,0.7133550488599348,0.4620253164556962,0.4155829564730215,0.3957275132275132,0.7566666666666667,1.0,0.8614800759013282,73,0
union:baseline_balanced@0.1+grouped_event@0.35+latent_candidate_v3@0.3,665,2.216666666666667,0.3368421052631579,0.7296416938110749,0.4609053497942387,0.41587826823858143,0.40280158730158727,0.7566666666666667,1.0,0.8614800759013282,73,0
union:baseline_balanced@0.1+grouped_event@0.45+latent_candidate_v3@0.3,665,2.216666666666667,0.3368421052631579,0.7296416938110749,0.4609053497942387,0.41587826823858143,0.40280158730158727,0.7566666666666667,1.0,0.8614800759013282,73,0
union:baseline_balanced@0.1+grouped_event@0.6+latent_candidate_v3@0.3,665,2.216666666666667,0.3368421052631579,0.7296416938110749,0.4609053497942387,0.41587826823858143,0.40280158730158727,0.7566666666666667,1.0,0.8614800759013282,73,0
union:baseline_balanced@0.3+grouped_event@0.35+latent_candidate_v3@0.3,665,2.216666666666667,0.3368421052631579,0.7296416938110749,0.4609053497942387,0.41587826823858143,0.40280158730158727,0.7566666666666667,1.0,0.8614800759013282,73,0
union:baseline_balanced@0.3+grouped_event@0.45+latent_candidate_v3@0.3,665,2.216666666666667,0.3368421052631579,0.7296416938110749,0.4609053497942387,0.41587826823858143,0.40280158730158727,0.7566666666666667,1.0,0.8614800759013282,73,0
union:baseline_balanced@0.3+grouped_event@0.6+latent_candidate_v3@0.3,665,2.216666666666667,0.3368421052631579,0.7296416938110749,0.4609053497942387,0.41587826823858143,0.40280158730158727,0.7566666666666667,1.0,0.8614800759013282,73,0
union:baseline_balanced@0.1+grouped_event@0.35+latent_candidate_v3@0.1,666,2.22,0.33633633633633636,0.7296416938110749,0.460431654676259,0.415717854188732,0.40280158730158727,0.7566666666666667,1.0,0.8614800759013282,73,0
union:baseline_balanced@0.1+grouped_event@0.45+latent_candidate_v3@0.1,666,2.22,0.33633633633633636,0.7296416938110749,0.460431654676259,0.415717854188732,0.40280158730158727,0.7566666666666667,1.0,0.8614800759013282,73,0
union:baseline_balanced@0.1+grouped_event@0.6+latent_candidate_v3@0.1,666,2.22,0.33633633633633636,0.7296416938110749,0.460431654676259,0.415717854188732,0.40280158730158727,0.7566666666666667,1.0,0.8614800759013282,73,0
union:baseline_balanced@0.3+grouped_event@0.35+latent_candidate_v3@0.1,666,2.22,0.33633633633633636,0.7296416938110749,0.460431654676259,0.415717854188732,0.40280158730158727,0.7566666666666667,1.0,0.8614800759013282,73,0
union:baseline_balanced@0.3+grouped_event@0.45+latent_candidate_v3@0.1,666,2.22,0.33633633633633636,0.7296416938110749,0.460431654676259,0.415717854188732,0.40280158730158727,0.7566666666666667,1.0,0.8614800759013282,73,0
union:baseline_balanced@0.3+grouped_event@0.6+latent_candidate_v3@0.1,666,2.22,0.33633633633633636,0.7296416938110749,0.460431654676259,0.415717854188732,0.40280158730158727,0.7566666666666667,1.0,0.8614800759013282,73,0
union:baseline_balanced@0.35+grouped_event@0.35+latent_candidate_v3@0.3,627,2.09,0.3413078149920255,0.6970684039087948,0.4582441113490364,0.4164317367798442,0.3898968253968254,0.7566666666666667,1.0,0.8614800759013282,73,0
union:baseline_balanced@0.35+grouped_event@0.45+latent_candidate_v3@0.3,627,2.09,0.3413078149920255,0.6970684039087948,0.4582441113490364,0.4164317367798442,0.3898968253968254,0.7566666666666667,1.0,0.8614800759013282,73,0
union:baseline_balanced@0.35+grouped_event@0.6+latent_candidate_v3@0.3,627,2.09,0.3413078149920255,0.6970684039087948,0.4582441113490364,0.4164317367798442,0.3898968253968254,0.7566666666666667,1.0,0.8614800759013282,73,0
union:baseline_balanced@0.45+grouped_event@0.35+latent_candidate_v3@0.3,627,2.09,0.3413078149920255,0.6970684039087948,0.4582441113490364,0.4164317367798442,0.3898968253968254,0.7566666666666667,1.0,0.8614800759013282,73,0
union:baseline_balanced@0.45+grouped_event@0.45+latent_candidate_v3@0.3,627,2.09,0.3413078149920255,0.6970684039087948,0.4582441113490364,0.4164317367798442,0.3898968253968254,0.7566666666666667,1.0,0.8614800759013282,73,0
union:baseline_balanced@0.45+grouped_event@0.6+latent_candidate_v3@0.3,627,2.09,0.3413078149920255,0.6970684039087948,0.4582441113490364,0.4164317367798442,0.3898968253968254,0.7566666666666667,1.0,0.8614800759013282,73,0
union:baseline_balanced@0.6+grouped_event@0.35+latent_candidate_v3@0.3,627,2.09,0.3413078149920255,0.6970684039087948,0.4582441113490364,0.4164317367798442,0.3898968253968254,0.7566666666666667,1.0,0.8614800759013282,73,0
union:baseline_balanced@0.6+grouped_event@0.45+latent_candidate_v3@0.3,627,2.09,0.3413078149920255,0.6970684039087948,0.4582441113490364,0.4164317367798442,0.3898968253968254,0.7566666666666667,1.0,0.8614800759013282,73,0
union:baseline_balanced@0.6+grouped_event@0.6+latent_candidate_v3@0.3,627,2.09,0.3413078149920255,0.6970684039087948,0.4582441113490364,0.4164317367798442,0.3898968253968254,0.7566666666666667,1.0,0.8614800759013282,73,0
union:baseline_balanced@0.35+grouped_event@0.35+latent_candidate_v3@0.1,628,2.0933333333333333,0.34076433121019106,0.6970684039087948,0.4577540106951872,0.4162568765769335,0.3898968253968254,0.7566666666666667,1.0,0.8614800759013282,73,0
union:baseline_balanced@0.35+grouped_event@0.45+latent_candidate_v3@0.1,628,2.0933333333333333,0.34076433121019106,0.6970684039087948,0.4577540106951872,0.4162568765769335,0.3898968253968254,0.7566666666666667,1.0,0.8614800759013282,73,0
union:baseline_balanced@0.35+grouped_event@0.6+latent_candidate_v3@0.1,628,2.0933333333333333,0.34076433121019106,0.6970684039087948,0.4577540106951872,0.4162568765769335,0.3898968253968254,0.7566666666666667,1.0,0.8614800759013282,73,0
union:baseline_balanced@0.45+grouped_event@0.35+latent_candidate_v3@0.1,628,2.0933333333333333,0.34076433121019106,0.6970684039087948,0.4577540106951872,0.4162568765769335,0.3898968253968254,0.7566666666666667,1.0,0.8614800759013282,73,0
union:baseline_balanced@0.45+grouped_event@0.45+latent_candidate_v3@0.1,628,2.0933333333333333,0.34076433121019106,0.6970684039087948,0.4577540106951872,0.4162568765769335,0.3898968253968254,0.7566666666666667,1.0,0.8614800759013282,73,0
union:baseline_balanced@0.45+grouped_event@0.6+latent_candidate_v3@0.1,628,2.0933333333333333,0.34076433121019106,0.6970684039087948,0.4577540106951872,0.4162568765769335,0.3898968253968254,0.7566666666666667,1.0,0.8614800759013282,73,0
union:baseline_balanced@0.6+grouped_event@0.35+latent_candidate_v3@0.1,628,2.0933333333333333,0.34076433121019106,0.6970684039087948,0.4577540106951872,0.4162568765769335,0.3898968253968254,0.7566666666666667,1.0,0.8614800759013282,73,0
union:baseline_balanced@0.6+grouped_event@0.45+latent_candidate_v3@0.1,628,2.0933333333333333,0.34076433121019106,0.6970684039087948,0.4577540106951872,0.4162568765769335,0.3898968253968254,0.7566666666666667,1.0,0.8614800759013282,73,0
union:baseline_balanced@0.6+grouped_event@0.6+latent_candidate_v3@0.1,628,2.0933333333333333,0.34076433121019106,0.6970684039087948,0.4577540106951872,0.4162568765769335,0.3898968253968254,0.7566666666666667,1.0,0.8614800759013282,73,0
baseline_balanced@0.35,125,0.4166666666666667,0.768,0.3127035830618892,0.4444444444444444,0.2396220090821884,0.49611111111111106,0.9663865546218487,0.5066079295154186,0.6647398843930635,4,112
baseline_balanced@0.4,125,0.4166666666666667,0.768,0.3127035830618892,0.4444444444444444,0.2396220090821884,0.49611111111111106,0.9663865546218487,0.5066079295154186,0.6647398843930635,4,112
baseline_balanced@0.45,125,0.4166666666666667,0.768,0.3127035830618892,0.4444444444444444,0.2396220090821884,0.49611111111111106,0.9663865546218487,0.5066079295154186,0.6647398843930635,4,112
baseline_balanced@0.5,125,0.4166666666666667,0.768,0.3127035830618892,0.4444444444444444,0.2396220090821884,0.49611111111111106,0.9663865546218487,0.5066079295154186,0.6647398843930635,4,112
baseline_balanced@0.55,125,0.4166666666666667,0.768,0.3127035830618892,0.4444444444444444,0.2396220090821884,0.49611111111111106,0.9663865546218487,0.5066079295154186,0.6647398843930635,4,112
baseline_balanced@0.6,125,0.4166666666666667,0.768,0.3127035830618892,0.4444444444444444,0.2396220090821884,0.49611111111111106,0.9663865546218487,0.5066079295154186,0.6647398843930635,4,112
latent_candidate_v3@0.15,559,1.8633333333333333,0.3434704830053667,0.6254071661237784,0.44341801385681295,0.41252424408818056,0.37311111111111106,0.7566666666666667,1.0,0.8614800759013282,73,0
latent_candidate_v3@0.2,559,1.8633333333333333,0.3434704830053667,0.6254071661237784,0.44341801385681295,0.41252424408818056,0.37311111111111106,0.7566666666666667,1.0,0.8614800759013282,73,0
latent_candidate_v3@0.25,559,1.8633333333333333,0.3434704830053667,0.6254071661237784,0.44341801385681295,0.41252424408818056,0.37311111111111106,0.7566666666666667,1.0,0.8614800759013282,73,0
latent_candidate_v3@0.3,559,1.8633333333333333,0.3434704830053667,0.6254071661237784,0.44341801385681295,0.41252424408818056,0.37311111111111106,0.7566666666666667,1.0,0.8614800759013282,73,0
intersection:baseline_balanced@0.1+latent_candidate_v3@0.1,176,0.5866666666666667,0.6079545454545454,0.3485342019543974,0.44306418219461696,0.24182913856465071,0.48111111111111104,0.8957055214723927,0.6431718061674009,0.7487179487179487,17,81
intersection:baseline_balanced@0.1+latent_candidate_v3@0.3,176,0.5866666666666667,0.6079545454545454,0.3485342019543974,0.44306418219461696,0.24182913856465071,0.48111111111111104,0.8957055214723927,0.6431718061674009,0.7487179487179487,17,81
intersection:baseline_balanced@0.3+latent_candidate_v3@0.1,176,0.5866666666666667,0.6079545454545454,0.3485342019543974,0.44306418219461696,0.24182913856465071,0.48111111111111104,0.8957055214723927,0.6431718061674009,0.7487179487179487,17,81
intersection:baseline_balanced@0.3+latent_candidate_v3@0.3,176,0.5866666666666667,0.6079545454545454,0.3485342019543974,0.44306418219461696,0.24182913856465071,0.48111111111111104,0.8957055214723927,0.6431718061674009,0.7487179487179487,17,81
latent_candidate_v3@0.1,560,1.8666666666666667,0.34285714285714286,0.6254071661237784,0.4429065743944637,0.4123500231192688,0.37311111111111106,0.7566666666666667,1.0,0.8614800759013282,73,0
intersection:baseline_balanced@0.1+latent_candidate_v3@0.35,168,0.56,0.625,0.34201954397394135,0.4421052631578947,0.24225083277034684,0.48611111111111105,0.9096774193548387,0.6211453744493393,0.7382198952879581,14,86
intersection:baseline_balanced@0.1+latent_candidate_v3@0.45,168,0.56,0.625,0.34201954397394135,0.4421052631578947,0.24225083277034684,0.48611111111111105,0.9096774193548387,0.6211453744493393,0.7382198952879581,14,86
intersection:baseline_balanced@0.1+latent_candidate_v3@0.6,168,0.56,0.625,0.34201954397394135,0.4421052631578947,0.24225083277034684,0.48611111111111105,0.9096774193548387,0.6211453744493393,0.7382198952879581,14,86
intersection:baseline_balanced@0.3+latent_candidate_v3@0.35,168,0.56,0.625,0.34201954397394135,0.4421052631578947,0.24225083277034684,0.48611111111111105,0.9096774193548387,0.6211453744493393,0.7382198952879581,14,86
intersection:baseline_balanced@0.3+latent_candidate_v3@0.45,168,0.56,0.625,0.34201954397394135,0.4421052631578947,0.24225083277034684,0.48611111111111105,0.9096774193548387,0.6211453744493393,0.7382198952879581,14,86
intersection:baseline_balanced@0.3+latent_candidate_v3@0.6,168,0.56,0.625,0.34201954397394135,0.4421052631578947,0.24225083277034684,0.48611111111111105,0.9096774193548387,0.6211453744493393,0.7382198952879581,14,86
union:grouped_event@0.35+latent_candidate_v3@0.3,610,2.033333333333333,0.32786885245901637,0.6514657980456026,0.4362050163576881,0.41026842717511974,0.36913492063492065,0.7566666666666667,1.0,0.8614800759013282,73,0
union:grouped_event@0.45+latent_candidate_v3@0.3,610,2.033333333333333,0.32786885245901637,0.6514657980456026,0.4362050163576881,0.41026842717511974,0.36913492063492065,0.7566666666666667,1.0,0.8614800759013282,73,0
union:grouped_event@0.6+latent_candidate_v3@0.3,610,2.033333333333333,0.32786885245901637,0.6514657980456026,0.4362050163576881,0.41026842717511974,0.36913492063492065,0.7566666666666667,1.0,0.8614800759013282,73,0
intersection:baseline_balanced@0.1+thinking_recall_v1@0.1,152,0.5066666666666667,0.6578947368421053,0.3257328990228013,0.4357298474945534,0.1483249971652829,0.48333333333333334,0.9054054054054054,0.5903083700440529,0.7146666666666667,14,93
intersection:baseline_balanced@0.1+thinking_recall_v1@0.3,152,0.5066666666666667,0.6578947368421053,0.3257328990228013,0.4357298474945534,0.1483249971652829,0.48333333333333334,0.9054054054054054,0.5903083700440529,0.7146666666666667,14,93
intersection:baseline_balanced@0.3+thinking_recall_v1@0.1,152,0.5066666666666667,0.6578947368421053,0.3257328990228013,0.4357298474945534,0.1483249971652829,0.48333333333333334,0.9054054054054054,0.5903083700440529,0.7146666666666667,14,93
intersection:baseline_balanced@0.3+thinking_recall_v1@0.3,152,0.5066666666666667,0.6578947368421053,0.3257328990228013,0.4357298474945534,0.1483249971652829,0.48333333333333334,0.9054054054054054,0.5903083700440529,0.7146666666666667,14,93
union:grouped_event@0.35+latent_candidate_v3@0.1,611,2.0366666666666666,0.32733224222585927,0.6514657980456026,0.4357298474945534,0.41010112827423467,0.36913492063492065,0.7566666666666667,1.0,0.8614800759013282,73,0
union:grouped_event@0.45+latent_candidate_v3@0.1,611,2.0366666666666666,0.32733224222585927,0.6514657980456026,0.4357298474945534,0.41010112827423467,0.36913492063492065,0.7566666666666667,1.0,0.8614800759013282,73,0
union:grouped_event@0.6+latent_candidate_v3@0.1,611,2.0366666666666666,0.32733224222585927,0.6514657980456026,0.4357298474945534,0.41010112827423467,0.36913492063492065,0.7566666666666667,1.0,0.8614800759013282,73,0
intersection:grouped_event@0.1+latent_candidate_v3@0.45,199,0.6633333333333333,0.542713567839196,0.3517915309446254,0.4268774703557312,0.345813092325027,0.44633333333333336,0.8666666666666667,0.6299559471365639,0.7295918367346939,22,84
intersection:grouped_event@0.1+latent_candidate_v3@0.6,199,0.6633333333333333,0.542713567839196,0.3517915309446254,0.4268774703557312,0.345813092325027,0.44633333333333336,0.8666666666666667,0.6299559471365639,0.7295918367346939,22,84
intersection:grouped_event@0.3+latent_candidate_v3@0.45,199,0.6633333333333333,0.542713567839196,0.3517915309446254,0.4268774703557312,0.345813092325027,0.44633333333333336,0.8666666666666667,0.6299559471365639,0.7295918367346939,22,84
intersection:grouped_event@0.3+latent_candidate_v3@0.6,199,0.6633333333333333,0.542713567839196,0.3517915309446254,0.4268774703557312,0.345813092325027,0.44633333333333336,0.8666666666666667,0.6299559471365639,0.7295918367346939,22,84
intersection:thinking_recall_v1@0.1+latent_candidate_v3@0.45,177,0.59,0.5819209039548022,0.3355048859934853,0.4256198347107438,0.17290468119146699,0.4442222222222222,0.8392857142857143,0.6211453744493393,0.7139240506329114,27,86
intersection:thinking_recall_v1@0.1+latent_candidate_v3@0.6,177,0.59,0.5819209039548022,0.3355048859934853,0.4256198347107438,0.17290468119146699,0.4442222222222222,0.8392857142857143,0.6211453744493393,0.7139240506329114,27,86
intersection:thinking_recall_v1@0.3+latent_candidate_v3@0.45,177,0.59,0.5819209039548022,0.3355048859934853,0.4256198347107438,0.17290468119146699,0.4442222222222222,0.8392857142857143,0.6211453744493393,0.7139240506329114,27,86
intersection:thinking_recall_v1@0.3+latent_candidate_v3@0.6,177,0.59,0.5819209039548022,0.3355048859934853,0.4256198347107438,0.17290468119146699,0.4442222222222222,0.8392857142857143,0.6211453744493393,0.7139240506329114,27,86
intersection:grouped_event@0.1+latent_candidate_v3@0.35,201,0.67,0.5373134328358209,0.3517915309446254,0.4251968503937008,0.33803159845657665,0.44577777777777783,0.8674698795180723,0.6343612334801763,0.732824427480916,22,83
intersection:grouped_event@0.3+latent_candidate_v3@0.35,201,0.67,0.5373134328358209,0.3517915309446254,0.4251968503937008,0.33803159845657665,0.44577777777777783,0.8674698795180723,0.6343612334801763,0.732824427480916,22,83
intersection:thinking_recall_v1@0.1+latent_candidate_v3@0.35,178,0.5933333333333334,0.5786516853932584,0.3355048859934853,0.4247422680412371,0.17290468119146699,0.4442222222222222,0.8402366863905325,0.6255506607929515,0.7171717171717171,27,85
intersection:thinking_recall_v1@0.3+latent_candidate_v3@0.35,178,0.5933333333333334,0.5786516853932584,0.3355048859934853,0.4247422680412371,0.17290468119146699,0.4442222222222222,0.8402366863905325,0.6255506607929515,0.7171717171717171,27,85
intersection:grouped_event@0.1+latent_candidate_v3@0.1,230,0.7666666666666667,0.4956521739130435,0.3713355048859935,0.4245810055865922,0.3388293886622411,0.4478888888888889,0.8693181818181818,0.6740088105726872,0.7593052109181141,23,74
intersection:grouped_event@0.1+latent_candidate_v3@0.3,230,0.7666666666666667,0.4956521739130435,0.3713355048859935,0.4245810055865922,0.3388293886622411,0.4478888888888889,0.8693181818181818,0.6740088105726872,0.7593052109181141,23,74
intersection:grouped_event@0.3+latent_candidate_v3@0.1,230,0.7666666666666667,0.4956521739130435,0.3713355048859935,0.4245810055865922,0.3388293886622411,0.4478888888888889,0.8693181818181818,0.6740088105726872,0.7593052109181141,23,74
intersection:grouped_event@0.3+latent_candidate_v3@0.3,230,0.7666666666666667,0.4956521739130435,0.3713355048859935,0.4245810055865922,0.3388293886622411,0.4478888888888889,0.8693181818181818,0.6740088105726872,0.7593052109181141,23,74
intersection:thinking_recall_v1@0.1+latent_candidate_v3@0.1,187,0.6233333333333333,0.5561497326203209,0.33876221498371334,0.42105263157894735,0.1716172871023568,0.4442222222222222,0.8426966292134831,0.6607929515418502,0.7407407407407407,28,77
intersection:thinking_recall_v1@0.1+latent_candidate_v3@0.3,187,0.6233333333333333,0.5561497326203209,0.33876221498371334,0.42105263157894735,0.1716172871023568,0.4442222222222222,0.8426966292134831,0.6607929515418502,0.7407407407407407,28,77
intersection:thinking_recall_v1@0.3+latent_candidate_v3@0.1,187,0.6233333333333333,0.5561497326203209,0.33876221498371334,0.42105263157894735,0.1716172871023568,0.4442222222222222,0.8426966292134831,0.6607929515418502,0.7407407407407407,28,77
intersection:thinking_recall_v1@0.3+latent_candidate_v3@0.3,187,0.6233333333333333,0.5561497326203209,0.33876221498371334,0.42105263157894735,0.1716172871023568,0.4442222222222222,0.8426966292134831,0.6607929515418502,0.7407407407407407,28,77
intersection:thinking_recall_v1@0.35+latent_candidate_v3@0.45,129,0.43,0.6976744186046512,0.2931596091205212,0.41284403669724773,0.17823224247582195,0.46922222222222215,0.9344262295081968,0.5022026431718062,0.6532951289398281,8,113
intersection:thinking_recall_v1@0.35+latent_candidate_v3@0.6,129,0.43,0.6976744186046512,0.2931596091205212,0.41284403669724773,0.17823224247582195,0.46922222222222215,0.9344262295081968,0.5022026431718062,0.6532951289398281,8,113
intersection:thinking_recall_v1@0.45+latent_candidate_v3@0.45,129,0.43,0.6976744186046512,0.2931596091205212,0.41284403669724773,0.17823224247582195,0.46922222222222215,0.9344262295081968,0.5022026431718062,0.6532951289398281,8,113
intersection:thinking_recall_v1@0.45+latent_candidate_v3@0.6,129,0.43,0.6976744186046512,0.2931596091205212,0.41284403669724773,0.17823224247582195,0.46922222222222215,0.9344262295081968,0.5022026431718062,0.6532951289398281,8,113
intersection:thinking_recall_v1@0.6+latent_candidate_v3@0.45,129,0.43,0.6976744186046512,0.2931596091205212,0.41284403669724773,0.17823224247582195,0.46922222222222215,0.9344262295081968,0.5022026431718062,0.6532951289398281,8,113
intersection:thinking_recall_v1@0.6+latent_candidate_v3@0.6,129,0.43,0.6976744186046512,0.2931596091205212,0.41284403669724773,0.17823224247582195,0.46922222222222215,0.9344262295081968,0.5022026431718062,0.6532951289398281,8,113
intersection:thinking_recall_v1@0.35+latent_candidate_v3@0.1,134,0.44666666666666666,0.6791044776119403,0.2964169381107492,0.4126984126984127,0.17823778881767643,0.4725555555555555,0.937007874015748,0.5242290748898678,0.672316384180791,8,108
intersection:thinking_recall_v1@0.35+latent_candidate_v3@0.3,134,0.44666666666666666,0.6791044776119403,0.2964169381107492,0.4126984126984127,0.17823778881767643,0.4725555555555555,0.937007874015748,0.5242290748898678,0.672316384180791,8,108
intersection:thinking_recall_v1@0.45+latent_candidate_v3@0.1,134,0.44666666666666666,0.6791044776119403,0.2964169381107492,0.4126984126984127,0.17823778881767643,0.4725555555555555,0.937007874015748,0.5242290748898678,0.672316384180791,8,108
intersection:thinking_recall_v1@0.45+latent_candidate_v3@0.3,134,0.44666666666666666,0.6791044776119403,0.2964169381107492,0.4126984126984127,0.17823778881767643,0.4725555555555555,0.937007874015748,0.5242290748898678,0.672316384180791,8,108
intersection:thinking_recall_v1@0.6+latent_candidate_v3@0.1,134,0.44666666666666666,0.6791044776119403,0.2964169381107492,0.4126984126984127,0.17823778881767643,0.4725555555555555,0.937007874015748,0.5242290748898678,0.672316384180791,8,108
intersection:thinking_recall_v1@0.6+latent_candidate_v3@0.3,134,0.44666666666666666,0.6791044776119403,0.2964169381107492,0.4126984126984127,0.17823778881767643,0.4725555555555555,0.937007874015748,0.5242290748898678,0.672316384180791,8,108
intersection:thinking_recall_v1@0.35+latent_candidate_v3@0.35,130,0.43333333333333335,0.6923076923076923,0.2931596091205212,0.41189931350114417,0.17823224247582195,0.46922222222222215,0.9349593495934959,0.5066079295154186,0.6571428571428571,8,112
intersection:thinking_recall_v1@0.45+latent_candidate_v3@0.35,130,0.43333333333333335,0.6923076923076923,0.2931596091205212,0.41189931350114417,0.17823224247582195,0.46922222222222215,0.9349593495934959,0.5066079295154186,0.6571428571428571,8,112
intersection:thinking_recall_v1@0.6+latent_candidate_v3@0.35,130,0.43333333333333335,0.6923076923076923,0.2931596091205212,0.41189931350114417,0.17823224247582195,0.46922222222222215,0.9349593495934959,0.5066079295154186,0.6571428571428571,8,112
intersection:baseline_balanced@0.1+thinking_recall_v1@0.35,112,0.37333333333333335,0.7678571428571429,0.28013029315960913,0.4105011933174224,0.15105042016806722,0.47,0.9541284403669725,0.4581497797356828,0.6190476190476191,5,123
intersection:baseline_balanced@0.1+thinking_recall_v1@0.45,112,0.37333333333333335,0.7678571428571429,0.28013029315960913,0.4105011933174224,0.15105042016806722,0.47,0.9541284403669725,0.4581497797356828,0.6190476190476191,5,123
intersection:baseline_balanced@0.1+thinking_recall_v1@0.6,112,0.37333333333333335,0.7678571428571429,0.28013029315960913,0.4105011933174224,0.15105042016806722,0.47,0.9541284403669725,0.4581497797356828,0.6190476190476191,5,123
intersection:baseline_balanced@0.3+thinking_recall_v1@0.35,112,0.37333333333333335,0.7678571428571429,0.28013029315960913,0.4105011933174224,0.15105042016806722,0.47,0.9541284403669725,0.4581497797356828,0.6190476190476191,5,123
intersection:baseline_balanced@0.3+thinking_recall_v1@0.45,112,0.37333333333333335,0.7678571428571429,0.28013029315960913,0.4105011933174224,0.15105042016806722,0.47,0.9541284403669725,0.4581497797356828,0.6190476190476191,5,123
intersection:baseline_balanced@0.3+thinking_recall_v1@0.6,112,0.37333333333333335,0.7678571428571429,0.28013029315960913,0.4105011933174224,0.15105042016806722,0.47,0.9541284403669725,0.4581497797356828,0.6190476190476191,5,123
union:baseline_balanced@0.1+grouped_event@0.1+latent_candidate_v3@0.45,902,3.006666666666667,0.26718403547671843,0.7850162866449512,0.3986765922249793,0.3403574100147784,0.38337085137085136,0.7635135135135135,0.9955947136563876,0.864244741873805,70,1
union:baseline_balanced@0.1+grouped_event@0.1+latent_candidate_v3@0.6,902,3.006666666666667,0.26718403547671843,0.7850162866449512,0.3986765922249793,0.3403574100147784,0.38337085137085136,0.7635135135135135,0.9955947136563876,0.864244741873805,70,1
union:baseline_balanced@0.1+grouped_event@0.3+latent_candidate_v3@0.45,902,3.006666666666667,0.26718403547671843,0.7850162866449512,0.3986765922249793,0.3403574100147784,0.38337085137085136,0.7635135135135135,0.9955947136563876,0.864244741873805,70,1
union:baseline_balanced@0.1+grouped_event@0.3+latent_candidate_v3@0.6,902,3.006666666666667,0.26718403547671843,0.7850162866449512,0.3986765922249793,0.3403574100147784,0.38337085137085136,0.7635135135135135,0.9955947136563876,0.864244741873805,70,1
union:baseline_balanced@0.3+grouped_event@0.1+latent_candidate_v3@0.45,902,3.006666666666667,0.26718403547671843,0.7850162866449512,0.3986765922249793,0.3403574100147784,0.38337085137085136,0.7635135135135135,0.9955947136563876,0.864244741873805,70,1
union:baseline_balanced@0.3+grouped_event@0.1+latent_candidate_v3@0.6,902,3.006666666666667,0.26718403547671843,0.7850162866449512,0.3986765922249793,0.3403574100147784,0.38337085137085136,0.7635135135135135,0.9955947136563876,0.864244741873805,70,1
union:baseline_balanced@0.3+grouped_event@0.3+latent_candidate_v3@0.45,902,3.006666666666667,0.26718403547671843,0.7850162866449512,0.3986765922249793,0.3403574100147784,0.38337085137085136,0.7635135135135135,0.9955947136563876,0.864244741873805,70,1
union:baseline_balanced@0.3+grouped_event@0.3+latent_candidate_v3@0.6,902,3.006666666666667,0.26718403547671843,0.7850162866449512,0.3986765922249793,0.3403574100147784,0.38337085137085136,0.7635135135135135,0.9955947136563876,0.864244741873805,70,1
intersection:thinking_recall_v1@0.1+grouped_event@0.1,151,0.5033333333333333,0.6026490066225165,0.2964169381107492,0.39737991266375544,0.14678031719356258,0.44333333333333336,0.8819444444444444,0.5594713656387665,0.6846361185983828,17,100
intersection:thinking_recall_v1@0.1+grouped_event@0.3,151,0.5033333333333333,0.6026490066225165,0.2964169381107492,0.39737991266375544,0.14678031719356258,0.44333333333333336,0.8819444444444444,0.5594713656387665,0.6846361185983828,17,100
intersection:thinking_recall_v1@0.3+grouped_event@0.1,151,0.5033333333333333,0.6026490066225165,0.2964169381107492,0.39737991266375544,0.14678031719356258,0.44333333333333336,0.8819444444444444,0.5594713656387665,0.6846361185983828,17,100
intersection:thinking_recall_v1@0.3+grouped_event@0.3,151,0.5033333333333333,0.6026490066225165,0.2964169381107492,0.39737991266375544,0.14678031719356258,0.44333333333333336,0.8819444444444444,0.5594713656387665,0.6846361185983828,17,100
union:baseline_balanced@0.1+thinking_recall_v1@0.35+grouped_event@0.1+latent_candidate_v3@0.45,911,3.0366666666666666,0.265642151481888,0.7882736156351792,0.3973727422003284,0.3384154343997098,0.3805772005772005,0.7635135135135135,0.9955947136563876,0.864244741873805,70,1
union:baseline_balanced@0.1+thinking_recall_v1@0.35+grouped_event@0.1+latent_candidate_v3@0.6,911,3.0366666666666666,0.265642151481888,0.7882736156351792,0.3973727422003284,0.3384154343997098,0.3805772005772005,0.7635135135135135,0.9955947136563876,0.864244741873805,70,1
union:baseline_balanced@0.1+thinking_recall_v1@0.35+grouped_event@0.3+latent_candidate_v3@0.45,911,3.0366666666666666,0.265642151481888,0.7882736156351792,0.3973727422003284,0.3384154343997098,0.3805772005772005,0.7635135135135135,0.9955947136563876,0.864244741873805,70,1
union:baseline_balanced@0.1+thinking_recall_v1@0.35+grouped_event@0.3+latent_candidate_v3@0.6,911,3.0366666666666666,0.265642151481888,0.7882736156351792,0.3973727422003284,0.3384154343997098,0.3805772005772005,0.7635135135135135,0.9955947136563876,0.864244741873805,70,1
union:baseline_balanced@0.1+thinking_recall_v1@0.45+grouped_event@0.1+latent_candidate_v3@0.45,911,3.0366666666666666,0.265642151481888,0.7882736156351792,0.3973727422003284,0.3384154343997098,0.3805772005772005,0.7635135135135135,0.9955947136563876,0.864244741873805,70,1
union:baseline_balanced@0.1+thinking_recall_v1@0.45+grouped_event@0.1+latent_candidate_v3@0.6,911,3.0366666666666666,0.265642151481888,0.7882736156351792,0.3973727422003284,0.3384154343997098,0.3805772005772005,0.7635135135135135,0.9955947136563876,0.864244741873805,70,1
union:baseline_balanced@0.1+thinking_recall_v1@0.45+grouped_event@0.3+latent_candidate_v3@0.45,911,3.0366666666666666,0.265642151481888,0.7882736156351792,0.3973727422003284,0.3384154343997098,0.3805772005772005,0.7635135135135135,0.9955947136563876,0.864244741873805,70,1
union:baseline_balanced@0.1+thinking_recall_v1@0.45+grouped_event@0.3+latent_candidate_v3@0.6,911,3.0366666666666666,0.265642151481888,0.7882736156351792,0.3973727422003284,0.3384154343997098,0.3805772005772005,0.7635135135135135,0.9955947136563876,0.864244741873805,70,1
union:baseline_balanced@0.1+thinking_recall_v1@0.6+grouped_event@0.1+latent_candidate_v3@0.45,911,3.0366666666666666,0.265642151481888,0.7882736156351792,0.3973727422003284,0.3384154343997098,0.3805772005772005,0.7635135135135135,0.9955947136563876,0.864244741873805,70,1
union:baseline_balanced@0.1+thinking_recall_v1@0.6+grouped_event@0.1+latent_candidate_v3@0.6,911,3.0366666666666666,0.265642151481888,0.7882736156351792,0.3973727422003284,0.3384154343997098,0.3805772005772005,0.7635135135135135,0.9955947136563876,0.864244741873805,70,1
union:baseline_balanced@0.1+thinking_recall_v1@0.6+grouped_event@0.3+latent_candidate_v3@0.45,911,3.0366666666666666,0.265642151481888,0.7882736156351792,0.3973727422003284,0.3384154343997098,0.3805772005772005,0.7635135135135135,0.9955947136563876,0.864244741873805,70,1
union:baseline_balanced@0.1+thinking_recall_v1@0.6+grouped_event@0.3+latent_candidate_v3@0.6,911,3.0366666666666666,0.265642151481888,0.7882736156351792,0.3973727422003284,0.3384154343997098,0.3805772005772005,0.7635135135135135,0.9955947136563876,0.864244741873805,70,1
union:baseline_balanced@0.3+thinking_recall_v1@0.35+grouped_event@0.1+latent_candidate_v3@0.45,911,3.0366666666666666,0.265642151481888,0.7882736156351792,0.3973727422003284,0.3384154343997098,0.3805772005772005,0.7635135135135135,0.9955947136563876,0.864244741873805,70,1
union:baseline_balanced@0.3+thinking_recall_v1@0.35+grouped_event@0.1+latent_candidate_v3@0.6,911,3.0366666666666666,0.265642151481888,0.7882736156351792,0.3973727422003284,0.3384154343997098,0.3805772005772005,0.7635135135135135,0.9955947136563876,0.864244741873805,70,1
union:baseline_balanced@0.3+thinking_recall_v1@0.35+grouped_event@0.3+latent_candidate_v3@0.45,911,3.0366666666666666,0.265642151481888,0.7882736156351792,0.3973727422003284,0.3384154343997098,0.3805772005772005,0.7635135135135135,0.9955947136563876,0.864244741873805,70,1
union:baseline_balanced@0.3+thinking_recall_v1@0.35+grouped_event@0.3+latent_candidate_v3@0.6,911,3.0366666666666666,0.265642151481888,0.7882736156351792,0.3973727422003284,0.3384154343997098,0.3805772005772005,0.7635135135135135,0.9955947136563876,0.864244741873805,70,1
union:baseline_balanced@0.3+thinking_recall_v1@0.45+grouped_event@0.1+latent_candidate_v3@0.45,911,3.0366666666666666,0.265642151481888,0.7882736156351792,0.3973727422003284,0.3384154343997098,0.3805772005772005,0.7635135135135135,0.9955947136563876,0.864244741873805,70,1
union:baseline_balanced@0.3+thinking_recall_v1@0.45+grouped_event@0.1+latent_candidate_v3@0.6,911,3.0366666666666666,0.265642151481888,0.7882736156351792,0.3973727422003284,0.3384154343997098,0.3805772005772005,0.7635135135135135,0.9955947136563876,0.864244741873805,70,1
union:baseline_balanced@0.3+thinking_recall_v1@0.45+grouped_event@0.3+latent_candidate_v3@0.45,911,3.0366666666666666,0.265642151481888,0.7882736156351792,0.3973727422003284,0.3384154343997098,0.3805772005772005,0.7635135135135135,0.9955947136563876,0.864244741873805,70,1
union:baseline_balanced@0.3+thinking_recall_v1@0.45+grouped_event@0.3+latent_candidate_v3@0.6,911,3.0366666666666666,0.265642151481888,0.7882736156351792,0.3973727422003284,0.3384154343997098,0.3805772005772005,0.7635135135135135,0.9955947136563876,0.864244741873805,70,1
union:baseline_balanced@0.3+thinking_recall_v1@0.6+grouped_event@0.1+latent_candidate_v3@0.45,911,3.0366666666666666,0.265642151481888,0.7882736156351792,0.3973727422003284,0.3384154343997098,0.3805772005772005,0.7635135135135135,0.9955947136563876,0.864244741873805,70,1
union:baseline_balanced@0.3+thinking_recall_v1@0.6+grouped_event@0.1+latent_candidate_v3@0.6,911,3.0366666666666666,0.265642151481888,0.7882736156351792,0.3973727422003284,0.3384154343997098,0.3805772005772005,0.7635135135135135,0.9955947136563876,0.864244741873805,70,1
union:baseline_balanced@0.3+thinking_recall_v1@0.6+grouped_event@0.3+latent_candidate_v3@0.45,911,3.0366666666666666,0.265642151481888,0.7882736156351792,0.3973727422003284,0.3384154343997098,0.3805772005772005,0.7635135135135135,0.9955947136563876,0.864244741873805,70,1
union:baseline_balanced@0.3+thinking_recall_v1@0.6+grouped_event@0.3+latent_candidate_v3@0.6,911,3.0366666666666666,0.265642151481888,0.7882736156351792,0.3973727422003284,0.3384154343997098,0.3805772005772005,0.7635135135135135,0.9955947136563876,0.864244741873805,70,1
union:baseline_balanced@0.1+grouped_event@0.1+latent_candidate_v3@0.35,906,3.02,0.26600441501103755,0.7850162866449512,0.3973619126133553,0.3374588592901407,0.3818152958152958,0.7635135135135135,0.9955947136563876,0.864244741873805,70,1
union:baseline_balanced@0.1+grouped_event@0.3+latent_candidate_v3@0.35,906,3.02,0.26600441501103755,0.7850162866449512,0.3973619126133553,0.3374588592901407,0.3818152958152958,0.7635135135135135,0.9955947136563876,0.864244741873805,70,1
union:baseline_balanced@0.3+grouped_event@0.1+latent_candidate_v3@0.35,906,3.02,0.26600441501103755,0.7850162866449512,0.3973619126133553,0.3374588592901407,0.3818152958152958,0.7635135135135135,0.9955947136563876,0.864244741873805,70,1
union:baseline_balanced@0.3+grouped_event@0.3+latent_candidate_v3@0.35,906,3.02,0.26600441501103755,0.7850162866449512,0.3973619126133553,0.3374588592901407,0.3818152958152958,0.7635135135135135,0.9955947136563876,0.864244741873805,70,1
union:baseline_balanced@0.1+thinking_recall_v1@0.35+grouped_event@0.1,756,2.52,0.2791005291005291,0.6872964169381107,0.3969896519285042,0.29262499958724214,0.4256565656565656,0.7992700729927007,0.9647577092511013,0.874251497005988,55,8
union:baseline_balanced@0.1+thinking_recall_v1@0.35+grouped_event@0.3,756,2.52,0.2791005291005291,0.6872964169381107,0.3969896519285042,0.29262499958724214,0.4256565656565656,0.7992700729927007,0.9647577092511013,0.874251497005988,55,8
union:baseline_balanced@0.1+thinking_recall_v1@0.45+grouped_event@0.1,756,2.52,0.2791005291005291,0.6872964169381107,0.3969896519285042,0.29262499958724214,0.4256565656565656,0.7992700729927007,0.9647577092511013,0.874251497005988,55,8
union:baseline_balanced@0.1+thinking_recall_v1@0.45+grouped_event@0.3,756,2.52,0.2791005291005291,0.6872964169381107,0.3969896519285042,0.29262499958724214,0.4256565656565656,0.7992700729927007,0.9647577092511013,0.874251497005988,55,8
union:baseline_balanced@0.1+thinking_recall_v1@0.6+grouped_event@0.1,756,2.52,0.2791005291005291,0.6872964169381107,0.3969896519285042,0.29262499958724214,0.4256565656565656,0.7992700729927007,0.9647577092511013,0.874251497005988,55,8
union:baseline_balanced@0.1+thinking_recall_v1@0.6+grouped_event@0.3,756,2.52,0.2791005291005291,0.6872964169381107,0.3969896519285042,0.29262499958724214,0.4256565656565656,0.7992700729927007,0.9647577092511013,0.874251497005988,55,8
union:baseline_balanced@0.3+thinking_recall_v1@0.35+grouped_event@0.1,756,2.52,0.2791005291005291,0.6872964169381107,0.3969896519285042,0.29262499958724214,0.4256565656565656,0.7992700729927007,0.9647577092511013,0.874251497005988,55,8
union:baseline_balanced@0.3+thinking_recall_v1@0.35+grouped_event@0.3,756,2.52,0.2791005291005291,0.6872964169381107,0.3969896519285042,0.29262499958724214,0.4256565656565656,0.7992700729927007,0.9647577092511013,0.874251497005988,55,8
union:baseline_balanced@0.3+thinking_recall_v1@0.45+grouped_event@0.1,756,2.52,0.2791005291005291,0.6872964169381107,0.3969896519285042,0.29262499958724214,0.4256565656565656,0.7992700729927007,0.9647577092511013,0.874251497005988,55,8
union:baseline_balanced@0.3+thinking_recall_v1@0.45+grouped_event@0.3,756,2.52,0.2791005291005291,0.6872964169381107,0.3969896519285042,0.29262499958724214,0.4256565656565656,0.7992700729927007,0.9647577092511013,0.874251497005988,55,8
union:baseline_balanced@0.3+thinking_recall_v1@0.6+grouped_event@0.1,756,2.52,0.2791005291005291,0.6872964169381107,0.3969896519285042,0.29262499958724214,0.4256565656565656,0.7992700729927007,0.9647577092511013,0.874251497005988,55,8
union:baseline_balanced@0.3+thinking_recall_v1@0.6+grouped_event@0.3,756,2.52,0.2791005291005291,0.6872964169381107,0.3969896519285042,0.29262499958724214,0.4256565656565656,0.7992700729927007,0.9647577092511013,0.874251497005988,55,8
union:baseline_balanced@0.35+thinking_recall_v1@0.35+grouped_event@0.1+latent_candidate_v3@0.45,888,2.96,0.2668918918918919,0.7719869706840391,0.396652719665272,0.3387059278408082,0.38035497835497833,0.7679180887372014,0.9911894273127754,0.8653846153846154,68,2
union:baseline_balanced@0.35+thinking_recall_v1@0.35+grouped_event@0.1+latent_candidate_v3@0.6,888,2.96,0.2668918918918919,0.7719869706840391,0.396652719665272,0.3387059278408082,0.38035497835497833,0.7679180887372014,0.9911894273127754,0.8653846153846154,68,2
union:baseline_balanced@0.35+thinking_recall_v1@0.35+grouped_event@0.3+latent_candidate_v3@0.45,888,2.96,0.2668918918918919,0.7719869706840391,0.396652719665272,0.3387059278408082,0.38035497835497833,0.7679180887372014,0.9911894273127754,0.8653846153846154,68,2
union:baseline_balanced@0.35+thinking_recall_v1@0.35+grouped_event@0.3+latent_candidate_v3@0.6,888,2.96,0.2668918918918919,0.7719869706840391,0.396652719665272,0.3387059278408082,0.38035497835497833,0.7679180887372014,0.9911894273127754,0.8653846153846154,68,2
union:baseline_balanced@0.35+thinking_recall_v1@0.45+grouped_event@0.1+latent_candidate_v3@0.45,888,2.96,0.2668918918918919,0.7719869706840391,0.396652719665272,0.3387059278408082,0.38035497835497833,0.7679180887372014,0.9911894273127754,0.8653846153846154,68,2
union:baseline_balanced@0.35+thinking_recall_v1@0.45+grouped_event@0.1+latent_candidate_v3@0.6,888,2.96,0.2668918918918919,0.7719869706840391,0.396652719665272,0.3387059278408082,0.38035497835497833,0.7679180887372014,0.9911894273127754,0.8653846153846154,68,2
union:baseline_balanced@0.35+thinking_recall_v1@0.45+grouped_event@0.3+latent_candidate_v3@0.45,888,2.96,0.2668918918918919,0.7719869706840391,0.396652719665272,0.3387059278408082,0.38035497835497833,0.7679180887372014,0.9911894273127754,0.8653846153846154,68,2
union:baseline_balanced@0.35+thinking_recall_v1@0.45+grouped_event@0.3+latent_candidate_v3@0.6,888,2.96,0.2668918918918919,0.7719869706840391,0.396652719665272,0.3387059278408082,0.38035497835497833,0.7679180887372014,0.9911894273127754,0.8653846153846154,68,2
union:baseline_balanced@0.35+thinking_recall_v1@0.6+grouped_event@0.1+latent_candidate_v3@0.45,888,2.96,0.2668918918918919,0.7719869706840391,0.396652719665272,0.3387059278408082,0.38035497835497833,0.7679180887372014,0.9911894273127754,0.8653846153846154,68,2
union:baseline_balanced@0.35+thinking_recall_v1@0.6+grouped_event@0.1+latent_candidate_v3@0.6,888,2.96,0.2668918918918919,0.7719869706840391,0.396652719665272,0.3387059278408082,0.38035497835497833,0.7679180887372014,0.9911894273127754,0.8653846153846154,68,2
union:baseline_balanced@0.35+thinking_recall_v1@0.6+grouped_event@0.3+latent_candidate_v3@0.45,888,2.96,0.2668918918918919,0.7719869706840391,0.396652719665272,0.3387059278408082,0.38035497835497833,0.7679180887372014,0.9911894273127754,0.8653846153846154,68,2
union:baseline_balanced@0.35+thinking_recall_v1@0.6+grouped_event@0.3+latent_candidate_v3@0.6,888,2.96,0.2668918918918919,0.7719869706840391,0.396652719665272,0.3387059278408082,0.38035497835497833,0.7679180887372014,0.9911894273127754,0.8653846153846154,68,2
union:baseline_balanced@0.45+thinking_recall_v1@0.35+grouped_event@0.1+latent_candidate_v3@0.45,888,2.96,0.2668918918918919,0.7719869706840391,0.396652719665272,0.3387059278408082,0.38035497835497833,0.7679180887372014,0.9911894273127754,0.8653846153846154,68,2
union:baseline_balanced@0.45+thinking_recall_v1@0.35+grouped_event@0.1+latent_candidate_v3@0.6,888,2.96,0.2668918918918919,0.7719869706840391,0.396652719665272,0.3387059278408082,0.38035497835497833,0.7679180887372014,0.9911894273127754,0.8653846153846154,68,2
union:baseline_balanced@0.45+thinking_recall_v1@0.35+grouped_event@0.3+latent_candidate_v3@0.45,888,2.96,0.2668918918918919,0.7719869706840391,0.396652719665272,0.3387059278408082,0.38035497835497833,0.7679180887372014,0.9911894273127754,0.8653846153846154,68,2
union:baseline_balanced@0.45+thinking_recall_v1@0.35+grouped_event@0.3+latent_candidate_v3@0.6,888,2.96,0.2668918918918919,0.7719869706840391,0.396652719665272,0.3387059278408082,0.38035497835497833,0.7679180887372014,0.9911894273127754,0.8653846153846154,68,2
union:baseline_balanced@0.45+thinking_recall_v1@0.45+grouped_event@0.1+latent_candidate_v3@0.45,888,2.96,0.2668918918918919,0.7719869706840391,0.396652719665272,0.3387059278408082,0.38035497835497833,0.7679180887372014,0.9911894273127754,0.8653846153846154,68,2
union:baseline_balanced@0.45+thinking_recall_v1@0.45+grouped_event@0.1+latent_candidate_v3@0.6,888,2.96,0.2668918918918919,0.7719869706840391,0.396652719665272,0.3387059278408082,0.38035497835497833,0.7679180887372014,0.9911894273127754,0.8653846153846154,68,2
union:baseline_balanced@0.45+thinking_recall_v1@0.45+grouped_event@0.3+latent_candidate_v3@0.45,888,2.96,0.2668918918918919,0.7719869706840391,0.396652719665272,0.3387059278408082,0.38035497835497833,0.7679180887372014,0.9911894273127754,0.8653846153846154,68,2
union:baseline_balanced@0.45+thinking_recall_v1@0.45+grouped_event@0.3+latent_candidate_v3@0.6,888,2.96,0.2668918918918919,0.7719869706840391,0.396652719665272,0.3387059278408082,0.38035497835497833,0.7679180887372014,0.9911894273127754,0.8653846153846154,68,2
union:baseline_balanced@0.45+thinking_recall_v1@0.6+grouped_event@0.1+latent_candidate_v3@0.45,888,2.96,0.2668918918918919,0.7719869706840391,0.396652719665272,0.3387059278408082,0.38035497835497833,0.7679180887372014,0.9911894273127754,0.8653846153846154,68,2
union:baseline_balanced@0.45+thinking_recall_v1@0.6+grouped_event@0.1+latent_candidate_v3@0.6,888,2.96,0.2668918918918919,0.7719869706840391,0.396652719665272,0.3387059278408082,0.38035497835497833,0.7679180887372014,0.9911894273127754,0.8653846153846154,68,2
union:baseline_balanced@0.45+thinking_recall_v1@0.6+grouped_event@0.3+latent_candidate_v3@0.45,888,2.96,0.2668918918918919,0.7719869706840391,0.396652719665272,0.3387059278408082,0.38035497835497833,0.7679180887372014,0.9911894273127754,0.8653846153846154,68,2
union:baseline_balanced@0.45+thinking_recall_v1@0.6+grouped_event@0.3+latent_candidate_v3@0.6,888,2.96,0.2668918918918919,0.7719869706840391,0.396652719665272,0.3387059278408082,0.38035497835497833,0.7679180887372014,0.9911894273127754,0.8653846153846154,68,2
union:baseline_balanced@0.6+thinking_recall_v1@0.35+grouped_event@0.1+latent_candidate_v3@0.45,888,2.96,0.2668918918918919,0.7719869706840391,0.396652719665272,0.3387059278408082,0.38035497835497833,0.7679180887372014,0.9911894273127754,0.8653846153846154,68,2
union:baseline_balanced@0.6+thinking_recall_v1@0.35+grouped_event@0.1+latent_candidate_v3@0.6,888,2.96,0.2668918918918919,0.7719869706840391,0.396652719665272,0.3387059278408082,0.38035497835497833,0.7679180887372014,0.9911894273127754,0.8653846153846154,68,2
union:baseline_balanced@0.6+thinking_recall_v1@0.35+grouped_event@0.3+latent_candidate_v3@0.45,888,2.96,0.2668918918918919,0.7719869706840391,0.396652719665272,0.3387059278408082,0.38035497835497833,0.7679180887372014,0.9911894273127754,0.8653846153846154,68,2
union:baseline_balanced@0.6+thinking_recall_v1@0.35+grouped_event@0.3+latent_candidate_v3@0.6,888,2.96,0.2668918918918919,0.7719869706840391,0.396652719665272,0.3387059278408082,0.38035497835497833,0.7679180887372014,0.9911894273127754,0.8653846153846154,68,2
union:baseline_balanced@0.6+thinking_recall_v1@0.45+grouped_event@0.1+latent_candidate_v3@0.45,888,2.96,0.2668918918918919,0.7719869706840391,0.396652719665272,0.3387059278408082,0.38035497835497833,0.7679180887372014,0.9911894273127754,0.8653846153846154,68,2
union:baseline_balanced@0.6+thinking_recall_v1@0.45+grouped_event@0.1+latent_candidate_v3@0.6,888,2.96,0.2668918918918919,0.7719869706840391,0.396652719665272,0.3387059278408082,0.38035497835497833,0.7679180887372014,0.9911894273127754,0.8653846153846154,68,2
union:baseline_balanced@0.6+thinking_recall_v1@0.45+grouped_event@0.3+latent_candidate_v3@0.45,888,2.96,0.2668918918918919,0.7719869706840391,0.396652719665272,0.3387059278408082,0.38035497835497833,0.7679180887372014,0.9911894273127754,0.8653846153846154,68,2
union:baseline_balanced@0.6+thinking_recall_v1@0.45+grouped_event@0.3+latent_candidate_v3@0.6,888,2.96,0.2668918918918919,0.7719869706840391,0.396652719665272,0.3387059278408082,0.38035497835497833,0.7679180887372014,0.9911894273127754,0.8653846153846154,68,2
union:baseline_balanced@0.6+thinking_recall_v1@0.6+grouped_event@0.1+latent_candidate_v3@0.45,888,2.96,0.2668918918918919,0.7719869706840391,0.396652719665272,0.3387059278408082,0.38035497835497833,0.7679180887372014,0.9911894273127754,0.8653846153846154,68,2
union:baseline_balanced@0.6+thinking_recall_v1@0.6+grouped_event@0.1+latent_candidate_v3@0.6,888,2.96,0.2668918918918919,0.7719869706840391,0.396652719665272,0.3387059278408082,0.38035497835497833,0.7679180887372014,0.9911894273127754,0.8653846153846154,68,2
union:baseline_balanced@0.6+thinking_recall_v1@0.6+grouped_event@0.3+latent_candidate_v3@0.45,888,2.96,0.2668918918918919,0.7719869706840391,0.396652719665272,0.3387059278408082,0.38035497835497833,0.7679180887372014,0.9911894273127754,0.8653846153846154,68,2
union:baseline_balanced@0.6+thinking_recall_v1@0.6+grouped_event@0.3+latent_candidate_v3@0.6,888,2.96,0.2668918918918919,0.7719869706840391,0.396652719665272,0.3387059278408082,0.38035497835497833,0.7679180887372014,0.9911894273127754,0.8653846153846154,68,2
union:baseline_balanced@0.35+thinking_recall_v1@0.1+grouped_event@0.1,752,2.506666666666667,0.27925531914893614,0.6840390879478827,0.39660056657223797,0.2934631349348274,0.4091190476190476,0.7849462365591398,0.9647577092511013,0.8656126482213439,60,8
union:baseline_balanced@0.35+thinking_recall_v1@0.1+grouped_event@0.3,752,2.506666666666667,0.27925531914893614,0.6840390879478827,0.39660056657223797,0.2934631349348274,0.4091190476190476,0.7849462365591398,0.9647577092511013,0.8656126482213439,60,8
union:baseline_balanced@0.35+thinking_recall_v1@0.3+grouped_event@0.1,752,2.506666666666667,0.27925531914893614,0.6840390879478827,0.39660056657223797,0.2934631349348274,0.4091190476190476,0.7849462365591398,0.9647577092511013,0.8656126482213439,60,8
union:baseline_balanced@0.35+thinking_recall_v1@0.3+grouped_event@0.3,752,2.506666666666667,0.27925531914893614,0.6840390879478827,0.39660056657223797,0.2934631349348274,0.4091190476190476,0.7849462365591398,0.9647577092511013,0.8656126482213439,60,8
union:baseline_balanced@0.45+thinking_recall_v1@0.1+grouped_event@0.1,752,2.506666666666667,0.27925531914893614,0.6840390879478827,0.39660056657223797,0.2934631349348274,0.4091190476190476,0.7849462365591398,0.9647577092511013,0.8656126482213439,60,8
union:baseline_balanced@0.45+thinking_recall_v1@0.1+grouped_event@0.3,752,2.506666666666667,0.27925531914893614,0.6840390879478827,0.39660056657223797,0.2934631349348274,0.4091190476190476,0.7849462365591398,0.9647577092511013,0.8656126482213439,60,8
union:baseline_balanced@0.45+thinking_recall_v1@0.3+grouped_event@0.1,752,2.506666666666667,0.27925531914893614,0.6840390879478827,0.39660056657223797,0.2934631349348274,0.4091190476190476,0.7849462365591398,0.9647577092511013,0.8656126482213439,60,8
union:baseline_balanced@0.45+thinking_recall_v1@0.3+grouped_event@0.3,752,2.506666666666667,0.27925531914893614,0.6840390879478827,0.39660056657223797,0.2934631349348274,0.4091190476190476,0.7849462365591398,0.9647577092511013,0.8656126482213439,60,8
union:baseline_balanced@0.6+thinking_recall_v1@0.1+grouped_event@0.1,752,2.506666666666667,0.27925531914893614,0.6840390879478827,0.39660056657223797,0.2934631349348274,0.4091190476190476,0.7849462365591398,0.9647577092511013,0.8656126482213439,60,8
union:baseline_balanced@0.6+thinking_recall_v1@0.1+grouped_event@0.3,752,2.506666666666667,0.27925531914893614,0.6840390879478827,0.39660056657223797,0.2934631349348274,0.4091190476190476,0.7849462365591398,0.9647577092511013,0.8656126482213439,60,8
union:baseline_balanced@0.6+thinking_recall_v1@0.3+grouped_event@0.1,752,2.506666666666667,0.27925531914893614,0.6840390879478827,0.39660056657223797,0.2934631349348274,0.4091190476190476,0.7849462365591398,0.9647577092511013,0.8656126482213439,60,8
union:baseline_balanced@0.6+thinking_recall_v1@0.3+grouped_event@0.3,752,2.506666666666667,0.27925531914893614,0.6840390879478827,0.39660056657223797,0.2934631349348274,0.4091190476190476,0.7849462365591398,0.9647577092511013,0.8656126482213439,60,8
union:baseline_balanced@0.1+thinking_recall_v1@0.35+grouped_event@0.1+latent_candidate_v3@0.35,915,3.05,0.2644808743169399,0.7882736156351792,0.3960720130932897,0.3355206918460488,0.379021645021645,0.7635135135135135,0.9955947136563876,0.864244741873805,70,1
union:baseline_balanced@0.1+thinking_recall_v1@0.35+grouped_event@0.3+latent_candidate_v3@0.35,915,3.05,0.2644808743169399,0.7882736156351792,0.3960720130932897,0.3355206918460488,0.379021645021645,0.7635135135135135,0.9955947136563876,0.864244741873805,70,1
union:baseline_balanced@0.1+thinking_recall_v1@0.45+grouped_event@0.1+latent_candidate_v3@0.35,915,3.05,0.2644808743169399,0.7882736156351792,0.3960720130932897,0.3355206918460488,0.379021645021645,0.7635135135135135,0.9955947136563876,0.864244741873805,70,1
union:baseline_balanced@0.1+thinking_recall_v1@0.45+grouped_event@0.3+latent_candidate_v3@0.35,915,3.05,0.2644808743169399,0.7882736156351792,0.3960720130932897,0.3355206918460488,0.379021645021645,0.7635135135135135,0.9955947136563876,0.864244741873805,70,1
union:baseline_balanced@0.1+thinking_recall_v1@0.6+grouped_event@0.1+latent_candidate_v3@0.35,915,3.05,0.2644808743169399,0.7882736156351792,0.3960720130932897,0.3355206918460488,0.379021645021645,0.7635135135135135,0.9955947136563876,0.864244741873805,70,1
union:baseline_balanced@0.1+thinking_recall_v1@0.6+grouped_event@0.3+latent_candidate_v3@0.35,915,3.05,0.2644808743169399,0.7882736156351792,0.3960720130932897,0.3355206918460488,0.379021645021645,0.7635135135135135,0.9955947136563876,0.864244741873805,70,1
union:baseline_balanced@0.3+thinking_recall_v1@0.35+grouped_event@0.1+latent_candidate_v3@0.35,915,3.05,0.2644808743169399,0.7882736156351792,0.3960720130932897,0.3355206918460488,0.379021645021645,0.7635135135135135,0.9955947136563876,0.864244741873805,70,1
union:baseline_balanced@0.3+thinking_recall_v1@0.35+grouped_event@0.3+latent_candidate_v3@0.35,915,3.05,0.2644808743169399,0.7882736156351792,0.3960720130932897,0.3355206918460488,0.379021645021645,0.7635135135135135,0.9955947136563876,0.864244741873805,70,1
union:baseline_balanced@0.3+thinking_recall_v1@0.45+grouped_event@0.1+latent_candidate_v3@0.35,915,3.05,0.2644808743169399,0.7882736156351792,0.3960720130932897,0.3355206918460488,0.379021645021645,0.7635135135135135,0.9955947136563876,0.864244741873805,70,1
union:baseline_balanced@0.3+thinking_recall_v1@0.45+grouped_event@0.3+latent_candidate_v3@0.35,915,3.05,0.2644808743169399,0.7882736156351792,0.3960720130932897,0.3355206918460488,0.379021645021645,0.7635135135135135,0.9955947136563876,0.864244741873805,70,1
union:baseline_balanced@0.3+thinking_recall_v1@0.6+grouped_event@0.1+latent_candidate_v3@0.35,915,3.05,0.2644808743169399,0.7882736156351792,0.3960720130932897,0.3355206918460488,0.379021645021645,0.7635135135135135,0.9955947136563876,0.864244741873805,70,1
union:baseline_balanced@0.3+thinking_recall_v1@0.6+grouped_event@0.3+latent_candidate_v3@0.35,915,3.05,0.2644808743169399,0.7882736156351792,0.3960720130932897,0.3355206918460488,0.379021645021645,0.7635135135135135,0.9955947136563876,0.864244741873805,70,1
union:baseline_balanced@0.35+thinking_recall_v1@0.1+grouped_event@0.1+latent_candidate_v3@0.45,907,3.0233333333333334,0.26460859977949286,0.7817589576547231,0.3953871499176277,0.3380928086306311,0.3758179413179413,0.7635135135135135,0.9955947136563876,0.864244741873805,70,1
union:baseline_balanced@0.35+thinking_recall_v1@0.1+grouped_event@0.1+latent_candidate_v3@0.6,907,3.0233333333333334,0.26460859977949286,0.7817589576547231,0.3953871499176277,0.3380928086306311,0.3758179413179413,0.7635135135135135,0.9955947136563876,0.864244741873805,70,1
union:baseline_balanced@0.35+thinking_recall_v1@0.1+grouped_event@0.3+latent_candidate_v3@0.45,907,3.0233333333333334,0.26460859977949286,0.7817589576547231,0.3953871499176277,0.3380928086306311,0.3758179413179413,0.7635135135135135,0.9955947136563876,0.864244741873805,70,1
union:baseline_balanced@0.35+thinking_recall_v1@0.1+grouped_event@0.3+latent_candidate_v3@0.6,907,3.0233333333333334,0.26460859977949286,0.7817589576547231,0.3953871499176277,0.3380928086306311,0.3758179413179413,0.7635135135135135,0.9955947136563876,0.864244741873805,70,1
union:baseline_balanced@0.35+thinking_recall_v1@0.3+grouped_event@0.1+latent_candidate_v3@0.45,907,3.0233333333333334,0.26460859977949286,0.7817589576547231,0.3953871499176277,0.3380928086306311,0.3758179413179413,0.7635135135135135,0.9955947136563876,0.864244741873805,70,1
union:baseline_balanced@0.35+thinking_recall_v1@0.3+grouped_event@0.1+latent_candidate_v3@0.6,907,3.0233333333333334,0.26460859977949286,0.7817589576547231,0.3953871499176277,0.3380928086306311,0.3758179413179413,0.7635135135135135,0.9955947136563876,0.864244741873805,70,1
union:baseline_balanced@0.35+thinking_recall_v1@0.3+grouped_event@0.3+latent_candidate_v3@0.45,907,3.0233333333333334,0.26460859977949286,0.7817589576547231,0.3953871499176277,0.3380928086306311,0.3758179413179413,0.7635135135135135,0.9955947136563876,0.864244741873805,70,1
union:baseline_balanced@0.35+thinking_recall_v1@0.3+grouped_event@0.3+latent_candidate_v3@0.6,907,3.0233333333333334,0.26460859977949286,0.7817589576547231,0.3953871499176277,0.3380928086306311,0.3758179413179413,0.7635135135135135,0.9955947136563876,0.864244741873805,70,1
union:baseline_balanced@0.45+thinking_recall_v1@0.1+grouped_event@0.1+latent_candidate_v3@0.45,907,3.0233333333333334,0.26460859977949286,0.7817589576547231,0.3953871499176277,0.3380928086306311,0.3758179413179413,0.7635135135135135,0.9955947136563876,0.864244741873805,70,1
union:baseline_balanced@0.45+thinking_recall_v1@0.1+grouped_event@0.1+latent_candidate_v3@0.6,907,3.0233333333333334,0.26460859977949286,0.7817589576547231,0.3953871499176277,0.3380928086306311,0.3758179413179413,0.7635135135135135,0.9955947136563876,0.864244741873805,70,1
union:baseline_balanced@0.45+thinking_recall_v1@0.1+grouped_event@0.3+latent_candidate_v3@0.45,907,3.0233333333333334,0.26460859977949286,0.7817589576547231,0.3953871499176277,0.3380928086306311,0.3758179413179413,0.7635135135135135,0.9955947136563876,0.864244741873805,70,1
union:baseline_balanced@0.45+thinking_recall_v1@0.1+grouped_event@0.3+latent_candidate_v3@0.6,907,3.0233333333333334,0.26460859977949286,0.7817589576547231,0.3953871499176277,0.3380928086306311,0.3758179413179413,0.7635135135135135,0.9955947136563876,0.864244741873805,70,1
union:baseline_balanced@0.45+thinking_recall_v1@0.3+grouped_event@0.1+latent_candidate_v3@0.45,907,3.0233333333333334,0.26460859977949286,0.7817589576547231,0.3953871499176277,0.3380928086306311,0.3758179413179413,0.7635135135135135,0.9955947136563876,0.864244741873805,70,1
union:baseline_balanced@0.45+thinking_recall_v1@0.3+grouped_event@0.1+latent_candidate_v3@0.6,907,3.0233333333333334,0.26460859977949286,0.7817589576547231,0.3953871499176277,0.3380928086306311,0.3758179413179413,0.7635135135135135,0.9955947136563876,0.864244741873805,70,1
union:baseline_balanced@0.45+thinking_recall_v1@0.3+grouped_event@0.3+latent_candidate_v3@0.45,907,3.0233333333333334,0.26460859977949286,0.7817589576547231,0.3953871499176277,0.3380928086306311,0.3758179413179413,0.7635135135135135,0.9955947136563876,0.864244741873805,70,1
union:baseline_balanced@0.45+thinking_recall_v1@0.3+grouped_event@0.3+latent_candidate_v3@0.6,907,3.0233333333333334,0.26460859977949286,0.7817589576547231,0.3953871499176277,0.3380928086306311,0.3758179413179413,0.7635135135135135,0.9955947136563876,0.864244741873805,70,1
union:baseline_balanced@0.6+thinking_recall_v1@0.1+grouped_event@0.1+latent_candidate_v3@0.45,907,3.0233333333333334,0.26460859977949286,0.7817589576547231,0.3953871499176277,0.3380928086306311,0.3758179413179413,0.7635135135135135,0.9955947136563876,0.864244741873805,70,1
union:baseline_balanced@0.6+thinking_recall_v1@0.1+grouped_event@0.1+latent_candidate_v3@0.6,907,3.0233333333333334,0.26460859977949286,0.7817589576547231,0.3953871499176277,0.3380928086306311,0.3758179413179413,0.7635135135135135,0.9955947136563876,0.864244741873805,70,1
union:baseline_balanced@0.6+thinking_recall_v1@0.1+grouped_event@0.3+latent_candidate_v3@0.45,907,3.0233333333333334,0.26460859977949286,0.7817589576547231,0.3953871499176277,0.3380928086306311,0.3758179413179413,0.7635135135135135,0.9955947136563876,0.864244741873805,70,1
union:baseline_balanced@0.6+thinking_recall_v1@0.1+grouped_event@0.3+latent_candidate_v3@0.6,907,3.0233333333333334,0.26460859977949286,0.7817589576547231,0.3953871499176277,0.3380928086306311,0.3758179413179413,0.7635135135135135,0.9955947136563876,0.864244741873805,70,1
union:baseline_balanced@0.6+thinking_recall_v1@0.3+grouped_event@0.1+latent_candidate_v3@0.45,907,3.0233333333333334,0.26460859977949286,0.7817589576547231,0.3953871499176277,0.3380928086306311,0.3758179413179413,0.7635135135135135,0.9955947136563876,0.864244741873805,70,1
union:baseline_balanced@0.6+thinking_recall_v1@0.3+grouped_event@0.1+latent_candidate_v3@0.6,907,3.0233333333333334,0.26460859977949286,0.7817589576547231,0.3953871499176277,0.3380928086306311,0.3758179413179413,0.7635135135135135,0.9955947136563876,0.864244741873805,70,1
union:baseline_balanced@0.6+thinking_recall_v1@0.3+grouped_event@0.3+latent_candidate_v3@0.45,907,3.0233333333333334,0.26460859977949286,0.7817589576547231,0.3953871499176277,0.3380928086306311,0.3758179413179413,0.7635135135135135,0.9955947136563876,0.864244741873805,70,1
union:baseline_balanced@0.6+thinking_recall_v1@0.3+grouped_event@0.3+latent_candidate_v3@0.6,907,3.0233333333333334,0.26460859977949286,0.7817589576547231,0.3953871499176277,0.3380928086306311,0.3758179413179413,0.7635135135135135,0.9955947136563876,0.864244741873805,70,1
union:baseline_balanced@0.35+thinking_recall_v1@0.35+grouped_event@0.1+latent_candidate_v3@0.35,892,2.973333333333333,0.265695067264574,0.7719869706840391,0.39532944120100083,0.3358111852871474,0.3787994227994228,0.7679180887372014,0.9911894273127754,0.8653846153846154,68,2
union:baseline_balanced@0.35+thinking_recall_v1@0.35+grouped_event@0.3+latent_candidate_v3@0.35,892,2.973333333333333,0.265695067264574,0.7719869706840391,0.39532944120100083,0.3358111852871474,0.3787994227994228,0.7679180887372014,0.9911894273127754,0.8653846153846154,68,2
union:baseline_balanced@0.35+thinking_recall_v1@0.45+grouped_event@0.1+latent_candidate_v3@0.35,892,2.973333333333333,0.265695067264574,0.7719869706840391,0.39532944120100083,0.3358111852871474,0.3787994227994228,0.7679180887372014,0.9911894273127754,0.8653846153846154,68,2
union:baseline_balanced@0.35+thinking_recall_v1@0.45+grouped_event@0.3+latent_candidate_v3@0.35,892,2.973333333333333,0.265695067264574,0.7719869706840391,0.39532944120100083,0.3358111852871474,0.3787994227994228,0.7679180887372014,0.9911894273127754,0.8653846153846154,68,2
union:baseline_balanced@0.35+thinking_recall_v1@0.6+grouped_event@0.1+latent_candidate_v3@0.35,892,2.973333333333333,0.265695067264574,0.7719869706840391,0.39532944120100083,0.3358111852871474,0.3787994227994228,0.7679180887372014,0.9911894273127754,0.8653846153846154,68,2
union:baseline_balanced@0.35+thinking_recall_v1@0.6+grouped_event@0.3+latent_candidate_v3@0.35,892,2.973333333333333,0.265695067264574,0.7719869706840391,0.39532944120100083,0.3358111852871474,0.3787994227994228,0.7679180887372014,0.9911894273127754,0.8653846153846154,68,2
union:baseline_balanced@0.45+thinking_recall_v1@0.35+grouped_event@0.1+latent_candidate_v3@0.35,892,2.973333333333333,0.265695067264574,0.7719869706840391,0.39532944120100083,0.3358111852871474,0.3787994227994228,0.7679180887372014,0.9911894273127754,0.8653846153846154,68,2
union:baseline_balanced@0.45+thinking_recall_v1@0.35+grouped_event@0.3+latent_candidate_v3@0.35,892,2.973333333333333,0.265695067264574,0.7719869706840391,0.39532944120100083,0.3358111852871474,0.3787994227994228,0.7679180887372014,0.9911894273127754,0.8653846153846154,68,2
union:baseline_balanced@0.45+thinking_recall_v1@0.45+grouped_event@0.1+latent_candidate_v3@0.35,892,2.973333333333333,0.265695067264574,0.7719869706840391,0.39532944120100083,0.3358111852871474,0.3787994227994228,0.7679180887372014,0.9911894273127754,0.8653846153846154,68,2
union:baseline_balanced@0.45+thinking_recall_v1@0.45+grouped_event@0.3+latent_candidate_v3@0.35,892,2.973333333333333,0.265695067264574,0.7719869706840391,0.39532944120100083,0.3358111852871474,0.3787994227994228,0.7679180887372014,0.9911894273127754,0.8653846153846154,68,2
union:baseline_balanced@0.45+thinking_recall_v1@0.6+grouped_event@0.1+latent_candidate_v3@0.35,892,2.973333333333333,0.265695067264574,0.7719869706840391,0.39532944120100083,0.3358111852871474,0.3787994227994228,0.7679180887372014,0.9911894273127754,0.8653846153846154,68,2
union:baseline_balanced@0.45+thinking_recall_v1@0.6+grouped_event@0.3+latent_candidate_v3@0.35,892,2.973333333333333,0.265695067264574,0.7719869706840391,0.39532944120100083,0.3358111852871474,0.3787994227994228,0.7679180887372014,0.9911894273127754,0.8653846153846154,68,2
union:baseline_balanced@0.6+thinking_recall_v1@0.35+grouped_event@0.1+latent_candidate_v3@0.35,892,2.973333333333333,0.265695067264574,0.7719869706840391,0.39532944120100083,0.3358111852871474,0.3787994227994228,0.7679180887372014,0.9911894273127754,0.8653846153846154,68,2
union:baseline_balanced@0.6+thinking_recall_v1@0.35+grouped_event@0.3+latent_candidate_v3@0.35,892,2.973333333333333,0.265695067264574,0.7719869706840391,0.39532944120100083,0.3358111852871474,0.3787994227994228,0.7679180887372014,0.9911894273127754,0.8653846153846154,68,2
union:baseline_balanced@0.6+thinking_recall_v1@0.45+grouped_event@0.1+latent_candidate_v3@0.35,892,2.973333333333333,0.265695067264574,0.7719869706840391,0.39532944120100083,0.3358111852871474,0.3787994227994228,0.7679180887372014,0.9911894273127754,0.8653846153846154,68,2
union:baseline_balanced@0.6+thinking_recall_v1@0.45+grouped_event@0.3+latent_candidate_v3@0.35,892,2.973333333333333,0.265695067264574,0.7719869706840391,0.39532944120100083,0.3358111852871474,0.3787994227994228,0.7679180887372014,0.9911894273127754,0.8653846153846154,68,2
union:baseline_balanced@0.6+thinking_recall_v1@0.6+grouped_event@0.1+latent_candidate_v3@0.35,892,2.973333333333333,0.265695067264574,0.7719869706840391,0.39532944120100083,0.3358111852871474,0.3787994227994228,0.7679180887372014,0.9911894273127754,0.8653846153846154,68,2
union:baseline_balanced@0.6+thinking_recall_v1@0.6+grouped_event@0.3+latent_candidate_v3@0.35,892,2.973333333333333,0.265695067264574,0.7719869706840391,0.39532944120100083,0.3358111852871474,0.3787994227994228,0.7679180887372014,0.9911894273127754,0.8653846153846154,68,2
union:baseline_balanced@0.1+grouped_event@0.1,731,2.4366666666666665,0.280437756497948,0.6677524429967426,0.394990366088632,0.2892254932662242,0.4253258778258779,0.8007380073800738,0.9559471365638766,0.8714859437751004,54,10
union:baseline_balanced@0.1+grouped_event@0.3,731,2.4366666666666665,0.280437756497948,0.6677524429967426,0.394990366088632,0.2892254932662242,0.4253258778258779,0.8007380073800738,0.9559471365638766,0.8714859437751004,54,10
union:baseline_balanced@0.3+grouped_event@0.1,731,2.4366666666666665,0.280437756497948,0.6677524429967426,0.394990366088632,0.2892254932662242,0.4253258778258779,0.8007380073800738,0.9559471365638766,0.8714859437751004,54,10
union:baseline_balanced@0.3+grouped_event@0.3,731,2.4366666666666665,0.280437756497948,0.6677524429967426,0.394990366088632,0.2892254932662242,0.4253258778258779,0.8007380073800738,0.9559471365638766,0.8714859437751004,54,10
union:baseline_balanced@0.35+grouped_event@0.1+latent_candidate_v3@0.45,874,2.9133333333333336,0.2665903890160183,0.758957654723127,0.39458086367485184,0.339824542443241,0.38137085137085136,0.7705479452054794,0.9911894273127754,0.8670520231213873,67,2
union:baseline_balanced@0.35+grouped_event@0.1+latent_candidate_v3@0.6,874,2.9133333333333336,0.2665903890160183,0.758957654723127,0.39458086367485184,0.339824542443241,0.38137085137085136,0.7705479452054794,0.9911894273127754,0.8670520231213873,67,2
union:baseline_balanced@0.35+grouped_event@0.3+latent_candidate_v3@0.45,874,2.9133333333333336,0.2665903890160183,0.758957654723127,0.39458086367485184,0.339824542443241,0.38137085137085136,0.7705479452054794,0.9911894273127754,0.8670520231213873,67,2
union:baseline_balanced@0.35+grouped_event@0.3+latent_candidate_v3@0.6,874,2.9133333333333336,0.2665903890160183,0.758957654723127,0.39458086367485184,0.339824542443241,0.38137085137085136,0.7705479452054794,0.9911894273127754,0.8670520231213873,67,2
union:baseline_balanced@0.45+grouped_event@0.1+latent_candidate_v3@0.45,874,2.9133333333333336,0.2665903890160183,0.758957654723127,0.39458086367485184,0.339824542443241,0.38137085137085136,0.7705479452054794,0.9911894273127754,0.8670520231213873,67,2
union:baseline_balanced@0.45+grouped_event@0.1+latent_candidate_v3@0.6,874,2.9133333333333336,0.2665903890160183,0.758957654723127,0.39458086367485184,0.339824542443241,0.38137085137085136,0.7705479452054794,0.9911894273127754,0.8670520231213873,67,2
union:baseline_balanced@0.45+grouped_event@0.3+latent_candidate_v3@0.45,874,2.9133333333333336,0.2665903890160183,0.758957654723127,0.39458086367485184,0.339824542443241,0.38137085137085136,0.7705479452054794,0.9911894273127754,0.8670520231213873,67,2
union:baseline_balanced@0.45+grouped_event@0.3+latent_candidate_v3@0.6,874,2.9133333333333336,0.2665903890160183,0.758957654723127,0.39458086367485184,0.339824542443241,0.38137085137085136,0.7705479452054794,0.9911894273127754,0.8670520231213873,67,2
union:baseline_balanced@0.6+grouped_event@0.1+latent_candidate_v3@0.45,874,2.9133333333333336,0.2665903890160183,0.758957654723127,0.39458086367485184,0.339824542443241,0.38137085137085136,0.7705479452054794,0.9911894273127754,0.8670520231213873,67,2
union:baseline_balanced@0.6+grouped_event@0.1+latent_candidate_v3@0.6,874,2.9133333333333336,0.2665903890160183,0.758957654723127,0.39458086367485184,0.339824542443241,0.38137085137085136,0.7705479452054794,0.9911894273127754,0.8670520231213873,67,2
union:baseline_balanced@0.6+grouped_event@0.3+latent_candidate_v3@0.45,874,2.9133333333333336,0.2665903890160183,0.758957654723127,0.39458086367485184,0.339824542443241,0.38137085137085136,0.7705479452054794,0.9911894273127754,0.8670520231213873,67,2
union:baseline_balanced@0.6+grouped_event@0.3+latent_candidate_v3@0.6,874,2.9133333333333336,0.2665903890160183,0.758957654723127,0.39458086367485184,0.339824542443241,0.38137085137085136,0.7705479452054794,0.9911894273127754,0.8670520231213873,67,2
union:baseline_balanced@0.1+thinking_recall_v1@0.1+grouped_event@0.1+latent_candidate_v3@0.45,925,3.0833333333333335,0.2627027027027027,0.7915309446254072,0.3944805194805195,0.3374627042151433,0.37637349687349686,0.761744966442953,1.0,0.8647619047619047,71,0
union:baseline_balanced@0.1+thinking_recall_v1@0.1+grouped_event@0.1+latent_candidate_v3@0.6,925,3.0833333333333335,0.2627027027027027,0.7915309446254072,0.3944805194805195,0.3374627042151433,0.37637349687349686,0.761744966442953,1.0,0.8647619047619047,71,0
union:baseline_balanced@0.1+thinking_recall_v1@0.1+grouped_event@0.3+latent_candidate_v3@0.45,925,3.0833333333333335,0.2627027027027027,0.7915309446254072,0.3944805194805195,0.3374627042151433,0.37637349687349686,0.761744966442953,1.0,0.8647619047619047,71,0
union:baseline_balanced@0.1+thinking_recall_v1@0.1+grouped_event@0.3+latent_candidate_v3@0.6,925,3.0833333333333335,0.2627027027027027,0.7915309446254072,0.3944805194805195,0.3374627042151433,0.37637349687349686,0.761744966442953,1.0,0.8647619047619047,71,0
union:baseline_balanced@0.1+thinking_recall_v1@0.3+grouped_event@0.1+latent_candidate_v3@0.45,925,3.0833333333333335,0.2627027027027027,0.7915309446254072,0.3944805194805195,0.3374627042151433,0.37637349687349686,0.761744966442953,1.0,0.8647619047619047,71,0
union:baseline_balanced@0.1+thinking_recall_v1@0.3+grouped_event@0.1+latent_candidate_v3@0.6,925,3.0833333333333335,0.2627027027027027,0.7915309446254072,0.3944805194805195,0.3374627042151433,0.37637349687349686,0.761744966442953,1.0,0.8647619047619047,71,0
union:baseline_balanced@0.1+thinking_recall_v1@0.3+grouped_event@0.3+latent_candidate_v3@0.45,925,3.0833333333333335,0.2627027027027027,0.7915309446254072,0.3944805194805195,0.3374627042151433,0.37637349687349686,0.761744966442953,1.0,0.8647619047619047,71,0
union:baseline_balanced@0.1+thinking_recall_v1@0.3+grouped_event@0.3+latent_candidate_v3@0.6,925,3.0833333333333335,0.2627027027027027,0.7915309446254072,0.3944805194805195,0.3374627042151433,0.37637349687349686,0.761744966442953,1.0,0.8647619047619047,71,0
union:baseline_balanced@0.3+thinking_recall_v1@0.1+grouped_event@0.1+latent_candidate_v3@0.45,925,3.0833333333333335,0.2627027027027027,0.7915309446254072,0.3944805194805195,0.3374627042151433,0.37637349687349686,0.761744966442953,1.0,0.8647619047619047,71,0
union:baseline_balanced@0.3+thinking_recall_v1@0.1+grouped_event@0.1+latent_candidate_v3@0.6,925,3.0833333333333335,0.2627027027027027,0.7915309446254072,0.3944805194805195,0.3374627042151433,0.37637349687349686,0.761744966442953,1.0,0.8647619047619047,71,0
union:baseline_balanced@0.3+thinking_recall_v1@0.1+grouped_event@0.3+latent_candidate_v3@0.45,925,3.0833333333333335,0.2627027027027027,0.7915309446254072,0.3944805194805195,0.3374627042151433,0.37637349687349686,0.761744966442953,1.0,0.8647619047619047,71,0
union:baseline_balanced@0.3+thinking_recall_v1@0.1+grouped_event@0.3+latent_candidate_v3@0.6,925,3.0833333333333335,0.2627027027027027,0.7915309446254072,0.3944805194805195,0.3374627042151433,0.37637349687349686,0.761744966442953,1.0,0.8647619047619047,71,0
union:baseline_balanced@0.3+thinking_recall_v1@0.3+grouped_event@0.1+latent_candidate_v3@0.45,925,3.0833333333333335,0.2627027027027027,0.7915309446254072,0.3944805194805195,0.3374627042151433,0.37637349687349686,0.761744966442953,1.0,0.8647619047619047,71,0
union:baseline_balanced@0.3+thinking_recall_v1@0.3+grouped_event@0.1+latent_candidate_v3@0.6,925,3.0833333333333335,0.2627027027027027,0.7915309446254072,0.3944805194805195,0.3374627042151433,0.37637349687349686,0.761744966442953,1.0,0.8647619047619047,71,0
union:baseline_balanced@0.3+thinking_recall_v1@0.3+grouped_event@0.3+latent_candidate_v3@0.45,925,3.0833333333333335,0.2627027027027027,0.7915309446254072,0.3944805194805195,0.3374627042151433,0.37637349687349686,0.761744966442953,1.0,0.8647619047619047,71,0
union:baseline_balanced@0.3+thinking_recall_v1@0.3+grouped_event@0.3+latent_candidate_v3@0.6,925,3.0833333333333335,0.2627027027027027,0.7915309446254072,0.3944805194805195,0.3374627042151433,0.37637349687349686,0.761744966442953,1.0,0.8647619047619047,71,0
union:baseline_balanced@0.35+thinking_recall_v1@0.1+grouped_event@0.1+latent_candidate_v3@0.35,911,3.0366666666666666,0.26344676180021953,0.7817589576547231,0.39408866995073893,0.3351980660769702,0.37426238576238574,0.7635135135135135,0.9955947136563876,0.864244741873805,70,1
union:baseline_balanced@0.35+thinking_recall_v1@0.1+grouped_event@0.3+latent_candidate_v3@0.35,911,3.0366666666666666,0.26344676180021953,0.7817589576547231,0.39408866995073893,0.3351980660769702,0.37426238576238574,0.7635135135135135,0.9955947136563876,0.864244741873805,70,1
union:baseline_balanced@0.35+thinking_recall_v1@0.3+grouped_event@0.1+latent_candidate_v3@0.35,911,3.0366666666666666,0.26344676180021953,0.7817589576547231,0.39408866995073893,0.3351980660769702,0.37426238576238574,0.7635135135135135,0.9955947136563876,0.864244741873805,70,1
union:baseline_balanced@0.35+thinking_recall_v1@0.3+grouped_event@0.3+latent_candidate_v3@0.35,911,3.0366666666666666,0.26344676180021953,0.7817589576547231,0.39408866995073893,0.3351980660769702,0.37426238576238574,0.7635135135135135,0.9955947136563876,0.864244741873805,70,1
union:baseline_balanced@0.45+thinking_recall_v1@0.1+grouped_event@0.1+latent_candidate_v3@0.35,911,3.0366666666666666,0.26344676180021953,0.7817589576547231,0.39408866995073893,0.3351980660769702,0.37426238576238574,0.7635135135135135,0.9955947136563876,0.864244741873805,70,1
union:baseline_balanced@0.45+thinking_recall_v1@0.1+grouped_event@0.3+latent_candidate_v3@0.35,911,3.0366666666666666,0.26344676180021953,0.7817589576547231,0.39408866995073893,0.3351980660769702,0.37426238576238574,0.7635135135135135,0.9955947136563876,0.864244741873805,70,1
union:baseline_balanced@0.45+thinking_recall_v1@0.3+grouped_event@0.1+latent_candidate_v3@0.35,911,3.0366666666666666,0.26344676180021953,0.7817589576547231,0.39408866995073893,0.3351980660769702,0.37426238576238574,0.7635135135135135,0.9955947136563876,0.864244741873805,70,1
union:baseline_balanced@0.45+thinking_recall_v1@0.3+grouped_event@0.3+latent_candidate_v3@0.35,911,3.0366666666666666,0.26344676180021953,0.7817589576547231,0.39408866995073893,0.3351980660769702,0.37426238576238574,0.7635135135135135,0.9955947136563876,0.864244741873805,70,1
union:baseline_balanced@0.6+thinking_recall_v1@0.1+grouped_event@0.1+latent_candidate_v3@0.35,911,3.0366666666666666,0.26344676180021953,0.7817589576547231,0.39408866995073893,0.3351980660769702,0.37426238576238574,0.7635135135135135,0.9955947136563876,0.864244741873805,70,1
union:baseline_balanced@0.6+thinking_recall_v1@0.1+grouped_event@0.3+latent_candidate_v3@0.35,911,3.0366666666666666,0.26344676180021953,0.7817589576547231,0.39408866995073893,0.3351980660769702,0.37426238576238574,0.7635135135135135,0.9955947136563876,0.864244741873805,70,1
union:baseline_balanced@0.6+thinking_recall_v1@0.3+grouped_event@0.1+latent_candidate_v3@0.35,911,3.0366666666666666,0.26344676180021953,0.7817589576547231,0.39408866995073893,0.3351980660769702,0.37426238576238574,0.7635135135135135,0.9955947136563876,0.864244741873805,70,1
union:baseline_balanced@0.6+thinking_recall_v1@0.3+grouped_event@0.3+latent_candidate_v3@0.35,911,3.0366666666666666,0.26344676180021953,0.7817589576547231,0.39408866995073893,0.3351980660769702,0.37426238576238574,0.7635135135135135,0.9955947136563876,0.864244741873805,70,1
union:baseline_balanced@0.1+thinking_recall_v1@0.1+grouped_event@0.1,785,2.6166666666666667,0.27388535031847133,0.7003257328990228,0.39377289377289376,0.2913584040775294,0.40388672438672435,0.7797202797202797,0.9823788546255506,0.8693957115009746,63,4
union:baseline_balanced@0.1+thinking_recall_v1@0.1+grouped_event@0.3,785,2.6166666666666667,0.27388535031847133,0.7003257328990228,0.39377289377289376,0.2913584040775294,0.40388672438672435,0.7797202797202797,0.9823788546255506,0.8693957115009746,63,4
union:baseline_balanced@0.1+thinking_recall_v1@0.3+grouped_event@0.1,785,2.6166666666666667,0.27388535031847133,0.7003257328990228,0.39377289377289376,0.2913584040775294,0.40388672438672435,0.7797202797202797,0.9823788546255506,0.8693957115009746,63,4
union:baseline_balanced@0.1+thinking_recall_v1@0.3+grouped_event@0.3,785,2.6166666666666667,0.27388535031847133,0.7003257328990228,0.39377289377289376,0.2913584040775294,0.40388672438672435,0.7797202797202797,0.9823788546255506,0.8693957115009746,63,4
union:baseline_balanced@0.3+thinking_recall_v1@0.1+grouped_event@0.1,785,2.6166666666666667,0.27388535031847133,0.7003257328990228,0.39377289377289376,0.2913584040775294,0.40388672438672435,0.7797202797202797,0.9823788546255506,0.8693957115009746,63,4
union:baseline_balanced@0.3+thinking_recall_v1@0.1+grouped_event@0.3,785,2.6166666666666667,0.27388535031847133,0.7003257328990228,0.39377289377289376,0.2913584040775294,0.40388672438672435,0.7797202797202797,0.9823788546255506,0.8693957115009746,63,4
union:baseline_balanced@0.3+thinking_recall_v1@0.3+grouped_event@0.1,785,2.6166666666666667,0.27388535031847133,0.7003257328990228,0.39377289377289376,0.2913584040775294,0.40388672438672435,0.7797202797202797,0.9823788546255506,0.8693957115009746,63,4
union:baseline_balanced@0.3+thinking_recall_v1@0.3+grouped_event@0.3,785,2.6166666666666667,0.27388535031847133,0.7003257328990228,0.39377289377289376,0.2913584040775294,0.40388672438672435,0.7797202797202797,0.9823788546255506,0.8693957115009746,63,4
union:baseline_balanced@0.35+grouped_event@0.1+latent_candidate_v3@0.35,878,2.9266666666666667,0.265375854214123,0.758957654723127,0.39324894514767933,0.3369259917186033,0.37981529581529583,0.7705479452054794,0.9911894273127754,0.8670520231213873,67,2
union:baseline_balanced@0.35+grouped_event@0.3+latent_candidate_v3@0.35,878,2.9266666666666667,0.265375854214123,0.758957654723127,0.39324894514767933,0.3369259917186033,0.37981529581529583,0.7705479452054794,0.9911894273127754,0.8670520231213873,67,2
union:baseline_balanced@0.45+grouped_event@0.1+latent_candidate_v3@0.35,878,2.9266666666666667,0.265375854214123,0.758957654723127,0.39324894514767933,0.3369259917186033,0.37981529581529583,0.7705479452054794,0.9911894273127754,0.8670520231213873,67,2
union:baseline_balanced@0.45+grouped_event@0.3+latent_candidate_v3@0.35,878,2.9266666666666667,0.265375854214123,0.758957654723127,0.39324894514767933,0.3369259917186033,0.37981529581529583,0.7705479452054794,0.9911894273127754,0.8670520231213873,67,2
union:baseline_balanced@0.6+grouped_event@0.1+latent_candidate_v3@0.35,878,2.9266666666666667,0.265375854214123,0.758957654723127,0.39324894514767933,0.3369259917186033,0.37981529581529583,0.7705479452054794,0.9911894273127754,0.8670520231213873,67,2
union:baseline_balanced@0.6+grouped_event@0.3+latent_candidate_v3@0.35,878,2.9266666666666667,0.265375854214123,0.758957654723127,0.39324894514767933,0.3369259917186033,0.37981529581529583,0.7705479452054794,0.9911894273127754,0.8670520231213873,67,2
intersection:baseline_balanced@0.35+latent_candidate_v3@0.1,105,0.35,0.7714285714285715,0.26384364820846906,0.3932038834951456,0.2303426423563724,0.45888888888888885,0.9611650485436893,0.43612334801762115,0.6,4,128
intersection:baseline_balanced@0.35+latent_candidate_v3@0.3,105,0.35,0.7714285714285715,0.26384364820846906,0.3932038834951456,0.2303426423563724,0.45888888888888885,0.9611650485436893,0.43612334801762115,0.6,4,128
intersection:baseline_balanced@0.35+latent_candidate_v3@0.35,105,0.35,0.7714285714285715,0.26384364820846906,0.3932038834951456,0.2303426423563724,0.45888888888888885,0.9611650485436893,0.43612334801762115,0.6,4,128
intersection:baseline_balanced@0.35+latent_candidate_v3@0.45,105,0.35,0.7714285714285715,0.26384364820846906,0.3932038834951456,0.2303426423563724,0.45888888888888885,0.9611650485436893,0.43612334801762115,0.6,4,128
intersection:baseline_balanced@0.35+latent_candidate_v3@0.6,105,0.35,0.7714285714285715,0.26384364820846906,0.3932038834951456,0.2303426423563724,0.45888888888888885,0.9611650485436893,0.43612334801762115,0.6,4,128
intersection:baseline_balanced@0.45+latent_candidate_v3@0.1,105,0.35,0.7714285714285715,0.26384364820846906,0.3932038834951456,0.2303426423563724,0.45888888888888885,0.9611650485436893,0.43612334801762115,0.6,4,128
intersection:baseline_balanced@0.45+latent_candidate_v3@0.3,105,0.35,0.7714285714285715,0.26384364820846906,0.3932038834951456,0.2303426423563724,0.45888888888888885,0.9611650485436893,0.43612334801762115,0.6,4,128
intersection:baseline_balanced@0.45+latent_candidate_v3@0.35,105,0.35,0.7714285714285715,0.26384364820846906,0.3932038834951456,0.2303426423563724,0.45888888888888885,0.9611650485436893,0.43612334801762115,0.6,4,128
intersection:baseline_balanced@0.45+latent_candidate_v3@0.45,105,0.35,0.7714285714285715,0.26384364820846906,0.3932038834951456,0.2303426423563724,0.45888888888888885,0.9611650485436893,0.43612334801762115,0.6,4,128
intersection:baseline_balanced@0.45+latent_candidate_v3@0.6,105,0.35,0.7714285714285715,0.26384364820846906,0.3932038834951456,0.2303426423563724,0.45888888888888885,0.9611650485436893,0.43612334801762115,0.6,4,128
intersection:baseline_balanced@0.6+latent_candidate_v3@0.1,105,0.35,0.7714285714285715,0.26384364820846906,0.3932038834951456,0.2303426423563724,0.45888888888888885,0.9611650485436893,0.43612334801762115,0.6,4,128
intersection:baseline_balanced@0.6+latent_candidate_v3@0.3,105,0.35,0.7714285714285715,0.26384364820846906,0.3932038834951456,0.2303426423563724,0.45888888888888885,0.9611650485436893,0.43612334801762115,0.6,4,128
intersection:baseline_balanced@0.6+latent_candidate_v3@0.35,105,0.35,0.7714285714285715,0.26384364820846906,0.3932038834951456,0.2303426423563724,0.45888888888888885,0.9611650485436893,0.43612334801762115,0.6,4,128
intersection:baseline_balanced@0.6+latent_candidate_v3@0.45,105,0.35,0.7714285714285715,0.26384364820846906,0.3932038834951456,0.2303426423563724,0.45888888888888885,0.9611650485436893,0.43612334801762115,0.6,4,128
intersection:baseline_balanced@0.6+latent_candidate_v3@0.6,105,0.35,0.7714285714285715,0.26384364820846906,0.3932038834951456,0.2303426423563724,0.45888888888888885,0.9611650485436893,0.43612334801762115,0.6,4,128
union:baseline_balanced@0.1+thinking_recall_v1@0.1+grouped_event@0.1+latent_candidate_v3@0.35,929,3.0966666666666667,0.26157158234660927,0.7915309446254072,0.3932038834951456,0.33456796166148234,0.37481794131794127,0.761744966442953,1.0,0.8647619047619047,71,0
union:baseline_balanced@0.1+thinking_recall_v1@0.1+grouped_event@0.3+latent_candidate_v3@0.35,929,3.0966666666666667,0.26157158234660927,0.7915309446254072,0.3932038834951456,0.33456796166148234,0.37481794131794127,0.761744966442953,1.0,0.8647619047619047,71,0
union:baseline_balanced@0.1+thinking_recall_v1@0.3+grouped_event@0.1+latent_candidate_v3@0.35,929,3.0966666666666667,0.26157158234660927,0.7915309446254072,0.3932038834951456,0.33456796166148234,0.37481794131794127,0.761744966442953,1.0,0.8647619047619047,71,0
union:baseline_balanced@0.1+thinking_recall_v1@0.3+grouped_event@0.3+latent_candidate_v3@0.35,929,3.0966666666666667,0.26157158234660927,0.7915309446254072,0.3932038834951456,0.33456796166148234,0.37481794131794127,0.761744966442953,1.0,0.8647619047619047,71,0
union:baseline_balanced@0.3+thinking_recall_v1@0.1+grouped_event@0.1+latent_candidate_v3@0.35,929,3.0966666666666667,0.26157158234660927,0.7915309446254072,0.3932038834951456,0.33456796166148234,0.37481794131794127,0.761744966442953,1.0,0.8647619047619047,71,0
union:baseline_balanced@0.3+thinking_recall_v1@0.1+grouped_event@0.3+latent_candidate_v3@0.35,929,3.0966666666666667,0.26157158234660927,0.7915309446254072,0.3932038834951456,0.33456796166148234,0.37481794131794127,0.761744966442953,1.0,0.8647619047619047,71,0
union:baseline_balanced@0.3+thinking_recall_v1@0.3+grouped_event@0.1+latent_candidate_v3@0.35,929,3.0966666666666667,0.26157158234660927,0.7915309446254072,0.3932038834951456,0.33456796166148234,0.37481794131794127,0.761744966442953,1.0,0.8647619047619047,71,0
union:baseline_balanced@0.3+thinking_recall_v1@0.3+grouped_event@0.3+latent_candidate_v3@0.35,929,3.0966666666666667,0.26157158234660927,0.7915309446254072,0.3932038834951456,0.33456796166148234,0.37481794131794127,0.761744966442953,1.0,0.8647619047619047,71,0
union:baseline_balanced@0.35+thinking_recall_v1@0.35+grouped_event@0.1,711,2.37,0.2812939521800281,0.6514657980456026,0.3929273084479371,0.29274824313959635,0.42484126984126985,0.8084291187739464,0.9295154185022027,0.8647540983606558,50,16
union:baseline_balanced@0.35+thinking_recall_v1@0.35+grouped_event@0.3,711,2.37,0.2812939521800281,0.6514657980456026,0.3929273084479371,0.29274824313959635,0.42484126984126985,0.8084291187739464,0.9295154185022027,0.8647540983606558,50,16
union:baseline_balanced@0.35+thinking_recall_v1@0.45+grouped_event@0.1,711,2.37,0.2812939521800281,0.6514657980456026,0.3929273084479371,0.29274824313959635,0.42484126984126985,0.8084291187739464,0.9295154185022027,0.8647540983606558,50,16
union:baseline_balanced@0.35+thinking_recall_v1@0.45+grouped_event@0.3,711,2.37,0.2812939521800281,0.6514657980456026,0.3929273084479371,0.29274824313959635,0.42484126984126985,0.8084291187739464,0.9295154185022027,0.8647540983606558,50,16
union:baseline_balanced@0.35+thinking_recall_v1@0.6+grouped_event@0.1,711,2.37,0.2812939521800281,0.6514657980456026,0.3929273084479371,0.29274824313959635,0.42484126984126985,0.8084291187739464,0.9295154185022027,0.8647540983606558,50,16
union:baseline_balanced@0.35+thinking_recall_v1@0.6+grouped_event@0.3,711,2.37,0.2812939521800281,0.6514657980456026,0.3929273084479371,0.29274824313959635,0.42484126984126985,0.8084291187739464,0.9295154185022027,0.8647540983606558,50,16
union:baseline_balanced@0.45+thinking_recall_v1@0.35+grouped_event@0.1,711,2.37,0.2812939521800281,0.6514657980456026,0.3929273084479371,0.29274824313959635,0.42484126984126985,0.8084291187739464,0.9295154185022027,0.8647540983606558,50,16
union:baseline_balanced@0.45+thinking_recall_v1@0.35+grouped_event@0.3,711,2.37,0.2812939521800281,0.6514657980456026,0.3929273084479371,0.29274824313959635,0.42484126984126985,0.8084291187739464,0.9295154185022027,0.8647540983606558,50,16
union:baseline_balanced@0.45+thinking_recall_v1@0.45+grouped_event@0.1,711,2.37,0.2812939521800281,0.6514657980456026,0.3929273084479371,0.29274824313959635,0.42484126984126985,0.8084291187739464,0.9295154185022027,0.8647540983606558,50,16
union:baseline_balanced@0.45+thinking_recall_v1@0.45+grouped_event@0.3,711,2.37,0.2812939521800281,0.6514657980456026,0.3929273084479371,0.29274824313959635,0.42484126984126985,0.8084291187739464,0.9295154185022027,0.8647540983606558,50,16
union:baseline_balanced@0.45+thinking_recall_v1@0.6+grouped_event@0.1,711,2.37,0.2812939521800281,0.6514657980456026,0.3929273084479371,0.29274824313959635,0.42484126984126985,0.8084291187739464,0.9295154185022027,0.8647540983606558,50,16
union:baseline_balanced@0.45+thinking_recall_v1@0.6+grouped_event@0.3,711,2.37,0.2812939521800281,0.6514657980456026,0.3929273084479371,0.29274824313959635,0.42484126984126985,0.8084291187739464,0.9295154185022027,0.8647540983606558,50,16
union:baseline_balanced@0.6+thinking_recall_v1@0.35+grouped_event@0.1,711,2.37,0.2812939521800281,0.6514657980456026,0.3929273084479371,0.29274824313959635,0.42484126984126985,0.8084291187739464,0.9295154185022027,0.8647540983606558,50,16
union:baseline_balanced@0.6+thinking_recall_v1@0.35+grouped_event@0.3,711,2.37,0.2812939521800281,0.6514657980456026,0.3929273084479371,0.29274824313959635,0.42484126984126985,0.8084291187739464,0.9295154185022027,0.8647540983606558,50,16
union:baseline_balanced@0.6+thinking_recall_v1@0.45+grouped_event@0.1,711,2.37,0.2812939521800281,0.6514657980456026,0.3929273084479371,0.29274824313959635,0.42484126984126985,0.8084291187739464,0.9295154185022027,0.8647540983606558,50,16
union:baseline_balanced@0.6+thinking_recall_v1@0.45+grouped_event@0.3,711,2.37,0.2812939521800281,0.6514657980456026,0.3929273084479371,0.29274824313959635,0.42484126984126985,0.8084291187739464,0.9295154185022027,0.8647540983606558,50,16
union:baseline_balanced@0.6+thinking_recall_v1@0.6+grouped_event@0.1,711,2.37,0.2812939521800281,0.6514657980456026,0.3929273084479371,0.29274824313959635,0.42484126984126985,0.8084291187739464,0.9295154185022027,0.8647540983606558,50,16
union:baseline_balanced@0.6+thinking_recall_v1@0.6+grouped_event@0.3,711,2.37,0.2812939521800281,0.6514657980456026,0.3929273084479371,0.29274824313959635,0.42484126984126985,0.8084291187739464,0.9295154185022027,0.8647540983606558,50,16
union:thinking_recall_v1@0.35+grouped_event@0.1+latent_candidate_v3@0.45,882,2.94,0.264172335600907,0.758957654723127,0.3919259882253995,0.33730699797799557,0.3748020683020683,0.7679180887372014,0.9911894273127754,0.8653846153846154,68,2
union:thinking_recall_v1@0.35+grouped_event@0.1+latent_candidate_v3@0.6,882,2.94,0.264172335600907,0.758957654723127,0.3919259882253995,0.33730699797799557,0.3748020683020683,0.7679180887372014,0.9911894273127754,0.8653846153846154,68,2
union:thinking_recall_v1@0.35+grouped_event@0.3+latent_candidate_v3@0.45,882,2.94,0.264172335600907,0.758957654723127,0.3919259882253995,0.33730699797799557,0.3748020683020683,0.7679180887372014,0.9911894273127754,0.8653846153846154,68,2
union:thinking_recall_v1@0.35+grouped_event@0.3+latent_candidate_v3@0.6,882,2.94,0.264172335600907,0.758957654723127,0.3919259882253995,0.33730699797799557,0.3748020683020683,0.7679180887372014,0.9911894273127754,0.8653846153846154,68,2
union:thinking_recall_v1@0.45+grouped_event@0.1+latent_candidate_v3@0.45,882,2.94,0.264172335600907,0.758957654723127,0.3919259882253995,0.33730699797799557,0.3748020683020683,0.7679180887372014,0.9911894273127754,0.8653846153846154,68,2
union:thinking_recall_v1@0.45+grouped_event@0.1+latent_candidate_v3@0.6,882,2.94,0.264172335600907,0.758957654723127,0.3919259882253995,0.33730699797799557,0.3748020683020683,0.7679180887372014,0.9911894273127754,0.8653846153846154,68,2
union:thinking_recall_v1@0.45+grouped_event@0.3+latent_candidate_v3@0.45,882,2.94,0.264172335600907,0.758957654723127,0.3919259882253995,0.33730699797799557,0.3748020683020683,0.7679180887372014,0.9911894273127754,0.8653846153846154,68,2
union:thinking_recall_v1@0.45+grouped_event@0.3+latent_candidate_v3@0.6,882,2.94,0.264172335600907,0.758957654723127,0.3919259882253995,0.33730699797799557,0.3748020683020683,0.7679180887372014,0.9911894273127754,0.8653846153846154,68,2
union:thinking_recall_v1@0.6+grouped_event@0.1+latent_candidate_v3@0.45,882,2.94,0.264172335600907,0.758957654723127,0.3919259882253995,0.33730699797799557,0.3748020683020683,0.7679180887372014,0.9911894273127754,0.8653846153846154,68,2
union:thinking_recall_v1@0.6+grouped_event@0.1+latent_candidate_v3@0.6,882,2.94,0.264172335600907,0.758957654723127,0.3919259882253995,0.33730699797799557,0.3748020683020683,0.7679180887372014,0.9911894273127754,0.8653846153846154,68,2
union:thinking_recall_v1@0.6+grouped_event@0.3+latent_candidate_v3@0.45,882,2.94,0.264172335600907,0.758957654723127,0.3919259882253995,0.33730699797799557,0.3748020683020683,0.7679180887372014,0.9911894273127754,0.8653846153846154,68,2
union:thinking_recall_v1@0.6+grouped_event@0.3+latent_candidate_v3@0.6,882,2.94,0.264172335600907,0.758957654723127,0.3919259882253995,0.33730699797799557,0.3748020683020683,0.7679180887372014,0.9911894273127754,0.8653846153846154,68,2
union:thinking_recall_v1@0.1+grouped_event@0.1+latent_candidate_v3@0.45,901,3.0033333333333334,0.2619311875693674,0.7687296416938111,0.39072847682119205,0.33670840160683546,0.37026503126503124,0.7635135135135135,0.9955947136563876,0.864244741873805,70,1
union:thinking_recall_v1@0.1+grouped_event@0.1+latent_candidate_v3@0.6,901,3.0033333333333334,0.2619311875693674,0.7687296416938111,0.39072847682119205,0.33670840160683546,0.37026503126503124,0.7635135135135135,0.9955947136563876,0.864244741873805,70,1
union:thinking_recall_v1@0.1+grouped_event@0.3+latent_candidate_v3@0.45,901,3.0033333333333334,0.2619311875693674,0.7687296416938111,0.39072847682119205,0.33670840160683546,0.37026503126503124,0.7635135135135135,0.9955947136563876,0.864244741873805,70,1
union:thinking_recall_v1@0.1+grouped_event@0.3+latent_candidate_v3@0.6,901,3.0033333333333334,0.2619311875693674,0.7687296416938111,0.39072847682119205,0.33670840160683546,0.37026503126503124,0.7635135135135135,0.9955947136563876,0.864244741873805,70,1
union:thinking_recall_v1@0.3+grouped_event@0.1+latent_candidate_v3@0.45,901,3.0033333333333334,0.2619311875693674,0.7687296416938111,0.39072847682119205,0.33670840160683546,0.37026503126503124,0.7635135135135135,0.9955947136563876,0.864244741873805,70,1
union:thinking_recall_v1@0.3+grouped_event@0.1+latent_candidate_v3@0.6,901,3.0033333333333334,0.2619311875693674,0.7687296416938111,0.39072847682119205,0.33670840160683546,0.37026503126503124,0.7635135135135135,0.9955947136563876,0.864244741873805,70,1
union:thinking_recall_v1@0.3+grouped_event@0.3+latent_candidate_v3@0.45,901,3.0033333333333334,0.2619311875693674,0.7687296416938111,0.39072847682119205,0.33670840160683546,0.37026503126503124,0.7635135135135135,0.9955947136563876,0.864244741873805,70,1
union:thinking_recall_v1@0.3+grouped_event@0.3+latent_candidate_v3@0.6,901,3.0033333333333334,0.2619311875693674,0.7687296416938111,0.39072847682119205,0.33670840160683546,0.37026503126503124,0.7635135135135135,0.9955947136563876,0.864244741873805,70,1
union:thinking_recall_v1@0.35+grouped_event@0.1+latent_candidate_v3@0.35,886,2.953333333333333,0.26297968397291194,0.758957654723127,0.3906119027661358,0.33441225542433467,0.3732465127465127,0.7679180887372014,0.9911894273127754,0.8653846153846154,68,2
union:thinking_recall_v1@0.35+grouped_event@0.3+latent_candidate_v3@0.35,886,2.953333333333333,0.26297968397291194,0.758957654723127,0.3906119027661358,0.33441225542433467,0.3732465127465127,0.7679180887372014,0.9911894273127754,0.8653846153846154,68,2
union:thinking_recall_v1@0.45+grouped_event@0.1+latent_candidate_v3@0.35,886,2.953333333333333,0.26297968397291194,0.758957654723127,0.3906119027661358,0.33441225542433467,0.3732465127465127,0.7679180887372014,0.9911894273127754,0.8653846153846154,68,2
union:thinking_recall_v1@0.45+grouped_event@0.3+latent_candidate_v3@0.35,886,2.953333333333333,0.26297968397291194,0.758957654723127,0.3906119027661358,0.33441225542433467,0.3732465127465127,0.7679180887372014,0.9911894273127754,0.8653846153846154,68,2
union:thinking_recall_v1@0.6+grouped_event@0.1+latent_candidate_v3@0.35,886,2.953333333333333,0.26297968397291194,0.758957654723127,0.3906119027661358,0.33441225542433467,0.3732465127465127,0.7679180887372014,0.9911894273127754,0.8653846153846154,68,2
union:thinking_recall_v1@0.6+grouped_event@0.3+latent_candidate_v3@0.35,886,2.953333333333333,0.26297968397291194,0.758957654723127,0.3906119027661358,0.33441225542433467,0.3732465127465127,0.7679180887372014,0.9911894273127754,0.8653846153846154,68,2
union:thinking_recall_v1@0.1+grouped_event@0.1+latent_candidate_v3@0.35,905,3.0166666666666666,0.26077348066298345,0.7687296416938111,0.38943894389438943,0.3338136590531745,0.3687094757094757,0.7635135135135135,0.9955947136563876,0.864244741873805,70,1
union:thinking_recall_v1@0.1+grouped_event@0.3+latent_candidate_v3@0.35,905,3.0166666666666666,0.26077348066298345,0.7687296416938111,0.38943894389438943,0.3338136590531745,0.3687094757094757,0.7635135135135135,0.9955947136563876,0.864244741873805,70,1
union:thinking_recall_v1@0.3+grouped_event@0.1+latent_candidate_v3@0.35,905,3.0166666666666666,0.26077348066298345,0.7687296416938111,0.38943894389438943,0.3338136590531745,0.3687094757094757,0.7635135135135135,0.9955947136563876,0.864244741873805,70,1
union:thinking_recall_v1@0.3+grouped_event@0.3+latent_candidate_v3@0.35,905,3.0166666666666666,0.26077348066298345,0.7687296416938111,0.38943894389438943,0.3338136590531745,0.3687094757094757,0.7635135135135135,0.9955947136563876,0.864244741873805,70,1
intersection:thinking_recall_v1@0.35+grouped_event@0.1,107,0.3566666666666667,0.7476635514018691,0.26058631921824105,0.3864734299516908,0.15305521173930053,0.4527777777777777,0.9607843137254902,0.43171806167400884,0.5957446808510638,4,129
intersection:thinking_recall_v1@0.35+grouped_event@0.3,107,0.3566666666666667,0.7476635514018691,0.26058631921824105,0.3864734299516908,0.15305521173930053,0.4527777777777777,0.9607843137254902,0.43171806167400884,0.5957446808510638,4,129
intersection:thinking_recall_v1@0.45+grouped_event@0.1,107,0.3566666666666667,0.7476635514018691,0.26058631921824105,0.3864734299516908,0.15305521173930053,0.4527777777777777,0.9607843137254902,0.43171806167400884,0.5957446808510638,4,129
intersection:thinking_recall_v1@0.45+grouped_event@0.3,107,0.3566666666666667,0.7476635514018691,0.26058631921824105,0.3864734299516908,0.15305521173930053,0.4527777777777777,0.9607843137254902,0.43171806167400884,0.5957446808510638,4,129
intersection:thinking_recall_v1@0.6+grouped_event@0.1,107,0.3566666666666667,0.7476635514018691,0.26058631921824105,0.3864734299516908,0.15305521173930053,0.4527777777777777,0.9607843137254902,0.43171806167400884,0.5957446808510638,4,129
intersection:thinking_recall_v1@0.6+grouped_event@0.3,107,0.3566666666666667,0.7476635514018691,0.26058631921824105,0.3864734299516908,0.15305521173930053,0.4527777777777777,0.9607843137254902,0.43171806167400884,0.5957446808510638,4,129
intersection:baseline_balanced@0.1+thinking_recall_v1@0.1+latent_candidate_v3@0.1,123,0.41,0.6747967479674797,0.2703583061889251,0.386046511627907,0.13975730824566468,0.4483333333333333,0.9173553719008265,0.4889867841409692,0.6379310344827587,10,116
intersection:baseline_balanced@0.1+thinking_recall_v1@0.1+latent_candidate_v3@0.3,123,0.41,0.6747967479674797,0.2703583061889251,0.386046511627907,0.13975730824566468,0.4483333333333333,0.9173553719008265,0.4889867841409692,0.6379310344827587,10,116
intersection:baseline_balanced@0.1+thinking_recall_v1@0.3+latent_candidate_v3@0.1,123,0.41,0.6747967479674797,0.2703583061889251,0.386046511627907,0.13975730824566468,0.4483333333333333,0.9173553719008265,0.4889867841409692,0.6379310344827587,10,116
intersection:baseline_balanced@0.1+thinking_recall_v1@0.3+latent_candidate_v3@0.3,123,0.41,0.6747967479674797,0.2703583061889251,0.386046511627907,0.13975730824566468,0.4483333333333333,0.9173553719008265,0.4889867841409692,0.6379310344827587,10,116
intersection:baseline_balanced@0.3+thinking_recall_v1@0.1+latent_candidate_v3@0.1,123,0.41,0.6747967479674797,0.2703583061889251,0.386046511627907,0.13975730824566468,0.4483333333333333,0.9173553719008265,0.4889867841409692,0.6379310344827587,10,116
intersection:baseline_balanced@0.3+thinking_recall_v1@0.1+latent_candidate_v3@0.3,123,0.41,0.6747967479674797,0.2703583061889251,0.386046511627907,0.13975730824566468,0.4483333333333333,0.9173553719008265,0.4889867841409692,0.6379310344827587,10,116
intersection:baseline_balanced@0.3+thinking_recall_v1@0.3+latent_candidate_v3@0.1,123,0.41,0.6747967479674797,0.2703583061889251,0.386046511627907,0.13975730824566468,0.4483333333333333,0.9173553719008265,0.4889867841409692,0.6379310344827587,10,116
intersection:baseline_balanced@0.3+thinking_recall_v1@0.3+latent_candidate_v3@0.3,123,0.41,0.6747967479674797,0.2703583061889251,0.386046511627907,0.13975730824566468,0.4483333333333333,0.9173553719008265,0.4889867841409692,0.6379310344827587,10,116
union:grouped_event@0.1+latent_candidate_v3@0.45,863,2.8766666666666665,0.2607184241019699,0.7328990228013029,0.38461538461538464,0.33669754251641476,0.36859571909571914,0.7705479452054794,0.9911894273127754,0.8670520231213873,67,2
union:grouped_event@0.1+latent_candidate_v3@0.6,863,2.8766666666666665,0.2607184241019699,0.7328990228013029,0.38461538461538464,0.33669754251641476,0.36859571909571914,0.7705479452054794,0.9911894273127754,0.8670520231213873,67,2
union:grouped_event@0.3+latent_candidate_v3@0.45,863,2.8766666666666665,0.2607184241019699,0.7328990228013029,0.38461538461538464,0.33669754251641476,0.36859571909571914,0.7705479452054794,0.9911894273127754,0.8670520231213873,67,2
union:grouped_event@0.3+latent_candidate_v3@0.6,863,2.8766666666666665,0.2607184241019699,0.7328990228013029,0.38461538461538464,0.33669754251641476,0.36859571909571914,0.7705479452054794,0.9911894273127754,0.8670520231213873,67,2
intersection:baseline_balanced@0.1+thinking_recall_v1@0.1+latent_candidate_v3@0.35,120,0.4,0.6833333333333333,0.2671009771986971,0.3840749414519906,0.13935948165674034,0.4483333333333333,0.923728813559322,0.4801762114537445,0.6318840579710145,9,118
intersection:baseline_balanced@0.1+thinking_recall_v1@0.1+latent_candidate_v3@0.45,120,0.4,0.6833333333333333,0.2671009771986971,0.3840749414519906,0.13935948165674034,0.4483333333333333,0.923728813559322,0.4801762114537445,0.6318840579710145,9,118
intersection:baseline_balanced@0.1+thinking_recall_v1@0.1+latent_candidate_v3@0.6,120,0.4,0.6833333333333333,0.2671009771986971,0.3840749414519906,0.13935948165674034,0.4483333333333333,0.923728813559322,0.4801762114537445,0.6318840579710145,9,118
intersection:baseline_balanced@0.1+thinking_recall_v1@0.3+latent_candidate_v3@0.35,120,0.4,0.6833333333333333,0.2671009771986971,0.3840749414519906,0.13935948165674034,0.4483333333333333,0.923728813559322,0.4801762114537445,0.6318840579710145,9,118
intersection:baseline_balanced@0.1+thinking_recall_v1@0.3+latent_candidate_v3@0.45,120,0.4,0.6833333333333333,0.2671009771986971,0.3840749414519906,0.13935948165674034,0.4483333333333333,0.923728813559322,0.4801762114537445,0.6318840579710145,9,118
intersection:baseline_balanced@0.1+thinking_recall_v1@0.3+latent_candidate_v3@0.6,120,0.4,0.6833333333333333,0.2671009771986971,0.3840749414519906,0.13935948165674034,0.4483333333333333,0.923728813559322,0.4801762114537445,0.6318840579710145,9,118
intersection:baseline_balanced@0.3+thinking_recall_v1@0.1+latent_candidate_v3@0.35,120,0.4,0.6833333333333333,0.2671009771986971,0.3840749414519906,0.13935948165674034,0.4483333333333333,0.923728813559322,0.4801762114537445,0.6318840579710145,9,118
intersection:baseline_balanced@0.3+thinking_recall_v1@0.1+latent_candidate_v3@0.45,120,0.4,0.6833333333333333,0.2671009771986971,0.3840749414519906,0.13935948165674034,0.4483333333333333,0.923728813559322,0.4801762114537445,0.6318840579710145,9,118
intersection:baseline_balanced@0.3+thinking_recall_v1@0.1+latent_candidate_v3@0.6,120,0.4,0.6833333333333333,0.2671009771986971,0.3840749414519906,0.13935948165674034,0.4483333333333333,0.923728813559322,0.4801762114537445,0.6318840579710145,9,118
intersection:baseline_balanced@0.3+thinking_recall_v1@0.3+latent_candidate_v3@0.35,120,0.4,0.6833333333333333,0.2671009771986971,0.3840749414519906,0.13935948165674034,0.4483333333333333,0.923728813559322,0.4801762114537445,0.6318840579710145,9,118
intersection:baseline_balanced@0.3+thinking_recall_v1@0.3+latent_candidate_v3@0.45,120,0.4,0.6833333333333333,0.2671009771986971,0.3840749414519906,0.13935948165674034,0.4483333333333333,0.923728813559322,0.4801762114537445,0.6318840579710145,9,118
intersection:baseline_balanced@0.3+thinking_recall_v1@0.3+latent_candidate_v3@0.6,120,0.4,0.6833333333333333,0.2671009771986971,0.3840749414519906,0.13935948165674034,0.4483333333333333,0.923728813559322,0.4801762114537445,0.6318840579710145,9,118
union:grouped_event@0.1+latent_candidate_v3@0.35,867,2.89,0.25951557093425603,0.7328990228013029,0.3833049403747871,0.3337989917917771,0.36704016354016356,0.7705479452054794,0.9911894273127754,0.8670520231213873,67,2
union:grouped_event@0.3+latent_candidate_v3@0.35,867,2.89,0.25951557093425603,0.7328990228013029,0.3833049403747871,0.3337989917917771,0.36704016354016356,0.7705479452054794,0.9911894273127754,0.8670520231213873,67,2
union:baseline_balanced@0.1+grouped_event@0.1+latent_candidate_v3@0.3,999,3.33,0.2502502502502503,0.8143322475570033,0.38284839203675347,0.334116809830293,0.359558682058682,0.7566666666666667,1.0,0.8614800759013282,73,0
union:baseline_balanced@0.1+grouped_event@0.3+latent_candidate_v3@0.3,999,3.33,0.2502502502502503,0.8143322475570033,0.38284839203675347,0.334116809830293,0.359558682058682,0.7566666666666667,1.0,0.8614800759013282,73,0
union:baseline_balanced@0.3+grouped_event@0.1+latent_candidate_v3@0.3,999,3.33,0.2502502502502503,0.8143322475570033,0.38284839203675347,0.334116809830293,0.359558682058682,0.7566666666666667,1.0,0.8614800759013282,73,0
union:baseline_balanced@0.3+grouped_event@0.3+latent_candidate_v3@0.3,999,3.33,0.2502502502502503,0.8143322475570033,0.38284839203675347,0.334116809830293,0.359558682058682,0.7566666666666667,1.0,0.8614800759013282,73,0
union:thinking_recall_v1@0.1+grouped_event@0.1,738,2.46,0.27100271002710025,0.6514657980456026,0.3827751196172249,0.28773652920195475,0.39616666666666667,0.7870036101083032,0.960352422907489,0.8650793650793651,59,9
union:thinking_recall_v1@0.1+grouped_event@0.3,738,2.46,0.27100271002710025,0.6514657980456026,0.3827751196172249,0.28773652920195475,0.39616666666666667,0.7870036101083032,0.960352422907489,0.8650793650793651,59,9
union:thinking_recall_v1@0.3+grouped_event@0.1,738,2.46,0.27100271002710025,0.6514657980456026,0.3827751196172249,0.28773652920195475,0.39616666666666667,0.7870036101083032,0.960352422907489,0.8650793650793651,59,9
union:thinking_recall_v1@0.3+grouped_event@0.3,738,2.46,0.27100271002710025,0.6514657980456026,0.3827751196172249,0.28773652920195475,0.39616666666666667,0.7870036101083032,0.960352422907489,0.8650793650793651,59,9
union:baseline_balanced@0.1+grouped_event@0.1+latent_candidate_v3@0.1,1000,3.3333333333333335,0.25,0.8143322475570033,0.38255547054322875,0.33397878360531025,0.359558682058682,0.7566666666666667,1.0,0.8614800759013282,73,0
union:baseline_balanced@0.1+grouped_event@0.3+latent_candidate_v3@0.1,1000,3.3333333333333335,0.25,0.8143322475570033,0.38255547054322875,0.33397878360531025,0.359558682058682,0.7566666666666667,1.0,0.8614800759013282,73,0
union:baseline_balanced@0.3+grouped_event@0.1+latent_candidate_v3@0.1,1000,3.3333333333333335,0.25,0.8143322475570033,0.38255547054322875,0.33397878360531025,0.359558682058682,0.7566666666666667,1.0,0.8614800759013282,73,0
union:baseline_balanced@0.3+grouped_event@0.3+latent_candidate_v3@0.1,1000,3.3333333333333335,0.25,0.8143322475570033,0.38255547054322875,0.33397878360531025,0.359558682058682,0.7566666666666667,1.0,0.8614800759013282,73,0
union:baseline_balanced@0.35+grouped_event@0.1,676,2.2533333333333334,0.2781065088757396,0.6123778501628665,0.38250254323499494,0.28834422830215306,0.41651058201058194,0.8117647058823529,0.9118942731277533,0.8589211618257261,48,20
union:baseline_balanced@0.35+grouped_event@0.3,676,2.2533333333333334,0.2781065088757396,0.6123778501628665,0.38250254323499494,0.28834422830215306,0.41651058201058194,0.8117647058823529,0.9118942731277533,0.8589211618257261,48,20
union:baseline_balanced@0.45+grouped_event@0.1,676,2.2533333333333334,0.2781065088757396,0.6123778501628665,0.38250254323499494,0.28834422830215306,0.41651058201058194,0.8117647058823529,0.9118942731277533,0.8589211618257261,48,20
union:baseline_balanced@0.45+grouped_event@0.3,676,2.2533333333333334,0.2781065088757396,0.6123778501628665,0.38250254323499494,0.28834422830215306,0.41651058201058194,0.8117647058823529,0.9118942731277533,0.8589211618257261,48,20
union:baseline_balanced@0.6+grouped_event@0.1,676,2.2533333333333334,0.2781065088757396,0.6123778501628665,0.38250254323499494,0.28834422830215306,0.41651058201058194,0.8117647058823529,0.9118942731277533,0.8589211618257261,48,20
union:baseline_balanced@0.6+grouped_event@0.3,676,2.2533333333333334,0.2781065088757396,0.6123778501628665,0.38250254323499494,0.28834422830215306,0.41651058201058194,0.8117647058823529,0.9118942731277533,0.8589211618257261,48,20
union:baseline_balanced@0.1+thinking_recall_v1@0.35+grouped_event@0.1+latent_candidate_v3@0.3,1006,3.3533333333333335,0.24950298210735586,0.8175895765472313,0.38233054074638234,0.3330244166064436,0.3578179413179413,0.7566666666666667,1.0,0.8614800759013282,73,0
union:baseline_balanced@0.1+thinking_recall_v1@0.35+grouped_event@0.3+latent_candidate_v3@0.3,1006,3.3533333333333335,0.24950298210735586,0.8175895765472313,0.38233054074638234,0.3330244166064436,0.3578179413179413,0.7566666666666667,1.0,0.8614800759013282,73,0
union:baseline_balanced@0.1+thinking_recall_v1@0.45+grouped_event@0.1+latent_candidate_v3@0.3,1006,3.3533333333333335,0.24950298210735586,0.8175895765472313,0.38233054074638234,0.3330244166064436,0.3578179413179413,0.7566666666666667,1.0,0.8614800759013282,73,0
union:baseline_balanced@0.1+thinking_recall_v1@0.45+grouped_event@0.3+latent_candidate_v3@0.3,1006,3.3533333333333335,0.24950298210735586,0.8175895765472313,0.38233054074638234,0.3330244166064436,0.3578179413179413,0.7566666666666667,1.0,0.8614800759013282,73,0
union:baseline_balanced@0.1+thinking_recall_v1@0.6+grouped_event@0.1+latent_candidate_v3@0.3,1006,3.3533333333333335,0.24950298210735586,0.8175895765472313,0.38233054074638234,0.3330244166064436,0.3578179413179413,0.7566666666666667,1.0,0.8614800759013282,73,0
union:baseline_balanced@0.1+thinking_recall_v1@0.6+grouped_event@0.3+latent_candidate_v3@0.3,1006,3.3533333333333335,0.24950298210735586,0.8175895765472313,0.38233054074638234,0.3330244166064436,0.3578179413179413,0.7566666666666667,1.0,0.8614800759013282,73,0
union:baseline_balanced@0.3+thinking_recall_v1@0.35+grouped_event@0.1+latent_candidate_v3@0.3,1006,3.3533333333333335,0.24950298210735586,0.8175895765472313,0.38233054074638234,0.3330244166064436,0.3578179413179413,0.7566666666666667,1.0,0.8614800759013282,73,0
union:baseline_balanced@0.3+thinking_recall_v1@0.35+grouped_event@0.3+latent_candidate_v3@0.3,1006,3.3533333333333335,0.24950298210735586,0.8175895765472313,0.38233054074638234,0.3330244166064436,0.3578179413179413,0.7566666666666667,1.0,0.8614800759013282,73,0
union:baseline_balanced@0.3+thinking_recall_v1@0.45+grouped_event@0.1+latent_candidate_v3@0.3,1006,3.3533333333333335,0.24950298210735586,0.8175895765472313,0.38233054074638234,0.3330244166064436,0.3578179413179413,0.7566666666666667,1.0,0.8614800759013282,73,0
union:baseline_balanced@0.3+thinking_recall_v1@0.45+grouped_event@0.3+latent_candidate_v3@0.3,1006,3.3533333333333335,0.24950298210735586,0.8175895765472313,0.38233054074638234,0.3330244166064436,0.3578179413179413,0.7566666666666667,1.0,0.8614800759013282,73,0
union:baseline_balanced@0.3+thinking_recall_v1@0.6+grouped_event@0.1+latent_candidate_v3@0.3,1006,3.3533333333333335,0.24950298210735586,0.8175895765472313,0.38233054074638234,0.3330244166064436,0.3578179413179413,0.7566666666666667,1.0,0.8614800759013282,73,0
union:baseline_balanced@0.3+thinking_recall_v1@0.6+grouped_event@0.3+latent_candidate_v3@0.3,1006,3.3533333333333335,0.24950298210735586,0.8175895765472313,0.38233054074638234,0.3330244166064436,0.3578179413179413,0.7566666666666667,1.0,0.8614800759013282,73,0
union:baseline_balanced@0.1+thinking_recall_v1@0.35+grouped_event@0.1+latent_candidate_v3@0.1,1007,3.3566666666666665,0.24925521350546176,0.8175895765472313,0.3820395738203957,0.33289065900337983,0.3578179413179413,0.7566666666666667,1.0,0.8614800759013282,73,0
union:baseline_balanced@0.1+thinking_recall_v1@0.35+grouped_event@0.3+latent_candidate_v3@0.1,1007,3.3566666666666665,0.24925521350546176,0.8175895765472313,0.3820395738203957,0.33289065900337983,0.3578179413179413,0.7566666666666667,1.0,0.8614800759013282,73,0
union:baseline_balanced@0.1+thinking_recall_v1@0.45+grouped_event@0.1+latent_candidate_v3@0.1,1007,3.3566666666666665,0.24925521350546176,0.8175895765472313,0.3820395738203957,0.33289065900337983,0.3578179413179413,0.7566666666666667,1.0,0.8614800759013282,73,0
union:baseline_balanced@0.1+thinking_recall_v1@0.45+grouped_event@0.3+latent_candidate_v3@0.1,1007,3.3566666666666665,0.24925521350546176,0.8175895765472313,0.3820395738203957,0.33289065900337983,0.3578179413179413,0.7566666666666667,1.0,0.8614800759013282,73,0
union:baseline_balanced@0.1+thinking_recall_v1@0.6+grouped_event@0.1+latent_candidate_v3@0.1,1007,3.3566666666666665,0.24925521350546176,0.8175895765472313,0.3820395738203957,0.33289065900337983,0.3578179413179413,0.7566666666666667,1.0,0.8614800759013282,73,0
union:baseline_balanced@0.1+thinking_recall_v1@0.6+grouped_event@0.3+latent_candidate_v3@0.1,1007,3.3566666666666665,0.24925521350546176,0.8175895765472313,0.3820395738203957,0.33289065900337983,0.3578179413179413,0.7566666666666667,1.0,0.8614800759013282,73,0
union:baseline_balanced@0.3+thinking_recall_v1@0.35+grouped_event@0.1+latent_candidate_v3@0.1,1007,3.3566666666666665,0.24925521350546176,0.8175895765472313,0.3820395738203957,0.33289065900337983,0.3578179413179413,0.7566666666666667,1.0,0.8614800759013282,73,0
union:baseline_balanced@0.3+thinking_recall_v1@0.35+grouped_event@0.3+latent_candidate_v3@0.1,1007,3.3566666666666665,0.24925521350546176,0.8175895765472313,0.3820395738203957,0.33289065900337983,0.3578179413179413,0.7566666666666667,1.0,0.8614800759013282,73,0
union:baseline_balanced@0.3+thinking_recall_v1@0.45+grouped_event@0.1+latent_candidate_v3@0.1,1007,3.3566666666666665,0.24925521350546176,0.8175895765472313,0.3820395738203957,0.33289065900337983,0.3578179413179413,0.7566666666666667,1.0,0.8614800759013282,73,0
union:baseline_balanced@0.3+thinking_recall_v1@0.45+grouped_event@0.3+latent_candidate_v3@0.1,1007,3.3566666666666665,0.24925521350546176,0.8175895765472313,0.3820395738203957,0.33289065900337983,0.3578179413179413,0.7566666666666667,1.0,0.8614800759013282,73,0
union:baseline_balanced@0.3+thinking_recall_v1@0.6+grouped_event@0.1+latent_candidate_v3@0.1,1007,3.3566666666666665,0.24925521350546176,0.8175895765472313,0.3820395738203957,0.33289065900337983,0.3578179413179413,0.7566666666666667,1.0,0.8614800759013282,73,0
union:baseline_balanced@0.3+thinking_recall_v1@0.6+grouped_event@0.3+latent_candidate_v3@0.1,1007,3.3566666666666665,0.24925521350546176,0.8175895765472313,0.3820395738203957,0.33289065900337983,0.3578179413179413,0.7566666666666667,1.0,0.8614800759013282,73,0
union:baseline_balanced@0.35+thinking_recall_v1@0.35+grouped_event@0.1+latent_candidate_v3@0.3,988,3.2933333333333334,0.25,0.8045602605863192,0.38146718146718145,0.33311063021006926,0.3530957190957191,0.7566666666666667,1.0,0.8614800759013282,73,0
union:baseline_balanced@0.35+thinking_recall_v1@0.35+grouped_event@0.3+latent_candidate_v3@0.3,988,3.2933333333333334,0.25,0.8045602605863192,0.38146718146718145,0.33311063021006926,0.3530957190957191,0.7566666666666667,1.0,0.8614800759013282,73,0
union:baseline_balanced@0.35+thinking_recall_v1@0.45+grouped_event@0.1+latent_candidate_v3@0.3,988,3.2933333333333334,0.25,0.8045602605863192,0.38146718146718145,0.33311063021006926,0.3530957190957191,0.7566666666666667,1.0,0.8614800759013282,73,0
union:baseline_balanced@0.35+thinking_recall_v1@0.45+grouped_event@0.3+latent_candidate_v3@0.3,988,3.2933333333333334,0.25,0.8045602605863192,0.38146718146718145,0.33311063021006926,0.3530957190957191,0.7566666666666667,1.0,0.8614800759013282,73,0
union:baseline_balanced@0.35+thinking_recall_v1@0.6+grouped_event@0.1+latent_candidate_v3@0.3,988,3.2933333333333334,0.25,0.8045602605863192,0.38146718146718145,0.33311063021006926,0.3530957190957191,0.7566666666666667,1.0,0.8614800759013282,73,0
union:baseline_balanced@0.35+thinking_recall_v1@0.6+grouped_event@0.3+latent_candidate_v3@0.3,988,3.2933333333333334,0.25,0.8045602605863192,0.38146718146718145,0.33311063021006926,0.3530957190957191,0.7566666666666667,1.0,0.8614800759013282,73,0
union:baseline_balanced@0.45+thinking_recall_v1@0.35+grouped_event@0.1+latent_candidate_v3@0.3,988,3.2933333333333334,0.25,0.8045602605863192,0.38146718146718145,0.33311063021006926,0.3530957190957191,0.7566666666666667,1.0,0.8614800759013282,73,0
union:baseline_balanced@0.45+thinking_recall_v1@0.35+grouped_event@0.3+latent_candidate_v3@0.3,988,3.2933333333333334,0.25,0.8045602605863192,0.38146718146718145,0.33311063021006926,0.3530957190957191,0.7566666666666667,1.0,0.8614800759013282,73,0
union:baseline_balanced@0.45+thinking_recall_v1@0.45+grouped_event@0.1+latent_candidate_v3@0.3,988,3.2933333333333334,0.25,0.8045602605863192,0.38146718146718145,0.33311063021006926,0.3530957190957191,0.7566666666666667,1.0,0.8614800759013282,73,0
union:baseline_balanced@0.45+thinking_recall_v1@0.45+grouped_event@0.3+latent_candidate_v3@0.3,988,3.2933333333333334,0.25,0.8045602605863192,0.38146718146718145,0.33311063021006926,0.3530957190957191,0.7566666666666667,1.0,0.8614800759013282,73,0
union:baseline_balanced@0.45+thinking_recall_v1@0.6+grouped_event@0.1+latent_candidate_v3@0.3,988,3.2933333333333334,0.25,0.8045602605863192,0.38146718146718145,0.33311063021006926,0.3530957190957191,0.7566666666666667,1.0,0.8614800759013282,73,0
union:baseline_balanced@0.45+thinking_recall_v1@0.6+grouped_event@0.3+latent_candidate_v3@0.3,988,3.2933333333333334,0.25,0.8045602605863192,0.38146718146718145,0.33311063021006926,0.3530957190957191,0.7566666666666667,1.0,0.8614800759013282,73,0
union:baseline_balanced@0.6+thinking_recall_v1@0.35+grouped_event@0.1+latent_candidate_v3@0.3,988,3.2933333333333334,0.25,0.8045602605863192,0.38146718146718145,0.33311063021006926,0.3530957190957191,0.7566666666666667,1.0,0.8614800759013282,73,0
union:baseline_balanced@0.6+thinking_recall_v1@0.35+grouped_event@0.3+latent_candidate_v3@0.3,988,3.2933333333333334,0.25,0.8045602605863192,0.38146718146718145,0.33311063021006926,0.3530957190957191,0.7566666666666667,1.0,0.8614800759013282,73,0
union:baseline_balanced@0.6+thinking_recall_v1@0.45+grouped_event@0.1+latent_candidate_v3@0.3,988,3.2933333333333334,0.25,0.8045602605863192,0.38146718146718145,0.33311063021006926,0.3530957190957191,0.7566666666666667,1.0,0.8614800759013282,73,0
union:baseline_balanced@0.6+thinking_recall_v1@0.45+grouped_event@0.3+latent_candidate_v3@0.3,988,3.2933333333333334,0.25,0.8045602605863192,0.38146718146718145,0.33311063021006926,0.3530957190957191,0.7566666666666667,1.0,0.8614800759013282,73,0
union:baseline_balanced@0.6+thinking_recall_v1@0.6+grouped_event@0.1+latent_candidate_v3@0.3,988,3.2933333333333334,0.25,0.8045602605863192,0.38146718146718145,0.33311063021006926,0.3530957190957191,0.7566666666666667,1.0,0.8614800759013282,73,0
union:baseline_balanced@0.6+thinking_recall_v1@0.6+grouped_event@0.3+latent_candidate_v3@0.3,988,3.2933333333333334,0.25,0.8045602605863192,0.38146718146718145,0.33311063021006926,0.3530957190957191,0.7566666666666667,1.0,0.8614800759013282,73,0
union:baseline_balanced@0.35+thinking_recall_v1@0.1+grouped_event@0.1+latent_candidate_v3@0.3,1004,3.3466666666666667,0.24900398406374502,0.8143322475570033,0.38138825324180015,0.3329183670090625,0.3547332852332852,0.7566666666666667,1.0,0.8614800759013282,73,0
union:baseline_balanced@0.35+thinking_recall_v1@0.1+grouped_event@0.3+latent_candidate_v3@0.3,1004,3.3466666666666667,0.24900398406374502,0.8143322475570033,0.38138825324180015,0.3329183670090625,0.3547332852332852,0.7566666666666667,1.0,0.8614800759013282,73,0
union:baseline_balanced@0.35+thinking_recall_v1@0.3+grouped_event@0.1+latent_candidate_v3@0.3,1004,3.3466666666666667,0.24900398406374502,0.8143322475570033,0.38138825324180015,0.3329183670090625,0.3547332852332852,0.7566666666666667,1.0,0.8614800759013282,73,0
union:baseline_balanced@0.35+thinking_recall_v1@0.3+grouped_event@0.3+latent_candidate_v3@0.3,1004,3.3466666666666667,0.24900398406374502,0.8143322475570033,0.38138825324180015,0.3329183670090625,0.3547332852332852,0.7566666666666667,1.0,0.8614800759013282,73,0
union:baseline_balanced@0.45+thinking_recall_v1@0.1+grouped_event@0.1+latent_candidate_v3@0.3,1004,3.3466666666666667,0.24900398406374502,0.8143322475570033,0.38138825324180015,0.3329183670090625,0.3547332852332852,0.7566666666666667,1.0,0.8614800759013282,73,0
union:baseline_balanced@0.45+thinking_recall_v1@0.1+grouped_event@0.3+latent_candidate_v3@0.3,1004,3.3466666666666667,0.24900398406374502,0.8143322475570033,0.38138825324180015,0.3329183670090625,0.3547332852332852,0.7566666666666667,1.0,0.8614800759013282,73,0
union:baseline_balanced@0.45+thinking_recall_v1@0.3+grouped_event@0.1+latent_candidate_v3@0.3,1004,3.3466666666666667,0.24900398406374502,0.8143322475570033,0.38138825324180015,0.3329183670090625,0.3547332852332852,0.7566666666666667,1.0,0.8614800759013282,73,0
union:baseline_balanced@0.45+thinking_recall_v1@0.3+grouped_event@0.3+latent_candidate_v3@0.3,1004,3.3466666666666667,0.24900398406374502,0.8143322475570033,0.38138825324180015,0.3329183670090625,0.3547332852332852,0.7566666666666667,1.0,0.8614800759013282,73,0
union:baseline_balanced@0.6+thinking_recall_v1@0.1+grouped_event@0.1+latent_candidate_v3@0.3,1004,3.3466666666666667,0.24900398406374502,0.8143322475570033,0.38138825324180015,0.3329183670090625,0.3547332852332852,0.7566666666666667,1.0,0.8614800759013282,73,0
union:baseline_balanced@0.6+thinking_recall_v1@0.1+grouped_event@0.3+latent_candidate_v3@0.3,1004,3.3466666666666667,0.24900398406374502,0.8143322475570033,0.38138825324180015,0.3329183670090625,0.3547332852332852,0.7566666666666667,1.0,0.8614800759013282,73,0
union:baseline_balanced@0.6+thinking_recall_v1@0.3+grouped_event@0.1+latent_candidate_v3@0.3,1004,3.3466666666666667,0.24900398406374502,0.8143322475570033,0.38138825324180015,0.3329183670090625,0.3547332852332852,0.7566666666666667,1.0,0.8614800759013282,73,0
union:baseline_balanced@0.6+thinking_recall_v1@0.3+grouped_event@0.3+latent_candidate_v3@0.3,1004,3.3466666666666667,0.24900398406374502,0.8143322475570033,0.38138825324180015,0.3329183670090625,0.3547332852332852,0.7566666666666667,1.0,0.8614800759013282,73,0
union:baseline_balanced@0.35+thinking_recall_v1@0.35+grouped_event@0.1+latent_candidate_v3@0.1,989,3.296666666666667,0.24974721941354905,0.8045602605863192,0.38117283950617287,0.3329726850815759,0.3530957190957191,0.7566666666666667,1.0,0.8614800759013282,73,0
union:baseline_balanced@0.35+thinking_recall_v1@0.35+grouped_event@0.3+latent_candidate_v3@0.1,989,3.296666666666667,0.24974721941354905,0.8045602605863192,0.38117283950617287,0.3329726850815759,0.3530957190957191,0.7566666666666667,1.0,0.8614800759013282,73,0
union:baseline_balanced@0.35+thinking_recall_v1@0.45+grouped_event@0.1+latent_candidate_v3@0.1,989,3.296666666666667,0.24974721941354905,0.8045602605863192,0.38117283950617287,0.3329726850815759,0.3530957190957191,0.7566666666666667,1.0,0.8614800759013282,73,0
union:baseline_balanced@0.35+thinking_recall_v1@0.45+grouped_event@0.3+latent_candidate_v3@0.1,989,3.296666666666667,0.24974721941354905,0.8045602605863192,0.38117283950617287,0.3329726850815759,0.3530957190957191,0.7566666666666667,1.0,0.8614800759013282,73,0
union:baseline_balanced@0.35+thinking_recall_v1@0.6+grouped_event@0.1+latent_candidate_v3@0.1,989,3.296666666666667,0.24974721941354905,0.8045602605863192,0.38117283950617287,0.3329726850815759,0.3530957190957191,0.7566666666666667,1.0,0.8614800759013282,73,0
union:baseline_balanced@0.35+thinking_recall_v1@0.6+grouped_event@0.3+latent_candidate_v3@0.1,989,3.296666666666667,0.24974721941354905,0.8045602605863192,0.38117283950617287,0.3329726850815759,0.3530957190957191,0.7566666666666667,1.0,0.8614800759013282,73,0
union:baseline_balanced@0.45+thinking_recall_v1@0.35+grouped_event@0.1+latent_candidate_v3@0.1,989,3.296666666666667,0.24974721941354905,0.8045602605863192,0.38117283950617287,0.3329726850815759,0.3530957190957191,0.7566666666666667,1.0,0.8614800759013282,73,0
union:baseline_balanced@0.45+thinking_recall_v1@0.35+grouped_event@0.3+latent_candidate_v3@0.1,989,3.296666666666667,0.24974721941354905,0.8045602605863192,0.38117283950617287,0.3329726850815759,0.3530957190957191,0.7566666666666667,1.0,0.8614800759013282,73,0
union:baseline_balanced@0.45+thinking_recall_v1@0.45+grouped_event@0.1+latent_candidate_v3@0.1,989,3.296666666666667,0.24974721941354905,0.8045602605863192,0.38117283950617287,0.3329726850815759,0.3530957190957191,0.7566666666666667,1.0,0.8614800759013282,73,0
union:baseline_balanced@0.45+thinking_recall_v1@0.45+grouped_event@0.3+latent_candidate_v3@0.1,989,3.296666666666667,0.24974721941354905,0.8045602605863192,0.38117283950617287,0.3329726850815759,0.3530957190957191,0.7566666666666667,1.0,0.8614800759013282,73,0
union:baseline_balanced@0.45+thinking_recall_v1@0.6+grouped_event@0.1+latent_candidate_v3@0.1,989,3.296666666666667,0.24974721941354905,0.8045602605863192,0.38117283950617287,0.3329726850815759,0.3530957190957191,0.7566666666666667,1.0,0.8614800759013282,73,0
union:baseline_balanced@0.45+thinking_recall_v1@0.6+grouped_event@0.3+latent_candidate_v3@0.1,989,3.296666666666667,0.24974721941354905,0.8045602605863192,0.38117283950617287,0.3329726850815759,0.3530957190957191,0.7566666666666667,1.0,0.8614800759013282,73,0
union:baseline_balanced@0.6+thinking_recall_v1@0.35+grouped_event@0.1+latent_candidate_v3@0.1,989,3.296666666666667,0.24974721941354905,0.8045602605863192,0.38117283950617287,0.3329726850815759,0.3530957190957191,0.7566666666666667,1.0,0.8614800759013282,73,0
union:baseline_balanced@0.6+thinking_recall_v1@0.35+grouped_event@0.3+latent_candidate_v3@0.1,989,3.296666666666667,0.24974721941354905,0.8045602605863192,0.38117283950617287,0.3329726850815759,0.3530957190957191,0.7566666666666667,1.0,0.8614800759013282,73,0
union:baseline_balanced@0.6+thinking_recall_v1@0.45+grouped_event@0.1+latent_candidate_v3@0.1,989,3.296666666666667,0.24974721941354905,0.8045602605863192,0.38117283950617287,0.3329726850815759,0.3530957190957191,0.7566666666666667,1.0,0.8614800759013282,73,0
union:baseline_balanced@0.6+thinking_recall_v1@0.45+grouped_event@0.3+latent_candidate_v3@0.1,989,3.296666666666667,0.24974721941354905,0.8045602605863192,0.38117283950617287,0.3329726850815759,0.3530957190957191,0.7566666666666667,1.0,0.8614800759013282,73,0
union:baseline_balanced@0.6+thinking_recall_v1@0.6+grouped_event@0.1+latent_candidate_v3@0.1,989,3.296666666666667,0.24974721941354905,0.8045602605863192,0.38117283950617287,0.3329726850815759,0.3530957190957191,0.7566666666666667,1.0,0.8614800759013282,73,0
union:baseline_balanced@0.6+thinking_recall_v1@0.6+grouped_event@0.3+latent_candidate_v3@0.1,989,3.296666666666667,0.24974721941354905,0.8045602605863192,0.38117283950617287,0.3329726850815759,0.3530957190957191,0.7566666666666667,1.0,0.8614800759013282,73,0
union:baseline_balanced@0.35+thinking_recall_v1@0.1+grouped_event@0.1+latent_candidate_v3@0.1,1005,3.35,0.24875621890547264,0.8143322475570033,0.38109756097560976,0.33278131969347685,0.3547332852332852,0.7566666666666667,1.0,0.8614800759013282,73,0
union:baseline_balanced@0.35+thinking_recall_v1@0.1+grouped_event@0.3+latent_candidate_v3@0.1,1005,3.35,0.24875621890547264,0.8143322475570033,0.38109756097560976,0.33278131969347685,0.3547332852332852,0.7566666666666667,1.0,0.8614800759013282,73,0
union:baseline_balanced@0.35+thinking_recall_v1@0.3+grouped_event@0.1+latent_candidate_v3@0.1,1005,3.35,0.24875621890547264,0.8143322475570033,0.38109756097560976,0.33278131969347685,0.3547332852332852,0.7566666666666667,1.0,0.8614800759013282,73,0
union:baseline_balanced@0.35+thinking_recall_v1@0.3+grouped_event@0.3+latent_candidate_v3@0.1,1005,3.35,0.24875621890547264,0.8143322475570033,0.38109756097560976,0.33278131969347685,0.3547332852332852,0.7566666666666667,1.0,0.8614800759013282,73,0
union:baseline_balanced@0.45+thinking_recall_v1@0.1+grouped_event@0.1+latent_candidate_v3@0.1,1005,3.35,0.24875621890547264,0.8143322475570033,0.38109756097560976,0.33278131969347685,0.3547332852332852,0.7566666666666667,1.0,0.8614800759013282,73,0
union:baseline_balanced@0.45+thinking_recall_v1@0.1+grouped_event@0.3+latent_candidate_v3@0.1,1005,3.35,0.24875621890547264,0.8143322475570033,0.38109756097560976,0.33278131969347685,0.3547332852332852,0.7566666666666667,1.0,0.8614800759013282,73,0
union:baseline_balanced@0.45+thinking_recall_v1@0.3+grouped_event@0.1+latent_candidate_v3@0.1,1005,3.35,0.24875621890547264,0.8143322475570033,0.38109756097560976,0.33278131969347685,0.3547332852332852,0.7566666666666667,1.0,0.8614800759013282,73,0
union:baseline_balanced@0.45+thinking_recall_v1@0.3+grouped_event@0.3+latent_candidate_v3@0.1,1005,3.35,0.24875621890547264,0.8143322475570033,0.38109756097560976,0.33278131969347685,0.3547332852332852,0.7566666666666667,1.0,0.8614800759013282,73,0
union:baseline_balanced@0.6+thinking_recall_v1@0.1+grouped_event@0.1+latent_candidate_v3@0.1,1005,3.35,0.24875621890547264,0.8143322475570033,0.38109756097560976,0.33278131969347685,0.3547332852332852,0.7566666666666667,1.0,0.8614800759013282,73,0
union:baseline_balanced@0.6+thinking_recall_v1@0.1+grouped_event@0.3+latent_candidate_v3@0.1,1005,3.35,0.24875621890547264,0.8143322475570033,0.38109756097560976,0.33278131969347685,0.3547332852332852,0.7566666666666667,1.0,0.8614800759013282,73,0
union:baseline_balanced@0.6+thinking_recall_v1@0.3+grouped_event@0.1+latent_candidate_v3@0.1,1005,3.35,0.24875621890547264,0.8143322475570033,0.38109756097560976,0.33278131969347685,0.3547332852332852,0.7566666666666667,1.0,0.8614800759013282,73,0
union:baseline_balanced@0.6+thinking_recall_v1@0.3+grouped_event@0.3+latent_candidate_v3@0.1,1005,3.35,0.24875621890547264,0.8143322475570033,0.38109756097560976,0.33278131969347685,0.3547332852332852,0.7566666666666667,1.0,0.8614800759013282,73,0
union:baseline_balanced@0.1+thinking_recall_v1@0.1+grouped_event@0.1+latent_candidate_v3@0.3,1018,3.3933333333333335,0.2475442043222004,0.8208469055374593,0.38037735849056603,0.3323508676889363,0.35661423761423755,0.7566666666666667,1.0,0.8614800759013282,73,0
union:baseline_balanced@0.1+thinking_recall_v1@0.1+grouped_event@0.3+latent_candidate_v3@0.3,1018,3.3933333333333335,0.2475442043222004,0.8208469055374593,0.38037735849056603,0.3323508676889363,0.35661423761423755,0.7566666666666667,1.0,0.8614800759013282,73,0
union:baseline_balanced@0.1+thinking_recall_v1@0.3+grouped_event@0.1+latent_candidate_v3@0.3,1018,3.3933333333333335,0.2475442043222004,0.8208469055374593,0.38037735849056603,0.3323508676889363,0.35661423761423755,0.7566666666666667,1.0,0.8614800759013282,73,0
union:baseline_balanced@0.1+thinking_recall_v1@0.3+grouped_event@0.3+latent_candidate_v3@0.3,1018,3.3933333333333335,0.2475442043222004,0.8208469055374593,0.38037735849056603,0.3323508676889363,0.35661423761423755,0.7566666666666667,1.0,0.8614800759013282,73,0
union:baseline_balanced@0.3+thinking_recall_v1@0.1+grouped_event@0.1+latent_candidate_v3@0.3,1018,3.3933333333333335,0.2475442043222004,0.8208469055374593,0.38037735849056603,0.3323508676889363,0.35661423761423755,0.7566666666666667,1.0,0.8614800759013282,73,0
union:baseline_balanced@0.3+thinking_recall_v1@0.1+grouped_event@0.3+latent_candidate_v3@0.3,1018,3.3933333333333335,0.2475442043222004,0.8208469055374593,0.38037735849056603,0.3323508676889363,0.35661423761423755,0.7566666666666667,1.0,0.8614800759013282,73,0
union:baseline_balanced@0.3+thinking_recall_v1@0.3+grouped_event@0.1+latent_candidate_v3@0.3,1018,3.3933333333333335,0.2475442043222004,0.8208469055374593,0.38037735849056603,0.3323508676889363,0.35661423761423755,0.7566666666666667,1.0,0.8614800759013282,73,0
union:baseline_balanced@0.3+thinking_recall_v1@0.3+grouped_event@0.3+latent_candidate_v3@0.3,1018,3.3933333333333335,0.2475442043222004,0.8208469055374593,0.38037735849056603,0.3323508676889363,0.35661423761423755,0.7566666666666667,1.0,0.8614800759013282,73,0
union:baseline_balanced@0.1+thinking_recall_v1@0.1+grouped_event@0.1+latent_candidate_v3@0.1,1019,3.3966666666666665,0.24730127576054955,0.8208469055374593,0.38009049773755654,0.33221984676006683,0.35661423761423755,0.7566666666666667,1.0,0.8614800759013282,73,0
union:baseline_balanced@0.1+thinking_recall_v1@0.1+grouped_event@0.3+latent_candidate_v3@0.1,1019,3.3966666666666665,0.24730127576054955,0.8208469055374593,0.38009049773755654,0.33221984676006683,0.35661423761423755,0.7566666666666667,1.0,0.8614800759013282,73,0
union:baseline_balanced@0.1+thinking_recall_v1@0.3+grouped_event@0.1+latent_candidate_v3@0.1,1019,3.3966666666666665,0.24730127576054955,0.8208469055374593,0.38009049773755654,0.33221984676006683,0.35661423761423755,0.7566666666666667,1.0,0.8614800759013282,73,0
union:baseline_balanced@0.1+thinking_recall_v1@0.3+grouped_event@0.3+latent_candidate_v3@0.1,1019,3.3966666666666665,0.24730127576054955,0.8208469055374593,0.38009049773755654,0.33221984676006683,0.35661423761423755,0.7566666666666667,1.0,0.8614800759013282,73,0
union:baseline_balanced@0.3+thinking_recall_v1@0.1+grouped_event@0.1+latent_candidate_v3@0.1,1019,3.3966666666666665,0.24730127576054955,0.8208469055374593,0.38009049773755654,0.33221984676006683,0.35661423761423755,0.7566666666666667,1.0,0.8614800759013282,73,0
union:baseline_balanced@0.3+thinking_recall_v1@0.1+grouped_event@0.3+latent_candidate_v3@0.1,1019,3.3966666666666665,0.24730127576054955,0.8208469055374593,0.38009049773755654,0.33221984676006683,0.35661423761423755,0.7566666666666667,1.0,0.8614800759013282,73,0
union:baseline_balanced@0.3+thinking_recall_v1@0.3+grouped_event@0.1+latent_candidate_v3@0.1,1019,3.3966666666666665,0.24730127576054955,0.8208469055374593,0.38009049773755654,0.33221984676006683,0.35661423761423755,0.7566666666666667,1.0,0.8614800759013282,73,0
union:baseline_balanced@0.3+thinking_recall_v1@0.3+grouped_event@0.3+latent_candidate_v3@0.1,1019,3.3966666666666665,0.24730127576054955,0.8208469055374593,0.38009049773755654,0.33221984676006683,0.35661423761423755,0.7566666666666667,1.0,0.8614800759013282,73,0
union:baseline_balanced@0.35+grouped_event@0.1+latent_candidate_v3@0.3,976,3.2533333333333334,0.2489754098360656,0.7915309446254072,0.37879968823070925,0.33338826690456336,0.3505666185666186,0.7566666666666667,1.0,0.8614800759013282,73,0
union:baseline_balanced@0.35+grouped_event@0.3+latent_candidate_v3@0.3,976,3.2533333333333334,0.2489754098360656,0.7915309446254072,0.37879968823070925,0.33338826690456336,0.3505666185666186,0.7566666666666667,1.0,0.8614800759013282,73,0
union:baseline_balanced@0.45+grouped_event@0.1+latent_candidate_v3@0.3,976,3.2533333333333334,0.2489754098360656,0.7915309446254072,0.37879968823070925,0.33338826690456336,0.3505666185666186,0.7566666666666667,1.0,0.8614800759013282,73,0
union:baseline_balanced@0.45+grouped_event@0.3+latent_candidate_v3@0.3,976,3.2533333333333334,0.2489754098360656,0.7915309446254072,0.37879968823070925,0.33338826690456336,0.3505666185666186,0.7566666666666667,1.0,0.8614800759013282,73,0
union:baseline_balanced@0.6+grouped_event@0.1+latent_candidate_v3@0.3,976,3.2533333333333334,0.2489754098360656,0.7915309446254072,0.37879968823070925,0.33338826690456336,0.3505666185666186,0.7566666666666667,1.0,0.8614800759013282,73,0
union:baseline_balanced@0.6+grouped_event@0.3+latent_candidate_v3@0.3,976,3.2533333333333334,0.2489754098360656,0.7915309446254072,0.37879968823070925,0.33338826690456336,0.3505666185666186,0.7566666666666667,1.0,0.8614800759013282,73,0
union:baseline_balanced@0.35+grouped_event@0.1+latent_candidate_v3@0.1,977,3.256666666666667,0.24872057318321392,0.7915309446254072,0.37850467289719625,0.3332457238842879,0.3505666185666186,0.7566666666666667,1.0,0.8614800759013282,73,0
union:baseline_balanced@0.35+grouped_event@0.3+latent_candidate_v3@0.1,977,3.256666666666667,0.24872057318321392,0.7915309446254072,0.37850467289719625,0.3332457238842879,0.3505666185666186,0.7566666666666667,1.0,0.8614800759013282,73,0
union:baseline_balanced@0.45+grouped_event@0.1+latent_candidate_v3@0.1,977,3.256666666666667,0.24872057318321392,0.7915309446254072,0.37850467289719625,0.3332457238842879,0.3505666185666186,0.7566666666666667,1.0,0.8614800759013282,73,0
union:baseline_balanced@0.45+grouped_event@0.3+latent_candidate_v3@0.1,977,3.256666666666667,0.24872057318321392,0.7915309446254072,0.37850467289719625,0.3332457238842879,0.3505666185666186,0.7566666666666667,1.0,0.8614800759013282,73,0
union:baseline_balanced@0.6+grouped_event@0.1+latent_candidate_v3@0.1,977,3.256666666666667,0.24872057318321392,0.7915309446254072,0.37850467289719625,0.3332457238842879,0.3505666185666186,0.7566666666666667,1.0,0.8614800759013282,73,0
union:baseline_balanced@0.6+grouped_event@0.3+latent_candidate_v3@0.1,977,3.256666666666667,0.24872057318321392,0.7915309446254072,0.37850467289719625,0.3332457238842879,0.3505666185666186,0.7566666666666667,1.0,0.8614800759013282,73,0
union:thinking_recall_v1@0.35+grouped_event@0.1,697,2.3233333333333333,0.27259684361549497,0.6188925081433225,0.3784860557768924,0.28685033407928995,0.41188888888888886,0.8108108108108109,0.9251101321585903,0.8641975308641975,49,17
union:thinking_recall_v1@0.35+grouped_event@0.3,697,2.3233333333333333,0.27259684361549497,0.6188925081433225,0.3784860557768924,0.28685033407928995,0.41188888888888886,0.8108108108108109,0.9251101321585903,0.8641975308641975,49,17
union:thinking_recall_v1@0.45+grouped_event@0.1,697,2.3233333333333333,0.27259684361549497,0.6188925081433225,0.3784860557768924,0.28685033407928995,0.41188888888888886,0.8108108108108109,0.9251101321585903,0.8641975308641975,49,17
union:thinking_recall_v1@0.45+grouped_event@0.3,697,2.3233333333333333,0.27259684361549497,0.6188925081433225,0.3784860557768924,0.28685033407928995,0.41188888888888886,0.8108108108108109,0.9251101321585903,0.8641975308641975,49,17
union:thinking_recall_v1@0.6+grouped_event@0.1,697,2.3233333333333333,0.27259684361549497,0.6188925081433225,0.3784860557768924,0.28685033407928995,0.41188888888888886,0.8108108108108109,0.9251101321585903,0.8641975308641975,49,17
union:thinking_recall_v1@0.6+grouped_event@0.3,697,2.3233333333333333,0.27259684361549497,0.6188925081433225,0.3784860557768924,0.28685033407928995,0.41188888888888886,0.8108108108108109,0.9251101321585903,0.8641975308641975,49,17
union:thinking_recall_v1@0.35+grouped_event@0.1+latent_candidate_v3@0.3,982,3.2733333333333334,0.24745417515274948,0.7915309446254072,0.3770364623739333,0.33175610557529084,0.34750312650312654,0.7566666666666667,1.0,0.8614800759013282,73,0
union:thinking_recall_v1@0.35+grouped_event@0.3+latent_candidate_v3@0.3,982,3.2733333333333334,0.24745417515274948,0.7915309446254072,0.3770364623739333,0.33175610557529084,0.34750312650312654,0.7566666666666667,1.0,0.8614800759013282,73,0
union:thinking_recall_v1@0.45+grouped_event@0.1+latent_candidate_v3@0.3,982,3.2733333333333334,0.24745417515274948,0.7915309446254072,0.3770364623739333,0.33175610557529084,0.34750312650312654,0.7566666666666667,1.0,0.8614800759013282,73,0
union:thinking_recall_v1@0.45+grouped_event@0.3+latent_candidate_v3@0.3,982,3.2733333333333334,0.24745417515274948,0.7915309446254072,0.3770364623739333,0.33175610557529084,0.34750312650312654,0.7566666666666667,1.0,0.8614800759013282,73,0
union:thinking_recall_v1@0.6+grouped_event@0.1+latent_candidate_v3@0.3,982,3.2733333333333334,0.24745417515274948,0.7915309446254072,0.3770364623739333,0.33175610557529084,0.34750312650312654,0.7566666666666667,1.0,0.8614800759013282,73,0
union:thinking_recall_v1@0.6+grouped_event@0.3+latent_candidate_v3@0.3,982,3.2733333333333334,0.24745417515274948,0.7915309446254072,0.3770364623739333,0.33175610557529084,0.34750312650312654,0.7566666666666667,1.0,0.8614800759013282,73,0
union:thinking_recall_v1@0.1+grouped_event@0.1+latent_candidate_v3@0.3,998,3.3266666666666667,0.24649298597194388,0.8013029315960912,0.37701149425287356,0.3315764179646388,0.34914069264069264,0.7566666666666667,1.0,0.8614800759013282,73,0
union:thinking_recall_v1@0.1+grouped_event@0.3+latent_candidate_v3@0.3,998,3.3266666666666667,0.24649298597194388,0.8013029315960912,0.37701149425287356,0.3315764179646388,0.34914069264069264,0.7566666666666667,1.0,0.8614800759013282,73,0
union:thinking_recall_v1@0.3+grouped_event@0.1+latent_candidate_v3@0.3,998,3.3266666666666667,0.24649298597194388,0.8013029315960912,0.37701149425287356,0.3315764179646388,0.34914069264069264,0.7566666666666667,1.0,0.8614800759013282,73,0
union:thinking_recall_v1@0.3+grouped_event@0.3+latent_candidate_v3@0.3,998,3.3266666666666667,0.24649298597194388,0.8013029315960912,0.37701149425287356,0.3315764179646388,0.34914069264069264,0.7566666666666667,1.0,0.8614800759013282,73,0
union:thinking_recall_v1@0.35+grouped_event@0.1+latent_candidate_v3@0.1,983,3.276666666666667,0.24720244150559512,0.7915309446254072,0.3767441860465116,0.3316181604467975,0.34750312650312654,0.7566666666666667,1.0,0.8614800759013282,73,0
union:thinking_recall_v1@0.35+grouped_event@0.3+latent_candidate_v3@0.1,983,3.276666666666667,0.24720244150559512,0.7915309446254072,0.3767441860465116,0.3316181604467975,0.34750312650312654,0.7566666666666667,1.0,0.8614800759013282,73,0
union:thinking_recall_v1@0.45+grouped_event@0.1+latent_candidate_v3@0.1,983,3.276666666666667,0.24720244150559512,0.7915309446254072,0.3767441860465116,0.3316181604467975,0.34750312650312654,0.7566666666666667,1.0,0.8614800759013282,73,0
union:thinking_recall_v1@0.45+grouped_event@0.3+latent_candidate_v3@0.1,983,3.276666666666667,0.24720244150559512,0.7915309446254072,0.3767441860465116,0.3316181604467975,0.34750312650312654,0.7566666666666667,1.0,0.8614800759013282,73,0
union:thinking_recall_v1@0.6+grouped_event@0.1+latent_candidate_v3@0.1,983,3.276666666666667,0.24720244150559512,0.7915309446254072,0.3767441860465116,0.3316181604467975,0.34750312650312654,0.7566666666666667,1.0,0.8614800759013282,73,0
union:thinking_recall_v1@0.6+grouped_event@0.3+latent_candidate_v3@0.1,983,3.276666666666667,0.24720244150559512,0.7915309446254072,0.3767441860465116,0.3316181604467975,0.34750312650312654,0.7566666666666667,1.0,0.8614800759013282,73,0
union:thinking_recall_v1@0.1+grouped_event@0.1+latent_candidate_v3@0.1,999,3.33,0.24624624624624625,0.8013029315960912,0.3767228177641654,0.3314393706490531,0.34914069264069264,0.7566666666666667,1.0,0.8614800759013282,73,0
union:thinking_recall_v1@0.1+grouped_event@0.3+latent_candidate_v3@0.1,999,3.33,0.24624624624624625,0.8013029315960912,0.3767228177641654,0.3314393706490531,0.34914069264069264,0.7566666666666667,1.0,0.8614800759013282,73,0
union:thinking_recall_v1@0.3+grouped_event@0.1+latent_candidate_v3@0.1,999,3.33,0.24624624624624625,0.8013029315960912,0.3767228177641654,0.3314393706490531,0.34914069264069264,0.7566666666666667,1.0,0.8614800759013282,73,0
union:thinking_recall_v1@0.3+grouped_event@0.3+latent_candidate_v3@0.1,999,3.33,0.24624624624624625,0.8013029315960912,0.3767228177641654,0.3314393706490531,0.34914069264069264,0.7566666666666667,1.0,0.8614800759013282,73,0
intersection:baseline_balanced@0.35+thinking_recall_v1@0.1,92,0.30666666666666664,0.8152173913043478,0.24429967426710097,0.37593984962406013,0.12958691626830962,0.4522222222222223,0.9777777777777777,0.3876651982378855,0.555205047318612,2,139
intersection:baseline_balanced@0.35+thinking_recall_v1@0.3,92,0.30666666666666664,0.8152173913043478,0.24429967426710097,0.37593984962406013,0.12958691626830962,0.4522222222222223,0.9777777777777777,0.3876651982378855,0.555205047318612,2,139
intersection:baseline_balanced@0.45+thinking_recall_v1@0.1,92,0.30666666666666664,0.8152173913043478,0.24429967426710097,0.37593984962406013,0.12958691626830962,0.4522222222222223,0.9777777777777777,0.3876651982378855,0.555205047318612,2,139
intersection:baseline_balanced@0.45+thinking_recall_v1@0.3,92,0.30666666666666664,0.8152173913043478,0.24429967426710097,0.37593984962406013,0.12958691626830962,0.4522222222222223,0.9777777777777777,0.3876651982378855,0.555205047318612,2,139
intersection:baseline_balanced@0.6+thinking_recall_v1@0.1,92,0.30666666666666664,0.8152173913043478,0.24429967426710097,0.37593984962406013,0.12958691626830962,0.4522222222222223,0.9777777777777777,0.3876651982378855,0.555205047318612,2,139
intersection:baseline_balanced@0.6+thinking_recall_v1@0.3,92,0.30666666666666664,0.8152173913043478,0.24429967426710097,0.37593984962406013,0.12958691626830962,0.4522222222222223,0.9777777777777777,0.3876651982378855,0.555205047318612,2,139
intersection:baseline_balanced@0.1+grouped_event@0.1,141,0.47,0.5957446808510638,0.2736156351791531,0.375,0.20515744503750497,0.42188888888888887,0.8880597014925373,0.5242290748898678,0.6592797783933518,15,108
intersection:baseline_balanced@0.1+grouped_event@0.3,141,0.47,0.5957446808510638,0.2736156351791531,0.375,0.20515744503750497,0.42188888888888887,0.8880597014925373,0.5242290748898678,0.6592797783933518,15,108
intersection:baseline_balanced@0.3+grouped_event@0.1,141,0.47,0.5957446808510638,0.2736156351791531,0.375,0.20515744503750497,0.42188888888888887,0.8880597014925373,0.5242290748898678,0.6592797783933518,15,108
intersection:baseline_balanced@0.3+grouped_event@0.3,141,0.47,0.5957446808510638,0.2736156351791531,0.375,0.20515744503750497,0.42188888888888887,0.8880597014925373,0.5242290748898678,0.6592797783933518,15,108
union:grouped_event@0.1+latent_candidate_v3@0.3,965,3.216666666666667,0.24352331606217617,0.7654723127035831,0.3694968553459119,0.3303735149419995,0.3376988936988937,0.7566666666666667,1.0,0.8614800759013282,73,0
union:grouped_event@0.3+latent_candidate_v3@0.3,965,3.216666666666667,0.24352331606217617,0.7654723127035831,0.3694968553459119,0.3303735149419995,0.3376988936988937,0.7566666666666667,1.0,0.8614800759013282,73,0
union:grouped_event@0.1+latent_candidate_v3@0.1,966,3.22,0.2432712215320911,0.7654723127035831,0.3692065985860173,0.3302320571257879,0.3376988936988937,0.7566666666666667,1.0,0.8614800759013282,73,0
union:grouped_event@0.3+latent_candidate_v3@0.1,966,3.22,0.2432712215320911,0.7654723127035831,0.3692065985860173,0.3302320571257879,0.3376988936988937,0.7566666666666667,1.0,0.8614800759013282,73,0
intersection:baseline_balanced@0.1+thinking_recall_v1@0.35+latent_candidate_v3@0.1,94,0.31333333333333335,0.7872340425531915,0.24104234527687296,0.3690773067331671,0.1427277432712215,0.44388888888888883,0.967741935483871,0.3964757709251101,0.5625,3,137
intersection:baseline_balanced@0.1+thinking_recall_v1@0.35+latent_candidate_v3@0.3,94,0.31333333333333335,0.7872340425531915,0.24104234527687296,0.3690773067331671,0.1427277432712215,0.44388888888888883,0.967741935483871,0.3964757709251101,0.5625,3,137
intersection:baseline_balanced@0.1+thinking_recall_v1@0.45+latent_candidate_v3@0.1,94,0.31333333333333335,0.7872340425531915,0.24104234527687296,0.3690773067331671,0.1427277432712215,0.44388888888888883,0.967741935483871,0.3964757709251101,0.5625,3,137
intersection:baseline_balanced@0.1+thinking_recall_v1@0.45+latent_candidate_v3@0.3,94,0.31333333333333335,0.7872340425531915,0.24104234527687296,0.3690773067331671,0.1427277432712215,0.44388888888888883,0.967741935483871,0.3964757709251101,0.5625,3,137
intersection:baseline_balanced@0.1+thinking_recall_v1@0.6+latent_candidate_v3@0.1,94,0.31333333333333335,0.7872340425531915,0.24104234527687296,0.3690773067331671,0.1427277432712215,0.44388888888888883,0.967741935483871,0.3964757709251101,0.5625,3,137
intersection:baseline_balanced@0.1+thinking_recall_v1@0.6+latent_candidate_v3@0.3,94,0.31333333333333335,0.7872340425531915,0.24104234527687296,0.3690773067331671,0.1427277432712215,0.44388888888888883,0.967741935483871,0.3964757709251101,0.5625,3,137
intersection:baseline_balanced@0.3+thinking_recall_v1@0.35+latent_candidate_v3@0.1,94,0.31333333333333335,0.7872340425531915,0.24104234527687296,0.3690773067331671,0.1427277432712215,0.44388888888888883,0.967741935483871,0.3964757709251101,0.5625,3,137
intersection:baseline_balanced@0.3+thinking_recall_v1@0.35+latent_candidate_v3@0.3,94,0.31333333333333335,0.7872340425531915,0.24104234527687296,0.3690773067331671,0.1427277432712215,0.44388888888888883,0.967741935483871,0.3964757709251101,0.5625,3,137
intersection:baseline_balanced@0.3+thinking_recall_v1@0.45+latent_candidate_v3@0.1,94,0.31333333333333335,0.7872340425531915,0.24104234527687296,0.3690773067331671,0.1427277432712215,0.44388888888888883,0.967741935483871,0.3964757709251101,0.5625,3,137
intersection:baseline_balanced@0.3+thinking_recall_v1@0.45+latent_candidate_v3@0.3,94,0.31333333333333335,0.7872340425531915,0.24104234527687296,0.3690773067331671,0.1427277432712215,0.44388888888888883,0.967741935483871,0.3964757709251101,0.5625,3,137
intersection:baseline_balanced@0.3+thinking_recall_v1@0.6+latent_candidate_v3@0.1,94,0.31333333333333335,0.7872340425531915,0.24104234527687296,0.3690773067331671,0.1427277432712215,0.44388888888888883,0.967741935483871,0.3964757709251101,0.5625,3,137
intersection:baseline_balanced@0.3+thinking_recall_v1@0.6+latent_candidate_v3@0.3,94,0.31333333333333335,0.7872340425531915,0.24104234527687296,0.3690773067331671,0.1427277432712215,0.44388888888888883,0.967741935483871,0.3964757709251101,0.5625,3,137
intersection:baseline_balanced@0.1+thinking_recall_v1@0.35+latent_candidate_v3@0.35,93,0.31,0.7849462365591398,0.23778501628664495,0.365,0.1414572746094485,0.44055555555555553,0.967391304347826,0.3920704845814978,0.5579937304075235,3,138
intersection:baseline_balanced@0.1+thinking_recall_v1@0.35+latent_candidate_v3@0.45,93,0.31,0.7849462365591398,0.23778501628664495,0.365,0.1414572746094485,0.44055555555555553,0.967391304347826,0.3920704845814978,0.5579937304075235,3,138
intersection:baseline_balanced@0.1+thinking_recall_v1@0.35+latent_candidate_v3@0.6,93,0.31,0.7849462365591398,0.23778501628664495,0.365,0.1414572746094485,0.44055555555555553,0.967391304347826,0.3920704845814978,0.5579937304075235,3,138
intersection:baseline_balanced@0.1+thinking_recall_v1@0.45+latent_candidate_v3@0.35,93,0.31,0.7849462365591398,0.23778501628664495,0.365,0.1414572746094485,0.44055555555555553,0.967391304347826,0.3920704845814978,0.5579937304075235,3,138
intersection:baseline_balanced@0.1+thinking_recall_v1@0.45+latent_candidate_v3@0.45,93,0.31,0.7849462365591398,0.23778501628664495,0.365,0.1414572746094485,0.44055555555555553,0.967391304347826,0.3920704845814978,0.5579937304075235,3,138
intersection:baseline_balanced@0.1+thinking_recall_v1@0.45+latent_candidate_v3@0.6,93,0.31,0.7849462365591398,0.23778501628664495,0.365,0.1414572746094485,0.44055555555555553,0.967391304347826,0.3920704845814978,0.5579937304075235,3,138
intersection:baseline_balanced@0.1+thinking_recall_v1@0.6+latent_candidate_v3@0.35,93,0.31,0.7849462365591398,0.23778501628664495,0.365,0.1414572746094485,0.44055555555555553,0.967391304347826,0.3920704845814978,0.5579937304075235,3,138
intersection:baseline_balanced@0.1+thinking_recall_v1@0.6+latent_candidate_v3@0.45,93,0.31,0.7849462365591398,0.23778501628664495,0.365,0.1414572746094485,0.44055555555555553,0.967391304347826,0.3920704845814978,0.5579937304075235,3,138
intersection:baseline_balanced@0.1+thinking_recall_v1@0.6+latent_candidate_v3@0.6,93,0.31,0.7849462365591398,0.23778501628664495,0.365,0.1414572746094485,0.44055555555555553,0.967391304347826,0.3920704845814978,0.5579937304075235,3,138
intersection:baseline_balanced@0.3+thinking_recall_v1@0.35+latent_candidate_v3@0.35,93,0.31,0.7849462365591398,0.23778501628664495,0.365,0.1414572746094485,0.44055555555555553,0.967391304347826,0.3920704845814978,0.5579937304075235,3,138
intersection:baseline_balanced@0.3+thinking_recall_v1@0.35+latent_candidate_v3@0.45,93,0.31,0.7849462365591398,0.23778501628664495,0.365,0.1414572746094485,0.44055555555555553,0.967391304347826,0.3920704845814978,0.5579937304075235,3,138
intersection:baseline_balanced@0.3+thinking_recall_v1@0.35+latent_candidate_v3@0.6,93,0.31,0.7849462365591398,0.23778501628664495,0.365,0.1414572746094485,0.44055555555555553,0.967391304347826,0.3920704845814978,0.5579937304075235,3,138
intersection:baseline_balanced@0.3+thinking_recall_v1@0.45+latent_candidate_v3@0.35,93,0.31,0.7849462365591398,0.23778501628664495,0.365,0.1414572746094485,0.44055555555555553,0.967391304347826,0.3920704845814978,0.5579937304075235,3,138
intersection:baseline_balanced@0.3+thinking_recall_v1@0.45+latent_candidate_v3@0.45,93,0.31,0.7849462365591398,0.23778501628664495,0.365,0.1414572746094485,0.44055555555555553,0.967391304347826,0.3920704845814978,0.5579937304075235,3,138
intersection:baseline_balanced@0.3+thinking_recall_v1@0.45+latent_candidate_v3@0.6,93,0.31,0.7849462365591398,0.23778501628664495,0.365,0.1414572746094485,0.44055555555555553,0.967391304347826,0.3920704845814978,0.5579937304075235,3,138
intersection:baseline_balanced@0.3+thinking_recall_v1@0.6+latent_candidate_v3@0.35,93,0.31,0.7849462365591398,0.23778501628664495,0.365,0.1414572746094485,0.44055555555555553,0.967391304347826,0.3920704845814978,0.5579937304075235,3,138
intersection:baseline_balanced@0.3+thinking_recall_v1@0.6+latent_candidate_v3@0.45,93,0.31,0.7849462365591398,0.23778501628664495,0.365,0.1414572746094485,0.44055555555555553,0.967391304347826,0.3920704845814978,0.5579937304075235,3,138
intersection:baseline_balanced@0.3+thinking_recall_v1@0.6+latent_candidate_v3@0.6,93,0.31,0.7849462365591398,0.23778501628664495,0.365,0.1414572746094485,0.44055555555555553,0.967391304347826,0.3920704845814978,0.5579937304075235,3,138
intersection:baseline_balanced@0.35+thinking_recall_v1@0.35,85,0.2833333333333333,0.8352941176470589,0.23127035830618892,0.3622448979591837,0.12856479836724857,0.44,0.9759036144578314,0.3568281938325991,0.5225806451612903,2,146
intersection:baseline_balanced@0.35+thinking_recall_v1@0.45,85,0.2833333333333333,0.8352941176470589,0.23127035830618892,0.3622448979591837,0.12856479836724857,0.44,0.9759036144578314,0.3568281938325991,0.5225806451612903,2,146
intersection:baseline_balanced@0.35+thinking_recall_v1@0.6,85,0.2833333333333333,0.8352941176470589,0.23127035830618892,0.3622448979591837,0.12856479836724857,0.44,0.9759036144578314,0.3568281938325991,0.5225806451612903,2,146
intersection:baseline_balanced@0.45+thinking_recall_v1@0.35,85,0.2833333333333333,0.8352941176470589,0.23127035830618892,0.3622448979591837,0.12856479836724857,0.44,0.9759036144578314,0.3568281938325991,0.5225806451612903,2,146
intersection:baseline_balanced@0.45+thinking_recall_v1@0.45,85,0.2833333333333333,0.8352941176470589,0.23127035830618892,0.3622448979591837,0.12856479836724857,0.44,0.9759036144578314,0.3568281938325991,0.5225806451612903,2,146
intersection:baseline_balanced@0.45+thinking_recall_v1@0.6,85,0.2833333333333333,0.8352941176470589,0.23127035830618892,0.3622448979591837,0.12856479836724857,0.44,0.9759036144578314,0.3568281938325991,0.5225806451612903,2,146
intersection:baseline_balanced@0.6+thinking_recall_v1@0.35,85,0.2833333333333333,0.8352941176470589,0.23127035830618892,0.3622448979591837,0.12856479836724857,0.44,0.9759036144578314,0.3568281938325991,0.5225806451612903,2,146
intersection:baseline_balanced@0.6+thinking_recall_v1@0.45,85,0.2833333333333333,0.8352941176470589,0.23127035830618892,0.3622448979591837,0.12856479836724857,0.44,0.9759036144578314,0.3568281938325991,0.5225806451612903,2,146
intersection:baseline_balanced@0.6+thinking_recall_v1@0.6,85,0.2833333333333333,0.8352941176470589,0.23127035830618892,0.3622448979591837,0.12856479836724857,0.44,0.9759036144578314,0.3568281938325991,0.5225806451612903,2,146
intersection:baseline_balanced@0.1+grouped_event@0.1+latent_candidate_v3@0.1,115,0.38333333333333336,0.6434782608695652,0.24104234527687296,0.35071090047393366,0.20273026751930157,0.4222222222222222,0.9285714285714286,0.4581497797356828,0.6135693215339233,8,123
intersection:baseline_balanced@0.1+grouped_event@0.1+latent_candidate_v3@0.3,115,0.38333333333333336,0.6434782608695652,0.24104234527687296,0.35071090047393366,0.20273026751930157,0.4222222222222222,0.9285714285714286,0.4581497797356828,0.6135693215339233,8,123
intersection:baseline_balanced@0.1+grouped_event@0.3+latent_candidate_v3@0.1,115,0.38333333333333336,0.6434782608695652,0.24104234527687296,0.35071090047393366,0.20273026751930157,0.4222222222222222,0.9285714285714286,0.4581497797356828,0.6135693215339233,8,123
intersection:baseline_balanced@0.1+grouped_event@0.3+latent_candidate_v3@0.3,115,0.38333333333333336,0.6434782608695652,0.24104234527687296,0.35071090047393366,0.20273026751930157,0.4222222222222222,0.9285714285714286,0.4581497797356828,0.6135693215339233,8,123
intersection:baseline_balanced@0.3+grouped_event@0.1+latent_candidate_v3@0.1,115,0.38333333333333336,0.6434782608695652,0.24104234527687296,0.35071090047393366,0.20273026751930157,0.4222222222222222,0.9285714285714286,0.4581497797356828,0.6135693215339233,8,123
intersection:baseline_balanced@0.3+grouped_event@0.1+latent_candidate_v3@0.3,115,0.38333333333333336,0.6434782608695652,0.24104234527687296,0.35071090047393366,0.20273026751930157,0.4222222222222222,0.9285714285714286,0.4581497797356828,0.6135693215339233,8,123
intersection:baseline_balanced@0.3+grouped_event@0.3+latent_candidate_v3@0.1,115,0.38333333333333336,0.6434782608695652,0.24104234527687296,0.35071090047393366,0.20273026751930157,0.4222222222222222,0.9285714285714286,0.4581497797356828,0.6135693215339233,8,123
intersection:baseline_balanced@0.3+grouped_event@0.3+latent_candidate_v3@0.3,115,0.38333333333333336,0.6434782608695652,0.24104234527687296,0.35071090047393366,0.20273026751930157,0.4222222222222222,0.9285714285714286,0.4581497797356828,0.6135693215339233,8,123
intersection:baseline_balanced@0.1+grouped_event@0.1+latent_candidate_v3@0.35,112,0.37333333333333335,0.6517857142857143,0.23778501628664495,0.34844868735083534,0.20228131124986848,0.4188888888888889,0.926605504587156,0.44493392070484583,0.6011904761904762,8,126
intersection:baseline_balanced@0.1+grouped_event@0.1+latent_candidate_v3@0.45,112,0.37333333333333335,0.6517857142857143,0.23778501628664495,0.34844868735083534,0.20228131124986848,0.4188888888888889,0.926605504587156,0.44493392070484583,0.6011904761904762,8,126
intersection:baseline_balanced@0.1+grouped_event@0.1+latent_candidate_v3@0.6,112,0.37333333333333335,0.6517857142857143,0.23778501628664495,0.34844868735083534,0.20228131124986848,0.4188888888888889,0.926605504587156,0.44493392070484583,0.6011904761904762,8,126
intersection:baseline_balanced@0.1+grouped_event@0.3+latent_candidate_v3@0.35,112,0.37333333333333335,0.6517857142857143,0.23778501628664495,0.34844868735083534,0.20228131124986848,0.4188888888888889,0.926605504587156,0.44493392070484583,0.6011904761904762,8,126
intersection:baseline_balanced@0.1+grouped_event@0.3+latent_candidate_v3@0.45,112,0.37333333333333335,0.6517857142857143,0.23778501628664495,0.34844868735083534,0.20228131124986848,0.4188888888888889,0.926605504587156,0.44493392070484583,0.6011904761904762,8,126
intersection:baseline_balanced@0.1+grouped_event@0.3+latent_candidate_v3@0.6,112,0.37333333333333335,0.6517857142857143,0.23778501628664495,0.34844868735083534,0.20228131124986848,0.4188888888888889,0.926605504587156,0.44493392070484583,0.6011904761904762,8,126
intersection:baseline_balanced@0.3+grouped_event@0.1+latent_candidate_v3@0.35,112,0.37333333333333335,0.6517857142857143,0.23778501628664495,0.34844868735083534,0.20228131124986848,0.4188888888888889,0.926605504587156,0.44493392070484583,0.6011904761904762,8,126
intersection:baseline_balanced@0.3+grouped_event@0.1+latent_candidate_v3@0.45,112,0.37333333333333335,0.6517857142857143,0.23778501628664495,0.34844868735083534,0.20228131124986848,0.4188888888888889,0.926605504587156,0.44493392070484583,0.6011904761904762,8,126
intersection:baseline_balanced@0.3+grouped_event@0.1+latent_candidate_v3@0.6,112,0.37333333333333335,0.6517857142857143,0.23778501628664495,0.34844868735083534,0.20228131124986848,0.4188888888888889,0.926605504587156,0.44493392070484583,0.6011904761904762,8,126
intersection:baseline_balanced@0.3+grouped_event@0.3+latent_candidate_v3@0.35,112,0.37333333333333335,0.6517857142857143,0.23778501628664495,0.34844868735083534,0.20228131124986848,0.4188888888888889,0.926605504587156,0.44493392070484583,0.6011904761904762,8,126
intersection:baseline_balanced@0.3+grouped_event@0.3+latent_candidate_v3@0.45,112,0.37333333333333335,0.6517857142857143,0.23778501628664495,0.34844868735083534,0.20228131124986848,0.4188888888888889,0.926605504587156,0.44493392070484583,0.6011904761904762,8,126
intersection:baseline_balanced@0.3+grouped_event@0.3+latent_candidate_v3@0.6,112,0.37333333333333335,0.6517857142857143,0.23778501628664495,0.34844868735083534,0.20228131124986848,0.4188888888888889,0.926605504587156,0.44493392070484583,0.6011904761904762,8,126
intersection:grouped_event@0.35+latent_candidate_v3@0.45,105,0.35,0.6761904761904762,0.23127035830618892,0.3446601941747573,0.2779668752631183,0.418,0.9555555555555556,0.3788546255506608,0.5425867507886435,4,141
intersection:grouped_event@0.35+latent_candidate_v3@0.6,105,0.35,0.6761904761904762,0.23127035830618892,0.3446601941747573,0.2779668752631183,0.418,0.9555555555555556,0.3788546255506608,0.5425867507886435,4,141
intersection:grouped_event@0.45+latent_candidate_v3@0.45,105,0.35,0.6761904761904762,0.23127035830618892,0.3446601941747573,0.2779668752631183,0.418,0.9555555555555556,0.3788546255506608,0.5425867507886435,4,141
intersection:grouped_event@0.45+latent_candidate_v3@0.6,105,0.35,0.6761904761904762,0.23127035830618892,0.3446601941747573,0.2779668752631183,0.418,0.9555555555555556,0.3788546255506608,0.5425867507886435,4,141
intersection:grouped_event@0.6+latent_candidate_v3@0.45,105,0.35,0.6761904761904762,0.23127035830618892,0.3446601941747573,0.2779668752631183,0.418,0.9555555555555556,0.3788546255506608,0.5425867507886435,4,141
intersection:grouped_event@0.6+latent_candidate_v3@0.6,105,0.35,0.6761904761904762,0.23127035830618892,0.3446601941747573,0.2779668752631183,0.418,0.9555555555555556,0.3788546255506608,0.5425867507886435,4,141
intersection:grouped_event@0.35+latent_candidate_v3@0.35,106,0.35333333333333333,0.6698113207547169,0.23127035830618892,0.34382566585956414,0.270720498451524,0.418,0.9560439560439561,0.3832599118942731,0.5471698113207547,4,140
intersection:grouped_event@0.45+latent_candidate_v3@0.35,106,0.35333333333333333,0.6698113207547169,0.23127035830618892,0.34382566585956414,0.270720498451524,0.418,0.9560439560439561,0.3832599118942731,0.5471698113207547,4,140
intersection:grouped_event@0.6+latent_candidate_v3@0.35,106,0.35333333333333333,0.6698113207547169,0.23127035830618892,0.34382566585956414,0.270720498451524,0.418,0.9560439560439561,0.3832599118942731,0.5471698113207547,4,140
intersection:grouped_event@0.35+latent_candidate_v3@0.1,114,0.38,0.631578947368421,0.23452768729641693,0.342042755344418,0.2745816036580567,0.4171111111111111,0.956989247311828,0.3920704845814978,0.55625,4,138
intersection:grouped_event@0.35+latent_candidate_v3@0.3,114,0.38,0.631578947368421,0.23452768729641693,0.342042755344418,0.2745816036580567,0.4171111111111111,0.956989247311828,0.3920704845814978,0.55625,4,138
intersection:grouped_event@0.45+latent_candidate_v3@0.1,114,0.38,0.631578947368421,0.23452768729641693,0.342042755344418,0.2745816036580567,0.4171111111111111,0.956989247311828,0.3920704845814978,0.55625,4,138
intersection:grouped_event@0.45+latent_candidate_v3@0.3,114,0.38,0.631578947368421,0.23452768729641693,0.342042755344418,0.2745816036580567,0.4171111111111111,0.956989247311828,0.3920704845814978,0.55625,4,138
intersection:grouped_event@0.6+latent_candidate_v3@0.1,114,0.38,0.631578947368421,0.23452768729641693,0.342042755344418,0.2745816036580567,0.4171111111111111,0.956989247311828,0.3920704845814978,0.55625,4,138
intersection:grouped_event@0.6+latent_candidate_v3@0.3,114,0.38,0.631578947368421,0.23452768729641693,0.342042755344418,0.2745816036580567,0.4171111111111111,0.956989247311828,0.3920704845814978,0.55625,4,138
grouped_event@0.35,165,0.55,0.48484848484848486,0.26058631921824105,0.3389830508474576,0.2778383810964693,0.40706349206349207,0.9423076923076923,0.43171806167400884,0.5921450151057401,6,129
grouped_event@0.4,165,0.55,0.48484848484848486,0.26058631921824105,0.3389830508474576,0.2778383810964693,0.40706349206349207,0.9423076923076923,0.43171806167400884,0.5921450151057401,6,129
grouped_event@0.45,165,0.55,0.48484848484848486,0.26058631921824105,0.3389830508474576,0.2778383810964693,0.40706349206349207,0.9423076923076923,0.43171806167400884,0.5921450151057401,6,129
grouped_event@0.5,165,0.55,0.48484848484848486,0.26058631921824105,0.3389830508474576,0.2778383810964693,0.40706349206349207,0.9423076923076923,0.43171806167400884,0.5921450151057401,6,129
grouped_event@0.55,165,0.55,0.48484848484848486,0.26058631921824105,0.3389830508474576,0.2778383810964693,0.40706349206349207,0.9423076923076923,0.43171806167400884,0.5921450151057401,6,129
grouped_event@0.6,165,0.55,0.48484848484848486,0.26058631921824105,0.3389830508474576,0.2778383810964693,0.40706349206349207,0.9423076923076923,0.43171806167400884,0.5921450151057401,6,129
intersection:thinking_recall_v1@0.1+grouped_event@0.1+latent_candidate_v3@0.1,118,0.3933333333333333,0.6101694915254238,0.23452768729641693,0.3388235294117647,0.1378876570919628,0.41388888888888886,0.911504424778761,0.45374449339207046,0.6058823529411764,10,124
intersection:thinking_recall_v1@0.1+grouped_event@0.1+latent_candidate_v3@0.3,118,0.3933333333333333,0.6101694915254238,0.23452768729641693,0.3388235294117647,0.1378876570919628,0.41388888888888886,0.911504424778761,0.45374449339207046,0.6058823529411764,10,124
intersection:thinking_recall_v1@0.1+grouped_event@0.3+latent_candidate_v3@0.1,118,0.3933333333333333,0.6101694915254238,0.23452768729641693,0.3388235294117647,0.1378876570919628,0.41388888888888886,0.911504424778761,0.45374449339207046,0.6058823529411764,10,124
intersection:thinking_recall_v1@0.1+grouped_event@0.3+latent_candidate_v3@0.3,118,0.3933333333333333,0.6101694915254238,0.23452768729641693,0.3388235294117647,0.1378876570919628,0.41388888888888886,0.911504424778761,0.45374449339207046,0.6058823529411764,10,124
intersection:thinking_recall_v1@0.3+grouped_event@0.1+latent_candidate_v3@0.1,118,0.3933333333333333,0.6101694915254238,0.23452768729641693,0.3388235294117647,0.1378876570919628,0.41388888888888886,0.911504424778761,0.45374449339207046,0.6058823529411764,10,124
intersection:thinking_recall_v1@0.3+grouped_event@0.1+latent_candidate_v3@0.3,118,0.3933333333333333,0.6101694915254238,0.23452768729641693,0.3388235294117647,0.1378876570919628,0.41388888888888886,0.911504424778761,0.45374449339207046,0.6058823529411764,10,124
intersection:thinking_recall_v1@0.3+grouped_event@0.3+latent_candidate_v3@0.1,118,0.3933333333333333,0.6101694915254238,0.23452768729641693,0.3388235294117647,0.1378876570919628,0.41388888888888886,0.911504424778761,0.45374449339207046,0.6058823529411764,10,124
intersection:thinking_recall_v1@0.3+grouped_event@0.3+latent_candidate_v3@0.3,118,0.3933333333333333,0.6101694915254238,0.23452768729641693,0.3388235294117647,0.1378876570919628,0.41388888888888886,0.911504424778761,0.45374449339207046,0.6058823529411764,10,124
intersection:thinking_recall_v1@0.1+grouped_event@0.1+latent_candidate_v3@0.45,113,0.37666666666666665,0.6283185840707964,0.23127035830618892,0.3380952380952381,0.13739172727189394,0.4105555555555555,0.9074074074074074,0.43171806167400884,0.5850746268656717,10,129
intersection:thinking_recall_v1@0.1+grouped_event@0.1+latent_candidate_v3@0.6,113,0.37666666666666665,0.6283185840707964,0.23127035830618892,0.3380952380952381,0.13739172727189394,0.4105555555555555,0.9074074074074074,0.43171806167400884,0.5850746268656717,10,129
intersection:thinking_recall_v1@0.1+grouped_event@0.3+latent_candidate_v3@0.45,113,0.37666666666666665,0.6283185840707964,0.23127035830618892,0.3380952380952381,0.13739172727189394,0.4105555555555555,0.9074074074074074,0.43171806167400884,0.5850746268656717,10,129
intersection:thinking_recall_v1@0.1+grouped_event@0.3+latent_candidate_v3@0.6,113,0.37666666666666665,0.6283185840707964,0.23127035830618892,0.3380952380952381,0.13739172727189394,0.4105555555555555,0.9074074074074074,0.43171806167400884,0.5850746268656717,10,129
intersection:thinking_recall_v1@0.3+grouped_event@0.1+latent_candidate_v3@0.45,113,0.37666666666666665,0.6283185840707964,0.23127035830618892,0.3380952380952381,0.13739172727189394,0.4105555555555555,0.9074074074074074,0.43171806167400884,0.5850746268656717,10,129
intersection:thinking_recall_v1@0.3+grouped_event@0.1+latent_candidate_v3@0.6,113,0.37666666666666665,0.6283185840707964,0.23127035830618892,0.3380952380952381,0.13739172727189394,0.4105555555555555,0.9074074074074074,0.43171806167400884,0.5850746268656717,10,129
intersection:thinking_recall_v1@0.3+grouped_event@0.3+latent_candidate_v3@0.45,113,0.37666666666666665,0.6283185840707964,0.23127035830618892,0.3380952380952381,0.13739172727189394,0.4105555555555555,0.9074074074074074,0.43171806167400884,0.5850746268656717,10,129
intersection:thinking_recall_v1@0.3+grouped_event@0.3+latent_candidate_v3@0.6,113,0.37666666666666665,0.6283185840707964,0.23127035830618892,0.3380952380952381,0.13739172727189394,0.4105555555555555,0.9074074074074074,0.43171806167400884,0.5850746268656717,10,129
intersection:thinking_recall_v1@0.1+grouped_event@0.1+latent_candidate_v3@0.35,114,0.38,0.6228070175438597,0.23127035830618892,0.33729216152019004,0.13739172727189394,0.4105555555555555,0.908256880733945,0.43612334801762115,0.5892857142857143,10,128
intersection:thinking_recall_v1@0.1+grouped_event@0.3+latent_candidate_v3@0.35,114,0.38,0.6228070175438597,0.23127035830618892,0.33729216152019004,0.13739172727189394,0.4105555555555555,0.908256880733945,0.43612334801762115,0.5892857142857143,10,128
intersection:thinking_recall_v1@0.3+grouped_event@0.1+latent_candidate_v3@0.35,114,0.38,0.6228070175438597,0.23127035830618892,0.33729216152019004,0.13739172727189394,0.4105555555555555,0.908256880733945,0.43612334801762115,0.5892857142857143,10,128
intersection:thinking_recall_v1@0.3+grouped_event@0.3+latent_candidate_v3@0.35,114,0.38,0.6228070175438597,0.23127035830618892,0.33729216152019004,0.13739172727189394,0.4105555555555555,0.908256880733945,0.43612334801762115,0.5892857142857143,10,128
intersection:baseline_balanced@0.35+thinking_recall_v1@0.1+latent_candidate_v3@0.1,81,0.27,0.8024691358024691,0.21172638436482086,0.33505154639175255,0.12182750616033974,0.42611111111111116,0.9753086419753086,0.34801762114537443,0.512987012987013,2,148
intersection:baseline_balanced@0.35+thinking_recall_v1@0.1+latent_candidate_v3@0.3,81,0.27,0.8024691358024691,0.21172638436482086,0.33505154639175255,0.12182750616033974,0.42611111111111116,0.9753086419753086,0.34801762114537443,0.512987012987013,2,148
intersection:baseline_balanced@0.35+thinking_recall_v1@0.1+latent_candidate_v3@0.35,81,0.27,0.8024691358024691,0.21172638436482086,0.33505154639175255,0.12182750616033974,0.42611111111111116,0.9753086419753086,0.34801762114537443,0.512987012987013,2,148
intersection:baseline_balanced@0.35+thinking_recall_v1@0.1+latent_candidate_v3@0.45,81,0.27,0.8024691358024691,0.21172638436482086,0.33505154639175255,0.12182750616033974,0.42611111111111116,0.9753086419753086,0.34801762114537443,0.512987012987013,2,148
intersection:baseline_balanced@0.35+thinking_recall_v1@0.1+latent_candidate_v3@0.6,81,0.27,0.8024691358024691,0.21172638436482086,0.33505154639175255,0.12182750616033974,0.42611111111111116,0.9753086419753086,0.34801762114537443,0.512987012987013,2,148
intersection:baseline_balanced@0.35+thinking_recall_v1@0.3+latent_candidate_v3@0.1,81,0.27,0.8024691358024691,0.21172638436482086,0.33505154639175255,0.12182750616033974,0.42611111111111116,0.9753086419753086,0.34801762114537443,0.512987012987013,2,148
intersection:baseline_balanced@0.35+thinking_recall_v1@0.3+latent_candidate_v3@0.3,81,0.27,0.8024691358024691,0.21172638436482086,0.33505154639175255,0.12182750616033974,0.42611111111111116,0.9753086419753086,0.34801762114537443,0.512987012987013,2,148
intersection:baseline_balanced@0.35+thinking_recall_v1@0.3+latent_candidate_v3@0.35,81,0.27,0.8024691358024691,0.21172638436482086,0.33505154639175255,0.12182750616033974,0.42611111111111116,0.9753086419753086,0.34801762114537443,0.512987012987013,2,148
intersection:baseline_balanced@0.35+thinking_recall_v1@0.3+latent_candidate_v3@0.45,81,0.27,0.8024691358024691,0.21172638436482086,0.33505154639175255,0.12182750616033974,0.42611111111111116,0.9753086419753086,0.34801762114537443,0.512987012987013,2,148
intersection:baseline_balanced@0.35+thinking_recall_v1@0.3+latent_candidate_v3@0.6,81,0.27,0.8024691358024691,0.21172638436482086,0.33505154639175255,0.12182750616033974,0.42611111111111116,0.9753086419753086,0.34801762114537443,0.512987012987013,2,148
intersection:baseline_balanced@0.45+thinking_recall_v1@0.1+latent_candidate_v3@0.1,81,0.27,0.8024691358024691,0.21172638436482086,0.33505154639175255,0.12182750616033974,0.42611111111111116,0.9753086419753086,0.34801762114537443,0.512987012987013,2,148
intersection:baseline_balanced@0.45+thinking_recall_v1@0.1+latent_candidate_v3@0.3,81,0.27,0.8024691358024691,0.21172638436482086,0.33505154639175255,0.12182750616033974,0.42611111111111116,0.9753086419753086,0.34801762114537443,0.512987012987013,2,148
intersection:baseline_balanced@0.45+thinking_recall_v1@0.1+latent_candidate_v3@0.35,81,0.27,0.8024691358024691,0.21172638436482086,0.33505154639175255,0.12182750616033974,0.42611111111111116,0.9753086419753086,0.34801762114537443,0.512987012987013,2,148
intersection:baseline_balanced@0.45+thinking_recall_v1@0.1+latent_candidate_v3@0.45,81,0.27,0.8024691358024691,0.21172638436482086,0.33505154639175255,0.12182750616033974,0.42611111111111116,0.9753086419753086,0.34801762114537443,0.512987012987013,2,148
intersection:baseline_balanced@0.45+thinking_recall_v1@0.1+latent_candidate_v3@0.6,81,0.27,0.8024691358024691,0.21172638436482086,0.33505154639175255,0.12182750616033974,0.42611111111111116,0.9753086419753086,0.34801762114537443,0.512987012987013,2,148
intersection:baseline_balanced@0.45+thinking_recall_v1@0.3+latent_candidate_v3@0.1,81,0.27,0.8024691358024691,0.21172638436482086,0.33505154639175255,0.12182750616033974,0.42611111111111116,0.9753086419753086,0.34801762114537443,0.512987012987013,2,148
intersection:baseline_balanced@0.45+thinking_recall_v1@0.3+latent_candidate_v3@0.3,81,0.27,0.8024691358024691,0.21172638436482086,0.33505154639175255,0.12182750616033974,0.42611111111111116,0.9753086419753086,0.34801762114537443,0.512987012987013,2,148
intersection:baseline_balanced@0.45+thinking_recall_v1@0.3+latent_candidate_v3@0.35,81,0.27,0.8024691358024691,0.21172638436482086,0.33505154639175255,0.12182750616033974,0.42611111111111116,0.9753086419753086,0.34801762114537443,0.512987012987013,2,148
intersection:baseline_balanced@0.45+thinking_recall_v1@0.3+latent_candidate_v3@0.45,81,0.27,0.8024691358024691,0.21172638436482086,0.33505154639175255,0.12182750616033974,0.42611111111111116,0.9753086419753086,0.34801762114537443,0.512987012987013,2,148
intersection:baseline_balanced@0.45+thinking_recall_v1@0.3+latent_candidate_v3@0.6,81,0.27,0.8024691358024691,0.21172638436482086,0.33505154639175255,0.12182750616033974,0.42611111111111116,0.9753086419753086,0.34801762114537443,0.512987012987013,2,148
intersection:baseline_balanced@0.6+thinking_recall_v1@0.1+latent_candidate_v3@0.1,81,0.27,0.8024691358024691,0.21172638436482086,0.33505154639175255,0.12182750616033974,0.42611111111111116,0.9753086419753086,0.34801762114537443,0.512987012987013,2,148
intersection:baseline_balanced@0.6+thinking_recall_v1@0.1+latent_candidate_v3@0.3,81,0.27,0.8024691358024691,0.21172638436482086,0.33505154639175255,0.12182750616033974,0.42611111111111116,0.9753086419753086,0.34801762114537443,0.512987012987013,2,148
intersection:baseline_balanced@0.6+thinking_recall_v1@0.1+latent_candidate_v3@0.35,81,0.27,0.8024691358024691,0.21172638436482086,0.33505154639175255,0.12182750616033974,0.42611111111111116,0.9753086419753086,0.34801762114537443,0.512987012987013,2,148
intersection:baseline_balanced@0.6+thinking_recall_v1@0.1+latent_candidate_v3@0.45,81,0.27,0.8024691358024691,0.21172638436482086,0.33505154639175255,0.12182750616033974,0.42611111111111116,0.9753086419753086,0.34801762114537443,0.512987012987013,2,148
intersection:baseline_balanced@0.6+thinking_recall_v1@0.1+latent_candidate_v3@0.6,81,0.27,0.8024691358024691,0.21172638436482086,0.33505154639175255,0.12182750616033974,0.42611111111111116,0.9753086419753086,0.34801762114537443,0.512987012987013,2,148
intersection:baseline_balanced@0.6+thinking_recall_v1@0.3+latent_candidate_v3@0.1,81,0.27,0.8024691358024691,0.21172638436482086,0.33505154639175255,0.12182750616033974,0.42611111111111116,0.9753086419753086,0.34801762114537443,0.512987012987013,2,148
intersection:baseline_balanced@0.6+thinking_recall_v1@0.3+latent_candidate_v3@0.3,81,0.27,0.8024691358024691,0.21172638436482086,0.33505154639175255,0.12182750616033974,0.42611111111111116,0.9753086419753086,0.34801762114537443,0.512987012987013,2,148
intersection:baseline_balanced@0.6+thinking_recall_v1@0.3+latent_candidate_v3@0.35,81,0.27,0.8024691358024691,0.21172638436482086,0.33505154639175255,0.12182750616033974,0.42611111111111116,0.9753086419753086,0.34801762114537443,0.512987012987013,2,148
intersection:baseline_balanced@0.6+thinking_recall_v1@0.3+latent_candidate_v3@0.45,81,0.27,0.8024691358024691,0.21172638436482086,0.33505154639175255,0.12182750616033974,0.42611111111111116,0.9753086419753086,0.34801762114537443,0.512987012987013,2,148
intersection:baseline_balanced@0.6+thinking_recall_v1@0.3+latent_candidate_v3@0.6,81,0.27,0.8024691358024691,0.21172638436482086,0.33505154639175255,0.12182750616033974,0.42611111111111116,0.9753086419753086,0.34801762114537443,0.512987012987013,2,148
grouped_event@0.1,636,2.12,0.2468553459119497,0.511400651465798,0.3329798515376458,0.26745063845395906,0.35703174603174603,0.8091286307053942,0.8590308370044053,0.8333333333333334,46,32
grouped_event@0.15,636,2.12,0.2468553459119497,0.511400651465798,0.3329798515376458,0.26745063845395906,0.35703174603174603,0.8091286307053942,0.8590308370044053,0.8333333333333334,46,32
grouped_event@0.2,636,2.12,0.2468553459119497,0.511400651465798,0.3329798515376458,0.26745063845395906,0.35703174603174603,0.8091286307053942,0.8590308370044053,0.8333333333333334,46,32
grouped_event@0.25,636,2.12,0.2468553459119497,0.511400651465798,0.3329798515376458,0.26745063845395906,0.35703174603174603,0.8091286307053942,0.8590308370044053,0.8333333333333334,46,32
grouped_event@0.3,636,2.12,0.2468553459119497,0.511400651465798,0.3329798515376458,0.26745063845395906,0.35703174603174603,0.8091286307053942,0.8590308370044053,0.8333333333333334,46,32
intersection:thinking_recall_v1@0.35+grouped_event@0.1+latent_candidate_v3@0.1,90,0.3,0.7333333333333333,0.21498371335504887,0.33249370277078083,0.14335592206575193,0.41888888888888887,0.9655172413793104,0.3700440528634361,0.535031847133758,3,143
intersection:thinking_recall_v1@0.35+grouped_event@0.1+latent_candidate_v3@0.3,90,0.3,0.7333333333333333,0.21498371335504887,0.33249370277078083,0.14335592206575193,0.41888888888888887,0.9655172413793104,0.3700440528634361,0.535031847133758,3,143
intersection:thinking_recall_v1@0.35+grouped_event@0.3+latent_candidate_v3@0.1,90,0.3,0.7333333333333333,0.21498371335504887,0.33249370277078083,0.14335592206575193,0.41888888888888887,0.9655172413793104,0.3700440528634361,0.535031847133758,3,143
intersection:thinking_recall_v1@0.35+grouped_event@0.3+latent_candidate_v3@0.3,90,0.3,0.7333333333333333,0.21498371335504887,0.33249370277078083,0.14335592206575193,0.41888888888888887,0.9655172413793104,0.3700440528634361,0.535031847133758,3,143
intersection:thinking_recall_v1@0.45+grouped_event@0.1+latent_candidate_v3@0.1,90,0.3,0.7333333333333333,0.21498371335504887,0.33249370277078083,0.14335592206575193,0.41888888888888887,0.9655172413793104,0.3700440528634361,0.535031847133758,3,143
intersection:thinking_recall_v1@0.45+grouped_event@0.1+latent_candidate_v3@0.3,90,0.3,0.7333333333333333,0.21498371335504887,0.33249370277078083,0.14335592206575193,0.41888888888888887,0.9655172413793104,0.3700440528634361,0.535031847133758,3,143
intersection:thinking_recall_v1@0.45+grouped_event@0.3+latent_candidate_v3@0.1,90,0.3,0.7333333333333333,0.21498371335504887,0.33249370277078083,0.14335592206575193,0.41888888888888887,0.9655172413793104,0.3700440528634361,0.535031847133758,3,143
intersection:thinking_recall_v1@0.45+grouped_event@0.3+latent_candidate_v3@0.3,90,0.3,0.7333333333333333,0.21498371335504887,0.33249370277078083,0.14335592206575193,0.41888888888888887,0.9655172413793104,0.3700440528634361,0.535031847133758,3,143
intersection:thinking_recall_v1@0.6+grouped_event@0.1+latent_candidate_v3@0.1,90,0.3,0.7333333333333333,0.21498371335504887,0.33249370277078083,0.14335592206575193,0.41888888888888887,0.9655172413793104,0.3700440528634361,0.535031847133758,3,143
intersection:thinking_recall_v1@0.6+grouped_event@0.1+latent_candidate_v3@0.3,90,0.3,0.7333333333333333,0.21498371335504887,0.33249370277078083,0.14335592206575193,0.41888888888888887,0.9655172413793104,0.3700440528634361,0.535031847133758,3,143
intersection:thinking_recall_v1@0.6+grouped_event@0.3+latent_candidate_v3@0.1,90,0.3,0.7333333333333333,0.21498371335504887,0.33249370277078083,0.14335592206575193,0.41888888888888887,0.9655172413793104,0.3700440528634361,0.535031847133758,3,143
intersection:thinking_recall_v1@0.6+grouped_event@0.3+latent_candidate_v3@0.3,90,0.3,0.7333333333333333,0.21498371335504887,0.33249370277078083,0.14335592206575193,0.41888888888888887,0.9655172413793104,0.3700440528634361,0.535031847133758,3,143
intersection:baseline_balanced@0.35+grouped_event@0.1,85,0.2833333333333333,0.7647058823529411,0.21172638436482086,0.33163265306122447,0.1929760316746488,0.415,0.9759036144578314,0.3568281938325991,0.5225806451612903,2,146
intersection:baseline_balanced@0.35+grouped_event@0.3,85,0.2833333333333333,0.7647058823529411,0.21172638436482086,0.33163265306122447,0.1929760316746488,0.415,0.9759036144578314,0.3568281938325991,0.5225806451612903,2,146
intersection:baseline_balanced@0.45+grouped_event@0.1,85,0.2833333333333333,0.7647058823529411,0.21172638436482086,0.33163265306122447,0.1929760316746488,0.415,0.9759036144578314,0.3568281938325991,0.5225806451612903,2,146
intersection:baseline_balanced@0.45+grouped_event@0.3,85,0.2833333333333333,0.7647058823529411,0.21172638436482086,0.33163265306122447,0.1929760316746488,0.415,0.9759036144578314,0.3568281938325991,0.5225806451612903,2,146
intersection:baseline_balanced@0.6+grouped_event@0.1,85,0.2833333333333333,0.7647058823529411,0.21172638436482086,0.33163265306122447,0.1929760316746488,0.415,0.9759036144578314,0.3568281938325991,0.5225806451612903,2,146
intersection:baseline_balanced@0.6+grouped_event@0.3,85,0.2833333333333333,0.7647058823529411,0.21172638436482086,0.33163265306122447,0.1929760316746488,0.415,0.9759036144578314,0.3568281938325991,0.5225806451612903,2,146
intersection:thinking_recall_v1@0.35+grouped_event@0.1+latent_candidate_v3@0.45,87,0.29,0.7471264367816092,0.21172638436482086,0.3299492385786802,0.14211399831743432,0.4155555555555555,0.9642857142857143,0.3568281938325991,0.5209003215434084,3,146
intersection:thinking_recall_v1@0.35+grouped_event@0.1+latent_candidate_v3@0.6,87,0.29,0.7471264367816092,0.21172638436482086,0.3299492385786802,0.14211399831743432,0.4155555555555555,0.9642857142857143,0.3568281938325991,0.5209003215434084,3,146
intersection:thinking_recall_v1@0.35+grouped_event@0.3+latent_candidate_v3@0.45,87,0.29,0.7471264367816092,0.21172638436482086,0.3299492385786802,0.14211399831743432,0.4155555555555555,0.9642857142857143,0.3568281938325991,0.5209003215434084,3,146
intersection:thinking_recall_v1@0.35+grouped_event@0.3+latent_candidate_v3@0.6,87,0.29,0.7471264367816092,0.21172638436482086,0.3299492385786802,0.14211399831743432,0.4155555555555555,0.9642857142857143,0.3568281938325991,0.5209003215434084,3,146
intersection:thinking_recall_v1@0.45+grouped_event@0.1+latent_candidate_v3@0.45,87,0.29,0.7471264367816092,0.21172638436482086,0.3299492385786802,0.14211399831743432,0.4155555555555555,0.9642857142857143,0.3568281938325991,0.5209003215434084,3,146
intersection:thinking_recall_v1@0.45+grouped_event@0.1+latent_candidate_v3@0.6,87,0.29,0.7471264367816092,0.21172638436482086,0.3299492385786802,0.14211399831743432,0.4155555555555555,0.9642857142857143,0.3568281938325991,0.5209003215434084,3,146
intersection:thinking_recall_v1@0.45+grouped_event@0.3+latent_candidate_v3@0.45,87,0.29,0.7471264367816092,0.21172638436482086,0.3299492385786802,0.14211399831743432,0.4155555555555555,0.9642857142857143,0.3568281938325991,0.5209003215434084,3,146
intersection:thinking_recall_v1@0.45+grouped_event@0.3+latent_candidate_v3@0.6,87,0.29,0.7471264367816092,0.21172638436482086,0.3299492385786802,0.14211399831743432,0.4155555555555555,0.9642857142857143,0.3568281938325991,0.5209003215434084,3,146
intersection:thinking_recall_v1@0.6+grouped_event@0.1+latent_candidate_v3@0.45,87,0.29,0.7471264367816092,0.21172638436482086,0.3299492385786802,0.14211399831743432,0.4155555555555555,0.9642857142857143,0.3568281938325991,0.5209003215434084,3,146
intersection:thinking_recall_v1@0.6+grouped_event@0.1+latent_candidate_v3@0.6,87,0.29,0.7471264367816092,0.21172638436482086,0.3299492385786802,0.14211399831743432,0.4155555555555555,0.9642857142857143,0.3568281938325991,0.5209003215434084,3,146
intersection:thinking_recall_v1@0.6+grouped_event@0.3+latent_candidate_v3@0.45,87,0.29,0.7471264367816092,0.21172638436482086,0.3299492385786802,0.14211399831743432,0.4155555555555555,0.9642857142857143,0.3568281938325991,0.5209003215434084,3,146
intersection:thinking_recall_v1@0.6+grouped_event@0.3+latent_candidate_v3@0.6,87,0.29,0.7471264367816092,0.21172638436482086,0.3299492385786802,0.14211399831743432,0.4155555555555555,0.9642857142857143,0.3568281938325991,0.5209003215434084,3,146
intersection:thinking_recall_v1@0.35+grouped_event@0.1+latent_candidate_v3@0.35,88,0.29333333333333333,0.7386363636363636,0.21172638436482086,0.3291139240506329,0.14211399831743432,0.4155555555555555,0.9647058823529412,0.36123348017621143,0.5256410256410257,3,145
intersection:thinking_recall_v1@0.35+grouped_event@0.3+latent_candidate_v3@0.35,88,0.29333333333333333,0.7386363636363636,0.21172638436482086,0.3291139240506329,0.14211399831743432,0.4155555555555555,0.9647058823529412,0.36123348017621143,0.5256410256410257,3,145
intersection:thinking_recall_v1@0.45+grouped_event@0.1+latent_candidate_v3@0.35,88,0.29333333333333333,0.7386363636363636,0.21172638436482086,0.3291139240506329,0.14211399831743432,0.4155555555555555,0.9647058823529412,0.36123348017621143,0.5256410256410257,3,145
intersection:thinking_recall_v1@0.45+grouped_event@0.3+latent_candidate_v3@0.35,88,0.29333333333333333,0.7386363636363636,0.21172638436482086,0.3291139240506329,0.14211399831743432,0.4155555555555555,0.9647058823529412,0.36123348017621143,0.5256410256410257,3,145
intersection:thinking_recall_v1@0.6+grouped_event@0.1+latent_candidate_v3@0.35,88,0.29333333333333333,0.7386363636363636,0.21172638436482086,0.3291139240506329,0.14211399831743432,0.4155555555555555,0.9647058823529412,0.36123348017621143,0.5256410256410257,3,145
intersection:thinking_recall_v1@0.6+grouped_event@0.3+latent_candidate_v3@0.35,88,0.29333333333333333,0.7386363636363636,0.21172638436482086,0.3291139240506329,0.14211399831743432,0.4155555555555555,0.9647058823529412,0.36123348017621143,0.5256410256410257,3,145
intersection:baseline_balanced@0.35+thinking_recall_v1@0.35+latent_candidate_v3@0.1,76,0.25333333333333335,0.8289473684210527,0.20521172638436483,0.3289817232375979,0.12204804806330131,0.41944444444444445,0.9736842105263158,0.32599118942731276,0.4884488448844885,2,153
intersection:baseline_balanced@0.35+thinking_recall_v1@0.35+latent_candidate_v3@0.3,76,0.25333333333333335,0.8289473684210527,0.20521172638436483,0.3289817232375979,0.12204804806330131,0.41944444444444445,0.9736842105263158,0.32599118942731276,0.4884488448844885,2,153
intersection:baseline_balanced@0.35+thinking_recall_v1@0.35+latent_candidate_v3@0.35,76,0.25333333333333335,0.8289473684210527,0.20521172638436483,0.3289817232375979,0.12204804806330131,0.41944444444444445,0.9736842105263158,0.32599118942731276,0.4884488448844885,2,153
intersection:baseline_balanced@0.35+thinking_recall_v1@0.35+latent_candidate_v3@0.45,76,0.25333333333333335,0.8289473684210527,0.20521172638436483,0.3289817232375979,0.12204804806330131,0.41944444444444445,0.9736842105263158,0.32599118942731276,0.4884488448844885,2,153
intersection:baseline_balanced@0.35+thinking_recall_v1@0.35+latent_candidate_v3@0.6,76,0.25333333333333335,0.8289473684210527,0.20521172638436483,0.3289817232375979,0.12204804806330131,0.41944444444444445,0.9736842105263158,0.32599118942731276,0.4884488448844885,2,153
intersection:baseline_balanced@0.35+thinking_recall_v1@0.45+latent_candidate_v3@0.1,76,0.25333333333333335,0.8289473684210527,0.20521172638436483,0.3289817232375979,0.12204804806330131,0.41944444444444445,0.9736842105263158,0.32599118942731276,0.4884488448844885,2,153
intersection:baseline_balanced@0.35+thinking_recall_v1@0.45+latent_candidate_v3@0.3,76,0.25333333333333335,0.8289473684210527,0.20521172638436483,0.3289817232375979,0.12204804806330131,0.41944444444444445,0.9736842105263158,0.32599118942731276,0.4884488448844885,2,153
intersection:baseline_balanced@0.35+thinking_recall_v1@0.45+latent_candidate_v3@0.35,76,0.25333333333333335,0.8289473684210527,0.20521172638436483,0.3289817232375979,0.12204804806330131,0.41944444444444445,0.9736842105263158,0.32599118942731276,0.4884488448844885,2,153
intersection:baseline_balanced@0.35+thinking_recall_v1@0.45+latent_candidate_v3@0.45,76,0.25333333333333335,0.8289473684210527,0.20521172638436483,0.3289817232375979,0.12204804806330131,0.41944444444444445,0.9736842105263158,0.32599118942731276,0.4884488448844885,2,153
intersection:baseline_balanced@0.35+thinking_recall_v1@0.45+latent_candidate_v3@0.6,76,0.25333333333333335,0.8289473684210527,0.20521172638436483,0.3289817232375979,0.12204804806330131,0.41944444444444445,0.9736842105263158,0.32599118942731276,0.4884488448844885,2,153
intersection:baseline_balanced@0.35+thinking_recall_v1@0.6+latent_candidate_v3@0.1,76,0.25333333333333335,0.8289473684210527,0.20521172638436483,0.3289817232375979,0.12204804806330131,0.41944444444444445,0.9736842105263158,0.32599118942731276,0.4884488448844885,2,153
intersection:baseline_balanced@0.35+thinking_recall_v1@0.6+latent_candidate_v3@0.3,76,0.25333333333333335,0.8289473684210527,0.20521172638436483,0.3289817232375979,0.12204804806330131,0.41944444444444445,0.9736842105263158,0.32599118942731276,0.4884488448844885,2,153
intersection:baseline_balanced@0.35+thinking_recall_v1@0.6+latent_candidate_v3@0.35,76,0.25333333333333335,0.8289473684210527,0.20521172638436483,0.3289817232375979,0.12204804806330131,0.41944444444444445,0.9736842105263158,0.32599118942731276,0.4884488448844885,2,153
intersection:baseline_balanced@0.35+thinking_recall_v1@0.6+latent_candidate_v3@0.45,76,0.25333333333333335,0.8289473684210527,0.20521172638436483,0.3289817232375979,0.12204804806330131,0.41944444444444445,0.9736842105263158,0.32599118942731276,0.4884488448844885,2,153
intersection:baseline_balanced@0.35+thinking_recall_v1@0.6+latent_candidate_v3@0.6,76,0.25333333333333335,0.8289473684210527,0.20521172638436483,0.3289817232375979,0.12204804806330131,0.41944444444444445,0.9736842105263158,0.32599118942731276,0.4884488448844885,2,153
intersection:baseline_balanced@0.45+thinking_recall_v1@0.35+latent_candidate_v3@0.1,76,0.25333333333333335,0.8289473684210527,0.20521172638436483,0.3289817232375979,0.12204804806330131,0.41944444444444445,0.9736842105263158,0.32599118942731276,0.4884488448844885,2,153
intersection:baseline_balanced@0.45+thinking_recall_v1@0.35+latent_candidate_v3@0.3,76,0.25333333333333335,0.8289473684210527,0.20521172638436483,0.3289817232375979,0.12204804806330131,0.41944444444444445,0.9736842105263158,0.32599118942731276,0.4884488448844885,2,153
intersection:baseline_balanced@0.45+thinking_recall_v1@0.35+latent_candidate_v3@0.35,76,0.25333333333333335,0.8289473684210527,0.20521172638436483,0.3289817232375979,0.12204804806330131,0.41944444444444445,0.9736842105263158,0.32599118942731276,0.4884488448844885,2,153
intersection:baseline_balanced@0.45+thinking_recall_v1@0.35+latent_candidate_v3@0.45,76,0.25333333333333335,0.8289473684210527,0.20521172638436483,0.3289817232375979,0.12204804806330131,0.41944444444444445,0.9736842105263158,0.32599118942731276,0.4884488448844885,2,153
intersection:baseline_balanced@0.45+thinking_recall_v1@0.35+latent_candidate_v3@0.6,76,0.25333333333333335,0.8289473684210527,0.20521172638436483,0.3289817232375979,0.12204804806330131,0.41944444444444445,0.9736842105263158,0.32599118942731276,0.4884488448844885,2,153
intersection:baseline_balanced@0.45+thinking_recall_v1@0.45+latent_candidate_v3@0.1,76,0.25333333333333335,0.8289473684210527,0.20521172638436483,0.3289817232375979,0.12204804806330131,0.41944444444444445,0.9736842105263158,0.32599118942731276,0.4884488448844885,2,153
intersection:baseline_balanced@0.45+thinking_recall_v1@0.45+latent_candidate_v3@0.3,76,0.25333333333333335,0.8289473684210527,0.20521172638436483,0.3289817232375979,0.12204804806330131,0.41944444444444445,0.9736842105263158,0.32599118942731276,0.4884488448844885,2,153
intersection:baseline_balanced@0.45+thinking_recall_v1@0.45+latent_candidate_v3@0.35,76,0.25333333333333335,0.8289473684210527,0.20521172638436483,0.3289817232375979,0.12204804806330131,0.41944444444444445,0.9736842105263158,0.32599118942731276,0.4884488448844885,2,153
intersection:baseline_balanced@0.45+thinking_recall_v1@0.45+latent_candidate_v3@0.45,76,0.25333333333333335,0.8289473684210527,0.20521172638436483,0.3289817232375979,0.12204804806330131,0.41944444444444445,0.9736842105263158,0.32599118942731276,0.4884488448844885,2,153
intersection:baseline_balanced@0.45+thinking_recall_v1@0.45+latent_candidate_v3@0.6,76,0.25333333333333335,0.8289473684210527,0.20521172638436483,0.3289817232375979,0.12204804806330131,0.41944444444444445,0.9736842105263158,0.32599118942731276,0.4884488448844885,2,153
intersection:baseline_balanced@0.45+thinking_recall_v1@0.6+latent_candidate_v3@0.1,76,0.25333333333333335,0.8289473684210527,0.20521172638436483,0.3289817232375979,0.12204804806330131,0.41944444444444445,0.9736842105263158,0.32599118942731276,0.4884488448844885,2,153
intersection:baseline_balanced@0.45+thinking_recall_v1@0.6+latent_candidate_v3@0.3,76,0.25333333333333335,0.8289473684210527,0.20521172638436483,0.3289817232375979,0.12204804806330131,0.41944444444444445,0.9736842105263158,0.32599118942731276,0.4884488448844885,2,153
intersection:baseline_balanced@0.45+thinking_recall_v1@0.6+latent_candidate_v3@0.35,76,0.25333333333333335,0.8289473684210527,0.20521172638436483,0.3289817232375979,0.12204804806330131,0.41944444444444445,0.9736842105263158,0.32599118942731276,0.4884488448844885,2,153
intersection:baseline_balanced@0.45+thinking_recall_v1@0.6+latent_candidate_v3@0.45,76,0.25333333333333335,0.8289473684210527,0.20521172638436483,0.3289817232375979,0.12204804806330131,0.41944444444444445,0.9736842105263158,0.32599118942731276,0.4884488448844885,2,153
intersection:baseline_balanced@0.45+thinking_recall_v1@0.6+latent_candidate_v3@0.6,76,0.25333333333333335,0.8289473684210527,0.20521172638436483,0.3289817232375979,0.12204804806330131,0.41944444444444445,0.9736842105263158,0.32599118942731276,0.4884488448844885,2,153
intersection:baseline_balanced@0.6+thinking_recall_v1@0.35+latent_candidate_v3@0.1,76,0.25333333333333335,0.8289473684210527,0.20521172638436483,0.3289817232375979,0.12204804806330131,0.41944444444444445,0.9736842105263158,0.32599118942731276,0.4884488448844885,2,153
intersection:baseline_balanced@0.6+thinking_recall_v1@0.35+latent_candidate_v3@0.3,76,0.25333333333333335,0.8289473684210527,0.20521172638436483,0.3289817232375979,0.12204804806330131,0.41944444444444445,0.9736842105263158,0.32599118942731276,0.4884488448844885,2,153
intersection:baseline_balanced@0.6+thinking_recall_v1@0.35+latent_candidate_v3@0.35,76,0.25333333333333335,0.8289473684210527,0.20521172638436483,0.3289817232375979,0.12204804806330131,0.41944444444444445,0.9736842105263158,0.32599118942731276,0.4884488448844885,2,153
intersection:baseline_balanced@0.6+thinking_recall_v1@0.35+latent_candidate_v3@0.45,76,0.25333333333333335,0.8289473684210527,0.20521172638436483,0.3289817232375979,0.12204804806330131,0.41944444444444445,0.9736842105263158,0.32599118942731276,0.4884488448844885,2,153
intersection:baseline_balanced@0.6+thinking_recall_v1@0.35+latent_candidate_v3@0.6,76,0.25333333333333335,0.8289473684210527,0.20521172638436483,0.3289817232375979,0.12204804806330131,0.41944444444444445,0.9736842105263158,0.32599118942731276,0.4884488448844885,2,153
intersection:baseline_balanced@0.6+thinking_recall_v1@0.45+latent_candidate_v3@0.1,76,0.25333333333333335,0.8289473684210527,0.20521172638436483,0.3289817232375979,0.12204804806330131,0.41944444444444445,0.9736842105263158,0.32599118942731276,0.4884488448844885,2,153
intersection:baseline_balanced@0.6+thinking_recall_v1@0.45+latent_candidate_v3@0.3,76,0.25333333333333335,0.8289473684210527,0.20521172638436483,0.3289817232375979,0.12204804806330131,0.41944444444444445,0.9736842105263158,0.32599118942731276,0.4884488448844885,2,153
intersection:baseline_balanced@0.6+thinking_recall_v1@0.45+latent_candidate_v3@0.35,76,0.25333333333333335,0.8289473684210527,0.20521172638436483,0.3289817232375979,0.12204804806330131,0.41944444444444445,0.9736842105263158,0.32599118942731276,0.4884488448844885,2,153
intersection:baseline_balanced@0.6+thinking_recall_v1@0.45+latent_candidate_v3@0.45,76,0.25333333333333335,0.8289473684210527,0.20521172638436483,0.3289817232375979,0.12204804806330131,0.41944444444444445,0.9736842105263158,0.32599118942731276,0.4884488448844885,2,153
intersection:baseline_balanced@0.6+thinking_recall_v1@0.45+latent_candidate_v3@0.6,76,0.25333333333333335,0.8289473684210527,0.20521172638436483,0.3289817232375979,0.12204804806330131,0.41944444444444445,0.9736842105263158,0.32599118942731276,0.4884488448844885,2,153
intersection:baseline_balanced@0.6+thinking_recall_v1@0.6+latent_candidate_v3@0.1,76,0.25333333333333335,0.8289473684210527,0.20521172638436483,0.3289817232375979,0.12204804806330131,0.41944444444444445,0.9736842105263158,0.32599118942731276,0.4884488448844885,2,153
intersection:baseline_balanced@0.6+thinking_recall_v1@0.6+latent_candidate_v3@0.3,76,0.25333333333333335,0.8289473684210527,0.20521172638436483,0.3289817232375979,0.12204804806330131,0.41944444444444445,0.9736842105263158,0.32599118942731276,0.4884488448844885,2,153
intersection:baseline_balanced@0.6+thinking_recall_v1@0.6+latent_candidate_v3@0.35,76,0.25333333333333335,0.8289473684210527,0.20521172638436483,0.3289817232375979,0.12204804806330131,0.41944444444444445,0.9736842105263158,0.32599118942731276,0.4884488448844885,2,153
intersection:baseline_balanced@0.6+thinking_recall_v1@0.6+latent_candidate_v3@0.45,76,0.25333333333333335,0.8289473684210527,0.20521172638436483,0.3289817232375979,0.12204804806330131,0.41944444444444445,0.9736842105263158,0.32599118942731276,0.4884488448844885,2,153
intersection:baseline_balanced@0.6+thinking_recall_v1@0.6+latent_candidate_v3@0.6,76,0.25333333333333335,0.8289473684210527,0.20521172638436483,0.3289817232375979,0.12204804806330131,0.41944444444444445,0.9736842105263158,0.32599118942731276,0.4884488448844885,2,153
intersection:baseline_balanced@0.1+thinking_recall_v1@0.1+grouped_event@0.1,104,0.3466666666666667,0.6442307692307693,0.2182410423452769,0.3260340632603406,0.11096471639729423,0.40166666666666667,0.9117647058823529,0.40969162995594716,0.5653495440729484,9,134
intersection:baseline_balanced@0.1+thinking_recall_v1@0.1+grouped_event@0.3,104,0.3466666666666667,0.6442307692307693,0.2182410423452769,0.3260340632603406,0.11096471639729423,0.40166666666666667,0.9117647058823529,0.40969162995594716,0.5653495440729484,9,134
intersection:baseline_balanced@0.1+thinking_recall_v1@0.3+grouped_event@0.1,104,0.3466666666666667,0.6442307692307693,0.2182410423452769,0.3260340632603406,0.11096471639729423,0.40166666666666667,0.9117647058823529,0.40969162995594716,0.5653495440729484,9,134
intersection:baseline_balanced@0.1+thinking_recall_v1@0.3+grouped_event@0.3,104,0.3466666666666667,0.6442307692307693,0.2182410423452769,0.3260340632603406,0.11096471639729423,0.40166666666666667,0.9117647058823529,0.40969162995594716,0.5653495440729484,9,134
intersection:baseline_balanced@0.3+thinking_recall_v1@0.1+grouped_event@0.1,104,0.3466666666666667,0.6442307692307693,0.2182410423452769,0.3260340632603406,0.11096471639729423,0.40166666666666667,0.9117647058823529,0.40969162995594716,0.5653495440729484,9,134
intersection:baseline_balanced@0.3+thinking_recall_v1@0.1+grouped_event@0.3,104,0.3466666666666667,0.6442307692307693,0.2182410423452769,0.3260340632603406,0.11096471639729423,0.40166666666666667,0.9117647058823529,0.40969162995594716,0.5653495440729484,9,134
intersection:baseline_balanced@0.3+thinking_recall_v1@0.3+grouped_event@0.1,104,0.3466666666666667,0.6442307692307693,0.2182410423452769,0.3260340632603406,0.11096471639729423,0.40166666666666667,0.9117647058823529,0.40969162995594716,0.5653495440729484,9,134
intersection:baseline_balanced@0.3+thinking_recall_v1@0.3+grouped_event@0.3,104,0.3466666666666667,0.6442307692307693,0.2182410423452769,0.3260340632603406,0.11096471639729423,0.40166666666666667,0.9117647058823529,0.40969162995594716,0.5653495440729484,9,134
intersection:baseline_balanced@0.1+thinking_recall_v1@0.35+grouped_event@0.1,76,0.25333333333333335,0.7763157894736842,0.19218241042345277,0.30809399477806787,0.11505875914845767,0.3972222222222222,0.96,0.31718061674008813,0.4768211920529801,3,155
intersection:baseline_balanced@0.1+thinking_recall_v1@0.35+grouped_event@0.3,76,0.25333333333333335,0.7763157894736842,0.19218241042345277,0.30809399477806787,0.11505875914845767,0.3972222222222222,0.96,0.31718061674008813,0.4768211920529801,3,155
intersection:baseline_balanced@0.1+thinking_recall_v1@0.45+grouped_event@0.1,76,0.25333333333333335,0.7763157894736842,0.19218241042345277,0.30809399477806787,0.11505875914845767,0.3972222222222222,0.96,0.31718061674008813,0.4768211920529801,3,155
intersection:baseline_balanced@0.1+thinking_recall_v1@0.45+grouped_event@0.3,76,0.25333333333333335,0.7763157894736842,0.19218241042345277,0.30809399477806787,0.11505875914845767,0.3972222222222222,0.96,0.31718061674008813,0.4768211920529801,3,155
intersection:baseline_balanced@0.1+thinking_recall_v1@0.6+grouped_event@0.1,76,0.25333333333333335,0.7763157894736842,0.19218241042345277,0.30809399477806787,0.11505875914845767,0.3972222222222222,0.96,0.31718061674008813,0.4768211920529801,3,155
intersection:baseline_balanced@0.1+thinking_recall_v1@0.6+grouped_event@0.3,76,0.25333333333333335,0.7763157894736842,0.19218241042345277,0.30809399477806787,0.11505875914845767,0.3972222222222222,0.96,0.31718061674008813,0.4768211920529801,3,155
intersection:baseline_balanced@0.3+thinking_recall_v1@0.35+grouped_event@0.1,76,0.25333333333333335,0.7763157894736842,0.19218241042345277,0.30809399477806787,0.11505875914845767,0.3972222222222222,0.96,0.31718061674008813,0.4768211920529801,3,155
intersection:baseline_balanced@0.3+thinking_recall_v1@0.35+grouped_event@0.3,76,0.25333333333333335,0.7763157894736842,0.19218241042345277,0.30809399477806787,0.11505875914845767,0.3972222222222222,0.96,0.31718061674008813,0.4768211920529801,3,155
intersection:baseline_balanced@0.3+thinking_recall_v1@0.45+grouped_event@0.1,76,0.25333333333333335,0.7763157894736842,0.19218241042345277,0.30809399477806787,0.11505875914845767,0.3972222222222222,0.96,0.31718061674008813,0.4768211920529801,3,155
intersection:baseline_balanced@0.3+thinking_recall_v1@0.45+grouped_event@0.3,76,0.25333333333333335,0.7763157894736842,0.19218241042345277,0.30809399477806787,0.11505875914845767,0.3972222222222222,0.96,0.31718061674008813,0.4768211920529801,3,155
intersection:baseline_balanced@0.3+thinking_recall_v1@0.6+grouped_event@0.1,76,0.25333333333333335,0.7763157894736842,0.19218241042345277,0.30809399477806787,0.11505875914845767,0.3972222222222222,0.96,0.31718061674008813,0.4768211920529801,3,155
intersection:baseline_balanced@0.3+thinking_recall_v1@0.6+grouped_event@0.3,76,0.25333333333333335,0.7763157894736842,0.19218241042345277,0.30809399477806787,0.11505875914845767,0.3972222222222222,0.96,0.31718061674008813,0.4768211920529801,3,155
intersection:baseline_balanced@0.35+grouped_event@0.1+latent_candidate_v3@0.1,76,0.25333333333333335,0.7631578947368421,0.18892508143322476,0.3028720626631854,0.1891639386071533,0.39944444444444444,0.9736842105263158,0.32599118942731276,0.4884488448844885,2,153
intersection:baseline_balanced@0.35+grouped_event@0.1+latent_candidate_v3@0.3,76,0.25333333333333335,0.7631578947368421,0.18892508143322476,0.3028720626631854,0.1891639386071533,0.39944444444444444,0.9736842105263158,0.32599118942731276,0.4884488448844885,2,153
intersection:baseline_balanced@0.35+grouped_event@0.1+latent_candidate_v3@0.35,76,0.25333333333333335,0.7631578947368421,0.18892508143322476,0.3028720626631854,0.1891639386071533,0.39944444444444444,0.9736842105263158,0.32599118942731276,0.4884488448844885,2,153
intersection:baseline_balanced@0.35+grouped_event@0.1+latent_candidate_v3@0.45,76,0.25333333333333335,0.7631578947368421,0.18892508143322476,0.3028720626631854,0.1891639386071533,0.39944444444444444,0.9736842105263158,0.32599118942731276,0.4884488448844885,2,153
intersection:baseline_balanced@0.35+grouped_event@0.1+latent_candidate_v3@0.6,76,0.25333333333333335,0.7631578947368421,0.18892508143322476,0.3028720626631854,0.1891639386071533,0.39944444444444444,0.9736842105263158,0.32599118942731276,0.4884488448844885,2,153
intersection:baseline_balanced@0.35+grouped_event@0.3+latent_candidate_v3@0.1,76,0.25333333333333335,0.7631578947368421,0.18892508143322476,0.3028720626631854,0.1891639386071533,0.39944444444444444,0.9736842105263158,0.32599118942731276,0.4884488448844885,2,153
intersection:baseline_balanced@0.35+grouped_event@0.3+latent_candidate_v3@0.3,76,0.25333333333333335,0.7631578947368421,0.18892508143322476,0.3028720626631854,0.1891639386071533,0.39944444444444444,0.9736842105263158,0.32599118942731276,0.4884488448844885,2,153
intersection:baseline_balanced@0.35+grouped_event@0.3+latent_candidate_v3@0.35,76,0.25333333333333335,0.7631578947368421,0.18892508143322476,0.3028720626631854,0.1891639386071533,0.39944444444444444,0.9736842105263158,0.32599118942731276,0.4884488448844885,2,153
intersection:baseline_balanced@0.35+grouped_event@0.3+latent_candidate_v3@0.45,76,0.25333333333333335,0.7631578947368421,0.18892508143322476,0.3028720626631854,0.1891639386071533,0.39944444444444444,0.9736842105263158,0.32599118942731276,0.4884488448844885,2,153
intersection:baseline_balanced@0.35+grouped_event@0.3+latent_candidate_v3@0.6,76,0.25333333333333335,0.7631578947368421,0.18892508143322476,0.3028720626631854,0.1891639386071533,0.39944444444444444,0.9736842105263158,0.32599118942731276,0.4884488448844885,2,153
intersection:baseline_balanced@0.45+grouped_event@0.1+latent_candidate_v3@0.1,76,0.25333333333333335,0.7631578947368421,0.18892508143322476,0.3028720626631854,0.1891639386071533,0.39944444444444444,0.9736842105263158,0.32599118942731276,0.4884488448844885,2,153
intersection:baseline_balanced@0.45+grouped_event@0.1+latent_candidate_v3@0.3,76,0.25333333333333335,0.7631578947368421,0.18892508143322476,0.3028720626631854,0.1891639386071533,0.39944444444444444,0.9736842105263158,0.32599118942731276,0.4884488448844885,2,153
intersection:baseline_balanced@0.45+grouped_event@0.1+latent_candidate_v3@0.35,76,0.25333333333333335,0.7631578947368421,0.18892508143322476,0.3028720626631854,0.1891639386071533,0.39944444444444444,0.9736842105263158,0.32599118942731276,0.4884488448844885,2,153
intersection:baseline_balanced@0.45+grouped_event@0.1+latent_candidate_v3@0.45,76,0.25333333333333335,0.7631578947368421,0.18892508143322476,0.3028720626631854,0.1891639386071533,0.39944444444444444,0.9736842105263158,0.32599118942731276,0.4884488448844885,2,153
intersection:baseline_balanced@0.45+grouped_event@0.1+latent_candidate_v3@0.6,76,0.25333333333333335,0.7631578947368421,0.18892508143322476,0.3028720626631854,0.1891639386071533,0.39944444444444444,0.9736842105263158,0.32599118942731276,0.4884488448844885,2,153
intersection:baseline_balanced@0.45+grouped_event@0.3+latent_candidate_v3@0.1,76,0.25333333333333335,0.7631578947368421,0.18892508143322476,0.3028720626631854,0.1891639386071533,0.39944444444444444,0.9736842105263158,0.32599118942731276,0.4884488448844885,2,153
intersection:baseline_balanced@0.45+grouped_event@0.3+latent_candidate_v3@0.3,76,0.25333333333333335,0.7631578947368421,0.18892508143322476,0.3028720626631854,0.1891639386071533,0.39944444444444444,0.9736842105263158,0.32599118942731276,0.4884488448844885,2,153
intersection:baseline_balanced@0.45+grouped_event@0.3+latent_candidate_v3@0.35,76,0.25333333333333335,0.7631578947368421,0.18892508143322476,0.3028720626631854,0.1891639386071533,0.39944444444444444,0.9736842105263158,0.32599118942731276,0.4884488448844885,2,153
intersection:baseline_balanced@0.45+grouped_event@0.3+latent_candidate_v3@0.45,76,0.25333333333333335,0.7631578947368421,0.18892508143322476,0.3028720626631854,0.1891639386071533,0.39944444444444444,0.9736842105263158,0.32599118942731276,0.4884488448844885,2,153
intersection:baseline_balanced@0.45+grouped_event@0.3+latent_candidate_v3@0.6,76,0.25333333333333335,0.7631578947368421,0.18892508143322476,0.3028720626631854,0.1891639386071533,0.39944444444444444,0.9736842105263158,0.32599118942731276,0.4884488448844885,2,153
intersection:baseline_balanced@0.6+grouped_event@0.1+latent_candidate_v3@0.1,76,0.25333333333333335,0.7631578947368421,0.18892508143322476,0.3028720626631854,0.1891639386071533,0.39944444444444444,0.9736842105263158,0.32599118942731276,0.4884488448844885,2,153
intersection:baseline_balanced@0.6+grouped_event@0.1+latent_candidate_v3@0.3,76,0.25333333333333335,0.7631578947368421,0.18892508143322476,0.3028720626631854,0.1891639386071533,0.39944444444444444,0.9736842105263158,0.32599118942731276,0.4884488448844885,2,153
intersection:baseline_balanced@0.6+grouped_event@0.1+latent_candidate_v3@0.35,76,0.25333333333333335,0.7631578947368421,0.18892508143322476,0.3028720626631854,0.1891639386071533,0.39944444444444444,0.9736842105263158,0.32599118942731276,0.4884488448844885,2,153
intersection:baseline_balanced@0.6+grouped_event@0.1+latent_candidate_v3@0.45,76,0.25333333333333335,0.7631578947368421,0.18892508143322476,0.3028720626631854,0.1891639386071533,0.39944444444444444,0.9736842105263158,0.32599118942731276,0.4884488448844885,2,153
intersection:baseline_balanced@0.6+grouped_event@0.1+latent_candidate_v3@0.6,76,0.25333333333333335,0.7631578947368421,0.18892508143322476,0.3028720626631854,0.1891639386071533,0.39944444444444444,0.9736842105263158,0.32599118942731276,0.4884488448844885,2,153
intersection:baseline_balanced@0.6+grouped_event@0.3+latent_candidate_v3@0.1,76,0.25333333333333335,0.7631578947368421,0.18892508143322476,0.3028720626631854,0.1891639386071533,0.39944444444444444,0.9736842105263158,0.32599118942731276,0.4884488448844885,2,153
intersection:baseline_balanced@0.6+grouped_event@0.3+latent_candidate_v3@0.3,76,0.25333333333333335,0.7631578947368421,0.18892508143322476,0.3028720626631854,0.1891639386071533,0.39944444444444444,0.9736842105263158,0.32599118942731276,0.4884488448844885,2,153
intersection:baseline_balanced@0.6+grouped_event@0.3+latent_candidate_v3@0.35,76,0.25333333333333335,0.7631578947368421,0.18892508143322476,0.3028720626631854,0.1891639386071533,0.39944444444444444,0.9736842105263158,0.32599118942731276,0.4884488448844885,2,153
intersection:baseline_balanced@0.6+grouped_event@0.3+latent_candidate_v3@0.45,76,0.25333333333333335,0.7631578947368421,0.18892508143322476,0.3028720626631854,0.1891639386071533,0.39944444444444444,0.9736842105263158,0.32599118942731276,0.4884488448844885,2,153
intersection:baseline_balanced@0.6+grouped_event@0.3+latent_candidate_v3@0.6,76,0.25333333333333335,0.7631578947368421,0.18892508143322476,0.3028720626631854,0.1891639386071533,0.39944444444444444,0.9736842105263158,0.32599118942731276,0.4884488448844885,2,153
intersection:baseline_balanced@0.1+thinking_recall_v1@0.1+grouped_event@0.1+latent_candidate_v3@0.1,89,0.2966666666666667,0.6629213483146067,0.19218241042345277,0.29797979797979796,0.10597987236280992,0.39055555555555554,0.9318181818181818,0.36123348017621143,0.5206349206349207,6,145
intersection:baseline_balanced@0.1+thinking_recall_v1@0.1+grouped_event@0.1+latent_candidate_v3@0.3,89,0.2966666666666667,0.6629213483146067,0.19218241042345277,0.29797979797979796,0.10597987236280992,0.39055555555555554,0.9318181818181818,0.36123348017621143,0.5206349206349207,6,145
intersection:baseline_balanced@0.1+thinking_recall_v1@0.1+grouped_event@0.3+latent_candidate_v3@0.1,89,0.2966666666666667,0.6629213483146067,0.19218241042345277,0.29797979797979796,0.10597987236280992,0.39055555555555554,0.9318181818181818,0.36123348017621143,0.5206349206349207,6,145
intersection:baseline_balanced@0.1+thinking_recall_v1@0.1+grouped_event@0.3+latent_candidate_v3@0.3,89,0.2966666666666667,0.6629213483146067,0.19218241042345277,0.29797979797979796,0.10597987236280992,0.39055555555555554,0.9318181818181818,0.36123348017621143,0.5206349206349207,6,145
intersection:baseline_balanced@0.1+thinking_recall_v1@0.3+grouped_event@0.1+latent_candidate_v3@0.1,89,0.2966666666666667,0.6629213483146067,0.19218241042345277,0.29797979797979796,0.10597987236280992,0.39055555555555554,0.9318181818181818,0.36123348017621143,0.5206349206349207,6,145
intersection:baseline_balanced@0.1+thinking_recall_v1@0.3+grouped_event@0.1+latent_candidate_v3@0.3,89,0.2966666666666667,0.6629213483146067,0.19218241042345277,0.29797979797979796,0.10597987236280992,0.39055555555555554,0.9318181818181818,0.36123348017621143,0.5206349206349207,6,145
intersection:baseline_balanced@0.1+thinking_recall_v1@0.3+grouped_event@0.3+latent_candidate_v3@0.1,89,0.2966666666666667,0.6629213483146067,0.19218241042345277,0.29797979797979796,0.10597987236280992,0.39055555555555554,0.9318181818181818,0.36123348017621143,0.5206349206349207,6,145
intersection:baseline_balanced@0.1+thinking_recall_v1@0.3+grouped_event@0.3+latent_candidate_v3@0.3,89,0.2966666666666667,0.6629213483146067,0.19218241042345277,0.29797979797979796,0.10597987236280992,0.39055555555555554,0.9318181818181818,0.36123348017621143,0.5206349206349207,6,145
intersection:baseline_balanced@0.3+thinking_recall_v1@0.1+grouped_event@0.1+latent_candidate_v3@0.1,89,0.2966666666666667,0.6629213483146067,0.19218241042345277,0.29797979797979796,0.10597987236280992,0.39055555555555554,0.9318181818181818,0.36123348017621143,0.5206349206349207,6,145
intersection:baseline_balanced@0.3+thinking_recall_v1@0.1+grouped_event@0.1+latent_candidate_v3@0.3,89,0.2966666666666667,0.6629213483146067,0.19218241042345277,0.29797979797979796,0.10597987236280992,0.39055555555555554,0.9318181818181818,0.36123348017621143,0.5206349206349207,6,145
intersection:baseline_balanced@0.3+thinking_recall_v1@0.1+grouped_event@0.3+latent_candidate_v3@0.1,89,0.2966666666666667,0.6629213483146067,0.19218241042345277,0.29797979797979796,0.10597987236280992,0.39055555555555554,0.9318181818181818,0.36123348017621143,0.5206349206349207,6,145
intersection:baseline_balanced@0.3+thinking_recall_v1@0.1+grouped_event@0.3+latent_candidate_v3@0.3,89,0.2966666666666667,0.6629213483146067,0.19218241042345277,0.29797979797979796,0.10597987236280992,0.39055555555555554,0.9318181818181818,0.36123348017621143,0.5206349206349207,6,145
intersection:baseline_balanced@0.3+thinking_recall_v1@0.3+grouped_event@0.1+latent_candidate_v3@0.1,89,0.2966666666666667,0.6629213483146067,0.19218241042345277,0.29797979797979796,0.10597987236280992,0.39055555555555554,0.9318181818181818,0.36123348017621143,0.5206349206349207,6,145
intersection:baseline_balanced@0.3+thinking_recall_v1@0.3+grouped_event@0.1+latent_candidate_v3@0.3,89,0.2966666666666667,0.6629213483146067,0.19218241042345277,0.29797979797979796,0.10597987236280992,0.39055555555555554,0.9318181818181818,0.36123348017621143,0.5206349206349207,6,145
intersection:baseline_balanced@0.3+thinking_recall_v1@0.3+grouped_event@0.3+latent_candidate_v3@0.1,89,0.2966666666666667,0.6629213483146067,0.19218241042345277,0.29797979797979796,0.10597987236280992,0.39055555555555554,0.9318181818181818,0.36123348017621143,0.5206349206349207,6,145
intersection:baseline_balanced@0.3+thinking_recall_v1@0.3+grouped_event@0.3+latent_candidate_v3@0.3,89,0.2966666666666667,0.6629213483146067,0.19218241042345277,0.29797979797979796,0.10597987236280992,0.39055555555555554,0.9318181818181818,0.36123348017621143,0.5206349206349207,6,145
intersection:baseline_balanced@0.1+thinking_recall_v1@0.1+grouped_event@0.1+latent_candidate_v3@0.35,87,0.29,0.6666666666666666,0.18892508143322476,0.29441624365482233,0.1051469016471335,0.3872222222222222,0.9302325581395349,0.3524229074889868,0.5111821086261981,6,147
intersection:baseline_balanced@0.1+thinking_recall_v1@0.1+grouped_event@0.1+latent_candidate_v3@0.45,87,0.29,0.6666666666666666,0.18892508143322476,0.29441624365482233,0.1051469016471335,0.3872222222222222,0.9302325581395349,0.3524229074889868,0.5111821086261981,6,147
intersection:baseline_balanced@0.1+thinking_recall_v1@0.1+grouped_event@0.1+latent_candidate_v3@0.6,87,0.29,0.6666666666666666,0.18892508143322476,0.29441624365482233,0.1051469016471335,0.3872222222222222,0.9302325581395349,0.3524229074889868,0.5111821086261981,6,147
intersection:baseline_balanced@0.1+thinking_recall_v1@0.1+grouped_event@0.3+latent_candidate_v3@0.35,87,0.29,0.6666666666666666,0.18892508143322476,0.29441624365482233,0.1051469016471335,0.3872222222222222,0.9302325581395349,0.3524229074889868,0.5111821086261981,6,147
intersection:baseline_balanced@0.1+thinking_recall_v1@0.1+grouped_event@0.3+latent_candidate_v3@0.45,87,0.29,0.6666666666666666,0.18892508143322476,0.29441624365482233,0.1051469016471335,0.3872222222222222,0.9302325581395349,0.3524229074889868,0.5111821086261981,6,147
intersection:baseline_balanced@0.1+thinking_recall_v1@0.1+grouped_event@0.3+latent_candidate_v3@0.6,87,0.29,0.6666666666666666,0.18892508143322476,0.29441624365482233,0.1051469016471335,0.3872222222222222,0.9302325581395349,0.3524229074889868,0.5111821086261981,6,147
intersection:baseline_balanced@0.1+thinking_recall_v1@0.3+grouped_event@0.1+latent_candidate_v3@0.35,87,0.29,0.6666666666666666,0.18892508143322476,0.29441624365482233,0.1051469016471335,0.3872222222222222,0.9302325581395349,0.3524229074889868,0.5111821086261981,6,147
intersection:baseline_balanced@0.1+thinking_recall_v1@0.3+grouped_event@0.1+latent_candidate_v3@0.45,87,0.29,0.6666666666666666,0.18892508143322476,0.29441624365482233,0.1051469016471335,0.3872222222222222,0.9302325581395349,0.3524229074889868,0.5111821086261981,6,147
intersection:baseline_balanced@0.1+thinking_recall_v1@0.3+grouped_event@0.1+latent_candidate_v3@0.6,87,0.29,0.6666666666666666,0.18892508143322476,0.29441624365482233,0.1051469016471335,0.3872222222222222,0.9302325581395349,0.3524229074889868,0.5111821086261981,6,147
intersection:baseline_balanced@0.1+thinking_recall_v1@0.3+grouped_event@0.3+latent_candidate_v3@0.35,87,0.29,0.6666666666666666,0.18892508143322476,0.29441624365482233,0.1051469016471335,0.3872222222222222,0.9302325581395349,0.3524229074889868,0.5111821086261981,6,147
intersection:baseline_balanced@0.1+thinking_recall_v1@0.3+grouped_event@0.3+latent_candidate_v3@0.45,87,0.29,0.6666666666666666,0.18892508143322476,0.29441624365482233,0.1051469016471335,0.3872222222222222,0.9302325581395349,0.3524229074889868,0.5111821086261981,6,147
intersection:baseline_balanced@0.1+thinking_recall_v1@0.3+grouped_event@0.3+latent_candidate_v3@0.6,87,0.29,0.6666666666666666,0.18892508143322476,0.29441624365482233,0.1051469016471335,0.3872222222222222,0.9302325581395349,0.3524229074889868,0.5111821086261981,6,147
intersection:baseline_balanced@0.3+thinking_recall_v1@0.1+grouped_event@0.1+latent_candidate_v3@0.35,87,0.29,0.6666666666666666,0.18892508143322476,0.29441624365482233,0.1051469016471335,0.3872222222222222,0.9302325581395349,0.3524229074889868,0.5111821086261981,6,147
intersection:baseline_balanced@0.3+thinking_recall_v1@0.1+grouped_event@0.1+latent_candidate_v3@0.45,87,0.29,0.6666666666666666,0.18892508143322476,0.29441624365482233,0.1051469016471335,0.3872222222222222,0.9302325581395349,0.3524229074889868,0.5111821086261981,6,147
intersection:baseline_balanced@0.3+thinking_recall_v1@0.1+grouped_event@0.1+latent_candidate_v3@0.6,87,0.29,0.6666666666666666,0.18892508143322476,0.29441624365482233,0.1051469016471335,0.3872222222222222,0.9302325581395349,0.3524229074889868,0.5111821086261981,6,147
intersection:baseline_balanced@0.3+thinking_recall_v1@0.1+grouped_event@0.3+latent_candidate_v3@0.35,87,0.29,0.6666666666666666,0.18892508143322476,0.29441624365482233,0.1051469016471335,0.3872222222222222,0.9302325581395349,0.3524229074889868,0.5111821086261981,6,147
intersection:baseline_balanced@0.3+thinking_recall_v1@0.1+grouped_event@0.3+latent_candidate_v3@0.45,87,0.29,0.6666666666666666,0.18892508143322476,0.29441624365482233,0.1051469016471335,0.3872222222222222,0.9302325581395349,0.3524229074889868,0.5111821086261981,6,147
intersection:baseline_balanced@0.3+thinking_recall_v1@0.1+grouped_event@0.3+latent_candidate_v3@0.6,87,0.29,0.6666666666666666,0.18892508143322476,0.29441624365482233,0.1051469016471335,0.3872222222222222,0.9302325581395349,0.3524229074889868,0.5111821086261981,6,147
intersection:baseline_balanced@0.3+thinking_recall_v1@0.3+grouped_event@0.1+latent_candidate_v3@0.35,87,0.29,0.6666666666666666,0.18892508143322476,0.29441624365482233,0.1051469016471335,0.3872222222222222,0.9302325581395349,0.3524229074889868,0.5111821086261981,6,147
intersection:baseline_balanced@0.3+thinking_recall_v1@0.3+grouped_event@0.1+latent_candidate_v3@0.45,87,0.29,0.6666666666666666,0.18892508143322476,0.29441624365482233,0.1051469016471335,0.3872222222222222,0.9302325581395349,0.3524229074889868,0.5111821086261981,6,147
intersection:baseline_balanced@0.3+thinking_recall_v1@0.3+grouped_event@0.1+latent_candidate_v3@0.6,87,0.29,0.6666666666666666,0.18892508143322476,0.29441624365482233,0.1051469016471335,0.3872222222222222,0.9302325581395349,0.3524229074889868,0.5111821086261981,6,147
intersection:baseline_balanced@0.3+thinking_recall_v1@0.3+grouped_event@0.3+latent_candidate_v3@0.35,87,0.29,0.6666666666666666,0.18892508143322476,0.29441624365482233,0.1051469016471335,0.3872222222222222,0.9302325581395349,0.3524229074889868,0.5111821086261981,6,147
intersection:baseline_balanced@0.3+thinking_recall_v1@0.3+grouped_event@0.3+latent_candidate_v3@0.45,87,0.29,0.6666666666666666,0.18892508143322476,0.29441624365482233,0.1051469016471335,0.3872222222222222,0.9302325581395349,0.3524229074889868,0.5111821086261981,6,147
intersection:baseline_balanced@0.3+thinking_recall_v1@0.3+grouped_event@0.3+latent_candidate_v3@0.6,87,0.29,0.6666666666666666,0.18892508143322476,0.29441624365482233,0.1051469016471335,0.3872222222222222,0.9302325581395349,0.3524229074889868,0.5111821086261981,6,147
intersection:baseline_balanced@0.35+thinking_recall_v1@0.1+grouped_event@0.1,66,0.22,0.8181818181818182,0.1758957654723127,0.289544235924933,0.09585830783531686,0.3927777777777778,0.9846153846153847,0.28193832599118945,0.4383561643835616,1,163
intersection:baseline_balanced@0.35+thinking_recall_v1@0.1+grouped_event@0.3,66,0.22,0.8181818181818182,0.1758957654723127,0.289544235924933,0.09585830783531686,0.3927777777777778,0.9846153846153847,0.28193832599118945,0.4383561643835616,1,163
intersection:baseline_balanced@0.35+thinking_recall_v1@0.3+grouped_event@0.1,66,0.22,0.8181818181818182,0.1758957654723127,0.289544235924933,0.09585830783531686,0.3927777777777778,0.9846153846153847,0.28193832599118945,0.4383561643835616,1,163
intersection:baseline_balanced@0.35+thinking_recall_v1@0.3+grouped_event@0.3,66,0.22,0.8181818181818182,0.1758957654723127,0.289544235924933,0.09585830783531686,0.3927777777777778,0.9846153846153847,0.28193832599118945,0.4383561643835616,1,163
intersection:baseline_balanced@0.45+thinking_recall_v1@0.1+grouped_event@0.1,66,0.22,0.8181818181818182,0.1758957654723127,0.289544235924933,0.09585830783531686,0.3927777777777778,0.9846153846153847,0.28193832599118945,0.4383561643835616,1,163
intersection:baseline_balanced@0.45+thinking_recall_v1@0.1+grouped_event@0.3,66,0.22,0.8181818181818182,0.1758957654723127,0.289544235924933,0.09585830783531686,0.3927777777777778,0.9846153846153847,0.28193832599118945,0.4383561643835616,1,163
intersection:baseline_balanced@0.45+thinking_recall_v1@0.3+grouped_event@0.1,66,0.22,0.8181818181818182,0.1758957654723127,0.289544235924933,0.09585830783531686,0.3927777777777778,0.9846153846153847,0.28193832599118945,0.4383561643835616,1,163
intersection:baseline_balanced@0.45+thinking_recall_v1@0.3+grouped_event@0.3,66,0.22,0.8181818181818182,0.1758957654723127,0.289544235924933,0.09585830783531686,0.3927777777777778,0.9846153846153847,0.28193832599118945,0.4383561643835616,1,163
intersection:baseline_balanced@0.6+thinking_recall_v1@0.1+grouped_event@0.1,66,0.22,0.8181818181818182,0.1758957654723127,0.289544235924933,0.09585830783531686,0.3927777777777778,0.9846153846153847,0.28193832599118945,0.4383561643835616,1,163
intersection:baseline_balanced@0.6+thinking_recall_v1@0.1+grouped_event@0.3,66,0.22,0.8181818181818182,0.1758957654723127,0.289544235924933,0.09585830783531686,0.3927777777777778,0.9846153846153847,0.28193832599118945,0.4383561643835616,1,163
intersection:baseline_balanced@0.6+thinking_recall_v1@0.3+grouped_event@0.1,66,0.22,0.8181818181818182,0.1758957654723127,0.289544235924933,0.09585830783531686,0.3927777777777778,0.9846153846153847,0.28193832599118945,0.4383561643835616,1,163
intersection:baseline_balanced@0.6+thinking_recall_v1@0.3+grouped_event@0.3,66,0.22,0.8181818181818182,0.1758957654723127,0.289544235924933,0.09585830783531686,0.3927777777777778,0.9846153846153847,0.28193832599118945,0.4383561643835616,1,163
intersection:baseline_balanced@0.1+thinking_recall_v1@0.35+grouped_event@0.1+latent_candidate_v3@0.1,68,0.22666666666666666,0.7941176470588235,0.1758957654723127,0.288,0.1111098774346108,0.3883333333333333,0.9705882352941176,0.2907488986784141,0.44745762711864406,2,161
intersection:baseline_balanced@0.1+thinking_recall_v1@0.35+grouped_event@0.1+latent_candidate_v3@0.3,68,0.22666666666666666,0.7941176470588235,0.1758957654723127,0.288,0.1111098774346108,0.3883333333333333,0.9705882352941176,0.2907488986784141,0.44745762711864406,2,161
intersection:baseline_balanced@0.1+thinking_recall_v1@0.35+grouped_event@0.3+latent_candidate_v3@0.1,68,0.22666666666666666,0.7941176470588235,0.1758957654723127,0.288,0.1111098774346108,0.3883333333333333,0.9705882352941176,0.2907488986784141,0.44745762711864406,2,161
intersection:baseline_balanced@0.1+thinking_recall_v1@0.35+grouped_event@0.3+latent_candidate_v3@0.3,68,0.22666666666666666,0.7941176470588235,0.1758957654723127,0.288,0.1111098774346108,0.3883333333333333,0.9705882352941176,0.2907488986784141,0.44745762711864406,2,161
intersection:baseline_balanced@0.1+thinking_recall_v1@0.45+grouped_event@0.1+latent_candidate_v3@0.1,68,0.22666666666666666,0.7941176470588235,0.1758957654723127,0.288,0.1111098774346108,0.3883333333333333,0.9705882352941176,0.2907488986784141,0.44745762711864406,2,161
intersection:baseline_balanced@0.1+thinking_recall_v1@0.45+grouped_event@0.1+latent_candidate_v3@0.3,68,0.22666666666666666,0.7941176470588235,0.1758957654723127,0.288,0.1111098774346108,0.3883333333333333,0.9705882352941176,0.2907488986784141,0.44745762711864406,2,161
intersection:baseline_balanced@0.1+thinking_recall_v1@0.45+grouped_event@0.3+latent_candidate_v3@0.1,68,0.22666666666666666,0.7941176470588235,0.1758957654723127,0.288,0.1111098774346108,0.3883333333333333,0.9705882352941176,0.2907488986784141,0.44745762711864406,2,161
intersection:baseline_balanced@0.1+thinking_recall_v1@0.45+grouped_event@0.3+latent_candidate_v3@0.3,68,0.22666666666666666,0.7941176470588235,0.1758957654723127,0.288,0.1111098774346108,0.3883333333333333,0.9705882352941176,0.2907488986784141,0.44745762711864406,2,161
intersection:baseline_balanced@0.1+thinking_recall_v1@0.6+grouped_event@0.1+latent_candidate_v3@0.1,68,0.22666666666666666,0.7941176470588235,0.1758957654723127,0.288,0.1111098774346108,0.3883333333333333,0.9705882352941176,0.2907488986784141,0.44745762711864406,2,161
intersection:baseline_balanced@0.1+thinking_recall_v1@0.6+grouped_event@0.1+latent_candidate_v3@0.3,68,0.22666666666666666,0.7941176470588235,0.1758957654723127,0.288,0.1111098774346108,0.3883333333333333,0.9705882352941176,0.2907488986784141,0.44745762711864406,2,161
intersection:baseline_balanced@0.1+thinking_recall_v1@0.6+grouped_event@0.3+latent_candidate_v3@0.1,68,0.22666666666666666,0.7941176470588235,0.1758957654723127,0.288,0.1111098774346108,0.3883333333333333,0.9705882352941176,0.2907488986784141,0.44745762711864406,2,161
intersection:baseline_balanced@0.1+thinking_recall_v1@0.6+grouped_event@0.3+latent_candidate_v3@0.3,68,0.22666666666666666,0.7941176470588235,0.1758957654723127,0.288,0.1111098774346108,0.3883333333333333,0.9705882352941176,0.2907488986784141,0.44745762711864406,2,161
intersection:baseline_balanced@0.3+thinking_recall_v1@0.35+grouped_event@0.1+latent_candidate_v3@0.1,68,0.22666666666666666,0.7941176470588235,0.1758957654723127,0.288,0.1111098774346108,0.3883333333333333,0.9705882352941176,0.2907488986784141,0.44745762711864406,2,161
intersection:baseline_balanced@0.3+thinking_recall_v1@0.35+grouped_event@0.1+latent_candidate_v3@0.3,68,0.22666666666666666,0.7941176470588235,0.1758957654723127,0.288,0.1111098774346108,0.3883333333333333,0.9705882352941176,0.2907488986784141,0.44745762711864406,2,161
intersection:baseline_balanced@0.3+thinking_recall_v1@0.35+grouped_event@0.3+latent_candidate_v3@0.1,68,0.22666666666666666,0.7941176470588235,0.1758957654723127,0.288,0.1111098774346108,0.3883333333333333,0.9705882352941176,0.2907488986784141,0.44745762711864406,2,161
intersection:baseline_balanced@0.3+thinking_recall_v1@0.35+grouped_event@0.3+latent_candidate_v3@0.3,68,0.22666666666666666,0.7941176470588235,0.1758957654723127,0.288,0.1111098774346108,0.3883333333333333,0.9705882352941176,0.2907488986784141,0.44745762711864406,2,161
intersection:baseline_balanced@0.3+thinking_recall_v1@0.45+grouped_event@0.1+latent_candidate_v3@0.1,68,0.22666666666666666,0.7941176470588235,0.1758957654723127,0.288,0.1111098774346108,0.3883333333333333,0.9705882352941176,0.2907488986784141,0.44745762711864406,2,161
intersection:baseline_balanced@0.3+thinking_recall_v1@0.45+grouped_event@0.1+latent_candidate_v3@0.3,68,0.22666666666666666,0.7941176470588235,0.1758957654723127,0.288,0.1111098774346108,0.3883333333333333,0.9705882352941176,0.2907488986784141,0.44745762711864406,2,161
intersection:baseline_balanced@0.3+thinking_recall_v1@0.45+grouped_event@0.3+latent_candidate_v3@0.1,68,0.22666666666666666,0.7941176470588235,0.1758957654723127,0.288,0.1111098774346108,0.3883333333333333,0.9705882352941176,0.2907488986784141,0.44745762711864406,2,161
intersection:baseline_balanced@0.3+thinking_recall_v1@0.45+grouped_event@0.3+latent_candidate_v3@0.3,68,0.22666666666666666,0.7941176470588235,0.1758957654723127,0.288,0.1111098774346108,0.3883333333333333,0.9705882352941176,0.2907488986784141,0.44745762711864406,2,161
intersection:baseline_balanced@0.3+thinking_recall_v1@0.6+grouped_event@0.1+latent_candidate_v3@0.1,68,0.22666666666666666,0.7941176470588235,0.1758957654723127,0.288,0.1111098774346108,0.3883333333333333,0.9705882352941176,0.2907488986784141,0.44745762711864406,2,161
intersection:baseline_balanced@0.3+thinking_recall_v1@0.6+grouped_event@0.1+latent_candidate_v3@0.3,68,0.22666666666666666,0.7941176470588235,0.1758957654723127,0.288,0.1111098774346108,0.3883333333333333,0.9705882352941176,0.2907488986784141,0.44745762711864406,2,161
intersection:baseline_balanced@0.3+thinking_recall_v1@0.6+grouped_event@0.3+latent_candidate_v3@0.1,68,0.22666666666666666,0.7941176470588235,0.1758957654723127,0.288,0.1111098774346108,0.3883333333333333,0.9705882352941176,0.2907488986784141,0.44745762711864406,2,161
intersection:baseline_balanced@0.3+thinking_recall_v1@0.6+grouped_event@0.3+latent_candidate_v3@0.3,68,0.22666666666666666,0.7941176470588235,0.1758957654723127,0.288,0.1111098774346108,0.3883333333333333,0.9705882352941176,0.2907488986784141,0.44745762711864406,2,161
intersection:baseline_balanced@0.1+thinking_recall_v1@0.35+grouped_event@0.1+latent_candidate_v3@0.35,67,0.22333333333333333,0.7910447761194029,0.17263843648208468,0.28342245989304815,0.10963437084401469,0.385,0.9701492537313433,0.28634361233480177,0.4421768707482993,2,162
intersection:baseline_balanced@0.1+thinking_recall_v1@0.35+grouped_event@0.1+latent_candidate_v3@0.45,67,0.22333333333333333,0.7910447761194029,0.17263843648208468,0.28342245989304815,0.10963437084401469,0.385,0.9701492537313433,0.28634361233480177,0.4421768707482993,2,162
intersection:baseline_balanced@0.1+thinking_recall_v1@0.35+grouped_event@0.1+latent_candidate_v3@0.6,67,0.22333333333333333,0.7910447761194029,0.17263843648208468,0.28342245989304815,0.10963437084401469,0.385,0.9701492537313433,0.28634361233480177,0.4421768707482993,2,162
intersection:baseline_balanced@0.1+thinking_recall_v1@0.35+grouped_event@0.3+latent_candidate_v3@0.35,67,0.22333333333333333,0.7910447761194029,0.17263843648208468,0.28342245989304815,0.10963437084401469,0.385,0.9701492537313433,0.28634361233480177,0.4421768707482993,2,162
intersection:baseline_balanced@0.1+thinking_recall_v1@0.35+grouped_event@0.3+latent_candidate_v3@0.45,67,0.22333333333333333,0.7910447761194029,0.17263843648208468,0.28342245989304815,0.10963437084401469,0.385,0.9701492537313433,0.28634361233480177,0.4421768707482993,2,162
intersection:baseline_balanced@0.1+thinking_recall_v1@0.35+grouped_event@0.3+latent_candidate_v3@0.6,67,0.22333333333333333,0.7910447761194029,0.17263843648208468,0.28342245989304815,0.10963437084401469,0.385,0.9701492537313433,0.28634361233480177,0.4421768707482993,2,162
intersection:baseline_balanced@0.1+thinking_recall_v1@0.45+grouped_event@0.1+latent_candidate_v3@0.35,67,0.22333333333333333,0.7910447761194029,0.17263843648208468,0.28342245989304815,0.10963437084401469,0.385,0.9701492537313433,0.28634361233480177,0.4421768707482993,2,162
intersection:baseline_balanced@0.1+thinking_recall_v1@0.45+grouped_event@0.1+latent_candidate_v3@0.45,67,0.22333333333333333,0.7910447761194029,0.17263843648208468,0.28342245989304815,0.10963437084401469,0.385,0.9701492537313433,0.28634361233480177,0.4421768707482993,2,162
intersection:baseline_balanced@0.1+thinking_recall_v1@0.45+grouped_event@0.1+latent_candidate_v3@0.6,67,0.22333333333333333,0.7910447761194029,0.17263843648208468,0.28342245989304815,0.10963437084401469,0.385,0.9701492537313433,0.28634361233480177,0.4421768707482993,2,162
intersection:baseline_balanced@0.1+thinking_recall_v1@0.45+grouped_event@0.3+latent_candidate_v3@0.35,67,0.22333333333333333,0.7910447761194029,0.17263843648208468,0.28342245989304815,0.10963437084401469,0.385,0.9701492537313433,0.28634361233480177,0.4421768707482993,2,162
intersection:baseline_balanced@0.1+thinking_recall_v1@0.45+grouped_event@0.3+latent_candidate_v3@0.45,67,0.22333333333333333,0.7910447761194029,0.17263843648208468,0.28342245989304815,0.10963437084401469,0.385,0.9701492537313433,0.28634361233480177,0.4421768707482993,2,162
intersection:baseline_balanced@0.1+thinking_recall_v1@0.45+grouped_event@0.3+latent_candidate_v3@0.6,67,0.22333333333333333,0.7910447761194029,0.17263843648208468,0.28342245989304815,0.10963437084401469,0.385,0.9701492537313433,0.28634361233480177,0.4421768707482993,2,162
intersection:baseline_balanced@0.1+thinking_recall_v1@0.6+grouped_event@0.1+latent_candidate_v3@0.35,67,0.22333333333333333,0.7910447761194029,0.17263843648208468,0.28342245989304815,0.10963437084401469,0.385,0.9701492537313433,0.28634361233480177,0.4421768707482993,2,162
intersection:baseline_balanced@0.1+thinking_recall_v1@0.6+grouped_event@0.1+latent_candidate_v3@0.45,67,0.22333333333333333,0.7910447761194029,0.17263843648208468,0.28342245989304815,0.10963437084401469,0.385,0.9701492537313433,0.28634361233480177,0.4421768707482993,2,162
intersection:baseline_balanced@0.1+thinking_recall_v1@0.6+grouped_event@0.1+latent_candidate_v3@0.6,67,0.22333333333333333,0.7910447761194029,0.17263843648208468,0.28342245989304815,0.10963437084401469,0.385,0.9701492537313433,0.28634361233480177,0.4421768707482993,2,162
intersection:baseline_balanced@0.1+thinking_recall_v1@0.6+grouped_event@0.3+latent_candidate_v3@0.35,67,0.22333333333333333,0.7910447761194029,0.17263843648208468,0.28342245989304815,0.10963437084401469,0.385,0.9701492537313433,0.28634361233480177,0.4421768707482993,2,162
intersection:baseline_balanced@0.1+thinking_recall_v1@0.6+grouped_event@0.3+latent_candidate_v3@0.45,67,0.22333333333333333,0.7910447761194029,0.17263843648208468,0.28342245989304815,0.10963437084401469,0.385,0.9701492537313433,0.28634361233480177,0.4421768707482993,2,162
intersection:baseline_balanced@0.1+thinking_recall_v1@0.6+grouped_event@0.3+latent_candidate_v3@0.6,67,0.22333333333333333,0.7910447761194029,0.17263843648208468,0.28342245989304815,0.10963437084401469,0.385,0.9701492537313433,0.28634361233480177,0.4421768707482993,2,162
intersection:baseline_balanced@0.3+thinking_recall_v1@0.35+grouped_event@0.1+latent_candidate_v3@0.35,67,0.22333333333333333,0.7910447761194029,0.17263843648208468,0.28342245989304815,0.10963437084401469,0.385,0.9701492537313433,0.28634361233480177,0.4421768707482993,2,162
intersection:baseline_balanced@0.3+thinking_recall_v1@0.35+grouped_event@0.1+latent_candidate_v3@0.45,67,0.22333333333333333,0.7910447761194029,0.17263843648208468,0.28342245989304815,0.10963437084401469,0.385,0.9701492537313433,0.28634361233480177,0.4421768707482993,2,162
intersection:baseline_balanced@0.3+thinking_recall_v1@0.35+grouped_event@0.1+latent_candidate_v3@0.6,67,0.22333333333333333,0.7910447761194029,0.17263843648208468,0.28342245989304815,0.10963437084401469,0.385,0.9701492537313433,0.28634361233480177,0.4421768707482993,2,162
intersection:baseline_balanced@0.3+thinking_recall_v1@0.35+grouped_event@0.3+latent_candidate_v3@0.35,67,0.22333333333333333,0.7910447761194029,0.17263843648208468,0.28342245989304815,0.10963437084401469,0.385,0.9701492537313433,0.28634361233480177,0.4421768707482993,2,162
intersection:baseline_balanced@0.3+thinking_recall_v1@0.35+grouped_event@0.3+latent_candidate_v3@0.45,67,0.22333333333333333,0.7910447761194029,0.17263843648208468,0.28342245989304815,0.10963437084401469,0.385,0.9701492537313433,0.28634361233480177,0.4421768707482993,2,162
intersection:baseline_balanced@0.3+thinking_recall_v1@0.35+grouped_event@0.3+latent_candidate_v3@0.6,67,0.22333333333333333,0.7910447761194029,0.17263843648208468,0.28342245989304815,0.10963437084401469,0.385,0.9701492537313433,0.28634361233480177,0.4421768707482993,2,162
intersection:baseline_balanced@0.3+thinking_recall_v1@0.45+grouped_event@0.1+latent_candidate_v3@0.35,67,0.22333333333333333,0.7910447761194029,0.17263843648208468,0.28342245989304815,0.10963437084401469,0.385,0.9701492537313433,0.28634361233480177,0.4421768707482993,2,162
intersection:baseline_balanced@0.3+thinking_recall_v1@0.45+grouped_event@0.1+latent_candidate_v3@0.45,67,0.22333333333333333,0.7910447761194029,0.17263843648208468,0.28342245989304815,0.10963437084401469,0.385,0.9701492537313433,0.28634361233480177,0.4421768707482993,2,162
intersection:baseline_balanced@0.3+thinking_recall_v1@0.45+grouped_event@0.1+latent_candidate_v3@0.6,67,0.22333333333333333,0.7910447761194029,0.17263843648208468,0.28342245989304815,0.10963437084401469,0.385,0.9701492537313433,0.28634361233480177,0.4421768707482993,2,162
intersection:baseline_balanced@0.3+thinking_recall_v1@0.45+grouped_event@0.3+latent_candidate_v3@0.35,67,0.22333333333333333,0.7910447761194029,0.17263843648208468,0.28342245989304815,0.10963437084401469,0.385,0.9701492537313433,0.28634361233480177,0.4421768707482993,2,162
intersection:baseline_balanced@0.3+thinking_recall_v1@0.45+grouped_event@0.3+latent_candidate_v3@0.45,67,0.22333333333333333,0.7910447761194029,0.17263843648208468,0.28342245989304815,0.10963437084401469,0.385,0.9701492537313433,0.28634361233480177,0.4421768707482993,2,162
intersection:baseline_balanced@0.3+thinking_recall_v1@0.45+grouped_event@0.3+latent_candidate_v3@0.6,67,0.22333333333333333,0.7910447761194029,0.17263843648208468,0.28342245989304815,0.10963437084401469,0.385,0.9701492537313433,0.28634361233480177,0.4421768707482993,2,162
intersection:baseline_balanced@0.3+thinking_recall_v1@0.6+grouped_event@0.1+latent_candidate_v3@0.35,67,0.22333333333333333,0.7910447761194029,0.17263843648208468,0.28342245989304815,0.10963437084401469,0.385,0.9701492537313433,0.28634361233480177,0.4421768707482993,2,162
intersection:baseline_balanced@0.3+thinking_recall_v1@0.6+grouped_event@0.1+latent_candidate_v3@0.45,67,0.22333333333333333,0.7910447761194029,0.17263843648208468,0.28342245989304815,0.10963437084401469,0.385,0.9701492537313433,0.28634361233480177,0.4421768707482993,2,162
intersection:baseline_balanced@0.3+thinking_recall_v1@0.6+grouped_event@0.1+latent_candidate_v3@0.6,67,0.22333333333333333,0.7910447761194029,0.17263843648208468,0.28342245989304815,0.10963437084401469,0.385,0.9701492537313433,0.28634361233480177,0.4421768707482993,2,162
intersection:baseline_balanced@0.3+thinking_recall_v1@0.6+grouped_event@0.3+latent_candidate_v3@0.35,67,0.22333333333333333,0.7910447761194029,0.17263843648208468,0.28342245989304815,0.10963437084401469,0.385,0.9701492537313433,0.28634361233480177,0.4421768707482993,2,162
intersection:baseline_balanced@0.3+thinking_recall_v1@0.6+grouped_event@0.3+latent_candidate_v3@0.45,67,0.22333333333333333,0.7910447761194029,0.17263843648208468,0.28342245989304815,0.10963437084401469,0.385,0.9701492537313433,0.28634361233480177,0.4421768707482993,2,162
intersection:baseline_balanced@0.3+thinking_recall_v1@0.6+grouped_event@0.3+latent_candidate_v3@0.6,67,0.22333333333333333,0.7910447761194029,0.17263843648208468,0.28342245989304815,0.10963437084401469,0.385,0.9701492537313433,0.28634361233480177,0.4421768707482993,2,162
intersection:thinking_recall_v1@0.1+grouped_event@0.35,70,0.23333333333333334,0.7428571428571429,0.16938110749185667,0.27586206896551724,0.10906835738757127,0.3822222222222222,0.9552238805970149,0.28193832599118945,0.43537414965986393,3,163
intersection:thinking_recall_v1@0.1+grouped_event@0.45,70,0.23333333333333334,0.7428571428571429,0.16938110749185667,0.27586206896551724,0.10906835738757127,0.3822222222222222,0.9552238805970149,0.28193832599118945,0.43537414965986393,3,163
intersection:thinking_recall_v1@0.1+grouped_event@0.6,70,0.23333333333333334,0.7428571428571429,0.16938110749185667,0.27586206896551724,0.10906835738757127,0.3822222222222222,0.9552238805970149,0.28193832599118945,0.43537414965986393,3,163
intersection:thinking_recall_v1@0.3+grouped_event@0.35,70,0.23333333333333334,0.7428571428571429,0.16938110749185667,0.27586206896551724,0.10906835738757127,0.3822222222222222,0.9552238805970149,0.28193832599118945,0.43537414965986393,3,163
intersection:thinking_recall_v1@0.3+grouped_event@0.45,70,0.23333333333333334,0.7428571428571429,0.16938110749185667,0.27586206896551724,0.10906835738757127,0.3822222222222222,0.9552238805970149,0.28193832599118945,0.43537414965986393,3,163
intersection:thinking_recall_v1@0.3+grouped_event@0.6,70,0.23333333333333334,0.7428571428571429,0.16938110749185667,0.27586206896551724,0.10906835738757127,0.3822222222222222,0.9552238805970149,0.28193832599118945,0.43537414965986393,3,163
intersection:baseline_balanced@0.1+grouped_event@0.35,70,0.23333333333333334,0.7428571428571429,0.16938110749185667,0.27586206896551724,0.17172974210922956,0.37888888888888883,0.9558823529411765,0.28634361233480177,0.4406779661016949,3,162
intersection:baseline_balanced@0.1+grouped_event@0.45,70,0.23333333333333334,0.7428571428571429,0.16938110749185667,0.27586206896551724,0.17172974210922956,0.37888888888888883,0.9558823529411765,0.28634361233480177,0.4406779661016949,3,162
intersection:baseline_balanced@0.1+grouped_event@0.6,70,0.23333333333333334,0.7428571428571429,0.16938110749185667,0.27586206896551724,0.17172974210922956,0.37888888888888883,0.9558823529411765,0.28634361233480177,0.4406779661016949,3,162
intersection:baseline_balanced@0.3+grouped_event@0.35,70,0.23333333333333334,0.7428571428571429,0.16938110749185667,0.27586206896551724,0.17172974210922956,0.37888888888888883,0.9558823529411765,0.28634361233480177,0.4406779661016949,3,162
intersection:baseline_balanced@0.3+grouped_event@0.45,70,0.23333333333333334,0.7428571428571429,0.16938110749185667,0.27586206896551724,0.17172974210922956,0.37888888888888883,0.9558823529411765,0.28634361233480177,0.4406779661016949,3,162
intersection:baseline_balanced@0.3+grouped_event@0.6,70,0.23333333333333334,0.7428571428571429,0.16938110749185667,0.27586206896551724,0.17172974210922956,0.37888888888888883,0.9558823529411765,0.28634361233480177,0.4406779661016949,3,162
intersection:baseline_balanced@0.1+grouped_event@0.35+latent_candidate_v3@0.1,65,0.21666666666666667,0.7846153846153846,0.16612377850162866,0.27419354838709675,0.1736465908917782,0.38,0.96875,0.27312775330396477,0.4261168384879725,2,165
intersection:baseline_balanced@0.1+grouped_event@0.35+latent_candidate_v3@0.3,65,0.21666666666666667,0.7846153846153846,0.16612377850162866,0.27419354838709675,0.1736465908917782,0.38,0.96875,0.27312775330396477,0.4261168384879725,2,165
intersection:baseline_balanced@0.1+grouped_event@0.35+latent_candidate_v3@0.35,65,0.21666666666666667,0.7846153846153846,0.16612377850162866,0.27419354838709675,0.1736465908917782,0.38,0.96875,0.27312775330396477,0.4261168384879725,2,165
intersection:baseline_balanced@0.1+grouped_event@0.35+latent_candidate_v3@0.45,65,0.21666666666666667,0.7846153846153846,0.16612377850162866,0.27419354838709675,0.1736465908917782,0.38,0.96875,0.27312775330396477,0.4261168384879725,2,165
intersection:baseline_balanced@0.1+grouped_event@0.35+latent_candidate_v3@0.6,65,0.21666666666666667,0.7846153846153846,0.16612377850162866,0.27419354838709675,0.1736465908917782,0.38,0.96875,0.27312775330396477,0.4261168384879725,2,165
intersection:baseline_balanced@0.1+grouped_event@0.45+latent_candidate_v3@0.1,65,0.21666666666666667,0.7846153846153846,0.16612377850162866,0.27419354838709675,0.1736465908917782,0.38,0.96875,0.27312775330396477,0.4261168384879725,2,165
intersection:baseline_balanced@0.1+grouped_event@0.45+latent_candidate_v3@0.3,65,0.21666666666666667,0.7846153846153846,0.16612377850162866,0.27419354838709675,0.1736465908917782,0.38,0.96875,0.27312775330396477,0.4261168384879725,2,165
intersection:baseline_balanced@0.1+grouped_event@0.45+latent_candidate_v3@0.35,65,0.21666666666666667,0.7846153846153846,0.16612377850162866,0.27419354838709675,0.1736465908917782,0.38,0.96875,0.27312775330396477,0.4261168384879725,2,165
intersection:baseline_balanced@0.1+grouped_event@0.45+latent_candidate_v3@0.45,65,0.21666666666666667,0.7846153846153846,0.16612377850162866,0.27419354838709675,0.1736465908917782,0.38,0.96875,0.27312775330396477,0.4261168384879725,2,165
intersection:baseline_balanced@0.1+grouped_event@0.45+latent_candidate_v3@0.6,65,0.21666666666666667,0.7846153846153846,0.16612377850162866,0.27419354838709675,0.1736465908917782,0.38,0.96875,0.27312775330396477,0.4261168384879725,2,165
intersection:baseline_balanced@0.1+grouped_event@0.6+latent_candidate_v3@0.1,65,0.21666666666666667,0.7846153846153846,0.16612377850162866,0.27419354838709675,0.1736465908917782,0.38,0.96875,0.27312775330396477,0.4261168384879725,2,165
intersection:baseline_balanced@0.1+grouped_event@0.6+latent_candidate_v3@0.3,65,0.21666666666666667,0.7846153846153846,0.16612377850162866,0.27419354838709675,0.1736465908917782,0.38,0.96875,0.27312775330396477,0.4261168384879725,2,165
intersection:baseline_balanced@0.1+grouped_event@0.6+latent_candidate_v3@0.35,65,0.21666666666666667,0.7846153846153846,0.16612377850162866,0.27419354838709675,0.1736465908917782,0.38,0.96875,0.27312775330396477,0.4261168384879725,2,165
intersection:baseline_balanced@0.1+grouped_event@0.6+latent_candidate_v3@0.45,65,0.21666666666666667,0.7846153846153846,0.16612377850162866,0.27419354838709675,0.1736465908917782,0.38,0.96875,0.27312775330396477,0.4261168384879725,2,165
intersection:baseline_balanced@0.1+grouped_event@0.6+latent_candidate_v3@0.6,65,0.21666666666666667,0.7846153846153846,0.16612377850162866,0.27419354838709675,0.1736465908917782,0.38,0.96875,0.27312775330396477,0.4261168384879725,2,165
intersection:baseline_balanced@0.3+grouped_event@0.35+latent_candidate_v3@0.1,65,0.21666666666666667,0.7846153846153846,0.16612377850162866,0.27419354838709675,0.1736465908917782,0.38,0.96875,0.27312775330396477,0.4261168384879725,2,165
intersection:baseline_balanced@0.3+grouped_event@0.35+latent_candidate_v3@0.3,65,0.21666666666666667,0.7846153846153846,0.16612377850162866,0.27419354838709675,0.1736465908917782,0.38,0.96875,0.27312775330396477,0.4261168384879725,2,165
intersection:baseline_balanced@0.3+grouped_event@0.35+latent_candidate_v3@0.35,65,0.21666666666666667,0.7846153846153846,0.16612377850162866,0.27419354838709675,0.1736465908917782,0.38,0.96875,0.27312775330396477,0.4261168384879725,2,165
intersection:baseline_balanced@0.3+grouped_event@0.35+latent_candidate_v3@0.45,65,0.21666666666666667,0.7846153846153846,0.16612377850162866,0.27419354838709675,0.1736465908917782,0.38,0.96875,0.27312775330396477,0.4261168384879725,2,165
intersection:baseline_balanced@0.3+grouped_event@0.35+latent_candidate_v3@0.6,65,0.21666666666666667,0.7846153846153846,0.16612377850162866,0.27419354838709675,0.1736465908917782,0.38,0.96875,0.27312775330396477,0.4261168384879725,2,165
intersection:baseline_balanced@0.3+grouped_event@0.45+latent_candidate_v3@0.1,65,0.21666666666666667,0.7846153846153846,0.16612377850162866,0.27419354838709675,0.1736465908917782,0.38,0.96875,0.27312775330396477,0.4261168384879725,2,165
intersection:baseline_balanced@0.3+grouped_event@0.45+latent_candidate_v3@0.3,65,0.21666666666666667,0.7846153846153846,0.16612377850162866,0.27419354838709675,0.1736465908917782,0.38,0.96875,0.27312775330396477,0.4261168384879725,2,165
intersection:baseline_balanced@0.3+grouped_event@0.45+latent_candidate_v3@0.35,65,0.21666666666666667,0.7846153846153846,0.16612377850162866,0.27419354838709675,0.1736465908917782,0.38,0.96875,0.27312775330396477,0.4261168384879725,2,165
intersection:baseline_balanced@0.3+grouped_event@0.45+latent_candidate_v3@0.45,65,0.21666666666666667,0.7846153846153846,0.16612377850162866,0.27419354838709675,0.1736465908917782,0.38,0.96875,0.27312775330396477,0.4261168384879725,2,165
intersection:baseline_balanced@0.3+grouped_event@0.45+latent_candidate_v3@0.6,65,0.21666666666666667,0.7846153846153846,0.16612377850162866,0.27419354838709675,0.1736465908917782,0.38,0.96875,0.27312775330396477,0.4261168384879725,2,165
intersection:baseline_balanced@0.3+grouped_event@0.6+latent_candidate_v3@0.1,65,0.21666666666666667,0.7846153846153846,0.16612377850162866,0.27419354838709675,0.1736465908917782,0.38,0.96875,0.27312775330396477,0.4261168384879725,2,165
intersection:baseline_balanced@0.3+grouped_event@0.6+latent_candidate_v3@0.3,65,0.21666666666666667,0.7846153846153846,0.16612377850162866,0.27419354838709675,0.1736465908917782,0.38,0.96875,0.27312775330396477,0.4261168384879725,2,165
intersection:baseline_balanced@0.3+grouped_event@0.6+latent_candidate_v3@0.35,65,0.21666666666666667,0.7846153846153846,0.16612377850162866,0.27419354838709675,0.1736465908917782,0.38,0.96875,0.27312775330396477,0.4261168384879725,2,165
intersection:baseline_balanced@0.3+grouped_event@0.6+latent_candidate_v3@0.45,65,0.21666666666666667,0.7846153846153846,0.16612377850162866,0.27419354838709675,0.1736465908917782,0.38,0.96875,0.27312775330396477,0.4261168384879725,2,165
intersection:baseline_balanced@0.3+grouped_event@0.6+latent_candidate_v3@0.6,65,0.21666666666666667,0.7846153846153846,0.16612377850162866,0.27419354838709675,0.1736465908917782,0.38,0.96875,0.27312775330396477,0.4261168384879725,2,165
intersection:baseline_balanced@0.35+thinking_recall_v1@0.35+grouped_event@0.1,59,0.19666666666666666,0.847457627118644,0.16286644951140064,0.273224043715847,0.09439397948084782,0.38055555555555554,0.9827586206896551,0.2511013215859031,0.4,1,170
intersection:baseline_balanced@0.35+thinking_recall_v1@0.35+grouped_event@0.3,59,0.19666666666666666,0.847457627118644,0.16286644951140064,0.273224043715847,0.09439397948084782,0.38055555555555554,0.9827586206896551,0.2511013215859031,0.4,1,170
intersection:baseline_balanced@0.35+thinking_recall_v1@0.45+grouped_event@0.1,59,0.19666666666666666,0.847457627118644,0.16286644951140064,0.273224043715847,0.09439397948084782,0.38055555555555554,0.9827586206896551,0.2511013215859031,0.4,1,170
intersection:baseline_balanced@0.35+thinking_recall_v1@0.45+grouped_event@0.3,59,0.19666666666666666,0.847457627118644,0.16286644951140064,0.273224043715847,0.09439397948084782,0.38055555555555554,0.9827586206896551,0.2511013215859031,0.4,1,170
intersection:baseline_balanced@0.35+thinking_recall_v1@0.6+grouped_event@0.1,59,0.19666666666666666,0.847457627118644,0.16286644951140064,0.273224043715847,0.09439397948084782,0.38055555555555554,0.9827586206896551,0.2511013215859031,0.4,1,170
intersection:baseline_balanced@0.35+thinking_recall_v1@0.6+grouped_event@0.3,59,0.19666666666666666,0.847457627118644,0.16286644951140064,0.273224043715847,0.09439397948084782,0.38055555555555554,0.9827586206896551,0.2511013215859031,0.4,1,170
intersection:baseline_balanced@0.45+thinking_recall_v1@0.35+grouped_event@0.1,59,0.19666666666666666,0.847457627118644,0.16286644951140064,0.273224043715847,0.09439397948084782,0.38055555555555554,0.9827586206896551,0.2511013215859031,0.4,1,170
intersection:baseline_balanced@0.45+thinking_recall_v1@0.35+grouped_event@0.3,59,0.19666666666666666,0.847457627118644,0.16286644951140064,0.273224043715847,0.09439397948084782,0.38055555555555554,0.9827586206896551,0.2511013215859031,0.4,1,170
intersection:baseline_balanced@0.45+thinking_recall_v1@0.45+grouped_event@0.1,59,0.19666666666666666,0.847457627118644,0.16286644951140064,0.273224043715847,0.09439397948084782,0.38055555555555554,0.9827586206896551,0.2511013215859031,0.4,1,170
intersection:baseline_balanced@0.45+thinking_recall_v1@0.45+grouped_event@0.3,59,0.19666666666666666,0.847457627118644,0.16286644951140064,0.273224043715847,0.09439397948084782,0.38055555555555554,0.9827586206896551,0.2511013215859031,0.4,1,170
intersection:baseline_balanced@0.45+thinking_recall_v1@0.6+grouped_event@0.1,59,0.19666666666666666,0.847457627118644,0.16286644951140064,0.273224043715847,0.09439397948084782,0.38055555555555554,0.9827586206896551,0.2511013215859031,0.4,1,170
intersection:baseline_balanced@0.45+thinking_recall_v1@0.6+grouped_event@0.3,59,0.19666666666666666,0.847457627118644,0.16286644951140064,0.273224043715847,0.09439397948084782,0.38055555555555554,0.9827586206896551,0.2511013215859031,0.4,1,170
intersection:baseline_balanced@0.6+thinking_recall_v1@0.35+grouped_event@0.1,59,0.19666666666666666,0.847457627118644,0.16286644951140064,0.273224043715847,0.09439397948084782,0.38055555555555554,0.9827586206896551,0.2511013215859031,0.4,1,170
intersection:baseline_balanced@0.6+thinking_recall_v1@0.35+grouped_event@0.3,59,0.19666666666666666,0.847457627118644,0.16286644951140064,0.273224043715847,0.09439397948084782,0.38055555555555554,0.9827586206896551,0.2511013215859031,0.4,1,170
intersection:baseline_balanced@0.6+thinking_recall_v1@0.45+grouped_event@0.1,59,0.19666666666666666,0.847457627118644,0.16286644951140064,0.273224043715847,0.09439397948084782,0.38055555555555554,0.9827586206896551,0.2511013215859031,0.4,1,170
intersection:baseline_balanced@0.6+thinking_recall_v1@0.45+grouped_event@0.3,59,0.19666666666666666,0.847457627118644,0.16286644951140064,0.273224043715847,0.09439397948084782,0.38055555555555554,0.9827586206896551,0.2511013215859031,0.4,1,170
intersection:baseline_balanced@0.6+thinking_recall_v1@0.6+grouped_event@0.1,59,0.19666666666666666,0.847457627118644,0.16286644951140064,0.273224043715847,0.09439397948084782,0.38055555555555554,0.9827586206896551,0.2511013215859031,0.4,1,170
intersection:baseline_balanced@0.6+thinking_recall_v1@0.6+grouped_event@0.3,59,0.19666666666666666,0.847457627118644,0.16286644951140064,0.273224043715847,0.09439397948084782,0.38055555555555554,0.9827586206896551,0.2511013215859031,0.4,1,170
intersection:thinking_recall_v1@0.1+grouped_event@0.35+latent_candidate_v3@0.45,65,0.21666666666666667,0.7538461538461538,0.15960912052117263,0.26344086021505375,0.10682788686957334,0.3744444444444444,0.9516129032258065,0.2599118942731278,0.4083044982698962,3,168
intersection:thinking_recall_v1@0.1+grouped_event@0.35+latent_candidate_v3@0.6,65,0.21666666666666667,0.7538461538461538,0.15960912052117263,0.26344086021505375,0.10682788686957334,0.3744444444444444,0.9516129032258065,0.2599118942731278,0.4083044982698962,3,168
intersection:thinking_recall_v1@0.1+grouped_event@0.45+latent_candidate_v3@0.45,65,0.21666666666666667,0.7538461538461538,0.15960912052117263,0.26344086021505375,0.10682788686957334,0.3744444444444444,0.9516129032258065,0.2599118942731278,0.4083044982698962,3,168
intersection:thinking_recall_v1@0.1+grouped_event@0.45+latent_candidate_v3@0.6,65,0.21666666666666667,0.7538461538461538,0.15960912052117263,0.26344086021505375,0.10682788686957334,0.3744444444444444,0.9516129032258065,0.2599118942731278,0.4083044982698962,3,168
intersection:thinking_recall_v1@0.1+grouped_event@0.6+latent_candidate_v3@0.45,65,0.21666666666666667,0.7538461538461538,0.15960912052117263,0.26344086021505375,0.10682788686957334,0.3744444444444444,0.9516129032258065,0.2599118942731278,0.4083044982698962,3,168
intersection:thinking_recall_v1@0.1+grouped_event@0.6+latent_candidate_v3@0.6,65,0.21666666666666667,0.7538461538461538,0.15960912052117263,0.26344086021505375,0.10682788686957334,0.3744444444444444,0.9516129032258065,0.2599118942731278,0.4083044982698962,3,168
intersection:thinking_recall_v1@0.3+grouped_event@0.35+latent_candidate_v3@0.45,65,0.21666666666666667,0.7538461538461538,0.15960912052117263,0.26344086021505375,0.10682788686957334,0.3744444444444444,0.9516129032258065,0.2599118942731278,0.4083044982698962,3,168
intersection:thinking_recall_v1@0.3+grouped_event@0.35+latent_candidate_v3@0.6,65,0.21666666666666667,0.7538461538461538,0.15960912052117263,0.26344086021505375,0.10682788686957334,0.3744444444444444,0.9516129032258065,0.2599118942731278,0.4083044982698962,3,168
intersection:thinking_recall_v1@0.3+grouped_event@0.45+latent_candidate_v3@0.45,65,0.21666666666666667,0.7538461538461538,0.15960912052117263,0.26344086021505375,0.10682788686957334,0.3744444444444444,0.9516129032258065,0.2599118942731278,0.4083044982698962,3,168
intersection:thinking_recall_v1@0.3+grouped_event@0.45+latent_candidate_v3@0.6,65,0.21666666666666667,0.7538461538461538,0.15960912052117263,0.26344086021505375,0.10682788686957334,0.3744444444444444,0.9516129032258065,0.2599118942731278,0.4083044982698962,3,168
intersection:thinking_recall_v1@0.3+grouped_event@0.6+latent_candidate_v3@0.45,65,0.21666666666666667,0.7538461538461538,0.15960912052117263,0.26344086021505375,0.10682788686957334,0.3744444444444444,0.9516129032258065,0.2599118942731278,0.4083044982698962,3,168
intersection:thinking_recall_v1@0.3+grouped_event@0.6+latent_candidate_v3@0.6,65,0.21666666666666667,0.7538461538461538,0.15960912052117263,0.26344086021505375,0.10682788686957334,0.3744444444444444,0.9516129032258065,0.2599118942731278,0.4083044982698962,3,168
intersection:thinking_recall_v1@0.1+grouped_event@0.35+latent_candidate_v3@0.1,66,0.22,0.7424242424242424,0.15960912052117263,0.26273458445040215,0.10682788686957334,0.3744444444444444,0.9523809523809523,0.2643171806167401,0.41379310344827586,3,167
intersection:thinking_recall_v1@0.1+grouped_event@0.35+latent_candidate_v3@0.3,66,0.22,0.7424242424242424,0.15960912052117263,0.26273458445040215,0.10682788686957334,0.3744444444444444,0.9523809523809523,0.2643171806167401,0.41379310344827586,3,167
intersection:thinking_recall_v1@0.1+grouped_event@0.35+latent_candidate_v3@0.35,66,0.22,0.7424242424242424,0.15960912052117263,0.26273458445040215,0.10682788686957334,0.3744444444444444,0.9523809523809523,0.2643171806167401,0.41379310344827586,3,167
intersection:thinking_recall_v1@0.1+grouped_event@0.45+latent_candidate_v3@0.1,66,0.22,0.7424242424242424,0.15960912052117263,0.26273458445040215,0.10682788686957334,0.3744444444444444,0.9523809523809523,0.2643171806167401,0.41379310344827586,3,167
intersection:thinking_recall_v1@0.1+grouped_event@0.45+latent_candidate_v3@0.3,66,0.22,0.7424242424242424,0.15960912052117263,0.26273458445040215,0.10682788686957334,0.3744444444444444,0.9523809523809523,0.2643171806167401,0.41379310344827586,3,167
intersection:thinking_recall_v1@0.1+grouped_event@0.45+latent_candidate_v3@0.35,66,0.22,0.7424242424242424,0.15960912052117263,0.26273458445040215,0.10682788686957334,0.3744444444444444,0.9523809523809523,0.2643171806167401,0.41379310344827586,3,167
intersection:thinking_recall_v1@0.1+grouped_event@0.6+latent_candidate_v3@0.1,66,0.22,0.7424242424242424,0.15960912052117263,0.26273458445040215,0.10682788686957334,0.3744444444444444,0.9523809523809523,0.2643171806167401,0.41379310344827586,3,167
intersection:thinking_recall_v1@0.1+grouped_event@0.6+latent_candidate_v3@0.3,66,0.22,0.7424242424242424,0.15960912052117263,0.26273458445040215,0.10682788686957334,0.3744444444444444,0.9523809523809523,0.2643171806167401,0.41379310344827586,3,167
intersection:thinking_recall_v1@0.1+grouped_event@0.6+latent_candidate_v3@0.35,66,0.22,0.7424242424242424,0.15960912052117263,0.26273458445040215,0.10682788686957334,0.3744444444444444,0.9523809523809523,0.2643171806167401,0.41379310344827586,3,167
intersection:thinking_recall_v1@0.3+grouped_event@0.35+latent_candidate_v3@0.1,66,0.22,0.7424242424242424,0.15960912052117263,0.26273458445040215,0.10682788686957334,0.3744444444444444,0.9523809523809523,0.2643171806167401,0.41379310344827586,3,167
intersection:thinking_recall_v1@0.3+grouped_event@0.35+latent_candidate_v3@0.3,66,0.22,0.7424242424242424,0.15960912052117263,0.26273458445040215,0.10682788686957334,0.3744444444444444,0.9523809523809523,0.2643171806167401,0.41379310344827586,3,167
intersection:thinking_recall_v1@0.3+grouped_event@0.35+latent_candidate_v3@0.35,66,0.22,0.7424242424242424,0.15960912052117263,0.26273458445040215,0.10682788686957334,0.3744444444444444,0.9523809523809523,0.2643171806167401,0.41379310344827586,3,167
intersection:thinking_recall_v1@0.3+grouped_event@0.45+latent_candidate_v3@0.1,66,0.22,0.7424242424242424,0.15960912052117263,0.26273458445040215,0.10682788686957334,0.3744444444444444,0.9523809523809523,0.2643171806167401,0.41379310344827586,3,167
intersection:thinking_recall_v1@0.3+grouped_event@0.45+latent_candidate_v3@0.3,66,0.22,0.7424242424242424,0.15960912052117263,0.26273458445040215,0.10682788686957334,0.3744444444444444,0.9523809523809523,0.2643171806167401,0.41379310344827586,3,167
intersection:thinking_recall_v1@0.3+grouped_event@0.45+latent_candidate_v3@0.35,66,0.22,0.7424242424242424,0.15960912052117263,0.26273458445040215,0.10682788686957334,0.3744444444444444,0.9523809523809523,0.2643171806167401,0.41379310344827586,3,167
intersection:thinking_recall_v1@0.3+grouped_event@0.6+latent_candidate_v3@0.1,66,0.22,0.7424242424242424,0.15960912052117263,0.26273458445040215,0.10682788686957334,0.3744444444444444,0.9523809523809523,0.2643171806167401,0.41379310344827586,3,167
intersection:thinking_recall_v1@0.3+grouped_event@0.6+latent_candidate_v3@0.3,66,0.22,0.7424242424242424,0.15960912052117263,0.26273458445040215,0.10682788686957334,0.3744444444444444,0.9523809523809523,0.2643171806167401,0.41379310344827586,3,167
intersection:thinking_recall_v1@0.3+grouped_event@0.6+latent_candidate_v3@0.35,66,0.22,0.7424242424242424,0.15960912052117263,0.26273458445040215,0.10682788686957334,0.3744444444444444,0.9523809523809523,0.2643171806167401,0.41379310344827586,3,167
intersection:baseline_balanced@0.35+thinking_recall_v1@0.1+grouped_event@0.1+latent_candidate_v3@0.1,60,0.2,0.8,0.1563517915309446,0.2615803814713896,0.09106047425009019,0.37833333333333335,0.9833333333333333,0.2599118942731278,0.41114982578397213,1,168
intersection:baseline_balanced@0.35+thinking_recall_v1@0.1+grouped_event@0.1+latent_candidate_v3@0.3,60,0.2,0.8,0.1563517915309446,0.2615803814713896,0.09106047425009019,0.37833333333333335,0.9833333333333333,0.2599118942731278,0.41114982578397213,1,168
intersection:baseline_balanced@0.35+thinking_recall_v1@0.1+grouped_event@0.1+latent_candidate_v3@0.35,60,0.2,0.8,0.1563517915309446,0.2615803814713896,0.09106047425009019,0.37833333333333335,0.9833333333333333,0.2599118942731278,0.41114982578397213,1,168
intersection:baseline_balanced@0.35+thinking_recall_v1@0.1+grouped_event@0.1+latent_candidate_v3@0.45,60,0.2,0.8,0.1563517915309446,0.2615803814713896,0.09106047425009019,0.37833333333333335,0.9833333333333333,0.2599118942731278,0.41114982578397213,1,168
intersection:baseline_balanced@0.35+thinking_recall_v1@0.1+grouped_event@0.1+latent_candidate_v3@0.6,60,0.2,0.8,0.1563517915309446,0.2615803814713896,0.09106047425009019,0.37833333333333335,0.9833333333333333,0.2599118942731278,0.41114982578397213,1,168
intersection:baseline_balanced@0.35+thinking_recall_v1@0.1+grouped_event@0.3+latent_candidate_v3@0.1,60,0.2,0.8,0.1563517915309446,0.2615803814713896,0.09106047425009019,0.37833333333333335,0.9833333333333333,0.2599118942731278,0.41114982578397213,1,168
intersection:baseline_balanced@0.35+thinking_recall_v1@0.1+grouped_event@0.3+latent_candidate_v3@0.3,60,0.2,0.8,0.1563517915309446,0.2615803814713896,0.09106047425009019,0.37833333333333335,0.9833333333333333,0.2599118942731278,0.41114982578397213,1,168
intersection:baseline_balanced@0.35+thinking_recall_v1@0.1+grouped_event@0.3+latent_candidate_v3@0.35,60,0.2,0.8,0.1563517915309446,0.2615803814713896,0.09106047425009019,0.37833333333333335,0.9833333333333333,0.2599118942731278,0.41114982578397213,1,168
intersection:baseline_balanced@0.35+thinking_recall_v1@0.1+grouped_event@0.3+latent_candidate_v3@0.45,60,0.2,0.8,0.1563517915309446,0.2615803814713896,0.09106047425009019,0.37833333333333335,0.9833333333333333,0.2599118942731278,0.41114982578397213,1,168
intersection:baseline_balanced@0.35+thinking_recall_v1@0.1+grouped_event@0.3+latent_candidate_v3@0.6,60,0.2,0.8,0.1563517915309446,0.2615803814713896,0.09106047425009019,0.37833333333333335,0.9833333333333333,0.2599118942731278,0.41114982578397213,1,168
intersection:baseline_balanced@0.35+thinking_recall_v1@0.3+grouped_event@0.1+latent_candidate_v3@0.1,60,0.2,0.8,0.1563517915309446,0.2615803814713896,0.09106047425009019,0.37833333333333335,0.9833333333333333,0.2599118942731278,0.41114982578397213,1,168
intersection:baseline_balanced@0.35+thinking_recall_v1@0.3+grouped_event@0.1+latent_candidate_v3@0.3,60,0.2,0.8,0.1563517915309446,0.2615803814713896,0.09106047425009019,0.37833333333333335,0.9833333333333333,0.2599118942731278,0.41114982578397213,1,168
intersection:baseline_balanced@0.35+thinking_recall_v1@0.3+grouped_event@0.1+latent_candidate_v3@0.35,60,0.2,0.8,0.1563517915309446,0.2615803814713896,0.09106047425009019,0.37833333333333335,0.9833333333333333,0.2599118942731278,0.41114982578397213,1,168
intersection:baseline_balanced@0.35+thinking_recall_v1@0.3+grouped_event@0.1+latent_candidate_v3@0.45,60,0.2,0.8,0.1563517915309446,0.2615803814713896,0.09106047425009019,0.37833333333333335,0.9833333333333333,0.2599118942731278,0.41114982578397213,1,168
intersection:baseline_balanced@0.35+thinking_recall_v1@0.3+grouped_event@0.1+latent_candidate_v3@0.6,60,0.2,0.8,0.1563517915309446,0.2615803814713896,0.09106047425009019,0.37833333333333335,0.9833333333333333,0.2599118942731278,0.41114982578397213,1,168
intersection:baseline_balanced@0.35+thinking_recall_v1@0.3+grouped_event@0.3+latent_candidate_v3@0.1,60,0.2,0.8,0.1563517915309446,0.2615803814713896,0.09106047425009019,0.37833333333333335,0.9833333333333333,0.2599118942731278,0.41114982578397213,1,168
intersection:baseline_balanced@0.35+thinking_recall_v1@0.3+grouped_event@0.3+latent_candidate_v3@0.3,60,0.2,0.8,0.1563517915309446,0.2615803814713896,0.09106047425009019,0.37833333333333335,0.9833333333333333,0.2599118942731278,0.41114982578397213,1,168
intersection:baseline_balanced@0.35+thinking_recall_v1@0.3+grouped_event@0.3+latent_candidate_v3@0.35,60,0.2,0.8,0.1563517915309446,0.2615803814713896,0.09106047425009019,0.37833333333333335,0.9833333333333333,0.2599118942731278,0.41114982578397213,1,168
intersection:baseline_balanced@0.35+thinking_recall_v1@0.3+grouped_event@0.3+latent_candidate_v3@0.45,60,0.2,0.8,0.1563517915309446,0.2615803814713896,0.09106047425009019,0.37833333333333335,0.9833333333333333,0.2599118942731278,0.41114982578397213,1,168
intersection:baseline_balanced@0.35+thinking_recall_v1@0.3+grouped_event@0.3+latent_candidate_v3@0.6,60,0.2,0.8,0.1563517915309446,0.2615803814713896,0.09106047425009019,0.37833333333333335,0.9833333333333333,0.2599118942731278,0.41114982578397213,1,168
intersection:baseline_balanced@0.45+thinking_recall_v1@0.1+grouped_event@0.1+latent_candidate_v3@0.1,60,0.2,0.8,0.1563517915309446,0.2615803814713896,0.09106047425009019,0.37833333333333335,0.9833333333333333,0.2599118942731278,0.41114982578397213,1,168
intersection:baseline_balanced@0.45+thinking_recall_v1@0.1+grouped_event@0.1+latent_candidate_v3@0.3,60,0.2,0.8,0.1563517915309446,0.2615803814713896,0.09106047425009019,0.37833333333333335,0.9833333333333333,0.2599118942731278,0.41114982578397213,1,168
intersection:baseline_balanced@0.45+thinking_recall_v1@0.1+grouped_event@0.1+latent_candidate_v3@0.35,60,0.2,0.8,0.1563517915309446,0.2615803814713896,0.09106047425009019,0.37833333333333335,0.9833333333333333,0.2599118942731278,0.41114982578397213,1,168
intersection:baseline_balanced@0.45+thinking_recall_v1@0.1+grouped_event@0.1+latent_candidate_v3@0.45,60,0.2,0.8,0.1563517915309446,0.2615803814713896,0.09106047425009019,0.37833333333333335,0.9833333333333333,0.2599118942731278,0.41114982578397213,1,168
intersection:baseline_balanced@0.45+thinking_recall_v1@0.1+grouped_event@0.1+latent_candidate_v3@0.6,60,0.2,0.8,0.1563517915309446,0.2615803814713896,0.09106047425009019,0.37833333333333335,0.9833333333333333,0.2599118942731278,0.41114982578397213,1,168
intersection:baseline_balanced@0.45+thinking_recall_v1@0.1+grouped_event@0.3+latent_candidate_v3@0.1,60,0.2,0.8,0.1563517915309446,0.2615803814713896,0.09106047425009019,0.37833333333333335,0.9833333333333333,0.2599118942731278,0.41114982578397213,1,168
intersection:baseline_balanced@0.45+thinking_recall_v1@0.1+grouped_event@0.3+latent_candidate_v3@0.3,60,0.2,0.8,0.1563517915309446,0.2615803814713896,0.09106047425009019,0.37833333333333335,0.9833333333333333,0.2599118942731278,0.41114982578397213,1,168
intersection:baseline_balanced@0.45+thinking_recall_v1@0.1+grouped_event@0.3+latent_candidate_v3@0.35,60,0.2,0.8,0.1563517915309446,0.2615803814713896,0.09106047425009019,0.37833333333333335,0.9833333333333333,0.2599118942731278,0.41114982578397213,1,168
intersection:baseline_balanced@0.45+thinking_recall_v1@0.1+grouped_event@0.3+latent_candidate_v3@0.45,60,0.2,0.8,0.1563517915309446,0.2615803814713896,0.09106047425009019,0.37833333333333335,0.9833333333333333,0.2599118942731278,0.41114982578397213,1,168
intersection:baseline_balanced@0.45+thinking_recall_v1@0.1+grouped_event@0.3+latent_candidate_v3@0.6,60,0.2,0.8,0.1563517915309446,0.2615803814713896,0.09106047425009019,0.37833333333333335,0.9833333333333333,0.2599118942731278,0.41114982578397213,1,168
intersection:baseline_balanced@0.45+thinking_recall_v1@0.3+grouped_event@0.1+latent_candidate_v3@0.1,60,0.2,0.8,0.1563517915309446,0.2615803814713896,0.09106047425009019,0.37833333333333335,0.9833333333333333,0.2599118942731278,0.41114982578397213,1,168
intersection:baseline_balanced@0.45+thinking_recall_v1@0.3+grouped_event@0.1+latent_candidate_v3@0.3,60,0.2,0.8,0.1563517915309446,0.2615803814713896,0.09106047425009019,0.37833333333333335,0.9833333333333333,0.2599118942731278,0.41114982578397213,1,168
intersection:baseline_balanced@0.45+thinking_recall_v1@0.3+grouped_event@0.1+latent_candidate_v3@0.35,60,0.2,0.8,0.1563517915309446,0.2615803814713896,0.09106047425009019,0.37833333333333335,0.9833333333333333,0.2599118942731278,0.41114982578397213,1,168
intersection:baseline_balanced@0.45+thinking_recall_v1@0.3+grouped_event@0.1+latent_candidate_v3@0.45,60,0.2,0.8,0.1563517915309446,0.2615803814713896,0.09106047425009019,0.37833333333333335,0.9833333333333333,0.2599118942731278,0.41114982578397213,1,168
intersection:baseline_balanced@0.45+thinking_recall_v1@0.3+grouped_event@0.1+latent_candidate_v3@0.6,60,0.2,0.8,0.1563517915309446,0.2615803814713896,0.09106047425009019,0.37833333333333335,0.9833333333333333,0.2599118942731278,0.41114982578397213,1,168
intersection:baseline_balanced@0.45+thinking_recall_v1@0.3+grouped_event@0.3+latent_candidate_v3@0.1,60,0.2,0.8,0.1563517915309446,0.2615803814713896,0.09106047425009019,0.37833333333333335,0.9833333333333333,0.2599118942731278,0.41114982578397213,1,168
intersection:baseline_balanced@0.45+thinking_recall_v1@0.3+grouped_event@0.3+latent_candidate_v3@0.3,60,0.2,0.8,0.1563517915309446,0.2615803814713896,0.09106047425009019,0.37833333333333335,0.9833333333333333,0.2599118942731278,0.41114982578397213,1,168
intersection:baseline_balanced@0.45+thinking_recall_v1@0.3+grouped_event@0.3+latent_candidate_v3@0.35,60,0.2,0.8,0.1563517915309446,0.2615803814713896,0.09106047425009019,0.37833333333333335,0.9833333333333333,0.2599118942731278,0.41114982578397213,1,168
intersection:baseline_balanced@0.45+thinking_recall_v1@0.3+grouped_event@0.3+latent_candidate_v3@0.45,60,0.2,0.8,0.1563517915309446,0.2615803814713896,0.09106047425009019,0.37833333333333335,0.9833333333333333,0.2599118942731278,0.41114982578397213,1,168
intersection:baseline_balanced@0.45+thinking_recall_v1@0.3+grouped_event@0.3+latent_candidate_v3@0.6,60,0.2,0.8,0.1563517915309446,0.2615803814713896,0.09106047425009019,0.37833333333333335,0.9833333333333333,0.2599118942731278,0.41114982578397213,1,168
intersection:baseline_balanced@0.6+thinking_recall_v1@0.1+grouped_event@0.1+latent_candidate_v3@0.1,60,0.2,0.8,0.1563517915309446,0.2615803814713896,0.09106047425009019,0.37833333333333335,0.9833333333333333,0.2599118942731278,0.41114982578397213,1,168
intersection:baseline_balanced@0.6+thinking_recall_v1@0.1+grouped_event@0.1+latent_candidate_v3@0.3,60,0.2,0.8,0.1563517915309446,0.2615803814713896,0.09106047425009019,0.37833333333333335,0.9833333333333333,0.2599118942731278,0.41114982578397213,1,168
intersection:baseline_balanced@0.6+thinking_recall_v1@0.1+grouped_event@0.1+latent_candidate_v3@0.35,60,0.2,0.8,0.1563517915309446,0.2615803814713896,0.09106047425009019,0.37833333333333335,0.9833333333333333,0.2599118942731278,0.41114982578397213,1,168
intersection:baseline_balanced@0.6+thinking_recall_v1@0.1+grouped_event@0.1+latent_candidate_v3@0.45,60,0.2,0.8,0.1563517915309446,0.2615803814713896,0.09106047425009019,0.37833333333333335,0.9833333333333333,0.2599118942731278,0.41114982578397213,1,168
intersection:baseline_balanced@0.6+thinking_recall_v1@0.1+grouped_event@0.1+latent_candidate_v3@0.6,60,0.2,0.8,0.1563517915309446,0.2615803814713896,0.09106047425009019,0.37833333333333335,0.9833333333333333,0.2599118942731278,0.41114982578397213,1,168
intersection:baseline_balanced@0.6+thinking_recall_v1@0.1+grouped_event@0.3+latent_candidate_v3@0.1,60,0.2,0.8,0.1563517915309446,0.2615803814713896,0.09106047425009019,0.37833333333333335,0.9833333333333333,0.2599118942731278,0.41114982578397213,1,168
intersection:baseline_balanced@0.6+thinking_recall_v1@0.1+grouped_event@0.3+latent_candidate_v3@0.3,60,0.2,0.8,0.1563517915309446,0.2615803814713896,0.09106047425009019,0.37833333333333335,0.9833333333333333,0.2599118942731278,0.41114982578397213,1,168
intersection:baseline_balanced@0.6+thinking_recall_v1@0.1+grouped_event@0.3+latent_candidate_v3@0.35,60,0.2,0.8,0.1563517915309446,0.2615803814713896,0.09106047425009019,0.37833333333333335,0.9833333333333333,0.2599118942731278,0.41114982578397213,1,168
intersection:baseline_balanced@0.6+thinking_recall_v1@0.1+grouped_event@0.3+latent_candidate_v3@0.45,60,0.2,0.8,0.1563517915309446,0.2615803814713896,0.09106047425009019,0.37833333333333335,0.9833333333333333,0.2599118942731278,0.41114982578397213,1,168
intersection:baseline_balanced@0.6+thinking_recall_v1@0.1+grouped_event@0.3+latent_candidate_v3@0.6,60,0.2,0.8,0.1563517915309446,0.2615803814713896,0.09106047425009019,0.37833333333333335,0.9833333333333333,0.2599118942731278,0.41114982578397213,1,168
intersection:baseline_balanced@0.6+thinking_recall_v1@0.3+grouped_event@0.1+latent_candidate_v3@0.1,60,0.2,0.8,0.1563517915309446,0.2615803814713896,0.09106047425009019,0.37833333333333335,0.9833333333333333,0.2599118942731278,0.41114982578397213,1,168
intersection:baseline_balanced@0.6+thinking_recall_v1@0.3+grouped_event@0.1+latent_candidate_v3@0.3,60,0.2,0.8,0.1563517915309446,0.2615803814713896,0.09106047425009019,0.37833333333333335,0.9833333333333333,0.2599118942731278,0.41114982578397213,1,168
intersection:baseline_balanced@0.6+thinking_recall_v1@0.3+grouped_event@0.1+latent_candidate_v3@0.35,60,0.2,0.8,0.1563517915309446,0.2615803814713896,0.09106047425009019,0.37833333333333335,0.9833333333333333,0.2599118942731278,0.41114982578397213,1,168
intersection:baseline_balanced@0.6+thinking_recall_v1@0.3+grouped_event@0.1+latent_candidate_v3@0.45,60,0.2,0.8,0.1563517915309446,0.2615803814713896,0.09106047425009019,0.37833333333333335,0.9833333333333333,0.2599118942731278,0.41114982578397213,1,168
intersection:baseline_balanced@0.6+thinking_recall_v1@0.3+grouped_event@0.1+latent_candidate_v3@0.6,60,0.2,0.8,0.1563517915309446,0.2615803814713896,0.09106047425009019,0.37833333333333335,0.9833333333333333,0.2599118942731278,0.41114982578397213,1,168
intersection:baseline_balanced@0.6+thinking_recall_v1@0.3+grouped_event@0.3+latent_candidate_v3@0.1,60,0.2,0.8,0.1563517915309446,0.2615803814713896,0.09106047425009019,0.37833333333333335,0.9833333333333333,0.2599118942731278,0.41114982578397213,1,168
intersection:baseline_balanced@0.6+thinking_recall_v1@0.3+grouped_event@0.3+latent_candidate_v3@0.3,60,0.2,0.8,0.1563517915309446,0.2615803814713896,0.09106047425009019,0.37833333333333335,0.9833333333333333,0.2599118942731278,0.41114982578397213,1,168
intersection:baseline_balanced@0.6+thinking_recall_v1@0.3+grouped_event@0.3+latent_candidate_v3@0.35,60,0.2,0.8,0.1563517915309446,0.2615803814713896,0.09106047425009019,0.37833333333333335,0.9833333333333333,0.2599118942731278,0.41114982578397213,1,168
intersection:baseline_balanced@0.6+thinking_recall_v1@0.3+grouped_event@0.3+latent_candidate_v3@0.45,60,0.2,0.8,0.1563517915309446,0.2615803814713896,0.09106047425009019,0.37833333333333335,0.9833333333333333,0.2599118942731278,0.41114982578397213,1,168
intersection:baseline_balanced@0.6+thinking_recall_v1@0.3+grouped_event@0.3+latent_candidate_v3@0.6,60,0.2,0.8,0.1563517915309446,0.2615803814713896,0.09106047425009019,0.37833333333333335,0.9833333333333333,0.2599118942731278,0.41114982578397213,1,168
intersection:thinking_recall_v1@0.35+grouped_event@0.35,64,0.21333333333333335,0.75,0.1563517915309446,0.2587601078167116,0.10422821628244198,0.3722222222222222,0.9672131147540983,0.2599118942731278,0.4097222222222222,2,168
intersection:thinking_recall_v1@0.35+grouped_event@0.45,64,0.21333333333333335,0.75,0.1563517915309446,0.2587601078167116,0.10422821628244198,0.3722222222222222,0.9672131147540983,0.2599118942731278,0.4097222222222222,2,168
intersection:thinking_recall_v1@0.35+grouped_event@0.6,64,0.21333333333333335,0.75,0.1563517915309446,0.2587601078167116,0.10422821628244198,0.3722222222222222,0.9672131147540983,0.2599118942731278,0.4097222222222222,2,168
intersection:thinking_recall_v1@0.45+grouped_event@0.35,64,0.21333333333333335,0.75,0.1563517915309446,0.2587601078167116,0.10422821628244198,0.3722222222222222,0.9672131147540983,0.2599118942731278,0.4097222222222222,2,168
intersection:thinking_recall_v1@0.45+grouped_event@0.45,64,0.21333333333333335,0.75,0.1563517915309446,0.2587601078167116,0.10422821628244198,0.3722222222222222,0.9672131147540983,0.2599118942731278,0.4097222222222222,2,168
intersection:thinking_recall_v1@0.45+grouped_event@0.6,64,0.21333333333333335,0.75,0.1563517915309446,0.2587601078167116,0.10422821628244198,0.3722222222222222,0.9672131147540983,0.2599118942731278,0.4097222222222222,2,168
intersection:thinking_recall_v1@0.6+grouped_event@0.35,64,0.21333333333333335,0.75,0.1563517915309446,0.2587601078167116,0.10422821628244198,0.3722222222222222,0.9672131147540983,0.2599118942731278,0.4097222222222222,2,168
intersection:thinking_recall_v1@0.6+grouped_event@0.45,64,0.21333333333333335,0.75,0.1563517915309446,0.2587601078167116,0.10422821628244198,0.3722222222222222,0.9672131147540983,0.2599118942731278,0.4097222222222222,2,168
intersection:thinking_recall_v1@0.6+grouped_event@0.6,64,0.21333333333333335,0.75,0.1563517915309446,0.2587601078167116,0.10422821628244198,0.3722222222222222,0.9672131147540983,0.2599118942731278,0.4097222222222222,2,168
intersection:baseline_balanced@0.35+thinking_recall_v1@0.35+grouped_event@0.1+latent_candidate_v3@0.1,55,0.18333333333333332,0.8363636363636363,0.1498371335504886,0.2541436464088398,0.09106693995312762,0.37166666666666665,0.9818181818181818,0.23788546255506607,0.3829787234042553,1,173
intersection:baseline_balanced@0.35+thinking_recall_v1@0.35+grouped_event@0.1+latent_candidate_v3@0.3,55,0.18333333333333332,0.8363636363636363,0.1498371335504886,0.2541436464088398,0.09106693995312762,0.37166666666666665,0.9818181818181818,0.23788546255506607,0.3829787234042553,1,173
intersection:baseline_balanced@0.35+thinking_recall_v1@0.35+grouped_event@0.1+latent_candidate_v3@0.35,55,0.18333333333333332,0.8363636363636363,0.1498371335504886,0.2541436464088398,0.09106693995312762,0.37166666666666665,0.9818181818181818,0.23788546255506607,0.3829787234042553,1,173
intersection:baseline_balanced@0.35+thinking_recall_v1@0.35+grouped_event@0.1+latent_candidate_v3@0.45,55,0.18333333333333332,0.8363636363636363,0.1498371335504886,0.2541436464088398,0.09106693995312762,0.37166666666666665,0.9818181818181818,0.23788546255506607,0.3829787234042553,1,173
intersection:baseline_balanced@0.35+thinking_recall_v1@0.35+grouped_event@0.1+latent_candidate_v3@0.6,55,0.18333333333333332,0.8363636363636363,0.1498371335504886,0.2541436464088398,0.09106693995312762,0.37166666666666665,0.9818181818181818,0.23788546255506607,0.3829787234042553,1,173
intersection:baseline_balanced@0.35+thinking_recall_v1@0.35+grouped_event@0.3+latent_candidate_v3@0.1,55,0.18333333333333332,0.8363636363636363,0.1498371335504886,0.2541436464088398,0.09106693995312762,0.37166666666666665,0.9818181818181818,0.23788546255506607,0.3829787234042553,1,173
intersection:baseline_balanced@0.35+thinking_recall_v1@0.35+grouped_event@0.3+latent_candidate_v3@0.3,55,0.18333333333333332,0.8363636363636363,0.1498371335504886,0.2541436464088398,0.09106693995312762,0.37166666666666665,0.9818181818181818,0.23788546255506607,0.3829787234042553,1,173
intersection:baseline_balanced@0.35+thinking_recall_v1@0.35+grouped_event@0.3+latent_candidate_v3@0.35,55,0.18333333333333332,0.8363636363636363,0.1498371335504886,0.2541436464088398,0.09106693995312762,0.37166666666666665,0.9818181818181818,0.23788546255506607,0.3829787234042553,1,173
intersection:baseline_balanced@0.35+thinking_recall_v1@0.35+grouped_event@0.3+latent_candidate_v3@0.45,55,0.18333333333333332,0.8363636363636363,0.1498371335504886,0.2541436464088398,0.09106693995312762,0.37166666666666665,0.9818181818181818,0.23788546255506607,0.3829787234042553,1,173
intersection:baseline_balanced@0.35+thinking_recall_v1@0.35+grouped_event@0.3+latent_candidate_v3@0.6,55,0.18333333333333332,0.8363636363636363,0.1498371335504886,0.2541436464088398,0.09106693995312762,0.37166666666666665,0.9818181818181818,0.23788546255506607,0.3829787234042553,1,173
intersection:baseline_balanced@0.35+thinking_recall_v1@0.45+grouped_event@0.1+latent_candidate_v3@0.1,55,0.18333333333333332,0.8363636363636363,0.1498371335504886,0.2541436464088398,0.09106693995312762,0.37166666666666665,0.9818181818181818,0.23788546255506607,0.3829787234042553,1,173
intersection:baseline_balanced@0.35+thinking_recall_v1@0.45+grouped_event@0.1+latent_candidate_v3@0.3,55,0.18333333333333332,0.8363636363636363,0.1498371335504886,0.2541436464088398,0.09106693995312762,0.37166666666666665,0.9818181818181818,0.23788546255506607,0.3829787234042553,1,173
intersection:baseline_balanced@0.35+thinking_recall_v1@0.45+grouped_event@0.1+latent_candidate_v3@0.35,55,0.18333333333333332,0.8363636363636363,0.1498371335504886,0.2541436464088398,0.09106693995312762,0.37166666666666665,0.9818181818181818,0.23788546255506607,0.3829787234042553,1,173
intersection:baseline_balanced@0.35+thinking_recall_v1@0.45+grouped_event@0.1+latent_candidate_v3@0.45,55,0.18333333333333332,0.8363636363636363,0.1498371335504886,0.2541436464088398,0.09106693995312762,0.37166666666666665,0.9818181818181818,0.23788546255506607,0.3829787234042553,1,173
intersection:baseline_balanced@0.35+thinking_recall_v1@0.45+grouped_event@0.1+latent_candidate_v3@0.6,55,0.18333333333333332,0.8363636363636363,0.1498371335504886,0.2541436464088398,0.09106693995312762,0.37166666666666665,0.9818181818181818,0.23788546255506607,0.3829787234042553,1,173
intersection:baseline_balanced@0.35+thinking_recall_v1@0.45+grouped_event@0.3+latent_candidate_v3@0.1,55,0.18333333333333332,0.8363636363636363,0.1498371335504886,0.2541436464088398,0.09106693995312762,0.37166666666666665,0.9818181818181818,0.23788546255506607,0.3829787234042553,1,173
intersection:baseline_balanced@0.35+thinking_recall_v1@0.45+grouped_event@0.3+latent_candidate_v3@0.3,55,0.18333333333333332,0.8363636363636363,0.1498371335504886,0.2541436464088398,0.09106693995312762,0.37166666666666665,0.9818181818181818,0.23788546255506607,0.3829787234042553,1,173
intersection:baseline_balanced@0.35+thinking_recall_v1@0.45+grouped_event@0.3+latent_candidate_v3@0.35,55,0.18333333333333332,0.8363636363636363,0.1498371335504886,0.2541436464088398,0.09106693995312762,0.37166666666666665,0.9818181818181818,0.23788546255506607,0.3829787234042553,1,173
intersection:baseline_balanced@0.35+thinking_recall_v1@0.45+grouped_event@0.3+latent_candidate_v3@0.45,55,0.18333333333333332,0.8363636363636363,0.1498371335504886,0.2541436464088398,0.09106693995312762,0.37166666666666665,0.9818181818181818,0.23788546255506607,0.3829787234042553,1,173
intersection:baseline_balanced@0.35+thinking_recall_v1@0.45+grouped_event@0.3+latent_candidate_v3@0.6,55,0.18333333333333332,0.8363636363636363,0.1498371335504886,0.2541436464088398,0.09106693995312762,0.37166666666666665,0.9818181818181818,0.23788546255506607,0.3829787234042553,1,173
intersection:baseline_balanced@0.35+thinking_recall_v1@0.6+grouped_event@0.1+latent_candidate_v3@0.1,55,0.18333333333333332,0.8363636363636363,0.1498371335504886,0.2541436464088398,0.09106693995312762,0.37166666666666665,0.9818181818181818,0.23788546255506607,0.3829787234042553,1,173
intersection:baseline_balanced@0.35+thinking_recall_v1@0.6+grouped_event@0.1+latent_candidate_v3@0.3,55,0.18333333333333332,0.8363636363636363,0.1498371335504886,0.2541436464088398,0.09106693995312762,0.37166666666666665,0.9818181818181818,0.23788546255506607,0.3829787234042553,1,173
intersection:baseline_balanced@0.35+thinking_recall_v1@0.6+grouped_event@0.1+latent_candidate_v3@0.35,55,0.18333333333333332,0.8363636363636363,0.1498371335504886,0.2541436464088398,0.09106693995312762,0.37166666666666665,0.9818181818181818,0.23788546255506607,0.3829787234042553,1,173
intersection:baseline_balanced@0.35+thinking_recall_v1@0.6+grouped_event@0.1+latent_candidate_v3@0.45,55,0.18333333333333332,0.8363636363636363,0.1498371335504886,0.2541436464088398,0.09106693995312762,0.37166666666666665,0.9818181818181818,0.23788546255506607,0.3829787234042553,1,173
intersection:baseline_balanced@0.35+thinking_recall_v1@0.6+grouped_event@0.1+latent_candidate_v3@0.6,55,0.18333333333333332,0.8363636363636363,0.1498371335504886,0.2541436464088398,0.09106693995312762,0.37166666666666665,0.9818181818181818,0.23788546255506607,0.3829787234042553,1,173
intersection:baseline_balanced@0.35+thinking_recall_v1@0.6+grouped_event@0.3+latent_candidate_v3@0.1,55,0.18333333333333332,0.8363636363636363,0.1498371335504886,0.2541436464088398,0.09106693995312762,0.37166666666666665,0.9818181818181818,0.23788546255506607,0.3829787234042553,1,173
intersection:baseline_balanced@0.35+thinking_recall_v1@0.6+grouped_event@0.3+latent_candidate_v3@0.3,55,0.18333333333333332,0.8363636363636363,0.1498371335504886,0.2541436464088398,0.09106693995312762,0.37166666666666665,0.9818181818181818,0.23788546255506607,0.3829787234042553,1,173
intersection:baseline_balanced@0.35+thinking_recall_v1@0.6+grouped_event@0.3+latent_candidate_v3@0.35,55,0.18333333333333332,0.8363636363636363,0.1498371335504886,0.2541436464088398,0.09106693995312762,0.37166666666666665,0.9818181818181818,0.23788546255506607,0.3829787234042553,1,173
intersection:baseline_balanced@0.35+thinking_recall_v1@0.6+grouped_event@0.3+latent_candidate_v3@0.45,55,0.18333333333333332,0.8363636363636363,0.1498371335504886,0.2541436464088398,0.09106693995312762,0.37166666666666665,0.9818181818181818,0.23788546255506607,0.3829787234042553,1,173
intersection:baseline_balanced@0.35+thinking_recall_v1@0.6+grouped_event@0.3+latent_candidate_v3@0.6,55,0.18333333333333332,0.8363636363636363,0.1498371335504886,0.2541436464088398,0.09106693995312762,0.37166666666666665,0.9818181818181818,0.23788546255506607,0.3829787234042553,1,173
intersection:baseline_balanced@0.45+thinking_recall_v1@0.35+grouped_event@0.1+latent_candidate_v3@0.1,55,0.18333333333333332,0.8363636363636363,0.1498371335504886,0.2541436464088398,0.09106693995312762,0.37166666666666665,0.9818181818181818,0.23788546255506607,0.3829787234042553,1,173
intersection:baseline_balanced@0.45+thinking_recall_v1@0.35+grouped_event@0.1+latent_candidate_v3@0.3,55,0.18333333333333332,0.8363636363636363,0.1498371335504886,0.2541436464088398,0.09106693995312762,0.37166666666666665,0.9818181818181818,0.23788546255506607,0.3829787234042553,1,173
intersection:baseline_balanced@0.45+thinking_recall_v1@0.35+grouped_event@0.1+latent_candidate_v3@0.35,55,0.18333333333333332,0.8363636363636363,0.1498371335504886,0.2541436464088398,0.09106693995312762,0.37166666666666665,0.9818181818181818,0.23788546255506607,0.3829787234042553,1,173
intersection:baseline_balanced@0.45+thinking_recall_v1@0.35+grouped_event@0.1+latent_candidate_v3@0.45,55,0.18333333333333332,0.8363636363636363,0.1498371335504886,0.2541436464088398,0.09106693995312762,0.37166666666666665,0.9818181818181818,0.23788546255506607,0.3829787234042553,1,173
intersection:baseline_balanced@0.45+thinking_recall_v1@0.35+grouped_event@0.1+latent_candidate_v3@0.6,55,0.18333333333333332,0.8363636363636363,0.1498371335504886,0.2541436464088398,0.09106693995312762,0.37166666666666665,0.9818181818181818,0.23788546255506607,0.3829787234042553,1,173
intersection:baseline_balanced@0.45+thinking_recall_v1@0.35+grouped_event@0.3+latent_candidate_v3@0.1,55,0.18333333333333332,0.8363636363636363,0.1498371335504886,0.2541436464088398,0.09106693995312762,0.37166666666666665,0.9818181818181818,0.23788546255506607,0.3829787234042553,1,173
intersection:baseline_balanced@0.45+thinking_recall_v1@0.35+grouped_event@0.3+latent_candidate_v3@0.3,55,0.18333333333333332,0.8363636363636363,0.1498371335504886,0.2541436464088398,0.09106693995312762,0.37166666666666665,0.9818181818181818,0.23788546255506607,0.3829787234042553,1,173
intersection:baseline_balanced@0.45+thinking_recall_v1@0.35+grouped_event@0.3+latent_candidate_v3@0.35,55,0.18333333333333332,0.8363636363636363,0.1498371335504886,0.2541436464088398,0.09106693995312762,0.37166666666666665,0.9818181818181818,0.23788546255506607,0.3829787234042553,1,173
intersection:baseline_balanced@0.45+thinking_recall_v1@0.35+grouped_event@0.3+latent_candidate_v3@0.45,55,0.18333333333333332,0.8363636363636363,0.1498371335504886,0.2541436464088398,0.09106693995312762,0.37166666666666665,0.9818181818181818,0.23788546255506607,0.3829787234042553,1,173
intersection:baseline_balanced@0.45+thinking_recall_v1@0.35+grouped_event@0.3+latent_candidate_v3@0.6,55,0.18333333333333332,0.8363636363636363,0.1498371335504886,0.2541436464088398,0.09106693995312762,0.37166666666666665,0.9818181818181818,0.23788546255506607,0.3829787234042553,1,173
intersection:baseline_balanced@0.45+thinking_recall_v1@0.45+grouped_event@0.1+latent_candidate_v3@0.1,55,0.18333333333333332,0.8363636363636363,0.1498371335504886,0.2541436464088398,0.09106693995312762,0.37166666666666665,0.9818181818181818,0.23788546255506607,0.3829787234042553,1,173
intersection:baseline_balanced@0.45+thinking_recall_v1@0.45+grouped_event@0.1+latent_candidate_v3@0.3,55,0.18333333333333332,0.8363636363636363,0.1498371335504886,0.2541436464088398,0.09106693995312762,0.37166666666666665,0.9818181818181818,0.23788546255506607,0.3829787234042553,1,173
intersection:baseline_balanced@0.45+thinking_recall_v1@0.45+grouped_event@0.1+latent_candidate_v3@0.35,55,0.18333333333333332,0.8363636363636363,0.1498371335504886,0.2541436464088398,0.09106693995312762,0.37166666666666665,0.9818181818181818,0.23788546255506607,0.3829787234042553,1,173
intersection:baseline_balanced@0.45+thinking_recall_v1@0.45+grouped_event@0.1+latent_candidate_v3@0.45,55,0.18333333333333332,0.8363636363636363,0.1498371335504886,0.2541436464088398,0.09106693995312762,0.37166666666666665,0.9818181818181818,0.23788546255506607,0.3829787234042553,1,173
intersection:baseline_balanced@0.45+thinking_recall_v1@0.45+grouped_event@0.1+latent_candidate_v3@0.6,55,0.18333333333333332,0.8363636363636363,0.1498371335504886,0.2541436464088398,0.09106693995312762,0.37166666666666665,0.9818181818181818,0.23788546255506607,0.3829787234042553,1,173
intersection:baseline_balanced@0.45+thinking_recall_v1@0.45+grouped_event@0.3+latent_candidate_v3@0.1,55,0.18333333333333332,0.8363636363636363,0.1498371335504886,0.2541436464088398,0.09106693995312762,0.37166666666666665,0.9818181818181818,0.23788546255506607,0.3829787234042553,1,173
intersection:baseline_balanced@0.45+thinking_recall_v1@0.45+grouped_event@0.3+latent_candidate_v3@0.3,55,0.18333333333333332,0.8363636363636363,0.1498371335504886,0.2541436464088398,0.09106693995312762,0.37166666666666665,0.9818181818181818,0.23788546255506607,0.3829787234042553,1,173
intersection:baseline_balanced@0.45+thinking_recall_v1@0.45+grouped_event@0.3+latent_candidate_v3@0.35,55,0.18333333333333332,0.8363636363636363,0.1498371335504886,0.2541436464088398,0.09106693995312762,0.37166666666666665,0.9818181818181818,0.23788546255506607,0.3829787234042553,1,173
intersection:baseline_balanced@0.45+thinking_recall_v1@0.45+grouped_event@0.3+latent_candidate_v3@0.45,55,0.18333333333333332,0.8363636363636363,0.1498371335504886,0.2541436464088398,0.09106693995312762,0.37166666666666665,0.9818181818181818,0.23788546255506607,0.3829787234042553,1,173
intersection:baseline_balanced@0.45+thinking_recall_v1@0.45+grouped_event@0.3+latent_candidate_v3@0.6,55,0.18333333333333332,0.8363636363636363,0.1498371335504886,0.2541436464088398,0.09106693995312762,0.37166666666666665,0.9818181818181818,0.23788546255506607,0.3829787234042553,1,173
intersection:baseline_balanced@0.45+thinking_recall_v1@0.6+grouped_event@0.1+latent_candidate_v3@0.1,55,0.18333333333333332,0.8363636363636363,0.1498371335504886,0.2541436464088398,0.09106693995312762,0.37166666666666665,0.9818181818181818,0.23788546255506607,0.3829787234042553,1,173
intersection:baseline_balanced@0.45+thinking_recall_v1@0.6+grouped_event@0.1+latent_candidate_v3@0.3,55,0.18333333333333332,0.8363636363636363,0.1498371335504886,0.2541436464088398,0.09106693995312762,0.37166666666666665,0.9818181818181818,0.23788546255506607,0.3829787234042553,1,173
intersection:baseline_balanced@0.45+thinking_recall_v1@0.6+grouped_event@0.1+latent_candidate_v3@0.35,55,0.18333333333333332,0.8363636363636363,0.1498371335504886,0.2541436464088398,0.09106693995312762,0.37166666666666665,0.9818181818181818,0.23788546255506607,0.3829787234042553,1,173
intersection:baseline_balanced@0.45+thinking_recall_v1@0.6+grouped_event@0.1+latent_candidate_v3@0.45,55,0.18333333333333332,0.8363636363636363,0.1498371335504886,0.2541436464088398,0.09106693995312762,0.37166666666666665,0.9818181818181818,0.23788546255506607,0.3829787234042553,1,173
intersection:baseline_balanced@0.45+thinking_recall_v1@0.6+grouped_event@0.1+latent_candidate_v3@0.6,55,0.18333333333333332,0.8363636363636363,0.1498371335504886,0.2541436464088398,0.09106693995312762,0.37166666666666665,0.9818181818181818,0.23788546255506607,0.3829787234042553,1,173
intersection:baseline_balanced@0.45+thinking_recall_v1@0.6+grouped_event@0.3+latent_candidate_v3@0.1,55,0.18333333333333332,0.8363636363636363,0.1498371335504886,0.2541436464088398,0.09106693995312762,0.37166666666666665,0.9818181818181818,0.23788546255506607,0.3829787234042553,1,173
intersection:baseline_balanced@0.45+thinking_recall_v1@0.6+grouped_event@0.3+latent_candidate_v3@0.3,55,0.18333333333333332,0.8363636363636363,0.1498371335504886,0.2541436464088398,0.09106693995312762,0.37166666666666665,0.9818181818181818,0.23788546255506607,0.3829787234042553,1,173
intersection:baseline_balanced@0.45+thinking_recall_v1@0.6+grouped_event@0.3+latent_candidate_v3@0.35,55,0.18333333333333332,0.8363636363636363,0.1498371335504886,0.2541436464088398,0.09106693995312762,0.37166666666666665,0.9818181818181818,0.23788546255506607,0.3829787234042553,1,173
intersection:baseline_balanced@0.45+thinking_recall_v1@0.6+grouped_event@0.3+latent_candidate_v3@0.45,55,0.18333333333333332,0.8363636363636363,0.1498371335504886,0.2541436464088398,0.09106693995312762,0.37166666666666665,0.9818181818181818,0.23788546255506607,0.3829787234042553,1,173
intersection:baseline_balanced@0.45+thinking_recall_v1@0.6+grouped_event@0.3+latent_candidate_v3@0.6,55,0.18333333333333332,0.8363636363636363,0.1498371335504886,0.2541436464088398,0.09106693995312762,0.37166666666666665,0.9818181818181818,0.23788546255506607,0.3829787234042553,1,173
intersection:baseline_balanced@0.6+thinking_recall_v1@0.35+grouped_event@0.1+latent_candidate_v3@0.1,55,0.18333333333333332,0.8363636363636363,0.1498371335504886,0.2541436464088398,0.09106693995312762,0.37166666666666665,0.9818181818181818,0.23788546255506607,0.3829787234042553,1,173
intersection:baseline_balanced@0.6+thinking_recall_v1@0.35+grouped_event@0.1+latent_candidate_v3@0.3,55,0.18333333333333332,0.8363636363636363,0.1498371335504886,0.2541436464088398,0.09106693995312762,0.37166666666666665,0.9818181818181818,0.23788546255506607,0.3829787234042553,1,173
intersection:baseline_balanced@0.6+thinking_recall_v1@0.35+grouped_event@0.1+latent_candidate_v3@0.35,55,0.18333333333333332,0.8363636363636363,0.1498371335504886,0.2541436464088398,0.09106693995312762,0.37166666666666665,0.9818181818181818,0.23788546255506607,0.3829787234042553,1,173
intersection:baseline_balanced@0.6+thinking_recall_v1@0.35+grouped_event@0.1+latent_candidate_v3@0.45,55,0.18333333333333332,0.8363636363636363,0.1498371335504886,0.2541436464088398,0.09106693995312762,0.37166666666666665,0.9818181818181818,0.23788546255506607,0.3829787234042553,1,173
intersection:baseline_balanced@0.6+thinking_recall_v1@0.35+grouped_event@0.1+latent_candidate_v3@0.6,55,0.18333333333333332,0.8363636363636363,0.1498371335504886,0.2541436464088398,0.09106693995312762,0.37166666666666665,0.9818181818181818,0.23788546255506607,0.3829787234042553,1,173
intersection:baseline_balanced@0.6+thinking_recall_v1@0.35+grouped_event@0.3+latent_candidate_v3@0.1,55,0.18333333333333332,0.8363636363636363,0.1498371335504886,0.2541436464088398,0.09106693995312762,0.37166666666666665,0.9818181818181818,0.23788546255506607,0.3829787234042553,1,173
intersection:baseline_balanced@0.6+thinking_recall_v1@0.35+grouped_event@0.3+latent_candidate_v3@0.3,55,0.18333333333333332,0.8363636363636363,0.1498371335504886,0.2541436464088398,0.09106693995312762,0.37166666666666665,0.9818181818181818,0.23788546255506607,0.3829787234042553,1,173
intersection:baseline_balanced@0.6+thinking_recall_v1@0.35+grouped_event@0.3+latent_candidate_v3@0.35,55,0.18333333333333332,0.8363636363636363,0.1498371335504886,0.2541436464088398,0.09106693995312762,0.37166666666666665,0.9818181818181818,0.23788546255506607,0.3829787234042553,1,173
intersection:baseline_balanced@0.6+thinking_recall_v1@0.35+grouped_event@0.3+latent_candidate_v3@0.45,55,0.18333333333333332,0.8363636363636363,0.1498371335504886,0.2541436464088398,0.09106693995312762,0.37166666666666665,0.9818181818181818,0.23788546255506607,0.3829787234042553,1,173
intersection:baseline_balanced@0.6+thinking_recall_v1@0.35+grouped_event@0.3+latent_candidate_v3@0.6,55,0.18333333333333332,0.8363636363636363,0.1498371335504886,0.2541436464088398,0.09106693995312762,0.37166666666666665,0.9818181818181818,0.23788546255506607,0.3829787234042553,1,173
intersection:baseline_balanced@0.6+thinking_recall_v1@0.45+grouped_event@0.1+latent_candidate_v3@0.1,55,0.18333333333333332,0.8363636363636363,0.1498371335504886,0.2541436464088398,0.09106693995312762,0.37166666666666665,0.9818181818181818,0.23788546255506607,0.3829787234042553,1,173
intersection:baseline_balanced@0.6+thinking_recall_v1@0.45+grouped_event@0.1+latent_candidate_v3@0.3,55,0.18333333333333332,0.8363636363636363,0.1498371335504886,0.2541436464088398,0.09106693995312762,0.37166666666666665,0.9818181818181818,0.23788546255506607,0.3829787234042553,1,173
intersection:baseline_balanced@0.6+thinking_recall_v1@0.45+grouped_event@0.1+latent_candidate_v3@0.35,55,0.18333333333333332,0.8363636363636363,0.1498371335504886,0.2541436464088398,0.09106693995312762,0.37166666666666665,0.9818181818181818,0.23788546255506607,0.3829787234042553,1,173
intersection:baseline_balanced@0.6+thinking_recall_v1@0.45+grouped_event@0.1+latent_candidate_v3@0.45,55,0.18333333333333332,0.8363636363636363,0.1498371335504886,0.2541436464088398,0.09106693995312762,0.37166666666666665,0.9818181818181818,0.23788546255506607,0.3829787234042553,1,173
intersection:baseline_balanced@0.6+thinking_recall_v1@0.45+grouped_event@0.1+latent_candidate_v3@0.6,55,0.18333333333333332,0.8363636363636363,0.1498371335504886,0.2541436464088398,0.09106693995312762,0.37166666666666665,0.9818181818181818,0.23788546255506607,0.3829787234042553,1,173
intersection:baseline_balanced@0.6+thinking_recall_v1@0.45+grouped_event@0.3+latent_candidate_v3@0.1,55,0.18333333333333332,0.8363636363636363,0.1498371335504886,0.2541436464088398,0.09106693995312762,0.37166666666666665,0.9818181818181818,0.23788546255506607,0.3829787234042553,1,173
intersection:baseline_balanced@0.6+thinking_recall_v1@0.45+grouped_event@0.3+latent_candidate_v3@0.3,55,0.18333333333333332,0.8363636363636363,0.1498371335504886,0.2541436464088398,0.09106693995312762,0.37166666666666665,0.9818181818181818,0.23788546255506607,0.3829787234042553,1,173
intersection:baseline_balanced@0.6+thinking_recall_v1@0.45+grouped_event@0.3+latent_candidate_v3@0.35,55,0.18333333333333332,0.8363636363636363,0.1498371335504886,0.2541436464088398,0.09106693995312762,0.37166666666666665,0.9818181818181818,0.23788546255506607,0.3829787234042553,1,173
intersection:baseline_balanced@0.6+thinking_recall_v1@0.45+grouped_event@0.3+latent_candidate_v3@0.45,55,0.18333333333333332,0.8363636363636363,0.1498371335504886,0.2541436464088398,0.09106693995312762,0.37166666666666665,0.9818181818181818,0.23788546255506607,0.3829787234042553,1,173
intersection:baseline_balanced@0.6+thinking_recall_v1@0.45+grouped_event@0.3+latent_candidate_v3@0.6,55,0.18333333333333332,0.8363636363636363,0.1498371335504886,0.2541436464088398,0.09106693995312762,0.37166666666666665,0.9818181818181818,0.23788546255506607,0.3829787234042553,1,173
intersection:baseline_balanced@0.6+thinking_recall_v1@0.6+grouped_event@0.1+latent_candidate_v3@0.1,55,0.18333333333333332,0.8363636363636363,0.1498371335504886,0.2541436464088398,0.09106693995312762,0.37166666666666665,0.9818181818181818,0.23788546255506607,0.3829787234042553,1,173
intersection:baseline_balanced@0.6+thinking_recall_v1@0.6+grouped_event@0.1+latent_candidate_v3@0.3,55,0.18333333333333332,0.8363636363636363,0.1498371335504886,0.2541436464088398,0.09106693995312762,0.37166666666666665,0.9818181818181818,0.23788546255506607,0.3829787234042553,1,173
intersection:baseline_balanced@0.6+thinking_recall_v1@0.6+grouped_event@0.1+latent_candidate_v3@0.35,55,0.18333333333333332,0.8363636363636363,0.1498371335504886,0.2541436464088398,0.09106693995312762,0.37166666666666665,0.9818181818181818,0.23788546255506607,0.3829787234042553,1,173
intersection:baseline_balanced@0.6+thinking_recall_v1@0.6+grouped_event@0.1+latent_candidate_v3@0.45,55,0.18333333333333332,0.8363636363636363,0.1498371335504886,0.2541436464088398,0.09106693995312762,0.37166666666666665,0.9818181818181818,0.23788546255506607,0.3829787234042553,1,173
intersection:baseline_balanced@0.6+thinking_recall_v1@0.6+grouped_event@0.1+latent_candidate_v3@0.6,55,0.18333333333333332,0.8363636363636363,0.1498371335504886,0.2541436464088398,0.09106693995312762,0.37166666666666665,0.9818181818181818,0.23788546255506607,0.3829787234042553,1,173
intersection:baseline_balanced@0.6+thinking_recall_v1@0.6+grouped_event@0.3+latent_candidate_v3@0.1,55,0.18333333333333332,0.8363636363636363,0.1498371335504886,0.2541436464088398,0.09106693995312762,0.37166666666666665,0.9818181818181818,0.23788546255506607,0.3829787234042553,1,173
intersection:baseline_balanced@0.6+thinking_recall_v1@0.6+grouped_event@0.3+latent_candidate_v3@0.3,55,0.18333333333333332,0.8363636363636363,0.1498371335504886,0.2541436464088398,0.09106693995312762,0.37166666666666665,0.9818181818181818,0.23788546255506607,0.3829787234042553,1,173
intersection:baseline_balanced@0.6+thinking_recall_v1@0.6+grouped_event@0.3+latent_candidate_v3@0.35,55,0.18333333333333332,0.8363636363636363,0.1498371335504886,0.2541436464088398,0.09106693995312762,0.37166666666666665,0.9818181818181818,0.23788546255506607,0.3829787234042553,1,173
intersection:baseline_balanced@0.6+thinking_recall_v1@0.6+grouped_event@0.3+latent_candidate_v3@0.45,55,0.18333333333333332,0.8363636363636363,0.1498371335504886,0.2541436464088398,0.09106693995312762,0.37166666666666665,0.9818181818181818,0.23788546255506607,0.3829787234042553,1,173
intersection:baseline_balanced@0.6+thinking_recall_v1@0.6+grouped_event@0.3+latent_candidate_v3@0.6,55,0.18333333333333332,0.8363636363636363,0.1498371335504886,0.2541436464088398,0.09106693995312762,0.37166666666666665,0.9818181818181818,0.23788546255506607,0.3829787234042553,1,173
intersection:thinking_recall_v1@0.35+grouped_event@0.35+latent_candidate_v3@0.45,59,0.19666666666666666,0.7627118644067796,0.1465798045602606,0.2459016393442623,0.10191903991932148,0.3644444444444444,0.9642857142857143,0.23788546255506607,0.38162544169611307,2,173
intersection:thinking_recall_v1@0.35+grouped_event@0.35+latent_candidate_v3@0.6,59,0.19666666666666666,0.7627118644067796,0.1465798045602606,0.2459016393442623,0.10191903991932148,0.3644444444444444,0.9642857142857143,0.23788546255506607,0.38162544169611307,2,173
intersection:thinking_recall_v1@0.35+grouped_event@0.45+latent_candidate_v3@0.45,59,0.19666666666666666,0.7627118644067796,0.1465798045602606,0.2459016393442623,0.10191903991932148,0.3644444444444444,0.9642857142857143,0.23788546255506607,0.38162544169611307,2,173
intersection:thinking_recall_v1@0.35+grouped_event@0.45+latent_candidate_v3@0.6,59,0.19666666666666666,0.7627118644067796,0.1465798045602606,0.2459016393442623,0.10191903991932148,0.3644444444444444,0.9642857142857143,0.23788546255506607,0.38162544169611307,2,173
intersection:thinking_recall_v1@0.35+grouped_event@0.6+latent_candidate_v3@0.45,59,0.19666666666666666,0.7627118644067796,0.1465798045602606,0.2459016393442623,0.10191903991932148,0.3644444444444444,0.9642857142857143,0.23788546255506607,0.38162544169611307,2,173
intersection:thinking_recall_v1@0.35+grouped_event@0.6+latent_candidate_v3@0.6,59,0.19666666666666666,0.7627118644067796,0.1465798045602606,0.2459016393442623,0.10191903991932148,0.3644444444444444,0.9642857142857143,0.23788546255506607,0.38162544169611307,2,173
intersection:thinking_recall_v1@0.45+grouped_event@0.35+latent_candidate_v3@0.45,59,0.19666666666666666,0.7627118644067796,0.1465798045602606,0.2459016393442623,0.10191903991932148,0.3644444444444444,0.9642857142857143,0.23788546255506607,0.38162544169611307,2,173
intersection:thinking_recall_v1@0.45+grouped_event@0.35+latent_candidate_v3@0.6,59,0.19666666666666666,0.7627118644067796,0.1465798045602606,0.2459016393442623,0.10191903991932148,0.3644444444444444,0.9642857142857143,0.23788546255506607,0.38162544169611307,2,173
intersection:thinking_recall_v1@0.45+grouped_event@0.45+latent_candidate_v3@0.45,59,0.19666666666666666,0.7627118644067796,0.1465798045602606,0.2459016393442623,0.10191903991932148,0.3644444444444444,0.9642857142857143,0.23788546255506607,0.38162544169611307,2,173
intersection:thinking_recall_v1@0.45+grouped_event@0.45+latent_candidate_v3@0.6,59,0.19666666666666666,0.7627118644067796,0.1465798045602606,0.2459016393442623,0.10191903991932148,0.3644444444444444,0.9642857142857143,0.23788546255506607,0.38162544169611307,2,173
intersection:thinking_recall_v1@0.45+grouped_event@0.6+latent_candidate_v3@0.45,59,0.19666666666666666,0.7627118644067796,0.1465798045602606,0.2459016393442623,0.10191903991932148,0.3644444444444444,0.9642857142857143,0.23788546255506607,0.38162544169611307,2,173
intersection:thinking_recall_v1@0.45+grouped_event@0.6+latent_candidate_v3@0.6,59,0.19666666666666666,0.7627118644067796,0.1465798045602606,0.2459016393442623,0.10191903991932148,0.3644444444444444,0.9642857142857143,0.23788546255506607,0.38162544169611307,2,173
intersection:thinking_recall_v1@0.6+grouped_event@0.35+latent_candidate_v3@0.45,59,0.19666666666666666,0.7627118644067796,0.1465798045602606,0.2459016393442623,0.10191903991932148,0.3644444444444444,0.9642857142857143,0.23788546255506607,0.38162544169611307,2,173
intersection:thinking_recall_v1@0.6+grouped_event@0.35+latent_candidate_v3@0.6,59,0.19666666666666666,0.7627118644067796,0.1465798045602606,0.2459016393442623,0.10191903991932148,0.3644444444444444,0.9642857142857143,0.23788546255506607,0.38162544169611307,2,173
intersection:thinking_recall_v1@0.6+grouped_event@0.45+latent_candidate_v3@0.45,59,0.19666666666666666,0.7627118644067796,0.1465798045602606,0.2459016393442623,0.10191903991932148,0.3644444444444444,0.9642857142857143,0.23788546255506607,0.38162544169611307,2,173
intersection:thinking_recall_v1@0.6+grouped_event@0.45+latent_candidate_v3@0.6,59,0.19666666666666666,0.7627118644067796,0.1465798045602606,0.2459016393442623,0.10191903991932148,0.3644444444444444,0.9642857142857143,0.23788546255506607,0.38162544169611307,2,173
intersection:thinking_recall_v1@0.6+grouped_event@0.6+latent_candidate_v3@0.45,59,0.19666666666666666,0.7627118644067796,0.1465798045602606,0.2459016393442623,0.10191903991932148,0.3644444444444444,0.9642857142857143,0.23788546255506607,0.38162544169611307,2,173
intersection:thinking_recall_v1@0.6+grouped_event@0.6+latent_candidate_v3@0.6,59,0.19666666666666666,0.7627118644067796,0.1465798045602606,0.2459016393442623,0.10191903991932148,0.3644444444444444,0.9642857142857143,0.23788546255506607,0.38162544169611307,2,173
intersection:thinking_recall_v1@0.35+grouped_event@0.35+latent_candidate_v3@0.1,60,0.2,0.75,0.1465798045602606,0.2452316076294278,0.10191903991932148,0.3644444444444444,0.9649122807017544,0.2422907488986784,0.3873239436619718,2,172
intersection:thinking_recall_v1@0.35+grouped_event@0.35+latent_candidate_v3@0.3,60,0.2,0.75,0.1465798045602606,0.2452316076294278,0.10191903991932148,0.3644444444444444,0.9649122807017544,0.2422907488986784,0.3873239436619718,2,172
intersection:thinking_recall_v1@0.35+grouped_event@0.35+latent_candidate_v3@0.35,60,0.2,0.75,0.1465798045602606,0.2452316076294278,0.10191903991932148,0.3644444444444444,0.9649122807017544,0.2422907488986784,0.3873239436619718,2,172
intersection:thinking_recall_v1@0.35+grouped_event@0.45+latent_candidate_v3@0.1,60,0.2,0.75,0.1465798045602606,0.2452316076294278,0.10191903991932148,0.3644444444444444,0.9649122807017544,0.2422907488986784,0.3873239436619718,2,172
intersection:thinking_recall_v1@0.35+grouped_event@0.45+latent_candidate_v3@0.3,60,0.2,0.75,0.1465798045602606,0.2452316076294278,0.10191903991932148,0.3644444444444444,0.9649122807017544,0.2422907488986784,0.3873239436619718,2,172
intersection:thinking_recall_v1@0.35+grouped_event@0.45+latent_candidate_v3@0.35,60,0.2,0.75,0.1465798045602606,0.2452316076294278,0.10191903991932148,0.3644444444444444,0.9649122807017544,0.2422907488986784,0.3873239436619718,2,172
intersection:thinking_recall_v1@0.35+grouped_event@0.6+latent_candidate_v3@0.1,60,0.2,0.75,0.1465798045602606,0.2452316076294278,0.10191903991932148,0.3644444444444444,0.9649122807017544,0.2422907488986784,0.3873239436619718,2,172
intersection:thinking_recall_v1@0.35+grouped_event@0.6+latent_candidate_v3@0.3,60,0.2,0.75,0.1465798045602606,0.2452316076294278,0.10191903991932148,0.3644444444444444,0.9649122807017544,0.2422907488986784,0.3873239436619718,2,172
intersection:thinking_recall_v1@0.35+grouped_event@0.6+latent_candidate_v3@0.35,60,0.2,0.75,0.1465798045602606,0.2452316076294278,0.10191903991932148,0.3644444444444444,0.9649122807017544,0.2422907488986784,0.3873239436619718,2,172
intersection:thinking_recall_v1@0.45+grouped_event@0.35+latent_candidate_v3@0.1,60,0.2,0.75,0.1465798045602606,0.2452316076294278,0.10191903991932148,0.3644444444444444,0.9649122807017544,0.2422907488986784,0.3873239436619718,2,172
intersection:thinking_recall_v1@0.45+grouped_event@0.35+latent_candidate_v3@0.3,60,0.2,0.75,0.1465798045602606,0.2452316076294278,0.10191903991932148,0.3644444444444444,0.9649122807017544,0.2422907488986784,0.3873239436619718,2,172
intersection:thinking_recall_v1@0.45+grouped_event@0.35+latent_candidate_v3@0.35,60,0.2,0.75,0.1465798045602606,0.2452316076294278,0.10191903991932148,0.3644444444444444,0.9649122807017544,0.2422907488986784,0.3873239436619718,2,172
intersection:thinking_recall_v1@0.45+grouped_event@0.45+latent_candidate_v3@0.1,60,0.2,0.75,0.1465798045602606,0.2452316076294278,0.10191903991932148,0.3644444444444444,0.9649122807017544,0.2422907488986784,0.3873239436619718,2,172
intersection:thinking_recall_v1@0.45+grouped_event@0.45+latent_candidate_v3@0.3,60,0.2,0.75,0.1465798045602606,0.2452316076294278,0.10191903991932148,0.3644444444444444,0.9649122807017544,0.2422907488986784,0.3873239436619718,2,172
intersection:thinking_recall_v1@0.45+grouped_event@0.45+latent_candidate_v3@0.35,60,0.2,0.75,0.1465798045602606,0.2452316076294278,0.10191903991932148,0.3644444444444444,0.9649122807017544,0.2422907488986784,0.3873239436619718,2,172
intersection:thinking_recall_v1@0.45+grouped_event@0.6+latent_candidate_v3@0.1,60,0.2,0.75,0.1465798045602606,0.2452316076294278,0.10191903991932148,0.3644444444444444,0.9649122807017544,0.2422907488986784,0.3873239436619718,2,172
intersection:thinking_recall_v1@0.45+grouped_event@0.6+latent_candidate_v3@0.3,60,0.2,0.75,0.1465798045602606,0.2452316076294278,0.10191903991932148,0.3644444444444444,0.9649122807017544,0.2422907488986784,0.3873239436619718,2,172
intersection:thinking_recall_v1@0.45+grouped_event@0.6+latent_candidate_v3@0.35,60,0.2,0.75,0.1465798045602606,0.2452316076294278,0.10191903991932148,0.3644444444444444,0.9649122807017544,0.2422907488986784,0.3873239436619718,2,172
intersection:thinking_recall_v1@0.6+grouped_event@0.35+latent_candidate_v3@0.1,60,0.2,0.75,0.1465798045602606,0.2452316076294278,0.10191903991932148,0.3644444444444444,0.9649122807017544,0.2422907488986784,0.3873239436619718,2,172
intersection:thinking_recall_v1@0.6+grouped_event@0.35+latent_candidate_v3@0.3,60,0.2,0.75,0.1465798045602606,0.2452316076294278,0.10191903991932148,0.3644444444444444,0.9649122807017544,0.2422907488986784,0.3873239436619718,2,172
intersection:thinking_recall_v1@0.6+grouped_event@0.35+latent_candidate_v3@0.35,60,0.2,0.75,0.1465798045602606,0.2452316076294278,0.10191903991932148,0.3644444444444444,0.9649122807017544,0.2422907488986784,0.3873239436619718,2,172
intersection:thinking_recall_v1@0.6+grouped_event@0.45+latent_candidate_v3@0.1,60,0.2,0.75,0.1465798045602606,0.2452316076294278,0.10191903991932148,0.3644444444444444,0.9649122807017544,0.2422907488986784,0.3873239436619718,2,172
intersection:thinking_recall_v1@0.6+grouped_event@0.45+latent_candidate_v3@0.3,60,0.2,0.75,0.1465798045602606,0.2452316076294278,0.10191903991932148,0.3644444444444444,0.9649122807017544,0.2422907488986784,0.3873239436619718,2,172
intersection:thinking_recall_v1@0.6+grouped_event@0.45+latent_candidate_v3@0.35,60,0.2,0.75,0.1465798045602606,0.2452316076294278,0.10191903991932148,0.3644444444444444,0.9649122807017544,0.2422907488986784,0.3873239436619718,2,172
intersection:thinking_recall_v1@0.6+grouped_event@0.6+latent_candidate_v3@0.1,60,0.2,0.75,0.1465798045602606,0.2452316076294278,0.10191903991932148,0.3644444444444444,0.9649122807017544,0.2422907488986784,0.3873239436619718,2,172
intersection:thinking_recall_v1@0.6+grouped_event@0.6+latent_candidate_v3@0.3,60,0.2,0.75,0.1465798045602606,0.2452316076294278,0.10191903991932148,0.3644444444444444,0.9649122807017544,0.2422907488986784,0.3873239436619718,2,172
intersection:thinking_recall_v1@0.6+grouped_event@0.6+latent_candidate_v3@0.35,60,0.2,0.75,0.1465798045602606,0.2452316076294278,0.10191903991932148,0.3644444444444444,0.9649122807017544,0.2422907488986784,0.3873239436619718,2,172
intersection:baseline_balanced@0.1+thinking_recall_v1@0.1+grouped_event@0.35,54,0.18,0.7962962962962963,0.14006514657980457,0.23822714681440443,0.09117846512440053,0.3616666666666667,0.9629629629629629,0.2290748898678414,0.3701067615658363,2,175
intersection:baseline_balanced@0.1+thinking_recall_v1@0.1+grouped_event@0.45,54,0.18,0.7962962962962963,0.14006514657980457,0.23822714681440443,0.09117846512440053,0.3616666666666667,0.9629629629629629,0.2290748898678414,0.3701067615658363,2,175
intersection:baseline_balanced@0.1+thinking_recall_v1@0.1+grouped_event@0.6,54,0.18,0.7962962962962963,0.14006514657980457,0.23822714681440443,0.09117846512440053,0.3616666666666667,0.9629629629629629,0.2290748898678414,0.3701067615658363,2,175
intersection:baseline_balanced@0.1+thinking_recall_v1@0.3+grouped_event@0.35,54,0.18,0.7962962962962963,0.14006514657980457,0.23822714681440443,0.09117846512440053,0.3616666666666667,0.9629629629629629,0.2290748898678414,0.3701067615658363,2,175
intersection:baseline_balanced@0.1+thinking_recall_v1@0.3+grouped_event@0.45,54,0.18,0.7962962962962963,0.14006514657980457,0.23822714681440443,0.09117846512440053,0.3616666666666667,0.9629629629629629,0.2290748898678414,0.3701067615658363,2,175
intersection:baseline_balanced@0.1+thinking_recall_v1@0.3+grouped_event@0.6,54,0.18,0.7962962962962963,0.14006514657980457,0.23822714681440443,0.09117846512440053,0.3616666666666667,0.9629629629629629,0.2290748898678414,0.3701067615658363,2,175
intersection:baseline_balanced@0.3+thinking_recall_v1@0.1+grouped_event@0.35,54,0.18,0.7962962962962963,0.14006514657980457,0.23822714681440443,0.09117846512440053,0.3616666666666667,0.9629629629629629,0.2290748898678414,0.3701067615658363,2,175
intersection:baseline_balanced@0.3+thinking_recall_v1@0.1+grouped_event@0.45,54,0.18,0.7962962962962963,0.14006514657980457,0.23822714681440443,0.09117846512440053,0.3616666666666667,0.9629629629629629,0.2290748898678414,0.3701067615658363,2,175
intersection:baseline_balanced@0.3+thinking_recall_v1@0.1+grouped_event@0.6,54,0.18,0.7962962962962963,0.14006514657980457,0.23822714681440443,0.09117846512440053,0.3616666666666667,0.9629629629629629,0.2290748898678414,0.3701067615658363,2,175
intersection:baseline_balanced@0.3+thinking_recall_v1@0.3+grouped_event@0.35,54,0.18,0.7962962962962963,0.14006514657980457,0.23822714681440443,0.09117846512440053,0.3616666666666667,0.9629629629629629,0.2290748898678414,0.3701067615658363,2,175
intersection:baseline_balanced@0.3+thinking_recall_v1@0.3+grouped_event@0.45,54,0.18,0.7962962962962963,0.14006514657980457,0.23822714681440443,0.09117846512440053,0.3616666666666667,0.9629629629629629,0.2290748898678414,0.3701067615658363,2,175
intersection:baseline_balanced@0.3+thinking_recall_v1@0.3+grouped_event@0.6,54,0.18,0.7962962962962963,0.14006514657980457,0.23822714681440443,0.09117846512440053,0.3616666666666667,0.9629629629629629,0.2290748898678414,0.3701067615658363,2,175
intersection:baseline_balanced@0.35+grouped_event@0.35,56,0.18666666666666668,0.7678571428571429,0.14006514657980457,0.2369146005509642,0.1536614569168965,0.3616666666666667,0.9818181818181818,0.23788546255506607,0.3829787234042553,1,173
intersection:baseline_balanced@0.35+grouped_event@0.45,56,0.18666666666666668,0.7678571428571429,0.14006514657980457,0.2369146005509642,0.1536614569168965,0.3616666666666667,0.9818181818181818,0.23788546255506607,0.3829787234042553,1,173
intersection:baseline_balanced@0.35+grouped_event@0.6,56,0.18666666666666668,0.7678571428571429,0.14006514657980457,0.2369146005509642,0.1536614569168965,0.3616666666666667,0.9818181818181818,0.23788546255506607,0.3829787234042553,1,173
intersection:baseline_balanced@0.45+grouped_event@0.35,56,0.18666666666666668,0.7678571428571429,0.14006514657980457,0.2369146005509642,0.1536614569168965,0.3616666666666667,0.9818181818181818,0.23788546255506607,0.3829787234042553,1,173
intersection:baseline_balanced@0.45+grouped_event@0.45,56,0.18666666666666668,0.7678571428571429,0.14006514657980457,0.2369146005509642,0.1536614569168965,0.3616666666666667,0.9818181818181818,0.23788546255506607,0.3829787234042553,1,173
intersection:baseline_balanced@0.45+grouped_event@0.6,56,0.18666666666666668,0.7678571428571429,0.14006514657980457,0.2369146005509642,0.1536614569168965,0.3616666666666667,0.9818181818181818,0.23788546255506607,0.3829787234042553,1,173
intersection:baseline_balanced@0.6+grouped_event@0.35,56,0.18666666666666668,0.7678571428571429,0.14006514657980457,0.2369146005509642,0.1536614569168965,0.3616666666666667,0.9818181818181818,0.23788546255506607,0.3829787234042553,1,173
intersection:baseline_balanced@0.6+grouped_event@0.45,56,0.18666666666666668,0.7678571428571429,0.14006514657980457,0.2369146005509642,0.1536614569168965,0.3616666666666667,0.9818181818181818,0.23788546255506607,0.3829787234042553,1,173
intersection:baseline_balanced@0.6+grouped_event@0.6,56,0.18666666666666668,0.7678571428571429,0.14006514657980457,0.2369146005509642,0.1536614569168965,0.3616666666666667,0.9818181818181818,0.23788546255506607,0.3829787234042553,1,173
intersection:baseline_balanced@0.1+thinking_recall_v1@0.1+grouped_event@0.35+latent_candidate_v3@0.1,52,0.17333333333333334,0.8076923076923077,0.13680781758957655,0.233983286908078,0.09050173621940823,0.35833333333333334,0.9615384615384616,0.22026431718061673,0.35842293906810035,2,177
intersection:baseline_balanced@0.1+thinking_recall_v1@0.1+grouped_event@0.35+latent_candidate_v3@0.3,52,0.17333333333333334,0.8076923076923077,0.13680781758957655,0.233983286908078,0.09050173621940823,0.35833333333333334,0.9615384615384616,0.22026431718061673,0.35842293906810035,2,177
intersection:baseline_balanced@0.1+thinking_recall_v1@0.1+grouped_event@0.35+latent_candidate_v3@0.35,52,0.17333333333333334,0.8076923076923077,0.13680781758957655,0.233983286908078,0.09050173621940823,0.35833333333333334,0.9615384615384616,0.22026431718061673,0.35842293906810035,2,177
intersection:baseline_balanced@0.1+thinking_recall_v1@0.1+grouped_event@0.35+latent_candidate_v3@0.45,52,0.17333333333333334,0.8076923076923077,0.13680781758957655,0.233983286908078,0.09050173621940823,0.35833333333333334,0.9615384615384616,0.22026431718061673,0.35842293906810035,2,177
intersection:baseline_balanced@0.1+thinking_recall_v1@0.1+grouped_event@0.35+latent_candidate_v3@0.6,52,0.17333333333333334,0.8076923076923077,0.13680781758957655,0.233983286908078,0.09050173621940823,0.35833333333333334,0.9615384615384616,0.22026431718061673,0.35842293906810035,2,177
intersection:baseline_balanced@0.1+thinking_recall_v1@0.1+grouped_event@0.45+latent_candidate_v3@0.1,52,0.17333333333333334,0.8076923076923077,0.13680781758957655,0.233983286908078,0.09050173621940823,0.35833333333333334,0.9615384615384616,0.22026431718061673,0.35842293906810035,2,177
intersection:baseline_balanced@0.1+thinking_recall_v1@0.1+grouped_event@0.45+latent_candidate_v3@0.3,52,0.17333333333333334,0.8076923076923077,0.13680781758957655,0.233983286908078,0.09050173621940823,0.35833333333333334,0.9615384615384616,0.22026431718061673,0.35842293906810035,2,177
intersection:baseline_balanced@0.1+thinking_recall_v1@0.1+grouped_event@0.45+latent_candidate_v3@0.35,52,0.17333333333333334,0.8076923076923077,0.13680781758957655,0.233983286908078,0.09050173621940823,0.35833333333333334,0.9615384615384616,0.22026431718061673,0.35842293906810035,2,177
intersection:baseline_balanced@0.1+thinking_recall_v1@0.1+grouped_event@0.45+latent_candidate_v3@0.45,52,0.17333333333333334,0.8076923076923077,0.13680781758957655,0.233983286908078,0.09050173621940823,0.35833333333333334,0.9615384615384616,0.22026431718061673,0.35842293906810035,2,177
intersection:baseline_balanced@0.1+thinking_recall_v1@0.1+grouped_event@0.45+latent_candidate_v3@0.6,52,0.17333333333333334,0.8076923076923077,0.13680781758957655,0.233983286908078,0.09050173621940823,0.35833333333333334,0.9615384615384616,0.22026431718061673,0.35842293906810035,2,177
intersection:baseline_balanced@0.1+thinking_recall_v1@0.1+grouped_event@0.6+latent_candidate_v3@0.1,52,0.17333333333333334,0.8076923076923077,0.13680781758957655,0.233983286908078,0.09050173621940823,0.35833333333333334,0.9615384615384616,0.22026431718061673,0.35842293906810035,2,177
intersection:baseline_balanced@0.1+thinking_recall_v1@0.1+grouped_event@0.6+latent_candidate_v3@0.3,52,0.17333333333333334,0.8076923076923077,0.13680781758957655,0.233983286908078,0.09050173621940823,0.35833333333333334,0.9615384615384616,0.22026431718061673,0.35842293906810035,2,177
intersection:baseline_balanced@0.1+thinking_recall_v1@0.1+grouped_event@0.6+latent_candidate_v3@0.35,52,0.17333333333333334,0.8076923076923077,0.13680781758957655,0.233983286908078,0.09050173621940823,0.35833333333333334,0.9615384615384616,0.22026431718061673,0.35842293906810035,2,177
intersection:baseline_balanced@0.1+thinking_recall_v1@0.1+grouped_event@0.6+latent_candidate_v3@0.45,52,0.17333333333333334,0.8076923076923077,0.13680781758957655,0.233983286908078,0.09050173621940823,0.35833333333333334,0.9615384615384616,0.22026431718061673,0.35842293906810035,2,177
intersection:baseline_balanced@0.1+thinking_recall_v1@0.1+grouped_event@0.6+latent_candidate_v3@0.6,52,0.17333333333333334,0.8076923076923077,0.13680781758957655,0.233983286908078,0.09050173621940823,0.35833333333333334,0.9615384615384616,0.22026431718061673,0.35842293906810035,2,177
intersection:baseline_balanced@0.1+thinking_recall_v1@0.3+grouped_event@0.35+latent_candidate_v3@0.1,52,0.17333333333333334,0.8076923076923077,0.13680781758957655,0.233983286908078,0.09050173621940823,0.35833333333333334,0.9615384615384616,0.22026431718061673,0.35842293906810035,2,177
intersection:baseline_balanced@0.1+thinking_recall_v1@0.3+grouped_event@0.35+latent_candidate_v3@0.3,52,0.17333333333333334,0.8076923076923077,0.13680781758957655,0.233983286908078,0.09050173621940823,0.35833333333333334,0.9615384615384616,0.22026431718061673,0.35842293906810035,2,177
intersection:baseline_balanced@0.1+thinking_recall_v1@0.3+grouped_event@0.35+latent_candidate_v3@0.35,52,0.17333333333333334,0.8076923076923077,0.13680781758957655,0.233983286908078,0.09050173621940823,0.35833333333333334,0.9615384615384616,0.22026431718061673,0.35842293906810035,2,177
intersection:baseline_balanced@0.1+thinking_recall_v1@0.3+grouped_event@0.35+latent_candidate_v3@0.45,52,0.17333333333333334,0.8076923076923077,0.13680781758957655,0.233983286908078,0.09050173621940823,0.35833333333333334,0.9615384615384616,0.22026431718061673,0.35842293906810035,2,177
intersection:baseline_balanced@0.1+thinking_recall_v1@0.3+grouped_event@0.35+latent_candidate_v3@0.6,52,0.17333333333333334,0.8076923076923077,0.13680781758957655,0.233983286908078,0.09050173621940823,0.35833333333333334,0.9615384615384616,0.22026431718061673,0.35842293906810035,2,177
intersection:baseline_balanced@0.1+thinking_recall_v1@0.3+grouped_event@0.45+latent_candidate_v3@0.1,52,0.17333333333333334,0.8076923076923077,0.13680781758957655,0.233983286908078,0.09050173621940823,0.35833333333333334,0.9615384615384616,0.22026431718061673,0.35842293906810035,2,177
intersection:baseline_balanced@0.1+thinking_recall_v1@0.3+grouped_event@0.45+latent_candidate_v3@0.3,52,0.17333333333333334,0.8076923076923077,0.13680781758957655,0.233983286908078,0.09050173621940823,0.35833333333333334,0.9615384615384616,0.22026431718061673,0.35842293906810035,2,177
intersection:baseline_balanced@0.1+thinking_recall_v1@0.3+grouped_event@0.45+latent_candidate_v3@0.35,52,0.17333333333333334,0.8076923076923077,0.13680781758957655,0.233983286908078,0.09050173621940823,0.35833333333333334,0.9615384615384616,0.22026431718061673,0.35842293906810035,2,177
intersection:baseline_balanced@0.1+thinking_recall_v1@0.3+grouped_event@0.45+latent_candidate_v3@0.45,52,0.17333333333333334,0.8076923076923077,0.13680781758957655,0.233983286908078,0.09050173621940823,0.35833333333333334,0.9615384615384616,0.22026431718061673,0.35842293906810035,2,177
intersection:baseline_balanced@0.1+thinking_recall_v1@0.3+grouped_event@0.45+latent_candidate_v3@0.6,52,0.17333333333333334,0.8076923076923077,0.13680781758957655,0.233983286908078,0.09050173621940823,0.35833333333333334,0.9615384615384616,0.22026431718061673,0.35842293906810035,2,177
intersection:baseline_balanced@0.1+thinking_recall_v1@0.3+grouped_event@0.6+latent_candidate_v3@0.1,52,0.17333333333333334,0.8076923076923077,0.13680781758957655,0.233983286908078,0.09050173621940823,0.35833333333333334,0.9615384615384616,0.22026431718061673,0.35842293906810035,2,177
intersection:baseline_balanced@0.1+thinking_recall_v1@0.3+grouped_event@0.6+latent_candidate_v3@0.3,52,0.17333333333333334,0.8076923076923077,0.13680781758957655,0.233983286908078,0.09050173621940823,0.35833333333333334,0.9615384615384616,0.22026431718061673,0.35842293906810035,2,177
intersection:baseline_balanced@0.1+thinking_recall_v1@0.3+grouped_event@0.6+latent_candidate_v3@0.35,52,0.17333333333333334,0.8076923076923077,0.13680781758957655,0.233983286908078,0.09050173621940823,0.35833333333333334,0.9615384615384616,0.22026431718061673,0.35842293906810035,2,177
intersection:baseline_balanced@0.1+thinking_recall_v1@0.3+grouped_event@0.6+latent_candidate_v3@0.45,52,0.17333333333333334,0.8076923076923077,0.13680781758957655,0.233983286908078,0.09050173621940823,0.35833333333333334,0.9615384615384616,0.22026431718061673,0.35842293906810035,2,177
intersection:baseline_balanced@0.1+thinking_recall_v1@0.3+grouped_event@0.6+latent_candidate_v3@0.6,52,0.17333333333333334,0.8076923076923077,0.13680781758957655,0.233983286908078,0.09050173621940823,0.35833333333333334,0.9615384615384616,0.22026431718061673,0.35842293906810035,2,177
intersection:baseline_balanced@0.3+thinking_recall_v1@0.1+grouped_event@0.35+latent_candidate_v3@0.1,52,0.17333333333333334,0.8076923076923077,0.13680781758957655,0.233983286908078,0.09050173621940823,0.35833333333333334,0.9615384615384616,0.22026431718061673,0.35842293906810035,2,177
intersection:baseline_balanced@0.3+thinking_recall_v1@0.1+grouped_event@0.35+latent_candidate_v3@0.3,52,0.17333333333333334,0.8076923076923077,0.13680781758957655,0.233983286908078,0.09050173621940823,0.35833333333333334,0.9615384615384616,0.22026431718061673,0.35842293906810035,2,177
intersection:baseline_balanced@0.3+thinking_recall_v1@0.1+grouped_event@0.35+latent_candidate_v3@0.35,52,0.17333333333333334,0.8076923076923077,0.13680781758957655,0.233983286908078,0.09050173621940823,0.35833333333333334,0.9615384615384616,0.22026431718061673,0.35842293906810035,2,177
intersection:baseline_balanced@0.3+thinking_recall_v1@0.1+grouped_event@0.35+latent_candidate_v3@0.45,52,0.17333333333333334,0.8076923076923077,0.13680781758957655,0.233983286908078,0.09050173621940823,0.35833333333333334,0.9615384615384616,0.22026431718061673,0.35842293906810035,2,177
intersection:baseline_balanced@0.3+thinking_recall_v1@0.1+grouped_event@0.35+latent_candidate_v3@0.6,52,0.17333333333333334,0.8076923076923077,0.13680781758957655,0.233983286908078,0.09050173621940823,0.35833333333333334,0.9615384615384616,0.22026431718061673,0.35842293906810035,2,177
intersection:baseline_balanced@0.3+thinking_recall_v1@0.1+grouped_event@0.45+latent_candidate_v3@0.1,52,0.17333333333333334,0.8076923076923077,0.13680781758957655,0.233983286908078,0.09050173621940823,0.35833333333333334,0.9615384615384616,0.22026431718061673,0.35842293906810035,2,177
intersection:baseline_balanced@0.3+thinking_recall_v1@0.1+grouped_event@0.45+latent_candidate_v3@0.3,52,0.17333333333333334,0.8076923076923077,0.13680781758957655,0.233983286908078,0.09050173621940823,0.35833333333333334,0.9615384615384616,0.22026431718061673,0.35842293906810035,2,177
intersection:baseline_balanced@0.3+thinking_recall_v1@0.1+grouped_event@0.45+latent_candidate_v3@0.35,52,0.17333333333333334,0.8076923076923077,0.13680781758957655,0.233983286908078,0.09050173621940823,0.35833333333333334,0.9615384615384616,0.22026431718061673,0.35842293906810035,2,177
intersection:baseline_balanced@0.3+thinking_recall_v1@0.1+grouped_event@0.45+latent_candidate_v3@0.45,52,0.17333333333333334,0.8076923076923077,0.13680781758957655,0.233983286908078,0.09050173621940823,0.35833333333333334,0.9615384615384616,0.22026431718061673,0.35842293906810035,2,177
intersection:baseline_balanced@0.3+thinking_recall_v1@0.1+grouped_event@0.45+latent_candidate_v3@0.6,52,0.17333333333333334,0.8076923076923077,0.13680781758957655,0.233983286908078,0.09050173621940823,0.35833333333333334,0.9615384615384616,0.22026431718061673,0.35842293906810035,2,177
intersection:baseline_balanced@0.3+thinking_recall_v1@0.1+grouped_event@0.6+latent_candidate_v3@0.1,52,0.17333333333333334,0.8076923076923077,0.13680781758957655,0.233983286908078,0.09050173621940823,0.35833333333333334,0.9615384615384616,0.22026431718061673,0.35842293906810035,2,177
intersection:baseline_balanced@0.3+thinking_recall_v1@0.1+grouped_event@0.6+latent_candidate_v3@0.3,52,0.17333333333333334,0.8076923076923077,0.13680781758957655,0.233983286908078,0.09050173621940823,0.35833333333333334,0.9615384615384616,0.22026431718061673,0.35842293906810035,2,177
intersection:baseline_balanced@0.3+thinking_recall_v1@0.1+grouped_event@0.6+latent_candidate_v3@0.35,52,0.17333333333333334,0.8076923076923077,0.13680781758957655,0.233983286908078,0.09050173621940823,0.35833333333333334,0.9615384615384616,0.22026431718061673,0.35842293906810035,2,177
intersection:baseline_balanced@0.3+thinking_recall_v1@0.1+grouped_event@0.6+latent_candidate_v3@0.45,52,0.17333333333333334,0.8076923076923077,0.13680781758957655,0.233983286908078,0.09050173621940823,0.35833333333333334,0.9615384615384616,0.22026431718061673,0.35842293906810035,2,177
intersection:baseline_balanced@0.3+thinking_recall_v1@0.1+grouped_event@0.6+latent_candidate_v3@0.6,52,0.17333333333333334,0.8076923076923077,0.13680781758957655,0.233983286908078,0.09050173621940823,0.35833333333333334,0.9615384615384616,0.22026431718061673,0.35842293906810035,2,177
intersection:baseline_balanced@0.3+thinking_recall_v1@0.3+grouped_event@0.35+latent_candidate_v3@0.1,52,0.17333333333333334,0.8076923076923077,0.13680781758957655,0.233983286908078,0.09050173621940823,0.35833333333333334,0.9615384615384616,0.22026431718061673,0.35842293906810035,2,177
intersection:baseline_balanced@0.3+thinking_recall_v1@0.3+grouped_event@0.35+latent_candidate_v3@0.3,52,0.17333333333333334,0.8076923076923077,0.13680781758957655,0.233983286908078,0.09050173621940823,0.35833333333333334,0.9615384615384616,0.22026431718061673,0.35842293906810035,2,177
intersection:baseline_balanced@0.3+thinking_recall_v1@0.3+grouped_event@0.35+latent_candidate_v3@0.35,52,0.17333333333333334,0.8076923076923077,0.13680781758957655,0.233983286908078,0.09050173621940823,0.35833333333333334,0.9615384615384616,0.22026431718061673,0.35842293906810035,2,177
intersection:baseline_balanced@0.3+thinking_recall_v1@0.3+grouped_event@0.35+latent_candidate_v3@0.45,52,0.17333333333333334,0.8076923076923077,0.13680781758957655,0.233983286908078,0.09050173621940823,0.35833333333333334,0.9615384615384616,0.22026431718061673,0.35842293906810035,2,177
intersection:baseline_balanced@0.3+thinking_recall_v1@0.3+grouped_event@0.35+latent_candidate_v3@0.6,52,0.17333333333333334,0.8076923076923077,0.13680781758957655,0.233983286908078,0.09050173621940823,0.35833333333333334,0.9615384615384616,0.22026431718061673,0.35842293906810035,2,177
intersection:baseline_balanced@0.3+thinking_recall_v1@0.3+grouped_event@0.45+latent_candidate_v3@0.1,52,0.17333333333333334,0.8076923076923077,0.13680781758957655,0.233983286908078,0.09050173621940823,0.35833333333333334,0.9615384615384616,0.22026431718061673,0.35842293906810035,2,177
intersection:baseline_balanced@0.3+thinking_recall_v1@0.3+grouped_event@0.45+latent_candidate_v3@0.3,52,0.17333333333333334,0.8076923076923077,0.13680781758957655,0.233983286908078,0.09050173621940823,0.35833333333333334,0.9615384615384616,0.22026431718061673,0.35842293906810035,2,177
intersection:baseline_balanced@0.3+thinking_recall_v1@0.3+grouped_event@0.45+latent_candidate_v3@0.35,52,0.17333333333333334,0.8076923076923077,0.13680781758957655,0.233983286908078,0.09050173621940823,0.35833333333333334,0.9615384615384616,0.22026431718061673,0.35842293906810035,2,177
intersection:baseline_balanced@0.3+thinking_recall_v1@0.3+grouped_event@0.45+latent_candidate_v3@0.45,52,0.17333333333333334,0.8076923076923077,0.13680781758957655,0.233983286908078,0.09050173621940823,0.35833333333333334,0.9615384615384616,0.22026431718061673,0.35842293906810035,2,177
intersection:baseline_balanced@0.3+thinking_recall_v1@0.3+grouped_event@0.45+latent_candidate_v3@0.6,52,0.17333333333333334,0.8076923076923077,0.13680781758957655,0.233983286908078,0.09050173621940823,0.35833333333333334,0.9615384615384616,0.22026431718061673,0.35842293906810035,2,177
intersection:baseline_balanced@0.3+thinking_recall_v1@0.3+grouped_event@0.6+latent_candidate_v3@0.1,52,0.17333333333333334,0.8076923076923077,0.13680781758957655,0.233983286908078,0.09050173621940823,0.35833333333333334,0.9615384615384616,0.22026431718061673,0.35842293906810035,2,177
intersection:baseline_balanced@0.3+thinking_recall_v1@0.3+grouped_event@0.6+latent_candidate_v3@0.3,52,0.17333333333333334,0.8076923076923077,0.13680781758957655,0.233983286908078,0.09050173621940823,0.35833333333333334,0.9615384615384616,0.22026431718061673,0.35842293906810035,2,177
intersection:baseline_balanced@0.3+thinking_recall_v1@0.3+grouped_event@0.6+latent_candidate_v3@0.35,52,0.17333333333333334,0.8076923076923077,0.13680781758957655,0.233983286908078,0.09050173621940823,0.35833333333333334,0.9615384615384616,0.22026431718061673,0.35842293906810035,2,177
intersection:baseline_balanced@0.3+thinking_recall_v1@0.3+grouped_event@0.6+latent_candidate_v3@0.45,52,0.17333333333333334,0.8076923076923077,0.13680781758957655,0.233983286908078,0.09050173621940823,0.35833333333333334,0.9615384615384616,0.22026431718061673,0.35842293906810035,2,177
intersection:baseline_balanced@0.3+thinking_recall_v1@0.3+grouped_event@0.6+latent_candidate_v3@0.6,52,0.17333333333333334,0.8076923076923077,0.13680781758957655,0.233983286908078,0.09050173621940823,0.35833333333333334,0.9615384615384616,0.22026431718061673,0.35842293906810035,2,177
intersection:baseline_balanced@0.35+grouped_event@0.35+latent_candidate_v3@0.1,53,0.17666666666666667,0.7924528301886793,0.13680781758957655,0.23333333333333334,0.15418957339819003,0.35944444444444446,0.9811320754716981,0.2290748898678414,0.37142857142857144,1,175
intersection:baseline_balanced@0.35+grouped_event@0.35+latent_candidate_v3@0.3,53,0.17666666666666667,0.7924528301886793,0.13680781758957655,0.23333333333333334,0.15418957339819003,0.35944444444444446,0.9811320754716981,0.2290748898678414,0.37142857142857144,1,175
intersection:baseline_balanced@0.35+grouped_event@0.35+latent_candidate_v3@0.35,53,0.17666666666666667,0.7924528301886793,0.13680781758957655,0.23333333333333334,0.15418957339819003,0.35944444444444446,0.9811320754716981,0.2290748898678414,0.37142857142857144,1,175
intersection:baseline_balanced@0.35+grouped_event@0.35+latent_candidate_v3@0.45,53,0.17666666666666667,0.7924528301886793,0.13680781758957655,0.23333333333333334,0.15418957339819003,0.35944444444444446,0.9811320754716981,0.2290748898678414,0.37142857142857144,1,175
intersection:baseline_balanced@0.35+grouped_event@0.35+latent_candidate_v3@0.6,53,0.17666666666666667,0.7924528301886793,0.13680781758957655,0.23333333333333334,0.15418957339819003,0.35944444444444446,0.9811320754716981,0.2290748898678414,0.37142857142857144,1,175
intersection:baseline_balanced@0.35+grouped_event@0.45+latent_candidate_v3@0.1,53,0.17666666666666667,0.7924528301886793,0.13680781758957655,0.23333333333333334,0.15418957339819003,0.35944444444444446,0.9811320754716981,0.2290748898678414,0.37142857142857144,1,175
intersection:baseline_balanced@0.35+grouped_event@0.45+latent_candidate_v3@0.3,53,0.17666666666666667,0.7924528301886793,0.13680781758957655,0.23333333333333334,0.15418957339819003,0.35944444444444446,0.9811320754716981,0.2290748898678414,0.37142857142857144,1,175
intersection:baseline_balanced@0.35+grouped_event@0.45+latent_candidate_v3@0.35,53,0.17666666666666667,0.7924528301886793,0.13680781758957655,0.23333333333333334,0.15418957339819003,0.35944444444444446,0.9811320754716981,0.2290748898678414,0.37142857142857144,1,175
intersection:baseline_balanced@0.35+grouped_event@0.45+latent_candidate_v3@0.45,53,0.17666666666666667,0.7924528301886793,0.13680781758957655,0.23333333333333334,0.15418957339819003,0.35944444444444446,0.9811320754716981,0.2290748898678414,0.37142857142857144,1,175
intersection:baseline_balanced@0.35+grouped_event@0.45+latent_candidate_v3@0.6,53,0.17666666666666667,0.7924528301886793,0.13680781758957655,0.23333333333333334,0.15418957339819003,0.35944444444444446,0.9811320754716981,0.2290748898678414,0.37142857142857144,1,175
intersection:baseline_balanced@0.35+grouped_event@0.6+latent_candidate_v3@0.1,53,0.17666666666666667,0.7924528301886793,0.13680781758957655,0.23333333333333334,0.15418957339819003,0.35944444444444446,0.9811320754716981,0.2290748898678414,0.37142857142857144,1,175
intersection:baseline_balanced@0.35+grouped_event@0.6+latent_candidate_v3@0.3,53,0.17666666666666667,0.7924528301886793,0.13680781758957655,0.23333333333333334,0.15418957339819003,0.35944444444444446,0.9811320754716981,0.2290748898678414,0.37142857142857144,1,175
intersection:baseline_balanced@0.35+grouped_event@0.6+latent_candidate_v3@0.35,53,0.17666666666666667,0.7924528301886793,0.13680781758957655,0.23333333333333334,0.15418957339819003,0.35944444444444446,0.9811320754716981,0.2290748898678414,0.37142857142857144,1,175
intersection:baseline_balanced@0.35+grouped_event@0.6+latent_candidate_v3@0.45,53,0.17666666666666667,0.7924528301886793,0.13680781758957655,0.23333333333333334,0.15418957339819003,0.35944444444444446,0.9811320754716981,0.2290748898678414,0.37142857142857144,1,175
intersection:baseline_balanced@0.35+grouped_event@0.6+latent_candidate_v3@0.6,53,0.17666666666666667,0.7924528301886793,0.13680781758957655,0.23333333333333334,0.15418957339819003,0.35944444444444446,0.9811320754716981,0.2290748898678414,0.37142857142857144,1,175
intersection:baseline_balanced@0.45+grouped_event@0.35+latent_candidate_v3@0.1,53,0.17666666666666667,0.7924528301886793,0.13680781758957655,0.23333333333333334,0.15418957339819003,0.35944444444444446,0.9811320754716981,0.2290748898678414,0.37142857142857144,1,175
intersection:baseline_balanced@0.45+grouped_event@0.35+latent_candidate_v3@0.3,53,0.17666666666666667,0.7924528301886793,0.13680781758957655,0.23333333333333334,0.15418957339819003,0.35944444444444446,0.9811320754716981,0.2290748898678414,0.37142857142857144,1,175
intersection:baseline_balanced@0.45+grouped_event@0.35+latent_candidate_v3@0.35,53,0.17666666666666667,0.7924528301886793,0.13680781758957655,0.23333333333333334,0.15418957339819003,0.35944444444444446,0.9811320754716981,0.2290748898678414,0.37142857142857144,1,175
intersection:baseline_balanced@0.45+grouped_event@0.35+latent_candidate_v3@0.45,53,0.17666666666666667,0.7924528301886793,0.13680781758957655,0.23333333333333334,0.15418957339819003,0.35944444444444446,0.9811320754716981,0.2290748898678414,0.37142857142857144,1,175
intersection:baseline_balanced@0.45+grouped_event@0.35+latent_candidate_v3@0.6,53,0.17666666666666667,0.7924528301886793,0.13680781758957655,0.23333333333333334,0.15418957339819003,0.35944444444444446,0.9811320754716981,0.2290748898678414,0.37142857142857144,1,175
intersection:baseline_balanced@0.45+grouped_event@0.45+latent_candidate_v3@0.1,53,0.17666666666666667,0.7924528301886793,0.13680781758957655,0.23333333333333334,0.15418957339819003,0.35944444444444446,0.9811320754716981,0.2290748898678414,0.37142857142857144,1,175
intersection:baseline_balanced@0.45+grouped_event@0.45+latent_candidate_v3@0.3,53,0.17666666666666667,0.7924528301886793,0.13680781758957655,0.23333333333333334,0.15418957339819003,0.35944444444444446,0.9811320754716981,0.2290748898678414,0.37142857142857144,1,175
intersection:baseline_balanced@0.45+grouped_event@0.45+latent_candidate_v3@0.35,53,0.17666666666666667,0.7924528301886793,0.13680781758957655,0.23333333333333334,0.15418957339819003,0.35944444444444446,0.9811320754716981,0.2290748898678414,0.37142857142857144,1,175
intersection:baseline_balanced@0.45+grouped_event@0.45+latent_candidate_v3@0.45,53,0.17666666666666667,0.7924528301886793,0.13680781758957655,0.23333333333333334,0.15418957339819003,0.35944444444444446,0.9811320754716981,0.2290748898678414,0.37142857142857144,1,175
intersection:baseline_balanced@0.45+grouped_event@0.45+latent_candidate_v3@0.6,53,0.17666666666666667,0.7924528301886793,0.13680781758957655,0.23333333333333334,0.15418957339819003,0.35944444444444446,0.9811320754716981,0.2290748898678414,0.37142857142857144,1,175
intersection:baseline_balanced@0.45+grouped_event@0.6+latent_candidate_v3@0.1,53,0.17666666666666667,0.7924528301886793,0.13680781758957655,0.23333333333333334,0.15418957339819003,0.35944444444444446,0.9811320754716981,0.2290748898678414,0.37142857142857144,1,175
intersection:baseline_balanced@0.45+grouped_event@0.6+latent_candidate_v3@0.3,53,0.17666666666666667,0.7924528301886793,0.13680781758957655,0.23333333333333334,0.15418957339819003,0.35944444444444446,0.9811320754716981,0.2290748898678414,0.37142857142857144,1,175
intersection:baseline_balanced@0.45+grouped_event@0.6+latent_candidate_v3@0.35,53,0.17666666666666667,0.7924528301886793,0.13680781758957655,0.23333333333333334,0.15418957339819003,0.35944444444444446,0.9811320754716981,0.2290748898678414,0.37142857142857144,1,175
intersection:baseline_balanced@0.45+grouped_event@0.6+latent_candidate_v3@0.45,53,0.17666666666666667,0.7924528301886793,0.13680781758957655,0.23333333333333334,0.15418957339819003,0.35944444444444446,0.9811320754716981,0.2290748898678414,0.37142857142857144,1,175
intersection:baseline_balanced@0.45+grouped_event@0.6+latent_candidate_v3@0.6,53,0.17666666666666667,0.7924528301886793,0.13680781758957655,0.23333333333333334,0.15418957339819003,0.35944444444444446,0.9811320754716981,0.2290748898678414,0.37142857142857144,1,175
intersection:baseline_balanced@0.6+grouped_event@0.35+latent_candidate_v3@0.1,53,0.17666666666666667,0.7924528301886793,0.13680781758957655,0.23333333333333334,0.15418957339819003,0.35944444444444446,0.9811320754716981,0.2290748898678414,0.37142857142857144,1,175
intersection:baseline_balanced@0.6+grouped_event@0.35+latent_candidate_v3@0.3,53,0.17666666666666667,0.7924528301886793,0.13680781758957655,0.23333333333333334,0.15418957339819003,0.35944444444444446,0.9811320754716981,0.2290748898678414,0.37142857142857144,1,175
intersection:baseline_balanced@0.6+grouped_event@0.35+latent_candidate_v3@0.35,53,0.17666666666666667,0.7924528301886793,0.13680781758957655,0.23333333333333334,0.15418957339819003,0.35944444444444446,0.9811320754716981,0.2290748898678414,0.37142857142857144,1,175
intersection:baseline_balanced@0.6+grouped_event@0.35+latent_candidate_v3@0.45,53,0.17666666666666667,0.7924528301886793,0.13680781758957655,0.23333333333333334,0.15418957339819003,0.35944444444444446,0.9811320754716981,0.2290748898678414,0.37142857142857144,1,175
intersection:baseline_balanced@0.6+grouped_event@0.35+latent_candidate_v3@0.6,53,0.17666666666666667,0.7924528301886793,0.13680781758957655,0.23333333333333334,0.15418957339819003,0.35944444444444446,0.9811320754716981,0.2290748898678414,0.37142857142857144,1,175
intersection:baseline_balanced@0.6+grouped_event@0.45+latent_candidate_v3@0.1,53,0.17666666666666667,0.7924528301886793,0.13680781758957655,0.23333333333333334,0.15418957339819003,0.35944444444444446,0.9811320754716981,0.2290748898678414,0.37142857142857144,1,175
intersection:baseline_balanced@0.6+grouped_event@0.45+latent_candidate_v3@0.3,53,0.17666666666666667,0.7924528301886793,0.13680781758957655,0.23333333333333334,0.15418957339819003,0.35944444444444446,0.9811320754716981,0.2290748898678414,0.37142857142857144,1,175
intersection:baseline_balanced@0.6+grouped_event@0.45+latent_candidate_v3@0.35,53,0.17666666666666667,0.7924528301886793,0.13680781758957655,0.23333333333333334,0.15418957339819003,0.35944444444444446,0.9811320754716981,0.2290748898678414,0.37142857142857144,1,175
intersection:baseline_balanced@0.6+grouped_event@0.45+latent_candidate_v3@0.45,53,0.17666666666666667,0.7924528301886793,0.13680781758957655,0.23333333333333334,0.15418957339819003,0.35944444444444446,0.9811320754716981,0.2290748898678414,0.37142857142857144,1,175
intersection:baseline_balanced@0.6+grouped_event@0.45+latent_candidate_v3@0.6,53,0.17666666666666667,0.7924528301886793,0.13680781758957655,0.23333333333333334,0.15418957339819003,0.35944444444444446,0.9811320754716981,0.2290748898678414,0.37142857142857144,1,175
intersection:baseline_balanced@0.6+grouped_event@0.6+latent_candidate_v3@0.1,53,0.17666666666666667,0.7924528301886793,0.13680781758957655,0.23333333333333334,0.15418957339819003,0.35944444444444446,0.9811320754716981,0.2290748898678414,0.37142857142857144,1,175
intersection:baseline_balanced@0.6+grouped_event@0.6+latent_candidate_v3@0.3,53,0.17666666666666667,0.7924528301886793,0.13680781758957655,0.23333333333333334,0.15418957339819003,0.35944444444444446,0.9811320754716981,0.2290748898678414,0.37142857142857144,1,175
intersection:baseline_balanced@0.6+grouped_event@0.6+latent_candidate_v3@0.35,53,0.17666666666666667,0.7924528301886793,0.13680781758957655,0.23333333333333334,0.15418957339819003,0.35944444444444446,0.9811320754716981,0.2290748898678414,0.37142857142857144,1,175
intersection:baseline_balanced@0.6+grouped_event@0.6+latent_candidate_v3@0.45,53,0.17666666666666667,0.7924528301886793,0.13680781758957655,0.23333333333333334,0.15418957339819003,0.35944444444444446,0.9811320754716981,0.2290748898678414,0.37142857142857144,1,175
intersection:baseline_balanced@0.6+grouped_event@0.6+latent_candidate_v3@0.6,53,0.17666666666666667,0.7924528301886793,0.13680781758957655,0.23333333333333334,0.15418957339819003,0.35944444444444446,0.9811320754716981,0.2290748898678414,0.37142857142857144,1,175
thinking_recall_v1@0.65,48,0.16,0.8333333333333334,0.13029315960912052,0.22535211267605634,0.10440418149856114,0.35444444444444445,1.0,0.21145374449339208,0.3490909090909091,0,179
thinking_recall_v1@0.7,48,0.16,0.8333333333333334,0.13029315960912052,0.22535211267605634,0.10440418149856114,0.35444444444444445,1.0,0.21145374449339208,0.3490909090909091,0,179
thinking_recall_v1@0.75,48,0.16,0.8333333333333334,0.13029315960912052,0.22535211267605634,0.10440418149856114,0.35444444444444445,1.0,0.21145374449339208,0.3490909090909091,0,179
thinking_recall_v1@0.8,48,0.16,0.8333333333333334,0.13029315960912052,0.22535211267605634,0.10440418149856114,0.35444444444444445,1.0,0.21145374449339208,0.3490909090909091,0,179
thinking_recall_v1@0.85,48,0.16,0.8333333333333334,0.13029315960912052,0.22535211267605634,0.10440418149856114,0.35444444444444445,1.0,0.21145374449339208,0.3490909090909091,0,179
thinking_recall_v1@0.9,48,0.16,0.8333333333333334,0.13029315960912052,0.22535211267605634,0.10440418149856114,0.35444444444444445,1.0,0.21145374449339208,0.3490909090909091,0,179
intersection:baseline_balanced@0.1+thinking_recall_v1@0.35+grouped_event@0.35,49,0.16333333333333333,0.7959183673469388,0.1270358306188925,0.21910112359550563,0.08607998755057578,0.34833333333333333,0.9591836734693877,0.20704845814977973,0.34057971014492755,2,180
intersection:baseline_balanced@0.1+thinking_recall_v1@0.35+grouped_event@0.45,49,0.16333333333333333,0.7959183673469388,0.1270358306188925,0.21910112359550563,0.08607998755057578,0.34833333333333333,0.9591836734693877,0.20704845814977973,0.34057971014492755,2,180
intersection:baseline_balanced@0.1+thinking_recall_v1@0.35+grouped_event@0.6,49,0.16333333333333333,0.7959183673469388,0.1270358306188925,0.21910112359550563,0.08607998755057578,0.34833333333333333,0.9591836734693877,0.20704845814977973,0.34057971014492755,2,180
intersection:baseline_balanced@0.1+thinking_recall_v1@0.45+grouped_event@0.35,49,0.16333333333333333,0.7959183673469388,0.1270358306188925,0.21910112359550563,0.08607998755057578,0.34833333333333333,0.9591836734693877,0.20704845814977973,0.34057971014492755,2,180
intersection:baseline_balanced@0.1+thinking_recall_v1@0.45+grouped_event@0.45,49,0.16333333333333333,0.7959183673469388,0.1270358306188925,0.21910112359550563,0.08607998755057578,0.34833333333333333,0.9591836734693877,0.20704845814977973,0.34057971014492755,2,180
intersection:baseline_balanced@0.1+thinking_recall_v1@0.45+grouped_event@0.6,49,0.16333333333333333,0.7959183673469388,0.1270358306188925,0.21910112359550563,0.08607998755057578,0.34833333333333333,0.9591836734693877,0.20704845814977973,0.34057971014492755,2,180
intersection:baseline_balanced@0.1+thinking_recall_v1@0.6+grouped_event@0.35,49,0.16333333333333333,0.7959183673469388,0.1270358306188925,0.21910112359550563,0.08607998755057578,0.34833333333333333,0.9591836734693877,0.20704845814977973,0.34057971014492755,2,180
intersection:baseline_balanced@0.1+thinking_recall_v1@0.6+grouped_event@0.45,49,0.16333333333333333,0.7959183673469388,0.1270358306188925,0.21910112359550563,0.08607998755057578,0.34833333333333333,0.9591836734693877,0.20704845814977973,0.34057971014492755,2,180
intersection:baseline_balanced@0.1+thinking_recall_v1@0.6+grouped_event@0.6,49,0.16333333333333333,0.7959183673469388,0.1270358306188925,0.21910112359550563,0.08607998755057578,0.34833333333333333,0.9591836734693877,0.20704845814977973,0.34057971014492755,2,180
intersection:baseline_balanced@0.3+thinking_recall_v1@0.35+grouped_event@0.35,49,0.16333333333333333,0.7959183673469388,0.1270358306188925,0.21910112359550563,0.08607998755057578,0.34833333333333333,0.9591836734693877,0.20704845814977973,0.34057971014492755,2,180
intersection:baseline_balanced@0.3+thinking_recall_v1@0.35+grouped_event@0.45,49,0.16333333333333333,0.7959183673469388,0.1270358306188925,0.21910112359550563,0.08607998755057578,0.34833333333333333,0.9591836734693877,0.20704845814977973,0.34057971014492755,2,180
intersection:baseline_balanced@0.3+thinking_recall_v1@0.35+grouped_event@0.6,49,0.16333333333333333,0.7959183673469388,0.1270358306188925,0.21910112359550563,0.08607998755057578,0.34833333333333333,0.9591836734693877,0.20704845814977973,0.34057971014492755,2,180
intersection:baseline_balanced@0.3+thinking_recall_v1@0.45+grouped_event@0.35,49,0.16333333333333333,0.7959183673469388,0.1270358306188925,0.21910112359550563,0.08607998755057578,0.34833333333333333,0.9591836734693877,0.20704845814977973,0.34057971014492755,2,180
intersection:baseline_balanced@0.3+thinking_recall_v1@0.45+grouped_event@0.45,49,0.16333333333333333,0.7959183673469388,0.1270358306188925,0.21910112359550563,0.08607998755057578,0.34833333333333333,0.9591836734693877,0.20704845814977973,0.34057971014492755,2,180
intersection:baseline_balanced@0.3+thinking_recall_v1@0.45+grouped_event@0.6,49,0.16333333333333333,0.7959183673469388,0.1270358306188925,0.21910112359550563,0.08607998755057578,0.34833333333333333,0.9591836734693877,0.20704845814977973,0.34057971014492755,2,180
intersection:baseline_balanced@0.3+thinking_recall_v1@0.6+grouped_event@0.35,49,0.16333333333333333,0.7959183673469388,0.1270358306188925,0.21910112359550563,0.08607998755057578,0.34833333333333333,0.9591836734693877,0.20704845814977973,0.34057971014492755,2,180
intersection:baseline_balanced@0.3+thinking_recall_v1@0.6+grouped_event@0.45,49,0.16333333333333333,0.7959183673469388,0.1270358306188925,0.21910112359550563,0.08607998755057578,0.34833333333333333,0.9591836734693877,0.20704845814977973,0.34057971014492755,2,180
intersection:baseline_balanced@0.3+thinking_recall_v1@0.6+grouped_event@0.6,49,0.16333333333333333,0.7959183673469388,0.1270358306188925,0.21910112359550563,0.08607998755057578,0.34833333333333333,0.9591836734693877,0.20704845814977973,0.34057971014492755,2,180
intersection:baseline_balanced@0.1+thinking_recall_v1@0.35+grouped_event@0.35+latent_candidate_v3@0.1,47,0.15666666666666668,0.8085106382978723,0.1237785016286645,0.21468926553672316,0.0853698025409638,0.345,0.9574468085106383,0.19823788546255505,0.3284671532846715,2,182
intersection:baseline_balanced@0.1+thinking_recall_v1@0.35+grouped_event@0.35+latent_candidate_v3@0.3,47,0.15666666666666668,0.8085106382978723,0.1237785016286645,0.21468926553672316,0.0853698025409638,0.345,0.9574468085106383,0.19823788546255505,0.3284671532846715,2,182
intersection:baseline_balanced@0.1+thinking_recall_v1@0.35+grouped_event@0.35+latent_candidate_v3@0.35,47,0.15666666666666668,0.8085106382978723,0.1237785016286645,0.21468926553672316,0.0853698025409638,0.345,0.9574468085106383,0.19823788546255505,0.3284671532846715,2,182
intersection:baseline_balanced@0.1+thinking_recall_v1@0.35+grouped_event@0.35+latent_candidate_v3@0.45,47,0.15666666666666668,0.8085106382978723,0.1237785016286645,0.21468926553672316,0.0853698025409638,0.345,0.9574468085106383,0.19823788546255505,0.3284671532846715,2,182
intersection:baseline_balanced@0.1+thinking_recall_v1@0.35+grouped_event@0.35+latent_candidate_v3@0.6,47,0.15666666666666668,0.8085106382978723,0.1237785016286645,0.21468926553672316,0.0853698025409638,0.345,0.9574468085106383,0.19823788546255505,0.3284671532846715,2,182
intersection:baseline_balanced@0.1+thinking_recall_v1@0.35+grouped_event@0.45+latent_candidate_v3@0.1,47,0.15666666666666668,0.8085106382978723,0.1237785016286645,0.21468926553672316,0.0853698025409638,0.345,0.9574468085106383,0.19823788546255505,0.3284671532846715,2,182
intersection:baseline_balanced@0.1+thinking_recall_v1@0.35+grouped_event@0.45+latent_candidate_v3@0.3,47,0.15666666666666668,0.8085106382978723,0.1237785016286645,0.21468926553672316,0.0853698025409638,0.345,0.9574468085106383,0.19823788546255505,0.3284671532846715,2,182
intersection:baseline_balanced@0.1+thinking_recall_v1@0.35+grouped_event@0.45+latent_candidate_v3@0.35,47,0.15666666666666668,0.8085106382978723,0.1237785016286645,0.21468926553672316,0.0853698025409638,0.345,0.9574468085106383,0.19823788546255505,0.3284671532846715,2,182
intersection:baseline_balanced@0.1+thinking_recall_v1@0.35+grouped_event@0.45+latent_candidate_v3@0.45,47,0.15666666666666668,0.8085106382978723,0.1237785016286645,0.21468926553672316,0.0853698025409638,0.345,0.9574468085106383,0.19823788546255505,0.3284671532846715,2,182
intersection:baseline_balanced@0.1+thinking_recall_v1@0.35+grouped_event@0.45+latent_candidate_v3@0.6,47,0.15666666666666668,0.8085106382978723,0.1237785016286645,0.21468926553672316,0.0853698025409638,0.345,0.9574468085106383,0.19823788546255505,0.3284671532846715,2,182
intersection:baseline_balanced@0.1+thinking_recall_v1@0.35+grouped_event@0.6+latent_candidate_v3@0.1,47,0.15666666666666668,0.8085106382978723,0.1237785016286645,0.21468926553672316,0.0853698025409638,0.345,0.9574468085106383,0.19823788546255505,0.3284671532846715,2,182
intersection:baseline_balanced@0.1+thinking_recall_v1@0.35+grouped_event@0.6+latent_candidate_v3@0.3,47,0.15666666666666668,0.8085106382978723,0.1237785016286645,0.21468926553672316,0.0853698025409638,0.345,0.9574468085106383,0.19823788546255505,0.3284671532846715,2,182
intersection:baseline_balanced@0.1+thinking_recall_v1@0.35+grouped_event@0.6+latent_candidate_v3@0.35,47,0.15666666666666668,0.8085106382978723,0.1237785016286645,0.21468926553672316,0.0853698025409638,0.345,0.9574468085106383,0.19823788546255505,0.3284671532846715,2,182
intersection:baseline_balanced@0.1+thinking_recall_v1@0.35+grouped_event@0.6+latent_candidate_v3@0.45,47,0.15666666666666668,0.8085106382978723,0.1237785016286645,0.21468926553672316,0.0853698025409638,0.345,0.9574468085106383,0.19823788546255505,0.3284671532846715,2,182
intersection:baseline_balanced@0.1+thinking_recall_v1@0.35+grouped_event@0.6+latent_candidate_v3@0.6,47,0.15666666666666668,0.8085106382978723,0.1237785016286645,0.21468926553672316,0.0853698025409638,0.345,0.9574468085106383,0.19823788546255505,0.3284671532846715,2,182
intersection:baseline_balanced@0.1+thinking_recall_v1@0.45+grouped_event@0.35+latent_candidate_v3@0.1,47,0.15666666666666668,0.8085106382978723,0.1237785016286645,0.21468926553672316,0.0853698025409638,0.345,0.9574468085106383,0.19823788546255505,0.3284671532846715,2,182
intersection:baseline_balanced@0.1+thinking_recall_v1@0.45+grouped_event@0.35+latent_candidate_v3@0.3,47,0.15666666666666668,0.8085106382978723,0.1237785016286645,0.21468926553672316,0.0853698025409638,0.345,0.9574468085106383,0.19823788546255505,0.3284671532846715,2,182
intersection:baseline_balanced@0.1+thinking_recall_v1@0.45+grouped_event@0.35+latent_candidate_v3@0.35,47,0.15666666666666668,0.8085106382978723,0.1237785016286645,0.21468926553672316,0.0853698025409638,0.345,0.9574468085106383,0.19823788546255505,0.3284671532846715,2,182
intersection:baseline_balanced@0.1+thinking_recall_v1@0.45+grouped_event@0.35+latent_candidate_v3@0.45,47,0.15666666666666668,0.8085106382978723,0.1237785016286645,0.21468926553672316,0.0853698025409638,0.345,0.9574468085106383,0.19823788546255505,0.3284671532846715,2,182
intersection:baseline_balanced@0.1+thinking_recall_v1@0.45+grouped_event@0.35+latent_candidate_v3@0.6,47,0.15666666666666668,0.8085106382978723,0.1237785016286645,0.21468926553672316,0.0853698025409638,0.345,0.9574468085106383,0.19823788546255505,0.3284671532846715,2,182
intersection:baseline_balanced@0.1+thinking_recall_v1@0.45+grouped_event@0.45+latent_candidate_v3@0.1,47,0.15666666666666668,0.8085106382978723,0.1237785016286645,0.21468926553672316,0.0853698025409638,0.345,0.9574468085106383,0.19823788546255505,0.3284671532846715,2,182
intersection:baseline_balanced@0.1+thinking_recall_v1@0.45+grouped_event@0.45+latent_candidate_v3@0.3,47,0.15666666666666668,0.8085106382978723,0.1237785016286645,0.21468926553672316,0.0853698025409638,0.345,0.9574468085106383,0.19823788546255505,0.3284671532846715,2,182
intersection:baseline_balanced@0.1+thinking_recall_v1@0.45+grouped_event@0.45+latent_candidate_v3@0.35,47,0.15666666666666668,0.8085106382978723,0.1237785016286645,0.21468926553672316,0.0853698025409638,0.345,0.9574468085106383,0.19823788546255505,0.3284671532846715,2,182
intersection:baseline_balanced@0.1+thinking_recall_v1@0.45+grouped_event@0.45+latent_candidate_v3@0.45,47,0.15666666666666668,0.8085106382978723,0.1237785016286645,0.21468926553672316,0.0853698025409638,0.345,0.9574468085106383,0.19823788546255505,0.3284671532846715,2,182
intersection:baseline_balanced@0.1+thinking_recall_v1@0.45+grouped_event@0.45+latent_candidate_v3@0.6,47,0.15666666666666668,0.8085106382978723,0.1237785016286645,0.21468926553672316,0.0853698025409638,0.345,0.9574468085106383,0.19823788546255505,0.3284671532846715,2,182
intersection:baseline_balanced@0.1+thinking_recall_v1@0.45+grouped_event@0.6+latent_candidate_v3@0.1,47,0.15666666666666668,0.8085106382978723,0.1237785016286645,0.21468926553672316,0.0853698025409638,0.345,0.9574468085106383,0.19823788546255505,0.3284671532846715,2,182
intersection:baseline_balanced@0.1+thinking_recall_v1@0.45+grouped_event@0.6+latent_candidate_v3@0.3,47,0.15666666666666668,0.8085106382978723,0.1237785016286645,0.21468926553672316,0.0853698025409638,0.345,0.9574468085106383,0.19823788546255505,0.3284671532846715,2,182
intersection:baseline_balanced@0.1+thinking_recall_v1@0.45+grouped_event@0.6+latent_candidate_v3@0.35,47,0.15666666666666668,0.8085106382978723,0.1237785016286645,0.21468926553672316,0.0853698025409638,0.345,0.9574468085106383,0.19823788546255505,0.3284671532846715,2,182
intersection:baseline_balanced@0.1+thinking_recall_v1@0.45+grouped_event@0.6+latent_candidate_v3@0.45,47,0.15666666666666668,0.8085106382978723,0.1237785016286645,0.21468926553672316,0.0853698025409638,0.345,0.9574468085106383,0.19823788546255505,0.3284671532846715,2,182
intersection:baseline_balanced@0.1+thinking_recall_v1@0.45+grouped_event@0.6+latent_candidate_v3@0.6,47,0.15666666666666668,0.8085106382978723,0.1237785016286645,0.21468926553672316,0.0853698025409638,0.345,0.9574468085106383,0.19823788546255505,0.3284671532846715,2,182
intersection:baseline_balanced@0.1+thinking_recall_v1@0.6+grouped_event@0.35+latent_candidate_v3@0.1,47,0.15666666666666668,0.8085106382978723,0.1237785016286645,0.21468926553672316,0.0853698025409638,0.345,0.9574468085106383,0.19823788546255505,0.3284671532846715,2,182
intersection:baseline_balanced@0.1+thinking_recall_v1@0.6+grouped_event@0.35+latent_candidate_v3@0.3,47,0.15666666666666668,0.8085106382978723,0.1237785016286645,0.21468926553672316,0.0853698025409638,0.345,0.9574468085106383,0.19823788546255505,0.3284671532846715,2,182
intersection:baseline_balanced@0.1+thinking_recall_v1@0.6+grouped_event@0.35+latent_candidate_v3@0.35,47,0.15666666666666668,0.8085106382978723,0.1237785016286645,0.21468926553672316,0.0853698025409638,0.345,0.9574468085106383,0.19823788546255505,0.3284671532846715,2,182
intersection:baseline_balanced@0.1+thinking_recall_v1@0.6+grouped_event@0.35+latent_candidate_v3@0.45,47,0.15666666666666668,0.8085106382978723,0.1237785016286645,0.21468926553672316,0.0853698025409638,0.345,0.9574468085106383,0.19823788546255505,0.3284671532846715,2,182
intersection:baseline_balanced@0.1+thinking_recall_v1@0.6+grouped_event@0.35+latent_candidate_v3@0.6,47,0.15666666666666668,0.8085106382978723,0.1237785016286645,0.21468926553672316,0.0853698025409638,0.345,0.9574468085106383,0.19823788546255505,0.3284671532846715,2,182
intersection:baseline_balanced@0.1+thinking_recall_v1@0.6+grouped_event@0.45+latent_candidate_v3@0.1,47,0.15666666666666668,0.8085106382978723,0.1237785016286645,0.21468926553672316,0.0853698025409638,0.345,0.9574468085106383,0.19823788546255505,0.3284671532846715,2,182
intersection:baseline_balanced@0.1+thinking_recall_v1@0.6+grouped_event@0.45+latent_candidate_v3@0.3,47,0.15666666666666668,0.8085106382978723,0.1237785016286645,0.21468926553672316,0.0853698025409638,0.345,0.9574468085106383,0.19823788546255505,0.3284671532846715,2,182
intersection:baseline_balanced@0.1+thinking_recall_v1@0.6+grouped_event@0.45+latent_candidate_v3@0.35,47,0.15666666666666668,0.8085106382978723,0.1237785016286645,0.21468926553672316,0.0853698025409638,0.345,0.9574468085106383,0.19823788546255505,0.3284671532846715,2,182
intersection:baseline_balanced@0.1+thinking_recall_v1@0.6+grouped_event@0.45+latent_candidate_v3@0.45,47,0.15666666666666668,0.8085106382978723,0.1237785016286645,0.21468926553672316,0.0853698025409638,0.345,0.9574468085106383,0.19823788546255505,0.3284671532846715,2,182
intersection:baseline_balanced@0.1+thinking_recall_v1@0.6+grouped_event@0.45+latent_candidate_v3@0.6,47,0.15666666666666668,0.8085106382978723,0.1237785016286645,0.21468926553672316,0.0853698025409638,0.345,0.9574468085106383,0.19823788546255505,0.3284671532846715,2,182
intersection:baseline_balanced@0.1+thinking_recall_v1@0.6+grouped_event@0.6+latent_candidate_v3@0.1,47,0.15666666666666668,0.8085106382978723,0.1237785016286645,0.21468926553672316,0.0853698025409638,0.345,0.9574468085106383,0.19823788546255505,0.3284671532846715,2,182
intersection:baseline_balanced@0.1+thinking_recall_v1@0.6+grouped_event@0.6+latent_candidate_v3@0.3,47,0.15666666666666668,0.8085106382978723,0.1237785016286645,0.21468926553672316,0.0853698025409638,0.345,0.9574468085106383,0.19823788546255505,0.3284671532846715,2,182
intersection:baseline_balanced@0.1+thinking_recall_v1@0.6+grouped_event@0.6+latent_candidate_v3@0.35,47,0.15666666666666668,0.8085106382978723,0.1237785016286645,0.21468926553672316,0.0853698025409638,0.345,0.9574468085106383,0.19823788546255505,0.3284671532846715,2,182
intersection:baseline_balanced@0.1+thinking_recall_v1@0.6+grouped_event@0.6+latent_candidate_v3@0.45,47,0.15666666666666668,0.8085106382978723,0.1237785016286645,0.21468926553672316,0.0853698025409638,0.345,0.9574468085106383,0.19823788546255505,0.3284671532846715,2,182
intersection:baseline_balanced@0.1+thinking_recall_v1@0.6+grouped_event@0.6+latent_candidate_v3@0.6,47,0.15666666666666668,0.8085106382978723,0.1237785016286645,0.21468926553672316,0.0853698025409638,0.345,0.9574468085106383,0.19823788546255505,0.3284671532846715,2,182
intersection:baseline_balanced@0.3+thinking_recall_v1@0.35+grouped_event@0.35+latent_candidate_v3@0.1,47,0.15666666666666668,0.8085106382978723,0.1237785016286645,0.21468926553672316,0.0853698025409638,0.345,0.9574468085106383,0.19823788546255505,0.3284671532846715,2,182
intersection:baseline_balanced@0.3+thinking_recall_v1@0.35+grouped_event@0.35+latent_candidate_v3@0.3,47,0.15666666666666668,0.8085106382978723,0.1237785016286645,0.21468926553672316,0.0853698025409638,0.345,0.9574468085106383,0.19823788546255505,0.3284671532846715,2,182
intersection:baseline_balanced@0.3+thinking_recall_v1@0.35+grouped_event@0.35+latent_candidate_v3@0.35,47,0.15666666666666668,0.8085106382978723,0.1237785016286645,0.21468926553672316,0.0853698025409638,0.345,0.9574468085106383,0.19823788546255505,0.3284671532846715,2,182
intersection:baseline_balanced@0.3+thinking_recall_v1@0.35+grouped_event@0.35+latent_candidate_v3@0.45,47,0.15666666666666668,0.8085106382978723,0.1237785016286645,0.21468926553672316,0.0853698025409638,0.345,0.9574468085106383,0.19823788546255505,0.3284671532846715,2,182
intersection:baseline_balanced@0.3+thinking_recall_v1@0.35+grouped_event@0.35+latent_candidate_v3@0.6,47,0.15666666666666668,0.8085106382978723,0.1237785016286645,0.21468926553672316,0.0853698025409638,0.345,0.9574468085106383,0.19823788546255505,0.3284671532846715,2,182
intersection:baseline_balanced@0.3+thinking_recall_v1@0.35+grouped_event@0.45+latent_candidate_v3@0.1,47,0.15666666666666668,0.8085106382978723,0.1237785016286645,0.21468926553672316,0.0853698025409638,0.345,0.9574468085106383,0.19823788546255505,0.3284671532846715,2,182
intersection:baseline_balanced@0.3+thinking_recall_v1@0.35+grouped_event@0.45+latent_candidate_v3@0.3,47,0.15666666666666668,0.8085106382978723,0.1237785016286645,0.21468926553672316,0.0853698025409638,0.345,0.9574468085106383,0.19823788546255505,0.3284671532846715,2,182
intersection:baseline_balanced@0.3+thinking_recall_v1@0.35+grouped_event@0.45+latent_candidate_v3@0.35,47,0.15666666666666668,0.8085106382978723,0.1237785016286645,0.21468926553672316,0.0853698025409638,0.345,0.9574468085106383,0.19823788546255505,0.3284671532846715,2,182
intersection:baseline_balanced@0.3+thinking_recall_v1@0.35+grouped_event@0.45+latent_candidate_v3@0.45,47,0.15666666666666668,0.8085106382978723,0.1237785016286645,0.21468926553672316,0.0853698025409638,0.345,0.9574468085106383,0.19823788546255505,0.3284671532846715,2,182
intersection:baseline_balanced@0.3+thinking_recall_v1@0.35+grouped_event@0.45+latent_candidate_v3@0.6,47,0.15666666666666668,0.8085106382978723,0.1237785016286645,0.21468926553672316,0.0853698025409638,0.345,0.9574468085106383,0.19823788546255505,0.3284671532846715,2,182
intersection:baseline_balanced@0.3+thinking_recall_v1@0.35+grouped_event@0.6+latent_candidate_v3@0.1,47,0.15666666666666668,0.8085106382978723,0.1237785016286645,0.21468926553672316,0.0853698025409638,0.345,0.9574468085106383,0.19823788546255505,0.3284671532846715,2,182
intersection:baseline_balanced@0.3+thinking_recall_v1@0.35+grouped_event@0.6+latent_candidate_v3@0.3,47,0.15666666666666668,0.8085106382978723,0.1237785016286645,0.21468926553672316,0.0853698025409638,0.345,0.9574468085106383,0.19823788546255505,0.3284671532846715,2,182
intersection:baseline_balanced@0.3+thinking_recall_v1@0.35+grouped_event@0.6+latent_candidate_v3@0.35,47,0.15666666666666668,0.8085106382978723,0.1237785016286645,0.21468926553672316,0.0853698025409638,0.345,0.9574468085106383,0.19823788546255505,0.3284671532846715,2,182
intersection:baseline_balanced@0.3+thinking_recall_v1@0.35+grouped_event@0.6+latent_candidate_v3@0.45,47,0.15666666666666668,0.8085106382978723,0.1237785016286645,0.21468926553672316,0.0853698025409638,0.345,0.9574468085106383,0.19823788546255505,0.3284671532846715,2,182
intersection:baseline_balanced@0.3+thinking_recall_v1@0.35+grouped_event@0.6+latent_candidate_v3@0.6,47,0.15666666666666668,0.8085106382978723,0.1237785016286645,0.21468926553672316,0.0853698025409638,0.345,0.9574468085106383,0.19823788546255505,0.3284671532846715,2,182
intersection:baseline_balanced@0.3+thinking_recall_v1@0.45+grouped_event@0.35+latent_candidate_v3@0.1,47,0.15666666666666668,0.8085106382978723,0.1237785016286645,0.21468926553672316,0.0853698025409638,0.345,0.9574468085106383,0.19823788546255505,0.3284671532846715,2,182
intersection:baseline_balanced@0.3+thinking_recall_v1@0.45+grouped_event@0.35+latent_candidate_v3@0.3,47,0.15666666666666668,0.8085106382978723,0.1237785016286645,0.21468926553672316,0.0853698025409638,0.345,0.9574468085106383,0.19823788546255505,0.3284671532846715,2,182
intersection:baseline_balanced@0.3+thinking_recall_v1@0.45+grouped_event@0.35+latent_candidate_v3@0.35,47,0.15666666666666668,0.8085106382978723,0.1237785016286645,0.21468926553672316,0.0853698025409638,0.345,0.9574468085106383,0.19823788546255505,0.3284671532846715,2,182
intersection:baseline_balanced@0.3+thinking_recall_v1@0.45+grouped_event@0.35+latent_candidate_v3@0.45,47,0.15666666666666668,0.8085106382978723,0.1237785016286645,0.21468926553672316,0.0853698025409638,0.345,0.9574468085106383,0.19823788546255505,0.3284671532846715,2,182
intersection:baseline_balanced@0.3+thinking_recall_v1@0.45+grouped_event@0.35+latent_candidate_v3@0.6,47,0.15666666666666668,0.8085106382978723,0.1237785016286645,0.21468926553672316,0.0853698025409638,0.345,0.9574468085106383,0.19823788546255505,0.3284671532846715,2,182
intersection:baseline_balanced@0.3+thinking_recall_v1@0.45+grouped_event@0.45+latent_candidate_v3@0.1,47,0.15666666666666668,0.8085106382978723,0.1237785016286645,0.21468926553672316,0.0853698025409638,0.345,0.9574468085106383,0.19823788546255505,0.3284671532846715,2,182
intersection:baseline_balanced@0.3+thinking_recall_v1@0.45+grouped_event@0.45+latent_candidate_v3@0.3,47,0.15666666666666668,0.8085106382978723,0.1237785016286645,0.21468926553672316,0.0853698025409638,0.345,0.9574468085106383,0.19823788546255505,0.3284671532846715,2,182
intersection:baseline_balanced@0.3+thinking_recall_v1@0.45+grouped_event@0.45+latent_candidate_v3@0.35,47,0.15666666666666668,0.8085106382978723,0.1237785016286645,0.21468926553672316,0.0853698025409638,0.345,0.9574468085106383,0.19823788546255505,0.3284671532846715,2,182
intersection:baseline_balanced@0.3+thinking_recall_v1@0.45+grouped_event@0.45+latent_candidate_v3@0.45,47,0.15666666666666668,0.8085106382978723,0.1237785016286645,0.21468926553672316,0.0853698025409638,0.345,0.9574468085106383,0.19823788546255505,0.3284671532846715,2,182
intersection:baseline_balanced@0.3+thinking_recall_v1@0.45+grouped_event@0.45+latent_candidate_v3@0.6,47,0.15666666666666668,0.8085106382978723,0.1237785016286645,0.21468926553672316,0.0853698025409638,0.345,0.9574468085106383,0.19823788546255505,0.3284671532846715,2,182
intersection:baseline_balanced@0.3+thinking_recall_v1@0.45+grouped_event@0.6+latent_candidate_v3@0.1,47,0.15666666666666668,0.8085106382978723,0.1237785016286645,0.21468926553672316,0.0853698025409638,0.345,0.9574468085106383,0.19823788546255505,0.3284671532846715,2,182
intersection:baseline_balanced@0.3+thinking_recall_v1@0.45+grouped_event@0.6+latent_candidate_v3@0.3,47,0.15666666666666668,0.8085106382978723,0.1237785016286645,0.21468926553672316,0.0853698025409638,0.345,0.9574468085106383,0.19823788546255505,0.3284671532846715,2,182
intersection:baseline_balanced@0.3+thinking_recall_v1@0.45+grouped_event@0.6+latent_candidate_v3@0.35,47,0.15666666666666668,0.8085106382978723,0.1237785016286645,0.21468926553672316,0.0853698025409638,0.345,0.9574468085106383,0.19823788546255505,0.3284671532846715,2,182
intersection:baseline_balanced@0.3+thinking_recall_v1@0.45+grouped_event@0.6+latent_candidate_v3@0.45,47,0.15666666666666668,0.8085106382978723,0.1237785016286645,0.21468926553672316,0.0853698025409638,0.345,0.9574468085106383,0.19823788546255505,0.3284671532846715,2,182
intersection:baseline_balanced@0.3+thinking_recall_v1@0.45+grouped_event@0.6+latent_candidate_v3@0.6,47,0.15666666666666668,0.8085106382978723,0.1237785016286645,0.21468926553672316,0.0853698025409638,0.345,0.9574468085106383,0.19823788546255505,0.3284671532846715,2,182
intersection:baseline_balanced@0.3+thinking_recall_v1@0.6+grouped_event@0.35+latent_candidate_v3@0.1,47,0.15666666666666668,0.8085106382978723,0.1237785016286645,0.21468926553672316,0.0853698025409638,0.345,0.9574468085106383,0.19823788546255505,0.3284671532846715,2,182
intersection:baseline_balanced@0.3+thinking_recall_v1@0.6+grouped_event@0.35+latent_candidate_v3@0.3,47,0.15666666666666668,0.8085106382978723,0.1237785016286645,0.21468926553672316,0.0853698025409638,0.345,0.9574468085106383,0.19823788546255505,0.3284671532846715,2,182
intersection:baseline_balanced@0.3+thinking_recall_v1@0.6+grouped_event@0.35+latent_candidate_v3@0.35,47,0.15666666666666668,0.8085106382978723,0.1237785016286645,0.21468926553672316,0.0853698025409638,0.345,0.9574468085106383,0.19823788546255505,0.3284671532846715,2,182
intersection:baseline_balanced@0.3+thinking_recall_v1@0.6+grouped_event@0.35+latent_candidate_v3@0.45,47,0.15666666666666668,0.8085106382978723,0.1237785016286645,0.21468926553672316,0.0853698025409638,0.345,0.9574468085106383,0.19823788546255505,0.3284671532846715,2,182
intersection:baseline_balanced@0.3+thinking_recall_v1@0.6+grouped_event@0.35+latent_candidate_v3@0.6,47,0.15666666666666668,0.8085106382978723,0.1237785016286645,0.21468926553672316,0.0853698025409638,0.345,0.9574468085106383,0.19823788546255505,0.3284671532846715,2,182
intersection:baseline_balanced@0.3+thinking_recall_v1@0.6+grouped_event@0.45+latent_candidate_v3@0.1,47,0.15666666666666668,0.8085106382978723,0.1237785016286645,0.21468926553672316,0.0853698025409638,0.345,0.9574468085106383,0.19823788546255505,0.3284671532846715,2,182
intersection:baseline_balanced@0.3+thinking_recall_v1@0.6+grouped_event@0.45+latent_candidate_v3@0.3,47,0.15666666666666668,0.8085106382978723,0.1237785016286645,0.21468926553672316,0.0853698025409638,0.345,0.9574468085106383,0.19823788546255505,0.3284671532846715,2,182
intersection:baseline_balanced@0.3+thinking_recall_v1@0.6+grouped_event@0.45+latent_candidate_v3@0.35,47,0.15666666666666668,0.8085106382978723,0.1237785016286645,0.21468926553672316,0.0853698025409638,0.345,0.9574468085106383,0.19823788546255505,0.3284671532846715,2,182
intersection:baseline_balanced@0.3+thinking_recall_v1@0.6+grouped_event@0.45+latent_candidate_v3@0.45,47,0.15666666666666668,0.8085106382978723,0.1237785016286645,0.21468926553672316,0.0853698025409638,0.345,0.9574468085106383,0.19823788546255505,0.3284671532846715,2,182
intersection:baseline_balanced@0.3+thinking_recall_v1@0.6+grouped_event@0.45+latent_candidate_v3@0.6,47,0.15666666666666668,0.8085106382978723,0.1237785016286645,0.21468926553672316,0.0853698025409638,0.345,0.9574468085106383,0.19823788546255505,0.3284671532846715,2,182
intersection:baseline_balanced@0.3+thinking_recall_v1@0.6+grouped_event@0.6+latent_candidate_v3@0.1,47,0.15666666666666668,0.8085106382978723,0.1237785016286645,0.21468926553672316,0.0853698025409638,0.345,0.9574468085106383,0.19823788546255505,0.3284671532846715,2,182
intersection:baseline_balanced@0.3+thinking_recall_v1@0.6+grouped_event@0.6+latent_candidate_v3@0.3,47,0.15666666666666668,0.8085106382978723,0.1237785016286645,0.21468926553672316,0.0853698025409638,0.345,0.9574468085106383,0.19823788546255505,0.3284671532846715,2,182
intersection:baseline_balanced@0.3+thinking_recall_v1@0.6+grouped_event@0.6+latent_candidate_v3@0.35,47,0.15666666666666668,0.8085106382978723,0.1237785016286645,0.21468926553672316,0.0853698025409638,0.345,0.9574468085106383,0.19823788546255505,0.3284671532846715,2,182
intersection:baseline_balanced@0.3+thinking_recall_v1@0.6+grouped_event@0.6+latent_candidate_v3@0.45,47,0.15666666666666668,0.8085106382978723,0.1237785016286645,0.21468926553672316,0.0853698025409638,0.345,0.9574468085106383,0.19823788546255505,0.3284671532846715,2,182
intersection:baseline_balanced@0.3+thinking_recall_v1@0.6+grouped_event@0.6+latent_candidate_v3@0.6,47,0.15666666666666668,0.8085106382978723,0.1237785016286645,0.21468926553672316,0.0853698025409638,0.345,0.9574468085106383,0.19823788546255505,0.3284671532846715,2,182
latent_candidate_v3@0.65,48,0.16,0.7916666666666666,0.1237785016286645,0.2140845070422535,0.2293266627887862,0.3353333333333333,0.975609756097561,0.1762114537444934,0.29850746268656714,1,187
latent_candidate_v3@0.7,48,0.16,0.7916666666666666,0.1237785016286645,0.2140845070422535,0.2293266627887862,0.3353333333333333,0.975609756097561,0.1762114537444934,0.29850746268656714,1,187
latent_candidate_v3@0.75,48,0.16,0.7916666666666666,0.1237785016286645,0.2140845070422535,0.2293266627887862,0.3353333333333333,0.975609756097561,0.1762114537444934,0.29850746268656714,1,187
intersection:baseline_balanced@0.35+thinking_recall_v1@0.1+grouped_event@0.35,45,0.15,0.8222222222222222,0.12052117263843648,0.21022727272727273,0.07518763524419234,0.3483333333333333,0.9777777777777777,0.19383259911894274,0.3235294117647059,1,183
intersection:baseline_balanced@0.35+thinking_recall_v1@0.1+grouped_event@0.45,45,0.15,0.8222222222222222,0.12052117263843648,0.21022727272727273,0.07518763524419234,0.3483333333333333,0.9777777777777777,0.19383259911894274,0.3235294117647059,1,183
intersection:baseline_balanced@0.35+thinking_recall_v1@0.1+grouped_event@0.6,45,0.15,0.8222222222222222,0.12052117263843648,0.21022727272727273,0.07518763524419234,0.3483333333333333,0.9777777777777777,0.19383259911894274,0.3235294117647059,1,183
intersection:baseline_balanced@0.35+thinking_recall_v1@0.3+grouped_event@0.35,45,0.15,0.8222222222222222,0.12052117263843648,0.21022727272727273,0.07518763524419234,0.3483333333333333,0.9777777777777777,0.19383259911894274,0.3235294117647059,1,183
intersection:baseline_balanced@0.35+thinking_recall_v1@0.3+grouped_event@0.45,45,0.15,0.8222222222222222,0.12052117263843648,0.21022727272727273,0.07518763524419234,0.3483333333333333,0.9777777777777777,0.19383259911894274,0.3235294117647059,1,183
intersection:baseline_balanced@0.35+thinking_recall_v1@0.3+grouped_event@0.6,45,0.15,0.8222222222222222,0.12052117263843648,0.21022727272727273,0.07518763524419234,0.3483333333333333,0.9777777777777777,0.19383259911894274,0.3235294117647059,1,183
intersection:baseline_balanced@0.45+thinking_recall_v1@0.1+grouped_event@0.35,45,0.15,0.8222222222222222,0.12052117263843648,0.21022727272727273,0.07518763524419234,0.3483333333333333,0.9777777777777777,0.19383259911894274,0.3235294117647059,1,183
intersection:baseline_balanced@0.45+thinking_recall_v1@0.1+grouped_event@0.45,45,0.15,0.8222222222222222,0.12052117263843648,0.21022727272727273,0.07518763524419234,0.3483333333333333,0.9777777777777777,0.19383259911894274,0.3235294117647059,1,183
intersection:baseline_balanced@0.45+thinking_recall_v1@0.1+grouped_event@0.6,45,0.15,0.8222222222222222,0.12052117263843648,0.21022727272727273,0.07518763524419234,0.3483333333333333,0.9777777777777777,0.19383259911894274,0.3235294117647059,1,183
intersection:baseline_balanced@0.45+thinking_recall_v1@0.3+grouped_event@0.35,45,0.15,0.8222222222222222,0.12052117263843648,0.21022727272727273,0.07518763524419234,0.3483333333333333,0.9777777777777777,0.19383259911894274,0.3235294117647059,1,183
intersection:baseline_balanced@0.45+thinking_recall_v1@0.3+grouped_event@0.45,45,0.15,0.8222222222222222,0.12052117263843648,0.21022727272727273,0.07518763524419234,0.3483333333333333,0.9777777777777777,0.19383259911894274,0.3235294117647059,1,183
intersection:baseline_balanced@0.45+thinking_recall_v1@0.3+grouped_event@0.6,45,0.15,0.8222222222222222,0.12052117263843648,0.21022727272727273,0.07518763524419234,0.3483333333333333,0.9777777777777777,0.19383259911894274,0.3235294117647059,1,183
intersection:baseline_balanced@0.6+thinking_recall_v1@0.1+grouped_event@0.35,45,0.15,0.8222222222222222,0.12052117263843648,0.21022727272727273,0.07518763524419234,0.3483333333333333,0.9777777777777777,0.19383259911894274,0.3235294117647059,1,183
intersection:baseline_balanced@0.6+thinking_recall_v1@0.1+grouped_event@0.45,45,0.15,0.8222222222222222,0.12052117263843648,0.21022727272727273,0.07518763524419234,0.3483333333333333,0.9777777777777777,0.19383259911894274,0.3235294117647059,1,183
intersection:baseline_balanced@0.6+thinking_recall_v1@0.1+grouped_event@0.6,45,0.15,0.8222222222222222,0.12052117263843648,0.21022727272727273,0.07518763524419234,0.3483333333333333,0.9777777777777777,0.19383259911894274,0.3235294117647059,1,183
intersection:baseline_balanced@0.6+thinking_recall_v1@0.3+grouped_event@0.35,45,0.15,0.8222222222222222,0.12052117263843648,0.21022727272727273,0.07518763524419234,0.3483333333333333,0.9777777777777777,0.19383259911894274,0.3235294117647059,1,183
intersection:baseline_balanced@0.6+thinking_recall_v1@0.3+grouped_event@0.45,45,0.15,0.8222222222222222,0.12052117263843648,0.21022727272727273,0.07518763524419234,0.3483333333333333,0.9777777777777777,0.19383259911894274,0.3235294117647059,1,183
intersection:baseline_balanced@0.6+thinking_recall_v1@0.3+grouped_event@0.6,45,0.15,0.8222222222222222,0.12052117263843648,0.21022727272727273,0.07518763524419234,0.3483333333333333,0.9777777777777777,0.19383259911894274,0.3235294117647059,1,183
latent_candidate_v3@0.8,47,0.15666666666666668,0.7872340425531915,0.12052117263843648,0.20903954802259886,0.2283470599975892,0.3343333333333333,0.975609756097561,0.1762114537444934,0.29850746268656714,1,187
intersection:baseline_balanced@0.35+thinking_recall_v1@0.1+grouped_event@0.35+latent_candidate_v3@0.1,44,0.14666666666666667,0.8181818181818182,0.11726384364820847,0.20512820512820512,0.07425810904071774,0.345,0.9772727272727273,0.1894273127753304,0.3173431734317343,1,184
intersection:baseline_balanced@0.35+thinking_recall_v1@0.1+grouped_event@0.35+latent_candidate_v3@0.3,44,0.14666666666666667,0.8181818181818182,0.11726384364820847,0.20512820512820512,0.07425810904071774,0.345,0.9772727272727273,0.1894273127753304,0.3173431734317343,1,184
intersection:baseline_balanced@0.35+thinking_recall_v1@0.1+grouped_event@0.35+latent_candidate_v3@0.35,44,0.14666666666666667,0.8181818181818182,0.11726384364820847,0.20512820512820512,0.07425810904071774,0.345,0.9772727272727273,0.1894273127753304,0.3173431734317343,1,184
intersection:baseline_balanced@0.35+thinking_recall_v1@0.1+grouped_event@0.35+latent_candidate_v3@0.45,44,0.14666666666666667,0.8181818181818182,0.11726384364820847,0.20512820512820512,0.07425810904071774,0.345,0.9772727272727273,0.1894273127753304,0.3173431734317343,1,184
intersection:baseline_balanced@0.35+thinking_recall_v1@0.1+grouped_event@0.35+latent_candidate_v3@0.6,44,0.14666666666666667,0.8181818181818182,0.11726384364820847,0.20512820512820512,0.07425810904071774,0.345,0.9772727272727273,0.1894273127753304,0.3173431734317343,1,184
intersection:baseline_balanced@0.35+thinking_recall_v1@0.1+grouped_event@0.45+latent_candidate_v3@0.1,44,0.14666666666666667,0.8181818181818182,0.11726384364820847,0.20512820512820512,0.07425810904071774,0.345,0.9772727272727273,0.1894273127753304,0.3173431734317343,1,184
intersection:baseline_balanced@0.35+thinking_recall_v1@0.1+grouped_event@0.45+latent_candidate_v3@0.3,44,0.14666666666666667,0.8181818181818182,0.11726384364820847,0.20512820512820512,0.07425810904071774,0.345,0.9772727272727273,0.1894273127753304,0.3173431734317343,1,184
intersection:baseline_balanced@0.35+thinking_recall_v1@0.1+grouped_event@0.45+latent_candidate_v3@0.35,44,0.14666666666666667,0.8181818181818182,0.11726384364820847,0.20512820512820512,0.07425810904071774,0.345,0.9772727272727273,0.1894273127753304,0.3173431734317343,1,184
intersection:baseline_balanced@0.35+thinking_recall_v1@0.1+grouped_event@0.45+latent_candidate_v3@0.45,44,0.14666666666666667,0.8181818181818182,0.11726384364820847,0.20512820512820512,0.07425810904071774,0.345,0.9772727272727273,0.1894273127753304,0.3173431734317343,1,184
intersection:baseline_balanced@0.35+thinking_recall_v1@0.1+grouped_event@0.45+latent_candidate_v3@0.6,44,0.14666666666666667,0.8181818181818182,0.11726384364820847,0.20512820512820512,0.07425810904071774,0.345,0.9772727272727273,0.1894273127753304,0.3173431734317343,1,184
intersection:baseline_balanced@0.35+thinking_recall_v1@0.1+grouped_event@0.6+latent_candidate_v3@0.1,44,0.14666666666666667,0.8181818181818182,0.11726384364820847,0.20512820512820512,0.07425810904071774,0.345,0.9772727272727273,0.1894273127753304,0.3173431734317343,1,184
intersection:baseline_balanced@0.35+thinking_recall_v1@0.1+grouped_event@0.6+latent_candidate_v3@0.3,44,0.14666666666666667,0.8181818181818182,0.11726384364820847,0.20512820512820512,0.07425810904071774,0.345,0.9772727272727273,0.1894273127753304,0.3173431734317343,1,184
intersection:baseline_balanced@0.35+thinking_recall_v1@0.1+grouped_event@0.6+latent_candidate_v3@0.35,44,0.14666666666666667,0.8181818181818182,0.11726384364820847,0.20512820512820512,0.07425810904071774,0.345,0.9772727272727273,0.1894273127753304,0.3173431734317343,1,184
intersection:baseline_balanced@0.35+thinking_recall_v1@0.1+grouped_event@0.6+latent_candidate_v3@0.45,44,0.14666666666666667,0.8181818181818182,0.11726384364820847,0.20512820512820512,0.07425810904071774,0.345,0.9772727272727273,0.1894273127753304,0.3173431734317343,1,184
intersection:baseline_balanced@0.35+thinking_recall_v1@0.1+grouped_event@0.6+latent_candidate_v3@0.6,44,0.14666666666666667,0.8181818181818182,0.11726384364820847,0.20512820512820512,0.07425810904071774,0.345,0.9772727272727273,0.1894273127753304,0.3173431734317343,1,184
intersection:baseline_balanced@0.35+thinking_recall_v1@0.3+grouped_event@0.35+latent_candidate_v3@0.1,44,0.14666666666666667,0.8181818181818182,0.11726384364820847,0.20512820512820512,0.07425810904071774,0.345,0.9772727272727273,0.1894273127753304,0.3173431734317343,1,184
intersection:baseline_balanced@0.35+thinking_recall_v1@0.3+grouped_event@0.35+latent_candidate_v3@0.3,44,0.14666666666666667,0.8181818181818182,0.11726384364820847,0.20512820512820512,0.07425810904071774,0.345,0.9772727272727273,0.1894273127753304,0.3173431734317343,1,184
intersection:baseline_balanced@0.35+thinking_recall_v1@0.3+grouped_event@0.35+latent_candidate_v3@0.35,44,0.14666666666666667,0.8181818181818182,0.11726384364820847,0.20512820512820512,0.07425810904071774,0.345,0.9772727272727273,0.1894273127753304,0.3173431734317343,1,184
intersection:baseline_balanced@0.35+thinking_recall_v1@0.3+grouped_event@0.35+latent_candidate_v3@0.45,44,0.14666666666666667,0.8181818181818182,0.11726384364820847,0.20512820512820512,0.07425810904071774,0.345,0.9772727272727273,0.1894273127753304,0.3173431734317343,1,184
intersection:baseline_balanced@0.35+thinking_recall_v1@0.3+grouped_event@0.35+latent_candidate_v3@0.6,44,0.14666666666666667,0.8181818181818182,0.11726384364820847,0.20512820512820512,0.07425810904071774,0.345,0.9772727272727273,0.1894273127753304,0.3173431734317343,1,184
intersection:baseline_balanced@0.35+thinking_recall_v1@0.3+grouped_event@0.45+latent_candidate_v3@0.1,44,0.14666666666666667,0.8181818181818182,0.11726384364820847,0.20512820512820512,0.07425810904071774,0.345,0.9772727272727273,0.1894273127753304,0.3173431734317343,1,184
intersection:baseline_balanced@0.35+thinking_recall_v1@0.3+grouped_event@0.45+latent_candidate_v3@0.3,44,0.14666666666666667,0.8181818181818182,0.11726384364820847,0.20512820512820512,0.07425810904071774,0.345,0.9772727272727273,0.1894273127753304,0.3173431734317343,1,184
intersection:baseline_balanced@0.35+thinking_recall_v1@0.3+grouped_event@0.45+latent_candidate_v3@0.35,44,0.14666666666666667,0.8181818181818182,0.11726384364820847,0.20512820512820512,0.07425810904071774,0.345,0.9772727272727273,0.1894273127753304,0.3173431734317343,1,184
intersection:baseline_balanced@0.35+thinking_recall_v1@0.3+grouped_event@0.45+latent_candidate_v3@0.45,44,0.14666666666666667,0.8181818181818182,0.11726384364820847,0.20512820512820512,0.07425810904071774,0.345,0.9772727272727273,0.1894273127753304,0.3173431734317343,1,184
intersection:baseline_balanced@0.35+thinking_recall_v1@0.3+grouped_event@0.45+latent_candidate_v3@0.6,44,0.14666666666666667,0.8181818181818182,0.11726384364820847,0.20512820512820512,0.07425810904071774,0.345,0.9772727272727273,0.1894273127753304,0.3173431734317343,1,184
intersection:baseline_balanced@0.35+thinking_recall_v1@0.3+grouped_event@0.6+latent_candidate_v3@0.1,44,0.14666666666666667,0.8181818181818182,0.11726384364820847,0.20512820512820512,0.07425810904071774,0.345,0.9772727272727273,0.1894273127753304,0.3173431734317343,1,184
intersection:baseline_balanced@0.35+thinking_recall_v1@0.3+grouped_event@0.6+latent_candidate_v3@0.3,44,0.14666666666666667,0.8181818181818182,0.11726384364820847,0.20512820512820512,0.07425810904071774,0.345,0.9772727272727273,0.1894273127753304,0.3173431734317343,1,184
intersection:baseline_balanced@0.35+thinking_recall_v1@0.3+grouped_event@0.6+latent_candidate_v3@0.35,44,0.14666666666666667,0.8181818181818182,0.11726384364820847,0.20512820512820512,0.07425810904071774,0.345,0.9772727272727273,0.1894273127753304,0.3173431734317343,1,184
intersection:baseline_balanced@0.35+thinking_recall_v1@0.3+grouped_event@0.6+latent_candidate_v3@0.45,44,0.14666666666666667,0.8181818181818182,0.11726384364820847,0.20512820512820512,0.07425810904071774,0.345,0.9772727272727273,0.1894273127753304,0.3173431734317343,1,184
intersection:baseline_balanced@0.35+thinking_recall_v1@0.3+grouped_event@0.6+latent_candidate_v3@0.6,44,0.14666666666666667,0.8181818181818182,0.11726384364820847,0.20512820512820512,0.07425810904071774,0.345,0.9772727272727273,0.1894273127753304,0.3173431734317343,1,184
intersection:baseline_balanced@0.45+thinking_recall_v1@0.1+grouped_event@0.35+latent_candidate_v3@0.1,44,0.14666666666666667,0.8181818181818182,0.11726384364820847,0.20512820512820512,0.07425810904071774,0.345,0.9772727272727273,0.1894273127753304,0.3173431734317343,1,184
intersection:baseline_balanced@0.45+thinking_recall_v1@0.1+grouped_event@0.35+latent_candidate_v3@0.3,44,0.14666666666666667,0.8181818181818182,0.11726384364820847,0.20512820512820512,0.07425810904071774,0.345,0.9772727272727273,0.1894273127753304,0.3173431734317343,1,184
intersection:baseline_balanced@0.45+thinking_recall_v1@0.1+grouped_event@0.35+latent_candidate_v3@0.35,44,0.14666666666666667,0.8181818181818182,0.11726384364820847,0.20512820512820512,0.07425810904071774,0.345,0.9772727272727273,0.1894273127753304,0.3173431734317343,1,184
intersection:baseline_balanced@0.45+thinking_recall_v1@0.1+grouped_event@0.35+latent_candidate_v3@0.45,44,0.14666666666666667,0.8181818181818182,0.11726384364820847,0.20512820512820512,0.07425810904071774,0.345,0.9772727272727273,0.1894273127753304,0.3173431734317343,1,184
intersection:baseline_balanced@0.45+thinking_recall_v1@0.1+grouped_event@0.35+latent_candidate_v3@0.6,44,0.14666666666666667,0.8181818181818182,0.11726384364820847,0.20512820512820512,0.07425810904071774,0.345,0.9772727272727273,0.1894273127753304,0.3173431734317343,1,184
intersection:baseline_balanced@0.45+thinking_recall_v1@0.1+grouped_event@0.45+latent_candidate_v3@0.1,44,0.14666666666666667,0.8181818181818182,0.11726384364820847,0.20512820512820512,0.07425810904071774,0.345,0.9772727272727273,0.1894273127753304,0.3173431734317343,1,184
intersection:baseline_balanced@0.45+thinking_recall_v1@0.1+grouped_event@0.45+latent_candidate_v3@0.3,44,0.14666666666666667,0.8181818181818182,0.11726384364820847,0.20512820512820512,0.07425810904071774,0.345,0.9772727272727273,0.1894273127753304,0.3173431734317343,1,184
intersection:baseline_balanced@0.45+thinking_recall_v1@0.1+grouped_event@0.45+latent_candidate_v3@0.35,44,0.14666666666666667,0.8181818181818182,0.11726384364820847,0.20512820512820512,0.07425810904071774,0.345,0.9772727272727273,0.1894273127753304,0.3173431734317343,1,184
intersection:baseline_balanced@0.45+thinking_recall_v1@0.1+grouped_event@0.45+latent_candidate_v3@0.45,44,0.14666666666666667,0.8181818181818182,0.11726384364820847,0.20512820512820512,0.07425810904071774,0.345,0.9772727272727273,0.1894273127753304,0.3173431734317343,1,184
intersection:baseline_balanced@0.45+thinking_recall_v1@0.1+grouped_event@0.45+latent_candidate_v3@0.6,44,0.14666666666666667,0.8181818181818182,0.11726384364820847,0.20512820512820512,0.07425810904071774,0.345,0.9772727272727273,0.1894273127753304,0.3173431734317343,1,184
intersection:baseline_balanced@0.45+thinking_recall_v1@0.1+grouped_event@0.6+latent_candidate_v3@0.1,44,0.14666666666666667,0.8181818181818182,0.11726384364820847,0.20512820512820512,0.07425810904071774,0.345,0.9772727272727273,0.1894273127753304,0.3173431734317343,1,184
intersection:baseline_balanced@0.45+thinking_recall_v1@0.1+grouped_event@0.6+latent_candidate_v3@0.3,44,0.14666666666666667,0.8181818181818182,0.11726384364820847,0.20512820512820512,0.07425810904071774,0.345,0.9772727272727273,0.1894273127753304,0.3173431734317343,1,184
intersection:baseline_balanced@0.45+thinking_recall_v1@0.1+grouped_event@0.6+latent_candidate_v3@0.35,44,0.14666666666666667,0.8181818181818182,0.11726384364820847,0.20512820512820512,0.07425810904071774,0.345,0.9772727272727273,0.1894273127753304,0.3173431734317343,1,184
intersection:baseline_balanced@0.45+thinking_recall_v1@0.1+grouped_event@0.6+latent_candidate_v3@0.45,44,0.14666666666666667,0.8181818181818182,0.11726384364820847,0.20512820512820512,0.07425810904071774,0.345,0.9772727272727273,0.1894273127753304,0.3173431734317343,1,184
intersection:baseline_balanced@0.45+thinking_recall_v1@0.1+grouped_event@0.6+latent_candidate_v3@0.6,44,0.14666666666666667,0.8181818181818182,0.11726384364820847,0.20512820512820512,0.07425810904071774,0.345,0.9772727272727273,0.1894273127753304,0.3173431734317343,1,184
intersection:baseline_balanced@0.45+thinking_recall_v1@0.3+grouped_event@0.35+latent_candidate_v3@0.1,44,0.14666666666666667,0.8181818181818182,0.11726384364820847,0.20512820512820512,0.07425810904071774,0.345,0.9772727272727273,0.1894273127753304,0.3173431734317343,1,184
intersection:baseline_balanced@0.45+thinking_recall_v1@0.3+grouped_event@0.35+latent_candidate_v3@0.3,44,0.14666666666666667,0.8181818181818182,0.11726384364820847,0.20512820512820512,0.07425810904071774,0.345,0.9772727272727273,0.1894273127753304,0.3173431734317343,1,184
intersection:baseline_balanced@0.45+thinking_recall_v1@0.3+grouped_event@0.35+latent_candidate_v3@0.35,44,0.14666666666666667,0.8181818181818182,0.11726384364820847,0.20512820512820512,0.07425810904071774,0.345,0.9772727272727273,0.1894273127753304,0.3173431734317343,1,184
intersection:baseline_balanced@0.45+thinking_recall_v1@0.3+grouped_event@0.35+latent_candidate_v3@0.45,44,0.14666666666666667,0.8181818181818182,0.11726384364820847,0.20512820512820512,0.07425810904071774,0.345,0.9772727272727273,0.1894273127753304,0.3173431734317343,1,184
intersection:baseline_balanced@0.45+thinking_recall_v1@0.3+grouped_event@0.35+latent_candidate_v3@0.6,44,0.14666666666666667,0.8181818181818182,0.11726384364820847,0.20512820512820512,0.07425810904071774,0.345,0.9772727272727273,0.1894273127753304,0.3173431734317343,1,184
intersection:baseline_balanced@0.45+thinking_recall_v1@0.3+grouped_event@0.45+latent_candidate_v3@0.1,44,0.14666666666666667,0.8181818181818182,0.11726384364820847,0.20512820512820512,0.07425810904071774,0.345,0.9772727272727273,0.1894273127753304,0.3173431734317343,1,184
intersection:baseline_balanced@0.45+thinking_recall_v1@0.3+grouped_event@0.45+latent_candidate_v3@0.3,44,0.14666666666666667,0.8181818181818182,0.11726384364820847,0.20512820512820512,0.07425810904071774,0.345,0.9772727272727273,0.1894273127753304,0.3173431734317343,1,184
intersection:baseline_balanced@0.45+thinking_recall_v1@0.3+grouped_event@0.45+latent_candidate_v3@0.35,44,0.14666666666666667,0.8181818181818182,0.11726384364820847,0.20512820512820512,0.07425810904071774,0.345,0.9772727272727273,0.1894273127753304,0.3173431734317343,1,184
intersection:baseline_balanced@0.45+thinking_recall_v1@0.3+grouped_event@0.45+latent_candidate_v3@0.45,44,0.14666666666666667,0.8181818181818182,0.11726384364820847,0.20512820512820512,0.07425810904071774,0.345,0.9772727272727273,0.1894273127753304,0.3173431734317343,1,184
intersection:baseline_balanced@0.45+thinking_recall_v1@0.3+grouped_event@0.45+latent_candidate_v3@0.6,44,0.14666666666666667,0.8181818181818182,0.11726384364820847,0.20512820512820512,0.07425810904071774,0.345,0.9772727272727273,0.1894273127753304,0.3173431734317343,1,184
intersection:baseline_balanced@0.45+thinking_recall_v1@0.3+grouped_event@0.6+latent_candidate_v3@0.1,44,0.14666666666666667,0.8181818181818182,0.11726384364820847,0.20512820512820512,0.07425810904071774,0.345,0.9772727272727273,0.1894273127753304,0.3173431734317343,1,184
intersection:baseline_balanced@0.45+thinking_recall_v1@0.3+grouped_event@0.6+latent_candidate_v3@0.3,44,0.14666666666666667,0.8181818181818182,0.11726384364820847,0.20512820512820512,0.07425810904071774,0.345,0.9772727272727273,0.1894273127753304,0.3173431734317343,1,184
intersection:baseline_balanced@0.45+thinking_recall_v1@0.3+grouped_event@0.6+latent_candidate_v3@0.35,44,0.14666666666666667,0.8181818181818182,0.11726384364820847,0.20512820512820512,0.07425810904071774,0.345,0.9772727272727273,0.1894273127753304,0.3173431734317343,1,184
intersection:baseline_balanced@0.45+thinking_recall_v1@0.3+grouped_event@0.6+latent_candidate_v3@0.45,44,0.14666666666666667,0.8181818181818182,0.11726384364820847,0.20512820512820512,0.07425810904071774,0.345,0.9772727272727273,0.1894273127753304,0.3173431734317343,1,184
intersection:baseline_balanced@0.45+thinking_recall_v1@0.3+grouped_event@0.6+latent_candidate_v3@0.6,44,0.14666666666666667,0.8181818181818182,0.11726384364820847,0.20512820512820512,0.07425810904071774,0.345,0.9772727272727273,0.1894273127753304,0.3173431734317343,1,184
intersection:baseline_balanced@0.6+thinking_recall_v1@0.1+grouped_event@0.35+latent_candidate_v3@0.1,44,0.14666666666666667,0.8181818181818182,0.11726384364820847,0.20512820512820512,0.07425810904071774,0.345,0.9772727272727273,0.1894273127753304,0.3173431734317343,1,184
intersection:baseline_balanced@0.6+thinking_recall_v1@0.1+grouped_event@0.35+latent_candidate_v3@0.3,44,0.14666666666666667,0.8181818181818182,0.11726384364820847,0.20512820512820512,0.07425810904071774,0.345,0.9772727272727273,0.1894273127753304,0.3173431734317343,1,184
intersection:baseline_balanced@0.6+thinking_recall_v1@0.1+grouped_event@0.35+latent_candidate_v3@0.35,44,0.14666666666666667,0.8181818181818182,0.11726384364820847,0.20512820512820512,0.07425810904071774,0.345,0.9772727272727273,0.1894273127753304,0.3173431734317343,1,184
intersection:baseline_balanced@0.6+thinking_recall_v1@0.1+grouped_event@0.35+latent_candidate_v3@0.45,44,0.14666666666666667,0.8181818181818182,0.11726384364820847,0.20512820512820512,0.07425810904071774,0.345,0.9772727272727273,0.1894273127753304,0.3173431734317343,1,184
intersection:baseline_balanced@0.6+thinking_recall_v1@0.1+grouped_event@0.35+latent_candidate_v3@0.6,44,0.14666666666666667,0.8181818181818182,0.11726384364820847,0.20512820512820512,0.07425810904071774,0.345,0.9772727272727273,0.1894273127753304,0.3173431734317343,1,184
intersection:baseline_balanced@0.6+thinking_recall_v1@0.1+grouped_event@0.45+latent_candidate_v3@0.1,44,0.14666666666666667,0.8181818181818182,0.11726384364820847,0.20512820512820512,0.07425810904071774,0.345,0.9772727272727273,0.1894273127753304,0.3173431734317343,1,184
intersection:baseline_balanced@0.6+thinking_recall_v1@0.1+grouped_event@0.45+latent_candidate_v3@0.3,44,0.14666666666666667,0.8181818181818182,0.11726384364820847,0.20512820512820512,0.07425810904071774,0.345,0.9772727272727273,0.1894273127753304,0.3173431734317343,1,184
intersection:baseline_balanced@0.6+thinking_recall_v1@0.1+grouped_event@0.45+latent_candidate_v3@0.35,44,0.14666666666666667,0.8181818181818182,0.11726384364820847,0.20512820512820512,0.07425810904071774,0.345,0.9772727272727273,0.1894273127753304,0.3173431734317343,1,184
intersection:baseline_balanced@0.6+thinking_recall_v1@0.1+grouped_event@0.45+latent_candidate_v3@0.45,44,0.14666666666666667,0.8181818181818182,0.11726384364820847,0.20512820512820512,0.07425810904071774,0.345,0.9772727272727273,0.1894273127753304,0.3173431734317343,1,184
intersection:baseline_balanced@0.6+thinking_recall_v1@0.1+grouped_event@0.45+latent_candidate_v3@0.6,44,0.14666666666666667,0.8181818181818182,0.11726384364820847,0.20512820512820512,0.07425810904071774,0.345,0.9772727272727273,0.1894273127753304,0.3173431734317343,1,184
intersection:baseline_balanced@0.6+thinking_recall_v1@0.1+grouped_event@0.6+latent_candidate_v3@0.1,44,0.14666666666666667,0.8181818181818182,0.11726384364820847,0.20512820512820512,0.07425810904071774,0.345,0.9772727272727273,0.1894273127753304,0.3173431734317343,1,184
intersection:baseline_balanced@0.6+thinking_recall_v1@0.1+grouped_event@0.6+latent_candidate_v3@0.3,44,0.14666666666666667,0.8181818181818182,0.11726384364820847,0.20512820512820512,0.07425810904071774,0.345,0.9772727272727273,0.1894273127753304,0.3173431734317343,1,184
intersection:baseline_balanced@0.6+thinking_recall_v1@0.1+grouped_event@0.6+latent_candidate_v3@0.35,44,0.14666666666666667,0.8181818181818182,0.11726384364820847,0.20512820512820512,0.07425810904071774,0.345,0.9772727272727273,0.1894273127753304,0.3173431734317343,1,184
intersection:baseline_balanced@0.6+thinking_recall_v1@0.1+grouped_event@0.6+latent_candidate_v3@0.45,44,0.14666666666666667,0.8181818181818182,0.11726384364820847,0.20512820512820512,0.07425810904071774,0.345,0.9772727272727273,0.1894273127753304,0.3173431734317343,1,184
intersection:baseline_balanced@0.6+thinking_recall_v1@0.1+grouped_event@0.6+latent_candidate_v3@0.6,44,0.14666666666666667,0.8181818181818182,0.11726384364820847,0.20512820512820512,0.07425810904071774,0.345,0.9772727272727273,0.1894273127753304,0.3173431734317343,1,184
intersection:baseline_balanced@0.6+thinking_recall_v1@0.3+grouped_event@0.35+latent_candidate_v3@0.1,44,0.14666666666666667,0.8181818181818182,0.11726384364820847,0.20512820512820512,0.07425810904071774,0.345,0.9772727272727273,0.1894273127753304,0.3173431734317343,1,184
intersection:baseline_balanced@0.6+thinking_recall_v1@0.3+grouped_event@0.35+latent_candidate_v3@0.3,44,0.14666666666666667,0.8181818181818182,0.11726384364820847,0.20512820512820512,0.07425810904071774,0.345,0.9772727272727273,0.1894273127753304,0.3173431734317343,1,184
intersection:baseline_balanced@0.6+thinking_recall_v1@0.3+grouped_event@0.35+latent_candidate_v3@0.35,44,0.14666666666666667,0.8181818181818182,0.11726384364820847,0.20512820512820512,0.07425810904071774,0.345,0.9772727272727273,0.1894273127753304,0.3173431734317343,1,184
intersection:baseline_balanced@0.6+thinking_recall_v1@0.3+grouped_event@0.35+latent_candidate_v3@0.45,44,0.14666666666666667,0.8181818181818182,0.11726384364820847,0.20512820512820512,0.07425810904071774,0.345,0.9772727272727273,0.1894273127753304,0.3173431734317343,1,184
intersection:baseline_balanced@0.6+thinking_recall_v1@0.3+grouped_event@0.35+latent_candidate_v3@0.6,44,0.14666666666666667,0.8181818181818182,0.11726384364820847,0.20512820512820512,0.07425810904071774,0.345,0.9772727272727273,0.1894273127753304,0.3173431734317343,1,184
intersection:baseline_balanced@0.6+thinking_recall_v1@0.3+grouped_event@0.45+latent_candidate_v3@0.1,44,0.14666666666666667,0.8181818181818182,0.11726384364820847,0.20512820512820512,0.07425810904071774,0.345,0.9772727272727273,0.1894273127753304,0.3173431734317343,1,184
intersection:baseline_balanced@0.6+thinking_recall_v1@0.3+grouped_event@0.45+latent_candidate_v3@0.3,44,0.14666666666666667,0.8181818181818182,0.11726384364820847,0.20512820512820512,0.07425810904071774,0.345,0.9772727272727273,0.1894273127753304,0.3173431734317343,1,184
intersection:baseline_balanced@0.6+thinking_recall_v1@0.3+grouped_event@0.45+latent_candidate_v3@0.35,44,0.14666666666666667,0.8181818181818182,0.11726384364820847,0.20512820512820512,0.07425810904071774,0.345,0.9772727272727273,0.1894273127753304,0.3173431734317343,1,184
intersection:baseline_balanced@0.6+thinking_recall_v1@0.3+grouped_event@0.45+latent_candidate_v3@0.45,44,0.14666666666666667,0.8181818181818182,0.11726384364820847,0.20512820512820512,0.07425810904071774,0.345,0.9772727272727273,0.1894273127753304,0.3173431734317343,1,184
intersection:baseline_balanced@0.6+thinking_recall_v1@0.3+grouped_event@0.45+latent_candidate_v3@0.6,44,0.14666666666666667,0.8181818181818182,0.11726384364820847,0.20512820512820512,0.07425810904071774,0.345,0.9772727272727273,0.1894273127753304,0.3173431734317343,1,184
intersection:baseline_balanced@0.6+thinking_recall_v1@0.3+grouped_event@0.6+latent_candidate_v3@0.1,44,0.14666666666666667,0.8181818181818182,0.11726384364820847,0.20512820512820512,0.07425810904071774,0.345,0.9772727272727273,0.1894273127753304,0.3173431734317343,1,184
intersection:baseline_balanced@0.6+thinking_recall_v1@0.3+grouped_event@0.6+latent_candidate_v3@0.3,44,0.14666666666666667,0.8181818181818182,0.11726384364820847,0.20512820512820512,0.07425810904071774,0.345,0.9772727272727273,0.1894273127753304,0.3173431734317343,1,184
intersection:baseline_balanced@0.6+thinking_recall_v1@0.3+grouped_event@0.6+latent_candidate_v3@0.35,44,0.14666666666666667,0.8181818181818182,0.11726384364820847,0.20512820512820512,0.07425810904071774,0.345,0.9772727272727273,0.1894273127753304,0.3173431734317343,1,184
intersection:baseline_balanced@0.6+thinking_recall_v1@0.3+grouped_event@0.6+latent_candidate_v3@0.45,44,0.14666666666666667,0.8181818181818182,0.11726384364820847,0.20512820512820512,0.07425810904071774,0.345,0.9772727272727273,0.1894273127753304,0.3173431734317343,1,184
intersection:baseline_balanced@0.6+thinking_recall_v1@0.3+grouped_event@0.6+latent_candidate_v3@0.6,44,0.14666666666666667,0.8181818181818182,0.11726384364820847,0.20512820512820512,0.07425810904071774,0.345,0.9772727272727273,0.1894273127753304,0.3173431734317343,1,184
intersection:baseline_balanced@0.35+thinking_recall_v1@0.35+grouped_event@0.35,42,0.14,0.8333333333333334,0.11400651465798045,0.20057306590257878,0.07353603938969792,0.3416666666666666,0.9761904761904762,0.18061674008810572,0.3048327137546468,1,186
intersection:baseline_balanced@0.35+thinking_recall_v1@0.35+grouped_event@0.45,42,0.14,0.8333333333333334,0.11400651465798045,0.20057306590257878,0.07353603938969792,0.3416666666666666,0.9761904761904762,0.18061674008810572,0.3048327137546468,1,186
intersection:baseline_balanced@0.35+thinking_recall_v1@0.35+grouped_event@0.6,42,0.14,0.8333333333333334,0.11400651465798045,0.20057306590257878,0.07353603938969792,0.3416666666666666,0.9761904761904762,0.18061674008810572,0.3048327137546468,1,186
intersection:baseline_balanced@0.35+thinking_recall_v1@0.45+grouped_event@0.35,42,0.14,0.8333333333333334,0.11400651465798045,0.20057306590257878,0.07353603938969792,0.3416666666666666,0.9761904761904762,0.18061674008810572,0.3048327137546468,1,186
intersection:baseline_balanced@0.35+thinking_recall_v1@0.45+grouped_event@0.45,42,0.14,0.8333333333333334,0.11400651465798045,0.20057306590257878,0.07353603938969792,0.3416666666666666,0.9761904761904762,0.18061674008810572,0.3048327137546468,1,186
intersection:baseline_balanced@0.35+thinking_recall_v1@0.45+grouped_event@0.6,42,0.14,0.8333333333333334,0.11400651465798045,0.20057306590257878,0.07353603938969792,0.3416666666666666,0.9761904761904762,0.18061674008810572,0.3048327137546468,1,186
intersection:baseline_balanced@0.35+thinking_recall_v1@0.6+grouped_event@0.35,42,0.14,0.8333333333333334,0.11400651465798045,0.20057306590257878,0.07353603938969792,0.3416666666666666,0.9761904761904762,0.18061674008810572,0.3048327137546468,1,186
intersection:baseline_balanced@0.35+thinking_recall_v1@0.6+grouped_event@0.45,42,0.14,0.8333333333333334,0.11400651465798045,0.20057306590257878,0.07353603938969792,0.3416666666666666,0.9761904761904762,0.18061674008810572,0.3048327137546468,1,186
intersection:baseline_balanced@0.35+thinking_recall_v1@0.6+grouped_event@0.6,42,0.14,0.8333333333333334,0.11400651465798045,0.20057306590257878,0.07353603938969792,0.3416666666666666,0.9761904761904762,0.18061674008810572,0.3048327137546468,1,186
intersection:baseline_balanced@0.45+thinking_recall_v1@0.35+grouped_event@0.35,42,0.14,0.8333333333333334,0.11400651465798045,0.20057306590257878,0.07353603938969792,0.3416666666666666,0.9761904761904762,0.18061674008810572,0.3048327137546468,1,186
intersection:baseline_balanced@0.45+thinking_recall_v1@0.35+grouped_event@0.45,42,0.14,0.8333333333333334,0.11400651465798045,0.20057306590257878,0.07353603938969792,0.3416666666666666,0.9761904761904762,0.18061674008810572,0.3048327137546468,1,186
intersection:baseline_balanced@0.45+thinking_recall_v1@0.35+grouped_event@0.6,42,0.14,0.8333333333333334,0.11400651465798045,0.20057306590257878,0.07353603938969792,0.3416666666666666,0.9761904761904762,0.18061674008810572,0.3048327137546468,1,186
intersection:baseline_balanced@0.45+thinking_recall_v1@0.45+grouped_event@0.35,42,0.14,0.8333333333333334,0.11400651465798045,0.20057306590257878,0.07353603938969792,0.3416666666666666,0.9761904761904762,0.18061674008810572,0.3048327137546468,1,186
intersection:baseline_balanced@0.45+thinking_recall_v1@0.45+grouped_event@0.45,42,0.14,0.8333333333333334,0.11400651465798045,0.20057306590257878,0.07353603938969792,0.3416666666666666,0.9761904761904762,0.18061674008810572,0.3048327137546468,1,186
intersection:baseline_balanced@0.45+thinking_recall_v1@0.45+grouped_event@0.6,42,0.14,0.8333333333333334,0.11400651465798045,0.20057306590257878,0.07353603938969792,0.3416666666666666,0.9761904761904762,0.18061674008810572,0.3048327137546468,1,186
intersection:baseline_balanced@0.45+thinking_recall_v1@0.6+grouped_event@0.35,42,0.14,0.8333333333333334,0.11400651465798045,0.20057306590257878,0.07353603938969792,0.3416666666666666,0.9761904761904762,0.18061674008810572,0.3048327137546468,1,186
intersection:baseline_balanced@0.45+thinking_recall_v1@0.6+grouped_event@0.45,42,0.14,0.8333333333333334,0.11400651465798045,0.20057306590257878,0.07353603938969792,0.3416666666666666,0.9761904761904762,0.18061674008810572,0.3048327137546468,1,186
intersection:baseline_balanced@0.45+thinking_recall_v1@0.6+grouped_event@0.6,42,0.14,0.8333333333333334,0.11400651465798045,0.20057306590257878,0.07353603938969792,0.3416666666666666,0.9761904761904762,0.18061674008810572,0.3048327137546468,1,186
intersection:baseline_balanced@0.6+thinking_recall_v1@0.35+grouped_event@0.35,42,0.14,0.8333333333333334,0.11400651465798045,0.20057306590257878,0.07353603938969792,0.3416666666666666,0.9761904761904762,0.18061674008810572,0.3048327137546468,1,186
intersection:baseline_balanced@0.6+thinking_recall_v1@0.35+grouped_event@0.45,42,0.14,0.8333333333333334,0.11400651465798045,0.20057306590257878,0.07353603938969792,0.3416666666666666,0.9761904761904762,0.18061674008810572,0.3048327137546468,1,186
intersection:baseline_balanced@0.6+thinking_recall_v1@0.35+grouped_event@0.6,42,0.14,0.8333333333333334,0.11400651465798045,0.20057306590257878,0.07353603938969792,0.3416666666666666,0.9761904761904762,0.18061674008810572,0.3048327137546468,1,186
intersection:baseline_balanced@0.6+thinking_recall_v1@0.45+grouped_event@0.35,42,0.14,0.8333333333333334,0.11400651465798045,0.20057306590257878,0.07353603938969792,0.3416666666666666,0.9761904761904762,0.18061674008810572,0.3048327137546468,1,186
intersection:baseline_balanced@0.6+thinking_recall_v1@0.45+grouped_event@0.45,42,0.14,0.8333333333333334,0.11400651465798045,0.20057306590257878,0.07353603938969792,0.3416666666666666,0.9761904761904762,0.18061674008810572,0.3048327137546468,1,186
intersection:baseline_balanced@0.6+thinking_recall_v1@0.45+grouped_event@0.6,42,0.14,0.8333333333333334,0.11400651465798045,0.20057306590257878,0.07353603938969792,0.3416666666666666,0.9761904761904762,0.18061674008810572,0.3048327137546468,1,186
intersection:baseline_balanced@0.6+thinking_recall_v1@0.6+grouped_event@0.35,42,0.14,0.8333333333333334,0.11400651465798045,0.20057306590257878,0.07353603938969792,0.3416666666666666,0.9761904761904762,0.18061674008810572,0.3048327137546468,1,186
intersection:baseline_balanced@0.6+thinking_recall_v1@0.6+grouped_event@0.45,42,0.14,0.8333333333333334,0.11400651465798045,0.20057306590257878,0.07353603938969792,0.3416666666666666,0.9761904761904762,0.18061674008810572,0.3048327137546468,1,186
intersection:baseline_balanced@0.6+thinking_recall_v1@0.6+grouped_event@0.6,42,0.14,0.8333333333333334,0.11400651465798045,0.20057306590257878,0.07353603938969792,0.3416666666666666,0.9761904761904762,0.18061674008810572,0.3048327137546468,1,186
intersection:baseline_balanced@0.35+thinking_recall_v1@0.35+grouped_event@0.35+latent_candidate_v3@0.1,41,0.13666666666666666,0.8292682926829268,0.11074918566775244,0.19540229885057472,0.07260651318622333,0.33833333333333326,0.975609756097561,0.1762114537444934,0.29850746268656714,1,187
intersection:baseline_balanced@0.35+thinking_recall_v1@0.35+grouped_event@0.35+latent_candidate_v3@0.3,41,0.13666666666666666,0.8292682926829268,0.11074918566775244,0.19540229885057472,0.07260651318622333,0.33833333333333326,0.975609756097561,0.1762114537444934,0.29850746268656714,1,187
intersection:baseline_balanced@0.35+thinking_recall_v1@0.35+grouped_event@0.35+latent_candidate_v3@0.35,41,0.13666666666666666,0.8292682926829268,0.11074918566775244,0.19540229885057472,0.07260651318622333,0.33833333333333326,0.975609756097561,0.1762114537444934,0.29850746268656714,1,187
intersection:baseline_balanced@0.35+thinking_recall_v1@0.35+grouped_event@0.35+latent_candidate_v3@0.45,41,0.13666666666666666,0.8292682926829268,0.11074918566775244,0.19540229885057472,0.07260651318622333,0.33833333333333326,0.975609756097561,0.1762114537444934,0.29850746268656714,1,187
intersection:baseline_balanced@0.35+thinking_recall_v1@0.35+grouped_event@0.35+latent_candidate_v3@0.6,41,0.13666666666666666,0.8292682926829268,0.11074918566775244,0.19540229885057472,0.07260651318622333,0.33833333333333326,0.975609756097561,0.1762114537444934,0.29850746268656714,1,187
intersection:baseline_balanced@0.35+thinking_recall_v1@0.35+grouped_event@0.45+latent_candidate_v3@0.1,41,0.13666666666666666,0.8292682926829268,0.11074918566775244,0.19540229885057472,0.07260651318622333,0.33833333333333326,0.975609756097561,0.1762114537444934,0.29850746268656714,1,187
intersection:baseline_balanced@0.35+thinking_recall_v1@0.35+grouped_event@0.45+latent_candidate_v3@0.3,41,0.13666666666666666,0.8292682926829268,0.11074918566775244,0.19540229885057472,0.07260651318622333,0.33833333333333326,0.975609756097561,0.1762114537444934,0.29850746268656714,1,187
intersection:baseline_balanced@0.35+thinking_recall_v1@0.35+grouped_event@0.45+latent_candidate_v3@0.35,41,0.13666666666666666,0.8292682926829268,0.11074918566775244,0.19540229885057472,0.07260651318622333,0.33833333333333326,0.975609756097561,0.1762114537444934,0.29850746268656714,1,187
intersection:baseline_balanced@0.35+thinking_recall_v1@0.35+grouped_event@0.45+latent_candidate_v3@0.45,41,0.13666666666666666,0.8292682926829268,0.11074918566775244,0.19540229885057472,0.07260651318622333,0.33833333333333326,0.975609756097561,0.1762114537444934,0.29850746268656714,1,187
intersection:baseline_balanced@0.35+thinking_recall_v1@0.35+grouped_event@0.45+latent_candidate_v3@0.6,41,0.13666666666666666,0.8292682926829268,0.11074918566775244,0.19540229885057472,0.07260651318622333,0.33833333333333326,0.975609756097561,0.1762114537444934,0.29850746268656714,1,187
intersection:baseline_balanced@0.35+thinking_recall_v1@0.35+grouped_event@0.6+latent_candidate_v3@0.1,41,0.13666666666666666,0.8292682926829268,0.11074918566775244,0.19540229885057472,0.07260651318622333,0.33833333333333326,0.975609756097561,0.1762114537444934,0.29850746268656714,1,187
intersection:baseline_balanced@0.35+thinking_recall_v1@0.35+grouped_event@0.6+latent_candidate_v3@0.3,41,0.13666666666666666,0.8292682926829268,0.11074918566775244,0.19540229885057472,0.07260651318622333,0.33833333333333326,0.975609756097561,0.1762114537444934,0.29850746268656714,1,187
intersection:baseline_balanced@0.35+thinking_recall_v1@0.35+grouped_event@0.6+latent_candidate_v3@0.35,41,0.13666666666666666,0.8292682926829268,0.11074918566775244,0.19540229885057472,0.07260651318622333,0.33833333333333326,0.975609756097561,0.1762114537444934,0.29850746268656714,1,187
intersection:baseline_balanced@0.35+thinking_recall_v1@0.35+grouped_event@0.6+latent_candidate_v3@0.45,41,0.13666666666666666,0.8292682926829268,0.11074918566775244,0.19540229885057472,0.07260651318622333,0.33833333333333326,0.975609756097561,0.1762114537444934,0.29850746268656714,1,187
intersection:baseline_balanced@0.35+thinking_recall_v1@0.35+grouped_event@0.6+latent_candidate_v3@0.6,41,0.13666666666666666,0.8292682926829268,0.11074918566775244,0.19540229885057472,0.07260651318622333,0.33833333333333326,0.975609756097561,0.1762114537444934,0.29850746268656714,1,187
intersection:baseline_balanced@0.35+thinking_recall_v1@0.45+grouped_event@0.35+latent_candidate_v3@0.1,41,0.13666666666666666,0.8292682926829268,0.11074918566775244,0.19540229885057472,0.07260651318622333,0.33833333333333326,0.975609756097561,0.1762114537444934,0.29850746268656714,1,187
intersection:baseline_balanced@0.35+thinking_recall_v1@0.45+grouped_event@0.35+latent_candidate_v3@0.3,41,0.13666666666666666,0.8292682926829268,0.11074918566775244,0.19540229885057472,0.07260651318622333,0.33833333333333326,0.975609756097561,0.1762114537444934,0.29850746268656714,1,187
intersection:baseline_balanced@0.35+thinking_recall_v1@0.45+grouped_event@0.35+latent_candidate_v3@0.35,41,0.13666666666666666,0.8292682926829268,0.11074918566775244,0.19540229885057472,0.07260651318622333,0.33833333333333326,0.975609756097561,0.1762114537444934,0.29850746268656714,1,187
intersection:baseline_balanced@0.35+thinking_recall_v1@0.45+grouped_event@0.35+latent_candidate_v3@0.45,41,0.13666666666666666,0.8292682926829268,0.11074918566775244,0.19540229885057472,0.07260651318622333,0.33833333333333326,0.975609756097561,0.1762114537444934,0.29850746268656714,1,187
intersection:baseline_balanced@0.35+thinking_recall_v1@0.45+grouped_event@0.35+latent_candidate_v3@0.6,41,0.13666666666666666,0.8292682926829268,0.11074918566775244,0.19540229885057472,0.07260651318622333,0.33833333333333326,0.975609756097561,0.1762114537444934,0.29850746268656714,1,187
intersection:baseline_balanced@0.35+thinking_recall_v1@0.45+grouped_event@0.45+latent_candidate_v3@0.1,41,0.13666666666666666,0.8292682926829268,0.11074918566775244,0.19540229885057472,0.07260651318622333,0.33833333333333326,0.975609756097561,0.1762114537444934,0.29850746268656714,1,187
intersection:baseline_balanced@0.35+thinking_recall_v1@0.45+grouped_event@0.45+latent_candidate_v3@0.3,41,0.13666666666666666,0.8292682926829268,0.11074918566775244,0.19540229885057472,0.07260651318622333,0.33833333333333326,0.975609756097561,0.1762114537444934,0.29850746268656714,1,187
intersection:baseline_balanced@0.35+thinking_recall_v1@0.45+grouped_event@0.45+latent_candidate_v3@0.35,41,0.13666666666666666,0.8292682926829268,0.11074918566775244,0.19540229885057472,0.07260651318622333,0.33833333333333326,0.975609756097561,0.1762114537444934,0.29850746268656714,1,187
intersection:baseline_balanced@0.35+thinking_recall_v1@0.45+grouped_event@0.45+latent_candidate_v3@0.45,41,0.13666666666666666,0.8292682926829268,0.11074918566775244,0.19540229885057472,0.07260651318622333,0.33833333333333326,0.975609756097561,0.1762114537444934,0.29850746268656714,1,187
intersection:baseline_balanced@0.35+thinking_recall_v1@0.45+grouped_event@0.45+latent_candidate_v3@0.6,41,0.13666666666666666,0.8292682926829268,0.11074918566775244,0.19540229885057472,0.07260651318622333,0.33833333333333326,0.975609756097561,0.1762114537444934,0.29850746268656714,1,187
intersection:baseline_balanced@0.35+thinking_recall_v1@0.45+grouped_event@0.6+latent_candidate_v3@0.1,41,0.13666666666666666,0.8292682926829268,0.11074918566775244,0.19540229885057472,0.07260651318622333,0.33833333333333326,0.975609756097561,0.1762114537444934,0.29850746268656714,1,187
intersection:baseline_balanced@0.35+thinking_recall_v1@0.45+grouped_event@0.6+latent_candidate_v3@0.3,41,0.13666666666666666,0.8292682926829268,0.11074918566775244,0.19540229885057472,0.07260651318622333,0.33833333333333326,0.975609756097561,0.1762114537444934,0.29850746268656714,1,187
intersection:baseline_balanced@0.35+thinking_recall_v1@0.45+grouped_event@0.6+latent_candidate_v3@0.35,41,0.13666666666666666,0.8292682926829268,0.11074918566775244,0.19540229885057472,0.07260651318622333,0.33833333333333326,0.975609756097561,0.1762114537444934,0.29850746268656714,1,187
intersection:baseline_balanced@0.35+thinking_recall_v1@0.45+grouped_event@0.6+latent_candidate_v3@0.45,41,0.13666666666666666,0.8292682926829268,0.11074918566775244,0.19540229885057472,0.07260651318622333,0.33833333333333326,0.975609756097561,0.1762114537444934,0.29850746268656714,1,187
intersection:baseline_balanced@0.35+thinking_recall_v1@0.45+grouped_event@0.6+latent_candidate_v3@0.6,41,0.13666666666666666,0.8292682926829268,0.11074918566775244,0.19540229885057472,0.07260651318622333,0.33833333333333326,0.975609756097561,0.1762114537444934,0.29850746268656714,1,187
intersection:baseline_balanced@0.35+thinking_recall_v1@0.6+grouped_event@0.35+latent_candidate_v3@0.1,41,0.13666666666666666,0.8292682926829268,0.11074918566775244,0.19540229885057472,0.07260651318622333,0.33833333333333326,0.975609756097561,0.1762114537444934,0.29850746268656714,1,187
intersection:baseline_balanced@0.35+thinking_recall_v1@0.6+grouped_event@0.35+latent_candidate_v3@0.3,41,0.13666666666666666,0.8292682926829268,0.11074918566775244,0.19540229885057472,0.07260651318622333,0.33833333333333326,0.975609756097561,0.1762114537444934,0.29850746268656714,1,187
intersection:baseline_balanced@0.35+thinking_recall_v1@0.6+grouped_event@0.35+latent_candidate_v3@0.35,41,0.13666666666666666,0.8292682926829268,0.11074918566775244,0.19540229885057472,0.07260651318622333,0.33833333333333326,0.975609756097561,0.1762114537444934,0.29850746268656714,1,187
intersection:baseline_balanced@0.35+thinking_recall_v1@0.6+grouped_event@0.35+latent_candidate_v3@0.45,41,0.13666666666666666,0.8292682926829268,0.11074918566775244,0.19540229885057472,0.07260651318622333,0.33833333333333326,0.975609756097561,0.1762114537444934,0.29850746268656714,1,187
intersection:baseline_balanced@0.35+thinking_recall_v1@0.6+grouped_event@0.35+latent_candidate_v3@0.6,41,0.13666666666666666,0.8292682926829268,0.11074918566775244,0.19540229885057472,0.07260651318622333,0.33833333333333326,0.975609756097561,0.1762114537444934,0.29850746268656714,1,187
intersection:baseline_balanced@0.35+thinking_recall_v1@0.6+grouped_event@0.45+latent_candidate_v3@0.1,41,0.13666666666666666,0.8292682926829268,0.11074918566775244,0.19540229885057472,0.07260651318622333,0.33833333333333326,0.975609756097561,0.1762114537444934,0.29850746268656714,1,187
intersection:baseline_balanced@0.35+thinking_recall_v1@0.6+grouped_event@0.45+latent_candidate_v3@0.3,41,0.13666666666666666,0.8292682926829268,0.11074918566775244,0.19540229885057472,0.07260651318622333,0.33833333333333326,0.975609756097561,0.1762114537444934,0.29850746268656714,1,187
intersection:baseline_balanced@0.35+thinking_recall_v1@0.6+grouped_event@0.45+latent_candidate_v3@0.35,41,0.13666666666666666,0.8292682926829268,0.11074918566775244,0.19540229885057472,0.07260651318622333,0.33833333333333326,0.975609756097561,0.1762114537444934,0.29850746268656714,1,187
intersection:baseline_balanced@0.35+thinking_recall_v1@0.6+grouped_event@0.45+latent_candidate_v3@0.45,41,0.13666666666666666,0.8292682926829268,0.11074918566775244,0.19540229885057472,0.07260651318622333,0.33833333333333326,0.975609756097561,0.1762114537444934,0.29850746268656714,1,187
intersection:baseline_balanced@0.35+thinking_recall_v1@0.6+grouped_event@0.45+latent_candidate_v3@0.6,41,0.13666666666666666,0.8292682926829268,0.11074918566775244,0.19540229885057472,0.07260651318622333,0.33833333333333326,0.975609756097561,0.1762114537444934,0.29850746268656714,1,187
intersection:baseline_balanced@0.35+thinking_recall_v1@0.6+grouped_event@0.6+latent_candidate_v3@0.1,41,0.13666666666666666,0.8292682926829268,0.11074918566775244,0.19540229885057472,0.07260651318622333,0.33833333333333326,0.975609756097561,0.1762114537444934,0.29850746268656714,1,187
intersection:baseline_balanced@0.35+thinking_recall_v1@0.6+grouped_event@0.6+latent_candidate_v3@0.3,41,0.13666666666666666,0.8292682926829268,0.11074918566775244,0.19540229885057472,0.07260651318622333,0.33833333333333326,0.975609756097561,0.1762114537444934,0.29850746268656714,1,187
intersection:baseline_balanced@0.35+thinking_recall_v1@0.6+grouped_event@0.6+latent_candidate_v3@0.35,41,0.13666666666666666,0.8292682926829268,0.11074918566775244,0.19540229885057472,0.07260651318622333,0.33833333333333326,0.975609756097561,0.1762114537444934,0.29850746268656714,1,187
intersection:baseline_balanced@0.35+thinking_recall_v1@0.6+grouped_event@0.6+latent_candidate_v3@0.45,41,0.13666666666666666,0.8292682926829268,0.11074918566775244,0.19540229885057472,0.07260651318622333,0.33833333333333326,0.975609756097561,0.1762114537444934,0.29850746268656714,1,187
intersection:baseline_balanced@0.35+thinking_recall_v1@0.6+grouped_event@0.6+latent_candidate_v3@0.6,41,0.13666666666666666,0.8292682926829268,0.11074918566775244,0.19540229885057472,0.07260651318622333,0.33833333333333326,0.975609756097561,0.1762114537444934,0.29850746268656714,1,187
intersection:baseline_balanced@0.45+thinking_recall_v1@0.35+grouped_event@0.35+latent_candidate_v3@0.1,41,0.13666666666666666,0.8292682926829268,0.11074918566775244,0.19540229885057472,0.07260651318622333,0.33833333333333326,0.975609756097561,0.1762114537444934,0.29850746268656714,1,187
intersection:baseline_balanced@0.45+thinking_recall_v1@0.35+grouped_event@0.35+latent_candidate_v3@0.3,41,0.13666666666666666,0.8292682926829268,0.11074918566775244,0.19540229885057472,0.07260651318622333,0.33833333333333326,0.975609756097561,0.1762114537444934,0.29850746268656714,1,187
intersection:baseline_balanced@0.45+thinking_recall_v1@0.35+grouped_event@0.35+latent_candidate_v3@0.35,41,0.13666666666666666,0.8292682926829268,0.11074918566775244,0.19540229885057472,0.07260651318622333,0.33833333333333326,0.975609756097561,0.1762114537444934,0.29850746268656714,1,187
intersection:baseline_balanced@0.45+thinking_recall_v1@0.35+grouped_event@0.35+latent_candidate_v3@0.45,41,0.13666666666666666,0.8292682926829268,0.11074918566775244,0.19540229885057472,0.07260651318622333,0.33833333333333326,0.975609756097561,0.1762114537444934,0.29850746268656714,1,187
intersection:baseline_balanced@0.45+thinking_recall_v1@0.35+grouped_event@0.35+latent_candidate_v3@0.6,41,0.13666666666666666,0.8292682926829268,0.11074918566775244,0.19540229885057472,0.07260651318622333,0.33833333333333326,0.975609756097561,0.1762114537444934,0.29850746268656714,1,187
intersection:baseline_balanced@0.45+thinking_recall_v1@0.35+grouped_event@0.45+latent_candidate_v3@0.1,41,0.13666666666666666,0.8292682926829268,0.11074918566775244,0.19540229885057472,0.07260651318622333,0.33833333333333326,0.975609756097561,0.1762114537444934,0.29850746268656714,1,187
intersection:baseline_balanced@0.45+thinking_recall_v1@0.35+grouped_event@0.45+latent_candidate_v3@0.3,41,0.13666666666666666,0.8292682926829268,0.11074918566775244,0.19540229885057472,0.07260651318622333,0.33833333333333326,0.975609756097561,0.1762114537444934,0.29850746268656714,1,187
intersection:baseline_balanced@0.45+thinking_recall_v1@0.35+grouped_event@0.45+latent_candidate_v3@0.35,41,0.13666666666666666,0.8292682926829268,0.11074918566775244,0.19540229885057472,0.07260651318622333,0.33833333333333326,0.975609756097561,0.1762114537444934,0.29850746268656714,1,187
intersection:baseline_balanced@0.45+thinking_recall_v1@0.35+grouped_event@0.45+latent_candidate_v3@0.45,41,0.13666666666666666,0.8292682926829268,0.11074918566775244,0.19540229885057472,0.07260651318622333,0.33833333333333326,0.975609756097561,0.1762114537444934,0.29850746268656714,1,187
intersection:baseline_balanced@0.45+thinking_recall_v1@0.35+grouped_event@0.45+latent_candidate_v3@0.6,41,0.13666666666666666,0.8292682926829268,0.11074918566775244,0.19540229885057472,0.07260651318622333,0.33833333333333326,0.975609756097561,0.1762114537444934,0.29850746268656714,1,187
intersection:baseline_balanced@0.45+thinking_recall_v1@0.35+grouped_event@0.6+latent_candidate_v3@0.1,41,0.13666666666666666,0.8292682926829268,0.11074918566775244,0.19540229885057472,0.07260651318622333,0.33833333333333326,0.975609756097561,0.1762114537444934,0.29850746268656714,1,187
intersection:baseline_balanced@0.45+thinking_recall_v1@0.35+grouped_event@0.6+latent_candidate_v3@0.3,41,0.13666666666666666,0.8292682926829268,0.11074918566775244,0.19540229885057472,0.07260651318622333,0.33833333333333326,0.975609756097561,0.1762114537444934,0.29850746268656714,1,187
intersection:baseline_balanced@0.45+thinking_recall_v1@0.35+grouped_event@0.6+latent_candidate_v3@0.35,41,0.13666666666666666,0.8292682926829268,0.11074918566775244,0.19540229885057472,0.07260651318622333,0.33833333333333326,0.975609756097561,0.1762114537444934,0.29850746268656714,1,187
intersection:baseline_balanced@0.45+thinking_recall_v1@0.35+grouped_event@0.6+latent_candidate_v3@0.45,41,0.13666666666666666,0.8292682926829268,0.11074918566775244,0.19540229885057472,0.07260651318622333,0.33833333333333326,0.975609756097561,0.1762114537444934,0.29850746268656714,1,187
intersection:baseline_balanced@0.45+thinking_recall_v1@0.35+grouped_event@0.6+latent_candidate_v3@0.6,41,0.13666666666666666,0.8292682926829268,0.11074918566775244,0.19540229885057472,0.07260651318622333,0.33833333333333326,0.975609756097561,0.1762114537444934,0.29850746268656714,1,187
intersection:baseline_balanced@0.45+thinking_recall_v1@0.45+grouped_event@0.35+latent_candidate_v3@0.1,41,0.13666666666666666,0.8292682926829268,0.11074918566775244,0.19540229885057472,0.07260651318622333,0.33833333333333326,0.975609756097561,0.1762114537444934,0.29850746268656714,1,187
intersection:baseline_balanced@0.45+thinking_recall_v1@0.45+grouped_event@0.35+latent_candidate_v3@0.3,41,0.13666666666666666,0.8292682926829268,0.11074918566775244,0.19540229885057472,0.07260651318622333,0.33833333333333326,0.975609756097561,0.1762114537444934,0.29850746268656714,1,187
intersection:baseline_balanced@0.45+thinking_recall_v1@0.45+grouped_event@0.35+latent_candidate_v3@0.35,41,0.13666666666666666,0.8292682926829268,0.11074918566775244,0.19540229885057472,0.07260651318622333,0.33833333333333326,0.975609756097561,0.1762114537444934,0.29850746268656714,1,187
intersection:baseline_balanced@0.45+thinking_recall_v1@0.45+grouped_event@0.35+latent_candidate_v3@0.45,41,0.13666666666666666,0.8292682926829268,0.11074918566775244,0.19540229885057472,0.07260651318622333,0.33833333333333326,0.975609756097561,0.1762114537444934,0.29850746268656714,1,187
intersection:baseline_balanced@0.45+thinking_recall_v1@0.45+grouped_event@0.35+latent_candidate_v3@0.6,41,0.13666666666666666,0.8292682926829268,0.11074918566775244,0.19540229885057472,0.07260651318622333,0.33833333333333326,0.975609756097561,0.1762114537444934,0.29850746268656714,1,187
intersection:baseline_balanced@0.45+thinking_recall_v1@0.45+grouped_event@0.45+latent_candidate_v3@0.1,41,0.13666666666666666,0.8292682926829268,0.11074918566775244,0.19540229885057472,0.07260651318622333,0.33833333333333326,0.975609756097561,0.1762114537444934,0.29850746268656714,1,187
intersection:baseline_balanced@0.45+thinking_recall_v1@0.45+grouped_event@0.45+latent_candidate_v3@0.3,41,0.13666666666666666,0.8292682926829268,0.11074918566775244,0.19540229885057472,0.07260651318622333,0.33833333333333326,0.975609756097561,0.1762114537444934,0.29850746268656714,1,187
intersection:baseline_balanced@0.45+thinking_recall_v1@0.45+grouped_event@0.45+latent_candidate_v3@0.35,41,0.13666666666666666,0.8292682926829268,0.11074918566775244,0.19540229885057472,0.07260651318622333,0.33833333333333326,0.975609756097561,0.1762114537444934,0.29850746268656714,1,187
intersection:baseline_balanced@0.45+thinking_recall_v1@0.45+grouped_event@0.45+latent_candidate_v3@0.45,41,0.13666666666666666,0.8292682926829268,0.11074918566775244,0.19540229885057472,0.07260651318622333,0.33833333333333326,0.975609756097561,0.1762114537444934,0.29850746268656714,1,187
intersection:baseline_balanced@0.45+thinking_recall_v1@0.45+grouped_event@0.45+latent_candidate_v3@0.6,41,0.13666666666666666,0.8292682926829268,0.11074918566775244,0.19540229885057472,0.07260651318622333,0.33833333333333326,0.975609756097561,0.1762114537444934,0.29850746268656714,1,187
intersection:baseline_balanced@0.45+thinking_recall_v1@0.45+grouped_event@0.6+latent_candidate_v3@0.1,41,0.13666666666666666,0.8292682926829268,0.11074918566775244,0.19540229885057472,0.07260651318622333,0.33833333333333326,0.975609756097561,0.1762114537444934,0.29850746268656714,1,187
intersection:baseline_balanced@0.45+thinking_recall_v1@0.45+grouped_event@0.6+latent_candidate_v3@0.3,41,0.13666666666666666,0.8292682926829268,0.11074918566775244,0.19540229885057472,0.07260651318622333,0.33833333333333326,0.975609756097561,0.1762114537444934,0.29850746268656714,1,187
intersection:baseline_balanced@0.45+thinking_recall_v1@0.45+grouped_event@0.6+latent_candidate_v3@0.35,41,0.13666666666666666,0.8292682926829268,0.11074918566775244,0.19540229885057472,0.07260651318622333,0.33833333333333326,0.975609756097561,0.1762114537444934,0.29850746268656714,1,187
intersection:baseline_balanced@0.45+thinking_recall_v1@0.45+grouped_event@0.6+latent_candidate_v3@0.45,41,0.13666666666666666,0.8292682926829268,0.11074918566775244,0.19540229885057472,0.07260651318622333,0.33833333333333326,0.975609756097561,0.1762114537444934,0.29850746268656714,1,187
intersection:baseline_balanced@0.45+thinking_recall_v1@0.45+grouped_event@0.6+latent_candidate_v3@0.6,41,0.13666666666666666,0.8292682926829268,0.11074918566775244,0.19540229885057472,0.07260651318622333,0.33833333333333326,0.975609756097561,0.1762114537444934,0.29850746268656714,1,187
intersection:baseline_balanced@0.45+thinking_recall_v1@0.6+grouped_event@0.35+latent_candidate_v3@0.1,41,0.13666666666666666,0.8292682926829268,0.11074918566775244,0.19540229885057472,0.07260651318622333,0.33833333333333326,0.975609756097561,0.1762114537444934,0.29850746268656714,1,187
intersection:baseline_balanced@0.45+thinking_recall_v1@0.6+grouped_event@0.35+latent_candidate_v3@0.3,41,0.13666666666666666,0.8292682926829268,0.11074918566775244,0.19540229885057472,0.07260651318622333,0.33833333333333326,0.975609756097561,0.1762114537444934,0.29850746268656714,1,187
intersection:baseline_balanced@0.45+thinking_recall_v1@0.6+grouped_event@0.35+latent_candidate_v3@0.35,41,0.13666666666666666,0.8292682926829268,0.11074918566775244,0.19540229885057472,0.07260651318622333,0.33833333333333326,0.975609756097561,0.1762114537444934,0.29850746268656714,1,187
intersection:baseline_balanced@0.45+thinking_recall_v1@0.6+grouped_event@0.35+latent_candidate_v3@0.45,41,0.13666666666666666,0.8292682926829268,0.11074918566775244,0.19540229885057472,0.07260651318622333,0.33833333333333326,0.975609756097561,0.1762114537444934,0.29850746268656714,1,187
intersection:baseline_balanced@0.45+thinking_recall_v1@0.6+grouped_event@0.35+latent_candidate_v3@0.6,41,0.13666666666666666,0.8292682926829268,0.11074918566775244,0.19540229885057472,0.07260651318622333,0.33833333333333326,0.975609756097561,0.1762114537444934,0.29850746268656714,1,187
intersection:baseline_balanced@0.45+thinking_recall_v1@0.6+grouped_event@0.45+latent_candidate_v3@0.1,41,0.13666666666666666,0.8292682926829268,0.11074918566775244,0.19540229885057472,0.07260651318622333,0.33833333333333326,0.975609756097561,0.1762114537444934,0.29850746268656714,1,187
intersection:baseline_balanced@0.45+thinking_recall_v1@0.6+grouped_event@0.45+latent_candidate_v3@0.3,41,0.13666666666666666,0.8292682926829268,0.11074918566775244,0.19540229885057472,0.07260651318622333,0.33833333333333326,0.975609756097561,0.1762114537444934,0.29850746268656714,1,187
intersection:baseline_balanced@0.45+thinking_recall_v1@0.6+grouped_event@0.45+latent_candidate_v3@0.35,41,0.13666666666666666,0.8292682926829268,0.11074918566775244,0.19540229885057472,0.07260651318622333,0.33833333333333326,0.975609756097561,0.1762114537444934,0.29850746268656714,1,187
intersection:baseline_balanced@0.45+thinking_recall_v1@0.6+grouped_event@0.45+latent_candidate_v3@0.45,41,0.13666666666666666,0.8292682926829268,0.11074918566775244,0.19540229885057472,0.07260651318622333,0.33833333333333326,0.975609756097561,0.1762114537444934,0.29850746268656714,1,187
intersection:baseline_balanced@0.45+thinking_recall_v1@0.6+grouped_event@0.45+latent_candidate_v3@0.6,41,0.13666666666666666,0.8292682926829268,0.11074918566775244,0.19540229885057472,0.07260651318622333,0.33833333333333326,0.975609756097561,0.1762114537444934,0.29850746268656714,1,187
intersection:baseline_balanced@0.45+thinking_recall_v1@0.6+grouped_event@0.6+latent_candidate_v3@0.1,41,0.13666666666666666,0.8292682926829268,0.11074918566775244,0.19540229885057472,0.07260651318622333,0.33833333333333326,0.975609756097561,0.1762114537444934,0.29850746268656714,1,187
intersection:baseline_balanced@0.45+thinking_recall_v1@0.6+grouped_event@0.6+latent_candidate_v3@0.3,41,0.13666666666666666,0.8292682926829268,0.11074918566775244,0.19540229885057472,0.07260651318622333,0.33833333333333326,0.975609756097561,0.1762114537444934,0.29850746268656714,1,187
intersection:baseline_balanced@0.45+thinking_recall_v1@0.6+grouped_event@0.6+latent_candidate_v3@0.35,41,0.13666666666666666,0.8292682926829268,0.11074918566775244,0.19540229885057472,0.07260651318622333,0.33833333333333326,0.975609756097561,0.1762114537444934,0.29850746268656714,1,187
intersection:baseline_balanced@0.45+thinking_recall_v1@0.6+grouped_event@0.6+latent_candidate_v3@0.45,41,0.13666666666666666,0.8292682926829268,0.11074918566775244,0.19540229885057472,0.07260651318622333,0.33833333333333326,0.975609756097561,0.1762114537444934,0.29850746268656714,1,187
intersection:baseline_balanced@0.45+thinking_recall_v1@0.6+grouped_event@0.6+latent_candidate_v3@0.6,41,0.13666666666666666,0.8292682926829268,0.11074918566775244,0.19540229885057472,0.07260651318622333,0.33833333333333326,0.975609756097561,0.1762114537444934,0.29850746268656714,1,187
intersection:baseline_balanced@0.6+thinking_recall_v1@0.35+grouped_event@0.35+latent_candidate_v3@0.1,41,0.13666666666666666,0.8292682926829268,0.11074918566775244,0.19540229885057472,0.07260651318622333,0.33833333333333326,0.975609756097561,0.1762114537444934,0.29850746268656714,1,187
intersection:baseline_balanced@0.6+thinking_recall_v1@0.35+grouped_event@0.35+latent_candidate_v3@0.3,41,0.13666666666666666,0.8292682926829268,0.11074918566775244,0.19540229885057472,0.07260651318622333,0.33833333333333326,0.975609756097561,0.1762114537444934,0.29850746268656714,1,187
intersection:baseline_balanced@0.6+thinking_recall_v1@0.35+grouped_event@0.35+latent_candidate_v3@0.35,41,0.13666666666666666,0.8292682926829268,0.11074918566775244,0.19540229885057472,0.07260651318622333,0.33833333333333326,0.975609756097561,0.1762114537444934,0.29850746268656714,1,187
intersection:baseline_balanced@0.6+thinking_recall_v1@0.35+grouped_event@0.35+latent_candidate_v3@0.45,41,0.13666666666666666,0.8292682926829268,0.11074918566775244,0.19540229885057472,0.07260651318622333,0.33833333333333326,0.975609756097561,0.1762114537444934,0.29850746268656714,1,187
intersection:baseline_balanced@0.6+thinking_recall_v1@0.35+grouped_event@0.35+latent_candidate_v3@0.6,41,0.13666666666666666,0.8292682926829268,0.11074918566775244,0.19540229885057472,0.07260651318622333,0.33833333333333326,0.975609756097561,0.1762114537444934,0.29850746268656714,1,187
intersection:baseline_balanced@0.6+thinking_recall_v1@0.35+grouped_event@0.45+latent_candidate_v3@0.1,41,0.13666666666666666,0.8292682926829268,0.11074918566775244,0.19540229885057472,0.07260651318622333,0.33833333333333326,0.975609756097561,0.1762114537444934,0.29850746268656714,1,187
intersection:baseline_balanced@0.6+thinking_recall_v1@0.35+grouped_event@0.45+latent_candidate_v3@0.3,41,0.13666666666666666,0.8292682926829268,0.11074918566775244,0.19540229885057472,0.07260651318622333,0.33833333333333326,0.975609756097561,0.1762114537444934,0.29850746268656714,1,187
intersection:baseline_balanced@0.6+thinking_recall_v1@0.35+grouped_event@0.45+latent_candidate_v3@0.35,41,0.13666666666666666,0.8292682926829268,0.11074918566775244,0.19540229885057472,0.07260651318622333,0.33833333333333326,0.975609756097561,0.1762114537444934,0.29850746268656714,1,187
intersection:baseline_balanced@0.6+thinking_recall_v1@0.35+grouped_event@0.45+latent_candidate_v3@0.45,41,0.13666666666666666,0.8292682926829268,0.11074918566775244,0.19540229885057472,0.07260651318622333,0.33833333333333326,0.975609756097561,0.1762114537444934,0.29850746268656714,1,187
intersection:baseline_balanced@0.6+thinking_recall_v1@0.35+grouped_event@0.45+latent_candidate_v3@0.6,41,0.13666666666666666,0.8292682926829268,0.11074918566775244,0.19540229885057472,0.07260651318622333,0.33833333333333326,0.975609756097561,0.1762114537444934,0.29850746268656714,1,187
intersection:baseline_balanced@0.6+thinking_recall_v1@0.35+grouped_event@0.6+latent_candidate_v3@0.1,41,0.13666666666666666,0.8292682926829268,0.11074918566775244,0.19540229885057472,0.07260651318622333,0.33833333333333326,0.975609756097561,0.1762114537444934,0.29850746268656714,1,187
intersection:baseline_balanced@0.6+thinking_recall_v1@0.35+grouped_event@0.6+latent_candidate_v3@0.3,41,0.13666666666666666,0.8292682926829268,0.11074918566775244,0.19540229885057472,0.07260651318622333,0.33833333333333326,0.975609756097561,0.1762114537444934,0.29850746268656714,1,187
intersection:baseline_balanced@0.6+thinking_recall_v1@0.35+grouped_event@0.6+latent_candidate_v3@0.35,41,0.13666666666666666,0.8292682926829268,0.11074918566775244,0.19540229885057472,0.07260651318622333,0.33833333333333326,0.975609756097561,0.1762114537444934,0.29850746268656714,1,187
intersection:baseline_balanced@0.6+thinking_recall_v1@0.35+grouped_event@0.6+latent_candidate_v3@0.45,41,0.13666666666666666,0.8292682926829268,0.11074918566775244,0.19540229885057472,0.07260651318622333,0.33833333333333326,0.975609756097561,0.1762114537444934,0.29850746268656714,1,187
intersection:baseline_balanced@0.6+thinking_recall_v1@0.35+grouped_event@0.6+latent_candidate_v3@0.6,41,0.13666666666666666,0.8292682926829268,0.11074918566775244,0.19540229885057472,0.07260651318622333,0.33833333333333326,0.975609756097561,0.1762114537444934,0.29850746268656714,1,187
intersection:baseline_balanced@0.6+thinking_recall_v1@0.45+grouped_event@0.35+latent_candidate_v3@0.1,41,0.13666666666666666,0.8292682926829268,0.11074918566775244,0.19540229885057472,0.07260651318622333,0.33833333333333326,0.975609756097561,0.1762114537444934,0.29850746268656714,1,187
intersection:baseline_balanced@0.6+thinking_recall_v1@0.45+grouped_event@0.35+latent_candidate_v3@0.3,41,0.13666666666666666,0.8292682926829268,0.11074918566775244,0.19540229885057472,0.07260651318622333,0.33833333333333326,0.975609756097561,0.1762114537444934,0.29850746268656714,1,187
intersection:baseline_balanced@0.6+thinking_recall_v1@0.45+grouped_event@0.35+latent_candidate_v3@0.35,41,0.13666666666666666,0.8292682926829268,0.11074918566775244,0.19540229885057472,0.07260651318622333,0.33833333333333326,0.975609756097561,0.1762114537444934,0.29850746268656714,1,187
intersection:baseline_balanced@0.6+thinking_recall_v1@0.45+grouped_event@0.35+latent_candidate_v3@0.45,41,0.13666666666666666,0.8292682926829268,0.11074918566775244,0.19540229885057472,0.07260651318622333,0.33833333333333326,0.975609756097561,0.1762114537444934,0.29850746268656714,1,187
intersection:baseline_balanced@0.6+thinking_recall_v1@0.45+grouped_event@0.35+latent_candidate_v3@0.6,41,0.13666666666666666,0.8292682926829268,0.11074918566775244,0.19540229885057472,0.07260651318622333,0.33833333333333326,0.975609756097561,0.1762114537444934,0.29850746268656714,1,187
intersection:baseline_balanced@0.6+thinking_recall_v1@0.45+grouped_event@0.45+latent_candidate_v3@0.1,41,0.13666666666666666,0.8292682926829268,0.11074918566775244,0.19540229885057472,0.07260651318622333,0.33833333333333326,0.975609756097561,0.1762114537444934,0.29850746268656714,1,187
intersection:baseline_balanced@0.6+thinking_recall_v1@0.45+grouped_event@0.45+latent_candidate_v3@0.3,41,0.13666666666666666,0.8292682926829268,0.11074918566775244,0.19540229885057472,0.07260651318622333,0.33833333333333326,0.975609756097561,0.1762114537444934,0.29850746268656714,1,187
intersection:baseline_balanced@0.6+thinking_recall_v1@0.45+grouped_event@0.45+latent_candidate_v3@0.35,41,0.13666666666666666,0.8292682926829268,0.11074918566775244,0.19540229885057472,0.07260651318622333,0.33833333333333326,0.975609756097561,0.1762114537444934,0.29850746268656714,1,187
intersection:baseline_balanced@0.6+thinking_recall_v1@0.45+grouped_event@0.45+latent_candidate_v3@0.45,41,0.13666666666666666,0.8292682926829268,0.11074918566775244,0.19540229885057472,0.07260651318622333,0.33833333333333326,0.975609756097561,0.1762114537444934,0.29850746268656714,1,187
intersection:baseline_balanced@0.6+thinking_recall_v1@0.45+grouped_event@0.45+latent_candidate_v3@0.6,41,0.13666666666666666,0.8292682926829268,0.11074918566775244,0.19540229885057472,0.07260651318622333,0.33833333333333326,0.975609756097561,0.1762114537444934,0.29850746268656714,1,187
intersection:baseline_balanced@0.6+thinking_recall_v1@0.45+grouped_event@0.6+latent_candidate_v3@0.1,41,0.13666666666666666,0.8292682926829268,0.11074918566775244,0.19540229885057472,0.07260651318622333,0.33833333333333326,0.975609756097561,0.1762114537444934,0.29850746268656714,1,187
intersection:baseline_balanced@0.6+thinking_recall_v1@0.45+grouped_event@0.6+latent_candidate_v3@0.3,41,0.13666666666666666,0.8292682926829268,0.11074918566775244,0.19540229885057472,0.07260651318622333,0.33833333333333326,0.975609756097561,0.1762114537444934,0.29850746268656714,1,187
intersection:baseline_balanced@0.6+thinking_recall_v1@0.45+grouped_event@0.6+latent_candidate_v3@0.35,41,0.13666666666666666,0.8292682926829268,0.11074918566775244,0.19540229885057472,0.07260651318622333,0.33833333333333326,0.975609756097561,0.1762114537444934,0.29850746268656714,1,187
intersection:baseline_balanced@0.6+thinking_recall_v1@0.45+grouped_event@0.6+latent_candidate_v3@0.45,41,0.13666666666666666,0.8292682926829268,0.11074918566775244,0.19540229885057472,0.07260651318622333,0.33833333333333326,0.975609756097561,0.1762114537444934,0.29850746268656714,1,187
intersection:baseline_balanced@0.6+thinking_recall_v1@0.45+grouped_event@0.6+latent_candidate_v3@0.6,41,0.13666666666666666,0.8292682926829268,0.11074918566775244,0.19540229885057472,0.07260651318622333,0.33833333333333326,0.975609756097561,0.1762114537444934,0.29850746268656714,1,187
intersection:baseline_balanced@0.6+thinking_recall_v1@0.6+grouped_event@0.35+latent_candidate_v3@0.1,41,0.13666666666666666,0.8292682926829268,0.11074918566775244,0.19540229885057472,0.07260651318622333,0.33833333333333326,0.975609756097561,0.1762114537444934,0.29850746268656714,1,187
intersection:baseline_balanced@0.6+thinking_recall_v1@0.6+grouped_event@0.35+latent_candidate_v3@0.3,41,0.13666666666666666,0.8292682926829268,0.11074918566775244,0.19540229885057472,0.07260651318622333,0.33833333333333326,0.975609756097561,0.1762114537444934,0.29850746268656714,1,187
intersection:baseline_balanced@0.6+thinking_recall_v1@0.6+grouped_event@0.35+latent_candidate_v3@0.35,41,0.13666666666666666,0.8292682926829268,0.11074918566775244,0.19540229885057472,0.07260651318622333,0.33833333333333326,0.975609756097561,0.1762114537444934,0.29850746268656714,1,187
intersection:baseline_balanced@0.6+thinking_recall_v1@0.6+grouped_event@0.35+latent_candidate_v3@0.45,41,0.13666666666666666,0.8292682926829268,0.11074918566775244,0.19540229885057472,0.07260651318622333,0.33833333333333326,0.975609756097561,0.1762114537444934,0.29850746268656714,1,187
intersection:baseline_balanced@0.6+thinking_recall_v1@0.6+grouped_event@0.35+latent_candidate_v3@0.6,41,0.13666666666666666,0.8292682926829268,0.11074918566775244,0.19540229885057472,0.07260651318622333,0.33833333333333326,0.975609756097561,0.1762114537444934,0.29850746268656714,1,187
intersection:baseline_balanced@0.6+thinking_recall_v1@0.6+grouped_event@0.45+latent_candidate_v3@0.1,41,0.13666666666666666,0.8292682926829268,0.11074918566775244,0.19540229885057472,0.07260651318622333,0.33833333333333326,0.975609756097561,0.1762114537444934,0.29850746268656714,1,187
intersection:baseline_balanced@0.6+thinking_recall_v1@0.6+grouped_event@0.45+latent_candidate_v3@0.3,41,0.13666666666666666,0.8292682926829268,0.11074918566775244,0.19540229885057472,0.07260651318622333,0.33833333333333326,0.975609756097561,0.1762114537444934,0.29850746268656714,1,187
intersection:baseline_balanced@0.6+thinking_recall_v1@0.6+grouped_event@0.45+latent_candidate_v3@0.35,41,0.13666666666666666,0.8292682926829268,0.11074918566775244,0.19540229885057472,0.07260651318622333,0.33833333333333326,0.975609756097561,0.1762114537444934,0.29850746268656714,1,187
intersection:baseline_balanced@0.6+thinking_recall_v1@0.6+grouped_event@0.45+latent_candidate_v3@0.45,41,0.13666666666666666,0.8292682926829268,0.11074918566775244,0.19540229885057472,0.07260651318622333,0.33833333333333326,0.975609756097561,0.1762114537444934,0.29850746268656714,1,187
intersection:baseline_balanced@0.6+thinking_recall_v1@0.6+grouped_event@0.45+latent_candidate_v3@0.6,41,0.13666666666666666,0.8292682926829268,0.11074918566775244,0.19540229885057472,0.07260651318622333,0.33833333333333326,0.975609756097561,0.1762114537444934,0.29850746268656714,1,187
intersection:baseline_balanced@0.6+thinking_recall_v1@0.6+grouped_event@0.6+latent_candidate_v3@0.1,41,0.13666666666666666,0.8292682926829268,0.11074918566775244,0.19540229885057472,0.07260651318622333,0.33833333333333326,0.975609756097561,0.1762114537444934,0.29850746268656714,1,187
intersection:baseline_balanced@0.6+thinking_recall_v1@0.6+grouped_event@0.6+latent_candidate_v3@0.3,41,0.13666666666666666,0.8292682926829268,0.11074918566775244,0.19540229885057472,0.07260651318622333,0.33833333333333326,0.975609756097561,0.1762114537444934,0.29850746268656714,1,187
intersection:baseline_balanced@0.6+thinking_recall_v1@0.6+grouped_event@0.6+latent_candidate_v3@0.35,41,0.13666666666666666,0.8292682926829268,0.11074918566775244,0.19540229885057472,0.07260651318622333,0.33833333333333326,0.975609756097561,0.1762114537444934,0.29850746268656714,1,187
intersection:baseline_balanced@0.6+thinking_recall_v1@0.6+grouped_event@0.6+latent_candidate_v3@0.45,41,0.13666666666666666,0.8292682926829268,0.11074918566775244,0.19540229885057472,0.07260651318622333,0.33833333333333326,0.975609756097561,0.1762114537444934,0.29850746268656714,1,187
intersection:baseline_balanced@0.6+thinking_recall_v1@0.6+grouped_event@0.6+latent_candidate_v3@0.6,41,0.13666666666666666,0.8292682926829268,0.11074918566775244,0.19540229885057472,0.07260651318622333,0.33833333333333326,0.975609756097561,0.1762114537444934,0.29850746268656714,1,187
latent_candidate_v3@0.9,42,0.14,0.8095238095238095,0.11074918566775244,0.19484240687679083,0.15664409437428184,0.3322222222222222,0.975609756097561,0.1762114537444934,0.29850746268656714,1,187
latent_candidate_v3@0.85,43,0.14333333333333334,0.7906976744186046,0.11074918566775244,0.19428571428571428,0.15374554364964416,0.33166666666666667,0.975609756097561,0.1762114537444934,0.29850746268656714,1,187
grouped_event@0.65,36,0.12,0.8333333333333334,0.09771986970684039,0.1749271137026239,0.21888136018570797,0.32166666666666666,1.0,0.14537444933920704,0.25384615384615383,0,194
grouped_event@0.7,36,0.12,0.8333333333333334,0.09771986970684039,0.1749271137026239,0.21888136018570797,0.32166666666666666,1.0,0.14537444933920704,0.25384615384615383,0,194
grouped_event@0.75,36,0.12,0.8333333333333334,0.09771986970684039,0.1749271137026239,0.21888136018570797,0.32166666666666666,1.0,0.14537444933920704,0.25384615384615383,0,194
grouped_event@0.8,36,0.12,0.8333333333333334,0.09771986970684039,0.1749271137026239,0.21888136018570797,0.32166666666666666,1.0,0.14537444933920704,0.25384615384615383,0,194
grouped_event@0.85,36,0.12,0.8333333333333334,0.09771986970684039,0.1749271137026239,0.21888136018570797,0.32166666666666666,1.0,0.14537444933920704,0.25384615384615383,0,194
grouped_event@0.9,36,0.12,0.8333333333333334,0.09771986970684039,0.1749271137026239,0.21888136018570797,0.32166666666666666,1.0,0.14537444933920704,0.25384615384615383,0,194
baseline_balanced@0.65,32,0.10666666666666667,0.8125,0.08469055374592833,0.15339233038348082,0.0928904491853452,0.3138888888888889,1.0,0.13656387665198239,0.24031007751937986,0,196
baseline_balanced@0.7,32,0.10666666666666667,0.8125,0.08469055374592833,0.15339233038348082,0.0928904491853452,0.3138888888888889,1.0,0.13656387665198239,0.24031007751937986,0,196
baseline_balanced@0.75,28,0.09333333333333334,0.8214285714285714,0.0749185667752443,0.1373134328358209,0.07560825647782168,0.3055555555555555,1.0,0.12334801762114538,0.2196078431372549,0,199
baseline_balanced@0.8,28,0.09333333333333334,0.8214285714285714,0.0749185667752443,0.1373134328358209,0.07560825647782168,0.3055555555555555,1.0,0.12334801762114538,0.2196078431372549,0,199
baseline_balanced@0.85,27,0.09,0.8148148148148148,0.07166123778501629,0.1317365269461078,0.07464240310922234,0.30222222222222217,1.0,0.11894273127753303,0.2125984251968504,0,200
baseline_balanced@0.9,27,0.09,0.8148148148148148,0.07166123778501629,0.1317365269461078,0.07464240310922234,0.30222222222222217,1.0,0.11894273127753303,0.2125984251968504,0,200
latent_candidate_v3@0.95,5,0.016666666666666666,0.8,0.013029315960912053,0.02564102564102564,0.0463768115942029,0.2522222222222222,1.0,0.022026431718061675,0.04310344827586207,0,222
thinking_recall_v1@0.95,3,0.01,1.0,0.009771986970684038,0.01935483870967742,0.008359633834220484,0.25,1.0,0.013215859030837005,0.02608695652173913,0,224
baseline_balanced@0.95,4,0.013333333333333334,0.75,0.009771986970684038,0.01929260450160772,0.0038427755819060165,0.25333333333333335,1.0,0.01762114537444934,0.03463203463203463,0,223
grouped_event@0.95,2,0.006666666666666667,1.0,0.006514657980456026,0.012944983818770227,0.05016722408026755,0.24777777777777776,1.0,0.00881057268722467,0.017467248908296942,0,225
