run_name,source_file,run_family,model_guess,file_hash,threshold,n_news,gold_positive_pairs,pred_positive_pairs,pred_mean_labels,micro_precision,micro_recall,micro_f1,macro_f1_supported,sample_f1_empty_correct,any_relevant_precision,any_relevant_recall,any_relevant_f1,false_relevant_news,missed_all_relevant_news,error_rows
v4_social_signal_experiment_v4_prompt_think_false_v4full965_qwen36_35b_iq4_social_signal_v9_f1_balanced_nothink_json_ctx16384_tok8192_b4.partial,v4_social_signal_experiment_v4_prompt_think_false_v4full965_qwen36_35b_iq4_social_signal_v9_f1_balanced_nothink_json_ctx16384_tok8192_b4.partial.csv,v4_social_signal,qwen3.6-35b:iq4,979e3824848e,0.90,4,1,1,0.25,1.0,1.0,1.0,1.0,1.0,1.0,1.0,1.0,0,0,0
v3_social_signal_experiment_social_signal_v5_think_false_qwen36_35b_iq3_ctx16k_v5_b1_pilot30,v3_social_signal_experiment_social_signal_v5_think_false_qwen36_35b_iq3_ctx16k_v5_b1_pilot30.csv,v3_social_signal,qwen3.6-35b:iq3,1c1120950e4a,0.35,30,22,33,1.1,0.6363636363636364,0.9545454545454546,0.7636363636363637,0.8234432234432234,0.8166666666666668,0.9047619047619048,1.0,0.95,2,0,0
v3_social_signal_experiment_social_signal_v5_think_false_qwen36_35b_iq3_ctx16k_v5_b1_pilot30,v3_social_signal_experiment_social_signal_v5_think_false_qwen36_35b_iq3_ctx16k_v5_b1_pilot30.csv,v3_social_signal,qwen3.6-35b:iq3,1c1120950e4a,0.40,30,22,33,1.1,0.6363636363636364,0.9545454545454546,0.7636363636363637,0.8234432234432234,0.8166666666666668,0.9047619047619048,1.0,0.95,2,0,0
v3_social_signal_experiment_social_signal_v5_think_false_qwen36_35b_iq3_ctx16k_v5_b1_pilot30,v3_social_signal_experiment_social_signal_v5_think_false_qwen36_35b_iq3_ctx16k_v5_b1_pilot30.csv,v3_social_signal,qwen3.6-35b:iq3,1c1120950e4a,0.45,30,22,33,1.1,0.6363636363636364,0.9545454545454546,0.7636363636363637,0.8234432234432234,0.8166666666666668,0.9047619047619048,1.0,0.95,2,0,0
v3_social_signal_experiment_social_signal_v5_think_false_qwen36_35b_iq3_ctx16k_v5_b1_pilot30,v3_social_signal_experiment_social_signal_v5_think_false_qwen36_35b_iq3_ctx16k_v5_b1_pilot30.csv,v3_social_signal,qwen3.6-35b:iq3,1c1120950e4a,0.50,30,22,33,1.1,0.6363636363636364,0.9545454545454546,0.7636363636363637,0.8234432234432234,0.8166666666666668,0.9047619047619048,1.0,0.95,2,0,0
v3_social_signal_experiment_social_signal_v5_think_false_qwen36_35b_iq3_ctx16k_v5_b1_pilot30,v3_social_signal_experiment_social_signal_v5_think_false_qwen36_35b_iq3_ctx16k_v5_b1_pilot30.csv,v3_social_signal,qwen3.6-35b:iq3,1c1120950e4a,0.55,30,22,33,1.1,0.6363636363636364,0.9545454545454546,0.7636363636363637,0.8234432234432234,0.8166666666666668,0.9047619047619048,1.0,0.95,2,0,0
v3_social_signal_experiment_social_signal_v5_think_false_qwen36_35b_iq3_ctx16k_v5_b1_pilot30,v3_social_signal_experiment_social_signal_v5_think_false_qwen36_35b_iq3_ctx16k_v5_b1_pilot30.csv,v3_social_signal,qwen3.6-35b:iq3,1c1120950e4a,0.60,30,22,33,1.1,0.6363636363636364,0.9545454545454546,0.7636363636363637,0.8234432234432234,0.8166666666666668,0.9047619047619048,1.0,0.95,2,0,0
v4_social_signal_experiment_v4_prompt_think_false_v4pilot60_qwen35_9b_high_recall_minimal_v3_nothink_json_ctx32768_tok16384_b2,v4_social_signal_experiment_v4_prompt_think_false_v4pilot60_qwen35_9b_high_recall_minimal_v3_nothink_json_ctx32768_tok16384_b2.csv,v4_social_signal,qwen35-9b,cbe12b087c57,0.35,41,37,32,0.7804878048780488,0.8125,0.7027027027027027,0.7536231884057971,0.5646591970121382,0.7479674796747967,0.8888888888888888,0.8275862068965517,0.8571428571428571,3,5,0
v4_social_signal_experiment_v4_prompt_think_false_v4pilot60_qwen35_9b_high_recall_minimal_v3_nothink_json_ctx32768_tok16384_b2,v4_social_signal_experiment_v4_prompt_think_false_v4pilot60_qwen35_9b_high_recall_minimal_v3_nothink_json_ctx32768_tok16384_b2.csv,v4_social_signal,qwen35-9b,cbe12b087c57,0.40,41,37,32,0.7804878048780488,0.8125,0.7027027027027027,0.7536231884057971,0.5646591970121382,0.7479674796747967,0.8888888888888888,0.8275862068965517,0.8571428571428571,3,5,0
v4_social_signal_experiment_v4_prompt_think_false_v4pilot60_qwen35_9b_high_recall_minimal_v3_nothink_json_ctx32768_tok16384_b2,v4_social_signal_experiment_v4_prompt_think_false_v4pilot60_qwen35_9b_high_recall_minimal_v3_nothink_json_ctx32768_tok16384_b2.csv,v4_social_signal,qwen35-9b,cbe12b087c57,0.45,41,37,32,0.7804878048780488,0.8125,0.7027027027027027,0.7536231884057971,0.5646591970121382,0.7479674796747967,0.8888888888888888,0.8275862068965517,0.8571428571428571,3,5,0
v4_social_signal_experiment_v4_prompt_think_false_v4pilot60_qwen35_9b_high_recall_minimal_v3_nothink_json_ctx32768_tok16384_b2,v4_social_signal_experiment_v4_prompt_think_false_v4pilot60_qwen35_9b_high_recall_minimal_v3_nothink_json_ctx32768_tok16384_b2.csv,v4_social_signal,qwen35-9b,cbe12b087c57,0.50,41,37,32,0.7804878048780488,0.8125,0.7027027027027027,0.7536231884057971,0.5646591970121382,0.7479674796747967,0.8888888888888888,0.8275862068965517,0.8571428571428571,3,5,0
v4_social_signal_experiment_v4_prompt_think_false_v4pilot60_qwen35_9b_high_recall_minimal_v3_nothink_json_ctx32768_tok16384_b2,v4_social_signal_experiment_v4_prompt_think_false_v4pilot60_qwen35_9b_high_recall_minimal_v3_nothink_json_ctx32768_tok16384_b2.csv,v4_social_signal,qwen35-9b,cbe12b087c57,0.55,41,37,32,0.7804878048780488,0.8125,0.7027027027027027,0.7536231884057971,0.5646591970121382,0.7479674796747967,0.8888888888888888,0.8275862068965517,0.8571428571428571,3,5,0
v4_social_signal_experiment_v4_prompt_think_false_v4pilot60_qwen35_9b_high_recall_minimal_v3_nothink_json_ctx32768_tok16384_b2,v4_social_signal_experiment_v4_prompt_think_false_v4pilot60_qwen35_9b_high_recall_minimal_v3_nothink_json_ctx32768_tok16384_b2.csv,v4_social_signal,qwen35-9b,cbe12b087c57,0.60,41,37,32,0.7804878048780488,0.8125,0.7027027027027027,0.7536231884057971,0.5646591970121382,0.7479674796747967,0.8888888888888888,0.8275862068965517,0.8571428571428571,3,5,0
v3_social_signal_experiment_social_signal_v5_think_false_qwen36_35b_iq3_v5_b1_pilot30,v3_social_signal_experiment_social_signal_v5_think_false_qwen36_35b_iq3_v5_b1_pilot30.csv,v3_social_signal,qwen3.6-35b:iq3,b8b627b7f630,0.35,30,22,35,1.1666666666666667,0.6,0.9545454545454546,0.7368421052631579,0.8106227106227106,0.8044444444444444,0.9047619047619048,1.0,0.95,2,0,0
v3_social_signal_experiment_social_signal_v5_think_false_qwen36_35b_iq3_v5_b1_pilot30,v3_social_signal_experiment_social_signal_v5_think_false_qwen36_35b_iq3_v5_b1_pilot30.csv,v3_social_signal,qwen3.6-35b:iq3,b8b627b7f630,0.40,30,22,35,1.1666666666666667,0.6,0.9545454545454546,0.7368421052631579,0.8106227106227106,0.8044444444444444,0.9047619047619048,1.0,0.95,2,0,0
v3_social_signal_experiment_social_signal_v5_think_false_qwen36_35b_iq3_v5_b1_pilot30,v3_social_signal_experiment_social_signal_v5_think_false_qwen36_35b_iq3_v5_b1_pilot30.csv,v3_social_signal,qwen3.6-35b:iq3,b8b627b7f630,0.45,30,22,35,1.1666666666666667,0.6,0.9545454545454546,0.7368421052631579,0.8106227106227106,0.8044444444444444,0.9047619047619048,1.0,0.95,2,0,0
v3_social_signal_experiment_social_signal_v5_think_false_qwen36_35b_iq3_v5_b1_pilot30,v3_social_signal_experiment_social_signal_v5_think_false_qwen36_35b_iq3_v5_b1_pilot30.csv,v3_social_signal,qwen3.6-35b:iq3,b8b627b7f630,0.50,30,22,35,1.1666666666666667,0.6,0.9545454545454546,0.7368421052631579,0.8106227106227106,0.8044444444444444,0.9047619047619048,1.0,0.95,2,0,0
v3_social_signal_experiment_social_signal_v5_think_false_qwen36_35b_iq3_v5_b1_pilot30,v3_social_signal_experiment_social_signal_v5_think_false_qwen36_35b_iq3_v5_b1_pilot30.csv,v3_social_signal,qwen3.6-35b:iq3,b8b627b7f630,0.55,30,22,35,1.1666666666666667,0.6,0.9545454545454546,0.7368421052631579,0.8106227106227106,0.8044444444444444,0.9047619047619048,1.0,0.95,2,0,0
v3_social_signal_experiment_social_signal_v5_think_false_qwen36_35b_iq3_v5_b1_pilot30,v3_social_signal_experiment_social_signal_v5_think_false_qwen36_35b_iq3_v5_b1_pilot30.csv,v3_social_signal,qwen3.6-35b:iq3,b8b627b7f630,0.60,30,22,35,1.1666666666666667,0.6,0.9545454545454546,0.7368421052631579,0.8106227106227106,0.8044444444444444,0.9047619047619048,1.0,0.95,2,0,0
v4_social_signal_experiment_v4_prompt_think_false_v4pilot60_gemma4_26b_high_recall_minimal_v3_nothink_json_ctx32768_tok16384_b2,v4_social_signal_experiment_v4_prompt_think_false_v4pilot60_gemma4_26b_high_recall_minimal_v3_nothink_json_ctx32768_tok16384_b2.csv,v4_social_signal,gemma4:26b,698b84695b21,0.35,41,37,34,0.8292682926829268,0.7647058823529411,0.7027027027027027,0.7323943661971831,0.6188644688644688,0.7073170731707317,0.8571428571428571,0.8275862068965517,0.8421052631578947,4,5,0
v4_social_signal_experiment_v4_prompt_think_false_v4pilot60_gemma4_26b_high_recall_minimal_v3_nothink_json_ctx32768_tok16384_b2,v4_social_signal_experiment_v4_prompt_think_false_v4pilot60_gemma4_26b_high_recall_minimal_v3_nothink_json_ctx32768_tok16384_b2.csv,v4_social_signal,gemma4:26b,698b84695b21,0.40,41,37,34,0.8292682926829268,0.7647058823529411,0.7027027027027027,0.7323943661971831,0.6188644688644688,0.7073170731707317,0.8571428571428571,0.8275862068965517,0.8421052631578947,4,5,0
v4_social_signal_experiment_v4_prompt_think_false_v4pilot60_gemma4_26b_high_recall_minimal_v3_nothink_json_ctx32768_tok16384_b2,v4_social_signal_experiment_v4_prompt_think_false_v4pilot60_gemma4_26b_high_recall_minimal_v3_nothink_json_ctx32768_tok16384_b2.csv,v4_social_signal,gemma4:26b,698b84695b21,0.45,41,37,34,0.8292682926829268,0.7647058823529411,0.7027027027027027,0.7323943661971831,0.6188644688644688,0.7073170731707317,0.8571428571428571,0.8275862068965517,0.8421052631578947,4,5,0
v4_social_signal_experiment_v4_prompt_think_false_v4pilot60_gemma4_26b_high_recall_minimal_v3_nothink_json_ctx32768_tok16384_b2,v4_social_signal_experiment_v4_prompt_think_false_v4pilot60_gemma4_26b_high_recall_minimal_v3_nothink_json_ctx32768_tok16384_b2.csv,v4_social_signal,gemma4:26b,698b84695b21,0.50,41,37,34,0.8292682926829268,0.7647058823529411,0.7027027027027027,0.7323943661971831,0.6188644688644688,0.7073170731707317,0.8571428571428571,0.8275862068965517,0.8421052631578947,4,5,0
v4_social_signal_experiment_v4_prompt_think_false_v4pilot60_gemma4_26b_high_recall_minimal_v3_nothink_json_ctx32768_tok16384_b2,v4_social_signal_experiment_v4_prompt_think_false_v4pilot60_gemma4_26b_high_recall_minimal_v3_nothink_json_ctx32768_tok16384_b2.csv,v4_social_signal,gemma4:26b,698b84695b21,0.55,41,37,34,0.8292682926829268,0.7647058823529411,0.7027027027027027,0.7323943661971831,0.6188644688644688,0.7073170731707317,0.8571428571428571,0.8275862068965517,0.8421052631578947,4,5,0
v4_social_signal_experiment_v4_prompt_think_false_v4pilot60_gemma4_26b_high_recall_minimal_v3_nothink_json_ctx32768_tok16384_b2,v4_social_signal_experiment_v4_prompt_think_false_v4pilot60_gemma4_26b_high_recall_minimal_v3_nothink_json_ctx32768_tok16384_b2.csv,v4_social_signal,gemma4:26b,698b84695b21,0.60,41,37,34,0.8292682926829268,0.7647058823529411,0.7027027027027027,0.7323943661971831,0.6188644688644688,0.7073170731707317,0.8571428571428571,0.8275862068965517,0.8421052631578947,4,5,0
v4_social_signal_experiment_v4_prompt_think_true_v4pilot60_gemma4_26b_high_recall_minimal_v3_think_nojson_guard2_ctx32768_tok8192_b1,v4_social_signal_experiment_v4_prompt_think_true_v4pilot60_gemma4_26b_high_recall_minimal_v3_think_nojson_guard2_ctx32768_tok8192_b1.csv,v4_social_signal,gemma4:26b,a459ae22b30f,0.35,41,37,36,0.8780487804878049,0.7222222222222222,0.7027027027027027,0.7123287671232876,0.5825396825396826,0.6861788617886179,0.8333333333333334,0.8620689655172413,0.847457627118644,5,4,72
v4_social_signal_experiment_v4_prompt_think_true_v4pilot60_gemma4_26b_high_recall_minimal_v3_think_nojson_guard2_ctx32768_tok8192_b1,v4_social_signal_experiment_v4_prompt_think_true_v4pilot60_gemma4_26b_high_recall_minimal_v3_think_nojson_guard2_ctx32768_tok8192_b1.csv,v4_social_signal,gemma4:26b,a459ae22b30f,0.40,41,37,36,0.8780487804878049,0.7222222222222222,0.7027027027027027,0.7123287671232876,0.5825396825396826,0.6861788617886179,0.8333333333333334,0.8620689655172413,0.847457627118644,5,4,72
v4_social_signal_experiment_v4_prompt_think_true_v4pilot60_gemma4_26b_high_recall_minimal_v3_think_nojson_guard2_ctx32768_tok8192_b1,v4_social_signal_experiment_v4_prompt_think_true_v4pilot60_gemma4_26b_high_recall_minimal_v3_think_nojson_guard2_ctx32768_tok8192_b1.csv,v4_social_signal,gemma4:26b,a459ae22b30f,0.45,41,37,36,0.8780487804878049,0.7222222222222222,0.7027027027027027,0.7123287671232876,0.5825396825396826,0.6861788617886179,0.8333333333333334,0.8620689655172413,0.847457627118644,5,4,72
v4_social_signal_experiment_v4_prompt_think_true_v4pilot60_gemma4_26b_high_recall_minimal_v3_think_nojson_guard2_ctx32768_tok8192_b1,v4_social_signal_experiment_v4_prompt_think_true_v4pilot60_gemma4_26b_high_recall_minimal_v3_think_nojson_guard2_ctx32768_tok8192_b1.csv,v4_social_signal,gemma4:26b,a459ae22b30f,0.50,41,37,36,0.8780487804878049,0.7222222222222222,0.7027027027027027,0.7123287671232876,0.5825396825396826,0.6861788617886179,0.8333333333333334,0.8620689655172413,0.847457627118644,5,4,72
v4_social_signal_experiment_v4_prompt_think_true_v4pilot60_gemma4_26b_high_recall_minimal_v3_think_nojson_guard2_ctx32768_tok8192_b1,v4_social_signal_experiment_v4_prompt_think_true_v4pilot60_gemma4_26b_high_recall_minimal_v3_think_nojson_guard2_ctx32768_tok8192_b1.csv,v4_social_signal,gemma4:26b,a459ae22b30f,0.55,41,37,36,0.8780487804878049,0.7222222222222222,0.7027027027027027,0.7123287671232876,0.5825396825396826,0.6861788617886179,0.8333333333333334,0.8620689655172413,0.847457627118644,5,4,72
v4_social_signal_experiment_v4_prompt_think_true_v4pilot60_gemma4_26b_high_recall_minimal_v3_think_nojson_guard2_ctx32768_tok8192_b1,v4_social_signal_experiment_v4_prompt_think_true_v4pilot60_gemma4_26b_high_recall_minimal_v3_think_nojson_guard2_ctx32768_tok8192_b1.csv,v4_social_signal,gemma4:26b,a459ae22b30f,0.60,41,37,36,0.8780487804878049,0.7222222222222222,0.7027027027027027,0.7123287671232876,0.5825396825396826,0.6861788617886179,0.8333333333333334,0.8620689655172413,0.847457627118644,5,4,72
v4_social_signal_experiment_v4_prompt_think_false_v4pilot60_gemma4_26b_social_signal_v9_f1_balanced_nothink_json_ctx32768_tok16384_b2,v4_social_signal_experiment_v4_prompt_think_false_v4pilot60_gemma4_26b_social_signal_v9_f1_balanced_nothink_json_ctx32768_tok16384_b2.csv,v4_social_signal,gemma4:26b,f98b306b8d11,0.85,41,37,28,0.6829268292682927,0.8214285714285714,0.6216216216216216,0.7076923076923077,0.545530492898914,0.7276422764227642,0.92,0.7931034482758621,0.8518518518518519,2,6,0
v4_social_signal_experiment_v4_prompt_think_false_v4pilot60_gemma4_26b_social_signal_v9_f1_balanced_nothink_json_ctx32768_tok16384_b2,v4_social_signal_experiment_v4_prompt_think_false_v4pilot60_gemma4_26b_social_signal_v9_f1_balanced_nothink_json_ctx32768_tok16384_b2.csv,v4_social_signal,gemma4:26b,f98b306b8d11,0.80,41,37,31,0.7560975609756098,0.7741935483870968,0.6486486486486487,0.7058823529411765,0.5341269841269841,0.7276422764227642,0.92,0.7931034482758621,0.8518518518518519,2,6,0
v4_social_signal_experiment_v4_prompt_think_false_v4full965_gemma4_26b_high_recall_minimal_v2_nothink_json_ctx32768_tok16384_b2.partial,v4_social_signal_experiment_v4_prompt_think_false_v4full965_gemma4_26b_high_recall_minimal_v2_nothink_json_ctx32768_tok16384_b2.partial.csv,v4_social_signal,gemma4:26b,0a2e5abeca01,0.35,78,60,62,0.7948717948717948,0.6935483870967742,0.7166666666666667,0.7049180327868853,0.4673295985060691,0.75,0.8823529411764706,0.9,0.8910891089108911,6,5,0
v4_social_signal_experiment_v4_prompt_think_false_v4full965_gemma4_26b_high_recall_minimal_v2_nothink_json_ctx32768_tok16384_b2.partial,v4_social_signal_experiment_v4_prompt_think_false_v4full965_gemma4_26b_high_recall_minimal_v2_nothink_json_ctx32768_tok16384_b2.partial.csv,v4_social_signal,gemma4:26b,0a2e5abeca01,0.40,78,60,62,0.7948717948717948,0.6935483870967742,0.7166666666666667,0.7049180327868853,0.4673295985060691,0.75,0.8823529411764706,0.9,0.8910891089108911,6,5,0
v4_social_signal_experiment_v4_prompt_think_false_v4full965_gemma4_26b_high_recall_minimal_v2_nothink_json_ctx32768_tok16384_b2.partial,v4_social_signal_experiment_v4_prompt_think_false_v4full965_gemma4_26b_high_recall_minimal_v2_nothink_json_ctx32768_tok16384_b2.partial.csv,v4_social_signal,gemma4:26b,0a2e5abeca01,0.45,78,60,62,0.7948717948717948,0.6935483870967742,0.7166666666666667,0.7049180327868853,0.4673295985060691,0.75,0.8823529411764706,0.9,0.8910891089108911,6,5,0
v4_social_signal_experiment_v4_prompt_think_false_v4full965_gemma4_26b_high_recall_minimal_v2_nothink_json_ctx32768_tok16384_b2.partial,v4_social_signal_experiment_v4_prompt_think_false_v4full965_gemma4_26b_high_recall_minimal_v2_nothink_json_ctx32768_tok16384_b2.partial.csv,v4_social_signal,gemma4:26b,0a2e5abeca01,0.50,78,60,62,0.7948717948717948,0.6935483870967742,0.7166666666666667,0.7049180327868853,0.4673295985060691,0.75,0.8823529411764706,0.9,0.8910891089108911,6,5,0
v4_social_signal_experiment_v4_prompt_think_false_v4full965_gemma4_26b_high_recall_minimal_v2_nothink_json_ctx32768_tok16384_b2.partial,v4_social_signal_experiment_v4_prompt_think_false_v4full965_gemma4_26b_high_recall_minimal_v2_nothink_json_ctx32768_tok16384_b2.partial.csv,v4_social_signal,gemma4:26b,0a2e5abeca01,0.55,78,60,62,0.7948717948717948,0.6935483870967742,0.7166666666666667,0.7049180327868853,0.4673295985060691,0.75,0.8823529411764706,0.9,0.8910891089108911,6,5,0
v4_social_signal_experiment_v4_prompt_think_false_v4full965_gemma4_26b_high_recall_minimal_v2_nothink_json_ctx32768_tok16384_b2.partial,v4_social_signal_experiment_v4_prompt_think_false_v4full965_gemma4_26b_high_recall_minimal_v2_nothink_json_ctx32768_tok16384_b2.partial.csv,v4_social_signal,gemma4:26b,0a2e5abeca01,0.60,78,60,62,0.7948717948717948,0.6935483870967742,0.7166666666666667,0.7049180327868853,0.4673295985060691,0.75,0.8823529411764706,0.9,0.8910891089108911,6,5,0
v4_social_signal_experiment_v4_prompt_think_false_v4pilot60_gemma4_26b_social_signal_v9_f1_balanced_nothink_json_ctx32768_tok16384_b2,v4_social_signal_experiment_v4_prompt_think_false_v4pilot60_gemma4_26b_social_signal_v9_f1_balanced_nothink_json_ctx32768_tok16384_b2.csv,v4_social_signal,gemma4:26b,f98b306b8d11,0.70,41,37,55,1.3414634146341464,0.5818181818181818,0.8648648648648649,0.6956521739130435,0.7174526862026861,0.7065040650406503,0.8529411764705882,1.0,0.9206349206349206,5,0,0
v4_social_signal_experiment_v4_prompt_think_false_v4full965_qwen36_35b_iq4_social_signal_v9_f1_balanced_nothink_json_ctx16384_tok8192_b4.partial,v4_social_signal_experiment_v4_prompt_think_false_v4full965_qwen36_35b_iq4_social_signal_v9_f1_balanced_nothink_json_ctx16384_tok8192_b4.partial.csv,v4_social_signal,qwen3.6-35b:iq4,979e3824848e,0.85,4,1,2,0.5,0.5,1.0,0.6666666666666666,1.0,0.75,0.5,1.0,0.6666666666666666,1,0,0
v4_social_signal_experiment_v4_prompt_think_true_qwen35_9b_direct_core_targeted_v7_think_nojson_ctx32768_tok8192_b1_pilot6.partial,v4_social_signal_experiment_v4_prompt_think_true_qwen35_9b_direct_core_targeted_v7_think_nojson_ctx32768_tok8192_b1_pilot6.partial.csv,v4_social_signal,qwen35-9b,90b6ed4c6322,default,1,1,2,2.0,0.5,1.0,0.6666666666666666,1.0,0.6666666666666666,1.0,1.0,1.0,0,0,0
v4_social_signal_experiment_v4_prompt_think_true_qwen35_9b_direct_core_targeted_v7_think_nojson_ctx32768_tok8192_b1_pilot6.partial,v4_social_signal_experiment_v4_prompt_think_true_qwen35_9b_direct_core_targeted_v7_think_nojson_ctx32768_tok8192_b1_pilot6.partial.csv,v4_social_signal,qwen35-9b,90b6ed4c6322,0.05,1,1,2,2.0,0.5,1.0,0.6666666666666666,1.0,0.6666666666666666,1.0,1.0,1.0,0,0,0
v4_social_signal_experiment_v4_prompt_think_true_qwen35_9b_direct_core_targeted_v7_think_nojson_ctx32768_tok8192_b1_pilot6.partial,v4_social_signal_experiment_v4_prompt_think_true_qwen35_9b_direct_core_targeted_v7_think_nojson_ctx32768_tok8192_b1_pilot6.partial.csv,v4_social_signal,qwen35-9b,90b6ed4c6322,0.10,1,1,2,2.0,0.5,1.0,0.6666666666666666,1.0,0.6666666666666666,1.0,1.0,1.0,0,0,0
v4_social_signal_experiment_v4_prompt_think_true_qwen35_9b_direct_core_targeted_v7_think_nojson_ctx32768_tok8192_b1_pilot6.partial,v4_social_signal_experiment_v4_prompt_think_true_qwen35_9b_direct_core_targeted_v7_think_nojson_ctx32768_tok8192_b1_pilot6.partial.csv,v4_social_signal,qwen35-9b,90b6ed4c6322,0.15,1,1,2,2.0,0.5,1.0,0.6666666666666666,1.0,0.6666666666666666,1.0,1.0,1.0,0,0,0
v4_social_signal_experiment_v4_prompt_think_true_qwen35_9b_direct_core_targeted_v7_think_nojson_ctx32768_tok8192_b1_pilot6.partial,v4_social_signal_experiment_v4_prompt_think_true_qwen35_9b_direct_core_targeted_v7_think_nojson_ctx32768_tok8192_b1_pilot6.partial.csv,v4_social_signal,qwen35-9b,90b6ed4c6322,0.20,1,1,2,2.0,0.5,1.0,0.6666666666666666,1.0,0.6666666666666666,1.0,1.0,1.0,0,0,0
v4_social_signal_experiment_v4_prompt_think_true_qwen35_9b_direct_core_targeted_v7_think_nojson_ctx32768_tok8192_b1_pilot6.partial,v4_social_signal_experiment_v4_prompt_think_true_qwen35_9b_direct_core_targeted_v7_think_nojson_ctx32768_tok8192_b1_pilot6.partial.csv,v4_social_signal,qwen35-9b,90b6ed4c6322,0.25,1,1,2,2.0,0.5,1.0,0.6666666666666666,1.0,0.6666666666666666,1.0,1.0,1.0,0,0,0
v4_social_signal_experiment_v4_prompt_think_true_qwen35_9b_direct_core_targeted_v7_think_nojson_ctx32768_tok8192_b1_pilot6.partial,v4_social_signal_experiment_v4_prompt_think_true_qwen35_9b_direct_core_targeted_v7_think_nojson_ctx32768_tok8192_b1_pilot6.partial.csv,v4_social_signal,qwen35-9b,90b6ed4c6322,0.30,1,1,2,2.0,0.5,1.0,0.6666666666666666,1.0,0.6666666666666666,1.0,1.0,1.0,0,0,0
v4_social_signal_experiment_v4_prompt_think_true_qwen35_9b_direct_core_targeted_v7_think_nojson_ctx32768_tok8192_b1_pilot6.partial,v4_social_signal_experiment_v4_prompt_think_true_qwen35_9b_direct_core_targeted_v7_think_nojson_ctx32768_tok8192_b1_pilot6.partial.csv,v4_social_signal,qwen35-9b,90b6ed4c6322,0.35,1,1,2,2.0,0.5,1.0,0.6666666666666666,1.0,0.6666666666666666,1.0,1.0,1.0,0,0,0
v4_social_signal_experiment_v4_prompt_think_true_qwen35_9b_direct_core_targeted_v7_think_nojson_ctx32768_tok8192_b1_pilot6.partial,v4_social_signal_experiment_v4_prompt_think_true_qwen35_9b_direct_core_targeted_v7_think_nojson_ctx32768_tok8192_b1_pilot6.partial.csv,v4_social_signal,qwen35-9b,90b6ed4c6322,0.40,1,1,2,2.0,0.5,1.0,0.6666666666666666,1.0,0.6666666666666666,1.0,1.0,1.0,0,0,0
v4_social_signal_experiment_v4_prompt_think_true_qwen35_9b_direct_core_targeted_v7_think_nojson_ctx32768_tok8192_b1_pilot6.partial,v4_social_signal_experiment_v4_prompt_think_true_qwen35_9b_direct_core_targeted_v7_think_nojson_ctx32768_tok8192_b1_pilot6.partial.csv,v4_social_signal,qwen35-9b,90b6ed4c6322,0.45,1,1,2,2.0,0.5,1.0,0.6666666666666666,1.0,0.6666666666666666,1.0,1.0,1.0,0,0,0
v4_social_signal_experiment_v4_prompt_think_true_qwen35_9b_direct_core_targeted_v7_think_nojson_ctx32768_tok8192_b1_pilot6.partial,v4_social_signal_experiment_v4_prompt_think_true_qwen35_9b_direct_core_targeted_v7_think_nojson_ctx32768_tok8192_b1_pilot6.partial.csv,v4_social_signal,qwen35-9b,90b6ed4c6322,0.50,1,1,2,2.0,0.5,1.0,0.6666666666666666,1.0,0.6666666666666666,1.0,1.0,1.0,0,0,0
v4_social_signal_experiment_v4_prompt_think_true_qwen35_9b_direct_core_targeted_v7_think_nojson_ctx32768_tok8192_b1_pilot6.partial,v4_social_signal_experiment_v4_prompt_think_true_qwen35_9b_direct_core_targeted_v7_think_nojson_ctx32768_tok8192_b1_pilot6.partial.csv,v4_social_signal,qwen35-9b,90b6ed4c6322,0.55,1,1,2,2.0,0.5,1.0,0.6666666666666666,1.0,0.6666666666666666,1.0,1.0,1.0,0,0,0
v4_social_signal_experiment_v4_prompt_think_true_qwen35_9b_direct_core_targeted_v7_think_nojson_ctx32768_tok8192_b1_pilot6.partial,v4_social_signal_experiment_v4_prompt_think_true_qwen35_9b_direct_core_targeted_v7_think_nojson_ctx32768_tok8192_b1_pilot6.partial.csv,v4_social_signal,qwen35-9b,90b6ed4c6322,0.60,1,1,2,2.0,0.5,1.0,0.6666666666666666,1.0,0.6666666666666666,1.0,1.0,1.0,0,0,0
v4_social_signal_experiment_v4_prompt_think_true_qwen35_9b_direct_core_targeted_v7_think_nojson_ctx32768_tok8192_b1_pilot6.partial,v4_social_signal_experiment_v4_prompt_think_true_qwen35_9b_direct_core_targeted_v7_think_nojson_ctx32768_tok8192_b1_pilot6.partial.csv,v4_social_signal,qwen35-9b,90b6ed4c6322,0.65,1,1,2,2.0,0.5,1.0,0.6666666666666666,1.0,0.6666666666666666,1.0,1.0,1.0,0,0,0
v4_social_signal_experiment_v4_prompt_think_true_qwen35_9b_direct_core_targeted_v7_think_nojson_ctx32768_tok8192_b1_pilot6.partial,v4_social_signal_experiment_v4_prompt_think_true_qwen35_9b_direct_core_targeted_v7_think_nojson_ctx32768_tok8192_b1_pilot6.partial.csv,v4_social_signal,qwen35-9b,90b6ed4c6322,0.70,1,1,2,2.0,0.5,1.0,0.6666666666666666,1.0,0.6666666666666666,1.0,1.0,1.0,0,0,0
v4_social_signal_experiment_v4_prompt_think_true_qwen35_9b_direct_core_targeted_v7_think_nojson_ctx32768_tok8192_b1_pilot6.partial,v4_social_signal_experiment_v4_prompt_think_true_qwen35_9b_direct_core_targeted_v7_think_nojson_ctx32768_tok8192_b1_pilot6.partial.csv,v4_social_signal,qwen35-9b,90b6ed4c6322,0.75,1,1,2,2.0,0.5,1.0,0.6666666666666666,1.0,0.6666666666666666,1.0,1.0,1.0,0,0,0
v4_social_signal_experiment_v4_prompt_think_true_qwen35_9b_direct_core_targeted_v7_think_nojson_ctx32768_tok8192_b1_pilot6.partial,v4_social_signal_experiment_v4_prompt_think_true_qwen35_9b_direct_core_targeted_v7_think_nojson_ctx32768_tok8192_b1_pilot6.partial.csv,v4_social_signal,qwen35-9b,90b6ed4c6322,0.80,1,1,2,2.0,0.5,1.0,0.6666666666666666,1.0,0.6666666666666666,1.0,1.0,1.0,0,0,0
v4_social_signal_experiment_v4_prompt_think_true_qwen35_9b_direct_core_targeted_v7_think_nojson_ctx32768_tok8192_b1_pilot6.partial,v4_social_signal_experiment_v4_prompt_think_true_qwen35_9b_direct_core_targeted_v7_think_nojson_ctx32768_tok8192_b1_pilot6.partial.csv,v4_social_signal,qwen35-9b,90b6ed4c6322,0.85,1,1,2,2.0,0.5,1.0,0.6666666666666666,1.0,0.6666666666666666,1.0,1.0,1.0,0,0,0
v4_social_signal_experiment_v4_prompt_think_true_qwen35_9b_direct_core_targeted_v7_think_nojson_ctx32768_tok8192_b1_pilot6.partial,v4_social_signal_experiment_v4_prompt_think_true_qwen35_9b_direct_core_targeted_v7_think_nojson_ctx32768_tok8192_b1_pilot6.partial.csv,v4_social_signal,qwen35-9b,90b6ed4c6322,0.90,1,1,2,2.0,0.5,1.0,0.6666666666666666,1.0,0.6666666666666666,1.0,1.0,1.0,0,0,0
v3_social_signal_experiment_social_signal_v3_think_false_gemma4_26b_ctx32k_tok8k_b1_search237.partial,v3_social_signal_experiment_social_signal_v3_think_false_gemma4_26b_ctx32k_tok8k_b1_search237.partial.csv,v3_social_signal,gemma4:26b,96235c5fae43,0.35,18,12,15,0.8333333333333334,0.6,0.75,0.6666666666666666,0.6969696969696969,0.787037037037037,0.9,0.9,0.9,1,1,0
v3_social_signal_experiment_social_signal_v3_think_false_gemma4_26b_ctx32k_tok8k_b1_search237.partial,v3_social_signal_experiment_social_signal_v3_think_false_gemma4_26b_ctx32k_tok8k_b1_search237.partial.csv,v3_social_signal,gemma4:26b,96235c5fae43,0.40,18,12,15,0.8333333333333334,0.6,0.75,0.6666666666666666,0.6969696969696969,0.787037037037037,0.9,0.9,0.9,1,1,0
v3_social_signal_experiment_social_signal_v3_think_false_gemma4_26b_ctx32k_tok8k_b1_search237.partial,v3_social_signal_experiment_social_signal_v3_think_false_gemma4_26b_ctx32k_tok8k_b1_search237.partial.csv,v3_social_signal,gemma4:26b,96235c5fae43,0.45,18,12,15,0.8333333333333334,0.6,0.75,0.6666666666666666,0.6969696969696969,0.787037037037037,0.9,0.9,0.9,1,1,0
v3_social_signal_experiment_social_signal_v3_think_false_gemma4_26b_ctx32k_tok8k_b1_search237.partial,v3_social_signal_experiment_social_signal_v3_think_false_gemma4_26b_ctx32k_tok8k_b1_search237.partial.csv,v3_social_signal,gemma4:26b,96235c5fae43,0.50,18,12,15,0.8333333333333334,0.6,0.75,0.6666666666666666,0.6969696969696969,0.787037037037037,0.9,0.9,0.9,1,1,0
v3_social_signal_experiment_social_signal_v3_think_false_gemma4_26b_ctx32k_tok8k_b1_search237.partial,v3_social_signal_experiment_social_signal_v3_think_false_gemma4_26b_ctx32k_tok8k_b1_search237.partial.csv,v3_social_signal,gemma4:26b,96235c5fae43,0.55,18,12,15,0.8333333333333334,0.6,0.75,0.6666666666666666,0.6969696969696969,0.787037037037037,0.9,0.9,0.9,1,1,0
v3_social_signal_experiment_social_signal_v3_think_false_gemma4_26b_ctx32k_tok8k_b1_search237.partial,v3_social_signal_experiment_social_signal_v3_think_false_gemma4_26b_ctx32k_tok8k_b1_search237.partial.csv,v3_social_signal,gemma4:26b,96235c5fae43,0.60,18,12,15,0.8333333333333334,0.6,0.75,0.6666666666666666,0.6969696969696969,0.787037037037037,0.9,0.9,0.9,1,1,0
v4_social_signal_experiment_v4_prompt_think_true_oldgold_gemma4_26b_high_recall_minimal_v2_think_nojson_guard2_ctx32768_tok8192_b1_pilot30,v4_social_signal_experiment_v4_prompt_think_true_oldgold_gemma4_26b_high_recall_minimal_v2_think_nojson_guard2_ctx32768_tok8192_b1_pilot30.csv,v4_social_signal,gemma4:26b,a896f3b0d57b,0.35,30,22,23,0.7666666666666667,0.6521739130434783,0.6818181818181818,0.6666666666666666,0.5626623376623378,0.7633333333333333,0.9444444444444444,0.8947368421052632,0.918918918918919,1,2,72
v4_social_signal_experiment_v4_prompt_think_true_oldgold_gemma4_26b_high_recall_minimal_v2_think_nojson_guard2_ctx32768_tok8192_b1_pilot30,v4_social_signal_experiment_v4_prompt_think_true_oldgold_gemma4_26b_high_recall_minimal_v2_think_nojson_guard2_ctx32768_tok8192_b1_pilot30.csv,v4_social_signal,gemma4:26b,a896f3b0d57b,0.40,30,22,23,0.7666666666666667,0.6521739130434783,0.6818181818181818,0.6666666666666666,0.5626623376623378,0.7633333333333333,0.9444444444444444,0.8947368421052632,0.918918918918919,1,2,72
v4_social_signal_experiment_v4_prompt_think_true_oldgold_gemma4_26b_high_recall_minimal_v2_think_nojson_guard2_ctx32768_tok8192_b1_pilot30,v4_social_signal_experiment_v4_prompt_think_true_oldgold_gemma4_26b_high_recall_minimal_v2_think_nojson_guard2_ctx32768_tok8192_b1_pilot30.csv,v4_social_signal,gemma4:26b,a896f3b0d57b,0.45,30,22,23,0.7666666666666667,0.6521739130434783,0.6818181818181818,0.6666666666666666,0.5626623376623378,0.7633333333333333,0.9444444444444444,0.8947368421052632,0.918918918918919,1,2,72
v4_social_signal_experiment_v4_prompt_think_true_oldgold_gemma4_26b_high_recall_minimal_v2_think_nojson_guard2_ctx32768_tok8192_b1_pilot30,v4_social_signal_experiment_v4_prompt_think_true_oldgold_gemma4_26b_high_recall_minimal_v2_think_nojson_guard2_ctx32768_tok8192_b1_pilot30.csv,v4_social_signal,gemma4:26b,a896f3b0d57b,0.50,30,22,23,0.7666666666666667,0.6521739130434783,0.6818181818181818,0.6666666666666666,0.5626623376623378,0.7633333333333333,0.9444444444444444,0.8947368421052632,0.918918918918919,1,2,72
v4_social_signal_experiment_v4_prompt_think_true_oldgold_gemma4_26b_high_recall_minimal_v2_think_nojson_guard2_ctx32768_tok8192_b1_pilot30,v4_social_signal_experiment_v4_prompt_think_true_oldgold_gemma4_26b_high_recall_minimal_v2_think_nojson_guard2_ctx32768_tok8192_b1_pilot30.csv,v4_social_signal,gemma4:26b,a896f3b0d57b,0.55,30,22,23,0.7666666666666667,0.6521739130434783,0.6818181818181818,0.6666666666666666,0.5626623376623378,0.7633333333333333,0.9444444444444444,0.8947368421052632,0.918918918918919,1,2,72
v4_social_signal_experiment_v4_prompt_think_true_oldgold_gemma4_26b_high_recall_minimal_v2_think_nojson_guard2_ctx32768_tok8192_b1_pilot30,v4_social_signal_experiment_v4_prompt_think_true_oldgold_gemma4_26b_high_recall_minimal_v2_think_nojson_guard2_ctx32768_tok8192_b1_pilot30.csv,v4_social_signal,gemma4:26b,a896f3b0d57b,0.60,30,22,23,0.7666666666666667,0.6521739130434783,0.6818181818181818,0.6666666666666666,0.5626623376623378,0.7633333333333333,0.9444444444444444,0.8947368421052632,0.918918918918919,1,2,72
v4_social_signal_experiment_v4_prompt_think_false_v4full965_qwen36_35b_iq4_social_signal_v9_f1_balanced_nothink_json_ctx32768_tok16384_b2.partial,v4_social_signal_experiment_v4_prompt_think_false_v4full965_qwen36_35b_iq4_social_signal_v9_f1_balanced_nothink_json_ctx32768_tok16384_b2.partial.csv,v4_social_signal,qwen3.6-35b:iq4,a1314553cd3e,0.90,8,5,4,0.5,0.75,0.6,0.6666666666666666,0.5333333333333333,0.7916666666666666,0.75,1.0,0.8571428571428571,1,0,0
v3_social_signal_experiment_social_signal_v5_think_false_qwen36_35b_iq3_ctx16k_v5_b1_search237_full,v3_social_signal_experiment_social_signal_v5_think_false_qwen36_35b_iq3_ctx16k_v5_b1_search237_full.csv,v3_social_signal,qwen3.6-35b:iq3,1e1ab681c168,0.35,237,252,336,1.4177215189873418,0.5773809523809523,0.7698412698412699,0.6598639455782312,0.6049564397926757,0.6812537673297168,0.8952879581151832,0.9395604395604396,0.9168900804289544,20,11,0
v3_social_signal_experiment_social_signal_v5_think_false_qwen36_35b_iq3_ctx16k_v5_b1_search237_full,v3_social_signal_experiment_social_signal_v5_think_false_qwen36_35b_iq3_ctx16k_v5_b1_search237_full.csv,v3_social_signal,qwen3.6-35b:iq3,1e1ab681c168,0.40,237,252,336,1.4177215189873418,0.5773809523809523,0.7698412698412699,0.6598639455782312,0.6049564397926757,0.6812537673297168,0.8952879581151832,0.9395604395604396,0.9168900804289544,20,11,0
v3_social_signal_experiment_social_signal_v5_think_false_qwen36_35b_iq3_ctx16k_v5_b1_search237_full,v3_social_signal_experiment_social_signal_v5_think_false_qwen36_35b_iq3_ctx16k_v5_b1_search237_full.csv,v3_social_signal,qwen3.6-35b:iq3,1e1ab681c168,0.45,237,252,335,1.4135021097046414,0.5761194029850746,0.7658730158730159,0.6575809199318569,0.6015463801166313,0.6804098854731766,0.8952879581151832,0.9395604395604396,0.9168900804289544,20,11,0
v3_social_signal_experiment_social_signal_v5_think_false_qwen36_35b_iq3_ctx16k_v5_b1_search237_full,v3_social_signal_experiment_social_signal_v5_think_false_qwen36_35b_iq3_ctx16k_v5_b1_search237_full.csv,v3_social_signal,qwen3.6-35b:iq3,1e1ab681c168,0.50,237,252,335,1.4135021097046414,0.5761194029850746,0.7658730158730159,0.6575809199318569,0.6015463801166313,0.6804098854731766,0.8952879581151832,0.9395604395604396,0.9168900804289544,20,11,0
v3_social_signal_experiment_social_signal_v5_think_false_qwen36_35b_iq3_ctx16k_v5_b1_search237_full,v3_social_signal_experiment_social_signal_v5_think_false_qwen36_35b_iq3_ctx16k_v5_b1_search237_full.csv,v3_social_signal,qwen3.6-35b:iq3,1e1ab681c168,0.55,237,252,335,1.4135021097046414,0.5761194029850746,0.7658730158730159,0.6575809199318569,0.6015463801166313,0.6804098854731766,0.8952879581151832,0.9395604395604396,0.9168900804289544,20,11,0
v3_social_signal_experiment_social_signal_v5_think_false_qwen36_35b_iq3_ctx16k_v5_b1_search237_full,v3_social_signal_experiment_social_signal_v5_think_false_qwen36_35b_iq3_ctx16k_v5_b1_search237_full.csv,v3_social_signal,qwen3.6-35b:iq3,1e1ab681c168,0.60,237,252,335,1.4135021097046414,0.5761194029850746,0.7658730158730159,0.6575809199318569,0.6015463801166313,0.6804098854731766,0.8952879581151832,0.9395604395604396,0.9168900804289544,20,11,0
v4_social_signal_experiment_v4_prompt_think_false_v4full965_gemma4_26b_social_signal_v9_f1_balanced_nothink_json_ctx32768_tok16384_b2,v4_social_signal_experiment_v4_prompt_think_false_v4full965_gemma4_26b_social_signal_v9_f1_balanced_nothink_json_ctx32768_tok16384_b2.csv,v4_social_signal,gemma4:26b,b76e73e5362e,0.75,706,691,772,1.093484419263456,0.6178756476683938,0.6903039073806078,0.6520847573479153,0.47470835466445643,0.641555375691353,0.8759398496240601,0.8629629629629629,0.8694029850746269,66,74,0
v4_social_signal_experiment_v4_prompt_think_false_v4pilot60_gemma4_26b_social_signal_v9_f1_balanced_nothink_json_ctx32768_tok16384_b2,v4_social_signal_experiment_v4_prompt_think_false_v4pilot60_gemma4_26b_social_signal_v9_f1_balanced_nothink_json_ctx32768_tok16384_b2.csv,v4_social_signal,gemma4:26b,f98b306b8d11,0.90,41,37,19,0.4634146341463415,0.9473684210526315,0.4864864864864865,0.6428571428571429,0.4539072039072039,0.6585365853658537,0.9444444444444444,0.5862068965517241,0.723404255319149,1,12,0
v4_social_signal_experiment_v4_prompt_think_false_v4pilot60_gemma4_26b_social_signal_v9_f1_balanced_nothink_json_ctx32768_tok16384_b2,v4_social_signal_experiment_v4_prompt_think_false_v4pilot60_gemma4_26b_social_signal_v9_f1_balanced_nothink_json_ctx32768_tok16384_b2.csv,v4_social_signal,gemma4:26b,f98b306b8d11,0.75,41,37,44,1.0731707317073171,0.5909090909090909,0.7027027027027027,0.6419753086419753,0.5421911421911422,0.6536585365853658,0.84375,0.9310344827586207,0.8852459016393442,5,2,0
v4_social_signal_experiment_v4_prompt_think_false_gemma4_26b_ctx32k_tok8k_b1_search237,v4_social_signal_experiment_v4_prompt_think_false_gemma4_26b_ctx32k_tok8k_b1_search237.csv,v4_social_signal,gemma4:26b,c1902992d91d,0.50,237,252,293,1.2362869198312236,0.5938566552901023,0.6904761904761905,0.6385321100917432,0.5953511557765158,0.6391199517781797,0.9132947976878613,0.8681318681318682,0.8901408450704226,15,24,0
v4_social_signal_experiment_v4_prompt_think_false_gemma4_26b_direct_core_targeted_v7_nothink_ctx32768_tok16384_b2_n237,v4_social_signal_experiment_v4_prompt_think_false_gemma4_26b_direct_core_targeted_v7_nothink_ctx32768_tok16384_b2_n237.csv,v4_social_signal,gemma4:26b,2dd95acd11e6,0.85,237,225,239,1.0084388185654007,0.6192468619246861,0.6577777777777778,0.6379310344827587,0.3635539662357844,0.620815752461322,0.8166666666666667,0.875,0.8448275862068966,33,21,0
v4_social_signal_experiment_v4_prompt_think_false_gemma4_26b_ctx32k_tok8k_b1_search237,v4_social_signal_experiment_v4_prompt_think_false_gemma4_26b_ctx32k_tok8k_b1_search237.csv,v4_social_signal,gemma4:26b,c1902992d91d,0.55,237,252,263,1.109704641350211,0.623574144486692,0.6507936507936508,0.6368932038834951,0.6076366247257203,0.64235483222825,0.9171597633136095,0.8516483516483516,0.8831908831908832,14,27,0
v4_social_signal_experiment_v4_prompt_think_false_v4full965_gemma4_26b_social_signal_v9_f1_balanced_nothink_json_ctx32768_tok16384_b2,v4_social_signal_experiment_v4_prompt_think_false_v4full965_gemma4_26b_social_signal_v9_f1_balanced_nothink_json_ctx32768_tok16384_b2.csv,v4_social_signal,gemma4:26b,b76e73e5362e,0.70,706,691,950,1.3456090651558075,0.5494736842105263,0.7554269175108539,0.6361974405850092,0.5121443548365451,0.6286658572777553,0.8558875219683656,0.9018518518518519,0.8782687105500451,82,53,0
v3_social_signal_experiment_social_signal_v5_think_false_gemma4_e4b_v5_b1_search237,v3_social_signal_experiment_social_signal_v5_think_false_gemma4_e4b_v5_b1_search237.csv,v3_social_signal,gemma4:e4b,04d3ea2f998f,0.75,237,252,271,1.1434599156118144,0.6125461254612546,0.6587301587301587,0.6347992351816444,0.5850410004885708,0.6437412095639944,0.9010989010989011,0.9010989010989011,0.9010989010989011,18,18,0
v3_social_signal_experiment_social_signal_v5_think_false_gemma4_e4b_v5_b1_search237,v3_social_signal_experiment_social_signal_v5_think_false_gemma4_e4b_v5_b1_search237.csv,v3_social_signal,gemma4:e4b,04d3ea2f998f,0.80,237,252,271,1.1434599156118144,0.6125461254612546,0.6587301587301587,0.6347992351816444,0.5850410004885708,0.6437412095639944,0.9010989010989011,0.9010989010989011,0.9010989010989011,18,18,0
v4_social_signal_experiment_v4_prompt_think_true_gemma4_e4b_direct_core_targeted_v7_think_ctx16384_tok16384_n237,v4_social_signal_experiment_v4_prompt_think_true_gemma4_e4b_direct_core_targeted_v7_think_ctx16384_tok16384_n237.csv,v4_social_signal,gemma4:e4b,7843b2a84e26,0.90,237,225,173,0.729957805907173,0.7283236994219653,0.56,0.6331658291457286,0.31877714877714874,0.6544303797468355,0.8970588235294118,0.7261904761904762,0.8026315789473685,14,46,108
v4_social_signal_experiment_v4_prompt_think_false_gemma4_26b_direct_core_targeted_v7_nothink_ctx32768_tok16384_b2_n237,v4_social_signal_experiment_v4_prompt_think_false_gemma4_26b_direct_core_targeted_v7_nothink_ctx32768_tok16384_b2_n237.csv,v4_social_signal,gemma4:26b,2dd95acd11e6,0.80,237,225,252,1.0632911392405062,0.5992063492063492,0.6711111111111111,0.6331236897274634,0.3866047285365467,0.6225035161744022,0.8152173913043478,0.8928571428571429,0.8522727272727273,34,18,0
v3_social_signal_experiment_social_signal_v5_think_false_gemma4_e4b_v5_b1_search237,v3_social_signal_experiment_social_signal_v5_think_false_gemma4_e4b_v5_b1_search237.csv,v3_social_signal,gemma4:e4b,04d3ea2f998f,0.85,237,252,251,1.0590717299578059,0.6334661354581673,0.6309523809523809,0.6322067594433399,0.5858567487071138,0.6417721518987342,0.9010989010989011,0.9010989010989011,0.9010989010989011,18,18,0
v3_social_signal_experiment_social_signal_v5_think_false_gemma4_e4b_v5_b1_search237,v3_social_signal_experiment_social_signal_v5_think_false_gemma4_e4b_v5_b1_search237.csv,v3_social_signal,gemma4:e4b,04d3ea2f998f,0.90,237,252,251,1.0590717299578059,0.6334661354581673,0.6309523809523809,0.6322067594433399,0.5858567487071138,0.6417721518987342,0.9010989010989011,0.9010989010989011,0.9010989010989011,18,18,0
v4_social_signal_experiment_v4_prompt_think_true_gemma4_e4b_direct_core_recall_v2_think_ctx16384_tok16384_n237,v4_social_signal_experiment_v4_prompt_think_true_gemma4_e4b_direct_core_recall_v2_think_ctx16384_tok16384_n237.csv,v4_social_signal,gemma4:e4b,22095752ccad,0.85,237,225,225,0.9493670886075949,0.6311111111111111,0.6311111111111111,0.6311111111111111,0.30632008794253157,0.6448663853727145,0.8554913294797688,0.8809523809523809,0.8680351906158358,25,20,72
v3_social_signal_experiment_social_signal_v5_think_false_gemma4_e4b_v5_b1_search237,v3_social_signal_experiment_social_signal_v5_think_false_gemma4_e4b_v5_b1_search237.csv,v3_social_signal,gemma4:e4b,04d3ea2f998f,0.65,237,252,296,1.248945147679325,0.581081081081081,0.6825396825396826,0.6277372262773723,0.5712589491982181,0.6343178621659633,0.9010989010989011,0.9010989010989011,0.9010989010989011,18,18,0
v3_social_signal_experiment_social_signal_v5_think_false_gemma4_e4b_v5_b1_search237,v3_social_signal_experiment_social_signal_v5_think_false_gemma4_e4b_v5_b1_search237.csv,v3_social_signal,gemma4:e4b,04d3ea2f998f,0.70,237,252,296,1.248945147679325,0.581081081081081,0.6825396825396826,0.6277372262773723,0.5712589491982181,0.6343178621659633,0.9010989010989011,0.9010989010989011,0.9010989010989011,18,18,0
v4_social_signal_experiment_v4_prompt_think_false_gemma4_26b_ctx32k_tok8k_b1_search237,v4_social_signal_experiment_v4_prompt_think_false_gemma4_26b_ctx32k_tok8k_b1_search237.csv,v4_social_signal,gemma4:26b,c1902992d91d,0.45,237,252,329,1.3881856540084387,0.5531914893617021,0.7222222222222222,0.6265060240963856,0.5791677566818622,0.6415310427968656,0.9111111111111111,0.9010989010989011,0.9060773480662984,16,18,0
v4_social_signal_experiment_v4_prompt_think_false_gemma4_26b_ctx32k_tok8k_b1_search237,v4_social_signal_experiment_v4_prompt_think_false_gemma4_26b_ctx32k_tok8k_b1_search237.csv,v4_social_signal,gemma4:26b,c1902992d91d,0.40,237,252,330,1.3924050632911393,0.5515151515151515,0.7222222222222222,0.6254295532646048,0.5786846648944225,0.6401245730359655,0.9111111111111111,0.9010989010989011,0.9060773480662984,16,18,0
v4_social_signal_experiment_v4_prompt_think_false_v4full965_qwen36_35b_iq4_social_signal_v9_f1_balanced_nothink_json_ctx32768_tok16384_b2.partial,v4_social_signal_experiment_v4_prompt_think_false_v4full965_qwen36_35b_iq4_social_signal_v9_f1_balanced_nothink_json_ctx32768_tok16384_b2.partial.csv,v4_social_signal,qwen3.6-35b:iq4,a1314553cd3e,0.80,8,5,11,1.375,0.45454545454545453,1.0,0.625,0.8,0.35,0.375,1.0,0.5454545454545454,5,0,0
v4_social_signal_experiment_v4_prompt_think_true_oldgold_gemma4_26b_direct_core_targeted_v7_think_nojson_guard2_ctx32768_tok8192_b1_pilot8,v4_social_signal_experiment_v4_prompt_think_true_oldgold_gemma4_26b_direct_core_targeted_v7_think_nojson_guard2_ctx32768_tok8192_b1_pilot8.csv,v4_social_signal,gemma4:26b,a8d3082c4e73,0.70,8,6,10,1.25,0.5,0.8333333333333334,0.625,0.8333333333333334,0.7708333333333333,0.8333333333333334,1.0,0.9090909090909091,1,0,0
v4_social_signal_experiment_v4_prompt_think_false_v4full965_gemma4_26b_social_signal_v9_f1_balanced_nothink_json_ctx32768_tok16384_b2,v4_social_signal_experiment_v4_prompt_think_false_v4full965_gemma4_26b_social_signal_v9_f1_balanced_nothink_json_ctx32768_tok16384_b2.csv,v4_social_signal,gemma4:26b,b76e73e5362e,0.80,706,691,569,0.8059490084985835,0.6906854130052724,0.5687409551374819,0.6238095238095238,0.42512019737407136,0.6175232699312019,0.906392694063927,0.7351851851851852,0.8118609406952966,41,143,0
v4_social_signal_experiment_v4_prompt_think_false_v4full965_gemma4_26b_social_signal_v9_f1_balanced_nothink_json_ctx32768_tok16384_b2,v4_social_signal_experiment_v4_prompt_think_false_v4full965_gemma4_26b_social_signal_v9_f1_balanced_nothink_json_ctx32768_tok16384_b2.csv,v4_social_signal,gemma4:26b,b76e73e5362e,0.85,706,691,534,0.7563739376770539,0.7078651685393258,0.5470332850940666,0.6171428571428571,0.42231722687015644,0.6112437609604748,0.9088785046728972,0.7203703703703703,0.8037190082644629,39,151,0
v4_social_signal_experiment_v4_prompt_think_true_gemma4_e4b_direct_core_recall_v2_think_ctx16384_tok16384_n237,v4_social_signal_experiment_v4_prompt_think_true_gemma4_e4b_direct_core_recall_v2_think_ctx16384_tok16384_n237.csv,v4_social_signal,gemma4:e4b,22095752ccad,0.80,237,225,239,1.0084388185654007,0.5983263598326359,0.6355555555555555,0.6163793103448276,0.3068961919979496,0.6329113924050633,0.8514285714285714,0.8869047619047619,0.8688046647230321,26,19,72
v4_social_signal_experiment_v4_prompt_think_false_v4pilot60_gemma4_26b_social_signal_v9_f1_balanced_nothink_json_ctx32768_tok16384_b2,v4_social_signal_experiment_v4_prompt_think_false_v4pilot60_gemma4_26b_social_signal_v9_f1_balanced_nothink_json_ctx32768_tok16384_b2.csv,v4_social_signal,gemma4:26b,f98b306b8d11,0.65,41,37,67,1.6341463414634145,0.47761194029850745,0.8648648648648649,0.6153846153846154,0.6339855865717935,0.5504065040650405,0.7435897435897436,1.0,0.8529411764705882,10,0,0
v4_social_signal_experiment_v4_prompt_think_false_b1_pilot18,v4_social_signal_experiment_v4_prompt_think_false_b1_pilot18.csv,v4_social_signal,unknown,dc871c8c6a42,0.75,18,12,14,0.7777777777777778,0.5714285714285714,0.6666666666666666,0.6153846153846154,0.6363636363636364,0.6925925925925925,0.8888888888888888,0.8,0.8421052631578947,1,2,0
v4_social_signal_experiment_v4_prompt_think_false_v4full965_qwen36_35b_iq3_high_recall_minimal_v3_nothink_json_ctx32768_tok16384_b2.partial,v4_social_signal_experiment_v4_prompt_think_false_v4full965_qwen36_35b_iq3_high_recall_minimal_v3_nothink_json_ctx32768_tok16384_b2.partial.csv,v4_social_signal,qwen3.6-35b:iq3,58842682e0be,0.35,394,369,397,1.0076142131979695,0.5919395465994962,0.6368563685636857,0.6135770234986945,0.4417498221447162,0.5964587865603094,0.8080495356037152,0.9354838709677419,0.867109634551495,62,18,0
v4_social_signal_experiment_v4_prompt_think_false_v4full965_qwen36_35b_iq3_high_recall_minimal_v3_nothink_json_ctx32768_tok16384_b2.partial,v4_social_signal_experiment_v4_prompt_think_false_v4full965_qwen36_35b_iq3_high_recall_minimal_v3_nothink_json_ctx32768_tok16384_b2.partial.csv,v4_social_signal,qwen3.6-35b:iq3,58842682e0be,0.40,394,369,397,1.0076142131979695,0.5919395465994962,0.6368563685636857,0.6135770234986945,0.4417498221447162,0.5964587865603094,0.8080495356037152,0.9354838709677419,0.867109634551495,62,18,0
v4_social_signal_experiment_v4_prompt_think_false_v4full965_qwen36_35b_iq3_high_recall_minimal_v3_nothink_json_ctx32768_tok16384_b2.partial,v4_social_signal_experiment_v4_prompt_think_false_v4full965_qwen36_35b_iq3_high_recall_minimal_v3_nothink_json_ctx32768_tok16384_b2.partial.csv,v4_social_signal,qwen3.6-35b:iq3,58842682e0be,0.45,394,369,397,1.0076142131979695,0.5919395465994962,0.6368563685636857,0.6135770234986945,0.4417498221447162,0.5964587865603094,0.8080495356037152,0.9354838709677419,0.867109634551495,62,18,0
v4_social_signal_experiment_v4_prompt_think_false_v4full965_qwen36_35b_iq3_high_recall_minimal_v3_nothink_json_ctx32768_tok16384_b2.partial,v4_social_signal_experiment_v4_prompt_think_false_v4full965_qwen36_35b_iq3_high_recall_minimal_v3_nothink_json_ctx32768_tok16384_b2.partial.csv,v4_social_signal,qwen3.6-35b:iq3,58842682e0be,0.50,394,369,397,1.0076142131979695,0.5919395465994962,0.6368563685636857,0.6135770234986945,0.4417498221447162,0.5964587865603094,0.8080495356037152,0.9354838709677419,0.867109634551495,62,18,0
v4_social_signal_experiment_v4_prompt_think_false_v4full965_qwen36_35b_iq3_high_recall_minimal_v3_nothink_json_ctx32768_tok16384_b2.partial,v4_social_signal_experiment_v4_prompt_think_false_v4full965_qwen36_35b_iq3_high_recall_minimal_v3_nothink_json_ctx32768_tok16384_b2.partial.csv,v4_social_signal,qwen3.6-35b:iq3,58842682e0be,0.55,394,369,397,1.0076142131979695,0.5919395465994962,0.6368563685636857,0.6135770234986945,0.4417498221447162,0.5964587865603094,0.8080495356037152,0.9354838709677419,0.867109634551495,62,18,0
v4_social_signal_experiment_v4_prompt_think_false_v4full965_qwen36_35b_iq3_high_recall_minimal_v3_nothink_json_ctx32768_tok16384_b2.partial,v4_social_signal_experiment_v4_prompt_think_false_v4full965_qwen36_35b_iq3_high_recall_minimal_v3_nothink_json_ctx32768_tok16384_b2.partial.csv,v4_social_signal,qwen3.6-35b:iq3,58842682e0be,0.60,394,369,397,1.0076142131979695,0.5919395465994962,0.6368563685636857,0.6135770234986945,0.4417498221447162,0.5964587865603094,0.8080495356037152,0.9354838709677419,0.867109634551495,62,18,0
v4_social_signal_experiment_v4_prompt_think_true_gemma4_e4b_direct_core_recall_v2_think_ctx16384_tok16384_n237,v4_social_signal_experiment_v4_prompt_think_true_gemma4_e4b_direct_core_recall_v2_think_ctx16384_tok16384_n237.csv,v4_social_signal,gemma4:e4b,22095752ccad,0.75,237,225,242,1.021097046413502,0.5909090909090909,0.6355555555555555,0.6124197002141327,0.304717945734743,0.631082981715893,0.8514285714285714,0.8869047619047619,0.8688046647230321,26,19,72
v4_social_signal_experiment_v4_prompt_think_true_gemma4_e4b_direct_core_targeted_v7_think_ctx16384_tok16384_n237,v4_social_signal_experiment_v4_prompt_think_true_gemma4_e4b_direct_core_targeted_v7_think_ctx16384_tok16384_n237.csv,v4_social_signal,gemma4:e4b,7843b2a84e26,0.80,237,225,288,1.2151898734177216,0.5451388888888888,0.6977777777777778,0.6120857699805068,0.40017293982562674,0.5881856540084387,0.7878787878787878,0.9285714285714286,0.8524590163934426,42,12,108
v4_social_signal_experiment_v4_prompt_think_false_gemma4_26b_ctx32k_tok8k_b1_search237,v4_social_signal_experiment_v4_prompt_think_false_gemma4_26b_ctx32k_tok8k_b1_search237.csv,v4_social_signal,gemma4:26b,c1902992d91d,default,237,252,367,1.5485232067510548,0.5149863760217984,0.75,0.6106623586429726,0.5771981436325436,0.6113120353626684,0.8724489795918368,0.9395604395604396,0.9047619047619048,25,11,0
v4_social_signal_experiment_v4_prompt_think_false_gemma4_26b_ctx32k_tok8k_b1_search237,v4_social_signal_experiment_v4_prompt_think_false_gemma4_26b_ctx32k_tok8k_b1_search237.csv,v4_social_signal,gemma4:26b,c1902992d91d,0.05,237,252,367,1.5485232067510548,0.5149863760217984,0.75,0.6106623586429726,0.5771981436325436,0.6113120353626684,0.8724489795918368,0.9395604395604396,0.9047619047619048,25,11,0
v4_social_signal_experiment_v4_prompt_think_false_gemma4_26b_ctx32k_tok8k_b1_search237,v4_social_signal_experiment_v4_prompt_think_false_gemma4_26b_ctx32k_tok8k_b1_search237.csv,v4_social_signal,gemma4:26b,c1902992d91d,0.10,237,252,367,1.5485232067510548,0.5149863760217984,0.75,0.6106623586429726,0.5771981436325436,0.6113120353626684,0.8724489795918368,0.9395604395604396,0.9047619047619048,25,11,0
v4_social_signal_experiment_v4_prompt_think_false_gemma4_26b_ctx32k_tok8k_b1_search237,v4_social_signal_experiment_v4_prompt_think_false_gemma4_26b_ctx32k_tok8k_b1_search237.csv,v4_social_signal,gemma4:26b,c1902992d91d,0.15,237,252,367,1.5485232067510548,0.5149863760217984,0.75,0.6106623586429726,0.5771981436325436,0.6113120353626684,0.8724489795918368,0.9395604395604396,0.9047619047619048,25,11,0
v4_social_signal_experiment_v4_prompt_think_false_gemma4_26b_ctx32k_tok8k_b1_search237,v4_social_signal_experiment_v4_prompt_think_false_gemma4_26b_ctx32k_tok8k_b1_search237.csv,v4_social_signal,gemma4:26b,c1902992d91d,0.20,237,252,367,1.5485232067510548,0.5149863760217984,0.75,0.6106623586429726,0.5771981436325436,0.6113120353626684,0.8724489795918368,0.9395604395604396,0.9047619047619048,25,11,0
v4_social_signal_experiment_v4_prompt_think_false_gemma4_26b_ctx32k_tok8k_b1_search237,v4_social_signal_experiment_v4_prompt_think_false_gemma4_26b_ctx32k_tok8k_b1_search237.csv,v4_social_signal,gemma4:26b,c1902992d91d,0.25,237,252,367,1.5485232067510548,0.5149863760217984,0.75,0.6106623586429726,0.5771981436325436,0.6113120353626684,0.8724489795918368,0.9395604395604396,0.9047619047619048,25,11,0
v4_social_signal_experiment_v4_prompt_think_false_gemma4_26b_ctx32k_tok8k_b1_search237,v4_social_signal_experiment_v4_prompt_think_false_gemma4_26b_ctx32k_tok8k_b1_search237.csv,v4_social_signal,gemma4:26b,c1902992d91d,0.30,237,252,367,1.5485232067510548,0.5149863760217984,0.75,0.6106623586429726,0.5771981436325436,0.6113120353626684,0.8724489795918368,0.9395604395604396,0.9047619047619048,25,11,0
v4_social_signal_experiment_v4_prompt_think_false_gemma4_26b_ctx32k_tok8k_b1_search237,v4_social_signal_experiment_v4_prompt_think_false_gemma4_26b_ctx32k_tok8k_b1_search237.csv,v4_social_signal,gemma4:26b,c1902992d91d,0.35,237,252,367,1.5485232067510548,0.5149863760217984,0.75,0.6106623586429726,0.5771981436325436,0.6113120353626684,0.8724489795918368,0.9395604395604396,0.9047619047619048,25,11,0
v4_social_signal_experiment_v4_prompt_think_false_gemma4_26b_direct_core_targeted_v7_nothink_ctx32768_tok16384_b2_n237,v4_social_signal_experiment_v4_prompt_think_false_gemma4_26b_direct_core_targeted_v7_nothink_ctx32768_tok16384_b2_n237.csv,v4_social_signal,gemma4:26b,2dd95acd11e6,0.75,237,225,318,1.3417721518987342,0.5188679245283019,0.7333333333333333,0.6077348066298343,0.44969446171276994,0.6005826803295158,0.7989949748743719,0.9464285714285714,0.8664850136239782,40,9,0
v4_social_signal_experiment_v4_prompt_think_true_gemma4_e4b_direct_core_targeted_v7_think_ctx16384_tok16384_n237,v4_social_signal_experiment_v4_prompt_think_true_gemma4_e4b_direct_core_targeted_v7_think_ctx16384_tok16384_n237.csv,v4_social_signal,gemma4:e4b,7843b2a84e26,0.85,237,225,226,0.9535864978902954,0.6017699115044248,0.6044444444444445,0.6031042128603105,0.31809259328035533,0.6053445850914206,0.8417721518987342,0.7916666666666666,0.8159509202453987,25,35,108
v4_social_signal_experiment_v4_prompt_think_true_gemma4_e4b_direct_core_gold_fewshot_v5_think_ctx16384_tok16384_n237,v4_social_signal_experiment_v4_prompt_think_true_gemma4_e4b_direct_core_gold_fewshot_v5_think_ctx16384_tok16384_n237.csv,v4_social_signal,gemma4:e4b,eddf7962ae1b,0.90,237,225,183,0.7721518987341772,0.6721311475409836,0.5466666666666666,0.6029411764705882,0.25601440279869114,0.6160337552742616,0.8551724137931035,0.7380952380952381,0.792332268370607,21,44,36
v4_social_signal_experiment_v4_prompt_think_false_gemma4_26b_direct_core_targeted_v7_nothink_ctx32768_tok16384_b2_n237,v4_social_signal_experiment_v4_prompt_think_false_gemma4_26b_direct_core_targeted_v7_nothink_ctx32768_tok16384_b2_n237.csv,v4_social_signal,gemma4:26b,2dd95acd11e6,0.90,237,225,184,0.7763713080168776,0.6684782608695652,0.5466666666666666,0.6014669926650367,0.3409318339820732,0.6007032348804501,0.8313253012048193,0.8214285714285714,0.8263473053892215,28,30,0
v4_social_signal_experiment_v4_prompt_think_false_gemma4_26b_direct_core_targeted_v7_nothink_ctx32768_tok16384_b2_n237,v4_social_signal_experiment_v4_prompt_think_false_gemma4_26b_direct_core_targeted_v7_nothink_ctx32768_tok16384_b2_n237.csv,v4_social_signal,gemma4:26b,2dd95acd11e6,0.70,237,225,352,1.4852320675105486,0.4914772727272727,0.7688888888888888,0.5996533795493935,0.4659900084435688,0.5825798673899939,0.7783018867924528,0.9821428571428571,0.868421052631579,47,3,0
v4_social_signal_experiment_v4_prompt_think_false_v4full965_qwen36_35b_iq3_social_signal_v9_f1_balanced_nothink_json_ctx32768_tok16384_b2.partial,v4_social_signal_experiment_v4_prompt_think_false_v4full965_qwen36_35b_iq3_social_signal_v9_f1_balanced_nothink_json_ctx32768_tok16384_b2.partial.csv,v4_social_signal,qwen3.6-35b:iq3,65fc92f0ecc6,0.80,242,228,221,0.9132231404958677,0.6063348416289592,0.5877192982456141,0.5968819599109132,0.42288997763104685,0.581129476584022,0.7965116279069767,0.8058823529411765,0.8011695906432749,35,33,0
v4_social_signal_experiment_v4_prompt_think_true_gemma4_e4b_direct_core_recall_v2_think_ctx16384_tok16384_n237,v4_social_signal_experiment_v4_prompt_think_true_gemma4_e4b_direct_core_recall_v2_think_ctx16384_tok16384_n237.csv,v4_social_signal,gemma4:e4b,22095752ccad,0.65,237,225,298,1.2573839662447257,0.5234899328859061,0.6933333333333334,0.5965583173996176,0.31691927619953464,0.5810126582278481,0.7853658536585366,0.9583333333333334,0.8632707774798928,44,7,72
v4_social_signal_experiment_v4_prompt_think_true_gemma4_e4b_direct_core_recall_v2_think_ctx16384_tok16384_n237,v4_social_signal_experiment_v4_prompt_think_true_gemma4_e4b_direct_core_recall_v2_think_ctx16384_tok16384_n237.csv,v4_social_signal,gemma4:e4b,22095752ccad,0.70,237,225,298,1.2573839662447257,0.5234899328859061,0.6933333333333334,0.5965583173996176,0.31691927619953464,0.5810126582278481,0.7853658536585366,0.9583333333333334,0.8632707774798928,44,7,72
v4_social_signal_experiment_v4_prompt_think_true_gemma4_e4b_direct_core_filtered_v3_think_ctx16384_tok16384_n237,v4_social_signal_experiment_v4_prompt_think_true_gemma4_e4b_direct_core_filtered_v3_think_ctx16384_tok16384_n237.csv,v4_social_signal,gemma4:e4b,e6338721a595,0.85,237,225,174,0.7341772151898734,0.6839080459770115,0.5288888888888889,0.5964912280701754,0.22118381251489136,0.6289732770745429,0.9076923076923077,0.7023809523809523,0.7919463087248322,12,50,0
v4_social_signal_experiment_v4_prompt_think_true_gemma4_e4b_direct_core_targeted_v7_think_ctx16384_tok16384_n237,v4_social_signal_experiment_v4_prompt_think_true_gemma4_e4b_direct_core_targeted_v7_think_ctx16384_tok16384_n237.csv,v4_social_signal,gemma4:e4b,7843b2a84e26,0.75,237,225,315,1.3291139240506329,0.5111111111111111,0.7155555555555555,0.5962962962962963,0.432326643754202,0.5703234880450071,0.7729468599033816,0.9523809523809523,0.8533333333333334,47,8,108
v4_social_signal_experiment_v4_prompt_think_true_gemma4_e4b_direct_core_filtered_v3_think_ctx16384_tok16384_n237,v4_social_signal_experiment_v4_prompt_think_true_gemma4_e4b_direct_core_filtered_v3_think_ctx16384_tok16384_n237.csv,v4_social_signal,gemma4:e4b,e6338721a595,0.80,237,225,226,0.9535864978902954,0.5929203539823009,0.5955555555555555,0.5942350332594235,0.3057736921941288,0.6151898734177216,0.8493975903614458,0.8392857142857143,0.844311377245509,25,27,0
v4_social_signal_experiment_v4_prompt_think_false_v4full965_qwen36_35b_iq3_social_signal_v5_nothink_json_ctx32768_tok16384_b2.partial,v4_social_signal_experiment_v4_prompt_think_false_v4full965_qwen36_35b_iq3_social_signal_v5_nothink_json_ctx32768_tok16384_b2.partial.csv,v4_social_signal,qwen3.6-35b:iq3,554ea15ec5e9,0.35,240,227,315,1.3125,0.5111111111111111,0.7092511013215859,0.5940959409594095,0.5301936570399773,0.5858134920634921,0.8010471204188482,0.9053254437869822,0.85,38,16,0
v4_social_signal_experiment_v4_prompt_think_false_v4full965_qwen36_35b_iq3_social_signal_v5_nothink_json_ctx32768_tok16384_b2.partial,v4_social_signal_experiment_v4_prompt_think_false_v4full965_qwen36_35b_iq3_social_signal_v5_nothink_json_ctx32768_tok16384_b2.partial.csv,v4_social_signal,qwen3.6-35b:iq3,554ea15ec5e9,0.40,240,227,315,1.3125,0.5111111111111111,0.7092511013215859,0.5940959409594095,0.5301936570399773,0.5858134920634921,0.8010471204188482,0.9053254437869822,0.85,38,16,0
v4_social_signal_experiment_v4_prompt_think_false_v4full965_qwen36_35b_iq3_social_signal_v5_nothink_json_ctx32768_tok16384_b2.partial,v4_social_signal_experiment_v4_prompt_think_false_v4full965_qwen36_35b_iq3_social_signal_v5_nothink_json_ctx32768_tok16384_b2.partial.csv,v4_social_signal,qwen3.6-35b:iq3,554ea15ec5e9,0.45,240,227,315,1.3125,0.5111111111111111,0.7092511013215859,0.5940959409594095,0.5301936570399773,0.5858134920634921,0.8010471204188482,0.9053254437869822,0.85,38,16,0
v4_social_signal_experiment_v4_prompt_think_false_v4full965_qwen36_35b_iq3_social_signal_v5_nothink_json_ctx32768_tok16384_b2.partial,v4_social_signal_experiment_v4_prompt_think_false_v4full965_qwen36_35b_iq3_social_signal_v5_nothink_json_ctx32768_tok16384_b2.partial.csv,v4_social_signal,qwen3.6-35b:iq3,554ea15ec5e9,0.50,240,227,315,1.3125,0.5111111111111111,0.7092511013215859,0.5940959409594095,0.5301936570399773,0.5858134920634921,0.8010471204188482,0.9053254437869822,0.85,38,16,0
v4_social_signal_experiment_v4_prompt_think_false_v4full965_qwen36_35b_iq3_social_signal_v5_nothink_json_ctx32768_tok16384_b2.partial,v4_social_signal_experiment_v4_prompt_think_false_v4full965_qwen36_35b_iq3_social_signal_v5_nothink_json_ctx32768_tok16384_b2.partial.csv,v4_social_signal,qwen3.6-35b:iq3,554ea15ec5e9,0.55,240,227,315,1.3125,0.5111111111111111,0.7092511013215859,0.5940959409594095,0.5301936570399773,0.5858134920634921,0.8010471204188482,0.9053254437869822,0.85,38,16,0
v4_social_signal_experiment_v4_prompt_think_false_v4full965_qwen36_35b_iq3_social_signal_v5_nothink_json_ctx32768_tok16384_b2.partial,v4_social_signal_experiment_v4_prompt_think_false_v4full965_qwen36_35b_iq3_social_signal_v5_nothink_json_ctx32768_tok16384_b2.partial.csv,v4_social_signal,qwen3.6-35b:iq3,554ea15ec5e9,0.60,240,227,315,1.3125,0.5111111111111111,0.7092511013215859,0.5940959409594095,0.5301936570399773,0.5858134920634921,0.8010471204188482,0.9053254437869822,0.85,38,16,0
v4_social_signal_experiment_v4_prompt_think_true_gemma4_e4b_direct_core_filtered_v3_think_ctx16384_tok16384_n237,v4_social_signal_experiment_v4_prompt_think_true_gemma4_e4b_direct_core_filtered_v3_think_ctx16384_tok16384_n237.csv,v4_social_signal,gemma4:e4b,e6338721a595,0.90,237,225,142,0.5991561181434599,0.7676056338028169,0.48444444444444446,0.5940054495912807,0.1811697331605646,0.6143459915611814,0.8983050847457628,0.6309523809523809,0.7412587412587412,12,62,0
v4_social_signal_experiment_v4_prompt_think_false_v4pilot60_qwen35_9b_social_signal_v9_f1_balanced_nothink_json_ctx32768_tok16384_b2,v4_social_signal_experiment_v4_prompt_think_false_v4pilot60_qwen35_9b_social_signal_v9_f1_balanced_nothink_json_ctx32768_tok16384_b2.csv,v4_social_signal,qwen35-9b,e9d7fb0bdbab,0.90,41,37,27,0.6585365853658537,0.7037037037037037,0.5135135135135135,0.59375,0.4049755799755799,0.6097560975609756,0.84,0.7241379310344828,0.7777777777777778,4,8,0
v4_social_signal_experiment_v4_prompt_think_true_gemma4_e4b_direct_core_targeted_v7_think_ctx16384_tok16384_n237,v4_social_signal_experiment_v4_prompt_think_true_gemma4_e4b_direct_core_targeted_v7_think_ctx16384_tok16384_n237.csv,v4_social_signal,gemma4:e4b,7843b2a84e26,0.65,237,225,348,1.4683544303797469,0.4885057471264368,0.7555555555555555,0.5933682373472949,0.44573675483119823,0.549507735583685,0.7432432432432432,0.9821428571428571,0.8461538461538461,57,3,108
v4_social_signal_experiment_v4_prompt_think_true_gemma4_e4b_direct_core_targeted_v7_think_ctx16384_tok16384_n237,v4_social_signal_experiment_v4_prompt_think_true_gemma4_e4b_direct_core_targeted_v7_think_ctx16384_tok16384_n237.csv,v4_social_signal,gemma4:e4b,7843b2a84e26,0.70,237,225,348,1.4683544303797469,0.4885057471264368,0.7555555555555555,0.5933682373472949,0.44573675483119823,0.549507735583685,0.7432432432432432,0.9821428571428571,0.8461538461538461,57,3,108
v4_social_signal_experiment_v4_prompt_think_false_b1_pilot18,v4_social_signal_experiment_v4_prompt_think_false_b1_pilot18.csv,v4_social_signal,unknown,dc871c8c6a42,0.65,18,12,15,0.8333333333333334,0.5333333333333333,0.6666666666666666,0.5925925925925926,0.6363636363636364,0.6833333333333331,0.8888888888888888,0.8,0.8421052631578947,1,2,0
v4_social_signal_experiment_v4_prompt_think_false_b1_pilot18,v4_social_signal_experiment_v4_prompt_think_false_b1_pilot18.csv,v4_social_signal,unknown,dc871c8c6a42,0.70,18,12,15,0.8333333333333334,0.5333333333333333,0.6666666666666666,0.5925925925925926,0.6363636363636364,0.6833333333333331,0.8888888888888888,0.8,0.8421052631578947,1,2,0
v4_social_signal_experiment_v4_prompt_think_true_gemma4_e4b_direct_core_targeted_v7_think_ctx16384_tok16384_n237,v4_social_signal_experiment_v4_prompt_think_true_gemma4_e4b_direct_core_targeted_v7_think_ctx16384_tok16384_n237.csv,v4_social_signal,gemma4:e4b,7843b2a84e26,default,237,225,351,1.481012658227848,0.4843304843304843,0.7555555555555555,0.5902777777777778,0.44395699954754975,0.5473980309423346,0.7432432432432432,0.9821428571428571,0.8461538461538461,57,3,108
v4_social_signal_experiment_v4_prompt_think_true_gemma4_e4b_direct_core_targeted_v7_think_ctx16384_tok16384_n237,v4_social_signal_experiment_v4_prompt_think_true_gemma4_e4b_direct_core_targeted_v7_think_ctx16384_tok16384_n237.csv,v4_social_signal,gemma4:e4b,7843b2a84e26,0.05,237,225,351,1.481012658227848,0.4843304843304843,0.7555555555555555,0.5902777777777778,0.44395699954754975,0.5473980309423346,0.7432432432432432,0.9821428571428571,0.8461538461538461,57,3,108
v4_social_signal_experiment_v4_prompt_think_true_gemma4_e4b_direct_core_targeted_v7_think_ctx16384_tok16384_n237,v4_social_signal_experiment_v4_prompt_think_true_gemma4_e4b_direct_core_targeted_v7_think_ctx16384_tok16384_n237.csv,v4_social_signal,gemma4:e4b,7843b2a84e26,0.10,237,225,351,1.481012658227848,0.4843304843304843,0.7555555555555555,0.5902777777777778,0.44395699954754975,0.5473980309423346,0.7432432432432432,0.9821428571428571,0.8461538461538461,57,3,108
v4_social_signal_experiment_v4_prompt_think_true_gemma4_e4b_direct_core_targeted_v7_think_ctx16384_tok16384_n237,v4_social_signal_experiment_v4_prompt_think_true_gemma4_e4b_direct_core_targeted_v7_think_ctx16384_tok16384_n237.csv,v4_social_signal,gemma4:e4b,7843b2a84e26,0.15,237,225,351,1.481012658227848,0.4843304843304843,0.7555555555555555,0.5902777777777778,0.44395699954754975,0.5473980309423346,0.7432432432432432,0.9821428571428571,0.8461538461538461,57,3,108
v4_social_signal_experiment_v4_prompt_think_true_gemma4_e4b_direct_core_targeted_v7_think_ctx16384_tok16384_n237,v4_social_signal_experiment_v4_prompt_think_true_gemma4_e4b_direct_core_targeted_v7_think_ctx16384_tok16384_n237.csv,v4_social_signal,gemma4:e4b,7843b2a84e26,0.20,237,225,351,1.481012658227848,0.4843304843304843,0.7555555555555555,0.5902777777777778,0.44395699954754975,0.5473980309423346,0.7432432432432432,0.9821428571428571,0.8461538461538461,57,3,108
v4_social_signal_experiment_v4_prompt_think_true_gemma4_e4b_direct_core_targeted_v7_think_ctx16384_tok16384_n237,v4_social_signal_experiment_v4_prompt_think_true_gemma4_e4b_direct_core_targeted_v7_think_ctx16384_tok16384_n237.csv,v4_social_signal,gemma4:e4b,7843b2a84e26,0.25,237,225,351,1.481012658227848,0.4843304843304843,0.7555555555555555,0.5902777777777778,0.44395699954754975,0.5473980309423346,0.7432432432432432,0.9821428571428571,0.8461538461538461,57,3,108
v4_social_signal_experiment_v4_prompt_think_true_gemma4_e4b_direct_core_targeted_v7_think_ctx16384_tok16384_n237,v4_social_signal_experiment_v4_prompt_think_true_gemma4_e4b_direct_core_targeted_v7_think_ctx16384_tok16384_n237.csv,v4_social_signal,gemma4:e4b,7843b2a84e26,0.30,237,225,351,1.481012658227848,0.4843304843304843,0.7555555555555555,0.5902777777777778,0.44395699954754975,0.5473980309423346,0.7432432432432432,0.9821428571428571,0.8461538461538461,57,3,108
v4_social_signal_experiment_v4_prompt_think_true_gemma4_e4b_direct_core_targeted_v7_think_ctx16384_tok16384_n237,v4_social_signal_experiment_v4_prompt_think_true_gemma4_e4b_direct_core_targeted_v7_think_ctx16384_tok16384_n237.csv,v4_social_signal,gemma4:e4b,7843b2a84e26,0.35,237,225,351,1.481012658227848,0.4843304843304843,0.7555555555555555,0.5902777777777778,0.44395699954754975,0.5473980309423346,0.7432432432432432,0.9821428571428571,0.8461538461538461,57,3,108
v4_social_signal_experiment_v4_prompt_think_true_gemma4_e4b_direct_core_targeted_v7_think_ctx16384_tok16384_n237,v4_social_signal_experiment_v4_prompt_think_true_gemma4_e4b_direct_core_targeted_v7_think_ctx16384_tok16384_n237.csv,v4_social_signal,gemma4:e4b,7843b2a84e26,0.40,237,225,351,1.481012658227848,0.4843304843304843,0.7555555555555555,0.5902777777777778,0.44395699954754975,0.5473980309423346,0.7432432432432432,0.9821428571428571,0.8461538461538461,57,3,108
v4_social_signal_experiment_v4_prompt_think_true_gemma4_e4b_direct_core_targeted_v7_think_ctx16384_tok16384_n237,v4_social_signal_experiment_v4_prompt_think_true_gemma4_e4b_direct_core_targeted_v7_think_ctx16384_tok16384_n237.csv,v4_social_signal,gemma4:e4b,7843b2a84e26,0.45,237,225,351,1.481012658227848,0.4843304843304843,0.7555555555555555,0.5902777777777778,0.44395699954754975,0.5473980309423346,0.7432432432432432,0.9821428571428571,0.8461538461538461,57,3,108
v4_social_signal_experiment_v4_prompt_think_true_gemma4_e4b_direct_core_targeted_v7_think_ctx16384_tok16384_n237,v4_social_signal_experiment_v4_prompt_think_true_gemma4_e4b_direct_core_targeted_v7_think_ctx16384_tok16384_n237.csv,v4_social_signal,gemma4:e4b,7843b2a84e26,0.50,237,225,351,1.481012658227848,0.4843304843304843,0.7555555555555555,0.5902777777777778,0.44395699954754975,0.5473980309423346,0.7432432432432432,0.9821428571428571,0.8461538461538461,57,3,108
v4_social_signal_experiment_v4_prompt_think_true_gemma4_e4b_direct_core_targeted_v7_think_ctx16384_tok16384_n237,v4_social_signal_experiment_v4_prompt_think_true_gemma4_e4b_direct_core_targeted_v7_think_ctx16384_tok16384_n237.csv,v4_social_signal,gemma4:e4b,7843b2a84e26,0.55,237,225,351,1.481012658227848,0.4843304843304843,0.7555555555555555,0.5902777777777778,0.44395699954754975,0.5473980309423346,0.7432432432432432,0.9821428571428571,0.8461538461538461,57,3,108
v4_social_signal_experiment_v4_prompt_think_true_gemma4_e4b_direct_core_targeted_v7_think_ctx16384_tok16384_n237,v4_social_signal_experiment_v4_prompt_think_true_gemma4_e4b_direct_core_targeted_v7_think_ctx16384_tok16384_n237.csv,v4_social_signal,gemma4:e4b,7843b2a84e26,0.60,237,225,351,1.481012658227848,0.4843304843304843,0.7555555555555555,0.5902777777777778,0.44395699954754975,0.5473980309423346,0.7432432432432432,0.9821428571428571,0.8461538461538461,57,3,108
v4_social_signal_experiment_v4_prompt_think_true_gemma4_e4b_direct_core_recall_v2_think_ctx16384_tok16384_n237,v4_social_signal_experiment_v4_prompt_think_true_gemma4_e4b_direct_core_recall_v2_think_ctx16384_tok16384_n237.csv,v4_social_signal,gemma4:e4b,22095752ccad,default,237,225,304,1.2827004219409284,0.5131578947368421,0.6933333333333334,0.5897920604914934,0.3125763110718383,0.5777777777777778,0.7864077669902912,0.9642857142857143,0.8663101604278075,44,6,72
v4_social_signal_experiment_v4_prompt_think_true_gemma4_e4b_direct_core_recall_v2_think_ctx16384_tok16384_n237,v4_social_signal_experiment_v4_prompt_think_true_gemma4_e4b_direct_core_recall_v2_think_ctx16384_tok16384_n237.csv,v4_social_signal,gemma4:e4b,22095752ccad,0.05,237,225,304,1.2827004219409284,0.5131578947368421,0.6933333333333334,0.5897920604914934,0.3125763110718383,0.5777777777777778,0.7864077669902912,0.9642857142857143,0.8663101604278075,44,6,72
v4_social_signal_experiment_v4_prompt_think_true_gemma4_e4b_direct_core_recall_v2_think_ctx16384_tok16384_n237,v4_social_signal_experiment_v4_prompt_think_true_gemma4_e4b_direct_core_recall_v2_think_ctx16384_tok16384_n237.csv,v4_social_signal,gemma4:e4b,22095752ccad,0.10,237,225,304,1.2827004219409284,0.5131578947368421,0.6933333333333334,0.5897920604914934,0.3125763110718383,0.5777777777777778,0.7864077669902912,0.9642857142857143,0.8663101604278075,44,6,72
v4_social_signal_experiment_v4_prompt_think_true_gemma4_e4b_direct_core_recall_v2_think_ctx16384_tok16384_n237,v4_social_signal_experiment_v4_prompt_think_true_gemma4_e4b_direct_core_recall_v2_think_ctx16384_tok16384_n237.csv,v4_social_signal,gemma4:e4b,22095752ccad,0.15,237,225,304,1.2827004219409284,0.5131578947368421,0.6933333333333334,0.5897920604914934,0.3125763110718383,0.5777777777777778,0.7864077669902912,0.9642857142857143,0.8663101604278075,44,6,72
v4_social_signal_experiment_v4_prompt_think_true_gemma4_e4b_direct_core_recall_v2_think_ctx16384_tok16384_n237,v4_social_signal_experiment_v4_prompt_think_true_gemma4_e4b_direct_core_recall_v2_think_ctx16384_tok16384_n237.csv,v4_social_signal,gemma4:e4b,22095752ccad,0.20,237,225,304,1.2827004219409284,0.5131578947368421,0.6933333333333334,0.5897920604914934,0.3125763110718383,0.5777777777777778,0.7864077669902912,0.9642857142857143,0.8663101604278075,44,6,72
v4_social_signal_experiment_v4_prompt_think_true_gemma4_e4b_direct_core_recall_v2_think_ctx16384_tok16384_n237,v4_social_signal_experiment_v4_prompt_think_true_gemma4_e4b_direct_core_recall_v2_think_ctx16384_tok16384_n237.csv,v4_social_signal,gemma4:e4b,22095752ccad,0.25,237,225,304,1.2827004219409284,0.5131578947368421,0.6933333333333334,0.5897920604914934,0.3125763110718383,0.5777777777777778,0.7864077669902912,0.9642857142857143,0.8663101604278075,44,6,72
v4_social_signal_experiment_v4_prompt_think_true_gemma4_e4b_direct_core_recall_v2_think_ctx16384_tok16384_n237,v4_social_signal_experiment_v4_prompt_think_true_gemma4_e4b_direct_core_recall_v2_think_ctx16384_tok16384_n237.csv,v4_social_signal,gemma4:e4b,22095752ccad,0.30,237,225,304,1.2827004219409284,0.5131578947368421,0.6933333333333334,0.5897920604914934,0.3125763110718383,0.5777777777777778,0.7864077669902912,0.9642857142857143,0.8663101604278075,44,6,72
v4_social_signal_experiment_v4_prompt_think_true_gemma4_e4b_direct_core_recall_v2_think_ctx16384_tok16384_n237,v4_social_signal_experiment_v4_prompt_think_true_gemma4_e4b_direct_core_recall_v2_think_ctx16384_tok16384_n237.csv,v4_social_signal,gemma4:e4b,22095752ccad,0.35,237,225,304,1.2827004219409284,0.5131578947368421,0.6933333333333334,0.5897920604914934,0.3125763110718383,0.5777777777777778,0.7864077669902912,0.9642857142857143,0.8663101604278075,44,6,72
v4_social_signal_experiment_v4_prompt_think_true_gemma4_e4b_direct_core_recall_v2_think_ctx16384_tok16384_n237,v4_social_signal_experiment_v4_prompt_think_true_gemma4_e4b_direct_core_recall_v2_think_ctx16384_tok16384_n237.csv,v4_social_signal,gemma4:e4b,22095752ccad,0.40,237,225,304,1.2827004219409284,0.5131578947368421,0.6933333333333334,0.5897920604914934,0.3125763110718383,0.5777777777777778,0.7864077669902912,0.9642857142857143,0.8663101604278075,44,6,72
v4_social_signal_experiment_v4_prompt_think_true_gemma4_e4b_direct_core_recall_v2_think_ctx16384_tok16384_n237,v4_social_signal_experiment_v4_prompt_think_true_gemma4_e4b_direct_core_recall_v2_think_ctx16384_tok16384_n237.csv,v4_social_signal,gemma4:e4b,22095752ccad,0.45,237,225,304,1.2827004219409284,0.5131578947368421,0.6933333333333334,0.5897920604914934,0.3125763110718383,0.5777777777777778,0.7864077669902912,0.9642857142857143,0.8663101604278075,44,6,72
v4_social_signal_experiment_v4_prompt_think_true_gemma4_e4b_direct_core_recall_v2_think_ctx16384_tok16384_n237,v4_social_signal_experiment_v4_prompt_think_true_gemma4_e4b_direct_core_recall_v2_think_ctx16384_tok16384_n237.csv,v4_social_signal,gemma4:e4b,22095752ccad,0.50,237,225,304,1.2827004219409284,0.5131578947368421,0.6933333333333334,0.5897920604914934,0.3125763110718383,0.5777777777777778,0.7864077669902912,0.9642857142857143,0.8663101604278075,44,6,72
v4_social_signal_experiment_v4_prompt_think_true_gemma4_e4b_direct_core_recall_v2_think_ctx16384_tok16384_n237,v4_social_signal_experiment_v4_prompt_think_true_gemma4_e4b_direct_core_recall_v2_think_ctx16384_tok16384_n237.csv,v4_social_signal,gemma4:e4b,22095752ccad,0.55,237,225,304,1.2827004219409284,0.5131578947368421,0.6933333333333334,0.5897920604914934,0.3125763110718383,0.5777777777777778,0.7864077669902912,0.9642857142857143,0.8663101604278075,44,6,72
v4_social_signal_experiment_v4_prompt_think_true_gemma4_e4b_direct_core_recall_v2_think_ctx16384_tok16384_n237,v4_social_signal_experiment_v4_prompt_think_true_gemma4_e4b_direct_core_recall_v2_think_ctx16384_tok16384_n237.csv,v4_social_signal,gemma4:e4b,22095752ccad,0.60,237,225,304,1.2827004219409284,0.5131578947368421,0.6933333333333334,0.5897920604914934,0.3125763110718383,0.5777777777777778,0.7864077669902912,0.9642857142857143,0.8663101604278075,44,6,72
v4_social_signal_experiment_v4_prompt_think_true_gemma4_e4b_direct_core_gold_calibrated_v4_think_ctx16384_tok16384_n237,v4_social_signal_experiment_v4_prompt_think_true_gemma4_e4b_direct_core_gold_calibrated_v4_think_ctx16384_tok16384_n237.csv,v4_social_signal,gemma4:e4b,f6c7bb0790fa,0.80,237,225,233,0.9831223628691983,0.5793991416309013,0.6,0.5895196506550219,0.34365261941348896,0.6074542897327706,0.85,0.8095238095238095,0.8292682926829268,24,32,0
v4_social_signal_experiment_v4_prompt_think_false_v4full965_gemma4_26b_social_signal_v9_f1_balanced_nothink_json_ctx32768_tok16384_b2,v4_social_signal_experiment_v4_prompt_think_false_v4full965_gemma4_26b_social_signal_v9_f1_balanced_nothink_json_ctx32768_tok16384_b2.csv,v4_social_signal,gemma4:26b,b76e73e5362e,0.65,706,691,1227,1.7379603399433428,0.45965770171149145,0.8162083936324168,0.5881126173096975,0.5170304527627403,0.5663901254552812,0.8064516129032258,0.9722222222222222,0.8816120906801007,126,15,0
v4_social_signal_experiment_v4_prompt_think_true_oldgold_gemma4_26b_direct_core_targeted_v7_think_nojson_guard2_ctx32768_tok8192_b1_pilot30,v4_social_signal_experiment_v4_prompt_think_true_oldgold_gemma4_26b_direct_core_targeted_v7_think_nojson_guard2_ctx32768_tok8192_b1_pilot30.csv,v4_social_signal,gemma4:26b,a72b2da2ccaf,0.70,30,22,36,1.2,0.4722222222222222,0.7727272727272727,0.5862068965517241,0.560374149659864,0.6444444444444444,0.8181818181818182,0.9473684210526315,0.8780487804878049,4,1,0
v4_social_signal_experiment_v4_prompt_think_false_b1_pilot18,v4_social_signal_experiment_v4_prompt_think_false_b1_pilot18.csv,v4_social_signal,unknown,dc871c8c6a42,0.85,18,12,12,0.6666666666666666,0.5833333333333334,0.5833333333333334,0.5833333333333334,0.5454545454545454,0.6944444444444443,0.8888888888888888,0.8,0.8421052631578947,1,2,0
v4_social_signal_experiment_v4_prompt_think_false_v4pilot60_gemma4_26b_social_signal_v9_f1_balanced_nothink_json_ctx32768_tok16384_b2,v4_social_signal_experiment_v4_prompt_think_false_v4pilot60_gemma4_26b_social_signal_v9_f1_balanced_nothink_json_ctx32768_tok16384_b2.csv,v4_social_signal,gemma4:26b,f98b306b8d11,default,41,37,73,1.7804878048780488,0.4383561643835616,0.8648648648648649,0.5818181818181818,0.6220860566448801,0.5341463414634146,0.7435897435897436,1.0,0.8529411764705882,10,0,0
v4_social_signal_experiment_v4_prompt_think_false_v4pilot60_gemma4_26b_social_signal_v9_f1_balanced_nothink_json_ctx32768_tok16384_b2,v4_social_signal_experiment_v4_prompt_think_false_v4pilot60_gemma4_26b_social_signal_v9_f1_balanced_nothink_json_ctx32768_tok16384_b2.csv,v4_social_signal,gemma4:26b,f98b306b8d11,0.05,41,37,73,1.7804878048780488,0.4383561643835616,0.8648648648648649,0.5818181818181818,0.6220860566448801,0.5341463414634146,0.7435897435897436,1.0,0.8529411764705882,10,0,0
v4_social_signal_experiment_v4_prompt_think_false_v4pilot60_gemma4_26b_social_signal_v9_f1_balanced_nothink_json_ctx32768_tok16384_b2,v4_social_signal_experiment_v4_prompt_think_false_v4pilot60_gemma4_26b_social_signal_v9_f1_balanced_nothink_json_ctx32768_tok16384_b2.csv,v4_social_signal,gemma4:26b,f98b306b8d11,0.10,41,37,73,1.7804878048780488,0.4383561643835616,0.8648648648648649,0.5818181818181818,0.6220860566448801,0.5341463414634146,0.7435897435897436,1.0,0.8529411764705882,10,0,0
v4_social_signal_experiment_v4_prompt_think_false_v4pilot60_gemma4_26b_social_signal_v9_f1_balanced_nothink_json_ctx32768_tok16384_b2,v4_social_signal_experiment_v4_prompt_think_false_v4pilot60_gemma4_26b_social_signal_v9_f1_balanced_nothink_json_ctx32768_tok16384_b2.csv,v4_social_signal,gemma4:26b,f98b306b8d11,0.15,41,37,73,1.7804878048780488,0.4383561643835616,0.8648648648648649,0.5818181818181818,0.6220860566448801,0.5341463414634146,0.7435897435897436,1.0,0.8529411764705882,10,0,0
v4_social_signal_experiment_v4_prompt_think_false_v4pilot60_gemma4_26b_social_signal_v9_f1_balanced_nothink_json_ctx32768_tok16384_b2,v4_social_signal_experiment_v4_prompt_think_false_v4pilot60_gemma4_26b_social_signal_v9_f1_balanced_nothink_json_ctx32768_tok16384_b2.csv,v4_social_signal,gemma4:26b,f98b306b8d11,0.20,41,37,73,1.7804878048780488,0.4383561643835616,0.8648648648648649,0.5818181818181818,0.6220860566448801,0.5341463414634146,0.7435897435897436,1.0,0.8529411764705882,10,0,0
v4_social_signal_experiment_v4_prompt_think_false_v4pilot60_gemma4_26b_social_signal_v9_f1_balanced_nothink_json_ctx32768_tok16384_b2,v4_social_signal_experiment_v4_prompt_think_false_v4pilot60_gemma4_26b_social_signal_v9_f1_balanced_nothink_json_ctx32768_tok16384_b2.csv,v4_social_signal,gemma4:26b,f98b306b8d11,0.25,41,37,73,1.7804878048780488,0.4383561643835616,0.8648648648648649,0.5818181818181818,0.6220860566448801,0.5341463414634146,0.7435897435897436,1.0,0.8529411764705882,10,0,0
v4_social_signal_experiment_v4_prompt_think_false_v4pilot60_gemma4_26b_social_signal_v9_f1_balanced_nothink_json_ctx32768_tok16384_b2,v4_social_signal_experiment_v4_prompt_think_false_v4pilot60_gemma4_26b_social_signal_v9_f1_balanced_nothink_json_ctx32768_tok16384_b2.csv,v4_social_signal,gemma4:26b,f98b306b8d11,0.30,41,37,73,1.7804878048780488,0.4383561643835616,0.8648648648648649,0.5818181818181818,0.6220860566448801,0.5341463414634146,0.7435897435897436,1.0,0.8529411764705882,10,0,0
v4_social_signal_experiment_v4_prompt_think_false_v4pilot60_gemma4_26b_social_signal_v9_f1_balanced_nothink_json_ctx32768_tok16384_b2,v4_social_signal_experiment_v4_prompt_think_false_v4pilot60_gemma4_26b_social_signal_v9_f1_balanced_nothink_json_ctx32768_tok16384_b2.csv,v4_social_signal,gemma4:26b,f98b306b8d11,0.35,41,37,73,1.7804878048780488,0.4383561643835616,0.8648648648648649,0.5818181818181818,0.6220860566448801,0.5341463414634146,0.7435897435897436,1.0,0.8529411764705882,10,0,0
v4_social_signal_experiment_v4_prompt_think_false_v4pilot60_gemma4_26b_social_signal_v9_f1_balanced_nothink_json_ctx32768_tok16384_b2,v4_social_signal_experiment_v4_prompt_think_false_v4pilot60_gemma4_26b_social_signal_v9_f1_balanced_nothink_json_ctx32768_tok16384_b2.csv,v4_social_signal,gemma4:26b,f98b306b8d11,0.40,41,37,73,1.7804878048780488,0.4383561643835616,0.8648648648648649,0.5818181818181818,0.6220860566448801,0.5341463414634146,0.7435897435897436,1.0,0.8529411764705882,10,0,0
v4_social_signal_experiment_v4_prompt_think_false_v4pilot60_gemma4_26b_social_signal_v9_f1_balanced_nothink_json_ctx32768_tok16384_b2,v4_social_signal_experiment_v4_prompt_think_false_v4pilot60_gemma4_26b_social_signal_v9_f1_balanced_nothink_json_ctx32768_tok16384_b2.csv,v4_social_signal,gemma4:26b,f98b306b8d11,0.45,41,37,73,1.7804878048780488,0.4383561643835616,0.8648648648648649,0.5818181818181818,0.6220860566448801,0.5341463414634146,0.7435897435897436,1.0,0.8529411764705882,10,0,0
v4_social_signal_experiment_v4_prompt_think_false_v4pilot60_gemma4_26b_social_signal_v9_f1_balanced_nothink_json_ctx32768_tok16384_b2,v4_social_signal_experiment_v4_prompt_think_false_v4pilot60_gemma4_26b_social_signal_v9_f1_balanced_nothink_json_ctx32768_tok16384_b2.csv,v4_social_signal,gemma4:26b,f98b306b8d11,0.50,41,37,73,1.7804878048780488,0.4383561643835616,0.8648648648648649,0.5818181818181818,0.6220860566448801,0.5341463414634146,0.7435897435897436,1.0,0.8529411764705882,10,0,0
v4_social_signal_experiment_v4_prompt_think_false_v4pilot60_gemma4_26b_social_signal_v9_f1_balanced_nothink_json_ctx32768_tok16384_b2,v4_social_signal_experiment_v4_prompt_think_false_v4pilot60_gemma4_26b_social_signal_v9_f1_balanced_nothink_json_ctx32768_tok16384_b2.csv,v4_social_signal,gemma4:26b,f98b306b8d11,0.55,41,37,73,1.7804878048780488,0.4383561643835616,0.8648648648648649,0.5818181818181818,0.6220860566448801,0.5341463414634146,0.7435897435897436,1.0,0.8529411764705882,10,0,0
v4_social_signal_experiment_v4_prompt_think_false_v4pilot60_gemma4_26b_social_signal_v9_f1_balanced_nothink_json_ctx32768_tok16384_b2,v4_social_signal_experiment_v4_prompt_think_false_v4pilot60_gemma4_26b_social_signal_v9_f1_balanced_nothink_json_ctx32768_tok16384_b2.csv,v4_social_signal,gemma4:26b,f98b306b8d11,0.60,41,37,73,1.7804878048780488,0.4383561643835616,0.8648648648648649,0.5818181818181818,0.6220860566448801,0.5341463414634146,0.7435897435897436,1.0,0.8529411764705882,10,0,0
v4_social_signal_experiment_v4_prompt_think_true_gemma4_e4b_direct_core_filtered_v3_think_ctx16384_tok16384_n237,v4_social_signal_experiment_v4_prompt_think_true_gemma4_e4b_direct_core_filtered_v3_think_ctx16384_tok16384_n237.csv,v4_social_signal,gemma4:e4b,e6338721a595,0.65,237,225,295,1.2447257383966244,0.511864406779661,0.6711111111111111,0.5807692307692308,0.3071946795474352,0.540928270042194,0.7453703703703703,0.9583333333333334,0.8385416666666666,55,7,0
v4_social_signal_experiment_v4_prompt_think_true_gemma4_e4b_direct_core_filtered_v3_think_ctx16384_tok16384_n237,v4_social_signal_experiment_v4_prompt_think_true_gemma4_e4b_direct_core_filtered_v3_think_ctx16384_tok16384_n237.csv,v4_social_signal,gemma4:e4b,e6338721a595,0.70,237,225,295,1.2447257383966244,0.511864406779661,0.6711111111111111,0.5807692307692308,0.3071946795474352,0.540928270042194,0.7453703703703703,0.9583333333333334,0.8385416666666666,55,7,0
v4_social_signal_experiment_v4_prompt_think_false_gemma4_26b_direct_core_targeted_v7_nothink_ctx32768_tok16384_b2_n237,v4_social_signal_experiment_v4_prompt_think_false_gemma4_26b_direct_core_targeted_v7_nothink_ctx32768_tok16384_b2_n237.csv,v4_social_signal,gemma4:26b,2dd95acd11e6,0.65,237,225,388,1.6371308016877637,0.4587628865979381,0.7911111111111111,0.5807504078303426,0.4715432043143908,0.5532047418123367,0.7579908675799086,0.9880952380952381,0.8578811369509044,53,2,0
v4_social_signal_experiment_v4_prompt_think_false_b1_pilot18,v4_social_signal_experiment_v4_prompt_think_false_b1_pilot18.csv,v4_social_signal,unknown,dc871c8c6a42,0.60,18,12,19,1.0555555555555556,0.47368421052631576,0.75,0.5806451612903226,0.6424242424242425,0.711111111111111,0.9,0.9,0.9,1,1,0
v4_social_signal_experiment_v4_prompt_think_false_v4full965_gemma4_26b_social_signal_v9_f1_balanced_nothink_json_ctx32768_tok16384_b2,v4_social_signal_experiment_v4_prompt_think_false_v4full965_gemma4_26b_social_signal_v9_f1_balanced_nothink_json_ctx32768_tok16384_b2.csv,v4_social_signal,gemma4:26b,b76e73e5362e,default,706,691,1290,1.8271954674220963,0.44573643410852715,0.8321273516642547,0.5805148914689551,0.512985712105124,0.5591730743288816,0.8006088280060882,0.9740740740740741,0.8788638262322472,131,14,0
v4_social_signal_experiment_v4_prompt_think_false_v4full965_gemma4_26b_social_signal_v9_f1_balanced_nothink_json_ctx32768_tok16384_b2,v4_social_signal_experiment_v4_prompt_think_false_v4full965_gemma4_26b_social_signal_v9_f1_balanced_nothink_json_ctx32768_tok16384_b2.csv,v4_social_signal,gemma4:26b,b76e73e5362e,0.05,706,691,1290,1.8271954674220963,0.44573643410852715,0.8321273516642547,0.5805148914689551,0.512985712105124,0.5591730743288816,0.8006088280060882,0.9740740740740741,0.8788638262322472,131,14,0
v4_social_signal_experiment_v4_prompt_think_false_v4full965_gemma4_26b_social_signal_v9_f1_balanced_nothink_json_ctx32768_tok16384_b2,v4_social_signal_experiment_v4_prompt_think_false_v4full965_gemma4_26b_social_signal_v9_f1_balanced_nothink_json_ctx32768_tok16384_b2.csv,v4_social_signal,gemma4:26b,b76e73e5362e,0.10,706,691,1290,1.8271954674220963,0.44573643410852715,0.8321273516642547,0.5805148914689551,0.512985712105124,0.5591730743288816,0.8006088280060882,0.9740740740740741,0.8788638262322472,131,14,0
v4_social_signal_experiment_v4_prompt_think_false_v4full965_gemma4_26b_social_signal_v9_f1_balanced_nothink_json_ctx32768_tok16384_b2,v4_social_signal_experiment_v4_prompt_think_false_v4full965_gemma4_26b_social_signal_v9_f1_balanced_nothink_json_ctx32768_tok16384_b2.csv,v4_social_signal,gemma4:26b,b76e73e5362e,0.15,706,691,1290,1.8271954674220963,0.44573643410852715,0.8321273516642547,0.5805148914689551,0.512985712105124,0.5591730743288816,0.8006088280060882,0.9740740740740741,0.8788638262322472,131,14,0
v4_social_signal_experiment_v4_prompt_think_false_v4full965_gemma4_26b_social_signal_v9_f1_balanced_nothink_json_ctx32768_tok16384_b2,v4_social_signal_experiment_v4_prompt_think_false_v4full965_gemma4_26b_social_signal_v9_f1_balanced_nothink_json_ctx32768_tok16384_b2.csv,v4_social_signal,gemma4:26b,b76e73e5362e,0.20,706,691,1290,1.8271954674220963,0.44573643410852715,0.8321273516642547,0.5805148914689551,0.512985712105124,0.5591730743288816,0.8006088280060882,0.9740740740740741,0.8788638262322472,131,14,0
v4_social_signal_experiment_v4_prompt_think_false_v4full965_gemma4_26b_social_signal_v9_f1_balanced_nothink_json_ctx32768_tok16384_b2,v4_social_signal_experiment_v4_prompt_think_false_v4full965_gemma4_26b_social_signal_v9_f1_balanced_nothink_json_ctx32768_tok16384_b2.csv,v4_social_signal,gemma4:26b,b76e73e5362e,0.25,706,691,1290,1.8271954674220963,0.44573643410852715,0.8321273516642547,0.5805148914689551,0.512985712105124,0.5591730743288816,0.8006088280060882,0.9740740740740741,0.8788638262322472,131,14,0
v4_social_signal_experiment_v4_prompt_think_false_v4full965_gemma4_26b_social_signal_v9_f1_balanced_nothink_json_ctx32768_tok16384_b2,v4_social_signal_experiment_v4_prompt_think_false_v4full965_gemma4_26b_social_signal_v9_f1_balanced_nothink_json_ctx32768_tok16384_b2.csv,v4_social_signal,gemma4:26b,b76e73e5362e,0.30,706,691,1290,1.8271954674220963,0.44573643410852715,0.8321273516642547,0.5805148914689551,0.512985712105124,0.5591730743288816,0.8006088280060882,0.9740740740740741,0.8788638262322472,131,14,0
v4_social_signal_experiment_v4_prompt_think_false_v4full965_gemma4_26b_social_signal_v9_f1_balanced_nothink_json_ctx32768_tok16384_b2,v4_social_signal_experiment_v4_prompt_think_false_v4full965_gemma4_26b_social_signal_v9_f1_balanced_nothink_json_ctx32768_tok16384_b2.csv,v4_social_signal,gemma4:26b,b76e73e5362e,0.35,706,691,1290,1.8271954674220963,0.44573643410852715,0.8321273516642547,0.5805148914689551,0.512985712105124,0.5591730743288816,0.8006088280060882,0.9740740740740741,0.8788638262322472,131,14,0
v4_social_signal_experiment_v4_prompt_think_false_v4full965_gemma4_26b_social_signal_v9_f1_balanced_nothink_json_ctx32768_tok16384_b2,v4_social_signal_experiment_v4_prompt_think_false_v4full965_gemma4_26b_social_signal_v9_f1_balanced_nothink_json_ctx32768_tok16384_b2.csv,v4_social_signal,gemma4:26b,b76e73e5362e,0.40,706,691,1290,1.8271954674220963,0.44573643410852715,0.8321273516642547,0.5805148914689551,0.512985712105124,0.5591730743288816,0.8006088280060882,0.9740740740740741,0.8788638262322472,131,14,0
v4_social_signal_experiment_v4_prompt_think_false_v4full965_gemma4_26b_social_signal_v9_f1_balanced_nothink_json_ctx32768_tok16384_b2,v4_social_signal_experiment_v4_prompt_think_false_v4full965_gemma4_26b_social_signal_v9_f1_balanced_nothink_json_ctx32768_tok16384_b2.csv,v4_social_signal,gemma4:26b,b76e73e5362e,0.45,706,691,1290,1.8271954674220963,0.44573643410852715,0.8321273516642547,0.5805148914689551,0.512985712105124,0.5591730743288816,0.8006088280060882,0.9740740740740741,0.8788638262322472,131,14,0
v4_social_signal_experiment_v4_prompt_think_false_v4full965_gemma4_26b_social_signal_v9_f1_balanced_nothink_json_ctx32768_tok16384_b2,v4_social_signal_experiment_v4_prompt_think_false_v4full965_gemma4_26b_social_signal_v9_f1_balanced_nothink_json_ctx32768_tok16384_b2.csv,v4_social_signal,gemma4:26b,b76e73e5362e,0.50,706,691,1290,1.8271954674220963,0.44573643410852715,0.8321273516642547,0.5805148914689551,0.512985712105124,0.5591730743288816,0.8006088280060882,0.9740740740740741,0.8788638262322472,131,14,0
v4_social_signal_experiment_v4_prompt_think_false_v4full965_gemma4_26b_social_signal_v9_f1_balanced_nothink_json_ctx32768_tok16384_b2,v4_social_signal_experiment_v4_prompt_think_false_v4full965_gemma4_26b_social_signal_v9_f1_balanced_nothink_json_ctx32768_tok16384_b2.csv,v4_social_signal,gemma4:26b,b76e73e5362e,0.55,706,691,1290,1.8271954674220963,0.44573643410852715,0.8321273516642547,0.5805148914689551,0.512985712105124,0.5591730743288816,0.8006088280060882,0.9740740740740741,0.8788638262322472,131,14,0
v4_social_signal_experiment_v4_prompt_think_false_v4full965_gemma4_26b_social_signal_v9_f1_balanced_nothink_json_ctx32768_tok16384_b2,v4_social_signal_experiment_v4_prompt_think_false_v4full965_gemma4_26b_social_signal_v9_f1_balanced_nothink_json_ctx32768_tok16384_b2.csv,v4_social_signal,gemma4:26b,b76e73e5362e,0.60,706,691,1290,1.8271954674220963,0.44573643410852715,0.8321273516642547,0.5805148914689551,0.512985712105124,0.5591730743288816,0.8006088280060882,0.9740740740740741,0.8788638262322472,131,14,0
v4_social_signal_experiment_v4_prompt_think_true_gemma4_e4b_direct_core_gold_fewshot_v5_think_ctx16384_tok16384_n237,v4_social_signal_experiment_v4_prompt_think_true_gemma4_e4b_direct_core_gold_fewshot_v5_think_ctx16384_tok16384_n237.csv,v4_social_signal,gemma4:e4b,eddf7962ae1b,0.85,237,225,275,1.160337552742616,0.5272727272727272,0.6444444444444445,0.58,0.32220506190068654,0.5828410689170183,0.8166666666666667,0.875,0.8448275862068966,33,21,36
v4_social_signal_experiment_v4_prompt_think_true_gemma4_e4b_direct_core_clean_fewshot_v6_think_ctx16384_tok16384_n237,v4_social_signal_experiment_v4_prompt_think_true_gemma4_e4b_direct_core_clean_fewshot_v6_think_ctx16384_tok16384_n237.csv,v4_social_signal,gemma4:e4b,056d41029030,0.80,237,225,255,1.0759493670886076,0.5450980392156862,0.6177777777777778,0.5791666666666667,0.3506580946549355,0.5753867791842475,0.7944444444444444,0.8511904761904762,0.8218390804597702,37,25,72
v4_social_signal_experiment_v4_prompt_think_false_gemma4_26b_ctx32k_tok8k_b1_search237,v4_social_signal_experiment_v4_prompt_think_false_gemma4_26b_ctx32k_tok8k_b1_search237.csv,v4_social_signal,gemma4:26b,c1902992d91d,0.60,237,252,204,0.8607594936708861,0.6470588235294118,0.5238095238095238,0.5789473684210527,0.5336628917817497,0.5666867590918224,0.9516129032258065,0.6483516483516484,0.7712418300653595,6,64,0
v4_social_signal_experiment_v4_prompt_think_false_gemma4_26b_direct_core_targeted_v7_nothink_ctx32768_tok16384_b2_n237,v4_social_signal_experiment_v4_prompt_think_false_gemma4_26b_direct_core_targeted_v7_nothink_ctx32768_tok16384_b2_n237.csv,v4_social_signal,gemma4:26b,2dd95acd11e6,default,237,225,390,1.6455696202531647,0.4564102564102564,0.7911111111111111,0.5788617886178862,0.47078129955248604,0.5525015069318866,0.7579908675799086,0.9880952380952381,0.8578811369509044,53,2,0
v4_social_signal_experiment_v4_prompt_think_false_gemma4_26b_direct_core_targeted_v7_nothink_ctx32768_tok16384_b2_n237,v4_social_signal_experiment_v4_prompt_think_false_gemma4_26b_direct_core_targeted_v7_nothink_ctx32768_tok16384_b2_n237.csv,v4_social_signal,gemma4:26b,2dd95acd11e6,0.05,237,225,390,1.6455696202531647,0.4564102564102564,0.7911111111111111,0.5788617886178862,0.47078129955248604,0.5525015069318866,0.7579908675799086,0.9880952380952381,0.8578811369509044,53,2,0
v4_social_signal_experiment_v4_prompt_think_false_gemma4_26b_direct_core_targeted_v7_nothink_ctx32768_tok16384_b2_n237,v4_social_signal_experiment_v4_prompt_think_false_gemma4_26b_direct_core_targeted_v7_nothink_ctx32768_tok16384_b2_n237.csv,v4_social_signal,gemma4:26b,2dd95acd11e6,0.10,237,225,390,1.6455696202531647,0.4564102564102564,0.7911111111111111,0.5788617886178862,0.47078129955248604,0.5525015069318866,0.7579908675799086,0.9880952380952381,0.8578811369509044,53,2,0
v4_social_signal_experiment_v4_prompt_think_false_gemma4_26b_direct_core_targeted_v7_nothink_ctx32768_tok16384_b2_n237,v4_social_signal_experiment_v4_prompt_think_false_gemma4_26b_direct_core_targeted_v7_nothink_ctx32768_tok16384_b2_n237.csv,v4_social_signal,gemma4:26b,2dd95acd11e6,0.15,237,225,390,1.6455696202531647,0.4564102564102564,0.7911111111111111,0.5788617886178862,0.47078129955248604,0.5525015069318866,0.7579908675799086,0.9880952380952381,0.8578811369509044,53,2,0
v4_social_signal_experiment_v4_prompt_think_false_gemma4_26b_direct_core_targeted_v7_nothink_ctx32768_tok16384_b2_n237,v4_social_signal_experiment_v4_prompt_think_false_gemma4_26b_direct_core_targeted_v7_nothink_ctx32768_tok16384_b2_n237.csv,v4_social_signal,gemma4:26b,2dd95acd11e6,0.20,237,225,390,1.6455696202531647,0.4564102564102564,0.7911111111111111,0.5788617886178862,0.47078129955248604,0.5525015069318866,0.7579908675799086,0.9880952380952381,0.8578811369509044,53,2,0
v4_social_signal_experiment_v4_prompt_think_false_gemma4_26b_direct_core_targeted_v7_nothink_ctx32768_tok16384_b2_n237,v4_social_signal_experiment_v4_prompt_think_false_gemma4_26b_direct_core_targeted_v7_nothink_ctx32768_tok16384_b2_n237.csv,v4_social_signal,gemma4:26b,2dd95acd11e6,0.25,237,225,390,1.6455696202531647,0.4564102564102564,0.7911111111111111,0.5788617886178862,0.47078129955248604,0.5525015069318866,0.7579908675799086,0.9880952380952381,0.8578811369509044,53,2,0
v4_social_signal_experiment_v4_prompt_think_false_gemma4_26b_direct_core_targeted_v7_nothink_ctx32768_tok16384_b2_n237,v4_social_signal_experiment_v4_prompt_think_false_gemma4_26b_direct_core_targeted_v7_nothink_ctx32768_tok16384_b2_n237.csv,v4_social_signal,gemma4:26b,2dd95acd11e6,0.30,237,225,390,1.6455696202531647,0.4564102564102564,0.7911111111111111,0.5788617886178862,0.47078129955248604,0.5525015069318866,0.7579908675799086,0.9880952380952381,0.8578811369509044,53,2,0
v4_social_signal_experiment_v4_prompt_think_false_gemma4_26b_direct_core_targeted_v7_nothink_ctx32768_tok16384_b2_n237,v4_social_signal_experiment_v4_prompt_think_false_gemma4_26b_direct_core_targeted_v7_nothink_ctx32768_tok16384_b2_n237.csv,v4_social_signal,gemma4:26b,2dd95acd11e6,0.35,237,225,390,1.6455696202531647,0.4564102564102564,0.7911111111111111,0.5788617886178862,0.47078129955248604,0.5525015069318866,0.7579908675799086,0.9880952380952381,0.8578811369509044,53,2,0
v4_social_signal_experiment_v4_prompt_think_false_gemma4_26b_direct_core_targeted_v7_nothink_ctx32768_tok16384_b2_n237,v4_social_signal_experiment_v4_prompt_think_false_gemma4_26b_direct_core_targeted_v7_nothink_ctx32768_tok16384_b2_n237.csv,v4_social_signal,gemma4:26b,2dd95acd11e6,0.40,237,225,390,1.6455696202531647,0.4564102564102564,0.7911111111111111,0.5788617886178862,0.47078129955248604,0.5525015069318866,0.7579908675799086,0.9880952380952381,0.8578811369509044,53,2,0
v4_social_signal_experiment_v4_prompt_think_false_gemma4_26b_direct_core_targeted_v7_nothink_ctx32768_tok16384_b2_n237,v4_social_signal_experiment_v4_prompt_think_false_gemma4_26b_direct_core_targeted_v7_nothink_ctx32768_tok16384_b2_n237.csv,v4_social_signal,gemma4:26b,2dd95acd11e6,0.45,237,225,390,1.6455696202531647,0.4564102564102564,0.7911111111111111,0.5788617886178862,0.47078129955248604,0.5525015069318866,0.7579908675799086,0.9880952380952381,0.8578811369509044,53,2,0
v4_social_signal_experiment_v4_prompt_think_false_gemma4_26b_direct_core_targeted_v7_nothink_ctx32768_tok16384_b2_n237,v4_social_signal_experiment_v4_prompt_think_false_gemma4_26b_direct_core_targeted_v7_nothink_ctx32768_tok16384_b2_n237.csv,v4_social_signal,gemma4:26b,2dd95acd11e6,0.50,237,225,390,1.6455696202531647,0.4564102564102564,0.7911111111111111,0.5788617886178862,0.47078129955248604,0.5525015069318866,0.7579908675799086,0.9880952380952381,0.8578811369509044,53,2,0
v4_social_signal_experiment_v4_prompt_think_false_gemma4_26b_direct_core_targeted_v7_nothink_ctx32768_tok16384_b2_n237,v4_social_signal_experiment_v4_prompt_think_false_gemma4_26b_direct_core_targeted_v7_nothink_ctx32768_tok16384_b2_n237.csv,v4_social_signal,gemma4:26b,2dd95acd11e6,0.55,237,225,390,1.6455696202531647,0.4564102564102564,0.7911111111111111,0.5788617886178862,0.47078129955248604,0.5525015069318866,0.7579908675799086,0.9880952380952381,0.8578811369509044,53,2,0
v4_social_signal_experiment_v4_prompt_think_false_gemma4_26b_direct_core_targeted_v7_nothink_ctx32768_tok16384_b2_n237,v4_social_signal_experiment_v4_prompt_think_false_gemma4_26b_direct_core_targeted_v7_nothink_ctx32768_tok16384_b2_n237.csv,v4_social_signal,gemma4:26b,2dd95acd11e6,0.60,237,225,390,1.6455696202531647,0.4564102564102564,0.7911111111111111,0.5788617886178862,0.47078129955248604,0.5525015069318866,0.7579908675799086,0.9880952380952381,0.8578811369509044,53,2,0
v4_social_signal_experiment_v4_prompt_think_true_gemma4_e4b_direct_core_filtered_v3_think_ctx16384_tok16384_n237,v4_social_signal_experiment_v4_prompt_think_true_gemma4_e4b_direct_core_filtered_v3_think_ctx16384_tok16384_n237.csv,v4_social_signal,gemma4:e4b,e6338721a595,default,237,225,297,1.2531645569620253,0.5084175084175084,0.6711111111111111,0.578544061302682,0.3055606926193306,0.540225035161744,0.7453703703703703,0.9583333333333334,0.8385416666666666,55,7,0
v4_social_signal_experiment_v4_prompt_think_true_gemma4_e4b_direct_core_filtered_v3_think_ctx16384_tok16384_n237,v4_social_signal_experiment_v4_prompt_think_true_gemma4_e4b_direct_core_filtered_v3_think_ctx16384_tok16384_n237.csv,v4_social_signal,gemma4:e4b,e6338721a595,0.05,237,225,297,1.2531645569620253,0.5084175084175084,0.6711111111111111,0.578544061302682,0.3055606926193306,0.540225035161744,0.7453703703703703,0.9583333333333334,0.8385416666666666,55,7,0
v4_social_signal_experiment_v4_prompt_think_true_gemma4_e4b_direct_core_filtered_v3_think_ctx16384_tok16384_n237,v4_social_signal_experiment_v4_prompt_think_true_gemma4_e4b_direct_core_filtered_v3_think_ctx16384_tok16384_n237.csv,v4_social_signal,gemma4:e4b,e6338721a595,0.10,237,225,297,1.2531645569620253,0.5084175084175084,0.6711111111111111,0.578544061302682,0.3055606926193306,0.540225035161744,0.7453703703703703,0.9583333333333334,0.8385416666666666,55,7,0
v4_social_signal_experiment_v4_prompt_think_true_gemma4_e4b_direct_core_filtered_v3_think_ctx16384_tok16384_n237,v4_social_signal_experiment_v4_prompt_think_true_gemma4_e4b_direct_core_filtered_v3_think_ctx16384_tok16384_n237.csv,v4_social_signal,gemma4:e4b,e6338721a595,0.15,237,225,297,1.2531645569620253,0.5084175084175084,0.6711111111111111,0.578544061302682,0.3055606926193306,0.540225035161744,0.7453703703703703,0.9583333333333334,0.8385416666666666,55,7,0
v4_social_signal_experiment_v4_prompt_think_true_gemma4_e4b_direct_core_filtered_v3_think_ctx16384_tok16384_n237,v4_social_signal_experiment_v4_prompt_think_true_gemma4_e4b_direct_core_filtered_v3_think_ctx16384_tok16384_n237.csv,v4_social_signal,gemma4:e4b,e6338721a595,0.20,237,225,297,1.2531645569620253,0.5084175084175084,0.6711111111111111,0.578544061302682,0.3055606926193306,0.540225035161744,0.7453703703703703,0.9583333333333334,0.8385416666666666,55,7,0
v4_social_signal_experiment_v4_prompt_think_true_gemma4_e4b_direct_core_filtered_v3_think_ctx16384_tok16384_n237,v4_social_signal_experiment_v4_prompt_think_true_gemma4_e4b_direct_core_filtered_v3_think_ctx16384_tok16384_n237.csv,v4_social_signal,gemma4:e4b,e6338721a595,0.25,237,225,297,1.2531645569620253,0.5084175084175084,0.6711111111111111,0.578544061302682,0.3055606926193306,0.540225035161744,0.7453703703703703,0.9583333333333334,0.8385416666666666,55,7,0
v4_social_signal_experiment_v4_prompt_think_true_gemma4_e4b_direct_core_filtered_v3_think_ctx16384_tok16384_n237,v4_social_signal_experiment_v4_prompt_think_true_gemma4_e4b_direct_core_filtered_v3_think_ctx16384_tok16384_n237.csv,v4_social_signal,gemma4:e4b,e6338721a595,0.30,237,225,297,1.2531645569620253,0.5084175084175084,0.6711111111111111,0.578544061302682,0.3055606926193306,0.540225035161744,0.7453703703703703,0.9583333333333334,0.8385416666666666,55,7,0
v4_social_signal_experiment_v4_prompt_think_true_gemma4_e4b_direct_core_filtered_v3_think_ctx16384_tok16384_n237,v4_social_signal_experiment_v4_prompt_think_true_gemma4_e4b_direct_core_filtered_v3_think_ctx16384_tok16384_n237.csv,v4_social_signal,gemma4:e4b,e6338721a595,0.35,237,225,297,1.2531645569620253,0.5084175084175084,0.6711111111111111,0.578544061302682,0.3055606926193306,0.540225035161744,0.7453703703703703,0.9583333333333334,0.8385416666666666,55,7,0
v4_social_signal_experiment_v4_prompt_think_true_gemma4_e4b_direct_core_filtered_v3_think_ctx16384_tok16384_n237,v4_social_signal_experiment_v4_prompt_think_true_gemma4_e4b_direct_core_filtered_v3_think_ctx16384_tok16384_n237.csv,v4_social_signal,gemma4:e4b,e6338721a595,0.40,237,225,297,1.2531645569620253,0.5084175084175084,0.6711111111111111,0.578544061302682,0.3055606926193306,0.540225035161744,0.7453703703703703,0.9583333333333334,0.8385416666666666,55,7,0
v4_social_signal_experiment_v4_prompt_think_true_gemma4_e4b_direct_core_filtered_v3_think_ctx16384_tok16384_n237,v4_social_signal_experiment_v4_prompt_think_true_gemma4_e4b_direct_core_filtered_v3_think_ctx16384_tok16384_n237.csv,v4_social_signal,gemma4:e4b,e6338721a595,0.45,237,225,297,1.2531645569620253,0.5084175084175084,0.6711111111111111,0.578544061302682,0.3055606926193306,0.540225035161744,0.7453703703703703,0.9583333333333334,0.8385416666666666,55,7,0
v4_social_signal_experiment_v4_prompt_think_true_gemma4_e4b_direct_core_filtered_v3_think_ctx16384_tok16384_n237,v4_social_signal_experiment_v4_prompt_think_true_gemma4_e4b_direct_core_filtered_v3_think_ctx16384_tok16384_n237.csv,v4_social_signal,gemma4:e4b,e6338721a595,0.50,237,225,297,1.2531645569620253,0.5084175084175084,0.6711111111111111,0.578544061302682,0.3055606926193306,0.540225035161744,0.7453703703703703,0.9583333333333334,0.8385416666666666,55,7,0
v4_social_signal_experiment_v4_prompt_think_true_gemma4_e4b_direct_core_filtered_v3_think_ctx16384_tok16384_n237,v4_social_signal_experiment_v4_prompt_think_true_gemma4_e4b_direct_core_filtered_v3_think_ctx16384_tok16384_n237.csv,v4_social_signal,gemma4:e4b,e6338721a595,0.55,237,225,297,1.2531645569620253,0.5084175084175084,0.6711111111111111,0.578544061302682,0.3055606926193306,0.540225035161744,0.7453703703703703,0.9583333333333334,0.8385416666666666,55,7,0
v4_social_signal_experiment_v4_prompt_think_true_gemma4_e4b_direct_core_filtered_v3_think_ctx16384_tok16384_n237,v4_social_signal_experiment_v4_prompt_think_true_gemma4_e4b_direct_core_filtered_v3_think_ctx16384_tok16384_n237.csv,v4_social_signal,gemma4:e4b,e6338721a595,0.60,237,225,297,1.2531645569620253,0.5084175084175084,0.6711111111111111,0.578544061302682,0.3055606926193306,0.540225035161744,0.7453703703703703,0.9583333333333334,0.8385416666666666,55,7,0
v4_social_signal_experiment_v4_prompt_think_true_gemma4_e4b_direct_core_filtered_v3_think_ctx16384_tok16384_n237,v4_social_signal_experiment_v4_prompt_think_true_gemma4_e4b_direct_core_filtered_v3_think_ctx16384_tok16384_n237.csv,v4_social_signal,gemma4:e4b,e6338721a595,0.75,237,225,259,1.0928270042194093,0.5405405405405406,0.6222222222222222,0.5785123966942148,0.3010716333787125,0.5767932489451476,0.7978723404255319,0.8928571428571429,0.8426966292134831,38,18,0
v3_social_signal_experiment_social_signal_v5_think_false_qwen35_9b_v5_b1_search237,v3_social_signal_experiment_social_signal_v5_think_false_qwen35_9b_v5_b1_search237.csv,v3_social_signal,qwen35-9b,b70f408920e6,0.65,237,252,223,0.9409282700421941,0.6143497757847534,0.5436507936507936,0.5768421052631579,0.4262636301978916,0.5932489451476793,0.8953488372093024,0.8461538461538461,0.8700564971751412,18,28,0
v3_social_signal_experiment_social_signal_v5_think_false_qwen35_9b_v5_b1_search237,v3_social_signal_experiment_social_signal_v5_think_false_qwen35_9b_v5_b1_search237.csv,v3_social_signal,qwen35-9b,b70f408920e6,0.70,237,252,223,0.9409282700421941,0.6143497757847534,0.5436507936507936,0.5768421052631579,0.4262636301978916,0.5932489451476793,0.8953488372093024,0.8461538461538461,0.8700564971751412,18,28,0
v3_social_signal_experiment_social_signal_v5_think_false_qwen35_9b_v5_b1_search237,v3_social_signal_experiment_social_signal_v5_think_false_qwen35_9b_v5_b1_search237.csv,v3_social_signal,qwen35-9b,b70f408920e6,0.75,237,252,223,0.9409282700421941,0.6143497757847534,0.5436507936507936,0.5768421052631579,0.4262636301978916,0.5932489451476793,0.8953488372093024,0.8461538461538461,0.8700564971751412,18,28,0
v3_social_signal_experiment_social_signal_v5_think_false_qwen35_9b_v5_b1_search237,v3_social_signal_experiment_social_signal_v5_think_false_qwen35_9b_v5_b1_search237.csv,v3_social_signal,qwen35-9b,b70f408920e6,0.80,237,252,223,0.9409282700421941,0.6143497757847534,0.5436507936507936,0.5768421052631579,0.4262636301978916,0.5932489451476793,0.8953488372093024,0.8461538461538461,0.8700564971751412,18,28,0
v4_social_signal_experiment_v4_prompt_think_true_gemma4_e4b_direct_core_balanced_v8_think_ctx16384_tok16384_n237,v4_social_signal_experiment_v4_prompt_think_true_gemma4_e4b_direct_core_balanced_v8_think_ctx16384_tok16384_n237.csv,v4_social_signal,gemma4:e4b,30f112043f94,0.80,237,225,303,1.2784810126582278,0.5016501650165016,0.6755555555555556,0.5757575757575758,0.39040738434076444,0.5566807313642756,0.7684729064039408,0.9285714285714286,0.8409703504043127,47,12,72
v4_social_signal_experiment_v4_prompt_think_true_gemma4_e4b_direct_core_clean_fewshot_v6_think_ctx16384_tok16384_n237,v4_social_signal_experiment_v4_prompt_think_true_gemma4_e4b_direct_core_clean_fewshot_v6_think_ctx16384_tok16384_n237.csv,v4_social_signal,gemma4:e4b,056d41029030,0.90,237,225,186,0.7848101265822784,0.6344086021505376,0.5244444444444445,0.5742092457420924,0.24700687032265983,0.5970464135021097,0.8311688311688312,0.7619047619047619,0.7950310559006211,26,40,72
v4_social_signal_experiment_v4_prompt_think_false_v4full965_qwen36_35b_iq3_social_signal_v9_f1_balanced_nothink_json_ctx32768_tok16384_b2.partial,v4_social_signal_experiment_v4_prompt_think_false_v4full965_qwen36_35b_iq3_social_signal_v9_f1_balanced_nothink_json_ctx32768_tok16384_b2.partial.csv,v4_social_signal,qwen3.6-35b:iq3,65fc92f0ecc6,0.75,242,228,338,1.396694214876033,0.47928994082840237,0.7105263157894737,0.5724381625441696,0.4449722349279073,0.5202676111767022,0.7441860465116279,0.9411764705882353,0.8311688311688312,55,10,0
v4_social_signal_experiment_v4_prompt_think_true_oldgold_gemma4_26b_high_recall_minimal_v2_think_nojson_guard2_ctx32768_tok8192_b1_pilot30,v4_social_signal_experiment_v4_prompt_think_true_oldgold_gemma4_26b_high_recall_minimal_v2_think_nojson_guard2_ctx32768_tok8192_b1_pilot30.csv,v4_social_signal,gemma4:26b,a896f3b0d57b,default,30,22,48,1.6,0.4166666666666667,0.9090909090909091,0.5714285714285714,0.7151515151515151,0.5488888888888889,0.72,0.9473684210526315,0.8181818181818182,7,1,72
v4_social_signal_experiment_v4_prompt_think_true_oldgold_gemma4_26b_high_recall_minimal_v2_think_nojson_guard2_ctx32768_tok8192_b1_pilot30,v4_social_signal_experiment_v4_prompt_think_true_oldgold_gemma4_26b_high_recall_minimal_v2_think_nojson_guard2_ctx32768_tok8192_b1_pilot30.csv,v4_social_signal,gemma4:26b,a896f3b0d57b,0.05,30,22,48,1.6,0.4166666666666667,0.9090909090909091,0.5714285714285714,0.7151515151515151,0.5488888888888889,0.72,0.9473684210526315,0.8181818181818182,7,1,72
v4_social_signal_experiment_v4_prompt_think_true_oldgold_gemma4_26b_high_recall_minimal_v2_think_nojson_guard2_ctx32768_tok8192_b1_pilot30,v4_social_signal_experiment_v4_prompt_think_true_oldgold_gemma4_26b_high_recall_minimal_v2_think_nojson_guard2_ctx32768_tok8192_b1_pilot30.csv,v4_social_signal,gemma4:26b,a896f3b0d57b,0.10,30,22,48,1.6,0.4166666666666667,0.9090909090909091,0.5714285714285714,0.7151515151515151,0.5488888888888889,0.72,0.9473684210526315,0.8181818181818182,7,1,72
v4_social_signal_experiment_v4_prompt_think_true_oldgold_gemma4_26b_high_recall_minimal_v2_think_nojson_guard2_ctx32768_tok8192_b1_pilot30,v4_social_signal_experiment_v4_prompt_think_true_oldgold_gemma4_26b_high_recall_minimal_v2_think_nojson_guard2_ctx32768_tok8192_b1_pilot30.csv,v4_social_signal,gemma4:26b,a896f3b0d57b,0.15,30,22,48,1.6,0.4166666666666667,0.9090909090909091,0.5714285714285714,0.7151515151515151,0.5488888888888889,0.72,0.9473684210526315,0.8181818181818182,7,1,72
v4_social_signal_experiment_v4_prompt_think_true_oldgold_gemma4_26b_high_recall_minimal_v2_think_nojson_guard2_ctx32768_tok8192_b1_pilot30,v4_social_signal_experiment_v4_prompt_think_true_oldgold_gemma4_26b_high_recall_minimal_v2_think_nojson_guard2_ctx32768_tok8192_b1_pilot30.csv,v4_social_signal,gemma4:26b,a896f3b0d57b,0.20,30,22,48,1.6,0.4166666666666667,0.9090909090909091,0.5714285714285714,0.7151515151515151,0.5488888888888889,0.72,0.9473684210526315,0.8181818181818182,7,1,72
v4_social_signal_experiment_v4_prompt_think_true_oldgold_gemma4_26b_high_recall_minimal_v2_think_nojson_guard2_ctx32768_tok8192_b1_pilot30,v4_social_signal_experiment_v4_prompt_think_true_oldgold_gemma4_26b_high_recall_minimal_v2_think_nojson_guard2_ctx32768_tok8192_b1_pilot30.csv,v4_social_signal,gemma4:26b,a896f3b0d57b,0.25,30,22,48,1.6,0.4166666666666667,0.9090909090909091,0.5714285714285714,0.7151515151515151,0.5488888888888889,0.72,0.9473684210526315,0.8181818181818182,7,1,72
v4_social_signal_experiment_v4_prompt_think_true_oldgold_gemma4_26b_high_recall_minimal_v2_think_nojson_guard2_ctx32768_tok8192_b1_pilot30,v4_social_signal_experiment_v4_prompt_think_true_oldgold_gemma4_26b_high_recall_minimal_v2_think_nojson_guard2_ctx32768_tok8192_b1_pilot30.csv,v4_social_signal,gemma4:26b,a896f3b0d57b,0.30,30,22,48,1.6,0.4166666666666667,0.9090909090909091,0.5714285714285714,0.7151515151515151,0.5488888888888889,0.72,0.9473684210526315,0.8181818181818182,7,1,72
v4_social_signal_experiment_v4_prompt_think_false_v4full965_gemma4_26b_high_recall_minimal_v2_nothink_json_ctx32768_tok16384_b2.partial,v4_social_signal_experiment_v4_prompt_think_false_v4full965_gemma4_26b_high_recall_minimal_v2_nothink_json_ctx32768_tok16384_b2.partial.csv,v4_social_signal,gemma4:26b,0a2e5abeca01,default,78,60,122,1.564102564102564,0.4262295081967213,0.8666666666666667,0.5714285714285714,0.5678713247536777,0.50006105006105,0.6666666666666666,1.0,0.8,25,0,0
v4_social_signal_experiment_v4_prompt_think_false_v4full965_gemma4_26b_high_recall_minimal_v2_nothink_json_ctx32768_tok16384_b2.partial,v4_social_signal_experiment_v4_prompt_think_false_v4full965_gemma4_26b_high_recall_minimal_v2_nothink_json_ctx32768_tok16384_b2.partial.csv,v4_social_signal,gemma4:26b,0a2e5abeca01,0.05,78,60,122,1.564102564102564,0.4262295081967213,0.8666666666666667,0.5714285714285714,0.5678713247536777,0.50006105006105,0.6666666666666666,1.0,0.8,25,0,0
v4_social_signal_experiment_v4_prompt_think_false_v4full965_gemma4_26b_high_recall_minimal_v2_nothink_json_ctx32768_tok16384_b2.partial,v4_social_signal_experiment_v4_prompt_think_false_v4full965_gemma4_26b_high_recall_minimal_v2_nothink_json_ctx32768_tok16384_b2.partial.csv,v4_social_signal,gemma4:26b,0a2e5abeca01,0.10,78,60,122,1.564102564102564,0.4262295081967213,0.8666666666666667,0.5714285714285714,0.5678713247536777,0.50006105006105,0.6666666666666666,1.0,0.8,25,0,0
v4_social_signal_experiment_v4_prompt_think_false_v4full965_gemma4_26b_high_recall_minimal_v2_nothink_json_ctx32768_tok16384_b2.partial,v4_social_signal_experiment_v4_prompt_think_false_v4full965_gemma4_26b_high_recall_minimal_v2_nothink_json_ctx32768_tok16384_b2.partial.csv,v4_social_signal,gemma4:26b,0a2e5abeca01,0.15,78,60,122,1.564102564102564,0.4262295081967213,0.8666666666666667,0.5714285714285714,0.5678713247536777,0.50006105006105,0.6666666666666666,1.0,0.8,25,0,0
v4_social_signal_experiment_v4_prompt_think_false_v4full965_gemma4_26b_high_recall_minimal_v2_nothink_json_ctx32768_tok16384_b2.partial,v4_social_signal_experiment_v4_prompt_think_false_v4full965_gemma4_26b_high_recall_minimal_v2_nothink_json_ctx32768_tok16384_b2.partial.csv,v4_social_signal,gemma4:26b,0a2e5abeca01,0.20,78,60,122,1.564102564102564,0.4262295081967213,0.8666666666666667,0.5714285714285714,0.5678713247536777,0.50006105006105,0.6666666666666666,1.0,0.8,25,0,0
v4_social_signal_experiment_v4_prompt_think_false_v4full965_gemma4_26b_high_recall_minimal_v2_nothink_json_ctx32768_tok16384_b2.partial,v4_social_signal_experiment_v4_prompt_think_false_v4full965_gemma4_26b_high_recall_minimal_v2_nothink_json_ctx32768_tok16384_b2.partial.csv,v4_social_signal,gemma4:26b,0a2e5abeca01,0.25,78,60,122,1.564102564102564,0.4262295081967213,0.8666666666666667,0.5714285714285714,0.5678713247536777,0.50006105006105,0.6666666666666666,1.0,0.8,25,0,0
v4_social_signal_experiment_v4_prompt_think_false_v4full965_gemma4_26b_high_recall_minimal_v2_nothink_json_ctx32768_tok16384_b2.partial,v4_social_signal_experiment_v4_prompt_think_false_v4full965_gemma4_26b_high_recall_minimal_v2_nothink_json_ctx32768_tok16384_b2.partial.csv,v4_social_signal,gemma4:26b,0a2e5abeca01,0.30,78,60,122,1.564102564102564,0.4262295081967213,0.8666666666666667,0.5714285714285714,0.5678713247536777,0.50006105006105,0.6666666666666666,1.0,0.8,25,0,0
v4_social_signal_experiment_v4_prompt_think_false_v4full965_qwen36_35b_iq4_social_signal_v9_f1_balanced_nothink_json_ctx32768_tok16384_b2.partial,v4_social_signal_experiment_v4_prompt_think_false_v4full965_qwen36_35b_iq4_social_signal_v9_f1_balanced_nothink_json_ctx32768_tok16384_b2.partial.csv,v4_social_signal,qwen3.6-35b:iq4,a1314553cd3e,0.85,8,5,9,1.125,0.4444444444444444,0.8,0.5714285714285714,0.6799999999999999,0.4375,0.42857142857142855,1.0,0.6,4,0,0
v4_social_signal_experiment_v4_prompt_think_true_gemma4_e4b_direct_core_gold_calibrated_v4_think_ctx16384_tok16384_n237,v4_social_signal_experiment_v4_prompt_think_true_gemma4_e4b_direct_core_gold_calibrated_v4_think_ctx16384_tok16384_n237.csv,v4_social_signal,gemma4:e4b,f6c7bb0790fa,0.90,237,225,157,0.6624472573839663,0.6942675159235668,0.48444444444444446,0.5706806282722513,0.20048566357389888,0.5891701828410689,0.8809523809523809,0.6607142857142857,0.7551020408163265,15,57,0
v4_social_signal_experiment_v4_prompt_think_true_gemma4_e4b_direct_core_gold_calibrated_v4_think_ctx16384_tok16384_n237,v4_social_signal_experiment_v4_prompt_think_true_gemma4_e4b_direct_core_gold_calibrated_v4_think_ctx16384_tok16384_n237.csv,v4_social_signal,gemma4:e4b,f6c7bb0790fa,0.75,237,225,294,1.240506329113924,0.5034013605442177,0.6577777777777778,0.5703275529865125,0.4029880042380042,0.5745428973277075,0.8031914893617021,0.8988095238095238,0.848314606741573,37,17,0
v4_social_signal_experiment_v4_prompt_think_true_gemma4_e4b_direct_core_clean_fewshot_v6_think_ctx16384_tok16384_n237,v4_social_signal_experiment_v4_prompt_think_true_gemma4_e4b_direct_core_clean_fewshot_v6_think_ctx16384_tok16384_n237.csv,v4_social_signal,gemma4:e4b,056d41029030,0.85,237,225,217,0.9156118143459916,0.5806451612903226,0.56,0.5701357466063348,0.24545130657094022,0.5834036568213783,0.8209876543209876,0.7916666666666666,0.806060606060606,29,35,72
v4_social_signal_experiment_v4_prompt_think_true_gemma4_e4b_direct_core_gold_calibrated_v4_think_ctx16384_tok16384_n237,v4_social_signal_experiment_v4_prompt_think_true_gemma4_e4b_direct_core_gold_calibrated_v4_think_ctx16384_tok16384_n237.csv,v4_social_signal,gemma4:e4b,f6c7bb0790fa,0.85,237,225,207,0.8734177215189873,0.5942028985507246,0.5466666666666666,0.5694444444444444,0.30289078414172915,0.5859353023909987,0.8561643835616438,0.7440476190476191,0.7961783439490446,21,43,0
v4_social_signal_experiment_v4_prompt_think_false_gemma4_26b_ctx32k_tok8k_b1_search237,v4_social_signal_experiment_v4_prompt_think_false_gemma4_26b_ctx32k_tok8k_b1_search237.csv,v4_social_signal,gemma4:26b,c1902992d91d,0.65,237,252,192,0.810126582278481,0.65625,0.5,0.5675675675675675,0.5311026484348991,0.5596544102873218,0.9508196721311475,0.6373626373626373,0.7631578947368421,6,66,0
v4_social_signal_experiment_v4_prompt_think_true_v4pilot60_gemma4_26b_social_signal_v9_f1_balanced_think_nojson_guard2_ctx32768_tok8192_b1,v4_social_signal_experiment_v4_prompt_think_true_v4pilot60_gemma4_26b_social_signal_v9_f1_balanced_think_nojson_guard2_ctx32768_tok8192_b1.csv,v4_social_signal,gemma4:26b,78d98a686ffa,0.75,41,37,30,0.7317073170731707,0.6333333333333333,0.5135135135135135,0.5671641791044776,0.32976190476190476,0.556910569105691,0.8181818181818182,0.6206896551724138,0.7058823529411765,4,11,216
v4_social_signal_experiment_v4_prompt_think_false_gemma4_26b_ctx32k_tok8k_b1_search237,v4_social_signal_experiment_v4_prompt_think_false_gemma4_26b_ctx32k_tok8k_b1_search237.csv,v4_social_signal,gemma4:26b,c1902992d91d,0.70,237,252,172,0.7257383966244726,0.6976744186046512,0.47619047619047616,0.5660377358490566,0.5244498070954793,0.5568213783403657,0.9727272727272728,0.5879120879120879,0.7328767123287672,3,75,0
v3_social_signal_experiment_social_signal_v5_think_false_qwen35_9b_v5_b1_search237,v3_social_signal_experiment_social_signal_v5_think_false_qwen35_9b_v5_b1_search237.csv,v3_social_signal,qwen35-9b,b70f408920e6,0.35,237,252,448,1.890295358649789,0.4419642857142857,0.7857142857142857,0.5657142857142857,0.4934602694417739,0.5670886075949368,0.8365384615384616,0.9560439560439561,0.8923076923076924,34,8,0
v3_social_signal_experiment_social_signal_v5_think_false_qwen35_9b_v5_b1_search237,v3_social_signal_experiment_social_signal_v5_think_false_qwen35_9b_v5_b1_search237.csv,v3_social_signal,qwen35-9b,b70f408920e6,0.40,237,252,448,1.890295358649789,0.4419642857142857,0.7857142857142857,0.5657142857142857,0.4934602694417739,0.5670886075949368,0.8365384615384616,0.9560439560439561,0.8923076923076924,34,8,0
v4_social_signal_experiment_v4_prompt_think_true_gemma4_e4b_direct_core_gold_fewshot_v5_think_ctx16384_tok16384_n237,v4_social_signal_experiment_v4_prompt_think_true_gemma4_e4b_direct_core_gold_fewshot_v5_think_ctx16384_tok16384_n237.csv,v4_social_signal,gemma4:e4b,eddf7962ae1b,0.80,237,225,327,1.379746835443038,0.47706422018348627,0.6933333333333334,0.5652173913043478,0.33678277917795896,0.5655414908579467,0.796875,0.9107142857142857,0.85,39,15,36
v3_social_signal_experiment_social_signal_v5_think_false_qwen35_9b_v5_b1_search237,v3_social_signal_experiment_social_signal_v5_think_false_qwen35_9b_v5_b1_search237.csv,v3_social_signal,qwen35-9b,b70f408920e6,0.85,237,252,201,0.8481012658227848,0.6368159203980099,0.5079365079365079,0.565121412803532,0.3954576903975349,0.5905766526019689,0.8953488372093024,0.8461538461538461,0.8700564971751412,18,28,0
v3_social_signal_experiment_social_signal_v5_think_false_qwen35_9b_v5_b1_search237,v3_social_signal_experiment_social_signal_v5_think_false_qwen35_9b_v5_b1_search237.csv,v3_social_signal,qwen35-9b,b70f408920e6,0.90,237,252,201,0.8481012658227848,0.6368159203980099,0.5079365079365079,0.565121412803532,0.3954576903975349,0.5905766526019689,0.8953488372093024,0.8461538461538461,0.8700564971751412,18,28,0
v4_social_signal_experiment_v4_prompt_think_true_gemma4_e4b_direct_core_balanced_v8_think_ctx16384_tok16384_n237,v4_social_signal_experiment_v4_prompt_think_true_gemma4_e4b_direct_core_balanced_v8_think_ctx16384_tok16384_n237.csv,v4_social_signal,gemma4:e4b,30f112043f94,0.90,237,225,182,0.7679324894514767,0.6318681318681318,0.5111111111111111,0.5651105651105651,0.2753542085957988,0.5648382559774965,0.8188405797101449,0.6726190476190477,0.738562091503268,25,55,72
v4_social_signal_experiment_v4_prompt_think_false_v4pilot60_qwen35_9b_social_signal_v9_f1_balanced_nothink_json_ctx32768_tok16384_b2,v4_social_signal_experiment_v4_prompt_think_false_v4pilot60_qwen35_9b_social_signal_v9_f1_balanced_nothink_json_ctx32768_tok16384_b2.csv,v4_social_signal,qwen35-9b,e9d7fb0bdbab,0.85,41,37,48,1.170731707317073,0.5,0.6486486486486487,0.5647058823529412,0.4752136752136753,0.6292682926829267,0.8666666666666667,0.896551724137931,0.8813559322033898,4,3,0
v3_social_signal_experiment_social_signal_v5_think_false_qwen35_9b_v5_b1_search237,v3_social_signal_experiment_social_signal_v5_think_false_qwen35_9b_v5_b1_search237.csv,v3_social_signal,qwen35-9b,b70f408920e6,0.45,237,252,443,1.869198312236287,0.44243792325056436,0.7777777777777778,0.5640287769784172,0.5018567042819759,0.5645770544504722,0.8365384615384616,0.9560439560439561,0.8923076923076924,34,8,0
v3_social_signal_experiment_social_signal_v5_think_false_qwen35_9b_v5_b1_search237,v3_social_signal_experiment_social_signal_v5_think_false_qwen35_9b_v5_b1_search237.csv,v3_social_signal,qwen35-9b,b70f408920e6,0.50,237,252,443,1.869198312236287,0.44243792325056436,0.7777777777777778,0.5640287769784172,0.5018567042819759,0.5645770544504722,0.8365384615384616,0.9560439560439561,0.8923076923076924,34,8,0
v4_social_signal_experiment_v4_prompt_think_true_v4pilot60_gemma4_26b_high_recall_minimal_v3_think_nojson_guard2_ctx32768_tok8192_b1,v4_social_signal_experiment_v4_prompt_think_true_v4pilot60_gemma4_26b_high_recall_minimal_v3_think_nojson_guard2_ctx32768_tok8192_b1.csv,v4_social_signal,gemma4:26b,a459ae22b30f,default,41,37,73,1.7804878048780488,0.4246575342465753,0.8378378378378378,0.5636363636363636,0.5562334656084656,0.5032520325203252,0.717948717948718,0.9655172413793104,0.8235294117647058,11,1,72
v4_social_signal_experiment_v4_prompt_think_true_v4pilot60_gemma4_26b_high_recall_minimal_v3_think_nojson_guard2_ctx32768_tok8192_b1,v4_social_signal_experiment_v4_prompt_think_true_v4pilot60_gemma4_26b_high_recall_minimal_v3_think_nojson_guard2_ctx32768_tok8192_b1.csv,v4_social_signal,gemma4:26b,a459ae22b30f,0.05,41,37,73,1.7804878048780488,0.4246575342465753,0.8378378378378378,0.5636363636363636,0.5562334656084656,0.5032520325203252,0.717948717948718,0.9655172413793104,0.8235294117647058,11,1,72
v4_social_signal_experiment_v4_prompt_think_true_v4pilot60_gemma4_26b_high_recall_minimal_v3_think_nojson_guard2_ctx32768_tok8192_b1,v4_social_signal_experiment_v4_prompt_think_true_v4pilot60_gemma4_26b_high_recall_minimal_v3_think_nojson_guard2_ctx32768_tok8192_b1.csv,v4_social_signal,gemma4:26b,a459ae22b30f,0.10,41,37,73,1.7804878048780488,0.4246575342465753,0.8378378378378378,0.5636363636363636,0.5562334656084656,0.5032520325203252,0.717948717948718,0.9655172413793104,0.8235294117647058,11,1,72
v4_social_signal_experiment_v4_prompt_think_true_v4pilot60_gemma4_26b_high_recall_minimal_v3_think_nojson_guard2_ctx32768_tok8192_b1,v4_social_signal_experiment_v4_prompt_think_true_v4pilot60_gemma4_26b_high_recall_minimal_v3_think_nojson_guard2_ctx32768_tok8192_b1.csv,v4_social_signal,gemma4:26b,a459ae22b30f,0.15,41,37,73,1.7804878048780488,0.4246575342465753,0.8378378378378378,0.5636363636363636,0.5562334656084656,0.5032520325203252,0.717948717948718,0.9655172413793104,0.8235294117647058,11,1,72
v4_social_signal_experiment_v4_prompt_think_true_v4pilot60_gemma4_26b_high_recall_minimal_v3_think_nojson_guard2_ctx32768_tok8192_b1,v4_social_signal_experiment_v4_prompt_think_true_v4pilot60_gemma4_26b_high_recall_minimal_v3_think_nojson_guard2_ctx32768_tok8192_b1.csv,v4_social_signal,gemma4:26b,a459ae22b30f,0.20,41,37,73,1.7804878048780488,0.4246575342465753,0.8378378378378378,0.5636363636363636,0.5562334656084656,0.5032520325203252,0.717948717948718,0.9655172413793104,0.8235294117647058,11,1,72
v4_social_signal_experiment_v4_prompt_think_true_v4pilot60_gemma4_26b_high_recall_minimal_v3_think_nojson_guard2_ctx32768_tok8192_b1,v4_social_signal_experiment_v4_prompt_think_true_v4pilot60_gemma4_26b_high_recall_minimal_v3_think_nojson_guard2_ctx32768_tok8192_b1.csv,v4_social_signal,gemma4:26b,a459ae22b30f,0.25,41,37,73,1.7804878048780488,0.4246575342465753,0.8378378378378378,0.5636363636363636,0.5562334656084656,0.5032520325203252,0.717948717948718,0.9655172413793104,0.8235294117647058,11,1,72
v4_social_signal_experiment_v4_prompt_think_true_v4pilot60_gemma4_26b_high_recall_minimal_v3_think_nojson_guard2_ctx32768_tok8192_b1,v4_social_signal_experiment_v4_prompt_think_true_v4pilot60_gemma4_26b_high_recall_minimal_v3_think_nojson_guard2_ctx32768_tok8192_b1.csv,v4_social_signal,gemma4:26b,a459ae22b30f,0.30,41,37,73,1.7804878048780488,0.4246575342465753,0.8378378378378378,0.5636363636363636,0.5562334656084656,0.5032520325203252,0.717948717948718,0.9655172413793104,0.8235294117647058,11,1,72
v4_social_signal_experiment_v4_prompt_think_false_gemma4_26b_ctx32k_tok8k_b1_search237,v4_social_signal_experiment_v4_prompt_think_false_gemma4_26b_ctx32k_tok8k_b1_search237.csv,v4_social_signal,gemma4:26b,c1902992d91d,0.75,237,252,167,0.7046413502109705,0.7065868263473054,0.46825396825396826,0.5632458233890215,0.5170988034529155,0.5548523206751055,0.9727272727272728,0.5879120879120879,0.7328767123287672,3,75,0
v3_social_signal_experiment_social_signal_v5_think_false_qwen35_9b_v5_b1_search237,v3_social_signal_experiment_social_signal_v5_think_false_qwen35_9b_v5_b1_search237.csv,v3_social_signal,qwen35-9b,b70f408920e6,0.55,237,252,441,1.860759493670886,0.4421768707482993,0.7738095238095238,0.5627705627705628,0.5011277369557887,0.5634518786417522,0.8365384615384616,0.9560439560439561,0.8923076923076924,34,8,0
v3_social_signal_experiment_social_signal_v5_think_false_qwen35_9b_v5_b1_search237,v3_social_signal_experiment_social_signal_v5_think_false_qwen35_9b_v5_b1_search237.csv,v3_social_signal,qwen35-9b,b70f408920e6,0.60,237,252,441,1.860759493670886,0.4421768707482993,0.7738095238095238,0.5627705627705628,0.5011277369557887,0.5634518786417522,0.8365384615384616,0.9560439560439561,0.8923076923076924,34,8,0
v4_social_signal_experiment_v4_prompt_think_false_b1_pilot18,v4_social_signal_experiment_v4_prompt_think_false_b1_pilot18.csv,v4_social_signal,unknown,dc871c8c6a42,0.80,18,12,13,0.7222222222222222,0.5384615384615384,0.5833333333333334,0.56,0.5454545454545454,0.6759259259259258,0.8888888888888888,0.8,0.8421052631578947,1,2,0
v4_social_signal_experiment_v4_prompt_think_true_v4pilot60_gemma4_26b_social_signal_v9_f1_balanced_think_nojson_guard2_ctx32768_tok8192_b1,v4_social_signal_experiment_v4_prompt_think_true_v4pilot60_gemma4_26b_social_signal_v9_f1_balanced_think_nojson_guard2_ctx32768_tok8192_b1.csv,v4_social_signal,gemma4:26b,78d98a686ffa,0.70,41,37,38,0.926829268292683,0.5526315789473685,0.5675675675675675,0.56,0.4073953823953824,0.5357723577235772,0.7916666666666666,0.6551724137931034,0.7169811320754716,5,10,216
v4_social_signal_experiment_v4_prompt_think_true_gemma4_e4b_direct_core_clean_fewshot_v6_think_ctx16384_tok16384_n237,v4_social_signal_experiment_v4_prompt_think_true_gemma4_e4b_direct_core_clean_fewshot_v6_think_ctx16384_tok16384_n237.csv,v4_social_signal,gemma4:e4b,056d41029030,0.75,237,225,298,1.2573839662447257,0.4899328859060403,0.6488888888888888,0.5583173996175909,0.34416085479592073,0.5527426160337553,0.7872340425531915,0.8809523809523809,0.8314606741573034,40,20,72
v4_social_signal_experiment_v4_prompt_think_true_gemma4_e4b_direct_core_balanced_v8_think_ctx16384_tok16384_n237,v4_social_signal_experiment_v4_prompt_think_true_gemma4_e4b_direct_core_balanced_v8_think_ctx16384_tok16384_n237.csv,v4_social_signal,gemma4:e4b,30f112043f94,0.75,237,225,341,1.4388185654008439,0.4633431085043988,0.7022222222222222,0.558303886925795,0.42604471932200544,0.5251758087201125,0.7477064220183486,0.9702380952380952,0.844559585492228,55,5,72
v4_social_signal_experiment_v4_prompt_think_true_gemma4_e4b_direct_core_balanced_v8_think_ctx16384_tok16384_n237,v4_social_signal_experiment_v4_prompt_think_true_gemma4_e4b_direct_core_balanced_v8_think_ctx16384_tok16384_n237.csv,v4_social_signal,gemma4:e4b,30f112043f94,0.85,237,225,220,0.9282700421940928,0.5636363636363636,0.5511111111111111,0.5573033707865168,0.28801257958494464,0.5517580872011251,0.8116883116883117,0.7440476190476191,0.7763975155279503,29,43,72
v4_social_signal_experiment_v4_prompt_think_true_gemma4_e4b_gold_mimic_broad_v1_think_ctx16384_tok16384_n237,v4_social_signal_experiment_v4_prompt_think_true_gemma4_e4b_gold_mimic_broad_v1_think_ctx16384_tok16384_n237.csv,v4_social_signal,gemma4:e4b,183047e552a4,0.90,237,225,199,0.8396624472573839,0.592964824120603,0.5244444444444445,0.5566037735849056,0.3599960264830954,0.6023909985935302,0.8666666666666667,0.7738095238095238,0.8176100628930818,20,38,108
v4_social_signal_experiment_v4_prompt_think_true_oldgold_gemma4_26b_direct_core_targeted_v7_think_nojson_guard2_ctx32768_tok8192_b1_pilot8,v4_social_signal_experiment_v4_prompt_think_true_oldgold_gemma4_26b_direct_core_targeted_v7_think_nojson_guard2_ctx32768_tok8192_b1_pilot8.csv,v4_social_signal,gemma4:26b,a8d3082c4e73,0.65,8,6,12,1.5,0.4166666666666667,0.8333333333333334,0.5555555555555556,0.8333333333333334,0.625,0.7142857142857143,1.0,0.8333333333333334,2,0,0
v4_social_signal_experiment_v4_prompt_think_true_gemma4_e4b_direct_core_gold_calibrated_v4_think_ctx16384_tok16384_n237,v4_social_signal_experiment_v4_prompt_think_true_gemma4_e4b_direct_core_gold_calibrated_v4_think_ctx16384_tok16384_n237.csv,v4_social_signal,gemma4:e4b,f6c7bb0790fa,0.70,237,225,350,1.4767932489451476,0.4542857142857143,0.7066666666666667,0.5530434782608695,0.3964751747642231,0.5036568213783404,0.73568281938326,0.9940476190476191,0.8455696202531645,60,1,0
v4_social_signal_experiment_v4_prompt_think_true_gemma4_e4b_direct_core_gold_calibrated_v4_think_ctx16384_tok16384_n237,v4_social_signal_experiment_v4_prompt_think_true_gemma4_e4b_direct_core_gold_calibrated_v4_think_ctx16384_tok16384_n237.csv,v4_social_signal,gemma4:e4b,f6c7bb0790fa,0.65,237,225,351,1.481012658227848,0.452991452991453,0.7066666666666667,0.5520833333333334,0.395004586528929,0.5022503516174402,0.73568281938326,0.9940476190476191,0.8455696202531645,60,1,0
v4_social_signal_experiment_v4_prompt_think_false_v4pilot60_qwen35_9b_social_signal_v9_f1_balanced_nothink_json_ctx32768_tok16384_b2,v4_social_signal_experiment_v4_prompt_think_false_v4pilot60_qwen35_9b_social_signal_v9_f1_balanced_nothink_json_ctx32768_tok16384_b2.csv,v4_social_signal,qwen35-9b,e9d7fb0bdbab,0.75,41,37,72,1.7560975609756098,0.4166666666666667,0.8108108108108109,0.5504587155963303,0.606372363268915,0.5658536585365854,0.7837837837837838,1.0,0.8787878787878788,8,0,0
v4_social_signal_experiment_v4_prompt_think_false_v4pilot60_qwen35_9b_social_signal_v9_f1_balanced_nothink_json_ctx32768_tok16384_b2,v4_social_signal_experiment_v4_prompt_think_false_v4pilot60_qwen35_9b_social_signal_v9_f1_balanced_nothink_json_ctx32768_tok16384_b2.csv,v4_social_signal,qwen35-9b,e9d7fb0bdbab,0.80,41,37,54,1.3170731707317074,0.46296296296296297,0.6756756756756757,0.5494505494505495,0.48196581196581206,0.6317073170731707,0.8709677419354839,0.9310344827586207,0.9,4,2,0
v4_social_signal_experiment_v4_prompt_think_true_gemma4_e4b_gold_mimic_broad_v1_think_ctx16384_tok16384_n237,v4_social_signal_experiment_v4_prompt_think_true_gemma4_e4b_gold_mimic_broad_v1_think_ctx16384_tok16384_n237.csv,v4_social_signal,gemma4:e4b,183047e552a4,0.85,237,225,279,1.1772151898734178,0.4946236559139785,0.6133333333333333,0.5476190476190477,0.35077336947047977,0.5867992766726944,0.8206521739130435,0.8988095238095238,0.8579545454545454,33,17,108
v4_social_signal_experiment_v4_prompt_think_true_gemma4_e4b_direct_core_gold_calibrated_v4_think_ctx16384_tok16384_n237,v4_social_signal_experiment_v4_prompt_think_true_gemma4_e4b_direct_core_gold_calibrated_v4_think_ctx16384_tok16384_n237.csv,v4_social_signal,gemma4:e4b,f6c7bb0790fa,default,237,225,360,1.518987341772152,0.4444444444444444,0.7111111111111111,0.5470085470085471,0.39032800886204816,0.4938115330520394,0.7304347826086957,1.0,0.8442211055276382,62,0,0
v4_social_signal_experiment_v4_prompt_think_true_gemma4_e4b_direct_core_gold_calibrated_v4_think_ctx16384_tok16384_n237,v4_social_signal_experiment_v4_prompt_think_true_gemma4_e4b_direct_core_gold_calibrated_v4_think_ctx16384_tok16384_n237.csv,v4_social_signal,gemma4:e4b,f6c7bb0790fa,0.05,237,225,360,1.518987341772152,0.4444444444444444,0.7111111111111111,0.5470085470085471,0.39032800886204816,0.4938115330520394,0.7304347826086957,1.0,0.8442211055276382,62,0,0
v4_social_signal_experiment_v4_prompt_think_true_gemma4_e4b_direct_core_gold_calibrated_v4_think_ctx16384_tok16384_n237,v4_social_signal_experiment_v4_prompt_think_true_gemma4_e4b_direct_core_gold_calibrated_v4_think_ctx16384_tok16384_n237.csv,v4_social_signal,gemma4:e4b,f6c7bb0790fa,0.10,237,225,360,1.518987341772152,0.4444444444444444,0.7111111111111111,0.5470085470085471,0.39032800886204816,0.4938115330520394,0.7304347826086957,1.0,0.8442211055276382,62,0,0
v4_social_signal_experiment_v4_prompt_think_true_gemma4_e4b_direct_core_gold_calibrated_v4_think_ctx16384_tok16384_n237,v4_social_signal_experiment_v4_prompt_think_true_gemma4_e4b_direct_core_gold_calibrated_v4_think_ctx16384_tok16384_n237.csv,v4_social_signal,gemma4:e4b,f6c7bb0790fa,0.15,237,225,360,1.518987341772152,0.4444444444444444,0.7111111111111111,0.5470085470085471,0.39032800886204816,0.4938115330520394,0.7304347826086957,1.0,0.8442211055276382,62,0,0
v4_social_signal_experiment_v4_prompt_think_true_gemma4_e4b_direct_core_gold_calibrated_v4_think_ctx16384_tok16384_n237,v4_social_signal_experiment_v4_prompt_think_true_gemma4_e4b_direct_core_gold_calibrated_v4_think_ctx16384_tok16384_n237.csv,v4_social_signal,gemma4:e4b,f6c7bb0790fa,0.20,237,225,360,1.518987341772152,0.4444444444444444,0.7111111111111111,0.5470085470085471,0.39032800886204816,0.4938115330520394,0.7304347826086957,1.0,0.8442211055276382,62,0,0
v4_social_signal_experiment_v4_prompt_think_true_gemma4_e4b_direct_core_gold_calibrated_v4_think_ctx16384_tok16384_n237,v4_social_signal_experiment_v4_prompt_think_true_gemma4_e4b_direct_core_gold_calibrated_v4_think_ctx16384_tok16384_n237.csv,v4_social_signal,gemma4:e4b,f6c7bb0790fa,0.25,237,225,360,1.518987341772152,0.4444444444444444,0.7111111111111111,0.5470085470085471,0.39032800886204816,0.4938115330520394,0.7304347826086957,1.0,0.8442211055276382,62,0,0
v4_social_signal_experiment_v4_prompt_think_true_gemma4_e4b_direct_core_gold_calibrated_v4_think_ctx16384_tok16384_n237,v4_social_signal_experiment_v4_prompt_think_true_gemma4_e4b_direct_core_gold_calibrated_v4_think_ctx16384_tok16384_n237.csv,v4_social_signal,gemma4:e4b,f6c7bb0790fa,0.30,237,225,360,1.518987341772152,0.4444444444444444,0.7111111111111111,0.5470085470085471,0.39032800886204816,0.4938115330520394,0.7304347826086957,1.0,0.8442211055276382,62,0,0
v4_social_signal_experiment_v4_prompt_think_true_gemma4_e4b_direct_core_gold_calibrated_v4_think_ctx16384_tok16384_n237,v4_social_signal_experiment_v4_prompt_think_true_gemma4_e4b_direct_core_gold_calibrated_v4_think_ctx16384_tok16384_n237.csv,v4_social_signal,gemma4:e4b,f6c7bb0790fa,0.35,237,225,360,1.518987341772152,0.4444444444444444,0.7111111111111111,0.5470085470085471,0.39032800886204816,0.4938115330520394,0.7304347826086957,1.0,0.8442211055276382,62,0,0
v4_social_signal_experiment_v4_prompt_think_true_gemma4_e4b_direct_core_gold_calibrated_v4_think_ctx16384_tok16384_n237,v4_social_signal_experiment_v4_prompt_think_true_gemma4_e4b_direct_core_gold_calibrated_v4_think_ctx16384_tok16384_n237.csv,v4_social_signal,gemma4:e4b,f6c7bb0790fa,0.40,237,225,360,1.518987341772152,0.4444444444444444,0.7111111111111111,0.5470085470085471,0.39032800886204816,0.4938115330520394,0.7304347826086957,1.0,0.8442211055276382,62,0,0
v4_social_signal_experiment_v4_prompt_think_true_gemma4_e4b_direct_core_gold_calibrated_v4_think_ctx16384_tok16384_n237,v4_social_signal_experiment_v4_prompt_think_true_gemma4_e4b_direct_core_gold_calibrated_v4_think_ctx16384_tok16384_n237.csv,v4_social_signal,gemma4:e4b,f6c7bb0790fa,0.45,237,225,360,1.518987341772152,0.4444444444444444,0.7111111111111111,0.5470085470085471,0.39032800886204816,0.4938115330520394,0.7304347826086957,1.0,0.8442211055276382,62,0,0
v4_social_signal_experiment_v4_prompt_think_true_gemma4_e4b_direct_core_gold_calibrated_v4_think_ctx16384_tok16384_n237,v4_social_signal_experiment_v4_prompt_think_true_gemma4_e4b_direct_core_gold_calibrated_v4_think_ctx16384_tok16384_n237.csv,v4_social_signal,gemma4:e4b,f6c7bb0790fa,0.50,237,225,360,1.518987341772152,0.4444444444444444,0.7111111111111111,0.5470085470085471,0.39032800886204816,0.4938115330520394,0.7304347826086957,1.0,0.8442211055276382,62,0,0
v4_social_signal_experiment_v4_prompt_think_true_gemma4_e4b_direct_core_gold_calibrated_v4_think_ctx16384_tok16384_n237,v4_social_signal_experiment_v4_prompt_think_true_gemma4_e4b_direct_core_gold_calibrated_v4_think_ctx16384_tok16384_n237.csv,v4_social_signal,gemma4:e4b,f6c7bb0790fa,0.55,237,225,360,1.518987341772152,0.4444444444444444,0.7111111111111111,0.5470085470085471,0.39032800886204816,0.4938115330520394,0.7304347826086957,1.0,0.8442211055276382,62,0,0
v4_social_signal_experiment_v4_prompt_think_true_gemma4_e4b_direct_core_gold_calibrated_v4_think_ctx16384_tok16384_n237,v4_social_signal_experiment_v4_prompt_think_true_gemma4_e4b_direct_core_gold_calibrated_v4_think_ctx16384_tok16384_n237.csv,v4_social_signal,gemma4:e4b,f6c7bb0790fa,0.60,237,225,360,1.518987341772152,0.4444444444444444,0.7111111111111111,0.5470085470085471,0.39032800886204816,0.4938115330520394,0.7304347826086957,1.0,0.8442211055276382,62,0,0
v4_social_signal_experiment_v4_prompt_think_true_gemma4_e4b_direct_core_clean_fewshot_v6_think_ctx16384_tok16384_n237,v4_social_signal_experiment_v4_prompt_think_true_gemma4_e4b_direct_core_clean_fewshot_v6_think_ctx16384_tok16384_n237.csv,v4_social_signal,gemma4:e4b,056d41029030,0.65,237,225,380,1.6033755274261603,0.4342105263157895,0.7333333333333333,0.5454545454545454,0.3996085835176122,0.5011251758087202,0.7304347826086957,1.0,0.8442211055276382,62,0,72
v4_social_signal_experiment_v4_prompt_think_true_gemma4_e4b_direct_core_clean_fewshot_v6_think_ctx16384_tok16384_n237,v4_social_signal_experiment_v4_prompt_think_true_gemma4_e4b_direct_core_clean_fewshot_v6_think_ctx16384_tok16384_n237.csv,v4_social_signal,gemma4:e4b,056d41029030,0.70,237,225,380,1.6033755274261603,0.4342105263157895,0.7333333333333333,0.5454545454545454,0.3996085835176122,0.5011251758087202,0.7304347826086957,1.0,0.8442211055276382,62,0,72
v4_social_signal_experiment_v4_prompt_think_false_v4full965_qwen36_35b_iq3_social_signal_v9_f1_balanced_nothink_json_ctx32768_tok16384_b2.partial,v4_social_signal_experiment_v4_prompt_think_false_v4full965_qwen36_35b_iq3_social_signal_v9_f1_balanced_nothink_json_ctx32768_tok16384_b2.partial.csv,v4_social_signal,qwen3.6-35b:iq3,65fc92f0ecc6,0.70,242,228,430,1.7768595041322315,0.41627906976744183,0.7850877192982456,0.5440729483282675,0.4280552480647713,0.5072215663124754,0.746606334841629,0.9705882352941176,0.8439897698209718,56,5,0
v4_social_signal_experiment_v4_prompt_think_true_gemma4_e4b_direct_core_balanced_v8_think_ctx16384_tok16384_n237,v4_social_signal_experiment_v4_prompt_think_true_gemma4_e4b_direct_core_balanced_v8_think_ctx16384_tok16384_n237.csv,v4_social_signal,gemma4:e4b,30f112043f94,0.65,237,225,367,1.5485232067510548,0.43869209809264303,0.7155555555555555,0.543918918918919,0.4326464548176682,0.5168776371308017,0.7420814479638009,0.9761904761904762,0.8431876606683805,57,4,72
v4_social_signal_experiment_v4_prompt_think_true_gemma4_e4b_direct_core_balanced_v8_think_ctx16384_tok16384_n237,v4_social_signal_experiment_v4_prompt_think_true_gemma4_e4b_direct_core_balanced_v8_think_ctx16384_tok16384_n237.csv,v4_social_signal,gemma4:e4b,30f112043f94,0.70,237,225,367,1.5485232067510548,0.43869209809264303,0.7155555555555555,0.543918918918919,0.4326464548176682,0.5168776371308017,0.7420814479638009,0.9761904761904762,0.8431876606683805,57,4,72
v4_social_signal_experiment_v4_prompt_think_true_gemma4_e4b_direct_core_clean_fewshot_v6_think_ctx16384_tok16384_n237,v4_social_signal_experiment_v4_prompt_think_true_gemma4_e4b_direct_core_clean_fewshot_v6_think_ctx16384_tok16384_n237.csv,v4_social_signal,gemma4:e4b,056d41029030,default,237,225,382,1.6118143459915613,0.4319371727748691,0.7333333333333333,0.5436573311367381,0.39879581295484173,0.49901547116736994,0.7304347826086957,1.0,0.8442211055276382,62,0,72
v4_social_signal_experiment_v4_prompt_think_true_gemma4_e4b_direct_core_clean_fewshot_v6_think_ctx16384_tok16384_n237,v4_social_signal_experiment_v4_prompt_think_true_gemma4_e4b_direct_core_clean_fewshot_v6_think_ctx16384_tok16384_n237.csv,v4_social_signal,gemma4:e4b,056d41029030,0.05,237,225,382,1.6118143459915613,0.4319371727748691,0.7333333333333333,0.5436573311367381,0.39879581295484173,0.49901547116736994,0.7304347826086957,1.0,0.8442211055276382,62,0,72
v4_social_signal_experiment_v4_prompt_think_true_gemma4_e4b_direct_core_clean_fewshot_v6_think_ctx16384_tok16384_n237,v4_social_signal_experiment_v4_prompt_think_true_gemma4_e4b_direct_core_clean_fewshot_v6_think_ctx16384_tok16384_n237.csv,v4_social_signal,gemma4:e4b,056d41029030,0.10,237,225,382,1.6118143459915613,0.4319371727748691,0.7333333333333333,0.5436573311367381,0.39879581295484173,0.49901547116736994,0.7304347826086957,1.0,0.8442211055276382,62,0,72
v4_social_signal_experiment_v4_prompt_think_true_gemma4_e4b_direct_core_clean_fewshot_v6_think_ctx16384_tok16384_n237,v4_social_signal_experiment_v4_prompt_think_true_gemma4_e4b_direct_core_clean_fewshot_v6_think_ctx16384_tok16384_n237.csv,v4_social_signal,gemma4:e4b,056d41029030,0.15,237,225,382,1.6118143459915613,0.4319371727748691,0.7333333333333333,0.5436573311367381,0.39879581295484173,0.49901547116736994,0.7304347826086957,1.0,0.8442211055276382,62,0,72
v4_social_signal_experiment_v4_prompt_think_true_gemma4_e4b_direct_core_clean_fewshot_v6_think_ctx16384_tok16384_n237,v4_social_signal_experiment_v4_prompt_think_true_gemma4_e4b_direct_core_clean_fewshot_v6_think_ctx16384_tok16384_n237.csv,v4_social_signal,gemma4:e4b,056d41029030,0.20,237,225,382,1.6118143459915613,0.4319371727748691,0.7333333333333333,0.5436573311367381,0.39879581295484173,0.49901547116736994,0.7304347826086957,1.0,0.8442211055276382,62,0,72
v4_social_signal_experiment_v4_prompt_think_true_gemma4_e4b_direct_core_clean_fewshot_v6_think_ctx16384_tok16384_n237,v4_social_signal_experiment_v4_prompt_think_true_gemma4_e4b_direct_core_clean_fewshot_v6_think_ctx16384_tok16384_n237.csv,v4_social_signal,gemma4:e4b,056d41029030,0.25,237,225,382,1.6118143459915613,0.4319371727748691,0.7333333333333333,0.5436573311367381,0.39879581295484173,0.49901547116736994,0.7304347826086957,1.0,0.8442211055276382,62,0,72
v4_social_signal_experiment_v4_prompt_think_true_gemma4_e4b_direct_core_clean_fewshot_v6_think_ctx16384_tok16384_n237,v4_social_signal_experiment_v4_prompt_think_true_gemma4_e4b_direct_core_clean_fewshot_v6_think_ctx16384_tok16384_n237.csv,v4_social_signal,gemma4:e4b,056d41029030,0.30,237,225,382,1.6118143459915613,0.4319371727748691,0.7333333333333333,0.5436573311367381,0.39879581295484173,0.49901547116736994,0.7304347826086957,1.0,0.8442211055276382,62,0,72
v4_social_signal_experiment_v4_prompt_think_true_gemma4_e4b_direct_core_clean_fewshot_v6_think_ctx16384_tok16384_n237,v4_social_signal_experiment_v4_prompt_think_true_gemma4_e4b_direct_core_clean_fewshot_v6_think_ctx16384_tok16384_n237.csv,v4_social_signal,gemma4:e4b,056d41029030,0.35,237,225,382,1.6118143459915613,0.4319371727748691,0.7333333333333333,0.5436573311367381,0.39879581295484173,0.49901547116736994,0.7304347826086957,1.0,0.8442211055276382,62,0,72
v4_social_signal_experiment_v4_prompt_think_true_gemma4_e4b_direct_core_clean_fewshot_v6_think_ctx16384_tok16384_n237,v4_social_signal_experiment_v4_prompt_think_true_gemma4_e4b_direct_core_clean_fewshot_v6_think_ctx16384_tok16384_n237.csv,v4_social_signal,gemma4:e4b,056d41029030,0.40,237,225,382,1.6118143459915613,0.4319371727748691,0.7333333333333333,0.5436573311367381,0.39879581295484173,0.49901547116736994,0.7304347826086957,1.0,0.8442211055276382,62,0,72
v4_social_signal_experiment_v4_prompt_think_true_gemma4_e4b_direct_core_clean_fewshot_v6_think_ctx16384_tok16384_n237,v4_social_signal_experiment_v4_prompt_think_true_gemma4_e4b_direct_core_clean_fewshot_v6_think_ctx16384_tok16384_n237.csv,v4_social_signal,gemma4:e4b,056d41029030,0.45,237,225,382,1.6118143459915613,0.4319371727748691,0.7333333333333333,0.5436573311367381,0.39879581295484173,0.49901547116736994,0.7304347826086957,1.0,0.8442211055276382,62,0,72
v4_social_signal_experiment_v4_prompt_think_true_gemma4_e4b_direct_core_clean_fewshot_v6_think_ctx16384_tok16384_n237,v4_social_signal_experiment_v4_prompt_think_true_gemma4_e4b_direct_core_clean_fewshot_v6_think_ctx16384_tok16384_n237.csv,v4_social_signal,gemma4:e4b,056d41029030,0.50,237,225,382,1.6118143459915613,0.4319371727748691,0.7333333333333333,0.5436573311367381,0.39879581295484173,0.49901547116736994,0.7304347826086957,1.0,0.8442211055276382,62,0,72
v4_social_signal_experiment_v4_prompt_think_true_gemma4_e4b_direct_core_clean_fewshot_v6_think_ctx16384_tok16384_n237,v4_social_signal_experiment_v4_prompt_think_true_gemma4_e4b_direct_core_clean_fewshot_v6_think_ctx16384_tok16384_n237.csv,v4_social_signal,gemma4:e4b,056d41029030,0.55,237,225,382,1.6118143459915613,0.4319371727748691,0.7333333333333333,0.5436573311367381,0.39879581295484173,0.49901547116736994,0.7304347826086957,1.0,0.8442211055276382,62,0,72
v4_social_signal_experiment_v4_prompt_think_true_gemma4_e4b_direct_core_clean_fewshot_v6_think_ctx16384_tok16384_n237,v4_social_signal_experiment_v4_prompt_think_true_gemma4_e4b_direct_core_clean_fewshot_v6_think_ctx16384_tok16384_n237.csv,v4_social_signal,gemma4:e4b,056d41029030,0.60,237,225,382,1.6118143459915613,0.4319371727748691,0.7333333333333333,0.5436573311367381,0.39879581295484173,0.49901547116736994,0.7304347826086957,1.0,0.8442211055276382,62,0,72
v3_social_signal_experiment_social_signal_v3_think_false_gemma4_26b_ctx32k_tok8k_b1_search237.partial,v3_social_signal_experiment_social_signal_v3_think_false_gemma4_26b_ctx32k_tok8k_b1_search237.partial.csv,v3_social_signal,gemma4:26b,96235c5fae43,default,18,12,25,1.3888888888888888,0.4,0.8333333333333334,0.5405405405405406,0.7047619047619048,0.5833333333333334,0.7142857142857143,1.0,0.8333333333333334,4,0,0
v3_social_signal_experiment_social_signal_v3_think_false_gemma4_26b_ctx32k_tok8k_b1_search237.partial,v3_social_signal_experiment_social_signal_v3_think_false_gemma4_26b_ctx32k_tok8k_b1_search237.partial.csv,v3_social_signal,gemma4:26b,96235c5fae43,0.05,18,12,25,1.3888888888888888,0.4,0.8333333333333334,0.5405405405405406,0.7047619047619048,0.5833333333333334,0.7142857142857143,1.0,0.8333333333333334,4,0,0
v3_social_signal_experiment_social_signal_v3_think_false_gemma4_26b_ctx32k_tok8k_b1_search237.partial,v3_social_signal_experiment_social_signal_v3_think_false_gemma4_26b_ctx32k_tok8k_b1_search237.partial.csv,v3_social_signal,gemma4:26b,96235c5fae43,0.10,18,12,25,1.3888888888888888,0.4,0.8333333333333334,0.5405405405405406,0.7047619047619048,0.5833333333333334,0.7142857142857143,1.0,0.8333333333333334,4,0,0
v3_social_signal_experiment_social_signal_v3_think_false_gemma4_26b_ctx32k_tok8k_b1_search237.partial,v3_social_signal_experiment_social_signal_v3_think_false_gemma4_26b_ctx32k_tok8k_b1_search237.partial.csv,v3_social_signal,gemma4:26b,96235c5fae43,0.15,18,12,25,1.3888888888888888,0.4,0.8333333333333334,0.5405405405405406,0.7047619047619048,0.5833333333333334,0.7142857142857143,1.0,0.8333333333333334,4,0,0
v3_social_signal_experiment_social_signal_v3_think_false_gemma4_26b_ctx32k_tok8k_b1_search237.partial,v3_social_signal_experiment_social_signal_v3_think_false_gemma4_26b_ctx32k_tok8k_b1_search237.partial.csv,v3_social_signal,gemma4:26b,96235c5fae43,0.20,18,12,25,1.3888888888888888,0.4,0.8333333333333334,0.5405405405405406,0.7047619047619048,0.5833333333333334,0.7142857142857143,1.0,0.8333333333333334,4,0,0
v3_social_signal_experiment_social_signal_v3_think_false_gemma4_26b_ctx32k_tok8k_b1_search237.partial,v3_social_signal_experiment_social_signal_v3_think_false_gemma4_26b_ctx32k_tok8k_b1_search237.partial.csv,v3_social_signal,gemma4:26b,96235c5fae43,0.25,18,12,25,1.3888888888888888,0.4,0.8333333333333334,0.5405405405405406,0.7047619047619048,0.5833333333333334,0.7142857142857143,1.0,0.8333333333333334,4,0,0
v3_social_signal_experiment_social_signal_v3_think_false_gemma4_26b_ctx32k_tok8k_b1_search237.partial,v3_social_signal_experiment_social_signal_v3_think_false_gemma4_26b_ctx32k_tok8k_b1_search237.partial.csv,v3_social_signal,gemma4:26b,96235c5fae43,0.30,18,12,25,1.3888888888888888,0.4,0.8333333333333334,0.5405405405405406,0.7047619047619048,0.5833333333333334,0.7142857142857143,1.0,0.8333333333333334,4,0,0
v4_social_signal_experiment_v4_prompt_think_true_gemma4_e4b_direct_core_balanced_v8_think_ctx16384_tok16384_n237,v4_social_signal_experiment_v4_prompt_think_true_gemma4_e4b_direct_core_balanced_v8_think_ctx16384_tok16384_n237.csv,v4_social_signal,gemma4:e4b,30f112043f94,default,237,225,371,1.5654008438818565,0.4339622641509434,0.7155555555555555,0.540268456375839,0.43019893240677487,0.5147679324894515,0.7420814479638009,0.9761904761904762,0.8431876606683805,57,4,72
v4_social_signal_experiment_v4_prompt_think_true_gemma4_e4b_direct_core_balanced_v8_think_ctx16384_tok16384_n237,v4_social_signal_experiment_v4_prompt_think_true_gemma4_e4b_direct_core_balanced_v8_think_ctx16384_tok16384_n237.csv,v4_social_signal,gemma4:e4b,30f112043f94,0.05,237,225,371,1.5654008438818565,0.4339622641509434,0.7155555555555555,0.540268456375839,0.43019893240677487,0.5147679324894515,0.7420814479638009,0.9761904761904762,0.8431876606683805,57,4,72
v4_social_signal_experiment_v4_prompt_think_true_gemma4_e4b_direct_core_balanced_v8_think_ctx16384_tok16384_n237,v4_social_signal_experiment_v4_prompt_think_true_gemma4_e4b_direct_core_balanced_v8_think_ctx16384_tok16384_n237.csv,v4_social_signal,gemma4:e4b,30f112043f94,0.10,237,225,371,1.5654008438818565,0.4339622641509434,0.7155555555555555,0.540268456375839,0.43019893240677487,0.5147679324894515,0.7420814479638009,0.9761904761904762,0.8431876606683805,57,4,72
v4_social_signal_experiment_v4_prompt_think_true_gemma4_e4b_direct_core_balanced_v8_think_ctx16384_tok16384_n237,v4_social_signal_experiment_v4_prompt_think_true_gemma4_e4b_direct_core_balanced_v8_think_ctx16384_tok16384_n237.csv,v4_social_signal,gemma4:e4b,30f112043f94,0.15,237,225,371,1.5654008438818565,0.4339622641509434,0.7155555555555555,0.540268456375839,0.43019893240677487,0.5147679324894515,0.7420814479638009,0.9761904761904762,0.8431876606683805,57,4,72
v4_social_signal_experiment_v4_prompt_think_true_gemma4_e4b_direct_core_balanced_v8_think_ctx16384_tok16384_n237,v4_social_signal_experiment_v4_prompt_think_true_gemma4_e4b_direct_core_balanced_v8_think_ctx16384_tok16384_n237.csv,v4_social_signal,gemma4:e4b,30f112043f94,0.20,237,225,371,1.5654008438818565,0.4339622641509434,0.7155555555555555,0.540268456375839,0.43019893240677487,0.5147679324894515,0.7420814479638009,0.9761904761904762,0.8431876606683805,57,4,72
v4_social_signal_experiment_v4_prompt_think_true_gemma4_e4b_direct_core_balanced_v8_think_ctx16384_tok16384_n237,v4_social_signal_experiment_v4_prompt_think_true_gemma4_e4b_direct_core_balanced_v8_think_ctx16384_tok16384_n237.csv,v4_social_signal,gemma4:e4b,30f112043f94,0.25,237,225,371,1.5654008438818565,0.4339622641509434,0.7155555555555555,0.540268456375839,0.43019893240677487,0.5147679324894515,0.7420814479638009,0.9761904761904762,0.8431876606683805,57,4,72
v4_social_signal_experiment_v4_prompt_think_true_gemma4_e4b_direct_core_balanced_v8_think_ctx16384_tok16384_n237,v4_social_signal_experiment_v4_prompt_think_true_gemma4_e4b_direct_core_balanced_v8_think_ctx16384_tok16384_n237.csv,v4_social_signal,gemma4:e4b,30f112043f94,0.30,237,225,371,1.5654008438818565,0.4339622641509434,0.7155555555555555,0.540268456375839,0.43019893240677487,0.5147679324894515,0.7420814479638009,0.9761904761904762,0.8431876606683805,57,4,72
v4_social_signal_experiment_v4_prompt_think_true_gemma4_e4b_direct_core_balanced_v8_think_ctx16384_tok16384_n237,v4_social_signal_experiment_v4_prompt_think_true_gemma4_e4b_direct_core_balanced_v8_think_ctx16384_tok16384_n237.csv,v4_social_signal,gemma4:e4b,30f112043f94,0.35,237,225,371,1.5654008438818565,0.4339622641509434,0.7155555555555555,0.540268456375839,0.43019893240677487,0.5147679324894515,0.7420814479638009,0.9761904761904762,0.8431876606683805,57,4,72
v4_social_signal_experiment_v4_prompt_think_true_gemma4_e4b_direct_core_balanced_v8_think_ctx16384_tok16384_n237,v4_social_signal_experiment_v4_prompt_think_true_gemma4_e4b_direct_core_balanced_v8_think_ctx16384_tok16384_n237.csv,v4_social_signal,gemma4:e4b,30f112043f94,0.40,237,225,371,1.5654008438818565,0.4339622641509434,0.7155555555555555,0.540268456375839,0.43019893240677487,0.5147679324894515,0.7420814479638009,0.9761904761904762,0.8431876606683805,57,4,72
v4_social_signal_experiment_v4_prompt_think_true_gemma4_e4b_direct_core_balanced_v8_think_ctx16384_tok16384_n237,v4_social_signal_experiment_v4_prompt_think_true_gemma4_e4b_direct_core_balanced_v8_think_ctx16384_tok16384_n237.csv,v4_social_signal,gemma4:e4b,30f112043f94,0.45,237,225,371,1.5654008438818565,0.4339622641509434,0.7155555555555555,0.540268456375839,0.43019893240677487,0.5147679324894515,0.7420814479638009,0.9761904761904762,0.8431876606683805,57,4,72
v4_social_signal_experiment_v4_prompt_think_true_gemma4_e4b_direct_core_balanced_v8_think_ctx16384_tok16384_n237,v4_social_signal_experiment_v4_prompt_think_true_gemma4_e4b_direct_core_balanced_v8_think_ctx16384_tok16384_n237.csv,v4_social_signal,gemma4:e4b,30f112043f94,0.50,237,225,371,1.5654008438818565,0.4339622641509434,0.7155555555555555,0.540268456375839,0.43019893240677487,0.5147679324894515,0.7420814479638009,0.9761904761904762,0.8431876606683805,57,4,72
v4_social_signal_experiment_v4_prompt_think_true_gemma4_e4b_direct_core_balanced_v8_think_ctx16384_tok16384_n237,v4_social_signal_experiment_v4_prompt_think_true_gemma4_e4b_direct_core_balanced_v8_think_ctx16384_tok16384_n237.csv,v4_social_signal,gemma4:e4b,30f112043f94,0.55,237,225,371,1.5654008438818565,0.4339622641509434,0.7155555555555555,0.540268456375839,0.43019893240677487,0.5147679324894515,0.7420814479638009,0.9761904761904762,0.8431876606683805,57,4,72
v4_social_signal_experiment_v4_prompt_think_true_gemma4_e4b_direct_core_balanced_v8_think_ctx16384_tok16384_n237,v4_social_signal_experiment_v4_prompt_think_true_gemma4_e4b_direct_core_balanced_v8_think_ctx16384_tok16384_n237.csv,v4_social_signal,gemma4:e4b,30f112043f94,0.60,237,225,371,1.5654008438818565,0.4339622641509434,0.7155555555555555,0.540268456375839,0.43019893240677487,0.5147679324894515,0.7420814479638009,0.9761904761904762,0.8431876606683805,57,4,72
v4_social_signal_experiment_v4_prompt_think_false_v4full965_qwen36_35b_iq3_social_signal_v9_f1_balanced_nothink_json_ctx32768_tok16384_b2.partial,v4_social_signal_experiment_v4_prompt_think_false_v4full965_qwen36_35b_iq3_social_signal_v9_f1_balanced_nothink_json_ctx32768_tok16384_b2.partial.csv,v4_social_signal,qwen3.6-35b:iq3,65fc92f0ecc6,0.85,242,228,165,0.6818181818181818,0.6424242424242425,0.4649122807017544,0.539440203562341,0.30563190348904634,0.5487603305785125,0.8013245033112583,0.711764705882353,0.7538940809968847,30,49,0
v4_social_signal_experiment_v4_prompt_think_false_v4pilot60_qwen35_9b_social_signal_v9_f1_balanced_nothink_json_ctx32768_tok16384_b2,v4_social_signal_experiment_v4_prompt_think_false_v4pilot60_qwen35_9b_social_signal_v9_f1_balanced_nothink_json_ctx32768_tok16384_b2.csv,v4_social_signal,qwen35-9b,e9d7fb0bdbab,0.70,41,37,78,1.9024390243902438,0.3974358974358974,0.8378378378378378,0.5391304347826087,0.5943059982613735,0.5586527293844367,0.7837837837837838,1.0,0.8787878787878788,8,0,0
v4_social_signal_experiment_v4_prompt_think_true_gemma4_e4b_direct_core_recall_v2_think_ctx16384_tok16384_n237,v4_social_signal_experiment_v4_prompt_think_true_gemma4_e4b_direct_core_recall_v2_think_ctx16384_tok16384_n237.csv,v4_social_signal,gemma4:e4b,22095752ccad,0.90,237,225,108,0.45569620253164556,0.8240740740740741,0.39555555555555555,0.5345345345345346,0.2080047487827374,0.5559774964838256,0.9120879120879121,0.49404761904761907,0.640926640926641,8,85,72
v4_social_signal_experiment_v4_prompt_think_false_v4pilot60_gemma4_26b_high_recall_minimal_v3_nothink_json_ctx32768_tok16384_b2,v4_social_signal_experiment_v4_prompt_think_false_v4pilot60_gemma4_26b_high_recall_minimal_v3_nothink_json_ctx32768_tok16384_b2.csv,v4_social_signal,gemma4:26b,698b84695b21,default,41,37,79,1.9268292682926829,0.3924050632911392,0.8378378378378378,0.5344827586206896,0.5505534151756563,0.45284552845528453,0.7073170731707317,1.0,0.8285714285714286,12,0,0
v4_social_signal_experiment_v4_prompt_think_false_v4pilot60_gemma4_26b_high_recall_minimal_v3_nothink_json_ctx32768_tok16384_b2,v4_social_signal_experiment_v4_prompt_think_false_v4pilot60_gemma4_26b_high_recall_minimal_v3_nothink_json_ctx32768_tok16384_b2.csv,v4_social_signal,gemma4:26b,698b84695b21,0.05,41,37,79,1.9268292682926829,0.3924050632911392,0.8378378378378378,0.5344827586206896,0.5505534151756563,0.45284552845528453,0.7073170731707317,1.0,0.8285714285714286,12,0,0
v4_social_signal_experiment_v4_prompt_think_false_v4pilot60_gemma4_26b_high_recall_minimal_v3_nothink_json_ctx32768_tok16384_b2,v4_social_signal_experiment_v4_prompt_think_false_v4pilot60_gemma4_26b_high_recall_minimal_v3_nothink_json_ctx32768_tok16384_b2.csv,v4_social_signal,gemma4:26b,698b84695b21,0.10,41,37,79,1.9268292682926829,0.3924050632911392,0.8378378378378378,0.5344827586206896,0.5505534151756563,0.45284552845528453,0.7073170731707317,1.0,0.8285714285714286,12,0,0
v4_social_signal_experiment_v4_prompt_think_false_v4pilot60_gemma4_26b_high_recall_minimal_v3_nothink_json_ctx32768_tok16384_b2,v4_social_signal_experiment_v4_prompt_think_false_v4pilot60_gemma4_26b_high_recall_minimal_v3_nothink_json_ctx32768_tok16384_b2.csv,v4_social_signal,gemma4:26b,698b84695b21,0.15,41,37,79,1.9268292682926829,0.3924050632911392,0.8378378378378378,0.5344827586206896,0.5505534151756563,0.45284552845528453,0.7073170731707317,1.0,0.8285714285714286,12,0,0
v4_social_signal_experiment_v4_prompt_think_false_v4pilot60_gemma4_26b_high_recall_minimal_v3_nothink_json_ctx32768_tok16384_b2,v4_social_signal_experiment_v4_prompt_think_false_v4pilot60_gemma4_26b_high_recall_minimal_v3_nothink_json_ctx32768_tok16384_b2.csv,v4_social_signal,gemma4:26b,698b84695b21,0.20,41,37,79,1.9268292682926829,0.3924050632911392,0.8378378378378378,0.5344827586206896,0.5505534151756563,0.45284552845528453,0.7073170731707317,1.0,0.8285714285714286,12,0,0
v4_social_signal_experiment_v4_prompt_think_false_v4pilot60_gemma4_26b_high_recall_minimal_v3_nothink_json_ctx32768_tok16384_b2,v4_social_signal_experiment_v4_prompt_think_false_v4pilot60_gemma4_26b_high_recall_minimal_v3_nothink_json_ctx32768_tok16384_b2.csv,v4_social_signal,gemma4:26b,698b84695b21,0.25,41,37,79,1.9268292682926829,0.3924050632911392,0.8378378378378378,0.5344827586206896,0.5505534151756563,0.45284552845528453,0.7073170731707317,1.0,0.8285714285714286,12,0,0
v4_social_signal_experiment_v4_prompt_think_false_v4pilot60_gemma4_26b_high_recall_minimal_v3_nothink_json_ctx32768_tok16384_b2,v4_social_signal_experiment_v4_prompt_think_false_v4pilot60_gemma4_26b_high_recall_minimal_v3_nothink_json_ctx32768_tok16384_b2.csv,v4_social_signal,gemma4:26b,698b84695b21,0.30,41,37,79,1.9268292682926829,0.3924050632911392,0.8378378378378378,0.5344827586206896,0.5505534151756563,0.45284552845528453,0.7073170731707317,1.0,0.8285714285714286,12,0,0
v4_social_signal_experiment_v4_prompt_think_false_v4full965_gemma4_26b_social_signal_v9_f1_balanced_nothink_json_ctx32768_tok16384_b2,v4_social_signal_experiment_v4_prompt_think_false_v4full965_gemma4_26b_social_signal_v9_f1_balanced_nothink_json_ctx32768_tok16384_b2.csv,v4_social_signal,gemma4:26b,b76e73e5362e,0.90,706,691,346,0.49008498583569404,0.7976878612716763,0.3994211287988423,0.532304725168756,0.37225297115604766,0.5375421556724672,0.9335443037974683,0.5462962962962963,0.6892523364485982,21,245,0
v4_social_signal_experiment_v4_prompt_think_true_oldgold_gemma4_26b_direct_core_targeted_v7_think_nojson_guard2_ctx32768_tok8192_b1_pilot30,v4_social_signal_experiment_v4_prompt_think_true_oldgold_gemma4_26b_direct_core_targeted_v7_think_nojson_guard2_ctx32768_tok8192_b1_pilot30.csv,v4_social_signal,gemma4:26b,a72b2da2ccaf,0.65,30,22,42,1.4,0.40476190476190477,0.7727272727272727,0.53125,0.5380952380952381,0.561111111111111,0.76,1.0,0.8636363636363636,6,0,0
v4_social_signal_experiment_v4_prompt_think_true_v4pilot60_gemma4_26b_social_signal_v9_f1_balanced_think_nojson_guard2_ctx32768_tok8192_b1,v4_social_signal_experiment_v4_prompt_think_true_v4pilot60_gemma4_26b_social_signal_v9_f1_balanced_think_nojson_guard2_ctx32768_tok8192_b1.csv,v4_social_signal,gemma4:26b,78d98a686ffa,0.65,41,37,54,1.3170731707317074,0.4444444444444444,0.6486486486486487,0.5274725274725275,0.3935897435897436,0.5317073170731706,0.7857142857142857,0.7586206896551724,0.7719298245614035,6,7,216
v4_social_signal_experiment_v4_prompt_think_true_v4pilot60_gemma4_26b_social_signal_v9_f1_balanced_think_nojson_guard2_ctx32768_tok8192_b1,v4_social_signal_experiment_v4_prompt_think_true_v4pilot60_gemma4_26b_social_signal_v9_f1_balanced_think_nojson_guard2_ctx32768_tok8192_b1.csv,v4_social_signal,gemma4:26b,78d98a686ffa,0.85,41,37,20,0.4878048780487805,0.75,0.40540540540540543,0.5263157894736842,0.3405228758169934,0.5528455284552845,0.875,0.4827586206896552,0.6222222222222222,2,15,216
v3_social_signal_experiment_social_signal_v5_think_false_gemma4_e4b_v5_b1_search237,v3_social_signal_experiment_social_signal_v5_think_false_gemma4_e4b_v5_b1_search237.csv,v3_social_signal,gemma4:e4b,04d3ea2f998f,0.55,237,252,480,2.0253164556962027,0.4,0.7619047619047619,0.5245901639344263,0.4988562226384748,0.4976692786819369,0.8127853881278538,0.978021978021978,0.8877805486284289,41,4,0
v3_social_signal_experiment_social_signal_v5_think_false_gemma4_e4b_v5_b1_search237,v3_social_signal_experiment_social_signal_v5_think_false_gemma4_e4b_v5_b1_search237.csv,v3_social_signal,gemma4:e4b,04d3ea2f998f,0.60,237,252,480,2.0253164556962027,0.4,0.7619047619047619,0.5245901639344263,0.4988562226384748,0.4976692786819369,0.8127853881278538,0.978021978021978,0.8877805486284289,41,4,0
v4_social_signal_experiment_v4_prompt_think_true_gemma4_e4b_direct_core_gold_fewshot_v5_think_ctx16384_tok16384_n237,v4_social_signal_experiment_v4_prompt_think_true_gemma4_e4b_direct_core_gold_fewshot_v5_think_ctx16384_tok16384_n237.csv,v4_social_signal,gemma4:e4b,eddf7962ae1b,0.75,237,225,440,1.8565400843881856,0.39545454545454545,0.7733333333333333,0.5233082706766917,0.33959342432956097,0.47711472774763913,0.7324561403508771,0.9940476190476191,0.8434343434343434,61,1,36
v3_social_signal_experiment_social_signal_v5_think_false_gemma4_e4b_v5_b1_search237,v3_social_signal_experiment_social_signal_v5_think_false_gemma4_e4b_v5_b1_search237.csv,v3_social_signal,gemma4:e4b,04d3ea2f998f,0.35,237,252,482,2.0337552742616034,0.3983402489626556,0.7619047619047619,0.5231607629427792,0.49814043029990235,0.49668474984930683,0.8127853881278538,0.978021978021978,0.8877805486284289,41,4,0
v3_social_signal_experiment_social_signal_v5_think_false_gemma4_e4b_v5_b1_search237,v3_social_signal_experiment_social_signal_v5_think_false_gemma4_e4b_v5_b1_search237.csv,v3_social_signal,gemma4:e4b,04d3ea2f998f,0.40,237,252,482,2.0337552742616034,0.3983402489626556,0.7619047619047619,0.5231607629427792,0.49814043029990235,0.49668474984930683,0.8127853881278538,0.978021978021978,0.8877805486284289,41,4,0
v3_social_signal_experiment_social_signal_v5_think_false_gemma4_e4b_v5_b1_search237,v3_social_signal_experiment_social_signal_v5_think_false_gemma4_e4b_v5_b1_search237.csv,v3_social_signal,gemma4:e4b,04d3ea2f998f,0.45,237,252,482,2.0337552742616034,0.3983402489626556,0.7619047619047619,0.5231607629427792,0.49814043029990235,0.49668474984930683,0.8127853881278538,0.978021978021978,0.8877805486284289,41,4,0
v3_social_signal_experiment_social_signal_v5_think_false_gemma4_e4b_v5_b1_search237,v3_social_signal_experiment_social_signal_v5_think_false_gemma4_e4b_v5_b1_search237.csv,v3_social_signal,gemma4:e4b,04d3ea2f998f,0.50,237,252,482,2.0337552742616034,0.3983402489626556,0.7619047619047619,0.5231607629427792,0.49814043029990235,0.49668474984930683,0.8127853881278538,0.978021978021978,0.8877805486284289,41,4,0
v4_social_signal_experiment_v4_prompt_think_true_oldgold_gemma4_26b_direct_core_targeted_v7_think_nojson_guard2_ctx32768_tok8192_b1_pilot30,v4_social_signal_experiment_v4_prompt_think_true_oldgold_gemma4_26b_direct_core_targeted_v7_think_nojson_guard2_ctx32768_tok8192_b1_pilot30.csv,v4_social_signal,gemma4:26b,a72b2da2ccaf,0.75,30,22,28,0.9333333333333333,0.4642857142857143,0.5909090909090909,0.52,0.4523809523809524,0.6188888888888887,0.8421052631578947,0.8421052631578947,0.8421052631578947,3,3,0
v4_social_signal_experiment_v4_prompt_think_false_v4pilot60_gemma4_26b_high_recall_minimal_v3_nothink_json_ctx32768_tok16384_b2,v4_social_signal_experiment_v4_prompt_think_false_v4pilot60_gemma4_26b_high_recall_minimal_v3_nothink_json_ctx32768_tok16384_b2.csv,v4_social_signal,gemma4:26b,698b84695b21,0.65,41,37,13,0.3170731707317073,1.0,0.35135135135135137,0.52,0.37806637806637805,0.5853658536585366,1.0,0.4482758620689655,0.6190476190476191,0,16,0
v4_social_signal_experiment_v4_prompt_think_false_v4pilot60_gemma4_26b_high_recall_minimal_v3_nothink_json_ctx32768_tok16384_b2,v4_social_signal_experiment_v4_prompt_think_false_v4pilot60_gemma4_26b_high_recall_minimal_v3_nothink_json_ctx32768_tok16384_b2.csv,v4_social_signal,gemma4:26b,698b84695b21,0.70,41,37,13,0.3170731707317073,1.0,0.35135135135135137,0.52,0.37806637806637805,0.5853658536585366,1.0,0.4482758620689655,0.6190476190476191,0,16,0
v4_social_signal_experiment_v4_prompt_think_false_v4pilot60_gemma4_26b_high_recall_minimal_v3_nothink_json_ctx32768_tok16384_b2,v4_social_signal_experiment_v4_prompt_think_false_v4pilot60_gemma4_26b_high_recall_minimal_v3_nothink_json_ctx32768_tok16384_b2.csv,v4_social_signal,gemma4:26b,698b84695b21,0.75,41,37,13,0.3170731707317073,1.0,0.35135135135135137,0.52,0.37806637806637805,0.5853658536585366,1.0,0.4482758620689655,0.6190476190476191,0,16,0
v4_social_signal_experiment_v4_prompt_think_false_v4pilot60_gemma4_26b_high_recall_minimal_v3_nothink_json_ctx32768_tok16384_b2,v4_social_signal_experiment_v4_prompt_think_false_v4pilot60_gemma4_26b_high_recall_minimal_v3_nothink_json_ctx32768_tok16384_b2.csv,v4_social_signal,gemma4:26b,698b84695b21,0.80,41,37,13,0.3170731707317073,1.0,0.35135135135135137,0.52,0.37806637806637805,0.5853658536585366,1.0,0.4482758620689655,0.6190476190476191,0,16,0
v4_social_signal_experiment_v4_prompt_think_false_v4pilot60_gemma4_26b_high_recall_minimal_v3_nothink_json_ctx32768_tok16384_b2,v4_social_signal_experiment_v4_prompt_think_false_v4pilot60_gemma4_26b_high_recall_minimal_v3_nothink_json_ctx32768_tok16384_b2.csv,v4_social_signal,gemma4:26b,698b84695b21,0.85,41,37,13,0.3170731707317073,1.0,0.35135135135135137,0.52,0.37806637806637805,0.5853658536585366,1.0,0.4482758620689655,0.6190476190476191,0,16,0
v4_social_signal_experiment_v4_prompt_think_false_v4pilot60_gemma4_26b_high_recall_minimal_v3_nothink_json_ctx32768_tok16384_b2,v4_social_signal_experiment_v4_prompt_think_false_v4pilot60_gemma4_26b_high_recall_minimal_v3_nothink_json_ctx32768_tok16384_b2.csv,v4_social_signal,gemma4:26b,698b84695b21,0.90,41,37,13,0.3170731707317073,1.0,0.35135135135135137,0.52,0.37806637806637805,0.5853658536585366,1.0,0.4482758620689655,0.6190476190476191,0,16,0
v4_social_signal_experiment_v4_prompt_think_true_gemma4_e4b_direct_core_gold_fewshot_v5_think_ctx16384_tok16384_n237,v4_social_signal_experiment_v4_prompt_think_true_gemma4_e4b_direct_core_gold_fewshot_v5_think_ctx16384_tok16384_n237.csv,v4_social_signal,gemma4:e4b,eddf7962ae1b,0.95,237,225,107,0.45147679324894513,0.8037383177570093,0.38222222222222224,0.5180722891566265,0.1987112370833301,0.5575246132208157,0.8921568627450981,0.5416666666666666,0.674074074074074,11,77,36
v4_social_signal_experiment_v4_prompt_think_true_v4pilot60_gemma4_26b_social_signal_v9_f1_balanced_think_nojson_guard2_ctx32768_tok8192_b1,v4_social_signal_experiment_v4_prompt_think_true_v4pilot60_gemma4_26b_social_signal_v9_f1_balanced_think_nojson_guard2_ctx32768_tok8192_b1.csv,v4_social_signal,gemma4:26b,78d98a686ffa,default,41,37,56,1.3658536585365855,0.42857142857142855,0.6486486486486487,0.5161290322580645,0.388764594156751,0.5317073170731706,0.7857142857142857,0.7586206896551724,0.7719298245614035,6,7,216
v4_social_signal_experiment_v4_prompt_think_true_v4pilot60_gemma4_26b_social_signal_v9_f1_balanced_think_nojson_guard2_ctx32768_tok8192_b1,v4_social_signal_experiment_v4_prompt_think_true_v4pilot60_gemma4_26b_social_signal_v9_f1_balanced_think_nojson_guard2_ctx32768_tok8192_b1.csv,v4_social_signal,gemma4:26b,78d98a686ffa,0.05,41,37,56,1.3658536585365855,0.42857142857142855,0.6486486486486487,0.5161290322580645,0.388764594156751,0.5317073170731706,0.7857142857142857,0.7586206896551724,0.7719298245614035,6,7,216
v4_social_signal_experiment_v4_prompt_think_true_v4pilot60_gemma4_26b_social_signal_v9_f1_balanced_think_nojson_guard2_ctx32768_tok8192_b1,v4_social_signal_experiment_v4_prompt_think_true_v4pilot60_gemma4_26b_social_signal_v9_f1_balanced_think_nojson_guard2_ctx32768_tok8192_b1.csv,v4_social_signal,gemma4:26b,78d98a686ffa,0.10,41,37,56,1.3658536585365855,0.42857142857142855,0.6486486486486487,0.5161290322580645,0.388764594156751,0.5317073170731706,0.7857142857142857,0.7586206896551724,0.7719298245614035,6,7,216
v4_social_signal_experiment_v4_prompt_think_true_v4pilot60_gemma4_26b_social_signal_v9_f1_balanced_think_nojson_guard2_ctx32768_tok8192_b1,v4_social_signal_experiment_v4_prompt_think_true_v4pilot60_gemma4_26b_social_signal_v9_f1_balanced_think_nojson_guard2_ctx32768_tok8192_b1.csv,v4_social_signal,gemma4:26b,78d98a686ffa,0.15,41,37,56,1.3658536585365855,0.42857142857142855,0.6486486486486487,0.5161290322580645,0.388764594156751,0.5317073170731706,0.7857142857142857,0.7586206896551724,0.7719298245614035,6,7,216
v4_social_signal_experiment_v4_prompt_think_true_v4pilot60_gemma4_26b_social_signal_v9_f1_balanced_think_nojson_guard2_ctx32768_tok8192_b1,v4_social_signal_experiment_v4_prompt_think_true_v4pilot60_gemma4_26b_social_signal_v9_f1_balanced_think_nojson_guard2_ctx32768_tok8192_b1.csv,v4_social_signal,gemma4:26b,78d98a686ffa,0.20,41,37,56,1.3658536585365855,0.42857142857142855,0.6486486486486487,0.5161290322580645,0.388764594156751,0.5317073170731706,0.7857142857142857,0.7586206896551724,0.7719298245614035,6,7,216
v4_social_signal_experiment_v4_prompt_think_true_v4pilot60_gemma4_26b_social_signal_v9_f1_balanced_think_nojson_guard2_ctx32768_tok8192_b1,v4_social_signal_experiment_v4_prompt_think_true_v4pilot60_gemma4_26b_social_signal_v9_f1_balanced_think_nojson_guard2_ctx32768_tok8192_b1.csv,v4_social_signal,gemma4:26b,78d98a686ffa,0.25,41,37,56,1.3658536585365855,0.42857142857142855,0.6486486486486487,0.5161290322580645,0.388764594156751,0.5317073170731706,0.7857142857142857,0.7586206896551724,0.7719298245614035,6,7,216
v4_social_signal_experiment_v4_prompt_think_true_v4pilot60_gemma4_26b_social_signal_v9_f1_balanced_think_nojson_guard2_ctx32768_tok8192_b1,v4_social_signal_experiment_v4_prompt_think_true_v4pilot60_gemma4_26b_social_signal_v9_f1_balanced_think_nojson_guard2_ctx32768_tok8192_b1.csv,v4_social_signal,gemma4:26b,78d98a686ffa,0.30,41,37,56,1.3658536585365855,0.42857142857142855,0.6486486486486487,0.5161290322580645,0.388764594156751,0.5317073170731706,0.7857142857142857,0.7586206896551724,0.7719298245614035,6,7,216
v4_social_signal_experiment_v4_prompt_think_true_v4pilot60_gemma4_26b_social_signal_v9_f1_balanced_think_nojson_guard2_ctx32768_tok8192_b1,v4_social_signal_experiment_v4_prompt_think_true_v4pilot60_gemma4_26b_social_signal_v9_f1_balanced_think_nojson_guard2_ctx32768_tok8192_b1.csv,v4_social_signal,gemma4:26b,78d98a686ffa,0.35,41,37,56,1.3658536585365855,0.42857142857142855,0.6486486486486487,0.5161290322580645,0.388764594156751,0.5317073170731706,0.7857142857142857,0.7586206896551724,0.7719298245614035,6,7,216
v4_social_signal_experiment_v4_prompt_think_true_v4pilot60_gemma4_26b_social_signal_v9_f1_balanced_think_nojson_guard2_ctx32768_tok8192_b1,v4_social_signal_experiment_v4_prompt_think_true_v4pilot60_gemma4_26b_social_signal_v9_f1_balanced_think_nojson_guard2_ctx32768_tok8192_b1.csv,v4_social_signal,gemma4:26b,78d98a686ffa,0.40,41,37,56,1.3658536585365855,0.42857142857142855,0.6486486486486487,0.5161290322580645,0.388764594156751,0.5317073170731706,0.7857142857142857,0.7586206896551724,0.7719298245614035,6,7,216
v4_social_signal_experiment_v4_prompt_think_true_v4pilot60_gemma4_26b_social_signal_v9_f1_balanced_think_nojson_guard2_ctx32768_tok8192_b1,v4_social_signal_experiment_v4_prompt_think_true_v4pilot60_gemma4_26b_social_signal_v9_f1_balanced_think_nojson_guard2_ctx32768_tok8192_b1.csv,v4_social_signal,gemma4:26b,78d98a686ffa,0.45,41,37,56,1.3658536585365855,0.42857142857142855,0.6486486486486487,0.5161290322580645,0.388764594156751,0.5317073170731706,0.7857142857142857,0.7586206896551724,0.7719298245614035,6,7,216
v4_social_signal_experiment_v4_prompt_think_true_v4pilot60_gemma4_26b_social_signal_v9_f1_balanced_think_nojson_guard2_ctx32768_tok8192_b1,v4_social_signal_experiment_v4_prompt_think_true_v4pilot60_gemma4_26b_social_signal_v9_f1_balanced_think_nojson_guard2_ctx32768_tok8192_b1.csv,v4_social_signal,gemma4:26b,78d98a686ffa,0.50,41,37,56,1.3658536585365855,0.42857142857142855,0.6486486486486487,0.5161290322580645,0.388764594156751,0.5317073170731706,0.7857142857142857,0.7586206896551724,0.7719298245614035,6,7,216
v4_social_signal_experiment_v4_prompt_think_true_v4pilot60_gemma4_26b_social_signal_v9_f1_balanced_think_nojson_guard2_ctx32768_tok8192_b1,v4_social_signal_experiment_v4_prompt_think_true_v4pilot60_gemma4_26b_social_signal_v9_f1_balanced_think_nojson_guard2_ctx32768_tok8192_b1.csv,v4_social_signal,gemma4:26b,78d98a686ffa,0.55,41,37,56,1.3658536585365855,0.42857142857142855,0.6486486486486487,0.5161290322580645,0.388764594156751,0.5317073170731706,0.7857142857142857,0.7586206896551724,0.7719298245614035,6,7,216
v4_social_signal_experiment_v4_prompt_think_true_v4pilot60_gemma4_26b_social_signal_v9_f1_balanced_think_nojson_guard2_ctx32768_tok8192_b1,v4_social_signal_experiment_v4_prompt_think_true_v4pilot60_gemma4_26b_social_signal_v9_f1_balanced_think_nojson_guard2_ctx32768_tok8192_b1.csv,v4_social_signal,gemma4:26b,78d98a686ffa,0.60,41,37,56,1.3658536585365855,0.42857142857142855,0.6486486486486487,0.5161290322580645,0.388764594156751,0.5317073170731706,0.7857142857142857,0.7586206896551724,0.7719298245614035,6,7,216
v4_social_signal_experiment_v4_prompt_think_true_oldgold_gemma4_26b_direct_core_targeted_v7_think_nojson_guard2_ctx32768_tok8192_b1_pilot30,v4_social_signal_experiment_v4_prompt_think_true_oldgold_gemma4_26b_direct_core_targeted_v7_think_nojson_guard2_ctx32768_tok8192_b1_pilot30.csv,v4_social_signal,gemma4:26b,a72b2da2ccaf,default,30,22,44,1.4666666666666666,0.38636363636363635,0.7727272727272727,0.5151515151515151,0.5324134199134198,0.5466666666666666,0.76,1.0,0.8636363636363636,6,0,0
v4_social_signal_experiment_v4_prompt_think_true_oldgold_gemma4_26b_direct_core_targeted_v7_think_nojson_guard2_ctx32768_tok8192_b1_pilot30,v4_social_signal_experiment_v4_prompt_think_true_oldgold_gemma4_26b_direct_core_targeted_v7_think_nojson_guard2_ctx32768_tok8192_b1_pilot30.csv,v4_social_signal,gemma4:26b,a72b2da2ccaf,0.05,30,22,44,1.4666666666666666,0.38636363636363635,0.7727272727272727,0.5151515151515151,0.5324134199134198,0.5466666666666666,0.76,1.0,0.8636363636363636,6,0,0
v4_social_signal_experiment_v4_prompt_think_true_oldgold_gemma4_26b_direct_core_targeted_v7_think_nojson_guard2_ctx32768_tok8192_b1_pilot30,v4_social_signal_experiment_v4_prompt_think_true_oldgold_gemma4_26b_direct_core_targeted_v7_think_nojson_guard2_ctx32768_tok8192_b1_pilot30.csv,v4_social_signal,gemma4:26b,a72b2da2ccaf,0.10,30,22,44,1.4666666666666666,0.38636363636363635,0.7727272727272727,0.5151515151515151,0.5324134199134198,0.5466666666666666,0.76,1.0,0.8636363636363636,6,0,0
v4_social_signal_experiment_v4_prompt_think_true_oldgold_gemma4_26b_direct_core_targeted_v7_think_nojson_guard2_ctx32768_tok8192_b1_pilot30,v4_social_signal_experiment_v4_prompt_think_true_oldgold_gemma4_26b_direct_core_targeted_v7_think_nojson_guard2_ctx32768_tok8192_b1_pilot30.csv,v4_social_signal,gemma4:26b,a72b2da2ccaf,0.15,30,22,44,1.4666666666666666,0.38636363636363635,0.7727272727272727,0.5151515151515151,0.5324134199134198,0.5466666666666666,0.76,1.0,0.8636363636363636,6,0,0
v4_social_signal_experiment_v4_prompt_think_true_oldgold_gemma4_26b_direct_core_targeted_v7_think_nojson_guard2_ctx32768_tok8192_b1_pilot30,v4_social_signal_experiment_v4_prompt_think_true_oldgold_gemma4_26b_direct_core_targeted_v7_think_nojson_guard2_ctx32768_tok8192_b1_pilot30.csv,v4_social_signal,gemma4:26b,a72b2da2ccaf,0.20,30,22,44,1.4666666666666666,0.38636363636363635,0.7727272727272727,0.5151515151515151,0.5324134199134198,0.5466666666666666,0.76,1.0,0.8636363636363636,6,0,0
v4_social_signal_experiment_v4_prompt_think_true_oldgold_gemma4_26b_direct_core_targeted_v7_think_nojson_guard2_ctx32768_tok8192_b1_pilot30,v4_social_signal_experiment_v4_prompt_think_true_oldgold_gemma4_26b_direct_core_targeted_v7_think_nojson_guard2_ctx32768_tok8192_b1_pilot30.csv,v4_social_signal,gemma4:26b,a72b2da2ccaf,0.25,30,22,44,1.4666666666666666,0.38636363636363635,0.7727272727272727,0.5151515151515151,0.5324134199134198,0.5466666666666666,0.76,1.0,0.8636363636363636,6,0,0
v4_social_signal_experiment_v4_prompt_think_true_oldgold_gemma4_26b_direct_core_targeted_v7_think_nojson_guard2_ctx32768_tok8192_b1_pilot30,v4_social_signal_experiment_v4_prompt_think_true_oldgold_gemma4_26b_direct_core_targeted_v7_think_nojson_guard2_ctx32768_tok8192_b1_pilot30.csv,v4_social_signal,gemma4:26b,a72b2da2ccaf,0.30,30,22,44,1.4666666666666666,0.38636363636363635,0.7727272727272727,0.5151515151515151,0.5324134199134198,0.5466666666666666,0.76,1.0,0.8636363636363636,6,0,0
v4_social_signal_experiment_v4_prompt_think_true_oldgold_gemma4_26b_direct_core_targeted_v7_think_nojson_guard2_ctx32768_tok8192_b1_pilot30,v4_social_signal_experiment_v4_prompt_think_true_oldgold_gemma4_26b_direct_core_targeted_v7_think_nojson_guard2_ctx32768_tok8192_b1_pilot30.csv,v4_social_signal,gemma4:26b,a72b2da2ccaf,0.35,30,22,44,1.4666666666666666,0.38636363636363635,0.7727272727272727,0.5151515151515151,0.5324134199134198,0.5466666666666666,0.76,1.0,0.8636363636363636,6,0,0
v4_social_signal_experiment_v4_prompt_think_true_oldgold_gemma4_26b_direct_core_targeted_v7_think_nojson_guard2_ctx32768_tok8192_b1_pilot30,v4_social_signal_experiment_v4_prompt_think_true_oldgold_gemma4_26b_direct_core_targeted_v7_think_nojson_guard2_ctx32768_tok8192_b1_pilot30.csv,v4_social_signal,gemma4:26b,a72b2da2ccaf,0.40,30,22,44,1.4666666666666666,0.38636363636363635,0.7727272727272727,0.5151515151515151,0.5324134199134198,0.5466666666666666,0.76,1.0,0.8636363636363636,6,0,0
v4_social_signal_experiment_v4_prompt_think_true_oldgold_gemma4_26b_direct_core_targeted_v7_think_nojson_guard2_ctx32768_tok8192_b1_pilot30,v4_social_signal_experiment_v4_prompt_think_true_oldgold_gemma4_26b_direct_core_targeted_v7_think_nojson_guard2_ctx32768_tok8192_b1_pilot30.csv,v4_social_signal,gemma4:26b,a72b2da2ccaf,0.45,30,22,44,1.4666666666666666,0.38636363636363635,0.7727272727272727,0.5151515151515151,0.5324134199134198,0.5466666666666666,0.76,1.0,0.8636363636363636,6,0,0
v4_social_signal_experiment_v4_prompt_think_true_oldgold_gemma4_26b_direct_core_targeted_v7_think_nojson_guard2_ctx32768_tok8192_b1_pilot30,v4_social_signal_experiment_v4_prompt_think_true_oldgold_gemma4_26b_direct_core_targeted_v7_think_nojson_guard2_ctx32768_tok8192_b1_pilot30.csv,v4_social_signal,gemma4:26b,a72b2da2ccaf,0.50,30,22,44,1.4666666666666666,0.38636363636363635,0.7727272727272727,0.5151515151515151,0.5324134199134198,0.5466666666666666,0.76,1.0,0.8636363636363636,6,0,0
v4_social_signal_experiment_v4_prompt_think_true_oldgold_gemma4_26b_direct_core_targeted_v7_think_nojson_guard2_ctx32768_tok8192_b1_pilot30,v4_social_signal_experiment_v4_prompt_think_true_oldgold_gemma4_26b_direct_core_targeted_v7_think_nojson_guard2_ctx32768_tok8192_b1_pilot30.csv,v4_social_signal,gemma4:26b,a72b2da2ccaf,0.55,30,22,44,1.4666666666666666,0.38636363636363635,0.7727272727272727,0.5151515151515151,0.5324134199134198,0.5466666666666666,0.76,1.0,0.8636363636363636,6,0,0
v4_social_signal_experiment_v4_prompt_think_true_oldgold_gemma4_26b_direct_core_targeted_v7_think_nojson_guard2_ctx32768_tok8192_b1_pilot30,v4_social_signal_experiment_v4_prompt_think_true_oldgold_gemma4_26b_direct_core_targeted_v7_think_nojson_guard2_ctx32768_tok8192_b1_pilot30.csv,v4_social_signal,gemma4:26b,a72b2da2ccaf,0.60,30,22,44,1.4666666666666666,0.38636363636363635,0.7727272727272727,0.5151515151515151,0.5324134199134198,0.5466666666666666,0.76,1.0,0.8636363636363636,6,0,0
v4_social_signal_experiment_v4_prompt_think_true_gemma4_e4b_direct_core_gold_fewshot_v5_think_ctx16384_tok16384_n237,v4_social_signal_experiment_v4_prompt_think_true_gemma4_e4b_direct_core_gold_fewshot_v5_think_ctx16384_tok16384_n237.csv,v4_social_signal,gemma4:e4b,eddf7962ae1b,0.65,237,225,459,1.9367088607594938,0.3812636165577342,0.7777777777777778,0.5116959064327485,0.3325045138162219,0.4715089411291943,0.7324561403508771,0.9940476190476191,0.8434343434343434,61,1,36
v4_social_signal_experiment_v4_prompt_think_true_gemma4_e4b_direct_core_gold_fewshot_v5_think_ctx16384_tok16384_n237,v4_social_signal_experiment_v4_prompt_think_true_gemma4_e4b_direct_core_gold_fewshot_v5_think_ctx16384_tok16384_n237.csv,v4_social_signal,gemma4:e4b,eddf7962ae1b,0.70,237,225,459,1.9367088607594938,0.3812636165577342,0.7777777777777778,0.5116959064327485,0.3325045138162219,0.4715089411291943,0.7324561403508771,0.9940476190476191,0.8434343434343434,61,1,36
v4_social_signal_experiment_v4_prompt_think_true_oldgold_gemma4_26b_direct_core_targeted_v7_think_nojson_guard2_ctx32768_tok8192_b1_pilot30,v4_social_signal_experiment_v4_prompt_think_true_oldgold_gemma4_26b_direct_core_targeted_v7_think_nojson_guard2_ctx32768_tok8192_b1_pilot30.csv,v4_social_signal,gemma4:26b,a72b2da2ccaf,0.80,30,22,25,0.8333333333333334,0.48,0.5454545454545454,0.5106382978723404,0.4477891156462585,0.6355555555555555,0.8888888888888888,0.8421052631578947,0.8648648648648649,2,3,0
v4_social_signal_experiment_v4_prompt_think_true_oldgold_gemma4_26b_high_recall_minimal_v1_think_nojson_guard2_ctx32768_tok8192_b1_pilot30,v4_social_signal_experiment_v4_prompt_think_true_oldgold_gemma4_26b_high_recall_minimal_v1_think_nojson_guard2_ctx32768_tok8192_b1_pilot30.csv,v4_social_signal,gemma4:26b,8e2c7270d4ca,0.35,30,22,25,0.8333333333333334,0.48,0.5454545454545454,0.5106382978723404,0.42222222222222217,0.6411111111111112,0.9444444444444444,0.8947368421052632,0.918918918918919,1,2,36
v4_social_signal_experiment_v4_prompt_think_true_oldgold_gemma4_26b_high_recall_minimal_v1_think_nojson_guard2_ctx32768_tok8192_b1_pilot30,v4_social_signal_experiment_v4_prompt_think_true_oldgold_gemma4_26b_high_recall_minimal_v1_think_nojson_guard2_ctx32768_tok8192_b1_pilot30.csv,v4_social_signal,gemma4:26b,8e2c7270d4ca,0.40,30,22,25,0.8333333333333334,0.48,0.5454545454545454,0.5106382978723404,0.42222222222222217,0.6411111111111112,0.9444444444444444,0.8947368421052632,0.918918918918919,1,2,36
v4_social_signal_experiment_v4_prompt_think_true_oldgold_gemma4_26b_high_recall_minimal_v1_think_nojson_guard2_ctx32768_tok8192_b1_pilot30,v4_social_signal_experiment_v4_prompt_think_true_oldgold_gemma4_26b_high_recall_minimal_v1_think_nojson_guard2_ctx32768_tok8192_b1_pilot30.csv,v4_social_signal,gemma4:26b,8e2c7270d4ca,0.45,30,22,25,0.8333333333333334,0.48,0.5454545454545454,0.5106382978723404,0.42222222222222217,0.6411111111111112,0.9444444444444444,0.8947368421052632,0.918918918918919,1,2,36
v4_social_signal_experiment_v4_prompt_think_true_oldgold_gemma4_26b_high_recall_minimal_v1_think_nojson_guard2_ctx32768_tok8192_b1_pilot30,v4_social_signal_experiment_v4_prompt_think_true_oldgold_gemma4_26b_high_recall_minimal_v1_think_nojson_guard2_ctx32768_tok8192_b1_pilot30.csv,v4_social_signal,gemma4:26b,8e2c7270d4ca,0.50,30,22,25,0.8333333333333334,0.48,0.5454545454545454,0.5106382978723404,0.42222222222222217,0.6411111111111112,0.9444444444444444,0.8947368421052632,0.918918918918919,1,2,36
v4_social_signal_experiment_v4_prompt_think_true_oldgold_gemma4_26b_high_recall_minimal_v1_think_nojson_guard2_ctx32768_tok8192_b1_pilot30,v4_social_signal_experiment_v4_prompt_think_true_oldgold_gemma4_26b_high_recall_minimal_v1_think_nojson_guard2_ctx32768_tok8192_b1_pilot30.csv,v4_social_signal,gemma4:26b,8e2c7270d4ca,0.55,30,22,25,0.8333333333333334,0.48,0.5454545454545454,0.5106382978723404,0.42222222222222217,0.6411111111111112,0.9444444444444444,0.8947368421052632,0.918918918918919,1,2,36
v4_social_signal_experiment_v4_prompt_think_true_oldgold_gemma4_26b_high_recall_minimal_v1_think_nojson_guard2_ctx32768_tok8192_b1_pilot30,v4_social_signal_experiment_v4_prompt_think_true_oldgold_gemma4_26b_high_recall_minimal_v1_think_nojson_guard2_ctx32768_tok8192_b1_pilot30.csv,v4_social_signal,gemma4:26b,8e2c7270d4ca,0.60,30,22,25,0.8333333333333334,0.48,0.5454545454545454,0.5106382978723404,0.42222222222222217,0.6411111111111112,0.9444444444444444,0.8947368421052632,0.918918918918919,1,2,36
v4_social_signal_experiment_v4_prompt_think_true_v4pilot60_gemma4_26b_social_signal_v9_f1_balanced_think_nojson_guard2_ctx32768_tok8192_b1,v4_social_signal_experiment_v4_prompt_think_true_v4pilot60_gemma4_26b_social_signal_v9_f1_balanced_think_nojson_guard2_ctx32768_tok8192_b1.csv,v4_social_signal,gemma4:26b,78d98a686ffa,0.80,41,37,22,0.5365853658536586,0.6818181818181818,0.40540540540540543,0.5084745762711864,0.3238562091503268,0.5203252032520325,0.8235294117647058,0.4827586206896552,0.6086956521739131,3,15,216
v4_social_signal_experiment_v4_prompt_think_false_v4pilot60_qwen35_9b_social_signal_v9_f1_balanced_nothink_json_ctx32768_tok16384_b2,v4_social_signal_experiment_v4_prompt_think_false_v4pilot60_qwen35_9b_social_signal_v9_f1_balanced_nothink_json_ctx32768_tok16384_b2.csv,v4_social_signal,qwen35-9b,e9d7fb0bdbab,0.65,41,37,85,2.073170731707317,0.36470588235294116,0.8378378378378378,0.5081967213114754,0.5718853633407386,0.4894308943089431,0.7435897435897436,1.0,0.8529411764705882,10,0,0
v4_social_signal_experiment_v4_prompt_think_true_gemma4_e4b_direct_core_gold_fewshot_v5_think_ctx16384_tok16384_n237,v4_social_signal_experiment_v4_prompt_think_true_gemma4_e4b_direct_core_gold_fewshot_v5_think_ctx16384_tok16384_n237.csv,v4_social_signal,gemma4:e4b,eddf7962ae1b,default,237,225,467,1.970464135021097,0.3747323340471092,0.7777777777777778,0.5057803468208093,0.33025999280051443,0.46799276672694395,0.7324561403508771,0.9940476190476191,0.8434343434343434,61,1,36
v4_social_signal_experiment_v4_prompt_think_true_gemma4_e4b_direct_core_gold_fewshot_v5_think_ctx16384_tok16384_n237,v4_social_signal_experiment_v4_prompt_think_true_gemma4_e4b_direct_core_gold_fewshot_v5_think_ctx16384_tok16384_n237.csv,v4_social_signal,gemma4:e4b,eddf7962ae1b,0.05,237,225,467,1.970464135021097,0.3747323340471092,0.7777777777777778,0.5057803468208093,0.33025999280051443,0.46799276672694395,0.7324561403508771,0.9940476190476191,0.8434343434343434,61,1,36
v4_social_signal_experiment_v4_prompt_think_true_gemma4_e4b_direct_core_gold_fewshot_v5_think_ctx16384_tok16384_n237,v4_social_signal_experiment_v4_prompt_think_true_gemma4_e4b_direct_core_gold_fewshot_v5_think_ctx16384_tok16384_n237.csv,v4_social_signal,gemma4:e4b,eddf7962ae1b,0.10,237,225,467,1.970464135021097,0.3747323340471092,0.7777777777777778,0.5057803468208093,0.33025999280051443,0.46799276672694395,0.7324561403508771,0.9940476190476191,0.8434343434343434,61,1,36
v4_social_signal_experiment_v4_prompt_think_true_gemma4_e4b_direct_core_gold_fewshot_v5_think_ctx16384_tok16384_n237,v4_social_signal_experiment_v4_prompt_think_true_gemma4_e4b_direct_core_gold_fewshot_v5_think_ctx16384_tok16384_n237.csv,v4_social_signal,gemma4:e4b,eddf7962ae1b,0.15,237,225,467,1.970464135021097,0.3747323340471092,0.7777777777777778,0.5057803468208093,0.33025999280051443,0.46799276672694395,0.7324561403508771,0.9940476190476191,0.8434343434343434,61,1,36
v4_social_signal_experiment_v4_prompt_think_true_gemma4_e4b_direct_core_gold_fewshot_v5_think_ctx16384_tok16384_n237,v4_social_signal_experiment_v4_prompt_think_true_gemma4_e4b_direct_core_gold_fewshot_v5_think_ctx16384_tok16384_n237.csv,v4_social_signal,gemma4:e4b,eddf7962ae1b,0.20,237,225,467,1.970464135021097,0.3747323340471092,0.7777777777777778,0.5057803468208093,0.33025999280051443,0.46799276672694395,0.7324561403508771,0.9940476190476191,0.8434343434343434,61,1,36
v4_social_signal_experiment_v4_prompt_think_true_gemma4_e4b_direct_core_gold_fewshot_v5_think_ctx16384_tok16384_n237,v4_social_signal_experiment_v4_prompt_think_true_gemma4_e4b_direct_core_gold_fewshot_v5_think_ctx16384_tok16384_n237.csv,v4_social_signal,gemma4:e4b,eddf7962ae1b,0.25,237,225,467,1.970464135021097,0.3747323340471092,0.7777777777777778,0.5057803468208093,0.33025999280051443,0.46799276672694395,0.7324561403508771,0.9940476190476191,0.8434343434343434,61,1,36
v4_social_signal_experiment_v4_prompt_think_true_gemma4_e4b_direct_core_gold_fewshot_v5_think_ctx16384_tok16384_n237,v4_social_signal_experiment_v4_prompt_think_true_gemma4_e4b_direct_core_gold_fewshot_v5_think_ctx16384_tok16384_n237.csv,v4_social_signal,gemma4:e4b,eddf7962ae1b,0.30,237,225,467,1.970464135021097,0.3747323340471092,0.7777777777777778,0.5057803468208093,0.33025999280051443,0.46799276672694395,0.7324561403508771,0.9940476190476191,0.8434343434343434,61,1,36
v4_social_signal_experiment_v4_prompt_think_true_gemma4_e4b_direct_core_gold_fewshot_v5_think_ctx16384_tok16384_n237,v4_social_signal_experiment_v4_prompt_think_true_gemma4_e4b_direct_core_gold_fewshot_v5_think_ctx16384_tok16384_n237.csv,v4_social_signal,gemma4:e4b,eddf7962ae1b,0.35,237,225,467,1.970464135021097,0.3747323340471092,0.7777777777777778,0.5057803468208093,0.33025999280051443,0.46799276672694395,0.7324561403508771,0.9940476190476191,0.8434343434343434,61,1,36
v4_social_signal_experiment_v4_prompt_think_true_gemma4_e4b_direct_core_gold_fewshot_v5_think_ctx16384_tok16384_n237,v4_social_signal_experiment_v4_prompt_think_true_gemma4_e4b_direct_core_gold_fewshot_v5_think_ctx16384_tok16384_n237.csv,v4_social_signal,gemma4:e4b,eddf7962ae1b,0.40,237,225,467,1.970464135021097,0.3747323340471092,0.7777777777777778,0.5057803468208093,0.33025999280051443,0.46799276672694395,0.7324561403508771,0.9940476190476191,0.8434343434343434,61,1,36
v4_social_signal_experiment_v4_prompt_think_true_gemma4_e4b_direct_core_gold_fewshot_v5_think_ctx16384_tok16384_n237,v4_social_signal_experiment_v4_prompt_think_true_gemma4_e4b_direct_core_gold_fewshot_v5_think_ctx16384_tok16384_n237.csv,v4_social_signal,gemma4:e4b,eddf7962ae1b,0.45,237,225,467,1.970464135021097,0.3747323340471092,0.7777777777777778,0.5057803468208093,0.33025999280051443,0.46799276672694395,0.7324561403508771,0.9940476190476191,0.8434343434343434,61,1,36
v4_social_signal_experiment_v4_prompt_think_true_gemma4_e4b_direct_core_gold_fewshot_v5_think_ctx16384_tok16384_n237,v4_social_signal_experiment_v4_prompt_think_true_gemma4_e4b_direct_core_gold_fewshot_v5_think_ctx16384_tok16384_n237.csv,v4_social_signal,gemma4:e4b,eddf7962ae1b,0.50,237,225,467,1.970464135021097,0.3747323340471092,0.7777777777777778,0.5057803468208093,0.33025999280051443,0.46799276672694395,0.7324561403508771,0.9940476190476191,0.8434343434343434,61,1,36
v4_social_signal_experiment_v4_prompt_think_true_gemma4_e4b_direct_core_gold_fewshot_v5_think_ctx16384_tok16384_n237,v4_social_signal_experiment_v4_prompt_think_true_gemma4_e4b_direct_core_gold_fewshot_v5_think_ctx16384_tok16384_n237.csv,v4_social_signal,gemma4:e4b,eddf7962ae1b,0.55,237,225,467,1.970464135021097,0.3747323340471092,0.7777777777777778,0.5057803468208093,0.33025999280051443,0.46799276672694395,0.7324561403508771,0.9940476190476191,0.8434343434343434,61,1,36
v4_social_signal_experiment_v4_prompt_think_true_gemma4_e4b_direct_core_gold_fewshot_v5_think_ctx16384_tok16384_n237,v4_social_signal_experiment_v4_prompt_think_true_gemma4_e4b_direct_core_gold_fewshot_v5_think_ctx16384_tok16384_n237.csv,v4_social_signal,gemma4:e4b,eddf7962ae1b,0.60,237,225,467,1.970464135021097,0.3747323340471092,0.7777777777777778,0.5057803468208093,0.33025999280051443,0.46799276672694395,0.7324561403508771,0.9940476190476191,0.8434343434343434,61,1,36
v4_social_signal_experiment_v4_prompt_think_false_v4pilot60_qwen35_9b_social_signal_v9_f1_balanced_nothink_json_ctx32768_tok16384_b2,v4_social_signal_experiment_v4_prompt_think_false_v4pilot60_qwen35_9b_social_signal_v9_f1_balanced_nothink_json_ctx32768_tok16384_b2.csv,v4_social_signal,qwen35-9b,e9d7fb0bdbab,default,41,37,86,2.097560975609756,0.36046511627906974,0.8378378378378378,0.5040650406504065,0.5718853633407386,0.46504065040650405,0.725,1.0,0.8405797101449275,11,0,0
v4_social_signal_experiment_v4_prompt_think_false_v4pilot60_qwen35_9b_social_signal_v9_f1_balanced_nothink_json_ctx32768_tok16384_b2,v4_social_signal_experiment_v4_prompt_think_false_v4pilot60_qwen35_9b_social_signal_v9_f1_balanced_nothink_json_ctx32768_tok16384_b2.csv,v4_social_signal,qwen35-9b,e9d7fb0bdbab,0.05,41,37,86,2.097560975609756,0.36046511627906974,0.8378378378378378,0.5040650406504065,0.5718853633407386,0.46504065040650405,0.725,1.0,0.8405797101449275,11,0,0
v4_social_signal_experiment_v4_prompt_think_false_v4pilot60_qwen35_9b_social_signal_v9_f1_balanced_nothink_json_ctx32768_tok16384_b2,v4_social_signal_experiment_v4_prompt_think_false_v4pilot60_qwen35_9b_social_signal_v9_f1_balanced_nothink_json_ctx32768_tok16384_b2.csv,v4_social_signal,qwen35-9b,e9d7fb0bdbab,0.10,41,37,86,2.097560975609756,0.36046511627906974,0.8378378378378378,0.5040650406504065,0.5718853633407386,0.46504065040650405,0.725,1.0,0.8405797101449275,11,0,0
v4_social_signal_experiment_v4_prompt_think_false_v4pilot60_qwen35_9b_social_signal_v9_f1_balanced_nothink_json_ctx32768_tok16384_b2,v4_social_signal_experiment_v4_prompt_think_false_v4pilot60_qwen35_9b_social_signal_v9_f1_balanced_nothink_json_ctx32768_tok16384_b2.csv,v4_social_signal,qwen35-9b,e9d7fb0bdbab,0.15,41,37,86,2.097560975609756,0.36046511627906974,0.8378378378378378,0.5040650406504065,0.5718853633407386,0.46504065040650405,0.725,1.0,0.8405797101449275,11,0,0
v4_social_signal_experiment_v4_prompt_think_false_v4pilot60_qwen35_9b_social_signal_v9_f1_balanced_nothink_json_ctx32768_tok16384_b2,v4_social_signal_experiment_v4_prompt_think_false_v4pilot60_qwen35_9b_social_signal_v9_f1_balanced_nothink_json_ctx32768_tok16384_b2.csv,v4_social_signal,qwen35-9b,e9d7fb0bdbab,0.20,41,37,86,2.097560975609756,0.36046511627906974,0.8378378378378378,0.5040650406504065,0.5718853633407386,0.46504065040650405,0.725,1.0,0.8405797101449275,11,0,0
v4_social_signal_experiment_v4_prompt_think_false_v4pilot60_qwen35_9b_social_signal_v9_f1_balanced_nothink_json_ctx32768_tok16384_b2,v4_social_signal_experiment_v4_prompt_think_false_v4pilot60_qwen35_9b_social_signal_v9_f1_balanced_nothink_json_ctx32768_tok16384_b2.csv,v4_social_signal,qwen35-9b,e9d7fb0bdbab,0.25,41,37,86,2.097560975609756,0.36046511627906974,0.8378378378378378,0.5040650406504065,0.5718853633407386,0.46504065040650405,0.725,1.0,0.8405797101449275,11,0,0
v4_social_signal_experiment_v4_prompt_think_false_v4pilot60_qwen35_9b_social_signal_v9_f1_balanced_nothink_json_ctx32768_tok16384_b2,v4_social_signal_experiment_v4_prompt_think_false_v4pilot60_qwen35_9b_social_signal_v9_f1_balanced_nothink_json_ctx32768_tok16384_b2.csv,v4_social_signal,qwen35-9b,e9d7fb0bdbab,0.30,41,37,86,2.097560975609756,0.36046511627906974,0.8378378378378378,0.5040650406504065,0.5718853633407386,0.46504065040650405,0.725,1.0,0.8405797101449275,11,0,0
v4_social_signal_experiment_v4_prompt_think_false_v4pilot60_qwen35_9b_social_signal_v9_f1_balanced_nothink_json_ctx32768_tok16384_b2,v4_social_signal_experiment_v4_prompt_think_false_v4pilot60_qwen35_9b_social_signal_v9_f1_balanced_nothink_json_ctx32768_tok16384_b2.csv,v4_social_signal,qwen35-9b,e9d7fb0bdbab,0.35,41,37,86,2.097560975609756,0.36046511627906974,0.8378378378378378,0.5040650406504065,0.5718853633407386,0.46504065040650405,0.725,1.0,0.8405797101449275,11,0,0
v4_social_signal_experiment_v4_prompt_think_false_v4pilot60_qwen35_9b_social_signal_v9_f1_balanced_nothink_json_ctx32768_tok16384_b2,v4_social_signal_experiment_v4_prompt_think_false_v4pilot60_qwen35_9b_social_signal_v9_f1_balanced_nothink_json_ctx32768_tok16384_b2.csv,v4_social_signal,qwen35-9b,e9d7fb0bdbab,0.40,41,37,86,2.097560975609756,0.36046511627906974,0.8378378378378378,0.5040650406504065,0.5718853633407386,0.46504065040650405,0.725,1.0,0.8405797101449275,11,0,0
v4_social_signal_experiment_v4_prompt_think_false_v4pilot60_qwen35_9b_social_signal_v9_f1_balanced_nothink_json_ctx32768_tok16384_b2,v4_social_signal_experiment_v4_prompt_think_false_v4pilot60_qwen35_9b_social_signal_v9_f1_balanced_nothink_json_ctx32768_tok16384_b2.csv,v4_social_signal,qwen35-9b,e9d7fb0bdbab,0.45,41,37,86,2.097560975609756,0.36046511627906974,0.8378378378378378,0.5040650406504065,0.5718853633407386,0.46504065040650405,0.725,1.0,0.8405797101449275,11,0,0
v4_social_signal_experiment_v4_prompt_think_false_v4pilot60_qwen35_9b_social_signal_v9_f1_balanced_nothink_json_ctx32768_tok16384_b2,v4_social_signal_experiment_v4_prompt_think_false_v4pilot60_qwen35_9b_social_signal_v9_f1_balanced_nothink_json_ctx32768_tok16384_b2.csv,v4_social_signal,qwen35-9b,e9d7fb0bdbab,0.50,41,37,86,2.097560975609756,0.36046511627906974,0.8378378378378378,0.5040650406504065,0.5718853633407386,0.46504065040650405,0.725,1.0,0.8405797101449275,11,0,0
v4_social_signal_experiment_v4_prompt_think_false_v4pilot60_qwen35_9b_social_signal_v9_f1_balanced_nothink_json_ctx32768_tok16384_b2,v4_social_signal_experiment_v4_prompt_think_false_v4pilot60_qwen35_9b_social_signal_v9_f1_balanced_nothink_json_ctx32768_tok16384_b2.csv,v4_social_signal,qwen35-9b,e9d7fb0bdbab,0.55,41,37,86,2.097560975609756,0.36046511627906974,0.8378378378378378,0.5040650406504065,0.5718853633407386,0.46504065040650405,0.725,1.0,0.8405797101449275,11,0,0
v4_social_signal_experiment_v4_prompt_think_false_v4pilot60_qwen35_9b_social_signal_v9_f1_balanced_nothink_json_ctx32768_tok16384_b2,v4_social_signal_experiment_v4_prompt_think_false_v4pilot60_qwen35_9b_social_signal_v9_f1_balanced_nothink_json_ctx32768_tok16384_b2.csv,v4_social_signal,qwen35-9b,e9d7fb0bdbab,0.60,41,37,86,2.097560975609756,0.36046511627906974,0.8378378378378378,0.5040650406504065,0.5718853633407386,0.46504065040650405,0.725,1.0,0.8405797101449275,11,0,0
v4_social_signal_experiment_v4_prompt_think_false_gemma4_26b_ctx32k_tok8k_b1_search237,v4_social_signal_experiment_v4_prompt_think_false_gemma4_26b_ctx32k_tok8k_b1_search237.csv,v4_social_signal,gemma4:26b,c1902992d91d,0.85,237,252,114,0.4810126582278481,0.8070175438596491,0.36507936507936506,0.5027322404371585,0.5006928169499058,0.5047819971870604,0.9883720930232558,0.46703296703296704,0.6343283582089553,1,97,0
v4_social_signal_experiment_v4_prompt_think_false_v4full965_qwen36_35b_iq4_social_signal_v9_f1_balanced_nothink_json_ctx16384_tok8192_b4.partial,v4_social_signal_experiment_v4_prompt_think_false_v4full965_qwen36_35b_iq4_social_signal_v9_f1_balanced_nothink_json_ctx16384_tok8192_b4.partial.csv,v4_social_signal,qwen3.6-35b:iq4,979e3824848e,0.80,4,1,3,0.75,0.3333333333333333,1.0,0.5,1.0,0.5,0.3333333333333333,1.0,0.5,2,0,0
v4_social_signal_experiment_v4_prompt_think_true_oldgold_gemma4_26b_direct_core_targeted_v7_think_nojson_guard2_ctx32768_tok8192_b1_pilot8,v4_social_signal_experiment_v4_prompt_think_true_oldgold_gemma4_26b_direct_core_targeted_v7_think_nojson_guard2_ctx32768_tok8192_b1_pilot8.csv,v4_social_signal,gemma4:26b,a8d3082c4e73,default,8,6,14,1.75,0.35714285714285715,0.8333333333333334,0.5,0.8333333333333334,0.5708333333333333,0.7142857142857143,1.0,0.8333333333333334,2,0,0
v4_social_signal_experiment_v4_prompt_think_true_oldgold_gemma4_26b_direct_core_targeted_v7_think_nojson_guard2_ctx32768_tok8192_b1_pilot8,v4_social_signal_experiment_v4_prompt_think_true_oldgold_gemma4_26b_direct_core_targeted_v7_think_nojson_guard2_ctx32768_tok8192_b1_pilot8.csv,v4_social_signal,gemma4:26b,a8d3082c4e73,0.05,8,6,14,1.75,0.35714285714285715,0.8333333333333334,0.5,0.8333333333333334,0.5708333333333333,0.7142857142857143,1.0,0.8333333333333334,2,0,0
v4_social_signal_experiment_v4_prompt_think_true_oldgold_gemma4_26b_direct_core_targeted_v7_think_nojson_guard2_ctx32768_tok8192_b1_pilot8,v4_social_signal_experiment_v4_prompt_think_true_oldgold_gemma4_26b_direct_core_targeted_v7_think_nojson_guard2_ctx32768_tok8192_b1_pilot8.csv,v4_social_signal,gemma4:26b,a8d3082c4e73,0.10,8,6,14,1.75,0.35714285714285715,0.8333333333333334,0.5,0.8333333333333334,0.5708333333333333,0.7142857142857143,1.0,0.8333333333333334,2,0,0
v4_social_signal_experiment_v4_prompt_think_true_oldgold_gemma4_26b_direct_core_targeted_v7_think_nojson_guard2_ctx32768_tok8192_b1_pilot8,v4_social_signal_experiment_v4_prompt_think_true_oldgold_gemma4_26b_direct_core_targeted_v7_think_nojson_guard2_ctx32768_tok8192_b1_pilot8.csv,v4_social_signal,gemma4:26b,a8d3082c4e73,0.15,8,6,14,1.75,0.35714285714285715,0.8333333333333334,0.5,0.8333333333333334,0.5708333333333333,0.7142857142857143,1.0,0.8333333333333334,2,0,0
v4_social_signal_experiment_v4_prompt_think_true_oldgold_gemma4_26b_direct_core_targeted_v7_think_nojson_guard2_ctx32768_tok8192_b1_pilot8,v4_social_signal_experiment_v4_prompt_think_true_oldgold_gemma4_26b_direct_core_targeted_v7_think_nojson_guard2_ctx32768_tok8192_b1_pilot8.csv,v4_social_signal,gemma4:26b,a8d3082c4e73,0.20,8,6,14,1.75,0.35714285714285715,0.8333333333333334,0.5,0.8333333333333334,0.5708333333333333,0.7142857142857143,1.0,0.8333333333333334,2,0,0
v4_social_signal_experiment_v4_prompt_think_true_oldgold_gemma4_26b_direct_core_targeted_v7_think_nojson_guard2_ctx32768_tok8192_b1_pilot8,v4_social_signal_experiment_v4_prompt_think_true_oldgold_gemma4_26b_direct_core_targeted_v7_think_nojson_guard2_ctx32768_tok8192_b1_pilot8.csv,v4_social_signal,gemma4:26b,a8d3082c4e73,0.25,8,6,14,1.75,0.35714285714285715,0.8333333333333334,0.5,0.8333333333333334,0.5708333333333333,0.7142857142857143,1.0,0.8333333333333334,2,0,0
v4_social_signal_experiment_v4_prompt_think_true_oldgold_gemma4_26b_direct_core_targeted_v7_think_nojson_guard2_ctx32768_tok8192_b1_pilot8,v4_social_signal_experiment_v4_prompt_think_true_oldgold_gemma4_26b_direct_core_targeted_v7_think_nojson_guard2_ctx32768_tok8192_b1_pilot8.csv,v4_social_signal,gemma4:26b,a8d3082c4e73,0.30,8,6,14,1.75,0.35714285714285715,0.8333333333333334,0.5,0.8333333333333334,0.5708333333333333,0.7142857142857143,1.0,0.8333333333333334,2,0,0
v4_social_signal_experiment_v4_prompt_think_true_oldgold_gemma4_26b_direct_core_targeted_v7_think_nojson_guard2_ctx32768_tok8192_b1_pilot8,v4_social_signal_experiment_v4_prompt_think_true_oldgold_gemma4_26b_direct_core_targeted_v7_think_nojson_guard2_ctx32768_tok8192_b1_pilot8.csv,v4_social_signal,gemma4:26b,a8d3082c4e73,0.35,8,6,14,1.75,0.35714285714285715,0.8333333333333334,0.5,0.8333333333333334,0.5708333333333333,0.7142857142857143,1.0,0.8333333333333334,2,0,0
v4_social_signal_experiment_v4_prompt_think_true_oldgold_gemma4_26b_direct_core_targeted_v7_think_nojson_guard2_ctx32768_tok8192_b1_pilot8,v4_social_signal_experiment_v4_prompt_think_true_oldgold_gemma4_26b_direct_core_targeted_v7_think_nojson_guard2_ctx32768_tok8192_b1_pilot8.csv,v4_social_signal,gemma4:26b,a8d3082c4e73,0.40,8,6,14,1.75,0.35714285714285715,0.8333333333333334,0.5,0.8333333333333334,0.5708333333333333,0.7142857142857143,1.0,0.8333333333333334,2,0,0
v4_social_signal_experiment_v4_prompt_think_true_oldgold_gemma4_26b_direct_core_targeted_v7_think_nojson_guard2_ctx32768_tok8192_b1_pilot8,v4_social_signal_experiment_v4_prompt_think_true_oldgold_gemma4_26b_direct_core_targeted_v7_think_nojson_guard2_ctx32768_tok8192_b1_pilot8.csv,v4_social_signal,gemma4:26b,a8d3082c4e73,0.45,8,6,14,1.75,0.35714285714285715,0.8333333333333334,0.5,0.8333333333333334,0.5708333333333333,0.7142857142857143,1.0,0.8333333333333334,2,0,0
v4_social_signal_experiment_v4_prompt_think_true_oldgold_gemma4_26b_direct_core_targeted_v7_think_nojson_guard2_ctx32768_tok8192_b1_pilot8,v4_social_signal_experiment_v4_prompt_think_true_oldgold_gemma4_26b_direct_core_targeted_v7_think_nojson_guard2_ctx32768_tok8192_b1_pilot8.csv,v4_social_signal,gemma4:26b,a8d3082c4e73,0.50,8,6,14,1.75,0.35714285714285715,0.8333333333333334,0.5,0.8333333333333334,0.5708333333333333,0.7142857142857143,1.0,0.8333333333333334,2,0,0
v4_social_signal_experiment_v4_prompt_think_true_oldgold_gemma4_26b_direct_core_targeted_v7_think_nojson_guard2_ctx32768_tok8192_b1_pilot8,v4_social_signal_experiment_v4_prompt_think_true_oldgold_gemma4_26b_direct_core_targeted_v7_think_nojson_guard2_ctx32768_tok8192_b1_pilot8.csv,v4_social_signal,gemma4:26b,a8d3082c4e73,0.55,8,6,14,1.75,0.35714285714285715,0.8333333333333334,0.5,0.8333333333333334,0.5708333333333333,0.7142857142857143,1.0,0.8333333333333334,2,0,0
v4_social_signal_experiment_v4_prompt_think_true_oldgold_gemma4_26b_direct_core_targeted_v7_think_nojson_guard2_ctx32768_tok8192_b1_pilot8,v4_social_signal_experiment_v4_prompt_think_true_oldgold_gemma4_26b_direct_core_targeted_v7_think_nojson_guard2_ctx32768_tok8192_b1_pilot8.csv,v4_social_signal,gemma4:26b,a8d3082c4e73,0.60,8,6,14,1.75,0.35714285714285715,0.8333333333333334,0.5,0.8333333333333334,0.5708333333333333,0.7142857142857143,1.0,0.8333333333333334,2,0,0
v4_social_signal_experiment_v4_prompt_think_false_gemma4_26b_ctx32k_tok8k_b1_search237,v4_social_signal_experiment_v4_prompt_think_false_gemma4_26b_ctx32k_tok8k_b1_search237.csv,v4_social_signal,gemma4:26b,c1902992d91d,0.80,237,252,116,0.48945147679324896,0.7931034482758621,0.36507936507936506,0.5,0.4941232995108231,0.5033755274261603,0.9883720930232558,0.46703296703296704,0.6343283582089553,1,97,0
v4_social_signal_experiment_v4_prompt_think_true_v4pilot60_qwen35_9b_social_signal_v9_f1_balanced_think_nojson_guard2_ctx32768_tok8192_b1.partial,v4_social_signal_experiment_v4_prompt_think_true_v4pilot60_qwen35_9b_social_signal_v9_f1_balanced_think_nojson_guard2_ctx32768_tok8192_b1.partial.csv,v4_social_signal,qwen35-9b,a25d70653e0c,0.90,3,3,1,0.3333333333333333,1.0,0.3333333333333333,0.5,0.3333333333333333,0.3333333333333333,1.0,0.3333333333333333,0.5,0,2,72
v4_social_signal_experiment_v4_prompt_think_true_gemma4_e4b_gold_mimic_broad_v1_think_ctx16384_tok16384_n237,v4_social_signal_experiment_v4_prompt_think_true_gemma4_e4b_gold_mimic_broad_v1_think_ctx16384_tok16384_n237.csv,v4_social_signal,gemma4:e4b,183047e552a4,0.80,237,225,395,1.6666666666666667,0.38734177215189874,0.68,0.4935483870967742,0.3625748270277123,0.4747036367289532,0.7397260273972602,0.9642857142857143,0.8372093023255814,57,6,108
v4_social_signal_experiment_v4_prompt_think_true_gemma4_e2b_direct_core_recall_v2_think_ctx16384_tok16384_n237,v4_social_signal_experiment_v4_prompt_think_true_gemma4_e2b_direct_core_recall_v2_think_ctx16384_tok16384_n237.csv,v4_social_signal,gemma4:e2b,c8807482784f,default,237,225,169,0.7130801687763713,0.5739644970414202,0.4311111111111111,0.49238578680203043,0.308062950937951,0.5315049226441632,0.8441558441558441,0.7738095238095238,0.8074534161490683,24,38,360
v4_social_signal_experiment_v4_prompt_think_true_gemma4_e2b_direct_core_recall_v2_think_ctx16384_tok16384_n237,v4_social_signal_experiment_v4_prompt_think_true_gemma4_e2b_direct_core_recall_v2_think_ctx16384_tok16384_n237.csv,v4_social_signal,gemma4:e2b,c8807482784f,0.05,237,225,169,0.7130801687763713,0.5739644970414202,0.4311111111111111,0.49238578680203043,0.308062950937951,0.5315049226441632,0.8441558441558441,0.7738095238095238,0.8074534161490683,24,38,360
v4_social_signal_experiment_v4_prompt_think_true_gemma4_e2b_direct_core_recall_v2_think_ctx16384_tok16384_n237,v4_social_signal_experiment_v4_prompt_think_true_gemma4_e2b_direct_core_recall_v2_think_ctx16384_tok16384_n237.csv,v4_social_signal,gemma4:e2b,c8807482784f,0.10,237,225,169,0.7130801687763713,0.5739644970414202,0.4311111111111111,0.49238578680203043,0.308062950937951,0.5315049226441632,0.8441558441558441,0.7738095238095238,0.8074534161490683,24,38,360
v4_social_signal_experiment_v4_prompt_think_true_gemma4_e2b_direct_core_recall_v2_think_ctx16384_tok16384_n237,v4_social_signal_experiment_v4_prompt_think_true_gemma4_e2b_direct_core_recall_v2_think_ctx16384_tok16384_n237.csv,v4_social_signal,gemma4:e2b,c8807482784f,0.15,237,225,169,0.7130801687763713,0.5739644970414202,0.4311111111111111,0.49238578680203043,0.308062950937951,0.5315049226441632,0.8441558441558441,0.7738095238095238,0.8074534161490683,24,38,360
v4_social_signal_experiment_v4_prompt_think_true_gemma4_e2b_direct_core_recall_v2_think_ctx16384_tok16384_n237,v4_social_signal_experiment_v4_prompt_think_true_gemma4_e2b_direct_core_recall_v2_think_ctx16384_tok16384_n237.csv,v4_social_signal,gemma4:e2b,c8807482784f,0.20,237,225,169,0.7130801687763713,0.5739644970414202,0.4311111111111111,0.49238578680203043,0.308062950937951,0.5315049226441632,0.8441558441558441,0.7738095238095238,0.8074534161490683,24,38,360
v4_social_signal_experiment_v4_prompt_think_true_gemma4_e2b_direct_core_recall_v2_think_ctx16384_tok16384_n237,v4_social_signal_experiment_v4_prompt_think_true_gemma4_e2b_direct_core_recall_v2_think_ctx16384_tok16384_n237.csv,v4_social_signal,gemma4:e2b,c8807482784f,0.25,237,225,169,0.7130801687763713,0.5739644970414202,0.4311111111111111,0.49238578680203043,0.308062950937951,0.5315049226441632,0.8441558441558441,0.7738095238095238,0.8074534161490683,24,38,360
v4_social_signal_experiment_v4_prompt_think_true_gemma4_e2b_direct_core_recall_v2_think_ctx16384_tok16384_n237,v4_social_signal_experiment_v4_prompt_think_true_gemma4_e2b_direct_core_recall_v2_think_ctx16384_tok16384_n237.csv,v4_social_signal,gemma4:e2b,c8807482784f,0.30,237,225,169,0.7130801687763713,0.5739644970414202,0.4311111111111111,0.49238578680203043,0.308062950937951,0.5315049226441632,0.8441558441558441,0.7738095238095238,0.8074534161490683,24,38,360
v4_social_signal_experiment_v4_prompt_think_true_gemma4_e2b_direct_core_recall_v2_think_ctx16384_tok16384_n237,v4_social_signal_experiment_v4_prompt_think_true_gemma4_e2b_direct_core_recall_v2_think_ctx16384_tok16384_n237.csv,v4_social_signal,gemma4:e2b,c8807482784f,0.35,237,225,169,0.7130801687763713,0.5739644970414202,0.4311111111111111,0.49238578680203043,0.308062950937951,0.5315049226441632,0.8441558441558441,0.7738095238095238,0.8074534161490683,24,38,360
v4_social_signal_experiment_v4_prompt_think_true_gemma4_e2b_direct_core_recall_v2_think_ctx16384_tok16384_n237,v4_social_signal_experiment_v4_prompt_think_true_gemma4_e2b_direct_core_recall_v2_think_ctx16384_tok16384_n237.csv,v4_social_signal,gemma4:e2b,c8807482784f,0.40,237,225,169,0.7130801687763713,0.5739644970414202,0.4311111111111111,0.49238578680203043,0.308062950937951,0.5315049226441632,0.8441558441558441,0.7738095238095238,0.8074534161490683,24,38,360
v4_social_signal_experiment_v4_prompt_think_true_gemma4_e2b_direct_core_recall_v2_think_ctx16384_tok16384_n237,v4_social_signal_experiment_v4_prompt_think_true_gemma4_e2b_direct_core_recall_v2_think_ctx16384_tok16384_n237.csv,v4_social_signal,gemma4:e2b,c8807482784f,0.45,237,225,169,0.7130801687763713,0.5739644970414202,0.4311111111111111,0.49238578680203043,0.308062950937951,0.5315049226441632,0.8441558441558441,0.7738095238095238,0.8074534161490683,24,38,360
v4_social_signal_experiment_v4_prompt_think_true_gemma4_e2b_direct_core_recall_v2_think_ctx16384_tok16384_n237,v4_social_signal_experiment_v4_prompt_think_true_gemma4_e2b_direct_core_recall_v2_think_ctx16384_tok16384_n237.csv,v4_social_signal,gemma4:e2b,c8807482784f,0.50,237,225,169,0.7130801687763713,0.5739644970414202,0.4311111111111111,0.49238578680203043,0.308062950937951,0.5315049226441632,0.8441558441558441,0.7738095238095238,0.8074534161490683,24,38,360
v4_social_signal_experiment_v4_prompt_think_true_gemma4_e2b_direct_core_recall_v2_think_ctx16384_tok16384_n237,v4_social_signal_experiment_v4_prompt_think_true_gemma4_e2b_direct_core_recall_v2_think_ctx16384_tok16384_n237.csv,v4_social_signal,gemma4:e2b,c8807482784f,0.55,237,225,169,0.7130801687763713,0.5739644970414202,0.4311111111111111,0.49238578680203043,0.308062950937951,0.5315049226441632,0.8441558441558441,0.7738095238095238,0.8074534161490683,24,38,360
v4_social_signal_experiment_v4_prompt_think_true_gemma4_e2b_direct_core_recall_v2_think_ctx16384_tok16384_n237,v4_social_signal_experiment_v4_prompt_think_true_gemma4_e2b_direct_core_recall_v2_think_ctx16384_tok16384_n237.csv,v4_social_signal,gemma4:e2b,c8807482784f,0.60,237,225,169,0.7130801687763713,0.5739644970414202,0.4311111111111111,0.49238578680203043,0.308062950937951,0.5315049226441632,0.8441558441558441,0.7738095238095238,0.8074534161490683,24,38,360
v3_social_signal_experiment_social_signal_v3_think_false_v3_b1_search237,v3_social_signal_experiment_social_signal_v3_think_false_v3_b1_search237.csv,v3_social_signal,unknown,3c670b98b753,0.35,237,252,142,0.5991561181434599,0.6830985915492958,0.38492063492063494,0.49238578680203043,0.2926809364878698,0.5174402250351617,0.9185185185185185,0.6813186813186813,0.7823343848580442,11,58,288
v3_social_signal_experiment_social_signal_v3_think_false_v3_b1_search237,v3_social_signal_experiment_social_signal_v3_think_false_v3_b1_search237.csv,v3_social_signal,unknown,3c670b98b753,0.40,237,252,142,0.5991561181434599,0.6830985915492958,0.38492063492063494,0.49238578680203043,0.2926809364878698,0.5174402250351617,0.9185185185185185,0.6813186813186813,0.7823343848580442,11,58,288
v3_social_signal_experiment_social_signal_v3_think_false_v3_b1_search237,v3_social_signal_experiment_social_signal_v3_think_false_v3_b1_search237.csv,v3_social_signal,unknown,3c670b98b753,0.45,237,252,142,0.5991561181434599,0.6830985915492958,0.38492063492063494,0.49238578680203043,0.2926809364878698,0.5174402250351617,0.9185185185185185,0.6813186813186813,0.7823343848580442,11,58,288
v3_social_signal_experiment_social_signal_v3_think_false_v3_b1_search237,v3_social_signal_experiment_social_signal_v3_think_false_v3_b1_search237.csv,v3_social_signal,unknown,3c670b98b753,0.50,237,252,142,0.5991561181434599,0.6830985915492958,0.38492063492063494,0.49238578680203043,0.2926809364878698,0.5174402250351617,0.9185185185185185,0.6813186813186813,0.7823343848580442,11,58,288
v3_social_signal_experiment_social_signal_v3_think_false_v3_b1_search237,v3_social_signal_experiment_social_signal_v3_think_false_v3_b1_search237.csv,v3_social_signal,unknown,3c670b98b753,0.55,237,252,142,0.5991561181434599,0.6830985915492958,0.38492063492063494,0.49238578680203043,0.2926809364878698,0.5174402250351617,0.9185185185185185,0.6813186813186813,0.7823343848580442,11,58,288
v3_social_signal_experiment_social_signal_v3_think_false_v3_b1_search237,v3_social_signal_experiment_social_signal_v3_think_false_v3_b1_search237.csv,v3_social_signal,unknown,3c670b98b753,0.60,237,252,142,0.5991561181434599,0.6830985915492958,0.38492063492063494,0.49238578680203043,0.2926809364878698,0.5174402250351617,0.9185185185185185,0.6813186813186813,0.7823343848580442,11,58,288
v4_social_signal_experiment_v4_prompt_think_false_v4full965_qwen36_35b_iq3_social_signal_v9_f1_balanced_nothink_json_ctx32768_tok16384_b2.partial,v4_social_signal_experiment_v4_prompt_think_false_v4full965_qwen36_35b_iq3_social_signal_v9_f1_balanced_nothink_json_ctx32768_tok16384_b2.partial.csv,v4_social_signal,qwen3.6-35b:iq3,65fc92f0ecc6,0.65,242,228,544,2.2479338842975207,0.3492647058823529,0.8333333333333334,0.49222797927461137,0.427921652592749,0.4605076741440378,0.7324561403508771,0.9823529411764705,0.8391959798994975,61,3,0
v4_social_signal_experiment_v4_prompt_think_true_gemma4_e4b_direct_brief_thinking_think_ctx16384_tok16384_n237,v4_social_signal_experiment_v4_prompt_think_true_gemma4_e4b_direct_brief_thinking_think_ctx16384_tok16384_n237.csv,v4_social_signal,gemma4:e4b,fb55dcc495b1,0.85,237,225,206,0.869198312236287,0.5145631067961165,0.4711111111111111,0.4918793503480278,0.355981392173921,0.48959212376933897,0.7873563218390804,0.8154761904761905,0.8011695906432749,37,31,180
v3_social_signal_experiment_social_signal_v5_think_false_v5_b1_search237,v3_social_signal_experiment_social_signal_v5_think_false_v5_b1_search237.csv,v3_social_signal,unknown,b274cd65cc1c,0.35,237,252,208,0.8776371308016878,0.5432692307692307,0.44841269841269843,0.49130434782608695,0.23001714811345145,0.49718706047819977,0.8421052631578947,0.8791208791208791,0.8602150537634409,30,22,144
v3_social_signal_experiment_social_signal_v5_think_false_v5_b1_search237,v3_social_signal_experiment_social_signal_v5_think_false_v5_b1_search237.csv,v3_social_signal,unknown,b274cd65cc1c,0.40,237,252,208,0.8776371308016878,0.5432692307692307,0.44841269841269843,0.49130434782608695,0.23001714811345145,0.49718706047819977,0.8421052631578947,0.8791208791208791,0.8602150537634409,30,22,144
v3_social_signal_experiment_social_signal_v5_think_false_v5_b1_search237,v3_social_signal_experiment_social_signal_v5_think_false_v5_b1_search237.csv,v3_social_signal,unknown,b274cd65cc1c,0.45,237,252,208,0.8776371308016878,0.5432692307692307,0.44841269841269843,0.49130434782608695,0.23001714811345145,0.49718706047819977,0.8421052631578947,0.8791208791208791,0.8602150537634409,30,22,144
v3_social_signal_experiment_social_signal_v5_think_false_v5_b1_search237,v3_social_signal_experiment_social_signal_v5_think_false_v5_b1_search237.csv,v3_social_signal,unknown,b274cd65cc1c,0.50,237,252,208,0.8776371308016878,0.5432692307692307,0.44841269841269843,0.49130434782608695,0.23001714811345145,0.49718706047819977,0.8421052631578947,0.8791208791208791,0.8602150537634409,30,22,144
v3_social_signal_experiment_social_signal_v5_think_false_v5_b1_search237,v3_social_signal_experiment_social_signal_v5_think_false_v5_b1_search237.csv,v3_social_signal,unknown,b274cd65cc1c,0.55,237,252,208,0.8776371308016878,0.5432692307692307,0.44841269841269843,0.49130434782608695,0.23001714811345145,0.49718706047819977,0.8421052631578947,0.8791208791208791,0.8602150537634409,30,22,144
v3_social_signal_experiment_social_signal_v5_think_false_v5_b1_search237,v3_social_signal_experiment_social_signal_v5_think_false_v5_b1_search237.csv,v3_social_signal,unknown,b274cd65cc1c,0.60,237,252,208,0.8776371308016878,0.5432692307692307,0.44841269841269843,0.49130434782608695,0.23001714811345145,0.49718706047819977,0.8421052631578947,0.8791208791208791,0.8602150537634409,30,22,144
v4_social_signal_experiment_v4_prompt_think_false_v4full965_qwen36_35b_iq3_high_recall_minimal_v3_nothink_json_ctx32768_tok16384_b2.partial,v4_social_signal_experiment_v4_prompt_think_false_v4full965_qwen36_35b_iq3_high_recall_minimal_v3_nothink_json_ctx32768_tok16384_b2.partial.csv,v4_social_signal,qwen3.6-35b:iq3,58842682e0be,default,394,369,838,2.1269035532994924,0.3520286396181384,0.7994579945799458,0.4888152444076222,0.44460794098510925,0.427133188300701,0.7117346938775511,1.0,0.8315946348733234,113,0,0
v4_social_signal_experiment_v4_prompt_think_false_v4full965_qwen36_35b_iq3_high_recall_minimal_v3_nothink_json_ctx32768_tok16384_b2.partial,v4_social_signal_experiment_v4_prompt_think_false_v4full965_qwen36_35b_iq3_high_recall_minimal_v3_nothink_json_ctx32768_tok16384_b2.partial.csv,v4_social_signal,qwen3.6-35b:iq3,58842682e0be,0.05,394,369,838,2.1269035532994924,0.3520286396181384,0.7994579945799458,0.4888152444076222,0.44460794098510925,0.427133188300701,0.7117346938775511,1.0,0.8315946348733234,113,0,0
v4_social_signal_experiment_v4_prompt_think_false_v4full965_qwen36_35b_iq3_high_recall_minimal_v3_nothink_json_ctx32768_tok16384_b2.partial,v4_social_signal_experiment_v4_prompt_think_false_v4full965_qwen36_35b_iq3_high_recall_minimal_v3_nothink_json_ctx32768_tok16384_b2.partial.csv,v4_social_signal,qwen3.6-35b:iq3,58842682e0be,0.10,394,369,838,2.1269035532994924,0.3520286396181384,0.7994579945799458,0.4888152444076222,0.44460794098510925,0.427133188300701,0.7117346938775511,1.0,0.8315946348733234,113,0,0
v4_social_signal_experiment_v4_prompt_think_false_v4full965_qwen36_35b_iq3_high_recall_minimal_v3_nothink_json_ctx32768_tok16384_b2.partial,v4_social_signal_experiment_v4_prompt_think_false_v4full965_qwen36_35b_iq3_high_recall_minimal_v3_nothink_json_ctx32768_tok16384_b2.partial.csv,v4_social_signal,qwen3.6-35b:iq3,58842682e0be,0.15,394,369,838,2.1269035532994924,0.3520286396181384,0.7994579945799458,0.4888152444076222,0.44460794098510925,0.427133188300701,0.7117346938775511,1.0,0.8315946348733234,113,0,0
v4_social_signal_experiment_v4_prompt_think_false_v4full965_qwen36_35b_iq3_high_recall_minimal_v3_nothink_json_ctx32768_tok16384_b2.partial,v4_social_signal_experiment_v4_prompt_think_false_v4full965_qwen36_35b_iq3_high_recall_minimal_v3_nothink_json_ctx32768_tok16384_b2.partial.csv,v4_social_signal,qwen3.6-35b:iq3,58842682e0be,0.20,394,369,838,2.1269035532994924,0.3520286396181384,0.7994579945799458,0.4888152444076222,0.44460794098510925,0.427133188300701,0.7117346938775511,1.0,0.8315946348733234,113,0,0
v4_social_signal_experiment_v4_prompt_think_false_v4full965_qwen36_35b_iq3_high_recall_minimal_v3_nothink_json_ctx32768_tok16384_b2.partial,v4_social_signal_experiment_v4_prompt_think_false_v4full965_qwen36_35b_iq3_high_recall_minimal_v3_nothink_json_ctx32768_tok16384_b2.partial.csv,v4_social_signal,qwen3.6-35b:iq3,58842682e0be,0.25,394,369,838,2.1269035532994924,0.3520286396181384,0.7994579945799458,0.4888152444076222,0.44460794098510925,0.427133188300701,0.7117346938775511,1.0,0.8315946348733234,113,0,0
v4_social_signal_experiment_v4_prompt_think_false_v4full965_qwen36_35b_iq3_high_recall_minimal_v3_nothink_json_ctx32768_tok16384_b2.partial,v4_social_signal_experiment_v4_prompt_think_false_v4full965_qwen36_35b_iq3_high_recall_minimal_v3_nothink_json_ctx32768_tok16384_b2.partial.csv,v4_social_signal,qwen3.6-35b:iq3,58842682e0be,0.30,394,369,838,2.1269035532994924,0.3520286396181384,0.7994579945799458,0.4888152444076222,0.44460794098510925,0.427133188300701,0.7117346938775511,1.0,0.8315946348733234,113,0,0
manual_dataset_prompt_search_best_balanced_recall_v2,manual_dataset_prompt_search_best_balanced_recall_v2.csv,prompt_search,unknown,190692fa4772,0.15,1000,915,783,0.783,0.5300127713920817,0.453551912568306,0.48881036513545345,0.260526325976351,0.4879,0.7949400798934754,0.8234482758620689,0.8089430894308943,154,128,0
manual_dataset_prompt_search_best_balanced_recall_v2,manual_dataset_prompt_search_best_balanced_recall_v2.csv,prompt_search,unknown,190692fa4772,0.20,1000,915,783,0.783,0.5300127713920817,0.453551912568306,0.48881036513545345,0.260526325976351,0.4879,0.7949400798934754,0.8234482758620689,0.8089430894308943,154,128,0
manual_dataset_prompt_search_best_balanced_recall_v2,manual_dataset_prompt_search_best_balanced_recall_v2.csv,prompt_search,unknown,190692fa4772,0.25,1000,915,783,0.783,0.5300127713920817,0.453551912568306,0.48881036513545345,0.260526325976351,0.4879,0.7949400798934754,0.8234482758620689,0.8089430894308943,154,128,0
manual_dataset_prompt_search_best_balanced_recall_v2,manual_dataset_prompt_search_best_balanced_recall_v2.csv,prompt_search,unknown,190692fa4772,0.30,1000,915,783,0.783,0.5300127713920817,0.453551912568306,0.48881036513545345,0.260526325976351,0.4879,0.7949400798934754,0.8234482758620689,0.8089430894308943,154,128,0
prompt_search_full_balanced_recall_v2_gemma4-e2b_5df03950348d_e98b1a3c5abc,prompt_search_full_balanced_recall_v2_gemma4-e2b_5df03950348d_e98b1a3c5abc.csv,prompt_search,gemma4:e2b,190692fa4772,0.15,1000,915,783,0.783,0.5300127713920817,0.453551912568306,0.48881036513545345,0.260526325976351,0.4879,0.7949400798934754,0.8234482758620689,0.8089430894308943,154,128,0
prompt_search_full_balanced_recall_v2_gemma4-e2b_5df03950348d_e98b1a3c5abc,prompt_search_full_balanced_recall_v2_gemma4-e2b_5df03950348d_e98b1a3c5abc.csv,prompt_search,gemma4:e2b,190692fa4772,0.20,1000,915,783,0.783,0.5300127713920817,0.453551912568306,0.48881036513545345,0.260526325976351,0.4879,0.7949400798934754,0.8234482758620689,0.8089430894308943,154,128,0
prompt_search_full_balanced_recall_v2_gemma4-e2b_5df03950348d_e98b1a3c5abc,prompt_search_full_balanced_recall_v2_gemma4-e2b_5df03950348d_e98b1a3c5abc.csv,prompt_search,gemma4:e2b,190692fa4772,0.25,1000,915,783,0.783,0.5300127713920817,0.453551912568306,0.48881036513545345,0.260526325976351,0.4879,0.7949400798934754,0.8234482758620689,0.8089430894308943,154,128,0
prompt_search_full_balanced_recall_v2_gemma4-e2b_5df03950348d_e98b1a3c5abc,prompt_search_full_balanced_recall_v2_gemma4-e2b_5df03950348d_e98b1a3c5abc.csv,prompt_search,gemma4:e2b,190692fa4772,0.30,1000,915,783,0.783,0.5300127713920817,0.453551912568306,0.48881036513545345,0.260526325976351,0.4879,0.7949400798934754,0.8234482758620689,0.8089430894308943,154,128,0
v4_social_signal_experiment_v4_prompt_think_true_gemma4_e4b_direct_brief_thinking_think_ctx16384_tok16384_n237,v4_social_signal_experiment_v4_prompt_think_true_gemma4_e4b_direct_brief_thinking_think_ctx16384_tok16384_n237.csv,v4_social_signal,gemma4:e4b,fb55dcc495b1,0.75,237,225,213,0.8987341772151899,0.5023474178403756,0.47555555555555556,0.4885844748858447,0.3477999758890564,0.48565400843881856,0.7865168539325843,0.8333333333333334,0.8092485549132948,38,28,180
v4_social_signal_experiment_v4_prompt_think_true_gemma4_e4b_direct_brief_thinking_think_ctx16384_tok16384_n237,v4_social_signal_experiment_v4_prompt_think_true_gemma4_e4b_direct_brief_thinking_think_ctx16384_tok16384_n237.csv,v4_social_signal,gemma4:e4b,fb55dcc495b1,0.80,237,225,213,0.8987341772151899,0.5023474178403756,0.47555555555555556,0.4885844748858447,0.3477999758890564,0.48565400843881856,0.7865168539325843,0.8333333333333334,0.8092485549132948,38,28,180
manual_dataset_prompt_search_best_balanced_recall_v2,manual_dataset_prompt_search_best_balanced_recall_v2.csv,prompt_search,unknown,190692fa4772,0.05,1000,915,787,0.787,0.5273189326556544,0.453551912568306,0.48766157461809634,0.26017873827095833,0.4859,0.7933774834437086,0.8262068965517242,0.8094594594594594,156,126,0
manual_dataset_prompt_search_best_balanced_recall_v2,manual_dataset_prompt_search_best_balanced_recall_v2.csv,prompt_search,unknown,190692fa4772,0.10,1000,915,787,0.787,0.5273189326556544,0.453551912568306,0.48766157461809634,0.26017873827095833,0.4859,0.7933774834437086,0.8262068965517242,0.8094594594594594,156,126,0
prompt_search_full_balanced_recall_v2_gemma4-e2b_5df03950348d_e98b1a3c5abc,prompt_search_full_balanced_recall_v2_gemma4-e2b_5df03950348d_e98b1a3c5abc.csv,prompt_search,gemma4:e2b,190692fa4772,0.05,1000,915,787,0.787,0.5273189326556544,0.453551912568306,0.48766157461809634,0.26017873827095833,0.4859,0.7933774834437086,0.8262068965517242,0.8094594594594594,156,126,0
prompt_search_full_balanced_recall_v2_gemma4-e2b_5df03950348d_e98b1a3c5abc,prompt_search_full_balanced_recall_v2_gemma4-e2b_5df03950348d_e98b1a3c5abc.csv,prompt_search,gemma4:e2b,190692fa4772,0.10,1000,915,787,0.787,0.5273189326556544,0.453551912568306,0.48766157461809634,0.26017873827095833,0.4859,0.7933774834437086,0.8262068965517242,0.8094594594594594,156,126,0
v3_social_signal_experiment_social_signal_v3_think_true_v3_b1_search237_think,v3_social_signal_experiment_social_signal_v3_think_true_v3_b1_search237_think.csv,v3_social_signal,unknown,10088fd15039,0.35,237,252,146,0.6160337552742616,0.6643835616438356,0.38492063492063494,0.48743718592964824,0.3109674295297796,0.510267229254571,0.9236641221374046,0.6648351648351648,0.7731629392971247,10,61,0
v3_social_signal_experiment_social_signal_v3_think_true_v3_b1_search237_think,v3_social_signal_experiment_social_signal_v3_think_true_v3_b1_search237_think.csv,v3_social_signal,unknown,10088fd15039,0.40,237,252,146,0.6160337552742616,0.6643835616438356,0.38492063492063494,0.48743718592964824,0.3109674295297796,0.510267229254571,0.9236641221374046,0.6648351648351648,0.7731629392971247,10,61,0
v3_social_signal_experiment_social_signal_v3_think_true_v3_b1_search237_think,v3_social_signal_experiment_social_signal_v3_think_true_v3_b1_search237_think.csv,v3_social_signal,unknown,10088fd15039,0.45,237,252,146,0.6160337552742616,0.6643835616438356,0.38492063492063494,0.48743718592964824,0.3109674295297796,0.510267229254571,0.9236641221374046,0.6648351648351648,0.7731629392971247,10,61,0
v3_social_signal_experiment_social_signal_v3_think_true_v3_b1_search237_think,v3_social_signal_experiment_social_signal_v3_think_true_v3_b1_search237_think.csv,v3_social_signal,unknown,10088fd15039,0.50,237,252,146,0.6160337552742616,0.6643835616438356,0.38492063492063494,0.48743718592964824,0.3109674295297796,0.510267229254571,0.9236641221374046,0.6648351648351648,0.7731629392971247,10,61,0
v3_social_signal_experiment_social_signal_v3_think_true_v3_b1_search237_think,v3_social_signal_experiment_social_signal_v3_think_true_v3_b1_search237_think.csv,v3_social_signal,unknown,10088fd15039,0.55,237,252,146,0.6160337552742616,0.6643835616438356,0.38492063492063494,0.48743718592964824,0.3109674295297796,0.510267229254571,0.9236641221374046,0.6648351648351648,0.7731629392971247,10,61,0
v3_social_signal_experiment_social_signal_v3_think_true_v3_b1_search237_think,v3_social_signal_experiment_social_signal_v3_think_true_v3_b1_search237_think.csv,v3_social_signal,unknown,10088fd15039,0.60,237,252,146,0.6160337552742616,0.6643835616438356,0.38492063492063494,0.48743718592964824,0.3109674295297796,0.510267229254571,0.9236641221374046,0.6648351648351648,0.7731629392971247,10,61,0
prompt_search_search_balanced_recall_v2_gemma4-e2b_5df03950348d_e98b1a3c5abc,prompt_search_search_balanced_recall_v2_gemma4-e2b_5df03950348d_e98b1a3c5abc.csv,prompt_search,gemma4:e2b,75900bdcb16e,0.05,300,307,236,0.7866666666666666,0.559322033898305,0.42996742671009774,0.4861878453038674,0.24686306757077944,0.5118888888888888,0.8732394366197183,0.8193832599118943,0.8454545454545455,27,41,0
prompt_search_search_balanced_recall_v2_gemma4-e2b_5df03950348d_e98b1a3c5abc,prompt_search_search_balanced_recall_v2_gemma4-e2b_5df03950348d_e98b1a3c5abc.csv,prompt_search,gemma4:e2b,75900bdcb16e,0.10,300,307,236,0.7866666666666666,0.559322033898305,0.42996742671009774,0.4861878453038674,0.24686306757077944,0.5118888888888888,0.8732394366197183,0.8193832599118943,0.8454545454545455,27,41,0
prompt_search_search_balanced_recall_v2_gemma4-e2b_5df03950348d_e98b1a3c5abc,prompt_search_search_balanced_recall_v2_gemma4-e2b_5df03950348d_e98b1a3c5abc.csv,prompt_search,gemma4:e2b,75900bdcb16e,0.15,300,307,236,0.7866666666666666,0.559322033898305,0.42996742671009774,0.4861878453038674,0.24686306757077944,0.5118888888888888,0.8732394366197183,0.8193832599118943,0.8454545454545455,27,41,0
prompt_search_search_balanced_recall_v2_gemma4-e2b_5df03950348d_e98b1a3c5abc,prompt_search_search_balanced_recall_v2_gemma4-e2b_5df03950348d_e98b1a3c5abc.csv,prompt_search,gemma4:e2b,75900bdcb16e,0.20,300,307,236,0.7866666666666666,0.559322033898305,0.42996742671009774,0.4861878453038674,0.24686306757077944,0.5118888888888888,0.8732394366197183,0.8193832599118943,0.8454545454545455,27,41,0
prompt_search_search_balanced_recall_v2_gemma4-e2b_5df03950348d_e98b1a3c5abc,prompt_search_search_balanced_recall_v2_gemma4-e2b_5df03950348d_e98b1a3c5abc.csv,prompt_search,gemma4:e2b,75900bdcb16e,0.25,300,307,236,0.7866666666666666,0.559322033898305,0.42996742671009774,0.4861878453038674,0.24686306757077944,0.5118888888888888,0.8732394366197183,0.8193832599118943,0.8454545454545455,27,41,0
prompt_search_search_balanced_recall_v2_gemma4-e2b_5df03950348d_e98b1a3c5abc,prompt_search_search_balanced_recall_v2_gemma4-e2b_5df03950348d_e98b1a3c5abc.csv,prompt_search,gemma4:e2b,75900bdcb16e,0.30,300,307,236,0.7866666666666666,0.559322033898305,0.42996742671009774,0.4861878453038674,0.24686306757077944,0.5118888888888888,0.8732394366197183,0.8193832599118943,0.8454545454545455,27,41,0
v4_social_signal_experiment_v4_prompt_think_true_gemma4_e4b_direct_business_migration_fixed_think_ctx16384_tok16384_n237,v4_social_signal_experiment_v4_prompt_think_true_gemma4_e4b_direct_business_migration_fixed_think_ctx16384_tok16384_n237.csv,v4_social_signal,gemma4:e4b,56dbdeff5e78,0.75,237,225,224,0.9451476793248945,0.48660714285714285,0.48444444444444446,0.48552338530066813,0.2916485883346348,0.5129395218002812,0.8152173913043478,0.8928571428571429,0.8522727272727273,34,18,72
v4_social_signal_experiment_v4_prompt_think_false_v4full965_qwen36_35b_iq3_social_signal_v9_f1_balanced_nothink_json_ctx32768_tok16384_b2.partial,v4_social_signal_experiment_v4_prompt_think_false_v4full965_qwen36_35b_iq3_social_signal_v9_f1_balanced_nothink_json_ctx32768_tok16384_b2.partial.csv,v4_social_signal,qwen3.6-35b:iq3,65fc92f0ecc6,default,242,228,559,2.309917355371901,0.33989266547406083,0.8333333333333334,0.48284625158831,0.42208994465573413,0.4526761117670209,0.7292576419213974,0.9823529411764705,0.8370927318295739,62,3,0
v4_social_signal_experiment_v4_prompt_think_false_v4full965_qwen36_35b_iq3_social_signal_v9_f1_balanced_nothink_json_ctx32768_tok16384_b2.partial,v4_social_signal_experiment_v4_prompt_think_false_v4full965_qwen36_35b_iq3_social_signal_v9_f1_balanced_nothink_json_ctx32768_tok16384_b2.partial.csv,v4_social_signal,qwen3.6-35b:iq3,65fc92f0ecc6,0.05,242,228,559,2.309917355371901,0.33989266547406083,0.8333333333333334,0.48284625158831,0.42208994465573413,0.4526761117670209,0.7292576419213974,0.9823529411764705,0.8370927318295739,62,3,0
v4_social_signal_experiment_v4_prompt_think_false_v4full965_qwen36_35b_iq3_social_signal_v9_f1_balanced_nothink_json_ctx32768_tok16384_b2.partial,v4_social_signal_experiment_v4_prompt_think_false_v4full965_qwen36_35b_iq3_social_signal_v9_f1_balanced_nothink_json_ctx32768_tok16384_b2.partial.csv,v4_social_signal,qwen3.6-35b:iq3,65fc92f0ecc6,0.10,242,228,559,2.309917355371901,0.33989266547406083,0.8333333333333334,0.48284625158831,0.42208994465573413,0.4526761117670209,0.7292576419213974,0.9823529411764705,0.8370927318295739,62,3,0
v4_social_signal_experiment_v4_prompt_think_false_v4full965_qwen36_35b_iq3_social_signal_v9_f1_balanced_nothink_json_ctx32768_tok16384_b2.partial,v4_social_signal_experiment_v4_prompt_think_false_v4full965_qwen36_35b_iq3_social_signal_v9_f1_balanced_nothink_json_ctx32768_tok16384_b2.partial.csv,v4_social_signal,qwen3.6-35b:iq3,65fc92f0ecc6,0.15,242,228,559,2.309917355371901,0.33989266547406083,0.8333333333333334,0.48284625158831,0.42208994465573413,0.4526761117670209,0.7292576419213974,0.9823529411764705,0.8370927318295739,62,3,0
v4_social_signal_experiment_v4_prompt_think_false_v4full965_qwen36_35b_iq3_social_signal_v9_f1_balanced_nothink_json_ctx32768_tok16384_b2.partial,v4_social_signal_experiment_v4_prompt_think_false_v4full965_qwen36_35b_iq3_social_signal_v9_f1_balanced_nothink_json_ctx32768_tok16384_b2.partial.csv,v4_social_signal,qwen3.6-35b:iq3,65fc92f0ecc6,0.20,242,228,559,2.309917355371901,0.33989266547406083,0.8333333333333334,0.48284625158831,0.42208994465573413,0.4526761117670209,0.7292576419213974,0.9823529411764705,0.8370927318295739,62,3,0
v4_social_signal_experiment_v4_prompt_think_false_v4full965_qwen36_35b_iq3_social_signal_v9_f1_balanced_nothink_json_ctx32768_tok16384_b2.partial,v4_social_signal_experiment_v4_prompt_think_false_v4full965_qwen36_35b_iq3_social_signal_v9_f1_balanced_nothink_json_ctx32768_tok16384_b2.partial.csv,v4_social_signal,qwen3.6-35b:iq3,65fc92f0ecc6,0.25,242,228,559,2.309917355371901,0.33989266547406083,0.8333333333333334,0.48284625158831,0.42208994465573413,0.4526761117670209,0.7292576419213974,0.9823529411764705,0.8370927318295739,62,3,0
v4_social_signal_experiment_v4_prompt_think_false_v4full965_qwen36_35b_iq3_social_signal_v9_f1_balanced_nothink_json_ctx32768_tok16384_b2.partial,v4_social_signal_experiment_v4_prompt_think_false_v4full965_qwen36_35b_iq3_social_signal_v9_f1_balanced_nothink_json_ctx32768_tok16384_b2.partial.csv,v4_social_signal,qwen3.6-35b:iq3,65fc92f0ecc6,0.30,242,228,559,2.309917355371901,0.33989266547406083,0.8333333333333334,0.48284625158831,0.42208994465573413,0.4526761117670209,0.7292576419213974,0.9823529411764705,0.8370927318295739,62,3,0
v4_social_signal_experiment_v4_prompt_think_false_v4full965_qwen36_35b_iq3_social_signal_v9_f1_balanced_nothink_json_ctx32768_tok16384_b2.partial,v4_social_signal_experiment_v4_prompt_think_false_v4full965_qwen36_35b_iq3_social_signal_v9_f1_balanced_nothink_json_ctx32768_tok16384_b2.partial.csv,v4_social_signal,qwen3.6-35b:iq3,65fc92f0ecc6,0.35,242,228,559,2.309917355371901,0.33989266547406083,0.8333333333333334,0.48284625158831,0.42208994465573413,0.4526761117670209,0.7292576419213974,0.9823529411764705,0.8370927318295739,62,3,0
v4_social_signal_experiment_v4_prompt_think_false_v4full965_qwen36_35b_iq3_social_signal_v9_f1_balanced_nothink_json_ctx32768_tok16384_b2.partial,v4_social_signal_experiment_v4_prompt_think_false_v4full965_qwen36_35b_iq3_social_signal_v9_f1_balanced_nothink_json_ctx32768_tok16384_b2.partial.csv,v4_social_signal,qwen3.6-35b:iq3,65fc92f0ecc6,0.40,242,228,559,2.309917355371901,0.33989266547406083,0.8333333333333334,0.48284625158831,0.42208994465573413,0.4526761117670209,0.7292576419213974,0.9823529411764705,0.8370927318295739,62,3,0
v4_social_signal_experiment_v4_prompt_think_false_v4full965_qwen36_35b_iq3_social_signal_v9_f1_balanced_nothink_json_ctx32768_tok16384_b2.partial,v4_social_signal_experiment_v4_prompt_think_false_v4full965_qwen36_35b_iq3_social_signal_v9_f1_balanced_nothink_json_ctx32768_tok16384_b2.partial.csv,v4_social_signal,qwen3.6-35b:iq3,65fc92f0ecc6,0.45,242,228,559,2.309917355371901,0.33989266547406083,0.8333333333333334,0.48284625158831,0.42208994465573413,0.4526761117670209,0.7292576419213974,0.9823529411764705,0.8370927318295739,62,3,0
v4_social_signal_experiment_v4_prompt_think_false_v4full965_qwen36_35b_iq3_social_signal_v9_f1_balanced_nothink_json_ctx32768_tok16384_b2.partial,v4_social_signal_experiment_v4_prompt_think_false_v4full965_qwen36_35b_iq3_social_signal_v9_f1_balanced_nothink_json_ctx32768_tok16384_b2.partial.csv,v4_social_signal,qwen3.6-35b:iq3,65fc92f0ecc6,0.50,242,228,559,2.309917355371901,0.33989266547406083,0.8333333333333334,0.48284625158831,0.42208994465573413,0.4526761117670209,0.7292576419213974,0.9823529411764705,0.8370927318295739,62,3,0
v4_social_signal_experiment_v4_prompt_think_false_v4full965_qwen36_35b_iq3_social_signal_v9_f1_balanced_nothink_json_ctx32768_tok16384_b2.partial,v4_social_signal_experiment_v4_prompt_think_false_v4full965_qwen36_35b_iq3_social_signal_v9_f1_balanced_nothink_json_ctx32768_tok16384_b2.partial.csv,v4_social_signal,qwen3.6-35b:iq3,65fc92f0ecc6,0.55,242,228,559,2.309917355371901,0.33989266547406083,0.8333333333333334,0.48284625158831,0.42208994465573413,0.4526761117670209,0.7292576419213974,0.9823529411764705,0.8370927318295739,62,3,0
v4_social_signal_experiment_v4_prompt_think_false_v4full965_qwen36_35b_iq3_social_signal_v9_f1_balanced_nothink_json_ctx32768_tok16384_b2.partial,v4_social_signal_experiment_v4_prompt_think_false_v4full965_qwen36_35b_iq3_social_signal_v9_f1_balanced_nothink_json_ctx32768_tok16384_b2.partial.csv,v4_social_signal,qwen3.6-35b:iq3,65fc92f0ecc6,0.60,242,228,559,2.309917355371901,0.33989266547406083,0.8333333333333334,0.48284625158831,0.42208994465573413,0.4526761117670209,0.7292576419213974,0.9823529411764705,0.8370927318295739,62,3,0
v4_social_signal_experiment_v4_prompt_think_true_gemma4_e2b_direct_core_recall_v2_think_ctx16384_tok16384_n237,v4_social_signal_experiment_v4_prompt_think_true_gemma4_e2b_direct_core_recall_v2_think_ctx16384_tok16384_n237.csv,v4_social_signal,gemma4:e2b,c8807482784f,0.80,237,225,136,0.5738396624472574,0.6397058823529411,0.38666666666666666,0.481994459833795,0.3212236803668255,0.5371308016877637,0.8852459016393442,0.6428571428571429,0.7448275862068966,14,60,360
thinking_recall_experiment_latent_candidate_v3_think_true,thinking_recall_experiment_latent_candidate_v3_think_true.csv,thinking_recall,unknown,bb921bff4057,0.45,300,307,426,1.42,0.4131455399061033,0.5732899022801303,0.48021828103683495,0.45152837950628444,0.418,0.775,0.9559471365638766,0.8560157790927022,63,10,0
thinking_recall_experiment_latent_candidate_v3_think_true,thinking_recall_experiment_latent_candidate_v3_think_true.csv,thinking_recall,unknown,bb921bff4057,0.50,300,307,426,1.42,0.4131455399061033,0.5732899022801303,0.48021828103683495,0.45152837950628444,0.418,0.775,0.9559471365638766,0.8560157790927022,63,10,0
thinking_recall_experiment_latent_candidate_v3_think_true,thinking_recall_experiment_latent_candidate_v3_think_true.csv,thinking_recall,unknown,bb921bff4057,0.55,300,307,426,1.42,0.4131455399061033,0.5732899022801303,0.48021828103683495,0.45152837950628444,0.418,0.775,0.9559471365638766,0.8560157790927022,63,10,0
thinking_recall_experiment_latent_candidate_v3_think_true,thinking_recall_experiment_latent_candidate_v3_think_true.csv,thinking_recall,unknown,bb921bff4057,0.60,300,307,426,1.42,0.4131455399061033,0.5732899022801303,0.48021828103683495,0.45152837950628444,0.418,0.775,0.9559471365638766,0.8560157790927022,63,10,0
v4_social_signal_experiment_v4_prompt_think_true_v4pilot60_gemma4_26b_social_signal_v9_f1_balanced_think_nojson_guard2_ctx32768_tok8192_b1,v4_social_signal_experiment_v4_prompt_think_true_v4pilot60_gemma4_26b_social_signal_v9_f1_balanced_think_nojson_guard2_ctx32768_tok8192_b1.csv,v4_social_signal,gemma4:26b,78d98a686ffa,0.90,41,37,13,0.3170731707317073,0.9230769230769231,0.32432432432432434,0.48,0.30448717948717946,0.5203252032520325,0.9166666666666666,0.3793103448275862,0.5365853658536586,1,18,216
v4_social_signal_experiment_v4_prompt_think_true_gemma4_e4b_direct_business_migration_fixed_think_ctx16384_tok16384_n237,v4_social_signal_experiment_v4_prompt_think_true_gemma4_e4b_direct_business_migration_fixed_think_ctx16384_tok16384_n237.csv,v4_social_signal,gemma4:e4b,56dbdeff5e78,0.80,237,225,217,0.9156118143459916,0.48847926267281105,0.4711111111111111,0.4796380090497738,0.2794021889703552,0.5078762306610408,0.8131868131868132,0.8809523809523809,0.8457142857142858,34,20,72
v4_social_signal_experiment_v4_prompt_think_true_gemma4_e4b_direct_business_migration_fixed_think_ctx16384_tok16384_n237,v4_social_signal_experiment_v4_prompt_think_true_gemma4_e4b_direct_business_migration_fixed_think_ctx16384_tok16384_n237.csv,v4_social_signal,gemma4:e4b,56dbdeff5e78,0.85,237,225,213,0.8987341772151899,0.49295774647887325,0.4666666666666667,0.4794520547945205,0.281805697742285,0.5059071729957805,0.8121546961325967,0.875,0.8424068767908309,34,21,72
v4_social_signal_experiment_v4_prompt_think_true_gemma4_e2b_direct_core_recall_v2_think_ctx16384_tok16384_n237,v4_social_signal_experiment_v4_prompt_think_true_gemma4_e2b_direct_core_recall_v2_think_ctx16384_tok16384_n237.csv,v4_social_signal,gemma4:e2b,c8807482784f,0.70,237,225,138,0.5822784810126582,0.6304347826086957,0.38666666666666666,0.4793388429752066,0.3180755322186774,0.5371308016877637,0.8870967741935484,0.6547619047619048,0.7534246575342466,14,58,360
v4_social_signal_experiment_v4_prompt_think_true_gemma4_e2b_direct_core_recall_v2_think_ctx16384_tok16384_n237,v4_social_signal_experiment_v4_prompt_think_true_gemma4_e2b_direct_core_recall_v2_think_ctx16384_tok16384_n237.csv,v4_social_signal,gemma4:e2b,c8807482784f,0.75,237,225,138,0.5822784810126582,0.6304347826086957,0.38666666666666666,0.4793388429752066,0.3180755322186774,0.5371308016877637,0.8870967741935484,0.6547619047619048,0.7534246575342466,14,58,360
v4_social_signal_experiment_v4_prompt_think_true_gemma4_e4b_direct_core_targeted_v7_think_ctx16384_tok16384_n237,v4_social_signal_experiment_v4_prompt_think_true_gemma4_e4b_direct_core_targeted_v7_think_ctx16384_tok16384_n237.csv,v4_social_signal,gemma4:e4b,7843b2a84e26,0.95,237,225,88,0.37130801687763715,0.8522727272727273,0.3333333333333333,0.4792332268370607,0.18354636591478699,0.5413502109704641,0.9195402298850575,0.47619047619047616,0.6274509803921569,7,88,108
thinking_recall_experiment_recall_max_v1_think_true,thinking_recall_experiment_recall_max_v1_think_true.csv,thinking_recall,unknown,84e7d519ea4f,0.05,300,307,253,0.8433333333333334,0.5296442687747036,0.4364820846905538,0.4785714285714286,0.17976897244631798,0.4858888888888888,0.8291666666666667,0.8766519823788547,0.8522483940042827,41,28,0
thinking_recall_experiment_recall_max_v1_think_true,thinking_recall_experiment_recall_max_v1_think_true.csv,thinking_recall,unknown,84e7d519ea4f,0.10,300,307,253,0.8433333333333334,0.5296442687747036,0.4364820846905538,0.4785714285714286,0.17976897244631798,0.4858888888888888,0.8291666666666667,0.8766519823788547,0.8522483940042827,41,28,0
thinking_recall_experiment_recall_max_v1_think_true,thinking_recall_experiment_recall_max_v1_think_true.csv,thinking_recall,unknown,84e7d519ea4f,0.15,300,307,253,0.8433333333333334,0.5296442687747036,0.4364820846905538,0.4785714285714286,0.17976897244631798,0.4858888888888888,0.8291666666666667,0.8766519823788547,0.8522483940042827,41,28,0
thinking_recall_experiment_recall_max_v1_think_true,thinking_recall_experiment_recall_max_v1_think_true.csv,thinking_recall,unknown,84e7d519ea4f,0.20,300,307,253,0.8433333333333334,0.5296442687747036,0.4364820846905538,0.4785714285714286,0.17976897244631798,0.4858888888888888,0.8291666666666667,0.8766519823788547,0.8522483940042827,41,28,0
thinking_recall_experiment_recall_max_v1_think_true,thinking_recall_experiment_recall_max_v1_think_true.csv,thinking_recall,unknown,84e7d519ea4f,0.25,300,307,253,0.8433333333333334,0.5296442687747036,0.4364820846905538,0.4785714285714286,0.17976897244631798,0.4858888888888888,0.8291666666666667,0.8766519823788547,0.8522483940042827,41,28,0
thinking_recall_experiment_recall_max_v1_think_true,thinking_recall_experiment_recall_max_v1_think_true.csv,thinking_recall,unknown,84e7d519ea4f,0.30,300,307,253,0.8433333333333334,0.5296442687747036,0.4364820846905538,0.4785714285714286,0.17976897244631798,0.4858888888888888,0.8291666666666667,0.8766519823788547,0.8522483940042827,41,28,0
v4_social_signal_experiment_v4_prompt_think_true_gemma4_e2b_direct_core_recall_v2_think_ctx16384_tok16384_n237,v4_social_signal_experiment_v4_prompt_think_true_gemma4_e2b_direct_core_recall_v2_think_ctx16384_tok16384_n237.csv,v4_social_signal,gemma4:e2b,c8807482784f,0.85,237,225,135,0.569620253164557,0.6370370370370371,0.38222222222222224,0.4777777777777778,0.3204621323019067,0.5357243319268635,0.8852459016393442,0.6428571428571429,0.7448275862068966,14,60,360
v3_social_signal_experiment_social_signal_v3_think_false_v3_b1_search237,v3_social_signal_experiment_social_signal_v3_think_false_v3_b1_search237.csv,v3_social_signal,unknown,3c670b98b753,default,237,252,263,1.109704641350211,0.467680608365019,0.4880952380952381,0.47766990291262135,0.32550865622640124,0.4109101868595539,0.759825327510917,0.9560439560439561,0.8467153284671532,55,8,288
v3_social_signal_experiment_social_signal_v3_think_false_v3_b1_search237,v3_social_signal_experiment_social_signal_v3_think_false_v3_b1_search237.csv,v3_social_signal,unknown,3c670b98b753,0.15,237,252,263,1.109704641350211,0.467680608365019,0.4880952380952381,0.47766990291262135,0.32550865622640124,0.4109101868595539,0.759825327510917,0.9560439560439561,0.8467153284671532,55,8,288
v3_social_signal_experiment_social_signal_v3_think_false_v3_b1_search237,v3_social_signal_experiment_social_signal_v3_think_false_v3_b1_search237.csv,v3_social_signal,unknown,3c670b98b753,0.20,237,252,263,1.109704641350211,0.467680608365019,0.4880952380952381,0.47766990291262135,0.32550865622640124,0.4109101868595539,0.759825327510917,0.9560439560439561,0.8467153284671532,55,8,288
v3_social_signal_experiment_social_signal_v3_think_false_v3_b1_search237,v3_social_signal_experiment_social_signal_v3_think_false_v3_b1_search237.csv,v3_social_signal,unknown,3c670b98b753,0.25,237,252,263,1.109704641350211,0.467680608365019,0.4880952380952381,0.47766990291262135,0.32550865622640124,0.4109101868595539,0.759825327510917,0.9560439560439561,0.8467153284671532,55,8,288
v3_social_signal_experiment_social_signal_v3_think_false_v3_b1_search237,v3_social_signal_experiment_social_signal_v3_think_false_v3_b1_search237.csv,v3_social_signal,unknown,3c670b98b753,0.30,237,252,263,1.109704641350211,0.467680608365019,0.4880952380952381,0.47766990291262135,0.32550865622640124,0.4109101868595539,0.759825327510917,0.9560439560439561,0.8467153284671532,55,8,288
v4_social_signal_experiment_v4_prompt_think_false_compact_b1_search237,v4_social_signal_experiment_v4_prompt_think_false_compact_b1_search237.csv,v4_social_signal,unknown,4bcda0daa7f2,0.55,237,252,272,1.1476793248945147,0.45955882352941174,0.49603174603174605,0.4770992366412214,0.3997775029744339,0.4538677918424754,0.8177339901477833,0.9120879120879121,0.8623376623376623,37,16,0
v3_social_signal_experiment_social_signal_v5_think_false_v5_b1_search237,v3_social_signal_experiment_social_signal_v5_think_false_v5_b1_search237.csv,v3_social_signal,unknown,b274cd65cc1c,default,237,252,260,1.0970464135021096,0.46923076923076923,0.48412698412698413,0.4765625,0.223037524855242,0.4218002812939522,0.7639484978540773,0.978021978021978,0.8578313253012049,55,4,144
v3_social_signal_experiment_social_signal_v5_think_false_v5_b1_search237,v3_social_signal_experiment_social_signal_v5_think_false_v5_b1_search237.csv,v3_social_signal,unknown,b274cd65cc1c,0.05,237,252,260,1.0970464135021096,0.46923076923076923,0.48412698412698413,0.4765625,0.223037524855242,0.4218002812939522,0.7639484978540773,0.978021978021978,0.8578313253012049,55,4,144
v3_social_signal_experiment_social_signal_v5_think_false_v5_b1_search237,v3_social_signal_experiment_social_signal_v5_think_false_v5_b1_search237.csv,v3_social_signal,unknown,b274cd65cc1c,0.10,237,252,260,1.0970464135021096,0.46923076923076923,0.48412698412698413,0.4765625,0.223037524855242,0.4218002812939522,0.7639484978540773,0.978021978021978,0.8578313253012049,55,4,144
v3_social_signal_experiment_social_signal_v5_think_false_v5_b1_search237,v3_social_signal_experiment_social_signal_v5_think_false_v5_b1_search237.csv,v3_social_signal,unknown,b274cd65cc1c,0.15,237,252,260,1.0970464135021096,0.46923076923076923,0.48412698412698413,0.4765625,0.223037524855242,0.4218002812939522,0.7639484978540773,0.978021978021978,0.8578313253012049,55,4,144
v3_social_signal_experiment_social_signal_v5_think_false_v5_b1_search237,v3_social_signal_experiment_social_signal_v5_think_false_v5_b1_search237.csv,v3_social_signal,unknown,b274cd65cc1c,0.20,237,252,260,1.0970464135021096,0.46923076923076923,0.48412698412698413,0.4765625,0.223037524855242,0.4218002812939522,0.7639484978540773,0.978021978021978,0.8578313253012049,55,4,144
v3_social_signal_experiment_social_signal_v5_think_false_v5_b1_search237,v3_social_signal_experiment_social_signal_v5_think_false_v5_b1_search237.csv,v3_social_signal,unknown,b274cd65cc1c,0.25,237,252,260,1.0970464135021096,0.46923076923076923,0.48412698412698413,0.4765625,0.223037524855242,0.4218002812939522,0.7639484978540773,0.978021978021978,0.8578313253012049,55,4,144
v3_social_signal_experiment_social_signal_v5_think_false_v5_b1_search237,v3_social_signal_experiment_social_signal_v5_think_false_v5_b1_search237.csv,v3_social_signal,unknown,b274cd65cc1c,0.30,237,252,260,1.0970464135021096,0.46923076923076923,0.48412698412698413,0.4765625,0.223037524855242,0.4218002812939522,0.7639484978540773,0.978021978021978,0.8578313253012049,55,4,144
thinking_recall_experiment_latent_candidate_v3_think_true,thinking_recall_experiment_latent_candidate_v3_think_true.csv,thinking_recall,unknown,bb921bff4057,0.35,300,307,432,1.44,0.4074074074074074,0.5732899022801303,0.476319350473613,0.4320507556808345,0.4151111111111111,0.775,0.9559471365638766,0.8560157790927022,63,10,0
thinking_recall_experiment_latent_candidate_v3_think_true,thinking_recall_experiment_latent_candidate_v3_think_true.csv,thinking_recall,unknown,bb921bff4057,0.40,300,307,432,1.44,0.4074074074074074,0.5732899022801303,0.476319350473613,0.4320507556808345,0.4151111111111111,0.775,0.9559471365638766,0.8560157790927022,63,10,0
v3_social_signal_experiment_social_signal_v3_think_false_v3_b1_search237,v3_social_signal_experiment_social_signal_v3_think_false_v3_b1_search237.csv,v3_social_signal,unknown,3c670b98b753,0.05,237,252,265,1.1181434599156117,0.4641509433962264,0.4880952380952381,0.4758220502901354,0.3251911421499439,0.41048824593128386,0.759825327510917,0.9560439560439561,0.8467153284671532,55,8,288
v3_social_signal_experiment_social_signal_v3_think_false_v3_b1_search237,v3_social_signal_experiment_social_signal_v3_think_false_v3_b1_search237.csv,v3_social_signal,unknown,3c670b98b753,0.10,237,252,265,1.1181434599156117,0.4641509433962264,0.4880952380952381,0.4758220502901354,0.3251911421499439,0.41048824593128386,0.759825327510917,0.9560439560439561,0.8467153284671532,55,8,288
thinking_recall_experiment_recall_max_v1_think_true,thinking_recall_experiment_recall_max_v1_think_true.csv,thinking_recall,unknown,84e7d519ea4f,0.35,300,307,168,0.56,0.6726190476190477,0.36807817589576547,0.47578947368421054,0.18965939528471823,0.5186666666666666,0.9235668789808917,0.6387665198237885,0.7552083333333334,12,82,0
thinking_recall_experiment_recall_max_v1_think_true,thinking_recall_experiment_recall_max_v1_think_true.csv,thinking_recall,unknown,84e7d519ea4f,0.40,300,307,168,0.56,0.6726190476190477,0.36807817589576547,0.47578947368421054,0.18965939528471823,0.5186666666666666,0.9235668789808917,0.6387665198237885,0.7552083333333334,12,82,0
thinking_recall_experiment_recall_max_v1_think_true,thinking_recall_experiment_recall_max_v1_think_true.csv,thinking_recall,unknown,84e7d519ea4f,0.45,300,307,168,0.56,0.6726190476190477,0.36807817589576547,0.47578947368421054,0.18965939528471823,0.5186666666666666,0.9235668789808917,0.6387665198237885,0.7552083333333334,12,82,0
thinking_recall_experiment_recall_max_v1_think_true,thinking_recall_experiment_recall_max_v1_think_true.csv,thinking_recall,unknown,84e7d519ea4f,0.50,300,307,168,0.56,0.6726190476190477,0.36807817589576547,0.47578947368421054,0.18965939528471823,0.5186666666666666,0.9235668789808917,0.6387665198237885,0.7552083333333334,12,82,0
thinking_recall_experiment_recall_max_v1_think_true,thinking_recall_experiment_recall_max_v1_think_true.csv,thinking_recall,unknown,84e7d519ea4f,0.55,300,307,168,0.56,0.6726190476190477,0.36807817589576547,0.47578947368421054,0.18965939528471823,0.5186666666666666,0.9235668789808917,0.6387665198237885,0.7552083333333334,12,82,0
thinking_recall_experiment_recall_max_v1_think_true,thinking_recall_experiment_recall_max_v1_think_true.csv,thinking_recall,unknown,84e7d519ea4f,0.60,300,307,168,0.56,0.6726190476190477,0.36807817589576547,0.47578947368421054,0.18965939528471823,0.5186666666666666,0.9235668789808917,0.6387665198237885,0.7552083333333334,12,82,0
v4_social_signal_experiment_v4_prompt_think_true_gemma4_e2b_direct_core_recall_v2_think_ctx16384_tok16384_n237,v4_social_signal_experiment_v4_prompt_think_true_gemma4_e2b_direct_core_recall_v2_think_ctx16384_tok16384_n237.csv,v4_social_signal,gemma4:e2b,c8807482784f,0.65,237,225,162,0.6835443037974683,0.5679012345679012,0.4088888888888889,0.4754521963824289,0.3062734721337867,0.5216596343178621,0.8503401360544217,0.7440476190476191,0.7936507936507936,22,43,360
v4_social_signal_experiment_v4_prompt_think_true_gemma4_e4b_gold_mimic_broad_v1_think_ctx16384_tok16384_n237,v4_social_signal_experiment_v4_prompt_think_true_gemma4_e4b_gold_mimic_broad_v1_think_ctx16384_tok16384_n237.csv,v4_social_signal,gemma4:e4b,183047e552a4,0.75,237,225,446,1.8818565400843883,0.3542600896860987,0.7022222222222222,0.47093889716840537,0.3643628506037123,0.4185854932690376,0.7094017094017094,0.9880952380952381,0.8258706467661692,68,2,108
v4_social_signal_experiment_v4_prompt_think_false_compact_b1_search237,v4_social_signal_experiment_v4_prompt_think_false_compact_b1_search237.csv,v4_social_signal,unknown,4bcda0daa7f2,0.35,237,252,280,1.1814345991561181,0.44642857142857145,0.49603174603174605,0.4699248120300752,0.3913634955957276,0.4472573839662447,0.8177339901477833,0.9120879120879121,0.8623376623376623,37,16,0
v4_social_signal_experiment_v4_prompt_think_false_compact_b1_search237,v4_social_signal_experiment_v4_prompt_think_false_compact_b1_search237.csv,v4_social_signal,unknown,4bcda0daa7f2,0.40,237,252,280,1.1814345991561181,0.44642857142857145,0.49603174603174605,0.4699248120300752,0.3913634955957276,0.4472573839662447,0.8177339901477833,0.9120879120879121,0.8623376623376623,37,16,0
v4_social_signal_experiment_v4_prompt_think_false_compact_b1_search237,v4_social_signal_experiment_v4_prompt_think_false_compact_b1_search237.csv,v4_social_signal,unknown,4bcda0daa7f2,0.45,237,252,280,1.1814345991561181,0.44642857142857145,0.49603174603174605,0.4699248120300752,0.3913634955957276,0.4472573839662447,0.8177339901477833,0.9120879120879121,0.8623376623376623,37,16,0
v4_social_signal_experiment_v4_prompt_think_false_compact_b1_search237,v4_social_signal_experiment_v4_prompt_think_false_compact_b1_search237.csv,v4_social_signal,unknown,4bcda0daa7f2,0.50,237,252,280,1.1814345991561181,0.44642857142857145,0.49603174603174605,0.4699248120300752,0.3913634955957276,0.4472573839662447,0.8177339901477833,0.9120879120879121,0.8623376623376623,37,16,0
v4_social_signal_experiment_v4_prompt_think_true_gemma4_e4b_direct_business_migration_fixed_think_ctx16384_tok16384_n237,v4_social_signal_experiment_v4_prompt_think_true_gemma4_e4b_direct_business_migration_fixed_think_ctx16384_tok16384_n237.csv,v4_social_signal,gemma4:e4b,56dbdeff5e78,0.65,237,225,268,1.130801687763713,0.4291044776119403,0.5111111111111111,0.4665314401622718,0.2891925784573845,0.45260196905766525,0.7535545023696683,0.9464285714285714,0.8390501319261213,52,9,72
v4_social_signal_experiment_v4_prompt_think_true_gemma4_e4b_direct_business_migration_fixed_think_ctx16384_tok16384_n237,v4_social_signal_experiment_v4_prompt_think_true_gemma4_e4b_direct_business_migration_fixed_think_ctx16384_tok16384_n237.csv,v4_social_signal,gemma4:e4b,56dbdeff5e78,0.70,237,225,268,1.130801687763713,0.4291044776119403,0.5111111111111111,0.4665314401622718,0.2891925784573845,0.45260196905766525,0.7535545023696683,0.9464285714285714,0.8390501319261213,52,9,72
thinking_recall_experiment_recall_max_v1_think_true,thinking_recall_experiment_recall_max_v1_think_true.csv,thinking_recall,unknown,84e7d519ea4f,default,300,307,152,0.5066666666666667,0.7039473684210527,0.3485342019543974,0.4662309368191721,0.1800898689411275,0.5186666666666666,0.950354609929078,0.5903083700440529,0.7282608695652174,7,93,0
v4_social_signal_experiment_v4_prompt_think_true_gemma4_e4b_direct_brief_thinking_think_ctx16384_tok16384_n237,v4_social_signal_experiment_v4_prompt_think_true_gemma4_e4b_direct_brief_thinking_think_ctx16384_tok16384_n237.csv,v4_social_signal,gemma4:e4b,fb55dcc495b1,0.65,237,225,286,1.2067510548523206,0.4160839160839161,0.5288888888888889,0.4657534246575342,0.3386953605434789,0.4163150492264416,0.7297297297297297,0.9642857142857143,0.8307692307692308,60,6,180
v4_social_signal_experiment_v4_prompt_think_true_gemma4_e4b_direct_brief_thinking_think_ctx16384_tok16384_n237,v4_social_signal_experiment_v4_prompt_think_true_gemma4_e4b_direct_brief_thinking_think_ctx16384_tok16384_n237.csv,v4_social_signal,gemma4:e4b,fb55dcc495b1,0.70,237,225,286,1.2067510548523206,0.4160839160839161,0.5288888888888889,0.4657534246575342,0.3386953605434789,0.4163150492264416,0.7297297297297297,0.9642857142857143,0.8307692307692308,60,6,180
v4_social_signal_experiment_v4_prompt_think_true_gemma4_e4b_direct_core_filtered_v3_think_ctx16384_tok16384_n237,v4_social_signal_experiment_v4_prompt_think_true_gemma4_e4b_direct_core_filtered_v3_think_ctx16384_tok16384_n237.csv,v4_social_signal,gemma4:e4b,e6338721a595,0.95,237,225,80,0.33755274261603374,0.8875,0.31555555555555553,0.46557377049180326,0.1367879968426145,0.5267229254571028,0.9230769230769231,0.42857142857142855,0.5853658536585366,6,96,0
v3_social_signal_experiment_social_signal_v5_think_false_v5_b1_search237,v3_social_signal_experiment_social_signal_v5_think_false_v5_b1_search237.csv,v3_social_signal,unknown,b274cd65cc1c,0.65,237,252,135,0.569620253164557,0.6666666666666666,0.35714285714285715,0.46511627906976744,0.23440699189920314,0.4938115330520394,0.90625,0.6373626373626373,0.7483870967741936,12,66,144
v3_social_signal_experiment_social_signal_v5_think_false_v5_b1_search237,v3_social_signal_experiment_social_signal_v5_think_false_v5_b1_search237.csv,v3_social_signal,unknown,b274cd65cc1c,0.70,237,252,135,0.569620253164557,0.6666666666666666,0.35714285714285715,0.46511627906976744,0.23440699189920314,0.4938115330520394,0.90625,0.6373626373626373,0.7483870967741936,12,66,144
v3_social_signal_experiment_social_signal_v5_think_false_v5_b1_search237,v3_social_signal_experiment_social_signal_v5_think_false_v5_b1_search237.csv,v3_social_signal,unknown,b274cd65cc1c,0.75,237,252,135,0.569620253164557,0.6666666666666666,0.35714285714285715,0.46511627906976744,0.23440699189920314,0.4938115330520394,0.90625,0.6373626373626373,0.7483870967741936,12,66,144
v3_social_signal_experiment_social_signal_v5_think_false_v5_b1_search237,v3_social_signal_experiment_social_signal_v5_think_false_v5_b1_search237.csv,v3_social_signal,unknown,b274cd65cc1c,0.80,237,252,135,0.569620253164557,0.6666666666666666,0.35714285714285715,0.46511627906976744,0.23440699189920314,0.4938115330520394,0.90625,0.6373626373626373,0.7483870967741936,12,66,144
prompt_search_search_balanced_recall_v2_gemma4-e2b_5df03950348d_e98b1a3c5abc,prompt_search_search_balanced_recall_v2_gemma4-e2b_5df03950348d_e98b1a3c5abc.csv,prompt_search,gemma4:e2b,75900bdcb16e,default,300,307,162,0.54,0.6728395061728395,0.3550488599348534,0.464818763326226,0.24433274351023296,0.5118888888888888,0.952054794520548,0.6123348017621145,0.7453083109919572,7,88,0
v4_social_signal_experiment_v4_prompt_think_true_gemma4_e4b_gold_mimic_broad_v1_think_ctx16384_tok16384_n237,v4_social_signal_experiment_v4_prompt_think_true_gemma4_e4b_gold_mimic_broad_v1_think_ctx16384_tok16384_n237.csv,v4_social_signal,gemma4:e4b,183047e552a4,default,237,225,464,1.9578059071729959,0.3448275862068966,0.7111111111111111,0.4644412191582003,0.36239705804209543,0.4188667872212176,0.7094017094017094,0.9880952380952381,0.8258706467661692,68,2,108
v4_social_signal_experiment_v4_prompt_think_true_gemma4_e4b_gold_mimic_broad_v1_think_ctx16384_tok16384_n237,v4_social_signal_experiment_v4_prompt_think_true_gemma4_e4b_gold_mimic_broad_v1_think_ctx16384_tok16384_n237.csv,v4_social_signal,gemma4:e4b,183047e552a4,0.05,237,225,464,1.9578059071729959,0.3448275862068966,0.7111111111111111,0.4644412191582003,0.36239705804209543,0.4188667872212176,0.7094017094017094,0.9880952380952381,0.8258706467661692,68,2,108
v4_social_signal_experiment_v4_prompt_think_true_gemma4_e4b_gold_mimic_broad_v1_think_ctx16384_tok16384_n237,v4_social_signal_experiment_v4_prompt_think_true_gemma4_e4b_gold_mimic_broad_v1_think_ctx16384_tok16384_n237.csv,v4_social_signal,gemma4:e4b,183047e552a4,0.10,237,225,464,1.9578059071729959,0.3448275862068966,0.7111111111111111,0.4644412191582003,0.36239705804209543,0.4188667872212176,0.7094017094017094,0.9880952380952381,0.8258706467661692,68,2,108
v4_social_signal_experiment_v4_prompt_think_true_gemma4_e4b_gold_mimic_broad_v1_think_ctx16384_tok16384_n237,v4_social_signal_experiment_v4_prompt_think_true_gemma4_e4b_gold_mimic_broad_v1_think_ctx16384_tok16384_n237.csv,v4_social_signal,gemma4:e4b,183047e552a4,0.15,237,225,464,1.9578059071729959,0.3448275862068966,0.7111111111111111,0.4644412191582003,0.36239705804209543,0.4188667872212176,0.7094017094017094,0.9880952380952381,0.8258706467661692,68,2,108
v4_social_signal_experiment_v4_prompt_think_true_gemma4_e4b_gold_mimic_broad_v1_think_ctx16384_tok16384_n237,v4_social_signal_experiment_v4_prompt_think_true_gemma4_e4b_gold_mimic_broad_v1_think_ctx16384_tok16384_n237.csv,v4_social_signal,gemma4:e4b,183047e552a4,0.20,237,225,464,1.9578059071729959,0.3448275862068966,0.7111111111111111,0.4644412191582003,0.36239705804209543,0.4188667872212176,0.7094017094017094,0.9880952380952381,0.8258706467661692,68,2,108
v4_social_signal_experiment_v4_prompt_think_true_gemma4_e4b_gold_mimic_broad_v1_think_ctx16384_tok16384_n237,v4_social_signal_experiment_v4_prompt_think_true_gemma4_e4b_gold_mimic_broad_v1_think_ctx16384_tok16384_n237.csv,v4_social_signal,gemma4:e4b,183047e552a4,0.25,237,225,464,1.9578059071729959,0.3448275862068966,0.7111111111111111,0.4644412191582003,0.36239705804209543,0.4188667872212176,0.7094017094017094,0.9880952380952381,0.8258706467661692,68,2,108
v4_social_signal_experiment_v4_prompt_think_true_gemma4_e4b_gold_mimic_broad_v1_think_ctx16384_tok16384_n237,v4_social_signal_experiment_v4_prompt_think_true_gemma4_e4b_gold_mimic_broad_v1_think_ctx16384_tok16384_n237.csv,v4_social_signal,gemma4:e4b,183047e552a4,0.30,237,225,464,1.9578059071729959,0.3448275862068966,0.7111111111111111,0.4644412191582003,0.36239705804209543,0.4188667872212176,0.7094017094017094,0.9880952380952381,0.8258706467661692,68,2,108
v4_social_signal_experiment_v4_prompt_think_true_gemma4_e4b_gold_mimic_broad_v1_think_ctx16384_tok16384_n237,v4_social_signal_experiment_v4_prompt_think_true_gemma4_e4b_gold_mimic_broad_v1_think_ctx16384_tok16384_n237.csv,v4_social_signal,gemma4:e4b,183047e552a4,0.35,237,225,464,1.9578059071729959,0.3448275862068966,0.7111111111111111,0.4644412191582003,0.36239705804209543,0.4188667872212176,0.7094017094017094,0.9880952380952381,0.8258706467661692,68,2,108
v4_social_signal_experiment_v4_prompt_think_true_gemma4_e4b_gold_mimic_broad_v1_think_ctx16384_tok16384_n237,v4_social_signal_experiment_v4_prompt_think_true_gemma4_e4b_gold_mimic_broad_v1_think_ctx16384_tok16384_n237.csv,v4_social_signal,gemma4:e4b,183047e552a4,0.40,237,225,464,1.9578059071729959,0.3448275862068966,0.7111111111111111,0.4644412191582003,0.36239705804209543,0.4188667872212176,0.7094017094017094,0.9880952380952381,0.8258706467661692,68,2,108
v4_social_signal_experiment_v4_prompt_think_true_gemma4_e4b_gold_mimic_broad_v1_think_ctx16384_tok16384_n237,v4_social_signal_experiment_v4_prompt_think_true_gemma4_e4b_gold_mimic_broad_v1_think_ctx16384_tok16384_n237.csv,v4_social_signal,gemma4:e4b,183047e552a4,0.45,237,225,464,1.9578059071729959,0.3448275862068966,0.7111111111111111,0.4644412191582003,0.36239705804209543,0.4188667872212176,0.7094017094017094,0.9880952380952381,0.8258706467661692,68,2,108
v4_social_signal_experiment_v4_prompt_think_true_gemma4_e4b_gold_mimic_broad_v1_think_ctx16384_tok16384_n237,v4_social_signal_experiment_v4_prompt_think_true_gemma4_e4b_gold_mimic_broad_v1_think_ctx16384_tok16384_n237.csv,v4_social_signal,gemma4:e4b,183047e552a4,0.50,237,225,464,1.9578059071729959,0.3448275862068966,0.7111111111111111,0.4644412191582003,0.36239705804209543,0.4188667872212176,0.7094017094017094,0.9880952380952381,0.8258706467661692,68,2,108
v4_social_signal_experiment_v4_prompt_think_true_gemma4_e4b_gold_mimic_broad_v1_think_ctx16384_tok16384_n237,v4_social_signal_experiment_v4_prompt_think_true_gemma4_e4b_gold_mimic_broad_v1_think_ctx16384_tok16384_n237.csv,v4_social_signal,gemma4:e4b,183047e552a4,0.55,237,225,464,1.9578059071729959,0.3448275862068966,0.7111111111111111,0.4644412191582003,0.36239705804209543,0.4188667872212176,0.7094017094017094,0.9880952380952381,0.8258706467661692,68,2,108
v4_social_signal_experiment_v4_prompt_think_true_gemma4_e4b_gold_mimic_broad_v1_think_ctx16384_tok16384_n237,v4_social_signal_experiment_v4_prompt_think_true_gemma4_e4b_gold_mimic_broad_v1_think_ctx16384_tok16384_n237.csv,v4_social_signal,gemma4:e4b,183047e552a4,0.60,237,225,464,1.9578059071729959,0.3448275862068966,0.7111111111111111,0.4644412191582003,0.36239705804209543,0.4188667872212176,0.7094017094017094,0.9880952380952381,0.8258706467661692,68,2,108
v4_social_signal_experiment_v4_prompt_think_true_gemma4_e4b_gold_mimic_broad_v1_think_ctx16384_tok16384_n237,v4_social_signal_experiment_v4_prompt_think_true_gemma4_e4b_gold_mimic_broad_v1_think_ctx16384_tok16384_n237.csv,v4_social_signal,gemma4:e4b,183047e552a4,0.65,237,225,464,1.9578059071729959,0.3448275862068966,0.7111111111111111,0.4644412191582003,0.36239705804209543,0.4188667872212176,0.7094017094017094,0.9880952380952381,0.8258706467661692,68,2,108
v4_social_signal_experiment_v4_prompt_think_true_gemma4_e4b_gold_mimic_broad_v1_think_ctx16384_tok16384_n237,v4_social_signal_experiment_v4_prompt_think_true_gemma4_e4b_gold_mimic_broad_v1_think_ctx16384_tok16384_n237.csv,v4_social_signal,gemma4:e4b,183047e552a4,0.70,237,225,464,1.9578059071729959,0.3448275862068966,0.7111111111111111,0.4644412191582003,0.36239705804209543,0.4188667872212176,0.7094017094017094,0.9880952380952381,0.8258706467661692,68,2,108
v3_social_signal_experiment_social_signal_v3_think_true_v3_b1_search237_think,v3_social_signal_experiment_social_signal_v3_think_true_v3_b1_search237_think.csv,v3_social_signal,unknown,10088fd15039,default,237,252,278,1.1729957805907174,0.44244604316546765,0.4880952380952381,0.4641509433962264,0.310615131456759,0.39656419529837256,0.7669491525423728,0.9945054945054945,0.8660287081339713,55,1,0
v3_social_signal_experiment_social_signal_v3_think_true_v3_b1_search237_think,v3_social_signal_experiment_social_signal_v3_think_true_v3_b1_search237_think.csv,v3_social_signal,unknown,10088fd15039,0.05,237,252,278,1.1729957805907174,0.44244604316546765,0.4880952380952381,0.4641509433962264,0.310615131456759,0.39656419529837256,0.7669491525423728,0.9945054945054945,0.8660287081339713,55,1,0
v3_social_signal_experiment_social_signal_v3_think_true_v3_b1_search237_think,v3_social_signal_experiment_social_signal_v3_think_true_v3_b1_search237_think.csv,v3_social_signal,unknown,10088fd15039,0.10,237,252,278,1.1729957805907174,0.44244604316546765,0.4880952380952381,0.4641509433962264,0.310615131456759,0.39656419529837256,0.7669491525423728,0.9945054945054945,0.8660287081339713,55,1,0
v3_social_signal_experiment_social_signal_v3_think_true_v3_b1_search237_think,v3_social_signal_experiment_social_signal_v3_think_true_v3_b1_search237_think.csv,v3_social_signal,unknown,10088fd15039,0.15,237,252,278,1.1729957805907174,0.44244604316546765,0.4880952380952381,0.4641509433962264,0.310615131456759,0.39656419529837256,0.7669491525423728,0.9945054945054945,0.8660287081339713,55,1,0
v3_social_signal_experiment_social_signal_v3_think_true_v3_b1_search237_think,v3_social_signal_experiment_social_signal_v3_think_true_v3_b1_search237_think.csv,v3_social_signal,unknown,10088fd15039,0.20,237,252,278,1.1729957805907174,0.44244604316546765,0.4880952380952381,0.4641509433962264,0.310615131456759,0.39656419529837256,0.7669491525423728,0.9945054945054945,0.8660287081339713,55,1,0
v3_social_signal_experiment_social_signal_v3_think_true_v3_b1_search237_think,v3_social_signal_experiment_social_signal_v3_think_true_v3_b1_search237_think.csv,v3_social_signal,unknown,10088fd15039,0.25,237,252,278,1.1729957805907174,0.44244604316546765,0.4880952380952381,0.4641509433962264,0.310615131456759,0.39656419529837256,0.7669491525423728,0.9945054945054945,0.8660287081339713,55,1,0
v3_social_signal_experiment_social_signal_v3_think_true_v3_b1_search237_think,v3_social_signal_experiment_social_signal_v3_think_true_v3_b1_search237_think.csv,v3_social_signal,unknown,10088fd15039,0.30,237,252,278,1.1729957805907174,0.44244604316546765,0.4880952380952381,0.4641509433962264,0.310615131456759,0.39656419529837256,0.7669491525423728,0.9945054945054945,0.8660287081339713,55,1,0
v4_social_signal_experiment_v4_prompt_think_true_gemma4_e4b_direct_brief_thinking_think_ctx16384_tok16384_n237,v4_social_signal_experiment_v4_prompt_think_true_gemma4_e4b_direct_brief_thinking_think_ctx16384_tok16384_n237.csv,v4_social_signal,gemma4:e4b,fb55dcc495b1,default,237,225,293,1.2362869198312236,0.40955631399317405,0.5333333333333333,0.46332046332046334,0.3387501474506768,0.4172995780590717,0.7321428571428571,0.9761904761904762,0.8367346938775511,60,4,180
v4_social_signal_experiment_v4_prompt_think_true_gemma4_e4b_direct_brief_thinking_think_ctx16384_tok16384_n237,v4_social_signal_experiment_v4_prompt_think_true_gemma4_e4b_direct_brief_thinking_think_ctx16384_tok16384_n237.csv,v4_social_signal,gemma4:e4b,fb55dcc495b1,0.05,237,225,293,1.2362869198312236,0.40955631399317405,0.5333333333333333,0.46332046332046334,0.3387501474506768,0.4172995780590717,0.7321428571428571,0.9761904761904762,0.8367346938775511,60,4,180
v4_social_signal_experiment_v4_prompt_think_true_gemma4_e4b_direct_brief_thinking_think_ctx16384_tok16384_n237,v4_social_signal_experiment_v4_prompt_think_true_gemma4_e4b_direct_brief_thinking_think_ctx16384_tok16384_n237.csv,v4_social_signal,gemma4:e4b,fb55dcc495b1,0.10,237,225,293,1.2362869198312236,0.40955631399317405,0.5333333333333333,0.46332046332046334,0.3387501474506768,0.4172995780590717,0.7321428571428571,0.9761904761904762,0.8367346938775511,60,4,180
v4_social_signal_experiment_v4_prompt_think_true_gemma4_e4b_direct_brief_thinking_think_ctx16384_tok16384_n237,v4_social_signal_experiment_v4_prompt_think_true_gemma4_e4b_direct_brief_thinking_think_ctx16384_tok16384_n237.csv,v4_social_signal,gemma4:e4b,fb55dcc495b1,0.15,237,225,293,1.2362869198312236,0.40955631399317405,0.5333333333333333,0.46332046332046334,0.3387501474506768,0.4172995780590717,0.7321428571428571,0.9761904761904762,0.8367346938775511,60,4,180
v4_social_signal_experiment_v4_prompt_think_true_gemma4_e4b_direct_brief_thinking_think_ctx16384_tok16384_n237,v4_social_signal_experiment_v4_prompt_think_true_gemma4_e4b_direct_brief_thinking_think_ctx16384_tok16384_n237.csv,v4_social_signal,gemma4:e4b,fb55dcc495b1,0.20,237,225,293,1.2362869198312236,0.40955631399317405,0.5333333333333333,0.46332046332046334,0.3387501474506768,0.4172995780590717,0.7321428571428571,0.9761904761904762,0.8367346938775511,60,4,180
v4_social_signal_experiment_v4_prompt_think_true_gemma4_e4b_direct_brief_thinking_think_ctx16384_tok16384_n237,v4_social_signal_experiment_v4_prompt_think_true_gemma4_e4b_direct_brief_thinking_think_ctx16384_tok16384_n237.csv,v4_social_signal,gemma4:e4b,fb55dcc495b1,0.25,237,225,293,1.2362869198312236,0.40955631399317405,0.5333333333333333,0.46332046332046334,0.3387501474506768,0.4172995780590717,0.7321428571428571,0.9761904761904762,0.8367346938775511,60,4,180
v4_social_signal_experiment_v4_prompt_think_true_gemma4_e4b_direct_brief_thinking_think_ctx16384_tok16384_n237,v4_social_signal_experiment_v4_prompt_think_true_gemma4_e4b_direct_brief_thinking_think_ctx16384_tok16384_n237.csv,v4_social_signal,gemma4:e4b,fb55dcc495b1,0.30,237,225,293,1.2362869198312236,0.40955631399317405,0.5333333333333333,0.46332046332046334,0.3387501474506768,0.4172995780590717,0.7321428571428571,0.9761904761904762,0.8367346938775511,60,4,180
v4_social_signal_experiment_v4_prompt_think_true_gemma4_e4b_direct_brief_thinking_think_ctx16384_tok16384_n237,v4_social_signal_experiment_v4_prompt_think_true_gemma4_e4b_direct_brief_thinking_think_ctx16384_tok16384_n237.csv,v4_social_signal,gemma4:e4b,fb55dcc495b1,0.35,237,225,293,1.2362869198312236,0.40955631399317405,0.5333333333333333,0.46332046332046334,0.3387501474506768,0.4172995780590717,0.7321428571428571,0.9761904761904762,0.8367346938775511,60,4,180
v4_social_signal_experiment_v4_prompt_think_true_gemma4_e4b_direct_brief_thinking_think_ctx16384_tok16384_n237,v4_social_signal_experiment_v4_prompt_think_true_gemma4_e4b_direct_brief_thinking_think_ctx16384_tok16384_n237.csv,v4_social_signal,gemma4:e4b,fb55dcc495b1,0.40,237,225,293,1.2362869198312236,0.40955631399317405,0.5333333333333333,0.46332046332046334,0.3387501474506768,0.4172995780590717,0.7321428571428571,0.9761904761904762,0.8367346938775511,60,4,180
v4_social_signal_experiment_v4_prompt_think_true_gemma4_e4b_direct_brief_thinking_think_ctx16384_tok16384_n237,v4_social_signal_experiment_v4_prompt_think_true_gemma4_e4b_direct_brief_thinking_think_ctx16384_tok16384_n237.csv,v4_social_signal,gemma4:e4b,fb55dcc495b1,0.45,237,225,293,1.2362869198312236,0.40955631399317405,0.5333333333333333,0.46332046332046334,0.3387501474506768,0.4172995780590717,0.7321428571428571,0.9761904761904762,0.8367346938775511,60,4,180
v4_social_signal_experiment_v4_prompt_think_true_gemma4_e4b_direct_brief_thinking_think_ctx16384_tok16384_n237,v4_social_signal_experiment_v4_prompt_think_true_gemma4_e4b_direct_brief_thinking_think_ctx16384_tok16384_n237.csv,v4_social_signal,gemma4:e4b,fb55dcc495b1,0.50,237,225,293,1.2362869198312236,0.40955631399317405,0.5333333333333333,0.46332046332046334,0.3387501474506768,0.4172995780590717,0.7321428571428571,0.9761904761904762,0.8367346938775511,60,4,180
v4_social_signal_experiment_v4_prompt_think_true_gemma4_e4b_direct_brief_thinking_think_ctx16384_tok16384_n237,v4_social_signal_experiment_v4_prompt_think_true_gemma4_e4b_direct_brief_thinking_think_ctx16384_tok16384_n237.csv,v4_social_signal,gemma4:e4b,fb55dcc495b1,0.55,237,225,293,1.2362869198312236,0.40955631399317405,0.5333333333333333,0.46332046332046334,0.3387501474506768,0.4172995780590717,0.7321428571428571,0.9761904761904762,0.8367346938775511,60,4,180
v4_social_signal_experiment_v4_prompt_think_true_gemma4_e4b_direct_brief_thinking_think_ctx16384_tok16384_n237,v4_social_signal_experiment_v4_prompt_think_true_gemma4_e4b_direct_brief_thinking_think_ctx16384_tok16384_n237.csv,v4_social_signal,gemma4:e4b,fb55dcc495b1,0.60,237,225,293,1.2362869198312236,0.40955631399317405,0.5333333333333333,0.46332046332046334,0.3387501474506768,0.4172995780590717,0.7321428571428571,0.9761904761904762,0.8367346938775511,60,4,180
v4_social_signal_experiment_v4_prompt_think_false_b1_pilot18,v4_social_signal_experiment_v4_prompt_think_false_b1_pilot18.csv,v4_social_signal,unknown,dc871c8c6a42,0.35,18,12,27,1.5,0.3333333333333333,0.75,0.46153846153846156,0.6363636363636364,0.3222222222222222,0.5555555555555556,1.0,0.7142857142857143,8,0,0
v4_social_signal_experiment_v4_prompt_think_false_b1_pilot18,v4_social_signal_experiment_v4_prompt_think_false_b1_pilot18.csv,v4_social_signal,unknown,dc871c8c6a42,0.40,18,12,27,1.5,0.3333333333333333,0.75,0.46153846153846156,0.6363636363636364,0.3222222222222222,0.5555555555555556,1.0,0.7142857142857143,8,0,0
v4_social_signal_experiment_v4_prompt_think_false_b1_pilot18,v4_social_signal_experiment_v4_prompt_think_false_b1_pilot18.csv,v4_social_signal,unknown,dc871c8c6a42,0.45,18,12,27,1.5,0.3333333333333333,0.75,0.46153846153846156,0.6363636363636364,0.3222222222222222,0.5555555555555556,1.0,0.7142857142857143,8,0,0
v4_social_signal_experiment_v4_prompt_think_false_b1_pilot18,v4_social_signal_experiment_v4_prompt_think_false_b1_pilot18.csv,v4_social_signal,unknown,dc871c8c6a42,0.50,18,12,27,1.5,0.3333333333333333,0.75,0.46153846153846156,0.6363636363636364,0.3222222222222222,0.5555555555555556,1.0,0.7142857142857143,8,0,0
v4_social_signal_experiment_v4_prompt_think_false_b1_pilot18,v4_social_signal_experiment_v4_prompt_think_false_b1_pilot18.csv,v4_social_signal,unknown,dc871c8c6a42,0.55,18,12,27,1.5,0.3333333333333333,0.75,0.46153846153846156,0.6363636363636364,0.3222222222222222,0.5555555555555556,1.0,0.7142857142857143,8,0,0
v4_social_signal_experiment_v4_prompt_think_true_oldgold_gemma4_26b_direct_core_targeted_v7_think_nojson_guard2_ctx32768_tok8192_b1_pilot8,v4_social_signal_experiment_v4_prompt_think_true_oldgold_gemma4_26b_direct_core_targeted_v7_think_nojson_guard2_ctx32768_tok8192_b1_pilot8.csv,v4_social_signal,gemma4:26b,a8d3082c4e73,0.75,8,6,7,0.875,0.42857142857142855,0.5,0.46153846153846156,0.5,0.5833333333333333,0.8,0.8,0.8,1,1,0
v4_social_signal_experiment_v4_prompt_think_true_oldgold_gemma4_26b_direct_core_targeted_v7_think_nojson_guard2_ctx32768_tok8192_b1_pilot8,v4_social_signal_experiment_v4_prompt_think_true_oldgold_gemma4_26b_direct_core_targeted_v7_think_nojson_guard2_ctx32768_tok8192_b1_pilot8.csv,v4_social_signal,gemma4:26b,a8d3082c4e73,0.80,8,6,7,0.875,0.42857142857142855,0.5,0.46153846153846156,0.5,0.5833333333333333,0.8,0.8,0.8,1,1,0
v4_social_signal_experiment_v4_prompt_think_true_gemma4_e4b_direct_business_migration_fixed_think_ctx16384_tok16384_n237,v4_social_signal_experiment_v4_prompt_think_true_gemma4_e4b_direct_business_migration_fixed_think_ctx16384_tok16384_n237.csv,v4_social_signal,gemma4:e4b,56dbdeff5e78,default,237,225,274,1.1561181434599157,0.4197080291970803,0.5111111111111111,0.46092184368737477,0.28378783370452737,0.4472573839662447,0.75,0.9464285714285714,0.8368421052631579,53,9,72
v4_social_signal_experiment_v4_prompt_think_true_gemma4_e4b_direct_business_migration_fixed_think_ctx16384_tok16384_n237,v4_social_signal_experiment_v4_prompt_think_true_gemma4_e4b_direct_business_migration_fixed_think_ctx16384_tok16384_n237.csv,v4_social_signal,gemma4:e4b,56dbdeff5e78,0.05,237,225,274,1.1561181434599157,0.4197080291970803,0.5111111111111111,0.46092184368737477,0.28378783370452737,0.4472573839662447,0.75,0.9464285714285714,0.8368421052631579,53,9,72
v4_social_signal_experiment_v4_prompt_think_true_gemma4_e4b_direct_business_migration_fixed_think_ctx16384_tok16384_n237,v4_social_signal_experiment_v4_prompt_think_true_gemma4_e4b_direct_business_migration_fixed_think_ctx16384_tok16384_n237.csv,v4_social_signal,gemma4:e4b,56dbdeff5e78,0.10,237,225,274,1.1561181434599157,0.4197080291970803,0.5111111111111111,0.46092184368737477,0.28378783370452737,0.4472573839662447,0.75,0.9464285714285714,0.8368421052631579,53,9,72
v4_social_signal_experiment_v4_prompt_think_true_gemma4_e4b_direct_business_migration_fixed_think_ctx16384_tok16384_n237,v4_social_signal_experiment_v4_prompt_think_true_gemma4_e4b_direct_business_migration_fixed_think_ctx16384_tok16384_n237.csv,v4_social_signal,gemma4:e4b,56dbdeff5e78,0.15,237,225,274,1.1561181434599157,0.4197080291970803,0.5111111111111111,0.46092184368737477,0.28378783370452737,0.4472573839662447,0.75,0.9464285714285714,0.8368421052631579,53,9,72
v4_social_signal_experiment_v4_prompt_think_true_gemma4_e4b_direct_business_migration_fixed_think_ctx16384_tok16384_n237,v4_social_signal_experiment_v4_prompt_think_true_gemma4_e4b_direct_business_migration_fixed_think_ctx16384_tok16384_n237.csv,v4_social_signal,gemma4:e4b,56dbdeff5e78,0.20,237,225,274,1.1561181434599157,0.4197080291970803,0.5111111111111111,0.46092184368737477,0.28378783370452737,0.4472573839662447,0.75,0.9464285714285714,0.8368421052631579,53,9,72
v4_social_signal_experiment_v4_prompt_think_true_gemma4_e4b_direct_business_migration_fixed_think_ctx16384_tok16384_n237,v4_social_signal_experiment_v4_prompt_think_true_gemma4_e4b_direct_business_migration_fixed_think_ctx16384_tok16384_n237.csv,v4_social_signal,gemma4:e4b,56dbdeff5e78,0.25,237,225,274,1.1561181434599157,0.4197080291970803,0.5111111111111111,0.46092184368737477,0.28378783370452737,0.4472573839662447,0.75,0.9464285714285714,0.8368421052631579,53,9,72
v4_social_signal_experiment_v4_prompt_think_true_gemma4_e4b_direct_business_migration_fixed_think_ctx16384_tok16384_n237,v4_social_signal_experiment_v4_prompt_think_true_gemma4_e4b_direct_business_migration_fixed_think_ctx16384_tok16384_n237.csv,v4_social_signal,gemma4:e4b,56dbdeff5e78,0.30,237,225,274,1.1561181434599157,0.4197080291970803,0.5111111111111111,0.46092184368737477,0.28378783370452737,0.4472573839662447,0.75,0.9464285714285714,0.8368421052631579,53,9,72
v4_social_signal_experiment_v4_prompt_think_true_gemma4_e4b_direct_business_migration_fixed_think_ctx16384_tok16384_n237,v4_social_signal_experiment_v4_prompt_think_true_gemma4_e4b_direct_business_migration_fixed_think_ctx16384_tok16384_n237.csv,v4_social_signal,gemma4:e4b,56dbdeff5e78,0.35,237,225,274,1.1561181434599157,0.4197080291970803,0.5111111111111111,0.46092184368737477,0.28378783370452737,0.4472573839662447,0.75,0.9464285714285714,0.8368421052631579,53,9,72
v4_social_signal_experiment_v4_prompt_think_true_gemma4_e4b_direct_business_migration_fixed_think_ctx16384_tok16384_n237,v4_social_signal_experiment_v4_prompt_think_true_gemma4_e4b_direct_business_migration_fixed_think_ctx16384_tok16384_n237.csv,v4_social_signal,gemma4:e4b,56dbdeff5e78,0.40,237,225,274,1.1561181434599157,0.4197080291970803,0.5111111111111111,0.46092184368737477,0.28378783370452737,0.4472573839662447,0.75,0.9464285714285714,0.8368421052631579,53,9,72
v4_social_signal_experiment_v4_prompt_think_true_gemma4_e4b_direct_business_migration_fixed_think_ctx16384_tok16384_n237,v4_social_signal_experiment_v4_prompt_think_true_gemma4_e4b_direct_business_migration_fixed_think_ctx16384_tok16384_n237.csv,v4_social_signal,gemma4:e4b,56dbdeff5e78,0.45,237,225,274,1.1561181434599157,0.4197080291970803,0.5111111111111111,0.46092184368737477,0.28378783370452737,0.4472573839662447,0.75,0.9464285714285714,0.8368421052631579,53,9,72
v4_social_signal_experiment_v4_prompt_think_true_gemma4_e4b_direct_business_migration_fixed_think_ctx16384_tok16384_n237,v4_social_signal_experiment_v4_prompt_think_true_gemma4_e4b_direct_business_migration_fixed_think_ctx16384_tok16384_n237.csv,v4_social_signal,gemma4:e4b,56dbdeff5e78,0.50,237,225,274,1.1561181434599157,0.4197080291970803,0.5111111111111111,0.46092184368737477,0.28378783370452737,0.4472573839662447,0.75,0.9464285714285714,0.8368421052631579,53,9,72
v4_social_signal_experiment_v4_prompt_think_true_gemma4_e4b_direct_business_migration_fixed_think_ctx16384_tok16384_n237,v4_social_signal_experiment_v4_prompt_think_true_gemma4_e4b_direct_business_migration_fixed_think_ctx16384_tok16384_n237.csv,v4_social_signal,gemma4:e4b,56dbdeff5e78,0.55,237,225,274,1.1561181434599157,0.4197080291970803,0.5111111111111111,0.46092184368737477,0.28378783370452737,0.4472573839662447,0.75,0.9464285714285714,0.8368421052631579,53,9,72
v4_social_signal_experiment_v4_prompt_think_true_gemma4_e4b_direct_business_migration_fixed_think_ctx16384_tok16384_n237,v4_social_signal_experiment_v4_prompt_think_true_gemma4_e4b_direct_business_migration_fixed_think_ctx16384_tok16384_n237.csv,v4_social_signal,gemma4:e4b,56dbdeff5e78,0.60,237,225,274,1.1561181434599157,0.4197080291970803,0.5111111111111111,0.46092184368737477,0.28378783370452737,0.4472573839662447,0.75,0.9464285714285714,0.8368421052631579,53,9,72
v3_social_signal_experiment_social_signal_v5_think_false_v5_b1_search237,v3_social_signal_experiment_social_signal_v5_think_false_v5_b1_search237.csv,v3_social_signal,unknown,b274cd65cc1c,0.85,237,252,131,0.5527426160337553,0.6717557251908397,0.3492063492063492,0.4595300261096606,0.23222157667030963,0.4911392405063291,0.90625,0.6373626373626373,0.7483870967741936,12,66,144
v3_social_signal_experiment_social_signal_v5_think_false_v5_b1_search237,v3_social_signal_experiment_social_signal_v5_think_false_v5_b1_search237.csv,v3_social_signal,unknown,b274cd65cc1c,0.90,237,252,131,0.5527426160337553,0.6717557251908397,0.3492063492063492,0.4595300261096606,0.23222157667030963,0.4911392405063291,0.90625,0.6373626373626373,0.7483870967741936,12,66,144
v3_social_signal_experiment_social_signal_v4_think_false_v4_b1_search237,v3_social_signal_experiment_social_signal_v4_think_false_v4_b1_search237.csv,v3_social_signal,unknown,cbf1a7eb8e56,0.35,237,252,192,0.810126582278481,0.53125,0.40476190476190477,0.4594594594594595,0.2274652808039887,0.44936708860759494,0.8352941176470589,0.7802197802197802,0.8068181818181818,28,40,576
v3_social_signal_experiment_social_signal_v4_think_false_v4_b1_search237,v3_social_signal_experiment_social_signal_v4_think_false_v4_b1_search237.csv,v3_social_signal,unknown,cbf1a7eb8e56,0.40,237,252,192,0.810126582278481,0.53125,0.40476190476190477,0.4594594594594595,0.2274652808039887,0.44936708860759494,0.8352941176470589,0.7802197802197802,0.8068181818181818,28,40,576
v3_social_signal_experiment_social_signal_v4_think_false_v4_b1_search237,v3_social_signal_experiment_social_signal_v4_think_false_v4_b1_search237.csv,v3_social_signal,unknown,cbf1a7eb8e56,0.45,237,252,192,0.810126582278481,0.53125,0.40476190476190477,0.4594594594594595,0.2274652808039887,0.44936708860759494,0.8352941176470589,0.7802197802197802,0.8068181818181818,28,40,576
v3_social_signal_experiment_social_signal_v4_think_false_v4_b1_search237,v3_social_signal_experiment_social_signal_v4_think_false_v4_b1_search237.csv,v3_social_signal,unknown,cbf1a7eb8e56,0.50,237,252,192,0.810126582278481,0.53125,0.40476190476190477,0.4594594594594595,0.2274652808039887,0.44936708860759494,0.8352941176470589,0.7802197802197802,0.8068181818181818,28,40,576
v3_social_signal_experiment_social_signal_v4_think_false_v4_b1_search237,v3_social_signal_experiment_social_signal_v4_think_false_v4_b1_search237.csv,v3_social_signal,unknown,cbf1a7eb8e56,0.55,237,252,192,0.810126582278481,0.53125,0.40476190476190477,0.4594594594594595,0.2274652808039887,0.44936708860759494,0.8352941176470589,0.7802197802197802,0.8068181818181818,28,40,576
v3_social_signal_experiment_social_signal_v4_think_false_v4_b1_search237,v3_social_signal_experiment_social_signal_v4_think_false_v4_b1_search237.csv,v3_social_signal,unknown,cbf1a7eb8e56,0.60,237,252,192,0.810126582278481,0.53125,0.40476190476190477,0.4594594594594595,0.2274652808039887,0.44936708860759494,0.8352941176470589,0.7802197802197802,0.8068181818181818,28,40,576
thinking_recall_experiment_recall_max_v1_think_false,thinking_recall_experiment_recall_max_v1_think_false.csv,thinking_recall,unknown,514327296305,0.05,300,307,256,0.8533333333333334,0.50390625,0.4201954397394137,0.458259325044405,0.18935886887213438,0.45933333333333326,0.8208333333333333,0.8678414096916299,0.8436830835117773,43,30,0
thinking_recall_experiment_recall_max_v1_think_false,thinking_recall_experiment_recall_max_v1_think_false.csv,thinking_recall,unknown,514327296305,0.10,300,307,256,0.8533333333333334,0.50390625,0.4201954397394137,0.458259325044405,0.18935886887213438,0.45933333333333326,0.8208333333333333,0.8678414096916299,0.8436830835117773,43,30,0
thinking_recall_experiment_recall_max_v1_think_false,thinking_recall_experiment_recall_max_v1_think_false.csv,thinking_recall,unknown,514327296305,0.15,300,307,256,0.8533333333333334,0.50390625,0.4201954397394137,0.458259325044405,0.18935886887213438,0.45933333333333326,0.8208333333333333,0.8678414096916299,0.8436830835117773,43,30,0
thinking_recall_experiment_recall_max_v1_think_false,thinking_recall_experiment_recall_max_v1_think_false.csv,thinking_recall,unknown,514327296305,0.20,300,307,256,0.8533333333333334,0.50390625,0.4201954397394137,0.458259325044405,0.18935886887213438,0.45933333333333326,0.8208333333333333,0.8678414096916299,0.8436830835117773,43,30,0
thinking_recall_experiment_recall_max_v1_think_false,thinking_recall_experiment_recall_max_v1_think_false.csv,thinking_recall,unknown,514327296305,0.25,300,307,256,0.8533333333333334,0.50390625,0.4201954397394137,0.458259325044405,0.18935886887213438,0.45933333333333326,0.8208333333333333,0.8678414096916299,0.8436830835117773,43,30,0
thinking_recall_experiment_recall_max_v1_think_false,thinking_recall_experiment_recall_max_v1_think_false.csv,thinking_recall,unknown,514327296305,0.30,300,307,256,0.8533333333333334,0.50390625,0.4201954397394137,0.458259325044405,0.18935886887213438,0.45933333333333326,0.8208333333333333,0.8678414096916299,0.8436830835117773,43,30,0
v4_social_signal_experiment_v4_prompt_think_false_v4full965_qwen36_35b_iq4_social_signal_v9_f1_balanced_nothink_json_ctx32768_tok16384_b2.partial,v4_social_signal_experiment_v4_prompt_think_false_v4full965_qwen36_35b_iq4_social_signal_v9_f1_balanced_nothink_json_ctx32768_tok16384_b2.partial.csv,v4_social_signal,qwen3.6-35b:iq4,a1314553cd3e,0.75,8,5,17,2.125,0.29411764705882354,1.0,0.45454545454545453,0.6666666666666666,0.29166666666666663,0.375,1.0,0.5454545454545454,5,0,0
v4_social_signal_experiment_v4_prompt_think_true_oldgold_gemma4_26b_direct_core_targeted_v7_think_nojson_guard2_ctx32768_tok8192_b1_pilot30,v4_social_signal_experiment_v4_prompt_think_true_oldgold_gemma4_26b_direct_core_targeted_v7_think_nojson_guard2_ctx32768_tok8192_b1_pilot30.csv,v4_social_signal,gemma4:26b,a72b2da2ccaf,0.85,30,22,22,0.7333333333333333,0.45454545454545453,0.45454545454545453,0.45454545454545453,0.3670634920634921,0.5911111111111111,0.8888888888888888,0.8421052631578947,0.8648648648648649,2,3,0
v4_social_signal_experiment_v4_prompt_think_false_compact_b1_search237,v4_social_signal_experiment_v4_prompt_think_false_compact_b1_search237.csv,v4_social_signal,unknown,4bcda0daa7f2,default,237,252,317,1.3375527426160339,0.4069400630914827,0.5119047619047619,0.45342706502636204,0.3824991126979236,0.3985935302390999,0.7743362831858407,0.9615384615384616,0.8578431372549019,51,7,0
v4_social_signal_experiment_v4_prompt_think_false_compact_b1_search237,v4_social_signal_experiment_v4_prompt_think_false_compact_b1_search237.csv,v4_social_signal,unknown,4bcda0daa7f2,0.15,237,252,317,1.3375527426160339,0.4069400630914827,0.5119047619047619,0.45342706502636204,0.3824991126979236,0.3985935302390999,0.7743362831858407,0.9615384615384616,0.8578431372549019,51,7,0
v4_social_signal_experiment_v4_prompt_think_false_compact_b1_search237,v4_social_signal_experiment_v4_prompt_think_false_compact_b1_search237.csv,v4_social_signal,unknown,4bcda0daa7f2,0.20,237,252,317,1.3375527426160339,0.4069400630914827,0.5119047619047619,0.45342706502636204,0.3824991126979236,0.3985935302390999,0.7743362831858407,0.9615384615384616,0.8578431372549019,51,7,0
v4_social_signal_experiment_v4_prompt_think_false_compact_b1_search237,v4_social_signal_experiment_v4_prompt_think_false_compact_b1_search237.csv,v4_social_signal,unknown,4bcda0daa7f2,0.25,237,252,317,1.3375527426160339,0.4069400630914827,0.5119047619047619,0.45342706502636204,0.3824991126979236,0.3985935302390999,0.7743362831858407,0.9615384615384616,0.8578431372549019,51,7,0
v4_social_signal_experiment_v4_prompt_think_false_compact_b1_search237,v4_social_signal_experiment_v4_prompt_think_false_compact_b1_search237.csv,v4_social_signal,unknown,4bcda0daa7f2,0.30,237,252,317,1.3375527426160339,0.4069400630914827,0.5119047619047619,0.45342706502636204,0.3824991126979236,0.3985935302390999,0.7743362831858407,0.9615384615384616,0.8578431372549019,51,7,0
thinking_recall_experiment_recall_max_v1_think_false,thinking_recall_experiment_recall_max_v1_think_false.csv,thinking_recall,unknown,514327296305,0.35,300,307,161,0.5366666666666666,0.6583850931677019,0.34527687296416937,0.452991452991453,0.19019280262622243,0.5104444444444444,0.9523809523809523,0.6167400881057269,0.7486631016042781,7,87,0
thinking_recall_experiment_recall_max_v1_think_false,thinking_recall_experiment_recall_max_v1_think_false.csv,thinking_recall,unknown,514327296305,0.40,300,307,161,0.5366666666666666,0.6583850931677019,0.34527687296416937,0.452991452991453,0.19019280262622243,0.5104444444444444,0.9523809523809523,0.6167400881057269,0.7486631016042781,7,87,0
thinking_recall_experiment_recall_max_v1_think_false,thinking_recall_experiment_recall_max_v1_think_false.csv,thinking_recall,unknown,514327296305,0.45,300,307,161,0.5366666666666666,0.6583850931677019,0.34527687296416937,0.452991452991453,0.19019280262622243,0.5104444444444444,0.9523809523809523,0.6167400881057269,0.7486631016042781,7,87,0
thinking_recall_experiment_recall_max_v1_think_false,thinking_recall_experiment_recall_max_v1_think_false.csv,thinking_recall,unknown,514327296305,0.50,300,307,161,0.5366666666666666,0.6583850931677019,0.34527687296416937,0.452991452991453,0.19019280262622243,0.5104444444444444,0.9523809523809523,0.6167400881057269,0.7486631016042781,7,87,0
thinking_recall_experiment_recall_max_v1_think_false,thinking_recall_experiment_recall_max_v1_think_false.csv,thinking_recall,unknown,514327296305,0.55,300,307,161,0.5366666666666666,0.6583850931677019,0.34527687296416937,0.452991452991453,0.19019280262622243,0.5104444444444444,0.9523809523809523,0.6167400881057269,0.7486631016042781,7,87,0
thinking_recall_experiment_recall_max_v1_think_false,thinking_recall_experiment_recall_max_v1_think_false.csv,thinking_recall,unknown,514327296305,0.60,300,307,161,0.5366666666666666,0.6583850931677019,0.34527687296416937,0.452991452991453,0.19019280262622243,0.5104444444444444,0.9523809523809523,0.6167400881057269,0.7486631016042781,7,87,0
v4_social_signal_experiment_v4_prompt_think_false_compact_b1_search237,v4_social_signal_experiment_v4_prompt_think_false_compact_b1_search237.csv,v4_social_signal,unknown,4bcda0daa7f2,0.05,237,252,318,1.3417721518987342,0.4056603773584906,0.5119047619047619,0.45263157894736844,0.38222335205815894,0.3985935302390999,0.775330396475771,0.967032967032967,0.8606356968215159,51,6,0
v4_social_signal_experiment_v4_prompt_think_false_compact_b1_search237,v4_social_signal_experiment_v4_prompt_think_false_compact_b1_search237.csv,v4_social_signal,unknown,4bcda0daa7f2,0.10,237,252,318,1.3417721518987342,0.4056603773584906,0.5119047619047619,0.45263157894736844,0.38222335205815894,0.3985935302390999,0.775330396475771,0.967032967032967,0.8606356968215159,51,6,0
v4_social_signal_experiment_v4_prompt_think_false_compact_b1_search237,v4_social_signal_experiment_v4_prompt_think_false_compact_b1_search237.csv,v4_social_signal,unknown,4bcda0daa7f2,0.65,237,252,146,0.6160337552742616,0.6164383561643836,0.35714285714285715,0.45226130653266333,0.3404057990058359,0.4779184247538678,0.9464285714285714,0.5824175824175825,0.7210884353741497,6,76,0
prompt_search_search_few_shot_major_v3_gemma4-e2b_5df03950348d_0c3d39008fbb,prompt_search_search_few_shot_major_v3_gemma4-e2b_5df03950348d_0c3d39008fbb.csv,prompt_search,gemma4:e2b,9d0229df475d,0.05,300,307,269,0.8966666666666666,0.483271375464684,0.4234527687296417,0.4513888888888889,0.24795375068425102,0.42833333333333334,0.7865168539325843,0.9251101321585903,0.8502024291497976,57,17,0
prompt_search_search_few_shot_major_v3_gemma4-e2b_5df03950348d_0c3d39008fbb,prompt_search_search_few_shot_major_v3_gemma4-e2b_5df03950348d_0c3d39008fbb.csv,prompt_search,gemma4:e2b,9d0229df475d,0.10,300,307,269,0.8966666666666666,0.483271375464684,0.4234527687296417,0.4513888888888889,0.24795375068425102,0.42833333333333334,0.7865168539325843,0.9251101321585903,0.8502024291497976,57,17,0
prompt_search_search_few_shot_major_v3_gemma4-e2b_5df03950348d_0c3d39008fbb,prompt_search_search_few_shot_major_v3_gemma4-e2b_5df03950348d_0c3d39008fbb.csv,prompt_search,gemma4:e2b,9d0229df475d,0.15,300,307,269,0.8966666666666666,0.483271375464684,0.4234527687296417,0.4513888888888889,0.24795375068425102,0.42833333333333334,0.7865168539325843,0.9251101321585903,0.8502024291497976,57,17,0
prompt_search_search_few_shot_major_v3_gemma4-e2b_5df03950348d_0c3d39008fbb,prompt_search_search_few_shot_major_v3_gemma4-e2b_5df03950348d_0c3d39008fbb.csv,prompt_search,gemma4:e2b,9d0229df475d,0.20,300,307,269,0.8966666666666666,0.483271375464684,0.4234527687296417,0.4513888888888889,0.24795375068425102,0.42833333333333334,0.7865168539325843,0.9251101321585903,0.8502024291497976,57,17,0
prompt_search_search_few_shot_major_v3_gemma4-e2b_5df03950348d_0c3d39008fbb,prompt_search_search_few_shot_major_v3_gemma4-e2b_5df03950348d_0c3d39008fbb.csv,prompt_search,gemma4:e2b,9d0229df475d,0.25,300,307,269,0.8966666666666666,0.483271375464684,0.4234527687296417,0.4513888888888889,0.24795375068425102,0.42833333333333334,0.7865168539325843,0.9251101321585903,0.8502024291497976,57,17,0
prompt_search_search_few_shot_major_v3_gemma4-e2b_5df03950348d_0c3d39008fbb,prompt_search_search_few_shot_major_v3_gemma4-e2b_5df03950348d_0c3d39008fbb.csv,prompt_search,gemma4:e2b,9d0229df475d,0.30,300,307,269,0.8966666666666666,0.483271375464684,0.4234527687296417,0.4513888888888889,0.24795375068425102,0.42833333333333334,0.7865168539325843,0.9251101321585903,0.8502024291497976,57,17,0
v4_social_signal_experiment_v4_prompt_think_false_b1_pilot18,v4_social_signal_experiment_v4_prompt_think_false_b1_pilot18.csv,v4_social_signal,unknown,dc871c8c6a42,default,18,12,28,1.5555555555555556,0.32142857142857145,0.75,0.45,0.6181818181818182,0.3148148148148148,0.5555555555555556,1.0,0.7142857142857143,8,0,0
v4_social_signal_experiment_v4_prompt_think_false_b1_pilot18,v4_social_signal_experiment_v4_prompt_think_false_b1_pilot18.csv,v4_social_signal,unknown,dc871c8c6a42,0.05,18,12,28,1.5555555555555556,0.32142857142857145,0.75,0.45,0.6181818181818182,0.3148148148148148,0.5555555555555556,1.0,0.7142857142857143,8,0,0
v4_social_signal_experiment_v4_prompt_think_false_b1_pilot18,v4_social_signal_experiment_v4_prompt_think_false_b1_pilot18.csv,v4_social_signal,unknown,dc871c8c6a42,0.10,18,12,28,1.5555555555555556,0.32142857142857145,0.75,0.45,0.6181818181818182,0.3148148148148148,0.5555555555555556,1.0,0.7142857142857143,8,0,0
v4_social_signal_experiment_v4_prompt_think_false_b1_pilot18,v4_social_signal_experiment_v4_prompt_think_false_b1_pilot18.csv,v4_social_signal,unknown,dc871c8c6a42,0.15,18,12,28,1.5555555555555556,0.32142857142857145,0.75,0.45,0.6181818181818182,0.3148148148148148,0.5555555555555556,1.0,0.7142857142857143,8,0,0
v4_social_signal_experiment_v4_prompt_think_false_b1_pilot18,v4_social_signal_experiment_v4_prompt_think_false_b1_pilot18.csv,v4_social_signal,unknown,dc871c8c6a42,0.20,18,12,28,1.5555555555555556,0.32142857142857145,0.75,0.45,0.6181818181818182,0.3148148148148148,0.5555555555555556,1.0,0.7142857142857143,8,0,0
v4_social_signal_experiment_v4_prompt_think_false_b1_pilot18,v4_social_signal_experiment_v4_prompt_think_false_b1_pilot18.csv,v4_social_signal,unknown,dc871c8c6a42,0.25,18,12,28,1.5555555555555556,0.32142857142857145,0.75,0.45,0.6181818181818182,0.3148148148148148,0.5555555555555556,1.0,0.7142857142857143,8,0,0
v4_social_signal_experiment_v4_prompt_think_false_b1_pilot18,v4_social_signal_experiment_v4_prompt_think_false_b1_pilot18.csv,v4_social_signal,unknown,dc871c8c6a42,0.30,18,12,28,1.5555555555555556,0.32142857142857145,0.75,0.45,0.6181818181818182,0.3148148148148148,0.5555555555555556,1.0,0.7142857142857143,8,0,0
v3_social_signal_experiment_social_signal_v5_think_false_qwen36_35b_iq3_ctx16k_v5_b1_search237_full,v3_social_signal_experiment_social_signal_v5_think_false_qwen36_35b_iq3_ctx16k_v5_b1_search237_full.csv,v3_social_signal,qwen3.6-35b:iq3,1e1ab681c168,default,237,252,734,3.0970464135021096,0.3010899182561308,0.876984126984127,0.4482758620689655,0.4361017979671886,0.42278815886410825,0.774468085106383,1.0,0.8729016786570744,53,0,0
v3_social_signal_experiment_social_signal_v5_think_false_qwen36_35b_iq3_ctx16k_v5_b1_search237_full,v3_social_signal_experiment_social_signal_v5_think_false_qwen36_35b_iq3_ctx16k_v5_b1_search237_full.csv,v3_social_signal,qwen3.6-35b:iq3,1e1ab681c168,0.05,237,252,734,3.0970464135021096,0.3010899182561308,0.876984126984127,0.4482758620689655,0.4361017979671886,0.42278815886410825,0.774468085106383,1.0,0.8729016786570744,53,0,0
v3_social_signal_experiment_social_signal_v5_think_false_qwen36_35b_iq3_ctx16k_v5_b1_search237_full,v3_social_signal_experiment_social_signal_v5_think_false_qwen36_35b_iq3_ctx16k_v5_b1_search237_full.csv,v3_social_signal,qwen3.6-35b:iq3,1e1ab681c168,0.10,237,252,734,3.0970464135021096,0.3010899182561308,0.876984126984127,0.4482758620689655,0.4361017979671886,0.42278815886410825,0.774468085106383,1.0,0.8729016786570744,53,0,0
v3_social_signal_experiment_social_signal_v5_think_false_qwen36_35b_iq3_ctx16k_v5_b1_search237_full,v3_social_signal_experiment_social_signal_v5_think_false_qwen36_35b_iq3_ctx16k_v5_b1_search237_full.csv,v3_social_signal,qwen3.6-35b:iq3,1e1ab681c168,0.15,237,252,734,3.0970464135021096,0.3010899182561308,0.876984126984127,0.4482758620689655,0.4361017979671886,0.42278815886410825,0.774468085106383,1.0,0.8729016786570744,53,0,0
v3_social_signal_experiment_social_signal_v5_think_false_qwen36_35b_iq3_ctx16k_v5_b1_search237_full,v3_social_signal_experiment_social_signal_v5_think_false_qwen36_35b_iq3_ctx16k_v5_b1_search237_full.csv,v3_social_signal,qwen3.6-35b:iq3,1e1ab681c168,0.20,237,252,734,3.0970464135021096,0.3010899182561308,0.876984126984127,0.4482758620689655,0.4361017979671886,0.42278815886410825,0.774468085106383,1.0,0.8729016786570744,53,0,0
v3_social_signal_experiment_social_signal_v5_think_false_qwen36_35b_iq3_ctx16k_v5_b1_search237_full,v3_social_signal_experiment_social_signal_v5_think_false_qwen36_35b_iq3_ctx16k_v5_b1_search237_full.csv,v3_social_signal,qwen3.6-35b:iq3,1e1ab681c168,0.25,237,252,734,3.0970464135021096,0.3010899182561308,0.876984126984127,0.4482758620689655,0.4361017979671886,0.42278815886410825,0.774468085106383,1.0,0.8729016786570744,53,0,0
v3_social_signal_experiment_social_signal_v5_think_false_qwen36_35b_iq3_ctx16k_v5_b1_search237_full,v3_social_signal_experiment_social_signal_v5_think_false_qwen36_35b_iq3_ctx16k_v5_b1_search237_full.csv,v3_social_signal,qwen3.6-35b:iq3,1e1ab681c168,0.30,237,252,734,3.0970464135021096,0.3010899182561308,0.876984126984127,0.4482758620689655,0.4361017979671886,0.42278815886410825,0.774468085106383,1.0,0.8729016786570744,53,0,0
v4_social_signal_experiment_v4_prompt_think_false_compact_b1_search237,v4_social_signal_experiment_v4_prompt_think_false_compact_b1_search237.csv,v4_social_signal,unknown,4bcda0daa7f2,0.60,237,252,156,0.6582278481012658,0.5833333333333334,0.3611111111111111,0.44607843137254904,0.33240136382075375,0.47398030942334746,0.9464285714285714,0.5824175824175825,0.7210884353741497,6,76,0
v3_social_signal_experiment_social_signal_v5_think_true_oldgold_gemma4_26b_ctx32768_tok8192_b1_pilot30_social_signal_v5_think_nojson_guard2.partial,v3_social_signal_experiment_social_signal_v5_think_true_oldgold_gemma4_26b_ctx32768_tok8192_b1_pilot30_social_signal_v5_think_nojson_guard2.partial.csv,v3_social_signal,gemma4:26b,ac323fa2adba,0.45,10,7,11,1.1,0.36363636363636365,0.5714285714285714,0.4444444444444444,0.5238095238095238,0.4833333333333333,0.7142857142857143,0.8333333333333334,0.7692307692307693,2,1,36
v3_social_signal_experiment_social_signal_v5_think_true_oldgold_gemma4_26b_ctx32768_tok8192_b1_pilot30_social_signal_v5_think_nojson_guard2.partial,v3_social_signal_experiment_social_signal_v5_think_true_oldgold_gemma4_26b_ctx32768_tok8192_b1_pilot30_social_signal_v5_think_nojson_guard2.partial.csv,v3_social_signal,gemma4:26b,ac323fa2adba,0.50,10,7,11,1.1,0.36363636363636365,0.5714285714285714,0.4444444444444444,0.5238095238095238,0.4833333333333333,0.7142857142857143,0.8333333333333334,0.7692307692307693,2,1,36
v3_social_signal_experiment_social_signal_v5_think_true_oldgold_gemma4_26b_ctx32768_tok8192_b1_pilot30_social_signal_v5_think_nojson_guard2.partial,v3_social_signal_experiment_social_signal_v5_think_true_oldgold_gemma4_26b_ctx32768_tok8192_b1_pilot30_social_signal_v5_think_nojson_guard2.partial.csv,v3_social_signal,gemma4:26b,ac323fa2adba,0.55,10,7,11,1.1,0.36363636363636365,0.5714285714285714,0.4444444444444444,0.5238095238095238,0.4833333333333333,0.7142857142857143,0.8333333333333334,0.7692307692307693,2,1,36
v3_social_signal_experiment_social_signal_v5_think_true_oldgold_gemma4_26b_ctx32768_tok8192_b1_pilot30_social_signal_v5_think_nojson_guard2.partial,v3_social_signal_experiment_social_signal_v5_think_true_oldgold_gemma4_26b_ctx32768_tok8192_b1_pilot30_social_signal_v5_think_nojson_guard2.partial.csv,v3_social_signal,gemma4:26b,ac323fa2adba,0.60,10,7,11,1.1,0.36363636363636365,0.5714285714285714,0.4444444444444444,0.5238095238095238,0.4833333333333333,0.7142857142857143,0.8333333333333334,0.7692307692307693,2,1,36
v4_social_signal_experiment_v4_prompt_think_false_b1_pilot18,v4_social_signal_experiment_v4_prompt_think_false_b1_pilot18.csv,v4_social_signal,unknown,dc871c8c6a42,0.90,18,12,6,0.3333333333333333,0.6666666666666666,0.3333333333333333,0.4444444444444444,0.3333333333333333,0.5925925925925926,0.8333333333333334,0.5,0.625,1,5,0
v4_social_signal_experiment_v4_prompt_think_false_b1_pilot18,v4_social_signal_experiment_v4_prompt_think_false_b1_pilot18.csv,v4_social_signal,unknown,dc871c8c6a42,0.95,18,12,6,0.3333333333333333,0.6666666666666666,0.3333333333333333,0.4444444444444444,0.3333333333333333,0.5925925925925926,0.8333333333333334,0.5,0.625,1,5,0
prompt_search_search_balanced_recall_v2_gemma4-e2b_5df03950348d_e98b1a3c5abc,prompt_search_search_balanced_recall_v2_gemma4-e2b_5df03950348d_e98b1a3c5abc.csv,prompt_search,gemma4:e2b,75900bdcb16e,0.35,300,307,125,0.4166666666666667,0.768,0.3127035830618892,0.4444444444444444,0.2396220090821884,0.49611111111111106,0.9663865546218487,0.5066079295154186,0.6647398843930635,4,112,0
prompt_search_search_balanced_recall_v2_gemma4-e2b_5df03950348d_e98b1a3c5abc,prompt_search_search_balanced_recall_v2_gemma4-e2b_5df03950348d_e98b1a3c5abc.csv,prompt_search,gemma4:e2b,75900bdcb16e,0.40,300,307,125,0.4166666666666667,0.768,0.3127035830618892,0.4444444444444444,0.2396220090821884,0.49611111111111106,0.9663865546218487,0.5066079295154186,0.6647398843930635,4,112,0
prompt_search_search_balanced_recall_v2_gemma4-e2b_5df03950348d_e98b1a3c5abc,prompt_search_search_balanced_recall_v2_gemma4-e2b_5df03950348d_e98b1a3c5abc.csv,prompt_search,gemma4:e2b,75900bdcb16e,0.45,300,307,125,0.4166666666666667,0.768,0.3127035830618892,0.4444444444444444,0.2396220090821884,0.49611111111111106,0.9663865546218487,0.5066079295154186,0.6647398843930635,4,112,0
prompt_search_search_balanced_recall_v2_gemma4-e2b_5df03950348d_e98b1a3c5abc,prompt_search_search_balanced_recall_v2_gemma4-e2b_5df03950348d_e98b1a3c5abc.csv,prompt_search,gemma4:e2b,75900bdcb16e,0.50,300,307,125,0.4166666666666667,0.768,0.3127035830618892,0.4444444444444444,0.2396220090821884,0.49611111111111106,0.9663865546218487,0.5066079295154186,0.6647398843930635,4,112,0
prompt_search_search_balanced_recall_v2_gemma4-e2b_5df03950348d_e98b1a3c5abc,prompt_search_search_balanced_recall_v2_gemma4-e2b_5df03950348d_e98b1a3c5abc.csv,prompt_search,gemma4:e2b,75900bdcb16e,0.55,300,307,125,0.4166666666666667,0.768,0.3127035830618892,0.4444444444444444,0.2396220090821884,0.49611111111111106,0.9663865546218487,0.5066079295154186,0.6647398843930635,4,112,0
prompt_search_search_balanced_recall_v2_gemma4-e2b_5df03950348d_e98b1a3c5abc,prompt_search_search_balanced_recall_v2_gemma4-e2b_5df03950348d_e98b1a3c5abc.csv,prompt_search,gemma4:e2b,75900bdcb16e,0.60,300,307,125,0.4166666666666667,0.768,0.3127035830618892,0.4444444444444444,0.2396220090821884,0.49611111111111106,0.9663865546218487,0.5066079295154186,0.6647398843930635,4,112,0
thinking_recall_experiment_latent_candidate_v3_think_true,thinking_recall_experiment_latent_candidate_v3_think_true.csv,thinking_recall,unknown,bb921bff4057,0.15,300,307,559,1.8633333333333333,0.3434704830053667,0.6254071661237784,0.44341801385681295,0.41252424408818056,0.37311111111111106,0.7566666666666667,1.0,0.8614800759013282,73,0,0
thinking_recall_experiment_latent_candidate_v3_think_true,thinking_recall_experiment_latent_candidate_v3_think_true.csv,thinking_recall,unknown,bb921bff4057,0.20,300,307,559,1.8633333333333333,0.3434704830053667,0.6254071661237784,0.44341801385681295,0.41252424408818056,0.37311111111111106,0.7566666666666667,1.0,0.8614800759013282,73,0,0
thinking_recall_experiment_latent_candidate_v3_think_true,thinking_recall_experiment_latent_candidate_v3_think_true.csv,thinking_recall,unknown,bb921bff4057,0.25,300,307,559,1.8633333333333333,0.3434704830053667,0.6254071661237784,0.44341801385681295,0.41252424408818056,0.37311111111111106,0.7566666666666667,1.0,0.8614800759013282,73,0,0
thinking_recall_experiment_latent_candidate_v3_think_true,thinking_recall_experiment_latent_candidate_v3_think_true.csv,thinking_recall,unknown,bb921bff4057,0.30,300,307,559,1.8633333333333333,0.3434704830053667,0.6254071661237784,0.44341801385681295,0.41252424408818056,0.37311111111111106,0.7566666666666667,1.0,0.8614800759013282,73,0,0
thinking_recall_experiment_latent_candidate_v3_think_true,thinking_recall_experiment_latent_candidate_v3_think_true.csv,thinking_recall,unknown,bb921bff4057,0.05,300,307,560,1.8666666666666667,0.34285714285714286,0.6254071661237784,0.4429065743944637,0.4123500231192688,0.37311111111111106,0.7566666666666667,1.0,0.8614800759013282,73,0,0
thinking_recall_experiment_latent_candidate_v3_think_true,thinking_recall_experiment_latent_candidate_v3_think_true.csv,thinking_recall,unknown,bb921bff4057,0.10,300,307,560,1.8666666666666667,0.34285714285714286,0.6254071661237784,0.4429065743944637,0.4123500231192688,0.37311111111111106,0.7566666666666667,1.0,0.8614800759013282,73,0,0
thinking_recall_experiment_recall_max_v1_think_false,thinking_recall_experiment_recall_max_v1_think_false.csv,thinking_recall,unknown,514327296305,default,300,307,148,0.49333333333333335,0.6756756756756757,0.3257328990228013,0.43956043956043955,0.18767155691708118,0.5015555555555555,0.9701492537313433,0.5726872246696035,0.7202216066481995,4,97,0
v4_social_signal_experiment_v4_prompt_think_false_v4full965_qwen36_35b_iq3_social_signal_v5_nothink_json_ctx32768_tok16384_b2.partial,v4_social_signal_experiment_v4_prompt_think_false_v4full965_qwen36_35b_iq3_social_signal_v5_nothink_json_ctx32768_tok16384_b2.partial.csv,v4_social_signal,qwen3.6-35b:iq3,554ea15ec5e9,default,240,227,616,2.566666666666667,0.3003246753246753,0.8149779735682819,0.4389086595492289,0.42381581965989107,0.4024669312169312,0.7253218884120172,1.0,0.8407960199004975,64,0,0
v4_social_signal_experiment_v4_prompt_think_false_v4full965_qwen36_35b_iq3_social_signal_v5_nothink_json_ctx32768_tok16384_b2.partial,v4_social_signal_experiment_v4_prompt_think_false_v4full965_qwen36_35b_iq3_social_signal_v5_nothink_json_ctx32768_tok16384_b2.partial.csv,v4_social_signal,qwen3.6-35b:iq3,554ea15ec5e9,0.05,240,227,616,2.566666666666667,0.3003246753246753,0.8149779735682819,0.4389086595492289,0.42381581965989107,0.4024669312169312,0.7253218884120172,1.0,0.8407960199004975,64,0,0
v4_social_signal_experiment_v4_prompt_think_false_v4full965_qwen36_35b_iq3_social_signal_v5_nothink_json_ctx32768_tok16384_b2.partial,v4_social_signal_experiment_v4_prompt_think_false_v4full965_qwen36_35b_iq3_social_signal_v5_nothink_json_ctx32768_tok16384_b2.partial.csv,v4_social_signal,qwen3.6-35b:iq3,554ea15ec5e9,0.10,240,227,616,2.566666666666667,0.3003246753246753,0.8149779735682819,0.4389086595492289,0.42381581965989107,0.4024669312169312,0.7253218884120172,1.0,0.8407960199004975,64,0,0
v4_social_signal_experiment_v4_prompt_think_false_v4full965_qwen36_35b_iq3_social_signal_v5_nothink_json_ctx32768_tok16384_b2.partial,v4_social_signal_experiment_v4_prompt_think_false_v4full965_qwen36_35b_iq3_social_signal_v5_nothink_json_ctx32768_tok16384_b2.partial.csv,v4_social_signal,qwen3.6-35b:iq3,554ea15ec5e9,0.15,240,227,616,2.566666666666667,0.3003246753246753,0.8149779735682819,0.4389086595492289,0.42381581965989107,0.4024669312169312,0.7253218884120172,1.0,0.8407960199004975,64,0,0
v4_social_signal_experiment_v4_prompt_think_false_v4full965_qwen36_35b_iq3_social_signal_v5_nothink_json_ctx32768_tok16384_b2.partial,v4_social_signal_experiment_v4_prompt_think_false_v4full965_qwen36_35b_iq3_social_signal_v5_nothink_json_ctx32768_tok16384_b2.partial.csv,v4_social_signal,qwen3.6-35b:iq3,554ea15ec5e9,0.20,240,227,616,2.566666666666667,0.3003246753246753,0.8149779735682819,0.4389086595492289,0.42381581965989107,0.4024669312169312,0.7253218884120172,1.0,0.8407960199004975,64,0,0
v4_social_signal_experiment_v4_prompt_think_false_v4full965_qwen36_35b_iq3_social_signal_v5_nothink_json_ctx32768_tok16384_b2.partial,v4_social_signal_experiment_v4_prompt_think_false_v4full965_qwen36_35b_iq3_social_signal_v5_nothink_json_ctx32768_tok16384_b2.partial.csv,v4_social_signal,qwen3.6-35b:iq3,554ea15ec5e9,0.25,240,227,616,2.566666666666667,0.3003246753246753,0.8149779735682819,0.4389086595492289,0.42381581965989107,0.4024669312169312,0.7253218884120172,1.0,0.8407960199004975,64,0,0
v4_social_signal_experiment_v4_prompt_think_false_v4full965_qwen36_35b_iq3_social_signal_v5_nothink_json_ctx32768_tok16384_b2.partial,v4_social_signal_experiment_v4_prompt_think_false_v4full965_qwen36_35b_iq3_social_signal_v5_nothink_json_ctx32768_tok16384_b2.partial.csv,v4_social_signal,qwen3.6-35b:iq3,554ea15ec5e9,0.30,240,227,616,2.566666666666667,0.3003246753246753,0.8149779735682819,0.4389086595492289,0.42381581965989107,0.4024669312169312,0.7253218884120172,1.0,0.8407960199004975,64,0,0
v4_social_signal_experiment_v4_prompt_think_false_v4pilot60_qwen35_9b_high_recall_minimal_v3_nothink_json_ctx32768_tok16384_b2,v4_social_signal_experiment_v4_prompt_think_false_v4pilot60_qwen35_9b_high_recall_minimal_v3_nothink_json_ctx32768_tok16384_b2.csv,v4_social_signal,qwen35-9b,cbe12b087c57,default,41,37,109,2.658536585365854,0.29357798165137616,0.8648648648648649,0.4383561643835616,0.44662309368191716,0.44227642276422763,0.7073170731707317,1.0,0.8285714285714286,12,0,0
v4_social_signal_experiment_v4_prompt_think_false_v4pilot60_qwen35_9b_high_recall_minimal_v3_nothink_json_ctx32768_tok16384_b2,v4_social_signal_experiment_v4_prompt_think_false_v4pilot60_qwen35_9b_high_recall_minimal_v3_nothink_json_ctx32768_tok16384_b2.csv,v4_social_signal,qwen35-9b,cbe12b087c57,0.05,41,37,109,2.658536585365854,0.29357798165137616,0.8648648648648649,0.4383561643835616,0.44662309368191716,0.44227642276422763,0.7073170731707317,1.0,0.8285714285714286,12,0,0
v4_social_signal_experiment_v4_prompt_think_false_v4pilot60_qwen35_9b_high_recall_minimal_v3_nothink_json_ctx32768_tok16384_b2,v4_social_signal_experiment_v4_prompt_think_false_v4pilot60_qwen35_9b_high_recall_minimal_v3_nothink_json_ctx32768_tok16384_b2.csv,v4_social_signal,qwen35-9b,cbe12b087c57,0.10,41,37,109,2.658536585365854,0.29357798165137616,0.8648648648648649,0.4383561643835616,0.44662309368191716,0.44227642276422763,0.7073170731707317,1.0,0.8285714285714286,12,0,0
v4_social_signal_experiment_v4_prompt_think_false_v4pilot60_qwen35_9b_high_recall_minimal_v3_nothink_json_ctx32768_tok16384_b2,v4_social_signal_experiment_v4_prompt_think_false_v4pilot60_qwen35_9b_high_recall_minimal_v3_nothink_json_ctx32768_tok16384_b2.csv,v4_social_signal,qwen35-9b,cbe12b087c57,0.15,41,37,109,2.658536585365854,0.29357798165137616,0.8648648648648649,0.4383561643835616,0.44662309368191716,0.44227642276422763,0.7073170731707317,1.0,0.8285714285714286,12,0,0
v4_social_signal_experiment_v4_prompt_think_false_v4pilot60_qwen35_9b_high_recall_minimal_v3_nothink_json_ctx32768_tok16384_b2,v4_social_signal_experiment_v4_prompt_think_false_v4pilot60_qwen35_9b_high_recall_minimal_v3_nothink_json_ctx32768_tok16384_b2.csv,v4_social_signal,qwen35-9b,cbe12b087c57,0.20,41,37,109,2.658536585365854,0.29357798165137616,0.8648648648648649,0.4383561643835616,0.44662309368191716,0.44227642276422763,0.7073170731707317,1.0,0.8285714285714286,12,0,0
v4_social_signal_experiment_v4_prompt_think_false_v4pilot60_qwen35_9b_high_recall_minimal_v3_nothink_json_ctx32768_tok16384_b2,v4_social_signal_experiment_v4_prompt_think_false_v4pilot60_qwen35_9b_high_recall_minimal_v3_nothink_json_ctx32768_tok16384_b2.csv,v4_social_signal,qwen35-9b,cbe12b087c57,0.25,41,37,109,2.658536585365854,0.29357798165137616,0.8648648648648649,0.4383561643835616,0.44662309368191716,0.44227642276422763,0.7073170731707317,1.0,0.8285714285714286,12,0,0
v4_social_signal_experiment_v4_prompt_think_false_v4pilot60_qwen35_9b_high_recall_minimal_v3_nothink_json_ctx32768_tok16384_b2,v4_social_signal_experiment_v4_prompt_think_false_v4pilot60_qwen35_9b_high_recall_minimal_v3_nothink_json_ctx32768_tok16384_b2.csv,v4_social_signal,qwen35-9b,cbe12b087c57,0.30,41,37,109,2.658536585365854,0.29357798165137616,0.8648648648648649,0.4383561643835616,0.44662309368191716,0.44227642276422763,0.7073170731707317,1.0,0.8285714285714286,12,0,0
prompt_search_search_few_shot_major_v3_gemma4-e2b_5df03950348d_0c3d39008fbb,prompt_search_search_few_shot_major_v3_gemma4-e2b_5df03950348d_0c3d39008fbb.csv,prompt_search,gemma4:e2b,9d0229df475d,0.35,300,307,183,0.61,0.5846994535519126,0.3485342019543974,0.43673469387755104,0.24819959647927056,0.48722222222222217,0.8961748633879781,0.7224669603524229,0.8,19,63,0
prompt_search_search_few_shot_major_v3_gemma4-e2b_5df03950348d_0c3d39008fbb,prompt_search_search_few_shot_major_v3_gemma4-e2b_5df03950348d_0c3d39008fbb.csv,prompt_search,gemma4:e2b,9d0229df475d,0.40,300,307,183,0.61,0.5846994535519126,0.3485342019543974,0.43673469387755104,0.24819959647927056,0.48722222222222217,0.8961748633879781,0.7224669603524229,0.8,19,63,0
prompt_search_search_few_shot_major_v3_gemma4-e2b_5df03950348d_0c3d39008fbb,prompt_search_search_few_shot_major_v3_gemma4-e2b_5df03950348d_0c3d39008fbb.csv,prompt_search,gemma4:e2b,9d0229df475d,0.45,300,307,183,0.61,0.5846994535519126,0.3485342019543974,0.43673469387755104,0.24819959647927056,0.48722222222222217,0.8961748633879781,0.7224669603524229,0.8,19,63,0
prompt_search_search_few_shot_major_v3_gemma4-e2b_5df03950348d_0c3d39008fbb,prompt_search_search_few_shot_major_v3_gemma4-e2b_5df03950348d_0c3d39008fbb.csv,prompt_search,gemma4:e2b,9d0229df475d,0.50,300,307,183,0.61,0.5846994535519126,0.3485342019543974,0.43673469387755104,0.24819959647927056,0.48722222222222217,0.8961748633879781,0.7224669603524229,0.8,19,63,0
prompt_search_search_few_shot_major_v3_gemma4-e2b_5df03950348d_0c3d39008fbb,prompt_search_search_few_shot_major_v3_gemma4-e2b_5df03950348d_0c3d39008fbb.csv,prompt_search,gemma4:e2b,9d0229df475d,0.55,300,307,183,0.61,0.5846994535519126,0.3485342019543974,0.43673469387755104,0.24819959647927056,0.48722222222222217,0.8961748633879781,0.7224669603524229,0.8,19,63,0
prompt_search_search_few_shot_major_v3_gemma4-e2b_5df03950348d_0c3d39008fbb,prompt_search_search_few_shot_major_v3_gemma4-e2b_5df03950348d_0c3d39008fbb.csv,prompt_search,gemma4:e2b,9d0229df475d,0.60,300,307,183,0.61,0.5846994535519126,0.3485342019543974,0.43673469387755104,0.24819959647927056,0.48722222222222217,0.8961748633879781,0.7224669603524229,0.8,19,63,0
v3_social_signal_experiment_social_signal_v4_think_false_v4_b1_search237,v3_social_signal_experiment_social_signal_v4_think_false_v4_b1_search237.csv,v3_social_signal,unknown,cbf1a7eb8e56,default,237,252,252,1.0632911392405062,0.4365079365079365,0.4365079365079365,0.4365079365079365,0.21332538896269,0.36371308016877635,0.751131221719457,0.9120879120879121,0.8238213399503722,55,16,576
v3_social_signal_experiment_social_signal_v4_think_false_v4_b1_search237,v3_social_signal_experiment_social_signal_v4_think_false_v4_b1_search237.csv,v3_social_signal,unknown,cbf1a7eb8e56,0.05,237,252,252,1.0632911392405062,0.4365079365079365,0.4365079365079365,0.4365079365079365,0.21332538896269,0.36371308016877635,0.751131221719457,0.9120879120879121,0.8238213399503722,55,16,576
v3_social_signal_experiment_social_signal_v4_think_false_v4_b1_search237,v3_social_signal_experiment_social_signal_v4_think_false_v4_b1_search237.csv,v3_social_signal,unknown,cbf1a7eb8e56,0.10,237,252,252,1.0632911392405062,0.4365079365079365,0.4365079365079365,0.4365079365079365,0.21332538896269,0.36371308016877635,0.751131221719457,0.9120879120879121,0.8238213399503722,55,16,576
v3_social_signal_experiment_social_signal_v4_think_false_v4_b1_search237,v3_social_signal_experiment_social_signal_v4_think_false_v4_b1_search237.csv,v3_social_signal,unknown,cbf1a7eb8e56,0.15,237,252,252,1.0632911392405062,0.4365079365079365,0.4365079365079365,0.4365079365079365,0.21332538896269,0.36371308016877635,0.751131221719457,0.9120879120879121,0.8238213399503722,55,16,576
v3_social_signal_experiment_social_signal_v4_think_false_v4_b1_search237,v3_social_signal_experiment_social_signal_v4_think_false_v4_b1_search237.csv,v3_social_signal,unknown,cbf1a7eb8e56,0.20,237,252,252,1.0632911392405062,0.4365079365079365,0.4365079365079365,0.4365079365079365,0.21332538896269,0.36371308016877635,0.751131221719457,0.9120879120879121,0.8238213399503722,55,16,576
v3_social_signal_experiment_social_signal_v4_think_false_v4_b1_search237,v3_social_signal_experiment_social_signal_v4_think_false_v4_b1_search237.csv,v3_social_signal,unknown,cbf1a7eb8e56,0.25,237,252,252,1.0632911392405062,0.4365079365079365,0.4365079365079365,0.4365079365079365,0.21332538896269,0.36371308016877635,0.751131221719457,0.9120879120879121,0.8238213399503722,55,16,576
v3_social_signal_experiment_social_signal_v4_think_false_v4_b1_search237,v3_social_signal_experiment_social_signal_v4_think_false_v4_b1_search237.csv,v3_social_signal,unknown,cbf1a7eb8e56,0.30,237,252,252,1.0632911392405062,0.4365079365079365,0.4365079365079365,0.4365079365079365,0.21332538896269,0.36371308016877635,0.751131221719457,0.9120879120879121,0.8238213399503722,55,16,576
thinking_recall_experiment_latent_candidate_v3_think_true,thinking_recall_experiment_latent_candidate_v3_think_true.csv,thinking_recall,unknown,bb921bff4057,default,300,307,404,1.3466666666666667,0.38366336633663367,0.504885993485342,0.4360056258790436,0.4066870174513727,0.40788888888888886,0.8055555555555556,0.7665198237885462,0.7855530474040632,42,53,0
v3_social_signal_experiment_social_signal_v5_think_false_qwen36_35b_iq3_ctx16k_v5_b1_search237_full,v3_social_signal_experiment_social_signal_v5_think_false_qwen36_35b_iq3_ctx16k_v5_b1_search237_full.csv,v3_social_signal,qwen3.6-35b:iq3,1e1ab681c168,0.65,237,252,88,0.37130801687763715,0.8409090909090909,0.29365079365079366,0.43529411764705883,0.3700607412696489,0.4808720112517581,0.9882352941176471,0.46153846153846156,0.6292134831460674,1,98,0
v3_social_signal_experiment_social_signal_v5_think_false_qwen36_35b_iq3_ctx16k_v5_b1_search237_full,v3_social_signal_experiment_social_signal_v5_think_false_qwen36_35b_iq3_ctx16k_v5_b1_search237_full.csv,v3_social_signal,qwen3.6-35b:iq3,1e1ab681c168,0.70,237,252,88,0.37130801687763715,0.8409090909090909,0.29365079365079366,0.43529411764705883,0.3700607412696489,0.4808720112517581,0.9882352941176471,0.46153846153846156,0.6292134831460674,1,98,0
v4_social_signal_experiment_v4_prompt_think_false_v4full965_qwen36_35b_iq3_social_signal_v5_nothink_json_ctx32768_tok16384_b2.partial,v4_social_signal_experiment_v4_prompt_think_false_v4full965_qwen36_35b_iq3_social_signal_v5_nothink_json_ctx32768_tok16384_b2.partial.csv,v4_social_signal,qwen3.6-35b:iq3,554ea15ec5e9,0.65,240,227,82,0.3416666666666667,0.8170731707317073,0.29515418502202645,0.4336569579288026,0.2971055219290514,0.5159722222222222,0.9615384615384616,0.4437869822485207,0.6072874493927125,3,94,0
v4_social_signal_experiment_v4_prompt_think_false_v4full965_qwen36_35b_iq3_social_signal_v5_nothink_json_ctx32768_tok16384_b2.partial,v4_social_signal_experiment_v4_prompt_think_false_v4full965_qwen36_35b_iq3_social_signal_v5_nothink_json_ctx32768_tok16384_b2.partial.csv,v4_social_signal,qwen3.6-35b:iq3,554ea15ec5e9,0.70,240,227,82,0.3416666666666667,0.8170731707317073,0.29515418502202645,0.4336569579288026,0.2971055219290514,0.5159722222222222,0.9615384615384616,0.4437869822485207,0.6072874493927125,3,94,0
v4_social_signal_experiment_v4_prompt_think_false_v4full965_qwen36_35b_iq3_social_signal_v5_nothink_json_ctx32768_tok16384_b2.partial,v4_social_signal_experiment_v4_prompt_think_false_v4full965_qwen36_35b_iq3_social_signal_v5_nothink_json_ctx32768_tok16384_b2.partial.csv,v4_social_signal,qwen3.6-35b:iq3,554ea15ec5e9,0.75,240,227,82,0.3416666666666667,0.8170731707317073,0.29515418502202645,0.4336569579288026,0.2971055219290514,0.5159722222222222,0.9615384615384616,0.4437869822485207,0.6072874493927125,3,94,0
v4_social_signal_experiment_v4_prompt_think_false_v4full965_qwen36_35b_iq3_social_signal_v5_nothink_json_ctx32768_tok16384_b2.partial,v4_social_signal_experiment_v4_prompt_think_false_v4full965_qwen36_35b_iq3_social_signal_v5_nothink_json_ctx32768_tok16384_b2.partial.csv,v4_social_signal,qwen3.6-35b:iq3,554ea15ec5e9,0.80,240,227,82,0.3416666666666667,0.8170731707317073,0.29515418502202645,0.4336569579288026,0.2971055219290514,0.5159722222222222,0.9615384615384616,0.4437869822485207,0.6072874493927125,3,94,0
v4_social_signal_experiment_v4_prompt_think_false_v4full965_qwen36_35b_iq3_social_signal_v5_nothink_json_ctx32768_tok16384_b2.partial,v4_social_signal_experiment_v4_prompt_think_false_v4full965_qwen36_35b_iq3_social_signal_v5_nothink_json_ctx32768_tok16384_b2.partial.csv,v4_social_signal,qwen3.6-35b:iq3,554ea15ec5e9,0.85,240,227,82,0.3416666666666667,0.8170731707317073,0.29515418502202645,0.4336569579288026,0.2971055219290514,0.5159722222222222,0.9615384615384616,0.4437869822485207,0.6072874493927125,3,94,0
v4_social_signal_experiment_v4_prompt_think_false_v4full965_qwen36_35b_iq3_social_signal_v5_nothink_json_ctx32768_tok16384_b2.partial,v4_social_signal_experiment_v4_prompt_think_false_v4full965_qwen36_35b_iq3_social_signal_v5_nothink_json_ctx32768_tok16384_b2.partial.csv,v4_social_signal,qwen3.6-35b:iq3,554ea15ec5e9,0.90,240,227,82,0.3416666666666667,0.8170731707317073,0.29515418502202645,0.4336569579288026,0.2971055219290514,0.5159722222222222,0.9615384615384616,0.4437869822485207,0.6072874493927125,3,94,0
manual_dataset_prompt_search_best_balanced_recall_v2,manual_dataset_prompt_search_best_balanced_recall_v2.csv,prompt_search,unknown,190692fa4772,default,1000,915,504,0.504,0.6091269841269841,0.3355191256830601,0.43269908386187456,0.25915396467160745,0.4784,0.8695652173913043,0.5793103448275863,0.695364238410596,63,305,0
prompt_search_full_balanced_recall_v2_gemma4-e2b_5df03950348d_e98b1a3c5abc,prompt_search_full_balanced_recall_v2_gemma4-e2b_5df03950348d_e98b1a3c5abc.csv,prompt_search,gemma4:e2b,190692fa4772,default,1000,915,504,0.504,0.6091269841269841,0.3355191256830601,0.43269908386187456,0.25915396467160745,0.4784,0.8695652173913043,0.5793103448275863,0.695364238410596,63,305,0
v4_social_signal_experiment_v4_prompt_think_true_gemma4_e4b_direct_core_gold_calibrated_v4_think_ctx16384_tok16384_n237,v4_social_signal_experiment_v4_prompt_think_true_gemma4_e4b_direct_core_gold_calibrated_v4_think_ctx16384_tok16384_n237.csv,v4_social_signal,gemma4:e4b,f6c7bb0790fa,0.95,237,225,85,0.35864978902953587,0.788235294117647,0.29777777777777775,0.432258064516129,0.12167517875383045,0.4977496483825598,0.8809523809523809,0.44047619047619047,0.5873015873015873,10,94,0
v3_social_signal_experiment_social_signal_v5_think_false_qwen36_35b_iq3_ctx16k_v5_b1_search237_full,v3_social_signal_experiment_social_signal_v5_think_false_qwen36_35b_iq3_ctx16k_v5_b1_search237_full.csv,v3_social_signal,qwen3.6-35b:iq3,1e1ab681c168,0.75,237,252,87,0.3670886075949367,0.8390804597701149,0.2896825396825397,0.4306784660766962,0.36931450192319754,0.47960618846694797,0.9882352941176471,0.46153846153846156,0.6292134831460674,1,98,0
v3_social_signal_experiment_social_signal_v5_think_false_qwen36_35b_iq3_ctx16k_v5_b1_search237_full,v3_social_signal_experiment_social_signal_v5_think_false_qwen36_35b_iq3_ctx16k_v5_b1_search237_full.csv,v3_social_signal,qwen3.6-35b:iq3,1e1ab681c168,0.80,237,252,87,0.3670886075949367,0.8390804597701149,0.2896825396825397,0.4306784660766962,0.36931450192319754,0.47960618846694797,0.9882352941176471,0.46153846153846156,0.6292134831460674,1,98,0
v3_social_signal_experiment_social_signal_v5_think_false_qwen36_35b_iq3_ctx16k_v5_b1_search237_full,v3_social_signal_experiment_social_signal_v5_think_false_qwen36_35b_iq3_ctx16k_v5_b1_search237_full.csv,v3_social_signal,qwen3.6-35b:iq3,1e1ab681c168,0.85,237,252,87,0.3670886075949367,0.8390804597701149,0.2896825396825397,0.4306784660766962,0.36931450192319754,0.47960618846694797,0.9882352941176471,0.46153846153846156,0.6292134831460674,1,98,0
v3_social_signal_experiment_social_signal_v5_think_false_qwen36_35b_iq3_ctx16k_v5_b1_search237_full,v3_social_signal_experiment_social_signal_v5_think_false_qwen36_35b_iq3_ctx16k_v5_b1_search237_full.csv,v3_social_signal,qwen3.6-35b:iq3,1e1ab681c168,0.90,237,252,87,0.3670886075949367,0.8390804597701149,0.2896825396825397,0.4306784660766962,0.36931450192319754,0.47960618846694797,0.9882352941176471,0.46153846153846156,0.6292134831460674,1,98,0
manual_dataset_prompt_search_best_balanced_recall_v2,manual_dataset_prompt_search_best_balanced_recall_v2.csv,prompt_search,unknown,190692fa4772,0.35,1000,915,411,0.411,0.6934306569343066,0.3114754098360656,0.4298642533936652,0.2532437798045641,0.49200000000000005,0.915,0.5048275862068966,0.6506666666666666,34,359,0
manual_dataset_prompt_search_best_balanced_recall_v2,manual_dataset_prompt_search_best_balanced_recall_v2.csv,prompt_search,unknown,190692fa4772,0.40,1000,915,411,0.411,0.6934306569343066,0.3114754098360656,0.4298642533936652,0.2532437798045641,0.49200000000000005,0.915,0.5048275862068966,0.6506666666666666,34,359,0
manual_dataset_prompt_search_best_balanced_recall_v2,manual_dataset_prompt_search_best_balanced_recall_v2.csv,prompt_search,unknown,190692fa4772,0.45,1000,915,411,0.411,0.6934306569343066,0.3114754098360656,0.4298642533936652,0.2532437798045641,0.49200000000000005,0.915,0.5048275862068966,0.6506666666666666,34,359,0
manual_dataset_prompt_search_best_balanced_recall_v2,manual_dataset_prompt_search_best_balanced_recall_v2.csv,prompt_search,unknown,190692fa4772,0.50,1000,915,411,0.411,0.6934306569343066,0.3114754098360656,0.4298642533936652,0.2532437798045641,0.49200000000000005,0.915,0.5048275862068966,0.6506666666666666,34,359,0
manual_dataset_prompt_search_best_balanced_recall_v2,manual_dataset_prompt_search_best_balanced_recall_v2.csv,prompt_search,unknown,190692fa4772,0.55,1000,915,411,0.411,0.6934306569343066,0.3114754098360656,0.4298642533936652,0.2532437798045641,0.49200000000000005,0.915,0.5048275862068966,0.6506666666666666,34,359,0
manual_dataset_prompt_search_best_balanced_recall_v2,manual_dataset_prompt_search_best_balanced_recall_v2.csv,prompt_search,unknown,190692fa4772,0.60,1000,915,411,0.411,0.6934306569343066,0.3114754098360656,0.4298642533936652,0.2532437798045641,0.49200000000000005,0.915,0.5048275862068966,0.6506666666666666,34,359,0
prompt_search_full_balanced_recall_v2_gemma4-e2b_5df03950348d_e98b1a3c5abc,prompt_search_full_balanced_recall_v2_gemma4-e2b_5df03950348d_e98b1a3c5abc.csv,prompt_search,gemma4:e2b,190692fa4772,0.35,1000,915,411,0.411,0.6934306569343066,0.3114754098360656,0.4298642533936652,0.2532437798045641,0.49200000000000005,0.915,0.5048275862068966,0.6506666666666666,34,359,0
prompt_search_full_balanced_recall_v2_gemma4-e2b_5df03950348d_e98b1a3c5abc,prompt_search_full_balanced_recall_v2_gemma4-e2b_5df03950348d_e98b1a3c5abc.csv,prompt_search,gemma4:e2b,190692fa4772,0.40,1000,915,411,0.411,0.6934306569343066,0.3114754098360656,0.4298642533936652,0.2532437798045641,0.49200000000000005,0.915,0.5048275862068966,0.6506666666666666,34,359,0
prompt_search_full_balanced_recall_v2_gemma4-e2b_5df03950348d_e98b1a3c5abc,prompt_search_full_balanced_recall_v2_gemma4-e2b_5df03950348d_e98b1a3c5abc.csv,prompt_search,gemma4:e2b,190692fa4772,0.45,1000,915,411,0.411,0.6934306569343066,0.3114754098360656,0.4298642533936652,0.2532437798045641,0.49200000000000005,0.915,0.5048275862068966,0.6506666666666666,34,359,0
prompt_search_full_balanced_recall_v2_gemma4-e2b_5df03950348d_e98b1a3c5abc,prompt_search_full_balanced_recall_v2_gemma4-e2b_5df03950348d_e98b1a3c5abc.csv,prompt_search,gemma4:e2b,190692fa4772,0.50,1000,915,411,0.411,0.6934306569343066,0.3114754098360656,0.4298642533936652,0.2532437798045641,0.49200000000000005,0.915,0.5048275862068966,0.6506666666666666,34,359,0
prompt_search_full_balanced_recall_v2_gemma4-e2b_5df03950348d_e98b1a3c5abc,prompt_search_full_balanced_recall_v2_gemma4-e2b_5df03950348d_e98b1a3c5abc.csv,prompt_search,gemma4:e2b,190692fa4772,0.55,1000,915,411,0.411,0.6934306569343066,0.3114754098360656,0.4298642533936652,0.2532437798045641,0.49200000000000005,0.915,0.5048275862068966,0.6506666666666666,34,359,0
prompt_search_full_balanced_recall_v2_gemma4-e2b_5df03950348d_e98b1a3c5abc,prompt_search_full_balanced_recall_v2_gemma4-e2b_5df03950348d_e98b1a3c5abc.csv,prompt_search,gemma4:e2b,190692fa4772,0.60,1000,915,411,0.411,0.6934306569343066,0.3114754098360656,0.4298642533936652,0.2532437798045641,0.49200000000000005,0.915,0.5048275862068966,0.6506666666666666,34,359,0
v4_social_signal_experiment_v4_prompt_think_true_gemma4_e4b_direct_core_clean_fewshot_v6_think_ctx16384_tok16384_n237,v4_social_signal_experiment_v4_prompt_think_true_gemma4_e4b_direct_core_clean_fewshot_v6_think_ctx16384_tok16384_n237.csv,v4_social_signal,gemma4:e4b,056d41029030,0.95,237,225,83,0.350210970464135,0.7951807228915663,0.29333333333333333,0.42857142857142855,0.15252697192588546,0.5035161744022504,0.891566265060241,0.44047619047619047,0.5896414342629482,9,94,72
v4_social_signal_experiment_v4_prompt_think_false_compact_b1_search237,v4_social_signal_experiment_v4_prompt_think_false_compact_b1_search237.csv,v4_social_signal,unknown,4bcda0daa7f2,0.70,237,252,118,0.4978902953586498,0.6694915254237288,0.3134920634920635,0.42702702702702705,0.33083607025005085,0.4648382559774965,0.9587628865979382,0.510989010989011,0.6666666666666666,4,89,0
v4_social_signal_experiment_v4_prompt_think_false_compact_b1_search237,v4_social_signal_experiment_v4_prompt_think_false_compact_b1_search237.csv,v4_social_signal,unknown,4bcda0daa7f2,0.75,237,252,117,0.4936708860759494,0.6666666666666666,0.30952380952380953,0.42276422764227645,0.3300317012563588,0.4606188466947961,0.9583333333333334,0.5054945054945055,0.6618705035971223,4,90,0
v4_social_signal_experiment_v4_prompt_think_false_v4full965_qwen36_35b_iq3_social_signal_v9_f1_balanced_nothink_json_ctx32768_tok16384_b2.partial,v4_social_signal_experiment_v4_prompt_think_false_v4full965_qwen36_35b_iq3_social_signal_v9_f1_balanced_nothink_json_ctx32768_tok16384_b2.partial.csv,v4_social_signal,qwen3.6-35b:iq3,65fc92f0ecc6,0.90,242,228,71,0.29338842975206614,0.8873239436619719,0.27631578947368424,0.4214046822742475,0.21045798169423663,0.4977961432506887,0.9130434782608695,0.37058823529411766,0.5271966527196653,6,107,0
v3_social_signal_experiment_social_signal_v5_think_true_oldgold_gemma4_26b_ctx32768_tok8192_b1_pilot30_social_signal_v5_think_nojson_guard2.partial,v3_social_signal_experiment_social_signal_v5_think_true_oldgold_gemma4_26b_ctx32768_tok8192_b1_pilot30_social_signal_v5_think_nojson_guard2.partial.csv,v3_social_signal,gemma4:26b,ac323fa2adba,0.35,10,7,12,1.2,0.3333333333333333,0.5714285714285714,0.42105263157894735,0.5238095238095238,0.45,0.7142857142857143,0.8333333333333334,0.7692307692307693,2,1,36
v3_social_signal_experiment_social_signal_v5_think_true_oldgold_gemma4_26b_ctx32768_tok8192_b1_pilot30_social_signal_v5_think_nojson_guard2.partial,v3_social_signal_experiment_social_signal_v5_think_true_oldgold_gemma4_26b_ctx32768_tok8192_b1_pilot30_social_signal_v5_think_nojson_guard2.partial.csv,v3_social_signal,gemma4:26b,ac323fa2adba,0.40,10,7,12,1.2,0.3333333333333333,0.5714285714285714,0.42105263157894735,0.5238095238095238,0.45,0.7142857142857143,0.8333333333333334,0.7692307692307693,2,1,36
prompt_search_search_primary_first_v2_gemma4-e2b_5df03950348d_5f153b0981f2,prompt_search_search_primary_first_v2_gemma4-e2b_5df03950348d_5f153b0981f2.csv,prompt_search,gemma4:e2b,65bd6f8c74ef,0.05,300,307,230,0.7666666666666667,0.49130434782608695,0.36807817589576547,0.4208566108007449,0.24951903568444922,0.44133333333333336,0.8333333333333334,0.8149779735682819,0.8240534521158129,37,42,0
prompt_search_search_primary_first_v2_gemma4-e2b_5df03950348d_5f153b0981f2,prompt_search_search_primary_first_v2_gemma4-e2b_5df03950348d_5f153b0981f2.csv,prompt_search,gemma4:e2b,65bd6f8c74ef,0.10,300,307,230,0.7666666666666667,0.49130434782608695,0.36807817589576547,0.4208566108007449,0.24951903568444922,0.44133333333333336,0.8333333333333334,0.8149779735682819,0.8240534521158129,37,42,0
prompt_search_search_primary_first_v2_gemma4-e2b_5df03950348d_5f153b0981f2,prompt_search_search_primary_first_v2_gemma4-e2b_5df03950348d_5f153b0981f2.csv,prompt_search,gemma4:e2b,65bd6f8c74ef,0.15,300,307,230,0.7666666666666667,0.49130434782608695,0.36807817589576547,0.4208566108007449,0.24951903568444922,0.44133333333333336,0.8333333333333334,0.8149779735682819,0.8240534521158129,37,42,0
prompt_search_search_primary_first_v2_gemma4-e2b_5df03950348d_5f153b0981f2,prompt_search_search_primary_first_v2_gemma4-e2b_5df03950348d_5f153b0981f2.csv,prompt_search,gemma4:e2b,65bd6f8c74ef,0.20,300,307,230,0.7666666666666667,0.49130434782608695,0.36807817589576547,0.4208566108007449,0.24951903568444922,0.44133333333333336,0.8333333333333334,0.8149779735682819,0.8240534521158129,37,42,0
prompt_search_search_primary_first_v2_gemma4-e2b_5df03950348d_5f153b0981f2,prompt_search_search_primary_first_v2_gemma4-e2b_5df03950348d_5f153b0981f2.csv,prompt_search,gemma4:e2b,65bd6f8c74ef,0.25,300,307,230,0.7666666666666667,0.49130434782608695,0.36807817589576547,0.4208566108007449,0.24951903568444922,0.44133333333333336,0.8333333333333334,0.8149779735682819,0.8240534521158129,37,42,0
prompt_search_search_primary_first_v2_gemma4-e2b_5df03950348d_5f153b0981f2,prompt_search_search_primary_first_v2_gemma4-e2b_5df03950348d_5f153b0981f2.csv,prompt_search,gemma4:e2b,65bd6f8c74ef,0.30,300,307,230,0.7666666666666667,0.49130434782608695,0.36807817589576547,0.4208566108007449,0.24951903568444922,0.44133333333333336,0.8333333333333334,0.8149779735682819,0.8240534521158129,37,42,0
v4_social_signal_experiment_v4_prompt_think_true_oldgold_gemma4_26b_high_recall_minimal_v1_think_nojson_guard2_ctx32768_tok8192_b1_pilot30,v4_social_signal_experiment_v4_prompt_think_true_oldgold_gemma4_26b_high_recall_minimal_v1_think_nojson_guard2_ctx32768_tok8192_b1_pilot30.csv,v4_social_signal,gemma4:26b,8e2c7270d4ca,default,30,22,64,2.1333333333333333,0.28125,0.8181818181818182,0.4186046511627907,0.48868324657798345,0.4099999999999999,0.7037037037037037,1.0,0.8260869565217391,8,0,36
v4_social_signal_experiment_v4_prompt_think_true_oldgold_gemma4_26b_high_recall_minimal_v1_think_nojson_guard2_ctx32768_tok8192_b1_pilot30,v4_social_signal_experiment_v4_prompt_think_true_oldgold_gemma4_26b_high_recall_minimal_v1_think_nojson_guard2_ctx32768_tok8192_b1_pilot30.csv,v4_social_signal,gemma4:26b,8e2c7270d4ca,0.05,30,22,64,2.1333333333333333,0.28125,0.8181818181818182,0.4186046511627907,0.48868324657798345,0.4099999999999999,0.7037037037037037,1.0,0.8260869565217391,8,0,36
v4_social_signal_experiment_v4_prompt_think_true_oldgold_gemma4_26b_high_recall_minimal_v1_think_nojson_guard2_ctx32768_tok8192_b1_pilot30,v4_social_signal_experiment_v4_prompt_think_true_oldgold_gemma4_26b_high_recall_minimal_v1_think_nojson_guard2_ctx32768_tok8192_b1_pilot30.csv,v4_social_signal,gemma4:26b,8e2c7270d4ca,0.10,30,22,64,2.1333333333333333,0.28125,0.8181818181818182,0.4186046511627907,0.48868324657798345,0.4099999999999999,0.7037037037037037,1.0,0.8260869565217391,8,0,36
v4_social_signal_experiment_v4_prompt_think_true_oldgold_gemma4_26b_high_recall_minimal_v1_think_nojson_guard2_ctx32768_tok8192_b1_pilot30,v4_social_signal_experiment_v4_prompt_think_true_oldgold_gemma4_26b_high_recall_minimal_v1_think_nojson_guard2_ctx32768_tok8192_b1_pilot30.csv,v4_social_signal,gemma4:26b,8e2c7270d4ca,0.15,30,22,64,2.1333333333333333,0.28125,0.8181818181818182,0.4186046511627907,0.48868324657798345,0.4099999999999999,0.7037037037037037,1.0,0.8260869565217391,8,0,36
v4_social_signal_experiment_v4_prompt_think_true_oldgold_gemma4_26b_high_recall_minimal_v1_think_nojson_guard2_ctx32768_tok8192_b1_pilot30,v4_social_signal_experiment_v4_prompt_think_true_oldgold_gemma4_26b_high_recall_minimal_v1_think_nojson_guard2_ctx32768_tok8192_b1_pilot30.csv,v4_social_signal,gemma4:26b,8e2c7270d4ca,0.20,30,22,64,2.1333333333333333,0.28125,0.8181818181818182,0.4186046511627907,0.48868324657798345,0.4099999999999999,0.7037037037037037,1.0,0.8260869565217391,8,0,36
v4_social_signal_experiment_v4_prompt_think_true_oldgold_gemma4_26b_high_recall_minimal_v1_think_nojson_guard2_ctx32768_tok8192_b1_pilot30,v4_social_signal_experiment_v4_prompt_think_true_oldgold_gemma4_26b_high_recall_minimal_v1_think_nojson_guard2_ctx32768_tok8192_b1_pilot30.csv,v4_social_signal,gemma4:26b,8e2c7270d4ca,0.25,30,22,64,2.1333333333333333,0.28125,0.8181818181818182,0.4186046511627907,0.48868324657798345,0.4099999999999999,0.7037037037037037,1.0,0.8260869565217391,8,0,36
v4_social_signal_experiment_v4_prompt_think_true_oldgold_gemma4_26b_high_recall_minimal_v1_think_nojson_guard2_ctx32768_tok8192_b1_pilot30,v4_social_signal_experiment_v4_prompt_think_true_oldgold_gemma4_26b_high_recall_minimal_v1_think_nojson_guard2_ctx32768_tok8192_b1_pilot30.csv,v4_social_signal,gemma4:26b,8e2c7270d4ca,0.30,30,22,64,2.1333333333333333,0.28125,0.8181818181818182,0.4186046511627907,0.48868324657798345,0.4099999999999999,0.7037037037037037,1.0,0.8260869565217391,8,0,36
v3_social_signal_experiment_social_signal_v5_think_false_gemma4_e4b_v5_b1_search237,v3_social_signal_experiment_social_signal_v5_think_false_gemma4_e4b_v5_b1_search237.csv,v3_social_signal,gemma4:e4b,04d3ea2f998f,default,237,252,693,2.9240506329113924,0.2842712842712843,0.7817460317460317,0.41693121693121693,0.4130044654393902,0.3770745428973277,0.7679324894514767,1.0,0.8687350835322196,55,0,0
v3_social_signal_experiment_social_signal_v5_think_false_gemma4_e4b_v5_b1_search237,v3_social_signal_experiment_social_signal_v5_think_false_gemma4_e4b_v5_b1_search237.csv,v3_social_signal,gemma4:e4b,04d3ea2f998f,0.15,237,252,693,2.9240506329113924,0.2842712842712843,0.7817460317460317,0.41693121693121693,0.4130044654393902,0.3770745428973277,0.7679324894514767,1.0,0.8687350835322196,55,0,0
v3_social_signal_experiment_social_signal_v5_think_false_gemma4_e4b_v5_b1_search237,v3_social_signal_experiment_social_signal_v5_think_false_gemma4_e4b_v5_b1_search237.csv,v3_social_signal,gemma4:e4b,04d3ea2f998f,0.20,237,252,693,2.9240506329113924,0.2842712842712843,0.7817460317460317,0.41693121693121693,0.4130044654393902,0.3770745428973277,0.7679324894514767,1.0,0.8687350835322196,55,0,0
v3_social_signal_experiment_social_signal_v5_think_false_gemma4_e4b_v5_b1_search237,v3_social_signal_experiment_social_signal_v5_think_false_gemma4_e4b_v5_b1_search237.csv,v3_social_signal,gemma4:e4b,04d3ea2f998f,0.25,237,252,693,2.9240506329113924,0.2842712842712843,0.7817460317460317,0.41693121693121693,0.4130044654393902,0.3770745428973277,0.7679324894514767,1.0,0.8687350835322196,55,0,0
v3_social_signal_experiment_social_signal_v5_think_false_gemma4_e4b_v5_b1_search237,v3_social_signal_experiment_social_signal_v5_think_false_gemma4_e4b_v5_b1_search237.csv,v3_social_signal,gemma4:e4b,04d3ea2f998f,0.30,237,252,693,2.9240506329113924,0.2842712842712843,0.7817460317460317,0.41693121693121693,0.4130044654393902,0.3770745428973277,0.7679324894514767,1.0,0.8687350835322196,55,0,0
v4_social_signal_experiment_v4_prompt_think_false_v4pilot60_qwen35_9b_high_recall_minimal_v3_nothink_json_ctx32768_tok16384_b2,v4_social_signal_experiment_v4_prompt_think_false_v4pilot60_qwen35_9b_high_recall_minimal_v3_nothink_json_ctx32768_tok16384_b2.csv,v4_social_signal,qwen35-9b,cbe12b087c57,0.65,41,37,11,0.2682926829268293,0.9090909090909091,0.2702702702702703,0.4166666666666667,0.20924908424908426,0.5121951219512195,1.0,0.3448275862068966,0.5128205128205128,0,19,0
v4_social_signal_experiment_v4_prompt_think_false_v4pilot60_qwen35_9b_high_recall_minimal_v3_nothink_json_ctx32768_tok16384_b2,v4_social_signal_experiment_v4_prompt_think_false_v4pilot60_qwen35_9b_high_recall_minimal_v3_nothink_json_ctx32768_tok16384_b2.csv,v4_social_signal,qwen35-9b,cbe12b087c57,0.70,41,37,11,0.2682926829268293,0.9090909090909091,0.2702702702702703,0.4166666666666667,0.20924908424908426,0.5121951219512195,1.0,0.3448275862068966,0.5128205128205128,0,19,0
v4_social_signal_experiment_v4_prompt_think_false_v4pilot60_qwen35_9b_high_recall_minimal_v3_nothink_json_ctx32768_tok16384_b2,v4_social_signal_experiment_v4_prompt_think_false_v4pilot60_qwen35_9b_high_recall_minimal_v3_nothink_json_ctx32768_tok16384_b2.csv,v4_social_signal,qwen35-9b,cbe12b087c57,0.75,41,37,11,0.2682926829268293,0.9090909090909091,0.2702702702702703,0.4166666666666667,0.20924908424908426,0.5121951219512195,1.0,0.3448275862068966,0.5128205128205128,0,19,0
v4_social_signal_experiment_v4_prompt_think_false_v4pilot60_qwen35_9b_high_recall_minimal_v3_nothink_json_ctx32768_tok16384_b2,v4_social_signal_experiment_v4_prompt_think_false_v4pilot60_qwen35_9b_high_recall_minimal_v3_nothink_json_ctx32768_tok16384_b2.csv,v4_social_signal,qwen35-9b,cbe12b087c57,0.80,41,37,11,0.2682926829268293,0.9090909090909091,0.2702702702702703,0.4166666666666667,0.20924908424908426,0.5121951219512195,1.0,0.3448275862068966,0.5128205128205128,0,19,0
v4_social_signal_experiment_v4_prompt_think_false_v4pilot60_qwen35_9b_high_recall_minimal_v3_nothink_json_ctx32768_tok16384_b2,v4_social_signal_experiment_v4_prompt_think_false_v4pilot60_qwen35_9b_high_recall_minimal_v3_nothink_json_ctx32768_tok16384_b2.csv,v4_social_signal,qwen35-9b,cbe12b087c57,0.85,41,37,11,0.2682926829268293,0.9090909090909091,0.2702702702702703,0.4166666666666667,0.20924908424908426,0.5121951219512195,1.0,0.3448275862068966,0.5128205128205128,0,19,0
v4_social_signal_experiment_v4_prompt_think_false_v4pilot60_qwen35_9b_high_recall_minimal_v3_nothink_json_ctx32768_tok16384_b2,v4_social_signal_experiment_v4_prompt_think_false_v4pilot60_qwen35_9b_high_recall_minimal_v3_nothink_json_ctx32768_tok16384_b2.csv,v4_social_signal,qwen35-9b,cbe12b087c57,0.90,41,37,11,0.2682926829268293,0.9090909090909091,0.2702702702702703,0.4166666666666667,0.20924908424908426,0.5121951219512195,1.0,0.3448275862068966,0.5128205128205128,0,19,0
v3_social_signal_experiment_social_signal_v5_think_false_gemma4_e4b_v5_b1_search237,v3_social_signal_experiment_social_signal_v5_think_false_gemma4_e4b_v5_b1_search237.csv,v3_social_signal,gemma4:e4b,04d3ea2f998f,0.05,237,252,694,2.928270042194093,0.2838616714697406,0.7817460317460317,0.4164904862579281,0.412828795698503,0.37651195499296763,0.7679324894514767,1.0,0.8687350835322196,55,0,0
v3_social_signal_experiment_social_signal_v5_think_false_gemma4_e4b_v5_b1_search237,v3_social_signal_experiment_social_signal_v5_think_false_gemma4_e4b_v5_b1_search237.csv,v3_social_signal,gemma4:e4b,04d3ea2f998f,0.10,237,252,694,2.928270042194093,0.2838616714697406,0.7817460317460317,0.4164904862579281,0.412828795698503,0.37651195499296763,0.7679324894514767,1.0,0.8687350835322196,55,0,0
v4_social_signal_experiment_v4_prompt_think_false_compact_b1_ctx16k_pilot18,v4_social_signal_experiment_v4_prompt_think_false_compact_b1_ctx16k_pilot18.csv,v4_social_signal,unknown,81ecc52c462c,0.50,18,12,17,0.9444444444444444,0.35294117647058826,0.5,0.41379310344827586,0.46969696969696967,0.5555555555555555,0.7692307692307693,1.0,0.8695652173913043,3,0,0
v4_social_signal_experiment_v4_prompt_think_false_compact_b1_ctx16k_pilot18,v4_social_signal_experiment_v4_prompt_think_false_compact_b1_ctx16k_pilot18.csv,v4_social_signal,unknown,81ecc52c462c,0.55,18,12,17,0.9444444444444444,0.35294117647058826,0.5,0.41379310344827586,0.46969696969696967,0.5555555555555555,0.7692307692307693,1.0,0.8695652173913043,3,0,0
v3_social_signal_experiment_social_signal_v5_think_false_qwen35_9b_v5_b1_search237,v3_social_signal_experiment_social_signal_v5_think_false_qwen35_9b_v5_b1_search237.csv,v3_social_signal,qwen35-9b,b70f408920e6,default,237,252,799,3.371308016877637,0.27033792240300375,0.8571428571428571,0.4110371075166508,0.4052477005222172,0.383993034625946,0.7679324894514767,1.0,0.8687350835322196,55,0,0
v3_social_signal_experiment_social_signal_v5_think_false_qwen35_9b_v5_b1_search237,v3_social_signal_experiment_social_signal_v5_think_false_qwen35_9b_v5_b1_search237.csv,v3_social_signal,qwen35-9b,b70f408920e6,0.05,237,252,799,3.371308016877637,0.27033792240300375,0.8571428571428571,0.4110371075166508,0.4052477005222172,0.383993034625946,0.7679324894514767,1.0,0.8687350835322196,55,0,0
v3_social_signal_experiment_social_signal_v5_think_false_qwen35_9b_v5_b1_search237,v3_social_signal_experiment_social_signal_v5_think_false_qwen35_9b_v5_b1_search237.csv,v3_social_signal,qwen35-9b,b70f408920e6,0.10,237,252,799,3.371308016877637,0.27033792240300375,0.8571428571428571,0.4110371075166508,0.4052477005222172,0.383993034625946,0.7679324894514767,1.0,0.8687350835322196,55,0,0
v3_social_signal_experiment_social_signal_v5_think_false_qwen35_9b_v5_b1_search237,v3_social_signal_experiment_social_signal_v5_think_false_qwen35_9b_v5_b1_search237.csv,v3_social_signal,qwen35-9b,b70f408920e6,0.15,237,252,799,3.371308016877637,0.27033792240300375,0.8571428571428571,0.4110371075166508,0.4052477005222172,0.383993034625946,0.7679324894514767,1.0,0.8687350835322196,55,0,0
v3_social_signal_experiment_social_signal_v5_think_false_qwen35_9b_v5_b1_search237,v3_social_signal_experiment_social_signal_v5_think_false_qwen35_9b_v5_b1_search237.csv,v3_social_signal,qwen35-9b,b70f408920e6,0.20,237,252,799,3.371308016877637,0.27033792240300375,0.8571428571428571,0.4110371075166508,0.4052477005222172,0.383993034625946,0.7679324894514767,1.0,0.8687350835322196,55,0,0
v3_social_signal_experiment_social_signal_v5_think_false_qwen35_9b_v5_b1_search237,v3_social_signal_experiment_social_signal_v5_think_false_qwen35_9b_v5_b1_search237.csv,v3_social_signal,qwen35-9b,b70f408920e6,0.25,237,252,799,3.371308016877637,0.27033792240300375,0.8571428571428571,0.4110371075166508,0.4052477005222172,0.383993034625946,0.7679324894514767,1.0,0.8687350835322196,55,0,0
v3_social_signal_experiment_social_signal_v5_think_false_qwen35_9b_v5_b1_search237,v3_social_signal_experiment_social_signal_v5_think_false_qwen35_9b_v5_b1_search237.csv,v3_social_signal,qwen35-9b,b70f408920e6,0.30,237,252,799,3.371308016877637,0.27033792240300375,0.8571428571428571,0.4110371075166508,0.4052477005222172,0.383993034625946,0.7679324894514767,1.0,0.8687350835322196,55,0,0
v3_social_signal_experiment_social_signal_v5_think_false_qwen36_35b_iq3_v5_b1_pilot30,v3_social_signal_experiment_social_signal_v5_think_false_qwen36_35b_iq3_v5_b1_pilot30.csv,v3_social_signal,qwen3.6-35b:iq3,b8b627b7f630,default,30,22,83,2.7666666666666666,0.25301204819277107,0.9545454545454546,0.4,0.5740789125404511,0.3777777777777777,0.6551724137931034,1.0,0.7916666666666666,10,0,0
v3_social_signal_experiment_social_signal_v5_think_false_qwen36_35b_iq3_v5_b1_pilot30,v3_social_signal_experiment_social_signal_v5_think_false_qwen36_35b_iq3_v5_b1_pilot30.csv,v3_social_signal,qwen3.6-35b:iq3,b8b627b7f630,0.05,30,22,83,2.7666666666666666,0.25301204819277107,0.9545454545454546,0.4,0.5740789125404511,0.3777777777777777,0.6551724137931034,1.0,0.7916666666666666,10,0,0
v3_social_signal_experiment_social_signal_v5_think_false_qwen36_35b_iq3_v5_b1_pilot30,v3_social_signal_experiment_social_signal_v5_think_false_qwen36_35b_iq3_v5_b1_pilot30.csv,v3_social_signal,qwen3.6-35b:iq3,b8b627b7f630,0.10,30,22,83,2.7666666666666666,0.25301204819277107,0.9545454545454546,0.4,0.5740789125404511,0.3777777777777777,0.6551724137931034,1.0,0.7916666666666666,10,0,0
v3_social_signal_experiment_social_signal_v5_think_false_qwen36_35b_iq3_v5_b1_pilot30,v3_social_signal_experiment_social_signal_v5_think_false_qwen36_35b_iq3_v5_b1_pilot30.csv,v3_social_signal,qwen3.6-35b:iq3,b8b627b7f630,0.15,30,22,83,2.7666666666666666,0.25301204819277107,0.9545454545454546,0.4,0.5740789125404511,0.3777777777777777,0.6551724137931034,1.0,0.7916666666666666,10,0,0
v3_social_signal_experiment_social_signal_v5_think_false_qwen36_35b_iq3_v5_b1_pilot30,v3_social_signal_experiment_social_signal_v5_think_false_qwen36_35b_iq3_v5_b1_pilot30.csv,v3_social_signal,qwen3.6-35b:iq3,b8b627b7f630,0.20,30,22,83,2.7666666666666666,0.25301204819277107,0.9545454545454546,0.4,0.5740789125404511,0.3777777777777777,0.6551724137931034,1.0,0.7916666666666666,10,0,0
v3_social_signal_experiment_social_signal_v5_think_false_qwen36_35b_iq3_v5_b1_pilot30,v3_social_signal_experiment_social_signal_v5_think_false_qwen36_35b_iq3_v5_b1_pilot30.csv,v3_social_signal,qwen3.6-35b:iq3,b8b627b7f630,0.25,30,22,83,2.7666666666666666,0.25301204819277107,0.9545454545454546,0.4,0.5740789125404511,0.3777777777777777,0.6551724137931034,1.0,0.7916666666666666,10,0,0
v3_social_signal_experiment_social_signal_v5_think_false_qwen36_35b_iq3_v5_b1_pilot30,v3_social_signal_experiment_social_signal_v5_think_false_qwen36_35b_iq3_v5_b1_pilot30.csv,v3_social_signal,qwen3.6-35b:iq3,b8b627b7f630,0.30,30,22,83,2.7666666666666666,0.25301204819277107,0.9545454545454546,0.4,0.5740789125404511,0.3777777777777777,0.6551724137931034,1.0,0.7916666666666666,10,0,0
v4_social_signal_experiment_v4_prompt_think_false_compact_b1_ctx16k_pilot18,v4_social_signal_experiment_v4_prompt_think_false_compact_b1_ctx16k_pilot18.csv,v4_social_signal,unknown,81ecc52c462c,0.35,18,12,18,1.0,0.3333333333333333,0.5,0.4,0.46969696969696967,0.5462962962962963,0.7692307692307693,1.0,0.8695652173913043,3,0,0
v4_social_signal_experiment_v4_prompt_think_false_compact_b1_ctx16k_pilot18,v4_social_signal_experiment_v4_prompt_think_false_compact_b1_ctx16k_pilot18.csv,v4_social_signal,unknown,81ecc52c462c,0.40,18,12,18,1.0,0.3333333333333333,0.5,0.4,0.46969696969696967,0.5462962962962963,0.7692307692307693,1.0,0.8695652173913043,3,0,0
v4_social_signal_experiment_v4_prompt_think_false_compact_b1_ctx16k_pilot18,v4_social_signal_experiment_v4_prompt_think_false_compact_b1_ctx16k_pilot18.csv,v4_social_signal,unknown,81ecc52c462c,0.45,18,12,18,1.0,0.3333333333333333,0.5,0.4,0.46969696969696967,0.5462962962962963,0.7692307692307693,1.0,0.8695652173913043,3,0,0
v3_social_signal_experiment_social_signal_v3_think_false_v3_b1_pilot18,v3_social_signal_experiment_social_signal_v3_think_false_v3_b1_pilot18.csv,v3_social_signal,unknown,56612fec7d13,0.35,18,12,8,0.4444444444444444,0.5,0.3333333333333333,0.4,0.3333333333333333,0.5555555555555555,0.8571428571428571,0.6,0.7058823529411765,1,4,72
v3_social_signal_experiment_social_signal_v3_think_false_v3_b1_pilot18,v3_social_signal_experiment_social_signal_v3_think_false_v3_b1_pilot18.csv,v3_social_signal,unknown,56612fec7d13,0.40,18,12,8,0.4444444444444444,0.5,0.3333333333333333,0.4,0.3333333333333333,0.5555555555555555,0.8571428571428571,0.6,0.7058823529411765,1,4,72
v3_social_signal_experiment_social_signal_v3_think_false_v3_b1_pilot18,v3_social_signal_experiment_social_signal_v3_think_false_v3_b1_pilot18.csv,v3_social_signal,unknown,56612fec7d13,0.45,18,12,8,0.4444444444444444,0.5,0.3333333333333333,0.4,0.3333333333333333,0.5555555555555555,0.8571428571428571,0.6,0.7058823529411765,1,4,72
v3_social_signal_experiment_social_signal_v3_think_false_v3_b1_pilot18,v3_social_signal_experiment_social_signal_v3_think_false_v3_b1_pilot18.csv,v3_social_signal,unknown,56612fec7d13,0.50,18,12,8,0.4444444444444444,0.5,0.3333333333333333,0.4,0.3333333333333333,0.5555555555555555,0.8571428571428571,0.6,0.7058823529411765,1,4,72
v3_social_signal_experiment_social_signal_v3_think_false_v3_b1_pilot18,v3_social_signal_experiment_social_signal_v3_think_false_v3_b1_pilot18.csv,v3_social_signal,unknown,56612fec7d13,0.55,18,12,8,0.4444444444444444,0.5,0.3333333333333333,0.4,0.3333333333333333,0.5555555555555555,0.8571428571428571,0.6,0.7058823529411765,1,4,72
v3_social_signal_experiment_social_signal_v3_think_false_v3_b1_pilot18,v3_social_signal_experiment_social_signal_v3_think_false_v3_b1_pilot18.csv,v3_social_signal,unknown,56612fec7d13,0.60,18,12,8,0.4444444444444444,0.5,0.3333333333333333,0.4,0.3333333333333333,0.5555555555555555,0.8571428571428571,0.6,0.7058823529411765,1,4,72
v4_social_signal_experiment_v4_prompt_think_true_v4pilot60_qwen35_9b_social_signal_v9_f1_balanced_think_nojson_guard2_ctx32768_tok8192_b1.partial,v4_social_signal_experiment_v4_prompt_think_true_v4pilot60_qwen35_9b_social_signal_v9_f1_balanced_think_nojson_guard2_ctx32768_tok8192_b1.partial.csv,v4_social_signal,qwen35-9b,a25d70653e0c,default,3,3,2,0.6666666666666666,0.5,0.3333333333333333,0.4,0.3333333333333333,0.2222222222222222,1.0,0.3333333333333333,0.5,0,2,72
v4_social_signal_experiment_v4_prompt_think_true_v4pilot60_qwen35_9b_social_signal_v9_f1_balanced_think_nojson_guard2_ctx32768_tok8192_b1.partial,v4_social_signal_experiment_v4_prompt_think_true_v4pilot60_qwen35_9b_social_signal_v9_f1_balanced_think_nojson_guard2_ctx32768_tok8192_b1.partial.csv,v4_social_signal,qwen35-9b,a25d70653e0c,0.05,3,3,2,0.6666666666666666,0.5,0.3333333333333333,0.4,0.3333333333333333,0.2222222222222222,1.0,0.3333333333333333,0.5,0,2,72
v4_social_signal_experiment_v4_prompt_think_true_v4pilot60_qwen35_9b_social_signal_v9_f1_balanced_think_nojson_guard2_ctx32768_tok8192_b1.partial,v4_social_signal_experiment_v4_prompt_think_true_v4pilot60_qwen35_9b_social_signal_v9_f1_balanced_think_nojson_guard2_ctx32768_tok8192_b1.partial.csv,v4_social_signal,qwen35-9b,a25d70653e0c,0.10,3,3,2,0.6666666666666666,0.5,0.3333333333333333,0.4,0.3333333333333333,0.2222222222222222,1.0,0.3333333333333333,0.5,0,2,72
v4_social_signal_experiment_v4_prompt_think_true_v4pilot60_qwen35_9b_social_signal_v9_f1_balanced_think_nojson_guard2_ctx32768_tok8192_b1.partial,v4_social_signal_experiment_v4_prompt_think_true_v4pilot60_qwen35_9b_social_signal_v9_f1_balanced_think_nojson_guard2_ctx32768_tok8192_b1.partial.csv,v4_social_signal,qwen35-9b,a25d70653e0c,0.15,3,3,2,0.6666666666666666,0.5,0.3333333333333333,0.4,0.3333333333333333,0.2222222222222222,1.0,0.3333333333333333,0.5,0,2,72
v4_social_signal_experiment_v4_prompt_think_true_v4pilot60_qwen35_9b_social_signal_v9_f1_balanced_think_nojson_guard2_ctx32768_tok8192_b1.partial,v4_social_signal_experiment_v4_prompt_think_true_v4pilot60_qwen35_9b_social_signal_v9_f1_balanced_think_nojson_guard2_ctx32768_tok8192_b1.partial.csv,v4_social_signal,qwen35-9b,a25d70653e0c,0.20,3,3,2,0.6666666666666666,0.5,0.3333333333333333,0.4,0.3333333333333333,0.2222222222222222,1.0,0.3333333333333333,0.5,0,2,72
v4_social_signal_experiment_v4_prompt_think_true_v4pilot60_qwen35_9b_social_signal_v9_f1_balanced_think_nojson_guard2_ctx32768_tok8192_b1.partial,v4_social_signal_experiment_v4_prompt_think_true_v4pilot60_qwen35_9b_social_signal_v9_f1_balanced_think_nojson_guard2_ctx32768_tok8192_b1.partial.csv,v4_social_signal,qwen35-9b,a25d70653e0c,0.25,3,3,2,0.6666666666666666,0.5,0.3333333333333333,0.4,0.3333333333333333,0.2222222222222222,1.0,0.3333333333333333,0.5,0,2,72
v4_social_signal_experiment_v4_prompt_think_true_v4pilot60_qwen35_9b_social_signal_v9_f1_balanced_think_nojson_guard2_ctx32768_tok8192_b1.partial,v4_social_signal_experiment_v4_prompt_think_true_v4pilot60_qwen35_9b_social_signal_v9_f1_balanced_think_nojson_guard2_ctx32768_tok8192_b1.partial.csv,v4_social_signal,qwen35-9b,a25d70653e0c,0.30,3,3,2,0.6666666666666666,0.5,0.3333333333333333,0.4,0.3333333333333333,0.2222222222222222,1.0,0.3333333333333333,0.5,0,2,72
v4_social_signal_experiment_v4_prompt_think_true_v4pilot60_qwen35_9b_social_signal_v9_f1_balanced_think_nojson_guard2_ctx32768_tok8192_b1.partial,v4_social_signal_experiment_v4_prompt_think_true_v4pilot60_qwen35_9b_social_signal_v9_f1_balanced_think_nojson_guard2_ctx32768_tok8192_b1.partial.csv,v4_social_signal,qwen35-9b,a25d70653e0c,0.35,3,3,2,0.6666666666666666,0.5,0.3333333333333333,0.4,0.3333333333333333,0.2222222222222222,1.0,0.3333333333333333,0.5,0,2,72
v4_social_signal_experiment_v4_prompt_think_true_v4pilot60_qwen35_9b_social_signal_v9_f1_balanced_think_nojson_guard2_ctx32768_tok8192_b1.partial,v4_social_signal_experiment_v4_prompt_think_true_v4pilot60_qwen35_9b_social_signal_v9_f1_balanced_think_nojson_guard2_ctx32768_tok8192_b1.partial.csv,v4_social_signal,qwen35-9b,a25d70653e0c,0.40,3,3,2,0.6666666666666666,0.5,0.3333333333333333,0.4,0.3333333333333333,0.2222222222222222,1.0,0.3333333333333333,0.5,0,2,72
v4_social_signal_experiment_v4_prompt_think_true_v4pilot60_qwen35_9b_social_signal_v9_f1_balanced_think_nojson_guard2_ctx32768_tok8192_b1.partial,v4_social_signal_experiment_v4_prompt_think_true_v4pilot60_qwen35_9b_social_signal_v9_f1_balanced_think_nojson_guard2_ctx32768_tok8192_b1.partial.csv,v4_social_signal,qwen35-9b,a25d70653e0c,0.45,3,3,2,0.6666666666666666,0.5,0.3333333333333333,0.4,0.3333333333333333,0.2222222222222222,1.0,0.3333333333333333,0.5,0,2,72
v4_social_signal_experiment_v4_prompt_think_true_v4pilot60_qwen35_9b_social_signal_v9_f1_balanced_think_nojson_guard2_ctx32768_tok8192_b1.partial,v4_social_signal_experiment_v4_prompt_think_true_v4pilot60_qwen35_9b_social_signal_v9_f1_balanced_think_nojson_guard2_ctx32768_tok8192_b1.partial.csv,v4_social_signal,qwen35-9b,a25d70653e0c,0.50,3,3,2,0.6666666666666666,0.5,0.3333333333333333,0.4,0.3333333333333333,0.2222222222222222,1.0,0.3333333333333333,0.5,0,2,72
v4_social_signal_experiment_v4_prompt_think_true_v4pilot60_qwen35_9b_social_signal_v9_f1_balanced_think_nojson_guard2_ctx32768_tok8192_b1.partial,v4_social_signal_experiment_v4_prompt_think_true_v4pilot60_qwen35_9b_social_signal_v9_f1_balanced_think_nojson_guard2_ctx32768_tok8192_b1.partial.csv,v4_social_signal,qwen35-9b,a25d70653e0c,0.55,3,3,2,0.6666666666666666,0.5,0.3333333333333333,0.4,0.3333333333333333,0.2222222222222222,1.0,0.3333333333333333,0.5,0,2,72
v4_social_signal_experiment_v4_prompt_think_true_v4pilot60_qwen35_9b_social_signal_v9_f1_balanced_think_nojson_guard2_ctx32768_tok8192_b1.partial,v4_social_signal_experiment_v4_prompt_think_true_v4pilot60_qwen35_9b_social_signal_v9_f1_balanced_think_nojson_guard2_ctx32768_tok8192_b1.partial.csv,v4_social_signal,qwen35-9b,a25d70653e0c,0.60,3,3,2,0.6666666666666666,0.5,0.3333333333333333,0.4,0.3333333333333333,0.2222222222222222,1.0,0.3333333333333333,0.5,0,2,72
v4_social_signal_experiment_v4_prompt_think_true_v4pilot60_qwen35_9b_social_signal_v9_f1_balanced_think_nojson_guard2_ctx32768_tok8192_b1.partial,v4_social_signal_experiment_v4_prompt_think_true_v4pilot60_qwen35_9b_social_signal_v9_f1_balanced_think_nojson_guard2_ctx32768_tok8192_b1.partial.csv,v4_social_signal,qwen35-9b,a25d70653e0c,0.65,3,3,2,0.6666666666666666,0.5,0.3333333333333333,0.4,0.3333333333333333,0.2222222222222222,1.0,0.3333333333333333,0.5,0,2,72
v4_social_signal_experiment_v4_prompt_think_true_v4pilot60_qwen35_9b_social_signal_v9_f1_balanced_think_nojson_guard2_ctx32768_tok8192_b1.partial,v4_social_signal_experiment_v4_prompt_think_true_v4pilot60_qwen35_9b_social_signal_v9_f1_balanced_think_nojson_guard2_ctx32768_tok8192_b1.partial.csv,v4_social_signal,qwen35-9b,a25d70653e0c,0.70,3,3,2,0.6666666666666666,0.5,0.3333333333333333,0.4,0.3333333333333333,0.2222222222222222,1.0,0.3333333333333333,0.5,0,2,72
v4_social_signal_experiment_v4_prompt_think_true_v4pilot60_qwen35_9b_social_signal_v9_f1_balanced_think_nojson_guard2_ctx32768_tok8192_b1.partial,v4_social_signal_experiment_v4_prompt_think_true_v4pilot60_qwen35_9b_social_signal_v9_f1_balanced_think_nojson_guard2_ctx32768_tok8192_b1.partial.csv,v4_social_signal,qwen35-9b,a25d70653e0c,0.75,3,3,2,0.6666666666666666,0.5,0.3333333333333333,0.4,0.3333333333333333,0.2222222222222222,1.0,0.3333333333333333,0.5,0,2,72
v4_social_signal_experiment_v4_prompt_think_true_v4pilot60_qwen35_9b_social_signal_v9_f1_balanced_think_nojson_guard2_ctx32768_tok8192_b1.partial,v4_social_signal_experiment_v4_prompt_think_true_v4pilot60_qwen35_9b_social_signal_v9_f1_balanced_think_nojson_guard2_ctx32768_tok8192_b1.partial.csv,v4_social_signal,qwen35-9b,a25d70653e0c,0.80,3,3,2,0.6666666666666666,0.5,0.3333333333333333,0.4,0.3333333333333333,0.2222222222222222,1.0,0.3333333333333333,0.5,0,2,72
v4_social_signal_experiment_v4_prompt_think_true_v4pilot60_qwen35_9b_social_signal_v9_f1_balanced_think_nojson_guard2_ctx32768_tok8192_b1.partial,v4_social_signal_experiment_v4_prompt_think_true_v4pilot60_qwen35_9b_social_signal_v9_f1_balanced_think_nojson_guard2_ctx32768_tok8192_b1.partial.csv,v4_social_signal,qwen35-9b,a25d70653e0c,0.85,3,3,2,0.6666666666666666,0.5,0.3333333333333333,0.4,0.3333333333333333,0.2222222222222222,1.0,0.3333333333333333,0.5,0,2,72
v3_social_signal_experiment_social_signal_v5_think_false_qwen36_35b_iq3_v5_b1_pilot30,v3_social_signal_experiment_social_signal_v5_think_false_qwen36_35b_iq3_v5_b1_pilot30.csv,v3_social_signal,qwen3.6-35b:iq3,b8b627b7f630,0.65,30,22,8,0.26666666666666666,0.75,0.2727272727272727,0.4,0.3205128205128205,0.5444444444444444,1.0,0.42105263157894735,0.5925925925925926,0,11,0
v3_social_signal_experiment_social_signal_v5_think_false_qwen36_35b_iq3_v5_b1_pilot30,v3_social_signal_experiment_social_signal_v5_think_false_qwen36_35b_iq3_v5_b1_pilot30.csv,v3_social_signal,qwen3.6-35b:iq3,b8b627b7f630,0.70,30,22,8,0.26666666666666666,0.75,0.2727272727272727,0.4,0.3205128205128205,0.5444444444444444,1.0,0.42105263157894735,0.5925925925925926,0,11,0
v3_social_signal_experiment_social_signal_v5_think_false_qwen36_35b_iq3_v5_b1_pilot30,v3_social_signal_experiment_social_signal_v5_think_false_qwen36_35b_iq3_v5_b1_pilot30.csv,v3_social_signal,qwen3.6-35b:iq3,b8b627b7f630,0.75,30,22,8,0.26666666666666666,0.75,0.2727272727272727,0.4,0.3205128205128205,0.5444444444444444,1.0,0.42105263157894735,0.5925925925925926,0,11,0
v3_social_signal_experiment_social_signal_v5_think_false_qwen36_35b_iq3_v5_b1_pilot30,v3_social_signal_experiment_social_signal_v5_think_false_qwen36_35b_iq3_v5_b1_pilot30.csv,v3_social_signal,qwen3.6-35b:iq3,b8b627b7f630,0.80,30,22,8,0.26666666666666666,0.75,0.2727272727272727,0.4,0.3205128205128205,0.5444444444444444,1.0,0.42105263157894735,0.5925925925925926,0,11,0
v3_social_signal_experiment_social_signal_v5_think_false_qwen36_35b_iq3_v5_b1_pilot30,v3_social_signal_experiment_social_signal_v5_think_false_qwen36_35b_iq3_v5_b1_pilot30.csv,v3_social_signal,qwen3.6-35b:iq3,b8b627b7f630,0.85,30,22,8,0.26666666666666666,0.75,0.2727272727272727,0.4,0.3205128205128205,0.5444444444444444,1.0,0.42105263157894735,0.5925925925925926,0,11,0
v3_social_signal_experiment_social_signal_v5_think_false_qwen36_35b_iq3_v5_b1_pilot30,v3_social_signal_experiment_social_signal_v5_think_false_qwen36_35b_iq3_v5_b1_pilot30.csv,v3_social_signal,qwen3.6-35b:iq3,b8b627b7f630,0.90,30,22,8,0.26666666666666666,0.75,0.2727272727272727,0.4,0.3205128205128205,0.5444444444444444,1.0,0.42105263157894735,0.5925925925925926,0,11,0
v3_social_signal_experiment_social_signal_v5_think_false_qwen36_35b_iq3_ctx16k_v5_b1_pilot30,v3_social_signal_experiment_social_signal_v5_think_false_qwen36_35b_iq3_ctx16k_v5_b1_pilot30.csv,v3_social_signal,qwen3.6-35b:iq3,1c1120950e4a,default,30,22,84,2.8,0.25,0.9545454545454546,0.39622641509433965,0.5898212898212898,0.38222222222222224,0.6551724137931034,1.0,0.7916666666666666,10,0,0
v3_social_signal_experiment_social_signal_v5_think_false_qwen36_35b_iq3_ctx16k_v5_b1_pilot30,v3_social_signal_experiment_social_signal_v5_think_false_qwen36_35b_iq3_ctx16k_v5_b1_pilot30.csv,v3_social_signal,qwen3.6-35b:iq3,1c1120950e4a,0.05,30,22,84,2.8,0.25,0.9545454545454546,0.39622641509433965,0.5898212898212898,0.38222222222222224,0.6551724137931034,1.0,0.7916666666666666,10,0,0
v3_social_signal_experiment_social_signal_v5_think_false_qwen36_35b_iq3_ctx16k_v5_b1_pilot30,v3_social_signal_experiment_social_signal_v5_think_false_qwen36_35b_iq3_ctx16k_v5_b1_pilot30.csv,v3_social_signal,qwen3.6-35b:iq3,1c1120950e4a,0.10,30,22,84,2.8,0.25,0.9545454545454546,0.39622641509433965,0.5898212898212898,0.38222222222222224,0.6551724137931034,1.0,0.7916666666666666,10,0,0
v3_social_signal_experiment_social_signal_v5_think_false_qwen36_35b_iq3_ctx16k_v5_b1_pilot30,v3_social_signal_experiment_social_signal_v5_think_false_qwen36_35b_iq3_ctx16k_v5_b1_pilot30.csv,v3_social_signal,qwen3.6-35b:iq3,1c1120950e4a,0.15,30,22,84,2.8,0.25,0.9545454545454546,0.39622641509433965,0.5898212898212898,0.38222222222222224,0.6551724137931034,1.0,0.7916666666666666,10,0,0
v3_social_signal_experiment_social_signal_v5_think_false_qwen36_35b_iq3_ctx16k_v5_b1_pilot30,v3_social_signal_experiment_social_signal_v5_think_false_qwen36_35b_iq3_ctx16k_v5_b1_pilot30.csv,v3_social_signal,qwen3.6-35b:iq3,1c1120950e4a,0.20,30,22,84,2.8,0.25,0.9545454545454546,0.39622641509433965,0.5898212898212898,0.38222222222222224,0.6551724137931034,1.0,0.7916666666666666,10,0,0
v3_social_signal_experiment_social_signal_v5_think_false_qwen36_35b_iq3_ctx16k_v5_b1_pilot30,v3_social_signal_experiment_social_signal_v5_think_false_qwen36_35b_iq3_ctx16k_v5_b1_pilot30.csv,v3_social_signal,qwen3.6-35b:iq3,1c1120950e4a,0.25,30,22,84,2.8,0.25,0.9545454545454546,0.39622641509433965,0.5898212898212898,0.38222222222222224,0.6551724137931034,1.0,0.7916666666666666,10,0,0
v3_social_signal_experiment_social_signal_v5_think_false_qwen36_35b_iq3_ctx16k_v5_b1_pilot30,v3_social_signal_experiment_social_signal_v5_think_false_qwen36_35b_iq3_ctx16k_v5_b1_pilot30.csv,v3_social_signal,qwen3.6-35b:iq3,1c1120950e4a,0.30,30,22,84,2.8,0.25,0.9545454545454546,0.39622641509433965,0.5898212898212898,0.38222222222222224,0.6551724137931034,1.0,0.7916666666666666,10,0,0
v4_social_signal_experiment_v4_prompt_think_true_gemma4_e4b_direct_core_balanced_v8_think_ctx16384_tok16384_n237,v4_social_signal_experiment_v4_prompt_think_true_gemma4_e4b_direct_core_balanced_v8_think_ctx16384_tok16384_n237.csv,v4_social_signal,gemma4:e4b,30f112043f94,0.95,237,225,73,0.3080168776371308,0.8082191780821918,0.26222222222222225,0.3959731543624161,0.15956120749270367,0.4732770745428973,0.8923076923076924,0.34523809523809523,0.4978540772532189,7,110,72
v3_social_signal_experiment_social_signal_v5_think_false_qwen36_35b_iq3_ctx16k_v5_b1_pilot30,v3_social_signal_experiment_social_signal_v5_think_false_qwen36_35b_iq3_ctx16k_v5_b1_pilot30.csv,v3_social_signal,qwen3.6-35b:iq3,1c1120950e4a,0.65,30,22,9,0.3,0.6666666666666666,0.2727272727272727,0.3870967741935484,0.3205128205128205,0.5444444444444444,1.0,0.47368421052631576,0.6428571428571429,0,10,0
v3_social_signal_experiment_social_signal_v5_think_false_qwen36_35b_iq3_ctx16k_v5_b1_pilot30,v3_social_signal_experiment_social_signal_v5_think_false_qwen36_35b_iq3_ctx16k_v5_b1_pilot30.csv,v3_social_signal,qwen3.6-35b:iq3,1c1120950e4a,0.70,30,22,9,0.3,0.6666666666666666,0.2727272727272727,0.3870967741935484,0.3205128205128205,0.5444444444444444,1.0,0.47368421052631576,0.6428571428571429,0,10,0
v3_social_signal_experiment_social_signal_v5_think_false_qwen36_35b_iq3_ctx16k_v5_b1_pilot30,v3_social_signal_experiment_social_signal_v5_think_false_qwen36_35b_iq3_ctx16k_v5_b1_pilot30.csv,v3_social_signal,qwen3.6-35b:iq3,1c1120950e4a,0.75,30,22,9,0.3,0.6666666666666666,0.2727272727272727,0.3870967741935484,0.3205128205128205,0.5444444444444444,1.0,0.47368421052631576,0.6428571428571429,0,10,0
v3_social_signal_experiment_social_signal_v5_think_false_qwen36_35b_iq3_ctx16k_v5_b1_pilot30,v3_social_signal_experiment_social_signal_v5_think_false_qwen36_35b_iq3_ctx16k_v5_b1_pilot30.csv,v3_social_signal,qwen3.6-35b:iq3,1c1120950e4a,0.80,30,22,9,0.3,0.6666666666666666,0.2727272727272727,0.3870967741935484,0.3205128205128205,0.5444444444444444,1.0,0.47368421052631576,0.6428571428571429,0,10,0
v3_social_signal_experiment_social_signal_v5_think_false_qwen36_35b_iq3_ctx16k_v5_b1_pilot30,v3_social_signal_experiment_social_signal_v5_think_false_qwen36_35b_iq3_ctx16k_v5_b1_pilot30.csv,v3_social_signal,qwen3.6-35b:iq3,1c1120950e4a,0.85,30,22,9,0.3,0.6666666666666666,0.2727272727272727,0.3870967741935484,0.3205128205128205,0.5444444444444444,1.0,0.47368421052631576,0.6428571428571429,0,10,0
v3_social_signal_experiment_social_signal_v5_think_false_qwen36_35b_iq3_ctx16k_v5_b1_pilot30,v3_social_signal_experiment_social_signal_v5_think_false_qwen36_35b_iq3_ctx16k_v5_b1_pilot30.csv,v3_social_signal,qwen3.6-35b:iq3,1c1120950e4a,0.90,30,22,9,0.3,0.6666666666666666,0.2727272727272727,0.3870967741935484,0.3205128205128205,0.5444444444444444,1.0,0.47368421052631576,0.6428571428571429,0,10,0
v4_social_signal_experiment_v4_prompt_think_false_v4full965_qwen36_35b_iq4_social_signal_v9_f1_balanced_nothink_json_ctx32768_tok16384_b2.partial,v4_social_signal_experiment_v4_prompt_think_false_v4full965_qwen36_35b_iq4_social_signal_v9_f1_balanced_nothink_json_ctx32768_tok16384_b2.partial.csv,v4_social_signal,qwen3.6-35b:iq4,a1314553cd3e,0.70,8,5,21,2.625,0.23809523809523808,1.0,0.38461538461538464,0.6571428571428571,0.2589285714285714,0.375,1.0,0.5454545454545454,5,0,0
v4_social_signal_experiment_v4_prompt_think_false_v4pilot60_gemma4_26b_social_signal_v9_f1_balanced_nothink_json_ctx32768_tok16384_b2,v4_social_signal_experiment_v4_prompt_think_false_v4pilot60_gemma4_26b_social_signal_v9_f1_balanced_nothink_json_ctx32768_tok16384_b2.csv,v4_social_signal,gemma4:26b,f98b306b8d11,0.95,41,37,10,0.24390243902439024,0.9,0.24324324324324326,0.3829787234042553,0.2281884781884782,0.47154471544715443,0.9,0.3103448275862069,0.46153846153846156,1,20,0
v3_social_signal_experiment_social_signal_v4_think_false_v4_b1_search237,v3_social_signal_experiment_social_signal_v4_think_false_v4_b1_search237.csv,v3_social_signal,unknown,cbf1a7eb8e56,0.65,237,252,88,0.37130801687763715,0.7272727272727273,0.25396825396825395,0.3764705882352941,0.2095248266530693,0.43094233473980303,0.9294117647058824,0.4340659340659341,0.5917602996254682,6,103,576
v3_social_signal_experiment_social_signal_v4_think_false_v4_b1_search237,v3_social_signal_experiment_social_signal_v4_think_false_v4_b1_search237.csv,v3_social_signal,unknown,cbf1a7eb8e56,0.70,237,252,88,0.37130801687763715,0.7272727272727273,0.25396825396825395,0.3764705882352941,0.2095248266530693,0.43094233473980303,0.9294117647058824,0.4340659340659341,0.5917602996254682,6,103,576
v4_social_signal_experiment_v4_prompt_think_false_gemma4_26b_direct_core_targeted_v7_nothink_ctx32768_tok16384_b2_n237,v4_social_signal_experiment_v4_prompt_think_false_gemma4_26b_direct_core_targeted_v7_nothink_ctx32768_tok16384_b2_n237.csv,v4_social_signal,gemma4:26b,2dd95acd11e6,0.95,237,225,58,0.24472573839662448,0.9137931034482759,0.23555555555555555,0.3745583038869258,0.165534031794536,0.4739803094233474,0.9649122807017544,0.3273809523809524,0.4888888888888889,2,113,0
prompt_search_search_primary_first_v2_gemma4-e2b_5df03950348d_5f153b0981f2,prompt_search_search_primary_first_v2_gemma4-e2b_5df03950348d_5f153b0981f2.csv,prompt_search,gemma4:e2b,65bd6f8c74ef,0.35,300,307,145,0.48333333333333334,0.5793103448275863,0.2736156351791531,0.37168141592920356,0.2304582637203089,0.44,0.9214285714285714,0.5682819383259912,0.7029972752043597,11,98,0
prompt_search_search_primary_first_v2_gemma4-e2b_5df03950348d_5f153b0981f2,prompt_search_search_primary_first_v2_gemma4-e2b_5df03950348d_5f153b0981f2.csv,prompt_search,gemma4:e2b,65bd6f8c74ef,0.40,300,307,145,0.48333333333333334,0.5793103448275863,0.2736156351791531,0.37168141592920356,0.2304582637203089,0.44,0.9214285714285714,0.5682819383259912,0.7029972752043597,11,98,0
prompt_search_search_primary_first_v2_gemma4-e2b_5df03950348d_5f153b0981f2,prompt_search_search_primary_first_v2_gemma4-e2b_5df03950348d_5f153b0981f2.csv,prompt_search,gemma4:e2b,65bd6f8c74ef,0.45,300,307,145,0.48333333333333334,0.5793103448275863,0.2736156351791531,0.37168141592920356,0.2304582637203089,0.44,0.9214285714285714,0.5682819383259912,0.7029972752043597,11,98,0
prompt_search_search_primary_first_v2_gemma4-e2b_5df03950348d_5f153b0981f2,prompt_search_search_primary_first_v2_gemma4-e2b_5df03950348d_5f153b0981f2.csv,prompt_search,gemma4:e2b,65bd6f8c74ef,0.50,300,307,145,0.48333333333333334,0.5793103448275863,0.2736156351791531,0.37168141592920356,0.2304582637203089,0.44,0.9214285714285714,0.5682819383259912,0.7029972752043597,11,98,0
prompt_search_search_primary_first_v2_gemma4-e2b_5df03950348d_5f153b0981f2,prompt_search_search_primary_first_v2_gemma4-e2b_5df03950348d_5f153b0981f2.csv,prompt_search,gemma4:e2b,65bd6f8c74ef,0.55,300,307,145,0.48333333333333334,0.5793103448275863,0.2736156351791531,0.37168141592920356,0.2304582637203089,0.44,0.9214285714285714,0.5682819383259912,0.7029972752043597,11,98,0
prompt_search_search_primary_first_v2_gemma4-e2b_5df03950348d_5f153b0981f2,prompt_search_search_primary_first_v2_gemma4-e2b_5df03950348d_5f153b0981f2.csv,prompt_search,gemma4:e2b,65bd6f8c74ef,0.60,300,307,145,0.48333333333333334,0.5793103448275863,0.2736156351791531,0.37168141592920356,0.2304582637203089,0.44,0.9214285714285714,0.5682819383259912,0.7029972752043597,11,98,0
v3_social_signal_experiment_social_signal_v4_think_false_v4_b1_search237,v3_social_signal_experiment_social_signal_v4_think_false_v4_b1_search237.csv,v3_social_signal,unknown,cbf1a7eb8e56,0.85,237,252,85,0.35864978902953587,0.7294117647058823,0.24603174603174602,0.36795252225519287,0.20826780210411924,0.42616033755274263,0.927710843373494,0.4230769230769231,0.5811320754716981,6,105,576
v3_social_signal_experiment_social_signal_v4_think_false_v4_b1_search237,v3_social_signal_experiment_social_signal_v4_think_false_v4_b1_search237.csv,v3_social_signal,unknown,cbf1a7eb8e56,0.90,237,252,85,0.35864978902953587,0.7294117647058823,0.24603174603174602,0.36795252225519287,0.20826780210411924,0.42616033755274263,0.927710843373494,0.4230769230769231,0.5811320754716981,6,105,576
v3_social_signal_experiment_social_signal_v4_think_false_v4_b1_search237,v3_social_signal_experiment_social_signal_v4_think_false_v4_b1_search237.csv,v3_social_signal,unknown,cbf1a7eb8e56,0.75,237,252,86,0.3628691983122363,0.7209302325581395,0.24603174603174602,0.3668639053254438,0.20826780210411924,0.4253164556962025,0.927710843373494,0.4230769230769231,0.5811320754716981,6,105,576
v3_social_signal_experiment_social_signal_v4_think_false_v4_b1_search237,v3_social_signal_experiment_social_signal_v4_think_false_v4_b1_search237.csv,v3_social_signal,unknown,cbf1a7eb8e56,0.80,237,252,86,0.3628691983122363,0.7209302325581395,0.24603174603174602,0.3668639053254438,0.20826780210411924,0.4253164556962025,0.927710843373494,0.4230769230769231,0.5811320754716981,6,105,576
prompt_search_search_primary_first_v2_gemma4-e2b_5df03950348d_5f153b0981f2,prompt_search_search_primary_first_v2_gemma4-e2b_5df03950348d_5f153b0981f2.csv,prompt_search,gemma4:e2b,65bd6f8c74ef,default,300,307,136,0.4533333333333333,0.5955882352941176,0.26384364820846906,0.3656884875846501,0.22990887286447406,0.43166666666666664,0.916030534351145,0.5286343612334802,0.6703910614525139,11,107,0
v4_social_signal_experiment_v4_prompt_think_false_compact_b1_ctx16k_search237.partial,v4_social_signal_experiment_v4_prompt_think_false_compact_b1_ctx16k_search237.partial.csv,v4_social_signal,unknown,235a3367ad2e,0.40,21,13,20,0.9523809523809523,0.3,0.46153846153846156,0.36363636363636365,0.45454545454545453,0.47619047619047616,0.6666666666666666,0.9090909090909091,0.7692307692307693,5,1,0
v4_social_signal_experiment_v4_prompt_think_false_compact_b1_ctx16k_search237.partial,v4_social_signal_experiment_v4_prompt_think_false_compact_b1_ctx16k_search237.partial.csv,v4_social_signal,unknown,235a3367ad2e,0.45,21,13,20,0.9523809523809523,0.3,0.46153846153846156,0.36363636363636365,0.45454545454545453,0.47619047619047616,0.6666666666666666,0.9090909090909091,0.7692307692307693,5,1,0
v4_social_signal_experiment_v4_prompt_think_false_compact_b1_ctx16k_search237.partial,v4_social_signal_experiment_v4_prompt_think_false_compact_b1_ctx16k_search237.partial.csv,v4_social_signal,unknown,235a3367ad2e,0.50,21,13,20,0.9523809523809523,0.3,0.46153846153846156,0.36363636363636365,0.45454545454545453,0.47619047619047616,0.6666666666666666,0.9090909090909091,0.7692307692307693,5,1,0
v4_social_signal_experiment_v4_prompt_think_false_compact_b1_ctx16k_pilot18,v4_social_signal_experiment_v4_prompt_think_false_compact_b1_ctx16k_pilot18.csv,v4_social_signal,unknown,81ecc52c462c,0.65,18,12,10,0.5555555555555556,0.4,0.3333333333333333,0.36363636363636365,0.3333333333333333,0.5185185185185185,0.7777777777777778,0.7,0.7368421052631579,2,3,0
v4_social_signal_experiment_v4_prompt_think_true_oldgold_gemma4_26b_direct_core_targeted_v7_think_nojson_guard2_ctx32768_tok8192_b1_pilot8,v4_social_signal_experiment_v4_prompt_think_true_oldgold_gemma4_26b_direct_core_targeted_v7_think_nojson_guard2_ctx32768_tok8192_b1_pilot8.csv,v4_social_signal,gemma4:26b,a8d3082c4e73,0.85,8,6,5,0.625,0.4,0.3333333333333333,0.36363636363636365,0.3333333333333333,0.5,0.8,0.8,0.8,1,1,0
v4_social_signal_experiment_v4_prompt_think_false_compact_b1_search237,v4_social_signal_experiment_v4_prompt_think_false_compact_b1_search237.csv,v4_social_signal,unknown,4bcda0daa7f2,0.80,237,252,81,0.34177215189873417,0.7407407407407407,0.23809523809523808,0.36036036036036034,0.2898953561357654,0.4026722925457103,0.953125,0.33516483516483514,0.4959349593495935,3,121,0
v4_social_signal_experiment_v4_prompt_think_false_compact_b1_ctx16k_search237.partial,v4_social_signal_experiment_v4_prompt_think_false_compact_b1_ctx16k_search237.partial.csv,v4_social_signal,unknown,235a3367ad2e,default,21,13,26,1.2380952380952381,0.2692307692307692,0.5384615384615384,0.358974358974359,0.46969696969696967,0.3253968253968254,0.55,1.0,0.7096774193548387,9,0,0
v4_social_signal_experiment_v4_prompt_think_false_compact_b1_ctx16k_search237.partial,v4_social_signal_experiment_v4_prompt_think_false_compact_b1_ctx16k_search237.partial.csv,v4_social_signal,unknown,235a3367ad2e,0.05,21,13,26,1.2380952380952381,0.2692307692307692,0.5384615384615384,0.358974358974359,0.46969696969696967,0.3253968253968254,0.55,1.0,0.7096774193548387,9,0,0
v4_social_signal_experiment_v4_prompt_think_false_compact_b1_ctx16k_search237.partial,v4_social_signal_experiment_v4_prompt_think_false_compact_b1_ctx16k_search237.partial.csv,v4_social_signal,unknown,235a3367ad2e,0.10,21,13,26,1.2380952380952381,0.2692307692307692,0.5384615384615384,0.358974358974359,0.46969696969696967,0.3253968253968254,0.55,1.0,0.7096774193548387,9,0,0
v4_social_signal_experiment_v4_prompt_think_false_compact_b1_ctx16k_search237.partial,v4_social_signal_experiment_v4_prompt_think_false_compact_b1_ctx16k_search237.partial.csv,v4_social_signal,unknown,235a3367ad2e,0.15,21,13,26,1.2380952380952381,0.2692307692307692,0.5384615384615384,0.358974358974359,0.46969696969696967,0.3253968253968254,0.55,1.0,0.7096774193548387,9,0,0
v4_social_signal_experiment_v4_prompt_think_false_compact_b1_ctx16k_search237.partial,v4_social_signal_experiment_v4_prompt_think_false_compact_b1_ctx16k_search237.partial.csv,v4_social_signal,unknown,235a3367ad2e,0.20,21,13,26,1.2380952380952381,0.2692307692307692,0.5384615384615384,0.358974358974359,0.46969696969696967,0.3253968253968254,0.55,1.0,0.7096774193548387,9,0,0
v4_social_signal_experiment_v4_prompt_think_false_compact_b1_ctx16k_search237.partial,v4_social_signal_experiment_v4_prompt_think_false_compact_b1_ctx16k_search237.partial.csv,v4_social_signal,unknown,235a3367ad2e,0.25,21,13,26,1.2380952380952381,0.2692307692307692,0.5384615384615384,0.358974358974359,0.46969696969696967,0.3253968253968254,0.55,1.0,0.7096774193548387,9,0,0
v4_social_signal_experiment_v4_prompt_think_false_compact_b1_ctx16k_search237.partial,v4_social_signal_experiment_v4_prompt_think_false_compact_b1_ctx16k_search237.partial.csv,v4_social_signal,unknown,235a3367ad2e,0.30,21,13,26,1.2380952380952381,0.2692307692307692,0.5384615384615384,0.358974358974359,0.46969696969696967,0.3253968253968254,0.55,1.0,0.7096774193548387,9,0,0
v4_social_signal_experiment_v4_prompt_think_false_v4full965_qwen36_35b_iq4_social_signal_v9_f1_balanced_nothink_json_ctx32768_tok16384_b2.partial,v4_social_signal_experiment_v4_prompt_think_false_v4full965_qwen36_35b_iq4_social_signal_v9_f1_balanced_nothink_json_ctx32768_tok16384_b2.partial.csv,v4_social_signal,qwen3.6-35b:iq4,a1314553cd3e,default,8,5,23,2.875,0.21739130434782608,1.0,0.35714285714285715,0.6571428571428571,0.23392857142857143,0.375,1.0,0.5454545454545454,5,0,0
v4_social_signal_experiment_v4_prompt_think_false_v4full965_qwen36_35b_iq4_social_signal_v9_f1_balanced_nothink_json_ctx32768_tok16384_b2.partial,v4_social_signal_experiment_v4_prompt_think_false_v4full965_qwen36_35b_iq4_social_signal_v9_f1_balanced_nothink_json_ctx32768_tok16384_b2.partial.csv,v4_social_signal,qwen3.6-35b:iq4,a1314553cd3e,0.05,8,5,23,2.875,0.21739130434782608,1.0,0.35714285714285715,0.6571428571428571,0.23392857142857143,0.375,1.0,0.5454545454545454,5,0,0
v4_social_signal_experiment_v4_prompt_think_false_v4full965_qwen36_35b_iq4_social_signal_v9_f1_balanced_nothink_json_ctx32768_tok16384_b2.partial,v4_social_signal_experiment_v4_prompt_think_false_v4full965_qwen36_35b_iq4_social_signal_v9_f1_balanced_nothink_json_ctx32768_tok16384_b2.partial.csv,v4_social_signal,qwen3.6-35b:iq4,a1314553cd3e,0.10,8,5,23,2.875,0.21739130434782608,1.0,0.35714285714285715,0.6571428571428571,0.23392857142857143,0.375,1.0,0.5454545454545454,5,0,0
v4_social_signal_experiment_v4_prompt_think_false_v4full965_qwen36_35b_iq4_social_signal_v9_f1_balanced_nothink_json_ctx32768_tok16384_b2.partial,v4_social_signal_experiment_v4_prompt_think_false_v4full965_qwen36_35b_iq4_social_signal_v9_f1_balanced_nothink_json_ctx32768_tok16384_b2.partial.csv,v4_social_signal,qwen3.6-35b:iq4,a1314553cd3e,0.15,8,5,23,2.875,0.21739130434782608,1.0,0.35714285714285715,0.6571428571428571,0.23392857142857143,0.375,1.0,0.5454545454545454,5,0,0
v4_social_signal_experiment_v4_prompt_think_false_v4full965_qwen36_35b_iq4_social_signal_v9_f1_balanced_nothink_json_ctx32768_tok16384_b2.partial,v4_social_signal_experiment_v4_prompt_think_false_v4full965_qwen36_35b_iq4_social_signal_v9_f1_balanced_nothink_json_ctx32768_tok16384_b2.partial.csv,v4_social_signal,qwen3.6-35b:iq4,a1314553cd3e,0.20,8,5,23,2.875,0.21739130434782608,1.0,0.35714285714285715,0.6571428571428571,0.23392857142857143,0.375,1.0,0.5454545454545454,5,0,0
v4_social_signal_experiment_v4_prompt_think_false_v4full965_qwen36_35b_iq4_social_signal_v9_f1_balanced_nothink_json_ctx32768_tok16384_b2.partial,v4_social_signal_experiment_v4_prompt_think_false_v4full965_qwen36_35b_iq4_social_signal_v9_f1_balanced_nothink_json_ctx32768_tok16384_b2.partial.csv,v4_social_signal,qwen3.6-35b:iq4,a1314553cd3e,0.25,8,5,23,2.875,0.21739130434782608,1.0,0.35714285714285715,0.6571428571428571,0.23392857142857143,0.375,1.0,0.5454545454545454,5,0,0
v4_social_signal_experiment_v4_prompt_think_false_v4full965_qwen36_35b_iq4_social_signal_v9_f1_balanced_nothink_json_ctx32768_tok16384_b2.partial,v4_social_signal_experiment_v4_prompt_think_false_v4full965_qwen36_35b_iq4_social_signal_v9_f1_balanced_nothink_json_ctx32768_tok16384_b2.partial.csv,v4_social_signal,qwen3.6-35b:iq4,a1314553cd3e,0.30,8,5,23,2.875,0.21739130434782608,1.0,0.35714285714285715,0.6571428571428571,0.23392857142857143,0.375,1.0,0.5454545454545454,5,0,0
v4_social_signal_experiment_v4_prompt_think_false_v4full965_qwen36_35b_iq4_social_signal_v9_f1_balanced_nothink_json_ctx32768_tok16384_b2.partial,v4_social_signal_experiment_v4_prompt_think_false_v4full965_qwen36_35b_iq4_social_signal_v9_f1_balanced_nothink_json_ctx32768_tok16384_b2.partial.csv,v4_social_signal,qwen3.6-35b:iq4,a1314553cd3e,0.35,8,5,23,2.875,0.21739130434782608,1.0,0.35714285714285715,0.6571428571428571,0.23392857142857143,0.375,1.0,0.5454545454545454,5,0,0
v4_social_signal_experiment_v4_prompt_think_false_v4full965_qwen36_35b_iq4_social_signal_v9_f1_balanced_nothink_json_ctx32768_tok16384_b2.partial,v4_social_signal_experiment_v4_prompt_think_false_v4full965_qwen36_35b_iq4_social_signal_v9_f1_balanced_nothink_json_ctx32768_tok16384_b2.partial.csv,v4_social_signal,qwen3.6-35b:iq4,a1314553cd3e,0.40,8,5,23,2.875,0.21739130434782608,1.0,0.35714285714285715,0.6571428571428571,0.23392857142857143,0.375,1.0,0.5454545454545454,5,0,0
v4_social_signal_experiment_v4_prompt_think_false_v4full965_qwen36_35b_iq4_social_signal_v9_f1_balanced_nothink_json_ctx32768_tok16384_b2.partial,v4_social_signal_experiment_v4_prompt_think_false_v4full965_qwen36_35b_iq4_social_signal_v9_f1_balanced_nothink_json_ctx32768_tok16384_b2.partial.csv,v4_social_signal,qwen3.6-35b:iq4,a1314553cd3e,0.45,8,5,23,2.875,0.21739130434782608,1.0,0.35714285714285715,0.6571428571428571,0.23392857142857143,0.375,1.0,0.5454545454545454,5,0,0
v4_social_signal_experiment_v4_prompt_think_false_v4full965_qwen36_35b_iq4_social_signal_v9_f1_balanced_nothink_json_ctx32768_tok16384_b2.partial,v4_social_signal_experiment_v4_prompt_think_false_v4full965_qwen36_35b_iq4_social_signal_v9_f1_balanced_nothink_json_ctx32768_tok16384_b2.partial.csv,v4_social_signal,qwen3.6-35b:iq4,a1314553cd3e,0.50,8,5,23,2.875,0.21739130434782608,1.0,0.35714285714285715,0.6571428571428571,0.23392857142857143,0.375,1.0,0.5454545454545454,5,0,0
v4_social_signal_experiment_v4_prompt_think_false_v4full965_qwen36_35b_iq4_social_signal_v9_f1_balanced_nothink_json_ctx32768_tok16384_b2.partial,v4_social_signal_experiment_v4_prompt_think_false_v4full965_qwen36_35b_iq4_social_signal_v9_f1_balanced_nothink_json_ctx32768_tok16384_b2.partial.csv,v4_social_signal,qwen3.6-35b:iq4,a1314553cd3e,0.55,8,5,23,2.875,0.21739130434782608,1.0,0.35714285714285715,0.6571428571428571,0.23392857142857143,0.375,1.0,0.5454545454545454,5,0,0
v4_social_signal_experiment_v4_prompt_think_false_v4full965_qwen36_35b_iq4_social_signal_v9_f1_balanced_nothink_json_ctx32768_tok16384_b2.partial,v4_social_signal_experiment_v4_prompt_think_false_v4full965_qwen36_35b_iq4_social_signal_v9_f1_balanced_nothink_json_ctx32768_tok16384_b2.partial.csv,v4_social_signal,qwen3.6-35b:iq4,a1314553cd3e,0.60,8,5,23,2.875,0.21739130434782608,1.0,0.35714285714285715,0.6571428571428571,0.23392857142857143,0.375,1.0,0.5454545454545454,5,0,0
v4_social_signal_experiment_v4_prompt_think_false_v4full965_qwen36_35b_iq4_social_signal_v9_f1_balanced_nothink_json_ctx32768_tok16384_b2.partial,v4_social_signal_experiment_v4_prompt_think_false_v4full965_qwen36_35b_iq4_social_signal_v9_f1_balanced_nothink_json_ctx32768_tok16384_b2.partial.csv,v4_social_signal,qwen3.6-35b:iq4,a1314553cd3e,0.65,8,5,23,2.875,0.21739130434782608,1.0,0.35714285714285715,0.6571428571428571,0.23392857142857143,0.375,1.0,0.5454545454545454,5,0,0
v4_social_signal_experiment_v4_prompt_think_false_compact_b1_ctx16k_text6k_pilot18,v4_social_signal_experiment_v4_prompt_think_false_compact_b1_ctx16k_text6k_pilot18.csv,v4_social_signal,unknown,1a1e7d7835ae,0.50,18,12,16,0.8888888888888888,0.3125,0.4166666666666667,0.35714285714285715,0.37878787878787873,0.4999999999999999,0.75,0.9,0.8181818181818182,3,1,0
v4_social_signal_experiment_v4_prompt_think_false_compact_b1_ctx16k_text6k_pilot18,v4_social_signal_experiment_v4_prompt_think_false_compact_b1_ctx16k_text6k_pilot18.csv,v4_social_signal,unknown,1a1e7d7835ae,0.55,18,12,16,0.8888888888888888,0.3125,0.4166666666666667,0.35714285714285715,0.37878787878787873,0.4999999999999999,0.75,0.9,0.8181818181818182,3,1,0
v4_social_signal_experiment_v4_prompt_think_false_v4full965_gemma4_26b_high_recall_minimal_v2_nothink_json_ctx32768_tok16384_b2.partial,v4_social_signal_experiment_v4_prompt_think_false_v4full965_gemma4_26b_high_recall_minimal_v2_nothink_json_ctx32768_tok16384_b2.partial.csv,v4_social_signal,gemma4:26b,0a2e5abeca01,0.65,78,60,13,0.16666666666666666,1.0,0.21666666666666667,0.3561643835616438,0.16714285714285715,0.4978632478632478,1.0,0.24,0.3870967741935484,0,38,0
v4_social_signal_experiment_v4_prompt_think_false_v4full965_gemma4_26b_high_recall_minimal_v2_nothink_json_ctx32768_tok16384_b2.partial,v4_social_signal_experiment_v4_prompt_think_false_v4full965_gemma4_26b_high_recall_minimal_v2_nothink_json_ctx32768_tok16384_b2.partial.csv,v4_social_signal,gemma4:26b,0a2e5abeca01,0.70,78,60,13,0.16666666666666666,1.0,0.21666666666666667,0.3561643835616438,0.16714285714285715,0.4978632478632478,1.0,0.24,0.3870967741935484,0,38,0
v4_social_signal_experiment_v4_prompt_think_false_v4full965_gemma4_26b_high_recall_minimal_v2_nothink_json_ctx32768_tok16384_b2.partial,v4_social_signal_experiment_v4_prompt_think_false_v4full965_gemma4_26b_high_recall_minimal_v2_nothink_json_ctx32768_tok16384_b2.partial.csv,v4_social_signal,gemma4:26b,0a2e5abeca01,0.75,78,60,13,0.16666666666666666,1.0,0.21666666666666667,0.3561643835616438,0.16714285714285715,0.4978632478632478,1.0,0.24,0.3870967741935484,0,38,0
v4_social_signal_experiment_v4_prompt_think_false_v4full965_gemma4_26b_high_recall_minimal_v2_nothink_json_ctx32768_tok16384_b2.partial,v4_social_signal_experiment_v4_prompt_think_false_v4full965_gemma4_26b_high_recall_minimal_v2_nothink_json_ctx32768_tok16384_b2.partial.csv,v4_social_signal,gemma4:26b,0a2e5abeca01,0.80,78,60,13,0.16666666666666666,1.0,0.21666666666666667,0.3561643835616438,0.16714285714285715,0.4978632478632478,1.0,0.24,0.3870967741935484,0,38,0
v4_social_signal_experiment_v4_prompt_think_false_v4full965_gemma4_26b_high_recall_minimal_v2_nothink_json_ctx32768_tok16384_b2.partial,v4_social_signal_experiment_v4_prompt_think_false_v4full965_gemma4_26b_high_recall_minimal_v2_nothink_json_ctx32768_tok16384_b2.partial.csv,v4_social_signal,gemma4:26b,0a2e5abeca01,0.85,78,60,13,0.16666666666666666,1.0,0.21666666666666667,0.3561643835616438,0.16714285714285715,0.4978632478632478,1.0,0.24,0.3870967741935484,0,38,0
v4_social_signal_experiment_v4_prompt_think_false_v4full965_gemma4_26b_high_recall_minimal_v2_nothink_json_ctx32768_tok16384_b2.partial,v4_social_signal_experiment_v4_prompt_think_false_v4full965_gemma4_26b_high_recall_minimal_v2_nothink_json_ctx32768_tok16384_b2.partial.csv,v4_social_signal,gemma4:26b,0a2e5abeca01,0.90,78,60,13,0.16666666666666666,1.0,0.21666666666666667,0.3561643835616438,0.16714285714285715,0.4978632478632478,1.0,0.24,0.3870967741935484,0,38,0
v4_social_signal_experiment_v4_prompt_think_true_v4pilot60_gemma4_26b_high_recall_minimal_v3_think_nojson_guard2_ctx32768_tok8192_b1,v4_social_signal_experiment_v4_prompt_think_true_v4pilot60_gemma4_26b_high_recall_minimal_v3_think_nojson_guard2_ctx32768_tok8192_b1.csv,v4_social_signal,gemma4:26b,a459ae22b30f,0.65,41,37,8,0.1951219512195122,1.0,0.21621621621621623,0.35555555555555557,0.25726495726495724,0.4552845528455284,1.0,0.2413793103448276,0.3888888888888889,0,22,72
v4_social_signal_experiment_v4_prompt_think_true_v4pilot60_gemma4_26b_high_recall_minimal_v3_think_nojson_guard2_ctx32768_tok8192_b1,v4_social_signal_experiment_v4_prompt_think_true_v4pilot60_gemma4_26b_high_recall_minimal_v3_think_nojson_guard2_ctx32768_tok8192_b1.csv,v4_social_signal,gemma4:26b,a459ae22b30f,0.70,41,37,8,0.1951219512195122,1.0,0.21621621621621623,0.35555555555555557,0.25726495726495724,0.4552845528455284,1.0,0.2413793103448276,0.3888888888888889,0,22,72
v4_social_signal_experiment_v4_prompt_think_true_v4pilot60_gemma4_26b_high_recall_minimal_v3_think_nojson_guard2_ctx32768_tok8192_b1,v4_social_signal_experiment_v4_prompt_think_true_v4pilot60_gemma4_26b_high_recall_minimal_v3_think_nojson_guard2_ctx32768_tok8192_b1.csv,v4_social_signal,gemma4:26b,a459ae22b30f,0.75,41,37,8,0.1951219512195122,1.0,0.21621621621621623,0.35555555555555557,0.25726495726495724,0.4552845528455284,1.0,0.2413793103448276,0.3888888888888889,0,22,72
v4_social_signal_experiment_v4_prompt_think_true_v4pilot60_gemma4_26b_high_recall_minimal_v3_think_nojson_guard2_ctx32768_tok8192_b1,v4_social_signal_experiment_v4_prompt_think_true_v4pilot60_gemma4_26b_high_recall_minimal_v3_think_nojson_guard2_ctx32768_tok8192_b1.csv,v4_social_signal,gemma4:26b,a459ae22b30f,0.80,41,37,8,0.1951219512195122,1.0,0.21621621621621623,0.35555555555555557,0.25726495726495724,0.4552845528455284,1.0,0.2413793103448276,0.3888888888888889,0,22,72
v4_social_signal_experiment_v4_prompt_think_true_v4pilot60_gemma4_26b_high_recall_minimal_v3_think_nojson_guard2_ctx32768_tok8192_b1,v4_social_signal_experiment_v4_prompt_think_true_v4pilot60_gemma4_26b_high_recall_minimal_v3_think_nojson_guard2_ctx32768_tok8192_b1.csv,v4_social_signal,gemma4:26b,a459ae22b30f,0.85,41,37,8,0.1951219512195122,1.0,0.21621621621621623,0.35555555555555557,0.25726495726495724,0.4552845528455284,1.0,0.2413793103448276,0.3888888888888889,0,22,72
v4_social_signal_experiment_v4_prompt_think_true_v4pilot60_gemma4_26b_high_recall_minimal_v3_think_nojson_guard2_ctx32768_tok8192_b1,v4_social_signal_experiment_v4_prompt_think_true_v4pilot60_gemma4_26b_high_recall_minimal_v3_think_nojson_guard2_ctx32768_tok8192_b1.csv,v4_social_signal,gemma4:26b,a459ae22b30f,0.90,41,37,8,0.1951219512195122,1.0,0.21621621621621623,0.35555555555555557,0.25726495726495724,0.4552845528455284,1.0,0.2413793103448276,0.3888888888888889,0,22,72
v4_social_signal_experiment_v4_prompt_think_false_compact_b1_search237,v4_social_signal_experiment_v4_prompt_think_false_compact_b1_search237.csv,v4_social_signal,unknown,4bcda0daa7f2,0.85,237,252,80,0.33755274261603374,0.7375,0.23412698412698413,0.35542168674698793,0.2874485276019803,0.39985935302390996,0.9523809523809523,0.32967032967032966,0.4897959183673469,3,122,0
v4_social_signal_experiment_v4_prompt_think_false_compact_b1_ctx16k_search237.partial,v4_social_signal_experiment_v4_prompt_think_false_compact_b1_ctx16k_search237.partial.csv,v4_social_signal,unknown,235a3367ad2e,0.35,21,13,21,1.0,0.2857142857142857,0.46153846153846156,0.35294117647058826,0.45454545454545453,0.4682539682539682,0.6666666666666666,0.9090909090909091,0.7692307692307693,5,1,0
prompt_search_search_few_shot_major_v3_gemma4-e2b_5df03950348d_0c3d39008fbb,prompt_search_search_few_shot_major_v3_gemma4-e2b_5df03950348d_0c3d39008fbb.csv,prompt_search,gemma4:e2b,9d0229df475d,default,300,307,135,0.45,0.5777777777777777,0.254071661237785,0.35294117647058826,0.22072135273327365,0.40277777777777773,0.8731343283582089,0.5154185022026432,0.6481994459833795,17,110,0
v3_social_signal_experiment_social_signal_v3_think_false_gemma4_26b_ctx32k_tok8k_b1_search237.partial,v3_social_signal_experiment_social_signal_v3_think_false_gemma4_26b_ctx32k_tok8k_b1_search237.partial.csv,v3_social_signal,gemma4:26b,96235c5fae43,0.65,18,12,5,0.2777777777777778,0.6,0.25,0.35294117647058826,0.2424242424242424,0.6111111111111112,1.0,0.5,0.6666666666666666,0,5,0
v3_social_signal_experiment_social_signal_v3_think_false_gemma4_26b_ctx32k_tok8k_b1_search237.partial,v3_social_signal_experiment_social_signal_v3_think_false_gemma4_26b_ctx32k_tok8k_b1_search237.partial.csv,v3_social_signal,gemma4:26b,96235c5fae43,0.70,18,12,5,0.2777777777777778,0.6,0.25,0.35294117647058826,0.2424242424242424,0.6111111111111112,1.0,0.5,0.6666666666666666,0,5,0
v3_social_signal_experiment_social_signal_v3_think_false_gemma4_26b_ctx32k_tok8k_b1_search237.partial,v3_social_signal_experiment_social_signal_v3_think_false_gemma4_26b_ctx32k_tok8k_b1_search237.partial.csv,v3_social_signal,gemma4:26b,96235c5fae43,0.75,18,12,5,0.2777777777777778,0.6,0.25,0.35294117647058826,0.2424242424242424,0.6111111111111112,1.0,0.5,0.6666666666666666,0,5,0
v3_social_signal_experiment_social_signal_v3_think_false_gemma4_26b_ctx32k_tok8k_b1_search237.partial,v3_social_signal_experiment_social_signal_v3_think_false_gemma4_26b_ctx32k_tok8k_b1_search237.partial.csv,v3_social_signal,gemma4:26b,96235c5fae43,0.80,18,12,5,0.2777777777777778,0.6,0.25,0.35294117647058826,0.2424242424242424,0.6111111111111112,1.0,0.5,0.6666666666666666,0,5,0
v3_social_signal_experiment_social_signal_v3_think_false_gemma4_26b_ctx32k_tok8k_b1_search237.partial,v3_social_signal_experiment_social_signal_v3_think_false_gemma4_26b_ctx32k_tok8k_b1_search237.partial.csv,v3_social_signal,gemma4:26b,96235c5fae43,0.85,18,12,5,0.2777777777777778,0.6,0.25,0.35294117647058826,0.2424242424242424,0.6111111111111112,1.0,0.5,0.6666666666666666,0,5,0
v3_social_signal_experiment_social_signal_v3_think_false_gemma4_26b_ctx32k_tok8k_b1_search237.partial,v3_social_signal_experiment_social_signal_v3_think_false_gemma4_26b_ctx32k_tok8k_b1_search237.partial.csv,v3_social_signal,gemma4:26b,96235c5fae43,0.90,18,12,5,0.2777777777777778,0.6,0.25,0.35294117647058826,0.2424242424242424,0.6111111111111112,1.0,0.5,0.6666666666666666,0,5,0
v4_social_signal_experiment_v4_prompt_think_false_compact_b1_ctx16k_pilot18,v4_social_signal_experiment_v4_prompt_think_false_compact_b1_ctx16k_pilot18.csv,v4_social_signal,unknown,81ecc52c462c,0.60,18,12,11,0.6111111111111112,0.36363636363636365,0.3333333333333333,0.34782608695652173,0.3333333333333333,0.5185185185185185,0.7777777777777778,0.7,0.7368421052631579,2,3,0
v4_social_signal_experiment_v4_prompt_think_false_v4full965_qwen36_35b_iq3_high_recall_minimal_v3_nothink_json_ctx32768_tok16384_b2.partial,v4_social_signal_experiment_v4_prompt_think_false_v4full965_qwen36_35b_iq3_high_recall_minimal_v3_nothink_json_ctx32768_tok16384_b2.partial.csv,v4_social_signal,qwen3.6-35b:iq3,58842682e0be,0.65,394,369,82,0.20812182741116753,0.9512195121951219,0.21138211382113822,0.3458980044345898,0.20621679087196326,0.45406091370558377,0.9746835443037974,0.27598566308243727,0.4301675977653631,2,202,0
v4_social_signal_experiment_v4_prompt_think_false_v4full965_qwen36_35b_iq3_high_recall_minimal_v3_nothink_json_ctx32768_tok16384_b2.partial,v4_social_signal_experiment_v4_prompt_think_false_v4full965_qwen36_35b_iq3_high_recall_minimal_v3_nothink_json_ctx32768_tok16384_b2.partial.csv,v4_social_signal,qwen3.6-35b:iq3,58842682e0be,0.70,394,369,82,0.20812182741116753,0.9512195121951219,0.21138211382113822,0.3458980044345898,0.20621679087196326,0.45406091370558377,0.9746835443037974,0.27598566308243727,0.4301675977653631,2,202,0
v4_social_signal_experiment_v4_prompt_think_false_v4full965_qwen36_35b_iq3_high_recall_minimal_v3_nothink_json_ctx32768_tok16384_b2.partial,v4_social_signal_experiment_v4_prompt_think_false_v4full965_qwen36_35b_iq3_high_recall_minimal_v3_nothink_json_ctx32768_tok16384_b2.partial.csv,v4_social_signal,qwen3.6-35b:iq3,58842682e0be,0.75,394,369,82,0.20812182741116753,0.9512195121951219,0.21138211382113822,0.3458980044345898,0.20621679087196326,0.45406091370558377,0.9746835443037974,0.27598566308243727,0.4301675977653631,2,202,0
v4_social_signal_experiment_v4_prompt_think_false_v4full965_qwen36_35b_iq3_high_recall_minimal_v3_nothink_json_ctx32768_tok16384_b2.partial,v4_social_signal_experiment_v4_prompt_think_false_v4full965_qwen36_35b_iq3_high_recall_minimal_v3_nothink_json_ctx32768_tok16384_b2.partial.csv,v4_social_signal,qwen3.6-35b:iq3,58842682e0be,0.80,394,369,82,0.20812182741116753,0.9512195121951219,0.21138211382113822,0.3458980044345898,0.20621679087196326,0.45406091370558377,0.9746835443037974,0.27598566308243727,0.4301675977653631,2,202,0
v4_social_signal_experiment_v4_prompt_think_false_v4full965_qwen36_35b_iq3_high_recall_minimal_v3_nothink_json_ctx32768_tok16384_b2.partial,v4_social_signal_experiment_v4_prompt_think_false_v4full965_qwen36_35b_iq3_high_recall_minimal_v3_nothink_json_ctx32768_tok16384_b2.partial.csv,v4_social_signal,qwen3.6-35b:iq3,58842682e0be,0.85,394,369,82,0.20812182741116753,0.9512195121951219,0.21138211382113822,0.3458980044345898,0.20621679087196326,0.45406091370558377,0.9746835443037974,0.27598566308243727,0.4301675977653631,2,202,0
v4_social_signal_experiment_v4_prompt_think_false_v4full965_qwen36_35b_iq3_high_recall_minimal_v3_nothink_json_ctx32768_tok16384_b2.partial,v4_social_signal_experiment_v4_prompt_think_false_v4full965_qwen36_35b_iq3_high_recall_minimal_v3_nothink_json_ctx32768_tok16384_b2.partial.csv,v4_social_signal,qwen3.6-35b:iq3,58842682e0be,0.90,394,369,82,0.20812182741116753,0.9512195121951219,0.21138211382113822,0.3458980044345898,0.20621679087196326,0.45406091370558377,0.9746835443037974,0.27598566308243727,0.4301675977653631,2,202,0
v4_social_signal_experiment_v4_prompt_think_false_compact_b1_ctx16k_text6k_pilot18,v4_social_signal_experiment_v4_prompt_think_false_compact_b1_ctx16k_text6k_pilot18.csv,v4_social_signal,unknown,1a1e7d7835ae,0.35,18,12,17,0.9444444444444444,0.29411764705882354,0.4166666666666667,0.3448275862068966,0.37878787878787873,0.4907407407407407,0.75,0.9,0.8181818181818182,3,1,0
v4_social_signal_experiment_v4_prompt_think_false_compact_b1_ctx16k_text6k_pilot18,v4_social_signal_experiment_v4_prompt_think_false_compact_b1_ctx16k_text6k_pilot18.csv,v4_social_signal,unknown,1a1e7d7835ae,0.40,18,12,17,0.9444444444444444,0.29411764705882354,0.4166666666666667,0.3448275862068966,0.37878787878787873,0.4907407407407407,0.75,0.9,0.8181818181818182,3,1,0
v4_social_signal_experiment_v4_prompt_think_false_compact_b1_ctx16k_text6k_pilot18,v4_social_signal_experiment_v4_prompt_think_false_compact_b1_ctx16k_text6k_pilot18.csv,v4_social_signal,unknown,1a1e7d7835ae,0.45,18,12,17,0.9444444444444444,0.29411764705882354,0.4166666666666667,0.3448275862068966,0.37878787878787873,0.4907407407407407,0.75,0.9,0.8181818181818182,3,1,0
v4_social_signal_experiment_v4_prompt_think_false_compact_b1_ctx16k_pilot18,v4_social_signal_experiment_v4_prompt_think_false_compact_b1_ctx16k_pilot18.csv,v4_social_signal,unknown,81ecc52c462c,default,18,12,23,1.2777777777777777,0.2608695652173913,0.5,0.34285714285714286,0.4606060606060606,0.32407407407407407,0.5882352941176471,1.0,0.7407407407407407,7,0,0
v4_social_signal_experiment_v4_prompt_think_false_compact_b1_ctx16k_pilot18,v4_social_signal_experiment_v4_prompt_think_false_compact_b1_ctx16k_pilot18.csv,v4_social_signal,unknown,81ecc52c462c,0.05,18,12,23,1.2777777777777777,0.2608695652173913,0.5,0.34285714285714286,0.4606060606060606,0.32407407407407407,0.5882352941176471,1.0,0.7407407407407407,7,0,0
v4_social_signal_experiment_v4_prompt_think_false_compact_b1_ctx16k_pilot18,v4_social_signal_experiment_v4_prompt_think_false_compact_b1_ctx16k_pilot18.csv,v4_social_signal,unknown,81ecc52c462c,0.10,18,12,23,1.2777777777777777,0.2608695652173913,0.5,0.34285714285714286,0.4606060606060606,0.32407407407407407,0.5882352941176471,1.0,0.7407407407407407,7,0,0
v4_social_signal_experiment_v4_prompt_think_false_compact_b1_ctx16k_pilot18,v4_social_signal_experiment_v4_prompt_think_false_compact_b1_ctx16k_pilot18.csv,v4_social_signal,unknown,81ecc52c462c,0.15,18,12,23,1.2777777777777777,0.2608695652173913,0.5,0.34285714285714286,0.4606060606060606,0.32407407407407407,0.5882352941176471,1.0,0.7407407407407407,7,0,0
v4_social_signal_experiment_v4_prompt_think_false_compact_b1_ctx16k_pilot18,v4_social_signal_experiment_v4_prompt_think_false_compact_b1_ctx16k_pilot18.csv,v4_social_signal,unknown,81ecc52c462c,0.20,18,12,23,1.2777777777777777,0.2608695652173913,0.5,0.34285714285714286,0.4606060606060606,0.32407407407407407,0.5882352941176471,1.0,0.7407407407407407,7,0,0
v4_social_signal_experiment_v4_prompt_think_false_compact_b1_ctx16k_pilot18,v4_social_signal_experiment_v4_prompt_think_false_compact_b1_ctx16k_pilot18.csv,v4_social_signal,unknown,81ecc52c462c,0.25,18,12,23,1.2777777777777777,0.2608695652173913,0.5,0.34285714285714286,0.4606060606060606,0.32407407407407407,0.5882352941176471,1.0,0.7407407407407407,7,0,0
v4_social_signal_experiment_v4_prompt_think_false_compact_b1_ctx16k_pilot18,v4_social_signal_experiment_v4_prompt_think_false_compact_b1_ctx16k_pilot18.csv,v4_social_signal,unknown,81ecc52c462c,0.30,18,12,23,1.2777777777777777,0.2608695652173913,0.5,0.34285714285714286,0.4606060606060606,0.32407407407407407,0.5882352941176471,1.0,0.7407407407407407,7,0,0
grouped_event_v1_search_think_true,grouped_event_v1_search_think_true.csv,grouped_event,unknown,f9983b73e7df,0.35,300,307,165,0.55,0.48484848484848486,0.26058631921824105,0.3389830508474576,0.2778383810964693,0.40706349206349207,0.9423076923076923,0.43171806167400884,0.5921450151057401,6,129,0
grouped_event_v1_search_think_true,grouped_event_v1_search_think_true.csv,grouped_event,unknown,f9983b73e7df,0.40,300,307,165,0.55,0.48484848484848486,0.26058631921824105,0.3389830508474576,0.2778383810964693,0.40706349206349207,0.9423076923076923,0.43171806167400884,0.5921450151057401,6,129,0
grouped_event_v1_search_think_true,grouped_event_v1_search_think_true.csv,grouped_event,unknown,f9983b73e7df,0.45,300,307,165,0.55,0.48484848484848486,0.26058631921824105,0.3389830508474576,0.2778383810964693,0.40706349206349207,0.9423076923076923,0.43171806167400884,0.5921450151057401,6,129,0
grouped_event_v1_search_think_true,grouped_event_v1_search_think_true.csv,grouped_event,unknown,f9983b73e7df,0.50,300,307,165,0.55,0.48484848484848486,0.26058631921824105,0.3389830508474576,0.2778383810964693,0.40706349206349207,0.9423076923076923,0.43171806167400884,0.5921450151057401,6,129,0
grouped_event_v1_search_think_true,grouped_event_v1_search_think_true.csv,grouped_event,unknown,f9983b73e7df,0.55,300,307,165,0.55,0.48484848484848486,0.26058631921824105,0.3389830508474576,0.2778383810964693,0.40706349206349207,0.9423076923076923,0.43171806167400884,0.5921450151057401,6,129,0
grouped_event_v1_search_think_true,grouped_event_v1_search_think_true.csv,grouped_event,unknown,f9983b73e7df,0.60,300,307,165,0.55,0.48484848484848486,0.26058631921824105,0.3389830508474576,0.2778383810964693,0.40706349206349207,0.9423076923076923,0.43171806167400884,0.5921450151057401,6,129,0
v3_social_signal_experiment_social_signal_v3_think_false_v3_b1_search237,v3_social_signal_experiment_social_signal_v3_think_false_v3_b1_search237.csv,v3_social_signal,unknown,3c670b98b753,0.65,237,252,63,0.26582278481012656,0.8412698412698413,0.21031746031746032,0.33650793650793653,0.18501990770605922,0.4170182841068917,1.0,0.34615384615384615,0.5142857142857142,0,119,288
v3_social_signal_experiment_social_signal_v3_think_false_v3_b1_search237,v3_social_signal_experiment_social_signal_v3_think_false_v3_b1_search237.csv,v3_social_signal,unknown,3c670b98b753,0.70,237,252,63,0.26582278481012656,0.8412698412698413,0.21031746031746032,0.33650793650793653,0.18501990770605922,0.4170182841068917,1.0,0.34615384615384615,0.5142857142857142,0,119,288
v3_social_signal_experiment_social_signal_v3_think_false_v3_b1_search237,v3_social_signal_experiment_social_signal_v3_think_false_v3_b1_search237.csv,v3_social_signal,unknown,3c670b98b753,0.75,237,252,63,0.26582278481012656,0.8412698412698413,0.21031746031746032,0.33650793650793653,0.18501990770605922,0.4170182841068917,1.0,0.34615384615384615,0.5142857142857142,0,119,288
v3_social_signal_experiment_social_signal_v3_think_false_v3_b1_search237,v3_social_signal_experiment_social_signal_v3_think_false_v3_b1_search237.csv,v3_social_signal,unknown,3c670b98b753,0.80,237,252,63,0.26582278481012656,0.8412698412698413,0.21031746031746032,0.33650793650793653,0.18501990770605922,0.4170182841068917,1.0,0.34615384615384615,0.5142857142857142,0,119,288
v3_social_signal_experiment_social_signal_v3_think_false_v3_b1_search237,v3_social_signal_experiment_social_signal_v3_think_false_v3_b1_search237.csv,v3_social_signal,unknown,3c670b98b753,0.85,237,252,63,0.26582278481012656,0.8412698412698413,0.21031746031746032,0.33650793650793653,0.18501990770605922,0.4170182841068917,1.0,0.34615384615384615,0.5142857142857142,0,119,288
v3_social_signal_experiment_social_signal_v3_think_false_v3_b1_search237,v3_social_signal_experiment_social_signal_v3_think_false_v3_b1_search237.csv,v3_social_signal,unknown,3c670b98b753,0.90,237,252,63,0.26582278481012656,0.8412698412698413,0.21031746031746032,0.33650793650793653,0.18501990770605922,0.4170182841068917,1.0,0.34615384615384615,0.5142857142857142,0,119,288
v4_social_signal_experiment_v4_prompt_think_true_gemma4_e4b_direct_business_migration_fixed_think_ctx16384_tok16384_n237,v4_social_signal_experiment_v4_prompt_think_true_gemma4_e4b_direct_business_migration_fixed_think_ctx16384_tok16384_n237.csv,v4_social_signal,gemma4:e4b,56dbdeff5e78,0.90,237,225,74,0.31223628691983124,0.6756756756756757,0.2222222222222222,0.33444816053511706,0.1524989325190938,0.4348804500703235,0.8970588235294118,0.3630952380952381,0.5169491525423728,7,107,72
v3_social_signal_experiment_social_signal_v3_think_true_v3_b1_search237_think,v3_social_signal_experiment_social_signal_v3_think_true_v3_b1_search237_think.csv,v3_social_signal,unknown,10088fd15039,0.75,237,252,65,0.2742616033755274,0.8153846153846154,0.21031746031746032,0.334384858044164,0.2562607990726309,0.3987341772151899,0.9538461538461539,0.34065934065934067,0.5020242914979757,3,120,0
v3_social_signal_experiment_social_signal_v3_think_true_v3_b1_search237_think,v3_social_signal_experiment_social_signal_v3_think_true_v3_b1_search237_think.csv,v3_social_signal,unknown,10088fd15039,0.80,237,252,65,0.2742616033755274,0.8153846153846154,0.21031746031746032,0.334384858044164,0.2562607990726309,0.3987341772151899,0.9538461538461539,0.34065934065934067,0.5020242914979757,3,120,0
v3_social_signal_experiment_social_signal_v3_think_true_v3_b1_search237_think,v3_social_signal_experiment_social_signal_v3_think_true_v3_b1_search237_think.csv,v3_social_signal,unknown,10088fd15039,0.85,237,252,65,0.2742616033755274,0.8153846153846154,0.21031746031746032,0.334384858044164,0.2562607990726309,0.3987341772151899,0.9538461538461539,0.34065934065934067,0.5020242914979757,3,120,0
v3_social_signal_experiment_social_signal_v3_think_true_v3_b1_search237_think,v3_social_signal_experiment_social_signal_v3_think_true_v3_b1_search237_think.csv,v3_social_signal,unknown,10088fd15039,0.90,237,252,65,0.2742616033755274,0.8153846153846154,0.21031746031746032,0.334384858044164,0.2562607990726309,0.3987341772151899,0.9538461538461539,0.34065934065934067,0.5020242914979757,3,120,0
v4_social_signal_experiment_v4_prompt_think_false_v4full965_qwen36_35b_iq4_social_signal_v9_f1_balanced_nothink_json_ctx16384_tok8192_b4.partial,v4_social_signal_experiment_v4_prompt_think_false_v4full965_qwen36_35b_iq4_social_signal_v9_f1_balanced_nothink_json_ctx16384_tok8192_b4.partial.csv,v4_social_signal,qwen3.6-35b:iq4,979e3824848e,0.70,4,1,5,1.25,0.2,1.0,0.3333333333333333,1.0,0.41666666666666663,0.3333333333333333,1.0,0.5,2,0,0
v4_social_signal_experiment_v4_prompt_think_false_v4full965_qwen36_35b_iq4_social_signal_v9_f1_balanced_nothink_json_ctx16384_tok8192_b4.partial,v4_social_signal_experiment_v4_prompt_think_false_v4full965_qwen36_35b_iq4_social_signal_v9_f1_balanced_nothink_json_ctx16384_tok8192_b4.partial.csv,v4_social_signal,qwen3.6-35b:iq4,979e3824848e,0.75,4,1,5,1.25,0.2,1.0,0.3333333333333333,1.0,0.41666666666666663,0.3333333333333333,1.0,0.5,2,0,0
v3_social_signal_experiment_social_signal_v3_think_false_v3_b1_pilot18,v3_social_signal_experiment_social_signal_v3_think_false_v3_b1_pilot18.csv,v3_social_signal,unknown,56612fec7d13,default,18,12,18,1.0,0.2777777777777778,0.4166666666666667,0.3333333333333333,0.356060606060606,0.2222222222222222,0.5,0.8,0.6153846153846154,8,2,72
v3_social_signal_experiment_social_signal_v3_think_false_v3_b1_pilot18,v3_social_signal_experiment_social_signal_v3_think_false_v3_b1_pilot18.csv,v3_social_signal,unknown,56612fec7d13,0.05,18,12,18,1.0,0.2777777777777778,0.4166666666666667,0.3333333333333333,0.356060606060606,0.2222222222222222,0.5,0.8,0.6153846153846154,8,2,72
v3_social_signal_experiment_social_signal_v3_think_false_v3_b1_pilot18,v3_social_signal_experiment_social_signal_v3_think_false_v3_b1_pilot18.csv,v3_social_signal,unknown,56612fec7d13,0.10,18,12,18,1.0,0.2777777777777778,0.4166666666666667,0.3333333333333333,0.356060606060606,0.2222222222222222,0.5,0.8,0.6153846153846154,8,2,72
v3_social_signal_experiment_social_signal_v3_think_false_v3_b1_pilot18,v3_social_signal_experiment_social_signal_v3_think_false_v3_b1_pilot18.csv,v3_social_signal,unknown,56612fec7d13,0.15,18,12,18,1.0,0.2777777777777778,0.4166666666666667,0.3333333333333333,0.356060606060606,0.2222222222222222,0.5,0.8,0.6153846153846154,8,2,72
v3_social_signal_experiment_social_signal_v3_think_false_v3_b1_pilot18,v3_social_signal_experiment_social_signal_v3_think_false_v3_b1_pilot18.csv,v3_social_signal,unknown,56612fec7d13,0.20,18,12,18,1.0,0.2777777777777778,0.4166666666666667,0.3333333333333333,0.356060606060606,0.2222222222222222,0.5,0.8,0.6153846153846154,8,2,72
v3_social_signal_experiment_social_signal_v3_think_false_v3_b1_pilot18,v3_social_signal_experiment_social_signal_v3_think_false_v3_b1_pilot18.csv,v3_social_signal,unknown,56612fec7d13,0.25,18,12,18,1.0,0.2777777777777778,0.4166666666666667,0.3333333333333333,0.356060606060606,0.2222222222222222,0.5,0.8,0.6153846153846154,8,2,72
v3_social_signal_experiment_social_signal_v3_think_false_v3_b1_pilot18,v3_social_signal_experiment_social_signal_v3_think_false_v3_b1_pilot18.csv,v3_social_signal,unknown,56612fec7d13,0.30,18,12,18,1.0,0.2777777777777778,0.4166666666666667,0.3333333333333333,0.356060606060606,0.2222222222222222,0.5,0.8,0.6153846153846154,8,2,72
v4_social_signal_experiment_v4_prompt_think_true_gemma4_26b_direct_core_targeted_v7_think_nojson_guard_ctx32768_tok4096_b1_pilot6,v4_social_signal_experiment_v4_prompt_think_true_gemma4_26b_direct_core_targeted_v7_think_nojson_guard_ctx32768_tok4096_b1_pilot6.csv,v4_social_signal,gemma4:26b,00f089ca4bb6,0.90,6,3,3,0.5,0.3333333333333333,0.3333333333333333,0.3333333333333333,0.3333333333333333,0.5,0.3333333333333333,0.5,0.4,2,1,72
v4_social_signal_experiment_v4_prompt_think_true_oldgold_qwen35_9b_direct_core_targeted_v7_think_nojson_guard2_ctx32768_tok8192_b1_pilot3,v4_social_signal_experiment_v4_prompt_think_true_oldgold_qwen35_9b_direct_core_targeted_v7_think_nojson_guard2_ctx32768_tok8192_b1_pilot3.csv,v4_social_signal,qwen35-9b,22569a72a9a2,default,3,3,3,1.0,0.3333333333333333,0.3333333333333333,0.3333333333333333,0.3333333333333333,0.5,1.0,0.5,0.6666666666666666,0,1,72
v4_social_signal_experiment_v4_prompt_think_true_oldgold_qwen35_9b_direct_core_targeted_v7_think_nojson_guard2_ctx32768_tok8192_b1_pilot3,v4_social_signal_experiment_v4_prompt_think_true_oldgold_qwen35_9b_direct_core_targeted_v7_think_nojson_guard2_ctx32768_tok8192_b1_pilot3.csv,v4_social_signal,qwen35-9b,22569a72a9a2,0.05,3,3,3,1.0,0.3333333333333333,0.3333333333333333,0.3333333333333333,0.3333333333333333,0.5,1.0,0.5,0.6666666666666666,0,1,72
v4_social_signal_experiment_v4_prompt_think_true_oldgold_qwen35_9b_direct_core_targeted_v7_think_nojson_guard2_ctx32768_tok8192_b1_pilot3,v4_social_signal_experiment_v4_prompt_think_true_oldgold_qwen35_9b_direct_core_targeted_v7_think_nojson_guard2_ctx32768_tok8192_b1_pilot3.csv,v4_social_signal,qwen35-9b,22569a72a9a2,0.10,3,3,3,1.0,0.3333333333333333,0.3333333333333333,0.3333333333333333,0.3333333333333333,0.5,1.0,0.5,0.6666666666666666,0,1,72
v4_social_signal_experiment_v4_prompt_think_true_oldgold_qwen35_9b_direct_core_targeted_v7_think_nojson_guard2_ctx32768_tok8192_b1_pilot3,v4_social_signal_experiment_v4_prompt_think_true_oldgold_qwen35_9b_direct_core_targeted_v7_think_nojson_guard2_ctx32768_tok8192_b1_pilot3.csv,v4_social_signal,qwen35-9b,22569a72a9a2,0.15,3,3,3,1.0,0.3333333333333333,0.3333333333333333,0.3333333333333333,0.3333333333333333,0.5,1.0,0.5,0.6666666666666666,0,1,72
v4_social_signal_experiment_v4_prompt_think_true_oldgold_qwen35_9b_direct_core_targeted_v7_think_nojson_guard2_ctx32768_tok8192_b1_pilot3,v4_social_signal_experiment_v4_prompt_think_true_oldgold_qwen35_9b_direct_core_targeted_v7_think_nojson_guard2_ctx32768_tok8192_b1_pilot3.csv,v4_social_signal,qwen35-9b,22569a72a9a2,0.20,3,3,3,1.0,0.3333333333333333,0.3333333333333333,0.3333333333333333,0.3333333333333333,0.5,1.0,0.5,0.6666666666666666,0,1,72
v4_social_signal_experiment_v4_prompt_think_true_oldgold_qwen35_9b_direct_core_targeted_v7_think_nojson_guard2_ctx32768_tok8192_b1_pilot3,v4_social_signal_experiment_v4_prompt_think_true_oldgold_qwen35_9b_direct_core_targeted_v7_think_nojson_guard2_ctx32768_tok8192_b1_pilot3.csv,v4_social_signal,qwen35-9b,22569a72a9a2,0.25,3,3,3,1.0,0.3333333333333333,0.3333333333333333,0.3333333333333333,0.3333333333333333,0.5,1.0,0.5,0.6666666666666666,0,1,72
v4_social_signal_experiment_v4_prompt_think_true_oldgold_qwen35_9b_direct_core_targeted_v7_think_nojson_guard2_ctx32768_tok8192_b1_pilot3,v4_social_signal_experiment_v4_prompt_think_true_oldgold_qwen35_9b_direct_core_targeted_v7_think_nojson_guard2_ctx32768_tok8192_b1_pilot3.csv,v4_social_signal,qwen35-9b,22569a72a9a2,0.30,3,3,3,1.0,0.3333333333333333,0.3333333333333333,0.3333333333333333,0.3333333333333333,0.5,1.0,0.5,0.6666666666666666,0,1,72
v4_social_signal_experiment_v4_prompt_think_true_oldgold_qwen35_9b_direct_core_targeted_v7_think_nojson_guard2_ctx32768_tok8192_b1_pilot3,v4_social_signal_experiment_v4_prompt_think_true_oldgold_qwen35_9b_direct_core_targeted_v7_think_nojson_guard2_ctx32768_tok8192_b1_pilot3.csv,v4_social_signal,qwen35-9b,22569a72a9a2,0.35,3,3,3,1.0,0.3333333333333333,0.3333333333333333,0.3333333333333333,0.3333333333333333,0.5,1.0,0.5,0.6666666666666666,0,1,72
v4_social_signal_experiment_v4_prompt_think_true_oldgold_qwen35_9b_direct_core_targeted_v7_think_nojson_guard2_ctx32768_tok8192_b1_pilot3,v4_social_signal_experiment_v4_prompt_think_true_oldgold_qwen35_9b_direct_core_targeted_v7_think_nojson_guard2_ctx32768_tok8192_b1_pilot3.csv,v4_social_signal,qwen35-9b,22569a72a9a2,0.40,3,3,3,1.0,0.3333333333333333,0.3333333333333333,0.3333333333333333,0.3333333333333333,0.5,1.0,0.5,0.6666666666666666,0,1,72
v4_social_signal_experiment_v4_prompt_think_true_oldgold_qwen35_9b_direct_core_targeted_v7_think_nojson_guard2_ctx32768_tok8192_b1_pilot3,v4_social_signal_experiment_v4_prompt_think_true_oldgold_qwen35_9b_direct_core_targeted_v7_think_nojson_guard2_ctx32768_tok8192_b1_pilot3.csv,v4_social_signal,qwen35-9b,22569a72a9a2,0.45,3,3,3,1.0,0.3333333333333333,0.3333333333333333,0.3333333333333333,0.3333333333333333,0.5,1.0,0.5,0.6666666666666666,0,1,72
v4_social_signal_experiment_v4_prompt_think_true_oldgold_qwen35_9b_direct_core_targeted_v7_think_nojson_guard2_ctx32768_tok8192_b1_pilot3,v4_social_signal_experiment_v4_prompt_think_true_oldgold_qwen35_9b_direct_core_targeted_v7_think_nojson_guard2_ctx32768_tok8192_b1_pilot3.csv,v4_social_signal,qwen35-9b,22569a72a9a2,0.50,3,3,3,1.0,0.3333333333333333,0.3333333333333333,0.3333333333333333,0.3333333333333333,0.5,1.0,0.5,0.6666666666666666,0,1,72
v4_social_signal_experiment_v4_prompt_think_true_oldgold_qwen35_9b_direct_core_targeted_v7_think_nojson_guard2_ctx32768_tok8192_b1_pilot3,v4_social_signal_experiment_v4_prompt_think_true_oldgold_qwen35_9b_direct_core_targeted_v7_think_nojson_guard2_ctx32768_tok8192_b1_pilot3.csv,v4_social_signal,qwen35-9b,22569a72a9a2,0.55,3,3,3,1.0,0.3333333333333333,0.3333333333333333,0.3333333333333333,0.3333333333333333,0.5,1.0,0.5,0.6666666666666666,0,1,72
v4_social_signal_experiment_v4_prompt_think_true_oldgold_qwen35_9b_direct_core_targeted_v7_think_nojson_guard2_ctx32768_tok8192_b1_pilot3,v4_social_signal_experiment_v4_prompt_think_true_oldgold_qwen35_9b_direct_core_targeted_v7_think_nojson_guard2_ctx32768_tok8192_b1_pilot3.csv,v4_social_signal,qwen35-9b,22569a72a9a2,0.60,3,3,3,1.0,0.3333333333333333,0.3333333333333333,0.3333333333333333,0.3333333333333333,0.5,1.0,0.5,0.6666666666666666,0,1,72
v4_social_signal_experiment_v4_prompt_think_true_oldgold_qwen35_9b_direct_core_targeted_v7_think_nojson_guard2_ctx32768_tok8192_b1_pilot3,v4_social_signal_experiment_v4_prompt_think_true_oldgold_qwen35_9b_direct_core_targeted_v7_think_nojson_guard2_ctx32768_tok8192_b1_pilot3.csv,v4_social_signal,qwen35-9b,22569a72a9a2,0.65,3,3,3,1.0,0.3333333333333333,0.3333333333333333,0.3333333333333333,0.3333333333333333,0.5,1.0,0.5,0.6666666666666666,0,1,72
v4_social_signal_experiment_v4_prompt_think_true_oldgold_qwen35_9b_direct_core_targeted_v7_think_nojson_guard2_ctx32768_tok8192_b1_pilot3,v4_social_signal_experiment_v4_prompt_think_true_oldgold_qwen35_9b_direct_core_targeted_v7_think_nojson_guard2_ctx32768_tok8192_b1_pilot3.csv,v4_social_signal,qwen35-9b,22569a72a9a2,0.70,3,3,3,1.0,0.3333333333333333,0.3333333333333333,0.3333333333333333,0.3333333333333333,0.5,1.0,0.5,0.6666666666666666,0,1,72
v4_social_signal_experiment_v4_prompt_think_true_oldgold_qwen35_9b_direct_core_targeted_v7_think_nojson_guard2_ctx32768_tok8192_b1_pilot3,v4_social_signal_experiment_v4_prompt_think_true_oldgold_qwen35_9b_direct_core_targeted_v7_think_nojson_guard2_ctx32768_tok8192_b1_pilot3.csv,v4_social_signal,qwen35-9b,22569a72a9a2,0.75,3,3,3,1.0,0.3333333333333333,0.3333333333333333,0.3333333333333333,0.3333333333333333,0.5,1.0,0.5,0.6666666666666666,0,1,72
v4_social_signal_experiment_v4_prompt_think_true_oldgold_qwen35_9b_direct_core_targeted_v7_think_nojson_guard2_ctx32768_tok8192_b1_pilot3,v4_social_signal_experiment_v4_prompt_think_true_oldgold_qwen35_9b_direct_core_targeted_v7_think_nojson_guard2_ctx32768_tok8192_b1_pilot3.csv,v4_social_signal,qwen35-9b,22569a72a9a2,0.80,3,3,3,1.0,0.3333333333333333,0.3333333333333333,0.3333333333333333,0.3333333333333333,0.5,1.0,0.5,0.6666666666666666,0,1,72
v4_social_signal_experiment_v4_prompt_think_true_oldgold_gemma4_26b_direct_core_targeted_v7_think_nojson_guard2_ctx32768_tok8192_b1_pilot30,v4_social_signal_experiment_v4_prompt_think_true_oldgold_gemma4_26b_direct_core_targeted_v7_think_nojson_guard2_ctx32768_tok8192_b1_pilot30.csv,v4_social_signal,gemma4:26b,a72b2da2ccaf,0.90,30,22,14,0.4666666666666667,0.42857142857142855,0.2727272727272727,0.3333333333333333,0.24285714285714285,0.5055555555555555,0.9166666666666666,0.5789473684210527,0.7096774193548387,1,8,0
v3_social_signal_experiment_social_signal_v3_think_true_v3_b1_search237_think,v3_social_signal_experiment_social_signal_v3_think_true_v3_b1_search237_think.csv,v3_social_signal,unknown,10088fd15039,0.65,237,252,66,0.27848101265822783,0.803030303030303,0.21031746031746032,0.3333333333333333,0.2546623335994851,0.3987341772151899,0.9545454545454546,0.34615384615384615,0.5080645161290323,3,119,0
v3_social_signal_experiment_social_signal_v3_think_true_v3_b1_search237_think,v3_social_signal_experiment_social_signal_v3_think_true_v3_b1_search237_think.csv,v3_social_signal,unknown,10088fd15039,0.70,237,252,66,0.27848101265822783,0.803030303030303,0.21031746031746032,0.3333333333333333,0.2546623335994851,0.3987341772151899,0.9545454545454546,0.34615384615384615,0.5080645161290323,3,119,0
v4_social_signal_experiment_v4_prompt_think_false_v4full965_qwen36_35b_iq4_social_signal_v9_f1_balanced_nothink_json_ctx32768_tok16384_b2.partial,v4_social_signal_experiment_v4_prompt_think_false_v4full965_qwen36_35b_iq4_social_signal_v9_f1_balanced_nothink_json_ctx32768_tok16384_b2.partial.csv,v4_social_signal,qwen3.6-35b:iq4,a1314553cd3e,0.95,8,5,1,0.125,1.0,0.2,0.3333333333333333,0.2,0.7083333333333333,1.0,0.3333333333333333,0.5,0,2,0
grouped_event_v1_search_think_true,grouped_event_v1_search_think_true.csv,grouped_event,unknown,f9983b73e7df,0.05,300,307,636,2.12,0.2468553459119497,0.511400651465798,0.3329798515376458,0.26745063845395906,0.35703174603174603,0.8091286307053942,0.8590308370044053,0.8333333333333334,46,32,0
grouped_event_v1_search_think_true,grouped_event_v1_search_think_true.csv,grouped_event,unknown,f9983b73e7df,0.10,300,307,636,2.12,0.2468553459119497,0.511400651465798,0.3329798515376458,0.26745063845395906,0.35703174603174603,0.8091286307053942,0.8590308370044053,0.8333333333333334,46,32,0
grouped_event_v1_search_think_true,grouped_event_v1_search_think_true.csv,grouped_event,unknown,f9983b73e7df,0.15,300,307,636,2.12,0.2468553459119497,0.511400651465798,0.3329798515376458,0.26745063845395906,0.35703174603174603,0.8091286307053942,0.8590308370044053,0.8333333333333334,46,32,0
grouped_event_v1_search_think_true,grouped_event_v1_search_think_true.csv,grouped_event,unknown,f9983b73e7df,0.20,300,307,636,2.12,0.2468553459119497,0.511400651465798,0.3329798515376458,0.26745063845395906,0.35703174603174603,0.8091286307053942,0.8590308370044053,0.8333333333333334,46,32,0
grouped_event_v1_search_think_true,grouped_event_v1_search_think_true.csv,grouped_event,unknown,f9983b73e7df,0.25,300,307,636,2.12,0.2468553459119497,0.511400651465798,0.3329798515376458,0.26745063845395906,0.35703174603174603,0.8091286307053942,0.8590308370044053,0.8333333333333334,46,32,0
grouped_event_v1_search_think_true,grouped_event_v1_search_think_true.csv,grouped_event,unknown,f9983b73e7df,0.30,300,307,636,2.12,0.2468553459119497,0.511400651465798,0.3329798515376458,0.26745063845395906,0.35703174603174603,0.8091286307053942,0.8590308370044053,0.8333333333333334,46,32,0
v4_social_signal_experiment_v4_prompt_think_false_compact_b1_ctx16k_search237.partial,v4_social_signal_experiment_v4_prompt_think_false_compact_b1_ctx16k_search237.partial.csv,v4_social_signal,unknown,235a3367ad2e,0.55,21,13,18,0.8571428571428571,0.2777777777777778,0.38461538461538464,0.3225806451612903,0.3696969696969697,0.44444444444444436,0.6666666666666666,0.9090909090909091,0.7692307692307693,5,1,0
grouped_event_v1_search_think_true,grouped_event_v1_search_think_true.csv,grouped_event,unknown,f9983b73e7df,default,300,307,140,0.4666666666666667,0.5142857142857142,0.23452768729641693,0.3221476510067114,0.23971033844219736,0.3883333333333333,0.9361702127659575,0.3876651982378855,0.5482866043613707,6,139,0
v4_social_signal_experiment_v4_prompt_think_false_compact_b1_ctx16k_search237.partial,v4_social_signal_experiment_v4_prompt_think_false_compact_b1_ctx16k_search237.partial.csv,v4_social_signal,unknown,235a3367ad2e,0.65,21,13,12,0.5714285714285714,0.3333333333333333,0.3076923076923077,0.32,0.3333333333333333,0.492063492063492,0.7272727272727273,0.7272727272727273,0.7272727272727273,3,3,0
v4_social_signal_experiment_v4_prompt_think_true_v4pilot60_gemma4_26b_social_signal_v9_f1_balanced_think_nojson_guard2_ctx32768_tok8192_b1,v4_social_signal_experiment_v4_prompt_think_true_v4pilot60_gemma4_26b_social_signal_v9_f1_balanced_think_nojson_guard2_ctx32768_tok8192_b1.csv,v4_social_signal,gemma4:26b,78d98a686ffa,0.95,41,37,8,0.1951219512195122,0.875,0.1891891891891892,0.3111111111111111,0.24397130647130646,0.4227642276422764,0.875,0.2413793103448276,0.3783783783783784,1,22,216
v4_social_signal_experiment_v4_prompt_think_false_compact_b1_ctx16k_search237.partial,v4_social_signal_experiment_v4_prompt_think_false_compact_b1_ctx16k_search237.partial.csv,v4_social_signal,unknown,235a3367ad2e,0.60,21,13,13,0.6190476190476191,0.3076923076923077,0.3076923076923077,0.3076923076923077,0.3333333333333333,0.492063492063492,0.7272727272727273,0.7272727272727273,0.7272727272727273,3,3,0
v4_social_signal_experiment_v4_prompt_think_false_compact_b1_ctx16k_pilot18,v4_social_signal_experiment_v4_prompt_think_false_compact_b1_ctx16k_pilot18.csv,v4_social_signal,unknown,81ecc52c462c,0.70,18,12,8,0.4444444444444444,0.375,0.25,0.3,0.2424242424242424,0.537037037037037,0.8571428571428571,0.6,0.7058823529411765,1,4,0
v4_social_signal_experiment_v4_prompt_think_false_compact_b1_ctx16k_pilot18,v4_social_signal_experiment_v4_prompt_think_false_compact_b1_ctx16k_pilot18.csv,v4_social_signal,unknown,81ecc52c462c,0.75,18,12,8,0.4444444444444444,0.375,0.25,0.3,0.2424242424242424,0.537037037037037,0.8571428571428571,0.6,0.7058823529411765,1,4,0
v4_social_signal_experiment_v4_prompt_think_true_gemma4_e4b_direct_brief_thinking_think_ctx16384_tok16384_n237,v4_social_signal_experiment_v4_prompt_think_true_gemma4_e4b_direct_brief_thinking_think_ctx16384_tok16384_n237.csv,v4_social_signal,gemma4:e4b,fb55dcc495b1,0.90,237,225,73,0.3080168776371308,0.6027397260273972,0.19555555555555557,0.2953020134228188,0.16042396286664024,0.4064697609001407,0.8695652173913043,0.35714285714285715,0.5063291139240507,9,108,180
v4_social_signal_experiment_v4_prompt_think_false_compact_b1_ctx16k_text6k_pilot18,v4_social_signal_experiment_v4_prompt_think_false_compact_b1_ctx16k_text6k_pilot18.csv,v4_social_signal,unknown,1a1e7d7835ae,default,18,12,22,1.2222222222222223,0.22727272727272727,0.4166666666666667,0.29411764705882354,0.3696969696969697,0.2685185185185185,0.5625,0.9,0.6923076923076923,7,1,0
v4_social_signal_experiment_v4_prompt_think_false_compact_b1_ctx16k_text6k_pilot18,v4_social_signal_experiment_v4_prompt_think_false_compact_b1_ctx16k_text6k_pilot18.csv,v4_social_signal,unknown,1a1e7d7835ae,0.05,18,12,22,1.2222222222222223,0.22727272727272727,0.4166666666666667,0.29411764705882354,0.3696969696969697,0.2685185185185185,0.5625,0.9,0.6923076923076923,7,1,0
v4_social_signal_experiment_v4_prompt_think_false_compact_b1_ctx16k_text6k_pilot18,v4_social_signal_experiment_v4_prompt_think_false_compact_b1_ctx16k_text6k_pilot18.csv,v4_social_signal,unknown,1a1e7d7835ae,0.10,18,12,22,1.2222222222222223,0.22727272727272727,0.4166666666666667,0.29411764705882354,0.3696969696969697,0.2685185185185185,0.5625,0.9,0.6923076923076923,7,1,0
v4_social_signal_experiment_v4_prompt_think_false_compact_b1_ctx16k_text6k_pilot18,v4_social_signal_experiment_v4_prompt_think_false_compact_b1_ctx16k_text6k_pilot18.csv,v4_social_signal,unknown,1a1e7d7835ae,0.15,18,12,22,1.2222222222222223,0.22727272727272727,0.4166666666666667,0.29411764705882354,0.3696969696969697,0.2685185185185185,0.5625,0.9,0.6923076923076923,7,1,0
v4_social_signal_experiment_v4_prompt_think_false_compact_b1_ctx16k_text6k_pilot18,v4_social_signal_experiment_v4_prompt_think_false_compact_b1_ctx16k_text6k_pilot18.csv,v4_social_signal,unknown,1a1e7d7835ae,0.20,18,12,22,1.2222222222222223,0.22727272727272727,0.4166666666666667,0.29411764705882354,0.3696969696969697,0.2685185185185185,0.5625,0.9,0.6923076923076923,7,1,0
v4_social_signal_experiment_v4_prompt_think_false_compact_b1_ctx16k_text6k_pilot18,v4_social_signal_experiment_v4_prompt_think_false_compact_b1_ctx16k_text6k_pilot18.csv,v4_social_signal,unknown,1a1e7d7835ae,0.25,18,12,22,1.2222222222222223,0.22727272727272727,0.4166666666666667,0.29411764705882354,0.3696969696969697,0.2685185185185185,0.5625,0.9,0.6923076923076923,7,1,0
v4_social_signal_experiment_v4_prompt_think_false_compact_b1_ctx16k_text6k_pilot18,v4_social_signal_experiment_v4_prompt_think_false_compact_b1_ctx16k_text6k_pilot18.csv,v4_social_signal,unknown,1a1e7d7835ae,0.30,18,12,22,1.2222222222222223,0.22727272727272727,0.4166666666666667,0.29411764705882354,0.3696969696969697,0.2685185185185185,0.5625,0.9,0.6923076923076923,7,1,0
v4_social_signal_experiment_v4_prompt_think_false_compact_b1_ctx16k_text6k_pilot18,v4_social_signal_experiment_v4_prompt_think_false_compact_b1_ctx16k_text6k_pilot18.csv,v4_social_signal,unknown,1a1e7d7835ae,0.65,18,12,9,0.5,0.3333333333333333,0.25,0.2857142857142857,0.2424242424242424,0.4629629629629629,0.75,0.6,0.6666666666666666,2,4,0
v4_social_signal_experiment_v4_prompt_think_false_compact_b1_ctx16k_search237.partial,v4_social_signal_experiment_v4_prompt_think_false_compact_b1_ctx16k_search237.partial.csv,v4_social_signal,unknown,235a3367ad2e,0.75,21,13,8,0.38095238095238093,0.375,0.23076923076923078,0.2857142857142857,0.2424242424242424,0.5555555555555556,0.8571428571428571,0.5454545454545454,0.6666666666666666,1,5,0
v4_social_signal_experiment_v4_prompt_think_true_gemma4_e4b_direct_core_recall_v2_think_ctx16384_tok16384_n237,v4_social_signal_experiment_v4_prompt_think_true_gemma4_e4b_direct_core_recall_v2_think_ctx16384_tok16384_n237.csv,v4_social_signal,gemma4:e4b,22095752ccad,0.95,237,225,41,0.1729957805907173,0.926829268292683,0.1688888888888889,0.2857142857142857,0.08968137254901962,0.4282700421940928,0.975609756097561,0.23809523809523808,0.3827751196172249,1,128,72
manual_dataset_llm_predictions_gemma4-e2b_social-risk-classification-v1_5df03950348d_033f6fd8763b,manual_dataset_llm_predictions_gemma4-e2b_social-risk-classification-v1_5df03950348d_033f6fd8763b.csv,other,gemma4:e2b,c7e7526ea7fe,0.05,1000,915,526,0.526,0.38783269961977185,0.22295081967213115,0.28313671061762663,0.15982652955033114,0.36706666666666665,0.8333333333333334,0.5724137931034483,0.678659035159444,83,310,0
manual_dataset_llm_predictions_gemma4-e2b_social-risk-classification-v1_5df03950348d_033f6fd8763b,manual_dataset_llm_predictions_gemma4-e2b_social-risk-classification-v1_5df03950348d_033f6fd8763b.csv,other,gemma4:e2b,c7e7526ea7fe,0.10,1000,915,526,0.526,0.38783269961977185,0.22295081967213115,0.28313671061762663,0.15982652955033114,0.36706666666666665,0.8333333333333334,0.5724137931034483,0.678659035159444,83,310,0
manual_dataset_llm_predictions_gemma4-e2b_social-risk-classification-v1_5df03950348d_033f6fd8763b,manual_dataset_llm_predictions_gemma4-e2b_social-risk-classification-v1_5df03950348d_033f6fd8763b.csv,other,gemma4:e2b,c7e7526ea7fe,0.15,1000,915,526,0.526,0.38783269961977185,0.22295081967213115,0.28313671061762663,0.15982652955033114,0.36706666666666665,0.8333333333333334,0.5724137931034483,0.678659035159444,83,310,0
manual_dataset_llm_predictions_gemma4-e2b_social-risk-classification-v1_5df03950348d_033f6fd8763b,manual_dataset_llm_predictions_gemma4-e2b_social-risk-classification-v1_5df03950348d_033f6fd8763b.csv,other,gemma4:e2b,c7e7526ea7fe,0.20,1000,915,526,0.526,0.38783269961977185,0.22295081967213115,0.28313671061762663,0.15982652955033114,0.36706666666666665,0.8333333333333334,0.5724137931034483,0.678659035159444,83,310,0
manual_dataset_llm_predictions_gemma4-e2b_social-risk-classification-v1_5df03950348d_033f6fd8763b,manual_dataset_llm_predictions_gemma4-e2b_social-risk-classification-v1_5df03950348d_033f6fd8763b.csv,other,gemma4:e2b,c7e7526ea7fe,0.25,1000,915,526,0.526,0.38783269961977185,0.22295081967213115,0.28313671061762663,0.15982652955033114,0.36706666666666665,0.8333333333333334,0.5724137931034483,0.678659035159444,83,310,0
manual_dataset_llm_predictions_gemma4-e2b_social-risk-classification-v1_5df03950348d_033f6fd8763b,manual_dataset_llm_predictions_gemma4-e2b_social-risk-classification-v1_5df03950348d_033f6fd8763b.csv,other,gemma4:e2b,c7e7526ea7fe,0.30,1000,915,526,0.526,0.38783269961977185,0.22295081967213115,0.28313671061762663,0.15982652955033114,0.36706666666666665,0.8333333333333334,0.5724137931034483,0.678659035159444,83,310,0
prompt_search_full_production_v1_gemma4-e2b_5df03950348d_b6a2d2f27b85,prompt_search_full_production_v1_gemma4-e2b_5df03950348d_b6a2d2f27b85.csv,prompt_search,gemma4:e2b,c7e7526ea7fe,0.05,1000,915,526,0.526,0.38783269961977185,0.22295081967213115,0.28313671061762663,0.15982652955033114,0.36706666666666665,0.8333333333333334,0.5724137931034483,0.678659035159444,83,310,0
prompt_search_full_production_v1_gemma4-e2b_5df03950348d_b6a2d2f27b85,prompt_search_full_production_v1_gemma4-e2b_5df03950348d_b6a2d2f27b85.csv,prompt_search,gemma4:e2b,c7e7526ea7fe,0.10,1000,915,526,0.526,0.38783269961977185,0.22295081967213115,0.28313671061762663,0.15982652955033114,0.36706666666666665,0.8333333333333334,0.5724137931034483,0.678659035159444,83,310,0
prompt_search_full_production_v1_gemma4-e2b_5df03950348d_b6a2d2f27b85,prompt_search_full_production_v1_gemma4-e2b_5df03950348d_b6a2d2f27b85.csv,prompt_search,gemma4:e2b,c7e7526ea7fe,0.15,1000,915,526,0.526,0.38783269961977185,0.22295081967213115,0.28313671061762663,0.15982652955033114,0.36706666666666665,0.8333333333333334,0.5724137931034483,0.678659035159444,83,310,0
prompt_search_full_production_v1_gemma4-e2b_5df03950348d_b6a2d2f27b85,prompt_search_full_production_v1_gemma4-e2b_5df03950348d_b6a2d2f27b85.csv,prompt_search,gemma4:e2b,c7e7526ea7fe,0.20,1000,915,526,0.526,0.38783269961977185,0.22295081967213115,0.28313671061762663,0.15982652955033114,0.36706666666666665,0.8333333333333334,0.5724137931034483,0.678659035159444,83,310,0
prompt_search_full_production_v1_gemma4-e2b_5df03950348d_b6a2d2f27b85,prompt_search_full_production_v1_gemma4-e2b_5df03950348d_b6a2d2f27b85.csv,prompt_search,gemma4:e2b,c7e7526ea7fe,0.25,1000,915,526,0.526,0.38783269961977185,0.22295081967213115,0.28313671061762663,0.15982652955033114,0.36706666666666665,0.8333333333333334,0.5724137931034483,0.678659035159444,83,310,0
prompt_search_full_production_v1_gemma4-e2b_5df03950348d_b6a2d2f27b85,prompt_search_full_production_v1_gemma4-e2b_5df03950348d_b6a2d2f27b85.csv,prompt_search,gemma4:e2b,c7e7526ea7fe,0.30,1000,915,526,0.526,0.38783269961977185,0.22295081967213115,0.28313671061762663,0.15982652955033114,0.36706666666666665,0.8333333333333334,0.5724137931034483,0.678659035159444,83,310,0
prompt_search_search_hard_negative_v2_gemma4-e2b_5df03950348d_1a35bcd28344,prompt_search_search_hard_negative_v2_gemma4-e2b_5df03950348d_1a35bcd28344.csv,prompt_search,gemma4:e2b,fb490b3a6ce7,0.25,300,307,76,0.25333333333333335,0.7105263157894737,0.1758957654723127,0.2819843342036554,0.20164426884739498,0.3872222222222222,0.9861111111111112,0.31277533039647576,0.47491638795986624,1,156,0
prompt_search_search_hard_negative_v2_gemma4-e2b_5df03950348d_1a35bcd28344,prompt_search_search_hard_negative_v2_gemma4-e2b_5df03950348d_1a35bcd28344.csv,prompt_search,gemma4:e2b,fb490b3a6ce7,0.30,300,307,76,0.25333333333333335,0.7105263157894737,0.1758957654723127,0.2819843342036554,0.20164426884739498,0.3872222222222222,0.9861111111111112,0.31277533039647576,0.47491638795986624,1,156,0
prompt_search_search_hard_negative_v2_gemma4-e2b_5df03950348d_1a35bcd28344,prompt_search_search_hard_negative_v2_gemma4-e2b_5df03950348d_1a35bcd28344.csv,prompt_search,gemma4:e2b,fb490b3a6ce7,0.35,300,307,76,0.25333333333333335,0.7105263157894737,0.1758957654723127,0.2819843342036554,0.20164426884739498,0.3872222222222222,0.9861111111111112,0.31277533039647576,0.47491638795986624,1,156,0
prompt_search_search_hard_negative_v2_gemma4-e2b_5df03950348d_1a35bcd28344,prompt_search_search_hard_negative_v2_gemma4-e2b_5df03950348d_1a35bcd28344.csv,prompt_search,gemma4:e2b,fb490b3a6ce7,0.40,300,307,76,0.25333333333333335,0.7105263157894737,0.1758957654723127,0.2819843342036554,0.20164426884739498,0.3872222222222222,0.9861111111111112,0.31277533039647576,0.47491638795986624,1,156,0
prompt_search_search_hard_negative_v2_gemma4-e2b_5df03950348d_1a35bcd28344,prompt_search_search_hard_negative_v2_gemma4-e2b_5df03950348d_1a35bcd28344.csv,prompt_search,gemma4:e2b,fb490b3a6ce7,0.45,300,307,76,0.25333333333333335,0.7105263157894737,0.1758957654723127,0.2819843342036554,0.20164426884739498,0.3872222222222222,0.9861111111111112,0.31277533039647576,0.47491638795986624,1,156,0
prompt_search_search_hard_negative_v2_gemma4-e2b_5df03950348d_1a35bcd28344,prompt_search_search_hard_negative_v2_gemma4-e2b_5df03950348d_1a35bcd28344.csv,prompt_search,gemma4:e2b,fb490b3a6ce7,0.50,300,307,76,0.25333333333333335,0.7105263157894737,0.1758957654723127,0.2819843342036554,0.20164426884739498,0.3872222222222222,0.9861111111111112,0.31277533039647576,0.47491638795986624,1,156,0
v4_social_signal_experiment_v4_prompt_think_false_v4full965_gemma4_26b_social_signal_v9_f1_balanced_nothink_json_ctx32768_tok16384_b2,v4_social_signal_experiment_v4_prompt_think_false_v4full965_gemma4_26b_social_signal_v9_f1_balanced_nothink_json_ctx32768_tok16384_b2.csv,v4_social_signal,gemma4:26b,b76e73e5362e,0.95,706,691,126,0.17847025495750707,0.9126984126984127,0.16642547033285093,0.28151774785801714,0.17481095634683588,0.3708687440982058,0.9758064516129032,0.22407407407407406,0.3644578313253012,3,419,0
prompt_search_search_hard_negative_v2_gemma4-e2b_5df03950348d_1a35bcd28344,prompt_search_search_hard_negative_v2_gemma4-e2b_5df03950348d_1a35bcd28344.csv,prompt_search,gemma4:e2b,fb490b3a6ce7,0.05,300,307,77,0.25666666666666665,0.7012987012987013,0.1758957654723127,0.28125,0.20079175392838391,0.3872222222222222,0.9863013698630136,0.31718061674008813,0.48,1,155,0
prompt_search_search_hard_negative_v2_gemma4-e2b_5df03950348d_1a35bcd28344,prompt_search_search_hard_negative_v2_gemma4-e2b_5df03950348d_1a35bcd28344.csv,prompt_search,gemma4:e2b,fb490b3a6ce7,0.10,300,307,77,0.25666666666666665,0.7012987012987013,0.1758957654723127,0.28125,0.20079175392838391,0.3872222222222222,0.9863013698630136,0.31718061674008813,0.48,1,155,0
prompt_search_search_hard_negative_v2_gemma4-e2b_5df03950348d_1a35bcd28344,prompt_search_search_hard_negative_v2_gemma4-e2b_5df03950348d_1a35bcd28344.csv,prompt_search,gemma4:e2b,fb490b3a6ce7,0.15,300,307,77,0.25666666666666665,0.7012987012987013,0.1758957654723127,0.28125,0.20079175392838391,0.3872222222222222,0.9863013698630136,0.31718061674008813,0.48,1,155,0
prompt_search_search_hard_negative_v2_gemma4-e2b_5df03950348d_1a35bcd28344,prompt_search_search_hard_negative_v2_gemma4-e2b_5df03950348d_1a35bcd28344.csv,prompt_search,gemma4:e2b,fb490b3a6ce7,0.20,300,307,77,0.25666666666666665,0.7012987012987013,0.1758957654723127,0.28125,0.20079175392838391,0.3872222222222222,0.9863013698630136,0.31718061674008813,0.48,1,155,0
v4_social_signal_experiment_v4_prompt_think_false_v4pilot60_qwen35_9b_social_signal_v9_f1_balanced_nothink_json_ctx32768_tok16384_b2,v4_social_signal_experiment_v4_prompt_think_false_v4pilot60_qwen35_9b_social_signal_v9_f1_balanced_nothink_json_ctx32768_tok16384_b2.csv,v4_social_signal,qwen35-9b,e9d7fb0bdbab,0.95,41,37,6,0.14634146341463414,1.0,0.16216216216216217,0.27906976744186046,0.1517094017094017,0.4308943089430894,1.0,0.20689655172413793,0.34285714285714286,0,23,0
prompt_search_search_production_v1_gemma4-e2b_5df03950348d_b6a2d2f27b85,prompt_search_search_production_v1_gemma4-e2b_5df03950348d_b6a2d2f27b85.csv,prompt_search,gemma4:e2b,1966ab98167c,0.05,300,307,161,0.5366666666666666,0.40372670807453415,0.21172638436482086,0.2777777777777778,0.18012304009838906,0.35466666666666663,0.8807947019867549,0.5859030837004405,0.7037037037037037,18,94,0
prompt_search_search_production_v1_gemma4-e2b_5df03950348d_b6a2d2f27b85,prompt_search_search_production_v1_gemma4-e2b_5df03950348d_b6a2d2f27b85.csv,prompt_search,gemma4:e2b,1966ab98167c,0.10,300,307,161,0.5366666666666666,0.40372670807453415,0.21172638436482086,0.2777777777777778,0.18012304009838906,0.35466666666666663,0.8807947019867549,0.5859030837004405,0.7037037037037037,18,94,0
prompt_search_search_production_v1_gemma4-e2b_5df03950348d_b6a2d2f27b85,prompt_search_search_production_v1_gemma4-e2b_5df03950348d_b6a2d2f27b85.csv,prompt_search,gemma4:e2b,1966ab98167c,0.15,300,307,161,0.5366666666666666,0.40372670807453415,0.21172638436482086,0.2777777777777778,0.18012304009838906,0.35466666666666663,0.8807947019867549,0.5859030837004405,0.7037037037037037,18,94,0
prompt_search_search_production_v1_gemma4-e2b_5df03950348d_b6a2d2f27b85,prompt_search_search_production_v1_gemma4-e2b_5df03950348d_b6a2d2f27b85.csv,prompt_search,gemma4:e2b,1966ab98167c,0.20,300,307,161,0.5366666666666666,0.40372670807453415,0.21172638436482086,0.2777777777777778,0.18012304009838906,0.35466666666666663,0.8807947019867549,0.5859030837004405,0.7037037037037037,18,94,0
prompt_search_search_production_v1_gemma4-e2b_5df03950348d_b6a2d2f27b85,prompt_search_search_production_v1_gemma4-e2b_5df03950348d_b6a2d2f27b85.csv,prompt_search,gemma4:e2b,1966ab98167c,0.25,300,307,161,0.5366666666666666,0.40372670807453415,0.21172638436482086,0.2777777777777778,0.18012304009838906,0.35466666666666663,0.8807947019867549,0.5859030837004405,0.7037037037037037,18,94,0
prompt_search_search_production_v1_gemma4-e2b_5df03950348d_b6a2d2f27b85,prompt_search_search_production_v1_gemma4-e2b_5df03950348d_b6a2d2f27b85.csv,prompt_search,gemma4:e2b,1966ab98167c,0.30,300,307,161,0.5366666666666666,0.40372670807453415,0.21172638436482086,0.2777777777777778,0.18012304009838906,0.35466666666666663,0.8807947019867549,0.5859030837004405,0.7037037037037037,18,94,0
v3_social_signal_experiment_social_signal_v5_think_true_oldgold_gemma4_26b_ctx32768_tok8192_b1_pilot30_social_signal_v5_think_nojson_guard2.partial,v3_social_signal_experiment_social_signal_v5_think_true_oldgold_gemma4_26b_ctx32768_tok8192_b1_pilot30_social_signal_v5_think_nojson_guard2.partial.csv,v3_social_signal,gemma4:26b,ac323fa2adba,default,10,7,22,2.2,0.18181818181818182,0.5714285714285714,0.27586206896551724,0.47619047619047616,0.22333333333333333,0.5555555555555556,0.8333333333333334,0.6666666666666666,4,1,36
v3_social_signal_experiment_social_signal_v5_think_true_oldgold_gemma4_26b_ctx32768_tok8192_b1_pilot30_social_signal_v5_think_nojson_guard2.partial,v3_social_signal_experiment_social_signal_v5_think_true_oldgold_gemma4_26b_ctx32768_tok8192_b1_pilot30_social_signal_v5_think_nojson_guard2.partial.csv,v3_social_signal,gemma4:26b,ac323fa2adba,0.05,10,7,22,2.2,0.18181818181818182,0.5714285714285714,0.27586206896551724,0.47619047619047616,0.22333333333333333,0.5555555555555556,0.8333333333333334,0.6666666666666666,4,1,36
v3_social_signal_experiment_social_signal_v5_think_true_oldgold_gemma4_26b_ctx32768_tok8192_b1_pilot30_social_signal_v5_think_nojson_guard2.partial,v3_social_signal_experiment_social_signal_v5_think_true_oldgold_gemma4_26b_ctx32768_tok8192_b1_pilot30_social_signal_v5_think_nojson_guard2.partial.csv,v3_social_signal,gemma4:26b,ac323fa2adba,0.10,10,7,22,2.2,0.18181818181818182,0.5714285714285714,0.27586206896551724,0.47619047619047616,0.22333333333333333,0.5555555555555556,0.8333333333333334,0.6666666666666666,4,1,36
v3_social_signal_experiment_social_signal_v5_think_true_oldgold_gemma4_26b_ctx32768_tok8192_b1_pilot30_social_signal_v5_think_nojson_guard2.partial,v3_social_signal_experiment_social_signal_v5_think_true_oldgold_gemma4_26b_ctx32768_tok8192_b1_pilot30_social_signal_v5_think_nojson_guard2.partial.csv,v3_social_signal,gemma4:26b,ac323fa2adba,0.15,10,7,22,2.2,0.18181818181818182,0.5714285714285714,0.27586206896551724,0.47619047619047616,0.22333333333333333,0.5555555555555556,0.8333333333333334,0.6666666666666666,4,1,36
v3_social_signal_experiment_social_signal_v5_think_true_oldgold_gemma4_26b_ctx32768_tok8192_b1_pilot30_social_signal_v5_think_nojson_guard2.partial,v3_social_signal_experiment_social_signal_v5_think_true_oldgold_gemma4_26b_ctx32768_tok8192_b1_pilot30_social_signal_v5_think_nojson_guard2.partial.csv,v3_social_signal,gemma4:26b,ac323fa2adba,0.20,10,7,22,2.2,0.18181818181818182,0.5714285714285714,0.27586206896551724,0.47619047619047616,0.22333333333333333,0.5555555555555556,0.8333333333333334,0.6666666666666666,4,1,36
v3_social_signal_experiment_social_signal_v5_think_true_oldgold_gemma4_26b_ctx32768_tok8192_b1_pilot30_social_signal_v5_think_nojson_guard2.partial,v3_social_signal_experiment_social_signal_v5_think_true_oldgold_gemma4_26b_ctx32768_tok8192_b1_pilot30_social_signal_v5_think_nojson_guard2.partial.csv,v3_social_signal,gemma4:26b,ac323fa2adba,0.25,10,7,22,2.2,0.18181818181818182,0.5714285714285714,0.27586206896551724,0.47619047619047616,0.22333333333333333,0.5555555555555556,0.8333333333333334,0.6666666666666666,4,1,36
v3_social_signal_experiment_social_signal_v5_think_true_oldgold_gemma4_26b_ctx32768_tok8192_b1_pilot30_social_signal_v5_think_nojson_guard2.partial,v3_social_signal_experiment_social_signal_v5_think_true_oldgold_gemma4_26b_ctx32768_tok8192_b1_pilot30_social_signal_v5_think_nojson_guard2.partial.csv,v3_social_signal,gemma4:26b,ac323fa2adba,0.30,10,7,22,2.2,0.18181818181818182,0.5714285714285714,0.27586206896551724,0.47619047619047616,0.22333333333333333,0.5555555555555556,0.8333333333333334,0.6666666666666666,4,1,36
v4_social_signal_experiment_v4_prompt_think_false_compact_b1_ctx16k_text6k_pilot18,v4_social_signal_experiment_v4_prompt_think_false_compact_b1_ctx16k_text6k_pilot18.csv,v4_social_signal,unknown,1a1e7d7835ae,0.60,18,12,10,0.5555555555555556,0.3,0.25,0.2727272727272727,0.2424242424242424,0.4629629629629629,0.75,0.6,0.6666666666666666,2,4,0
v4_social_signal_experiment_v4_prompt_think_false_compact_b1_ctx16k_search237.partial,v4_social_signal_experiment_v4_prompt_think_false_compact_b1_ctx16k_search237.partial.csv,v4_social_signal,unknown,235a3367ad2e,0.70,21,13,9,0.42857142857142855,0.3333333333333333,0.23076923076923078,0.2727272727272727,0.2424242424242424,0.5079365079365079,0.75,0.5454545454545454,0.631578947368421,2,5,0
prompt_search_search_hard_negative_v2_gemma4-e2b_5df03950348d_1a35bcd28344,prompt_search_search_hard_negative_v2_gemma4-e2b_5df03950348d_1a35bcd28344.csv,prompt_search,gemma4:e2b,fb490b3a6ce7,0.55,300,307,68,0.22666666666666666,0.75,0.16612377850162866,0.272,0.1965568189322166,0.38166666666666665,1.0,0.28634361233480177,0.4452054794520548,0,162,0
prompt_search_search_hard_negative_v2_gemma4-e2b_5df03950348d_1a35bcd28344,prompt_search_search_hard_negative_v2_gemma4-e2b_5df03950348d_1a35bcd28344.csv,prompt_search,gemma4:e2b,fb490b3a6ce7,0.60,300,307,68,0.22666666666666666,0.75,0.16612377850162866,0.272,0.1965568189322166,0.38166666666666665,1.0,0.28634361233480177,0.4452054794520548,0,162,0
prompt_search_search_hard_negative_v2_gemma4-e2b_5df03950348d_1a35bcd28344,prompt_search_search_hard_negative_v2_gemma4-e2b_5df03950348d_1a35bcd28344.csv,prompt_search,gemma4:e2b,fb490b3a6ce7,0.65,300,307,68,0.22666666666666666,0.75,0.16612377850162866,0.272,0.1965568189322166,0.38166666666666665,1.0,0.28634361233480177,0.4452054794520548,0,162,0
prompt_search_search_hard_negative_v2_gemma4-e2b_5df03950348d_1a35bcd28344,prompt_search_search_hard_negative_v2_gemma4-e2b_5df03950348d_1a35bcd28344.csv,prompt_search,gemma4:e2b,fb490b3a6ce7,0.70,300,307,68,0.22666666666666666,0.75,0.16612377850162866,0.272,0.1965568189322166,0.38166666666666665,1.0,0.28634361233480177,0.4452054794520548,0,162,0
prompt_search_search_hard_negative_v2_gemma4-e2b_5df03950348d_1a35bcd28344,prompt_search_search_hard_negative_v2_gemma4-e2b_5df03950348d_1a35bcd28344.csv,prompt_search,gemma4:e2b,fb490b3a6ce7,0.75,300,307,68,0.22666666666666666,0.75,0.16612377850162866,0.272,0.1965568189322166,0.38166666666666665,1.0,0.28634361233480177,0.4452054794520548,0,162,0
prompt_search_search_hard_negative_v2_gemma4-e2b_5df03950348d_1a35bcd28344,prompt_search_search_hard_negative_v2_gemma4-e2b_5df03950348d_1a35bcd28344.csv,prompt_search,gemma4:e2b,fb490b3a6ce7,0.80,300,307,68,0.22666666666666666,0.75,0.16612377850162866,0.272,0.1965568189322166,0.38166666666666665,1.0,0.28634361233480177,0.4452054794520548,0,162,0
prompt_search_search_hard_negative_v2_gemma4-e2b_5df03950348d_1a35bcd28344,prompt_search_search_hard_negative_v2_gemma4-e2b_5df03950348d_1a35bcd28344.csv,prompt_search,gemma4:e2b,fb490b3a6ce7,0.85,300,307,68,0.22666666666666666,0.75,0.16612377850162866,0.272,0.1965568189322166,0.38166666666666665,1.0,0.28634361233480177,0.4452054794520548,0,162,0
prompt_search_search_hard_negative_v2_gemma4-e2b_5df03950348d_1a35bcd28344,prompt_search_search_hard_negative_v2_gemma4-e2b_5df03950348d_1a35bcd28344.csv,prompt_search,gemma4:e2b,fb490b3a6ce7,0.90,300,307,68,0.22666666666666666,0.75,0.16612377850162866,0.272,0.1965568189322166,0.38166666666666665,1.0,0.28634361233480177,0.4452054794520548,0,162,0
prompt_search_search_hard_negative_v2_gemma4-e2b_5df03950348d_1a35bcd28344,prompt_search_search_hard_negative_v2_gemma4-e2b_5df03950348d_1a35bcd28344.csv,prompt_search,gemma4:e2b,fb490b3a6ce7,0.95,300,307,68,0.22666666666666666,0.75,0.16612377850162866,0.272,0.1965568189322166,0.38166666666666665,1.0,0.28634361233480177,0.4452054794520548,0,162,0
v4_social_signal_experiment_v4_prompt_think_false_gemma4_26b_ctx32k_tok8k_b1_search237,v4_social_signal_experiment_v4_prompt_think_false_gemma4_26b_ctx32k_tok8k_b1_search237.csv,v4_social_signal,gemma4:26b,c1902992d91d,0.90,237,252,46,0.1940928270042194,0.8695652173913043,0.15873015873015872,0.2684563758389262,0.26034641137615966,0.36146272855133615,1.0,0.23076923076923078,0.375,0,140,0
v4_social_signal_experiment_v4_prompt_think_true_gemma4_e2b_direct_core_recall_v2_think_ctx16384_tok16384_n237,v4_social_signal_experiment_v4_prompt_think_true_gemma4_e2b_direct_core_recall_v2_think_ctx16384_tok16384_n237.csv,v4_social_signal,gemma4:e2b,c8807482784f,0.90,237,225,42,0.17721518987341772,0.8333333333333334,0.15555555555555556,0.26217228464419473,0.1382125434714949,0.40998593530239097,0.9512195121951219,0.23214285714285715,0.37320574162679426,2,129,360
v4_social_signal_experiment_v4_prompt_think_false_gemma4_26b_ctx32k_tok8k_b1_search237,v4_social_signal_experiment_v4_prompt_think_false_gemma4_26b_ctx32k_tok8k_b1_search237.csv,v4_social_signal,gemma4:26b,c1902992d91d,0.95,237,252,43,0.18143459915611815,0.8837209302325582,0.15079365079365079,0.2576271186440678,0.2544236761493458,0.35724331926863573,1.0,0.22527472527472528,0.36771300448430494,0,141,0
v4_social_signal_experiment_v4_prompt_think_false_v4full965_qwen36_35b_iq4_social_signal_v9_f1_balanced_nothink_json_ctx16384_tok8192_b4.partial,v4_social_signal_experiment_v4_prompt_think_false_v4full965_qwen36_35b_iq4_social_signal_v9_f1_balanced_nothink_json_ctx16384_tok8192_b4.partial.csv,v4_social_signal,qwen3.6-35b:iq4,979e3824848e,default,4,1,7,1.75,0.14285714285714285,1.0,0.25,1.0,0.125,0.25,1.0,0.4,3,0,0
v4_social_signal_experiment_v4_prompt_think_false_v4full965_qwen36_35b_iq4_social_signal_v9_f1_balanced_nothink_json_ctx16384_tok8192_b4.partial,v4_social_signal_experiment_v4_prompt_think_false_v4full965_qwen36_35b_iq4_social_signal_v9_f1_balanced_nothink_json_ctx16384_tok8192_b4.partial.csv,v4_social_signal,qwen3.6-35b:iq4,979e3824848e,0.05,4,1,7,1.75,0.14285714285714285,1.0,0.25,1.0,0.125,0.25,1.0,0.4,3,0,0
v4_social_signal_experiment_v4_prompt_think_false_v4full965_qwen36_35b_iq4_social_signal_v9_f1_balanced_nothink_json_ctx16384_tok8192_b4.partial,v4_social_signal_experiment_v4_prompt_think_false_v4full965_qwen36_35b_iq4_social_signal_v9_f1_balanced_nothink_json_ctx16384_tok8192_b4.partial.csv,v4_social_signal,qwen3.6-35b:iq4,979e3824848e,0.10,4,1,7,1.75,0.14285714285714285,1.0,0.25,1.0,0.125,0.25,1.0,0.4,3,0,0
v4_social_signal_experiment_v4_prompt_think_false_v4full965_qwen36_35b_iq4_social_signal_v9_f1_balanced_nothink_json_ctx16384_tok8192_b4.partial,v4_social_signal_experiment_v4_prompt_think_false_v4full965_qwen36_35b_iq4_social_signal_v9_f1_balanced_nothink_json_ctx16384_tok8192_b4.partial.csv,v4_social_signal,qwen3.6-35b:iq4,979e3824848e,0.15,4,1,7,1.75,0.14285714285714285,1.0,0.25,1.0,0.125,0.25,1.0,0.4,3,0,0
v4_social_signal_experiment_v4_prompt_think_false_v4full965_qwen36_35b_iq4_social_signal_v9_f1_balanced_nothink_json_ctx16384_tok8192_b4.partial,v4_social_signal_experiment_v4_prompt_think_false_v4full965_qwen36_35b_iq4_social_signal_v9_f1_balanced_nothink_json_ctx16384_tok8192_b4.partial.csv,v4_social_signal,qwen3.6-35b:iq4,979e3824848e,0.20,4,1,7,1.75,0.14285714285714285,1.0,0.25,1.0,0.125,0.25,1.0,0.4,3,0,0
v4_social_signal_experiment_v4_prompt_think_false_v4full965_qwen36_35b_iq4_social_signal_v9_f1_balanced_nothink_json_ctx16384_tok8192_b4.partial,v4_social_signal_experiment_v4_prompt_think_false_v4full965_qwen36_35b_iq4_social_signal_v9_f1_balanced_nothink_json_ctx16384_tok8192_b4.partial.csv,v4_social_signal,qwen3.6-35b:iq4,979e3824848e,0.25,4,1,7,1.75,0.14285714285714285,1.0,0.25,1.0,0.125,0.25,1.0,0.4,3,0,0
v4_social_signal_experiment_v4_prompt_think_false_v4full965_qwen36_35b_iq4_social_signal_v9_f1_balanced_nothink_json_ctx16384_tok8192_b4.partial,v4_social_signal_experiment_v4_prompt_think_false_v4full965_qwen36_35b_iq4_social_signal_v9_f1_balanced_nothink_json_ctx16384_tok8192_b4.partial.csv,v4_social_signal,qwen3.6-35b:iq4,979e3824848e,0.30,4,1,7,1.75,0.14285714285714285,1.0,0.25,1.0,0.125,0.25,1.0,0.4,3,0,0
v4_social_signal_experiment_v4_prompt_think_false_v4full965_qwen36_35b_iq4_social_signal_v9_f1_balanced_nothink_json_ctx16384_tok8192_b4.partial,v4_social_signal_experiment_v4_prompt_think_false_v4full965_qwen36_35b_iq4_social_signal_v9_f1_balanced_nothink_json_ctx16384_tok8192_b4.partial.csv,v4_social_signal,qwen3.6-35b:iq4,979e3824848e,0.35,4,1,7,1.75,0.14285714285714285,1.0,0.25,1.0,0.125,0.25,1.0,0.4,3,0,0
v4_social_signal_experiment_v4_prompt_think_false_v4full965_qwen36_35b_iq4_social_signal_v9_f1_balanced_nothink_json_ctx16384_tok8192_b4.partial,v4_social_signal_experiment_v4_prompt_think_false_v4full965_qwen36_35b_iq4_social_signal_v9_f1_balanced_nothink_json_ctx16384_tok8192_b4.partial.csv,v4_social_signal,qwen3.6-35b:iq4,979e3824848e,0.40,4,1,7,1.75,0.14285714285714285,1.0,0.25,1.0,0.125,0.25,1.0,0.4,3,0,0
v4_social_signal_experiment_v4_prompt_think_false_v4full965_qwen36_35b_iq4_social_signal_v9_f1_balanced_nothink_json_ctx16384_tok8192_b4.partial,v4_social_signal_experiment_v4_prompt_think_false_v4full965_qwen36_35b_iq4_social_signal_v9_f1_balanced_nothink_json_ctx16384_tok8192_b4.partial.csv,v4_social_signal,qwen3.6-35b:iq4,979e3824848e,0.45,4,1,7,1.75,0.14285714285714285,1.0,0.25,1.0,0.125,0.25,1.0,0.4,3,0,0
v4_social_signal_experiment_v4_prompt_think_false_v4full965_qwen36_35b_iq4_social_signal_v9_f1_balanced_nothink_json_ctx16384_tok8192_b4.partial,v4_social_signal_experiment_v4_prompt_think_false_v4full965_qwen36_35b_iq4_social_signal_v9_f1_balanced_nothink_json_ctx16384_tok8192_b4.partial.csv,v4_social_signal,qwen3.6-35b:iq4,979e3824848e,0.50,4,1,7,1.75,0.14285714285714285,1.0,0.25,1.0,0.125,0.25,1.0,0.4,3,0,0
v4_social_signal_experiment_v4_prompt_think_false_v4full965_qwen36_35b_iq4_social_signal_v9_f1_balanced_nothink_json_ctx16384_tok8192_b4.partial,v4_social_signal_experiment_v4_prompt_think_false_v4full965_qwen36_35b_iq4_social_signal_v9_f1_balanced_nothink_json_ctx16384_tok8192_b4.partial.csv,v4_social_signal,qwen3.6-35b:iq4,979e3824848e,0.55,4,1,7,1.75,0.14285714285714285,1.0,0.25,1.0,0.125,0.25,1.0,0.4,3,0,0
v4_social_signal_experiment_v4_prompt_think_false_v4full965_qwen36_35b_iq4_social_signal_v9_f1_balanced_nothink_json_ctx16384_tok8192_b4.partial,v4_social_signal_experiment_v4_prompt_think_false_v4full965_qwen36_35b_iq4_social_signal_v9_f1_balanced_nothink_json_ctx16384_tok8192_b4.partial.csv,v4_social_signal,qwen3.6-35b:iq4,979e3824848e,0.60,4,1,7,1.75,0.14285714285714285,1.0,0.25,1.0,0.125,0.25,1.0,0.4,3,0,0
v4_social_signal_experiment_v4_prompt_think_false_v4full965_qwen36_35b_iq4_social_signal_v9_f1_balanced_nothink_json_ctx16384_tok8192_b4.partial,v4_social_signal_experiment_v4_prompt_think_false_v4full965_qwen36_35b_iq4_social_signal_v9_f1_balanced_nothink_json_ctx16384_tok8192_b4.partial.csv,v4_social_signal,qwen3.6-35b:iq4,979e3824848e,0.65,4,1,7,1.75,0.14285714285714285,1.0,0.25,1.0,0.125,0.25,1.0,0.4,3,0,0
v4_social_signal_experiment_v4_prompt_think_true_gemma4_26b_direct_core_targeted_v7_think_nojson_guard_ctx32768_tok4096_b1_pilot6,v4_social_signal_experiment_v4_prompt_think_true_gemma4_26b_direct_core_targeted_v7_think_nojson_guard_ctx32768_tok4096_b1_pilot6.csv,v4_social_signal,gemma4:26b,00f089ca4bb6,0.85,6,3,5,0.8333333333333334,0.2,0.3333333333333333,0.25,0.3333333333333333,0.3333333333333333,0.25,0.5,0.3333333333333333,3,1,72
v3_social_signal_experiment_social_signal_v5_think_true_oldgold_gemma4_26b_ctx32768_tok8192_b1_pilot3_social_signal_v5_think_nojson_guard2,v3_social_signal_experiment_social_signal_v5_think_true_oldgold_gemma4_26b_ctx32768_tok8192_b1_pilot3_social_signal_v5_think_nojson_guard2.csv,v3_social_signal,gemma4:26b,c9b86bed5aa3,0.35,3,3,5,1.6666666666666667,0.2,0.3333333333333333,0.25,0.3333333333333333,0.16666666666666666,0.6666666666666666,1.0,0.8,1,0,0
v3_social_signal_experiment_social_signal_v5_think_true_oldgold_gemma4_26b_ctx32768_tok8192_b1_pilot3_social_signal_v5_think_nojson_guard2,v3_social_signal_experiment_social_signal_v5_think_true_oldgold_gemma4_26b_ctx32768_tok8192_b1_pilot3_social_signal_v5_think_nojson_guard2.csv,v3_social_signal,gemma4:26b,c9b86bed5aa3,0.40,3,3,5,1.6666666666666667,0.2,0.3333333333333333,0.25,0.3333333333333333,0.16666666666666666,0.6666666666666666,1.0,0.8,1,0,0
v3_social_signal_experiment_social_signal_v5_think_true_oldgold_gemma4_26b_ctx32768_tok8192_b1_pilot3_social_signal_v5_think_nojson_guard2,v3_social_signal_experiment_social_signal_v5_think_true_oldgold_gemma4_26b_ctx32768_tok8192_b1_pilot3_social_signal_v5_think_nojson_guard2.csv,v3_social_signal,gemma4:26b,c9b86bed5aa3,0.45,3,3,5,1.6666666666666667,0.2,0.3333333333333333,0.25,0.3333333333333333,0.16666666666666666,0.6666666666666666,1.0,0.8,1,0,0
v3_social_signal_experiment_social_signal_v5_think_true_oldgold_gemma4_26b_ctx32768_tok8192_b1_pilot3_social_signal_v5_think_nojson_guard2,v3_social_signal_experiment_social_signal_v5_think_true_oldgold_gemma4_26b_ctx32768_tok8192_b1_pilot3_social_signal_v5_think_nojson_guard2.csv,v3_social_signal,gemma4:26b,c9b86bed5aa3,0.50,3,3,5,1.6666666666666667,0.2,0.3333333333333333,0.25,0.3333333333333333,0.16666666666666666,0.6666666666666666,1.0,0.8,1,0,0
v3_social_signal_experiment_social_signal_v5_think_true_oldgold_gemma4_26b_ctx32768_tok8192_b1_pilot3_social_signal_v5_think_nojson_guard2,v3_social_signal_experiment_social_signal_v5_think_true_oldgold_gemma4_26b_ctx32768_tok8192_b1_pilot3_social_signal_v5_think_nojson_guard2.csv,v3_social_signal,gemma4:26b,c9b86bed5aa3,0.55,3,3,5,1.6666666666666667,0.2,0.3333333333333333,0.25,0.3333333333333333,0.16666666666666666,0.6666666666666666,1.0,0.8,1,0,0
v3_social_signal_experiment_social_signal_v5_think_true_oldgold_gemma4_26b_ctx32768_tok8192_b1_pilot3_social_signal_v5_think_nojson_guard2,v3_social_signal_experiment_social_signal_v5_think_true_oldgold_gemma4_26b_ctx32768_tok8192_b1_pilot3_social_signal_v5_think_nojson_guard2.csv,v3_social_signal,gemma4:26b,c9b86bed5aa3,0.60,3,3,5,1.6666666666666667,0.2,0.3333333333333333,0.25,0.3333333333333333,0.16666666666666666,0.6666666666666666,1.0,0.8,1,0,0
v4_social_signal_experiment_v4_prompt_think_false_compact_b1_search237,v4_social_signal_experiment_v4_prompt_think_false_compact_b1_search237.csv,v4_social_signal,unknown,4bcda0daa7f2,0.90,237,252,42,0.17721518987341772,0.8571428571428571,0.14285714285714285,0.24489795918367346,0.220277307233829,0.3466947960618847,1.0,0.2032967032967033,0.3378995433789954,0,145,0
prompt_search_search_production_v1_gemma4-e2b_5df03950348d_b6a2d2f27b85,prompt_search_search_production_v1_gemma4-e2b_5df03950348d_b6a2d2f27b85.csv,prompt_search,gemma4:e2b,1966ab98167c,0.35,300,307,87,0.29,0.5517241379310345,0.1563517915309446,0.2436548223350254,0.17474558317735361,0.35388888888888886,0.9529411764705882,0.3568281938325991,0.5192307692307693,4,146,0
prompt_search_search_production_v1_gemma4-e2b_5df03950348d_b6a2d2f27b85,prompt_search_search_production_v1_gemma4-e2b_5df03950348d_b6a2d2f27b85.csv,prompt_search,gemma4:e2b,1966ab98167c,0.40,300,307,87,0.29,0.5517241379310345,0.1563517915309446,0.2436548223350254,0.17474558317735361,0.35388888888888886,0.9529411764705882,0.3568281938325991,0.5192307692307693,4,146,0
prompt_search_search_production_v1_gemma4-e2b_5df03950348d_b6a2d2f27b85,prompt_search_search_production_v1_gemma4-e2b_5df03950348d_b6a2d2f27b85.csv,prompt_search,gemma4:e2b,1966ab98167c,0.45,300,307,87,0.29,0.5517241379310345,0.1563517915309446,0.2436548223350254,0.17474558317735361,0.35388888888888886,0.9529411764705882,0.3568281938325991,0.5192307692307693,4,146,0
prompt_search_search_production_v1_gemma4-e2b_5df03950348d_b6a2d2f27b85,prompt_search_search_production_v1_gemma4-e2b_5df03950348d_b6a2d2f27b85.csv,prompt_search,gemma4:e2b,1966ab98167c,0.50,300,307,87,0.29,0.5517241379310345,0.1563517915309446,0.2436548223350254,0.17474558317735361,0.35388888888888886,0.9529411764705882,0.3568281938325991,0.5192307692307693,4,146,0
prompt_search_search_production_v1_gemma4-e2b_5df03950348d_b6a2d2f27b85,prompt_search_search_production_v1_gemma4-e2b_5df03950348d_b6a2d2f27b85.csv,prompt_search,gemma4:e2b,1966ab98167c,0.55,300,307,87,0.29,0.5517241379310345,0.1563517915309446,0.2436548223350254,0.17474558317735361,0.35388888888888886,0.9529411764705882,0.3568281938325991,0.5192307692307693,4,146,0
prompt_search_search_production_v1_gemma4-e2b_5df03950348d_b6a2d2f27b85,prompt_search_search_production_v1_gemma4-e2b_5df03950348d_b6a2d2f27b85.csv,prompt_search,gemma4:e2b,1966ab98167c,0.60,300,307,87,0.29,0.5517241379310345,0.1563517915309446,0.2436548223350254,0.17474558317735361,0.35388888888888886,0.9529411764705882,0.3568281938325991,0.5192307692307693,4,146,0
manual_dataset_llm_predictions_gemma4-e2b_social-risk-classification-v1_5df03950348d_033f6fd8763b,manual_dataset_llm_predictions_gemma4-e2b_social-risk-classification-v1_5df03950348d_033f6fd8763b.csv,other,gemma4:e2b,c7e7526ea7fe,default,1000,915,319,0.319,0.4702194357366771,0.16393442622950818,0.24311183144246354,0.14971118617148418,0.3678333333333333,0.8863636363636364,0.37655172413793103,0.5285575992255567,35,452,0
prompt_search_full_production_v1_gemma4-e2b_5df03950348d_b6a2d2f27b85,prompt_search_full_production_v1_gemma4-e2b_5df03950348d_b6a2d2f27b85.csv,prompt_search,gemma4:e2b,c7e7526ea7fe,default,1000,915,319,0.319,0.4702194357366771,0.16393442622950818,0.24311183144246354,0.14971118617148418,0.3678333333333333,0.8863636363636364,0.37655172413793103,0.5285575992255567,35,452,0
manual_dataset_llm_predictions_gemma4-e2b_social-risk-classification-v1_5df03950348d_033f6fd8763b,manual_dataset_llm_predictions_gemma4-e2b_social-risk-classification-v1_5df03950348d_033f6fd8763b.csv,other,gemma4:e2b,c7e7526ea7fe,0.35,1000,915,287,0.287,0.5087108013937283,0.15956284153005465,0.24292845257903495,0.15154977893397184,0.37066666666666664,0.8992805755395683,0.3448275862068966,0.4985044865403789,28,475,0
manual_dataset_llm_predictions_gemma4-e2b_social-risk-classification-v1_5df03950348d_033f6fd8763b,manual_dataset_llm_predictions_gemma4-e2b_social-risk-classification-v1_5df03950348d_033f6fd8763b.csv,other,gemma4:e2b,c7e7526ea7fe,0.40,1000,915,287,0.287,0.5087108013937283,0.15956284153005465,0.24292845257903495,0.15154977893397184,0.37066666666666664,0.8992805755395683,0.3448275862068966,0.4985044865403789,28,475,0
manual_dataset_llm_predictions_gemma4-e2b_social-risk-classification-v1_5df03950348d_033f6fd8763b,manual_dataset_llm_predictions_gemma4-e2b_social-risk-classification-v1_5df03950348d_033f6fd8763b.csv,other,gemma4:e2b,c7e7526ea7fe,0.45,1000,915,287,0.287,0.5087108013937283,0.15956284153005465,0.24292845257903495,0.15154977893397184,0.37066666666666664,0.8992805755395683,0.3448275862068966,0.4985044865403789,28,475,0
manual_dataset_llm_predictions_gemma4-e2b_social-risk-classification-v1_5df03950348d_033f6fd8763b,manual_dataset_llm_predictions_gemma4-e2b_social-risk-classification-v1_5df03950348d_033f6fd8763b.csv,other,gemma4:e2b,c7e7526ea7fe,0.50,1000,915,287,0.287,0.5087108013937283,0.15956284153005465,0.24292845257903495,0.15154977893397184,0.37066666666666664,0.8992805755395683,0.3448275862068966,0.4985044865403789,28,475,0
manual_dataset_llm_predictions_gemma4-e2b_social-risk-classification-v1_5df03950348d_033f6fd8763b,manual_dataset_llm_predictions_gemma4-e2b_social-risk-classification-v1_5df03950348d_033f6fd8763b.csv,other,gemma4:e2b,c7e7526ea7fe,0.55,1000,915,287,0.287,0.5087108013937283,0.15956284153005465,0.24292845257903495,0.15154977893397184,0.37066666666666664,0.8992805755395683,0.3448275862068966,0.4985044865403789,28,475,0
manual_dataset_llm_predictions_gemma4-e2b_social-risk-classification-v1_5df03950348d_033f6fd8763b,manual_dataset_llm_predictions_gemma4-e2b_social-risk-classification-v1_5df03950348d_033f6fd8763b.csv,other,gemma4:e2b,c7e7526ea7fe,0.60,1000,915,287,0.287,0.5087108013937283,0.15956284153005465,0.24292845257903495,0.15154977893397184,0.37066666666666664,0.8992805755395683,0.3448275862068966,0.4985044865403789,28,475,0
prompt_search_full_production_v1_gemma4-e2b_5df03950348d_b6a2d2f27b85,prompt_search_full_production_v1_gemma4-e2b_5df03950348d_b6a2d2f27b85.csv,prompt_search,gemma4:e2b,c7e7526ea7fe,0.35,1000,915,287,0.287,0.5087108013937283,0.15956284153005465,0.24292845257903495,0.15154977893397184,0.37066666666666664,0.8992805755395683,0.3448275862068966,0.4985044865403789,28,475,0
prompt_search_full_production_v1_gemma4-e2b_5df03950348d_b6a2d2f27b85,prompt_search_full_production_v1_gemma4-e2b_5df03950348d_b6a2d2f27b85.csv,prompt_search,gemma4:e2b,c7e7526ea7fe,0.40,1000,915,287,0.287,0.5087108013937283,0.15956284153005465,0.24292845257903495,0.15154977893397184,0.37066666666666664,0.8992805755395683,0.3448275862068966,0.4985044865403789,28,475,0
prompt_search_full_production_v1_gemma4-e2b_5df03950348d_b6a2d2f27b85,prompt_search_full_production_v1_gemma4-e2b_5df03950348d_b6a2d2f27b85.csv,prompt_search,gemma4:e2b,c7e7526ea7fe,0.45,1000,915,287,0.287,0.5087108013937283,0.15956284153005465,0.24292845257903495,0.15154977893397184,0.37066666666666664,0.8992805755395683,0.3448275862068966,0.4985044865403789,28,475,0
prompt_search_full_production_v1_gemma4-e2b_5df03950348d_b6a2d2f27b85,prompt_search_full_production_v1_gemma4-e2b_5df03950348d_b6a2d2f27b85.csv,prompt_search,gemma4:e2b,c7e7526ea7fe,0.50,1000,915,287,0.287,0.5087108013937283,0.15956284153005465,0.24292845257903495,0.15154977893397184,0.37066666666666664,0.8992805755395683,0.3448275862068966,0.4985044865403789,28,475,0
prompt_search_full_production_v1_gemma4-e2b_5df03950348d_b6a2d2f27b85,prompt_search_full_production_v1_gemma4-e2b_5df03950348d_b6a2d2f27b85.csv,prompt_search,gemma4:e2b,c7e7526ea7fe,0.55,1000,915,287,0.287,0.5087108013937283,0.15956284153005465,0.24292845257903495,0.15154977893397184,0.37066666666666664,0.8992805755395683,0.3448275862068966,0.4985044865403789,28,475,0
prompt_search_full_production_v1_gemma4-e2b_5df03950348d_b6a2d2f27b85,prompt_search_full_production_v1_gemma4-e2b_5df03950348d_b6a2d2f27b85.csv,prompt_search,gemma4:e2b,c7e7526ea7fe,0.60,1000,915,287,0.287,0.5087108013937283,0.15956284153005465,0.24292845257903495,0.15154977893397184,0.37066666666666664,0.8992805755395683,0.3448275862068966,0.4985044865403789,28,475,0
v3_social_signal_experiment_social_signal_v1_think_false,v3_social_signal_experiment_social_signal_v1_think_false.csv,v3_social_signal,unknown,489b91865994,default,18,12,13,0.7222222222222222,0.23076923076923078,0.25,0.24,0.2424242424242424,0.2962962962962963,0.5454545454545454,0.6,0.5714285714285714,5,4,252
v3_social_signal_experiment_social_signal_v1_think_false,v3_social_signal_experiment_social_signal_v1_think_false.csv,v3_social_signal,unknown,489b91865994,0.05,18,12,13,0.7222222222222222,0.23076923076923078,0.25,0.24,0.2424242424242424,0.2962962962962963,0.5454545454545454,0.6,0.5714285714285714,5,4,252
v3_social_signal_experiment_social_signal_v1_think_false,v3_social_signal_experiment_social_signal_v1_think_false.csv,v3_social_signal,unknown,489b91865994,0.10,18,12,13,0.7222222222222222,0.23076923076923078,0.25,0.24,0.2424242424242424,0.2962962962962963,0.5454545454545454,0.6,0.5714285714285714,5,4,252
v3_social_signal_experiment_social_signal_v1_think_false,v3_social_signal_experiment_social_signal_v1_think_false.csv,v3_social_signal,unknown,489b91865994,0.15,18,12,13,0.7222222222222222,0.23076923076923078,0.25,0.24,0.2424242424242424,0.2962962962962963,0.5454545454545454,0.6,0.5714285714285714,5,4,252
v3_social_signal_experiment_social_signal_v1_think_false,v3_social_signal_experiment_social_signal_v1_think_false.csv,v3_social_signal,unknown,489b91865994,0.20,18,12,13,0.7222222222222222,0.23076923076923078,0.25,0.24,0.2424242424242424,0.2962962962962963,0.5454545454545454,0.6,0.5714285714285714,5,4,252
v3_social_signal_experiment_social_signal_v1_think_false,v3_social_signal_experiment_social_signal_v1_think_false.csv,v3_social_signal,unknown,489b91865994,0.25,18,12,13,0.7222222222222222,0.23076923076923078,0.25,0.24,0.2424242424242424,0.2962962962962963,0.5454545454545454,0.6,0.5714285714285714,5,4,252
v3_social_signal_experiment_social_signal_v1_think_false,v3_social_signal_experiment_social_signal_v1_think_false.csv,v3_social_signal,unknown,489b91865994,0.30,18,12,13,0.7222222222222222,0.23076923076923078,0.25,0.24,0.2424242424242424,0.2962962962962963,0.5454545454545454,0.6,0.5714285714285714,5,4,252
v3_social_signal_experiment_social_signal_v1_think_false_b1_pilot18,v3_social_signal_experiment_social_signal_v1_think_false_b1_pilot18.csv,v3_social_signal,unknown,3e5061e368e4,default,18,12,13,0.7222222222222222,0.23076923076923078,0.25,0.24,0.2424242424242424,0.2962962962962963,0.5454545454545454,0.6,0.5714285714285714,5,4,252
v3_social_signal_experiment_social_signal_v1_think_false_b1_pilot18,v3_social_signal_experiment_social_signal_v1_think_false_b1_pilot18.csv,v3_social_signal,unknown,3e5061e368e4,0.05,18,12,13,0.7222222222222222,0.23076923076923078,0.25,0.24,0.2424242424242424,0.2962962962962963,0.5454545454545454,0.6,0.5714285714285714,5,4,252
v3_social_signal_experiment_social_signal_v1_think_false_b1_pilot18,v3_social_signal_experiment_social_signal_v1_think_false_b1_pilot18.csv,v3_social_signal,unknown,3e5061e368e4,0.10,18,12,13,0.7222222222222222,0.23076923076923078,0.25,0.24,0.2424242424242424,0.2962962962962963,0.5454545454545454,0.6,0.5714285714285714,5,4,252
v3_social_signal_experiment_social_signal_v1_think_false_b1_pilot18,v3_social_signal_experiment_social_signal_v1_think_false_b1_pilot18.csv,v3_social_signal,unknown,3e5061e368e4,0.15,18,12,13,0.7222222222222222,0.23076923076923078,0.25,0.24,0.2424242424242424,0.2962962962962963,0.5454545454545454,0.6,0.5714285714285714,5,4,252
v3_social_signal_experiment_social_signal_v1_think_false_b1_pilot18,v3_social_signal_experiment_social_signal_v1_think_false_b1_pilot18.csv,v3_social_signal,unknown,3e5061e368e4,0.20,18,12,13,0.7222222222222222,0.23076923076923078,0.25,0.24,0.2424242424242424,0.2962962962962963,0.5454545454545454,0.6,0.5714285714285714,5,4,252
v3_social_signal_experiment_social_signal_v1_think_false_b1_pilot18,v3_social_signal_experiment_social_signal_v1_think_false_b1_pilot18.csv,v3_social_signal,unknown,3e5061e368e4,0.25,18,12,13,0.7222222222222222,0.23076923076923078,0.25,0.24,0.2424242424242424,0.2962962962962963,0.5454545454545454,0.6,0.5714285714285714,5,4,252
v3_social_signal_experiment_social_signal_v1_think_false_b1_pilot18,v3_social_signal_experiment_social_signal_v1_think_false_b1_pilot18.csv,v3_social_signal,unknown,3e5061e368e4,0.30,18,12,13,0.7222222222222222,0.23076923076923078,0.25,0.24,0.2424242424242424,0.2962962962962963,0.5454545454545454,0.6,0.5714285714285714,5,4,252
v4_social_signal_experiment_v4_prompt_think_true_oldgold_gemma4_26b_direct_core_targeted_v7_think_nojson_guard2_ctx32768_tok8192_b1_pilot30,v4_social_signal_experiment_v4_prompt_think_true_oldgold_gemma4_26b_direct_core_targeted_v7_think_nojson_guard2_ctx32768_tok8192_b1_pilot30.csv,v4_social_signal,gemma4:26b,a72b2da2ccaf,0.95,30,22,3,0.1,1.0,0.13636363636363635,0.24,0.1285714285714286,0.4666666666666667,1.0,0.15789473684210525,0.2727272727272727,0,16,0
v4_social_signal_experiment_v4_prompt_think_false_compact_b1_ctx16k_pilot18,v4_social_signal_experiment_v4_prompt_think_false_compact_b1_ctx16k_pilot18.csv,v4_social_signal,unknown,81ecc52c462c,0.80,18,12,5,0.2777777777777778,0.4,0.16666666666666666,0.23529411764705882,0.18181818181818182,0.5,0.8,0.4,0.5333333333333333,1,6,0
v4_social_signal_experiment_v4_prompt_think_false_compact_b1_ctx16k_pilot18,v4_social_signal_experiment_v4_prompt_think_false_compact_b1_ctx16k_pilot18.csv,v4_social_signal,unknown,81ecc52c462c,0.85,18,12,5,0.2777777777777778,0.4,0.16666666666666666,0.23529411764705882,0.18181818181818182,0.5,0.8,0.4,0.5333333333333333,1,6,0
prompt_search_search_production_v1_gemma4-e2b_5df03950348d_b6a2d2f27b85,prompt_search_search_production_v1_gemma4-e2b_5df03950348d_b6a2d2f27b85.csv,prompt_search,gemma4:e2b,1966ab98167c,default,300,307,99,0.33,0.47474747474747475,0.15309446254071662,0.2315270935960591,0.16770664784158038,0.34222222222222226,0.9270833333333334,0.3920704845814978,0.5510835913312694,7,138,0
v4_social_signal_experiment_v4_prompt_think_false_compact_b1_search237,v4_social_signal_experiment_v4_prompt_think_false_compact_b1_search237.csv,v4_social_signal,unknown,4bcda0daa7f2,0.95,237,252,37,0.15611814345991562,0.8918918918918919,0.13095238095238096,0.22837370242214533,0.1758328627893845,0.3438818565400844,1.0,0.2032967032967033,0.3378995433789954,0,145,0
thinking_recall_experiment_recall_max_v1_think_true,thinking_recall_experiment_recall_max_v1_think_true.csv,thinking_recall,unknown,84e7d519ea4f,0.65,300,307,48,0.16,0.8333333333333334,0.13029315960912052,0.22535211267605634,0.10440418149856114,0.35444444444444445,1.0,0.21145374449339208,0.3490909090909091,0,179,0
thinking_recall_experiment_recall_max_v1_think_true,thinking_recall_experiment_recall_max_v1_think_true.csv,thinking_recall,unknown,84e7d519ea4f,0.70,300,307,48,0.16,0.8333333333333334,0.13029315960912052,0.22535211267605634,0.10440418149856114,0.35444444444444445,1.0,0.21145374449339208,0.3490909090909091,0,179,0
thinking_recall_experiment_recall_max_v1_think_true,thinking_recall_experiment_recall_max_v1_think_true.csv,thinking_recall,unknown,84e7d519ea4f,0.75,300,307,48,0.16,0.8333333333333334,0.13029315960912052,0.22535211267605634,0.10440418149856114,0.35444444444444445,1.0,0.21145374449339208,0.3490909090909091,0,179,0
thinking_recall_experiment_recall_max_v1_think_true,thinking_recall_experiment_recall_max_v1_think_true.csv,thinking_recall,unknown,84e7d519ea4f,0.80,300,307,48,0.16,0.8333333333333334,0.13029315960912052,0.22535211267605634,0.10440418149856114,0.35444444444444445,1.0,0.21145374449339208,0.3490909090909091,0,179,0
thinking_recall_experiment_recall_max_v1_think_true,thinking_recall_experiment_recall_max_v1_think_true.csv,thinking_recall,unknown,84e7d519ea4f,0.85,300,307,48,0.16,0.8333333333333334,0.13029315960912052,0.22535211267605634,0.10440418149856114,0.35444444444444445,1.0,0.21145374449339208,0.3490909090909091,0,179,0
thinking_recall_experiment_recall_max_v1_think_true,thinking_recall_experiment_recall_max_v1_think_true.csv,thinking_recall,unknown,84e7d519ea4f,0.90,300,307,48,0.16,0.8333333333333334,0.13029315960912052,0.22535211267605634,0.10440418149856114,0.35444444444444445,1.0,0.21145374449339208,0.3490909090909091,0,179,0
v4_social_signal_experiment_v4_prompt_think_true_oldgold_gemma4_26b_direct_core_targeted_v7_think_nojson_guard2_ctx32768_tok8192_b1_pilot8,v4_social_signal_experiment_v4_prompt_think_true_oldgold_gemma4_26b_direct_core_targeted_v7_think_nojson_guard2_ctx32768_tok8192_b1_pilot8.csv,v4_social_signal,gemma4:26b,a8d3082c4e73,0.90,8,6,3,0.375,0.3333333333333333,0.16666666666666666,0.2222222222222222,0.16666666666666666,0.375,0.6666666666666666,0.4,0.5,1,3,0
v4_social_signal_experiment_v4_prompt_think_false_compact_b1_ctx16k_search237.partial,v4_social_signal_experiment_v4_prompt_think_false_compact_b1_ctx16k_search237.partial.csv,v4_social_signal,unknown,235a3367ad2e,0.80,21,13,5,0.23809523809523808,0.4,0.15384615384615385,0.2222222222222222,0.18181818181818182,0.5238095238095238,0.8,0.36363636363636365,0.5,1,7,0
v4_social_signal_experiment_v4_prompt_think_false_compact_b1_ctx16k_search237.partial,v4_social_signal_experiment_v4_prompt_think_false_compact_b1_ctx16k_search237.partial.csv,v4_social_signal,unknown,235a3367ad2e,0.85,21,13,5,0.23809523809523808,0.4,0.15384615384615385,0.2222222222222222,0.18181818181818182,0.5238095238095238,0.8,0.36363636363636365,0.5,1,7,0
v3_social_signal_experiment_social_signal_v5_think_true_oldgold_gemma4_26b_ctx32768_tok8192_b1_pilot30_social_signal_v5_think_nojson_guard2.partial,v3_social_signal_experiment_social_signal_v5_think_true_oldgold_gemma4_26b_ctx32768_tok8192_b1_pilot30_social_signal_v5_think_nojson_guard2.partial.csv,v3_social_signal,gemma4:26b,ac323fa2adba,0.65,10,7,2,0.2,0.5,0.14285714285714285,0.2222222222222222,0.14285714285714285,0.5,1.0,0.3333333333333333,0.5,0,4,36
v3_social_signal_experiment_social_signal_v5_think_true_oldgold_gemma4_26b_ctx32768_tok8192_b1_pilot30_social_signal_v5_think_nojson_guard2.partial,v3_social_signal_experiment_social_signal_v5_think_true_oldgold_gemma4_26b_ctx32768_tok8192_b1_pilot30_social_signal_v5_think_nojson_guard2.partial.csv,v3_social_signal,gemma4:26b,ac323fa2adba,0.70,10,7,2,0.2,0.5,0.14285714285714285,0.2222222222222222,0.14285714285714285,0.5,1.0,0.3333333333333333,0.5,0,4,36
v3_social_signal_experiment_social_signal_v5_think_true_oldgold_gemma4_26b_ctx32768_tok8192_b1_pilot30_social_signal_v5_think_nojson_guard2.partial,v3_social_signal_experiment_social_signal_v5_think_true_oldgold_gemma4_26b_ctx32768_tok8192_b1_pilot30_social_signal_v5_think_nojson_guard2.partial.csv,v3_social_signal,gemma4:26b,ac323fa2adba,0.75,10,7,2,0.2,0.5,0.14285714285714285,0.2222222222222222,0.14285714285714285,0.5,1.0,0.3333333333333333,0.5,0,4,36
v3_social_signal_experiment_social_signal_v5_think_true_oldgold_gemma4_26b_ctx32768_tok8192_b1_pilot30_social_signal_v5_think_nojson_guard2.partial,v3_social_signal_experiment_social_signal_v5_think_true_oldgold_gemma4_26b_ctx32768_tok8192_b1_pilot30_social_signal_v5_think_nojson_guard2.partial.csv,v3_social_signal,gemma4:26b,ac323fa2adba,0.80,10,7,2,0.2,0.5,0.14285714285714285,0.2222222222222222,0.14285714285714285,0.5,1.0,0.3333333333333333,0.5,0,4,36
v3_social_signal_experiment_social_signal_v5_think_true_oldgold_gemma4_26b_ctx32768_tok8192_b1_pilot30_social_signal_v5_think_nojson_guard2.partial,v3_social_signal_experiment_social_signal_v5_think_true_oldgold_gemma4_26b_ctx32768_tok8192_b1_pilot30_social_signal_v5_think_nojson_guard2.partial.csv,v3_social_signal,gemma4:26b,ac323fa2adba,0.85,10,7,2,0.2,0.5,0.14285714285714285,0.2222222222222222,0.14285714285714285,0.5,1.0,0.3333333333333333,0.5,0,4,36
v3_social_signal_experiment_social_signal_v5_think_true_oldgold_gemma4_26b_ctx32768_tok8192_b1_pilot30_social_signal_v5_think_nojson_guard2.partial,v3_social_signal_experiment_social_signal_v5_think_true_oldgold_gemma4_26b_ctx32768_tok8192_b1_pilot30_social_signal_v5_think_nojson_guard2.partial.csv,v3_social_signal,gemma4:26b,ac323fa2adba,0.90,10,7,2,0.2,0.5,0.14285714285714285,0.2222222222222222,0.14285714285714285,0.5,1.0,0.3333333333333333,0.5,0,4,36
v4_social_signal_experiment_v4_prompt_think_true_gemma4_e4b_direct_business_migration_fixed_think_ctx16384_tok16384_n237,v4_social_signal_experiment_v4_prompt_think_true_gemma4_e4b_direct_business_migration_fixed_think_ctx16384_tok16384_n237.csv,v4_social_signal,gemma4:e4b,56dbdeff5e78,0.95,237,225,38,0.16033755274261605,0.7631578947368421,0.1288888888888889,0.22053231939163498,0.0800305895439377,0.3755274261603376,0.868421052631579,0.19642857142857142,0.32038834951456313,5,135,72
thinking_recall_experiment_latent_candidate_v3_think_true,thinking_recall_experiment_latent_candidate_v3_think_true.csv,thinking_recall,unknown,bb921bff4057,0.65,300,307,48,0.16,0.7916666666666666,0.1237785016286645,0.2140845070422535,0.2293266627887862,0.3353333333333333,0.975609756097561,0.1762114537444934,0.29850746268656714,1,187,0
thinking_recall_experiment_latent_candidate_v3_think_true,thinking_recall_experiment_latent_candidate_v3_think_true.csv,thinking_recall,unknown,bb921bff4057,0.70,300,307,48,0.16,0.7916666666666666,0.1237785016286645,0.2140845070422535,0.2293266627887862,0.3353333333333333,0.975609756097561,0.1762114537444934,0.29850746268656714,1,187,0
thinking_recall_experiment_latent_candidate_v3_think_true,thinking_recall_experiment_latent_candidate_v3_think_true.csv,thinking_recall,unknown,bb921bff4057,0.75,300,307,48,0.16,0.7916666666666666,0.1237785016286645,0.2140845070422535,0.2293266627887862,0.3353333333333333,0.975609756097561,0.1762114537444934,0.29850746268656714,1,187,0
v4_social_signal_experiment_v4_prompt_think_false_compact_b1_ctx16k_text6k_pilot18,v4_social_signal_experiment_v4_prompt_think_false_compact_b1_ctx16k_text6k_pilot18.csv,v4_social_signal,unknown,1a1e7d7835ae,0.70,18,12,7,0.3888888888888889,0.2857142857142857,0.16666666666666666,0.21052631578947367,0.1515151515151515,0.48148148148148145,0.8333333333333334,0.5,0.625,1,5,0
v4_social_signal_experiment_v4_prompt_think_false_compact_b1_ctx16k_text6k_pilot18,v4_social_signal_experiment_v4_prompt_think_false_compact_b1_ctx16k_text6k_pilot18.csv,v4_social_signal,unknown,1a1e7d7835ae,0.75,18,12,7,0.3888888888888889,0.2857142857142857,0.16666666666666666,0.21052631578947367,0.1515151515151515,0.48148148148148145,0.8333333333333334,0.5,0.625,1,5,0
thinking_recall_experiment_latent_candidate_v3_think_true,thinking_recall_experiment_latent_candidate_v3_think_true.csv,thinking_recall,unknown,bb921bff4057,0.80,300,307,47,0.15666666666666668,0.7872340425531915,0.12052117263843648,0.20903954802259886,0.2283470599975892,0.3343333333333333,0.975609756097561,0.1762114537444934,0.29850746268656714,1,187,0
prompt_search_search_primary_first_v2_gemma4-e2b_5df03950348d_5f153b0981f2,prompt_search_search_primary_first_v2_gemma4-e2b_5df03950348d_5f153b0981f2.csv,prompt_search,gemma4:e2b,65bd6f8c74ef,0.65,300,307,48,0.16,0.7708333333333334,0.12052117263843648,0.2084507042253521,0.168907718671777,0.33444444444444443,0.9583333333333334,0.2026431718061674,0.33454545454545453,2,181,0
prompt_search_search_primary_first_v2_gemma4-e2b_5df03950348d_5f153b0981f2,prompt_search_search_primary_first_v2_gemma4-e2b_5df03950348d_5f153b0981f2.csv,prompt_search,gemma4:e2b,65bd6f8c74ef,0.70,300,307,48,0.16,0.7708333333333334,0.12052117263843648,0.2084507042253521,0.168907718671777,0.33444444444444443,0.9583333333333334,0.2026431718061674,0.33454545454545453,2,181,0
prompt_search_search_primary_first_v2_gemma4-e2b_5df03950348d_5f153b0981f2,prompt_search_search_primary_first_v2_gemma4-e2b_5df03950348d_5f153b0981f2.csv,prompt_search,gemma4:e2b,65bd6f8c74ef,0.75,300,307,48,0.16,0.7708333333333334,0.12052117263843648,0.2084507042253521,0.168907718671777,0.33444444444444443,0.9583333333333334,0.2026431718061674,0.33454545454545453,2,181,0
prompt_search_search_primary_first_v2_gemma4-e2b_5df03950348d_5f153b0981f2,prompt_search_search_primary_first_v2_gemma4-e2b_5df03950348d_5f153b0981f2.csv,prompt_search,gemma4:e2b,65bd6f8c74ef,0.80,300,307,48,0.16,0.7708333333333334,0.12052117263843648,0.2084507042253521,0.168907718671777,0.33444444444444443,0.9583333333333334,0.2026431718061674,0.33454545454545453,2,181,0
prompt_search_search_primary_first_v2_gemma4-e2b_5df03950348d_5f153b0981f2,prompt_search_search_primary_first_v2_gemma4-e2b_5df03950348d_5f153b0981f2.csv,prompt_search,gemma4:e2b,65bd6f8c74ef,0.85,300,307,48,0.16,0.7708333333333334,0.12052117263843648,0.2084507042253521,0.168907718671777,0.33444444444444443,0.9583333333333334,0.2026431718061674,0.33454545454545453,2,181,0
prompt_search_search_primary_first_v2_gemma4-e2b_5df03950348d_5f153b0981f2,prompt_search_search_primary_first_v2_gemma4-e2b_5df03950348d_5f153b0981f2.csv,prompt_search,gemma4:e2b,65bd6f8c74ef,0.90,300,307,48,0.16,0.7708333333333334,0.12052117263843648,0.2084507042253521,0.168907718671777,0.33444444444444443,0.9583333333333334,0.2026431718061674,0.33454545454545453,2,181,0
thinking_recall_experiment_recall_max_v1_think_false,thinking_recall_experiment_recall_max_v1_think_false.csv,thinking_recall,unknown,514327296305,0.65,300,307,44,0.14666666666666667,0.8181818181818182,0.11726384364820847,0.20512820512820512,0.10701059280062461,0.34,1.0,0.18502202643171806,0.31226765799256506,0,185,0
thinking_recall_experiment_recall_max_v1_think_false,thinking_recall_experiment_recall_max_v1_think_false.csv,thinking_recall,unknown,514327296305,0.70,300,307,44,0.14666666666666667,0.8181818181818182,0.11726384364820847,0.20512820512820512,0.10701059280062461,0.34,1.0,0.18502202643171806,0.31226765799256506,0,185,0
thinking_recall_experiment_recall_max_v1_think_false,thinking_recall_experiment_recall_max_v1_think_false.csv,thinking_recall,unknown,514327296305,0.75,300,307,44,0.14666666666666667,0.8181818181818182,0.11726384364820847,0.20512820512820512,0.10701059280062461,0.34,1.0,0.18502202643171806,0.31226765799256506,0,185,0
thinking_recall_experiment_recall_max_v1_think_false,thinking_recall_experiment_recall_max_v1_think_false.csv,thinking_recall,unknown,514327296305,0.80,300,307,44,0.14666666666666667,0.8181818181818182,0.11726384364820847,0.20512820512820512,0.10701059280062461,0.34,1.0,0.18502202643171806,0.31226765799256506,0,185,0
thinking_recall_experiment_recall_max_v1_think_false,thinking_recall_experiment_recall_max_v1_think_false.csv,thinking_recall,unknown,514327296305,0.85,300,307,44,0.14666666666666667,0.8181818181818182,0.11726384364820847,0.20512820512820512,0.10701059280062461,0.34,1.0,0.18502202643171806,0.31226765799256506,0,185,0
thinking_recall_experiment_recall_max_v1_think_false,thinking_recall_experiment_recall_max_v1_think_false.csv,thinking_recall,unknown,514327296305,0.90,300,307,44,0.14666666666666667,0.8181818181818182,0.11726384364820847,0.20512820512820512,0.10701059280062461,0.34,1.0,0.18502202643171806,0.31226765799256506,0,185,0
prompt_search_search_few_shot_major_v3_gemma4-e2b_5df03950348d_0c3d39008fbb,prompt_search_search_few_shot_major_v3_gemma4-e2b_5df03950348d_0c3d39008fbb.csv,prompt_search,gemma4:e2b,9d0229df475d,0.65,300,307,46,0.15333333333333332,0.782608695652174,0.11726384364820847,0.20396600566572237,0.11109687195988922,0.3377777777777778,0.9565217391304348,0.19383259911894274,0.32234432234432236,2,183,0
prompt_search_search_few_shot_major_v3_gemma4-e2b_5df03950348d_0c3d39008fbb,prompt_search_search_few_shot_major_v3_gemma4-e2b_5df03950348d_0c3d39008fbb.csv,prompt_search,gemma4:e2b,9d0229df475d,0.70,300,307,46,0.15333333333333332,0.782608695652174,0.11726384364820847,0.20396600566572237,0.11109687195988922,0.3377777777777778,0.9565217391304348,0.19383259911894274,0.32234432234432236,2,183,0
prompt_search_search_few_shot_major_v3_gemma4-e2b_5df03950348d_0c3d39008fbb,prompt_search_search_few_shot_major_v3_gemma4-e2b_5df03950348d_0c3d39008fbb.csv,prompt_search,gemma4:e2b,9d0229df475d,0.75,300,307,46,0.15333333333333332,0.782608695652174,0.11726384364820847,0.20396600566572237,0.11109687195988922,0.3377777777777778,0.9565217391304348,0.19383259911894274,0.32234432234432236,2,183,0
prompt_search_search_few_shot_major_v3_gemma4-e2b_5df03950348d_0c3d39008fbb,prompt_search_search_few_shot_major_v3_gemma4-e2b_5df03950348d_0c3d39008fbb.csv,prompt_search,gemma4:e2b,9d0229df475d,0.80,300,307,46,0.15333333333333332,0.782608695652174,0.11726384364820847,0.20396600566572237,0.11109687195988922,0.3377777777777778,0.9565217391304348,0.19383259911894274,0.32234432234432236,2,183,0
prompt_search_search_few_shot_major_v3_gemma4-e2b_5df03950348d_0c3d39008fbb,prompt_search_search_few_shot_major_v3_gemma4-e2b_5df03950348d_0c3d39008fbb.csv,prompt_search,gemma4:e2b,9d0229df475d,0.85,300,307,46,0.15333333333333332,0.782608695652174,0.11726384364820847,0.20396600566572237,0.11109687195988922,0.3377777777777778,0.9565217391304348,0.19383259911894274,0.32234432234432236,2,183,0
prompt_search_search_few_shot_major_v3_gemma4-e2b_5df03950348d_0c3d39008fbb,prompt_search_search_few_shot_major_v3_gemma4-e2b_5df03950348d_0c3d39008fbb.csv,prompt_search,gemma4:e2b,9d0229df475d,0.90,300,307,46,0.15333333333333332,0.782608695652174,0.11726384364820847,0.20396600566572237,0.11109687195988922,0.3377777777777778,0.9565217391304348,0.19383259911894274,0.32234432234432236,2,183,0
v4_social_signal_experiment_v4_prompt_think_true_gemma4_26b_direct_core_targeted_v7_think_nojson_guard_ctx32768_tok4096_b1_pilot6,v4_social_signal_experiment_v4_prompt_think_true_gemma4_26b_direct_core_targeted_v7_think_nojson_guard_ctx32768_tok4096_b1_pilot6.csv,v4_social_signal,gemma4:26b,00f089ca4bb6,0.70,6,3,7,1.1666666666666667,0.14285714285714285,0.3333333333333333,0.2,0.3333333333333333,0.27777777777777773,0.25,0.5,0.3333333333333333,3,1,72
v4_social_signal_experiment_v4_prompt_think_true_gemma4_26b_direct_core_targeted_v7_think_nojson_guard_ctx32768_tok4096_b1_pilot6,v4_social_signal_experiment_v4_prompt_think_true_gemma4_26b_direct_core_targeted_v7_think_nojson_guard_ctx32768_tok4096_b1_pilot6.csv,v4_social_signal,gemma4:26b,00f089ca4bb6,0.75,6,3,7,1.1666666666666667,0.14285714285714285,0.3333333333333333,0.2,0.3333333333333333,0.27777777777777773,0.25,0.5,0.3333333333333333,3,1,72
v4_social_signal_experiment_v4_prompt_think_true_gemma4_26b_direct_core_targeted_v7_think_nojson_guard_ctx32768_tok4096_b1_pilot6,v4_social_signal_experiment_v4_prompt_think_true_gemma4_26b_direct_core_targeted_v7_think_nojson_guard_ctx32768_tok4096_b1_pilot6.csv,v4_social_signal,gemma4:26b,00f089ca4bb6,0.80,6,3,7,1.1666666666666667,0.14285714285714285,0.3333333333333333,0.2,0.3333333333333333,0.27777777777777773,0.25,0.5,0.3333333333333333,3,1,72
v3_social_signal_experiment_social_signal_v5_think_false_v5_b1_pilot18,v3_social_signal_experiment_social_signal_v5_think_false_v5_b1_pilot18.csv,v3_social_signal,unknown,d75c92993d2d,default,18,12,18,1.0,0.16666666666666666,0.25,0.2,0.13203463203463203,0.16666666666666666,0.5555555555555556,1.0,0.7142857142857143,8,0,0
v3_social_signal_experiment_social_signal_v5_think_false_v5_b1_pilot18,v3_social_signal_experiment_social_signal_v5_think_false_v5_b1_pilot18.csv,v3_social_signal,unknown,d75c92993d2d,0.05,18,12,18,1.0,0.16666666666666666,0.25,0.2,0.13203463203463203,0.16666666666666666,0.5555555555555556,1.0,0.7142857142857143,8,0,0
v3_social_signal_experiment_social_signal_v5_think_false_v5_b1_pilot18,v3_social_signal_experiment_social_signal_v5_think_false_v5_b1_pilot18.csv,v3_social_signal,unknown,d75c92993d2d,0.10,18,12,18,1.0,0.16666666666666666,0.25,0.2,0.13203463203463203,0.16666666666666666,0.5555555555555556,1.0,0.7142857142857143,8,0,0
v3_social_signal_experiment_social_signal_v5_think_false_v5_b1_pilot18,v3_social_signal_experiment_social_signal_v5_think_false_v5_b1_pilot18.csv,v3_social_signal,unknown,d75c92993d2d,0.15,18,12,18,1.0,0.16666666666666666,0.25,0.2,0.13203463203463203,0.16666666666666666,0.5555555555555556,1.0,0.7142857142857143,8,0,0
v3_social_signal_experiment_social_signal_v5_think_false_v5_b1_pilot18,v3_social_signal_experiment_social_signal_v5_think_false_v5_b1_pilot18.csv,v3_social_signal,unknown,d75c92993d2d,0.20,18,12,18,1.0,0.16666666666666666,0.25,0.2,0.13203463203463203,0.16666666666666666,0.5555555555555556,1.0,0.7142857142857143,8,0,0
v3_social_signal_experiment_social_signal_v5_think_false_v5_b1_pilot18,v3_social_signal_experiment_social_signal_v5_think_false_v5_b1_pilot18.csv,v3_social_signal,unknown,d75c92993d2d,0.25,18,12,18,1.0,0.16666666666666666,0.25,0.2,0.13203463203463203,0.16666666666666666,0.5555555555555556,1.0,0.7142857142857143,8,0,0
v3_social_signal_experiment_social_signal_v5_think_false_v5_b1_pilot18,v3_social_signal_experiment_social_signal_v5_think_false_v5_b1_pilot18.csv,v3_social_signal,unknown,d75c92993d2d,0.30,18,12,18,1.0,0.16666666666666666,0.25,0.2,0.13203463203463203,0.16666666666666666,0.5555555555555556,1.0,0.7142857142857143,8,0,0
v4_social_signal_experiment_v4_prompt_think_false_qwen36_35b_iq3_compact_b1_pilot30.partial,v4_social_signal_experiment_v4_prompt_think_false_qwen36_35b_iq3_compact_b1_pilot30.partial.csv,v4_social_signal,qwen3.6-35b:iq3,267d560a9407,0.40,4,4,6,1.5,0.16666666666666666,0.25,0.2,0.25,0.125,0.75,1.0,0.8571428571428571,1,0,0
v4_social_signal_experiment_v4_prompt_think_false_qwen36_35b_iq3_compact_b1_pilot30.partial,v4_social_signal_experiment_v4_prompt_think_false_qwen36_35b_iq3_compact_b1_pilot30.partial.csv,v4_social_signal,qwen3.6-35b:iq3,267d560a9407,0.45,4,4,6,1.5,0.16666666666666666,0.25,0.2,0.25,0.125,0.75,1.0,0.8571428571428571,1,0,0
thinking_recall_experiment_latent_candidate_v3_think_true,thinking_recall_experiment_latent_candidate_v3_think_true.csv,thinking_recall,unknown,bb921bff4057,0.90,300,307,42,0.14,0.8095238095238095,0.11074918566775244,0.19484240687679083,0.15664409437428184,0.3322222222222222,0.975609756097561,0.1762114537444934,0.29850746268656714,1,187,0
thinking_recall_experiment_latent_candidate_v3_think_true,thinking_recall_experiment_latent_candidate_v3_think_true.csv,thinking_recall,unknown,bb921bff4057,0.85,300,307,43,0.14333333333333334,0.7906976744186046,0.11074918566775244,0.19428571428571428,0.15374554364964416,0.33166666666666667,0.975609756097561,0.1762114537444934,0.29850746268656714,1,187,0
prompt_search_search_hard_negative_v2_gemma4-e2b_5df03950348d_1a35bcd28344,prompt_search_search_hard_negative_v2_gemma4-e2b_5df03950348d_1a35bcd28344.csv,prompt_search,gemma4:e2b,fb490b3a6ce7,default,300,307,48,0.16,0.7083333333333334,0.11074918566775244,0.19154929577464788,0.1706959361025036,0.3327777777777778,1.0,0.19383259911894274,0.3247232472324723,0,183,0
v3_social_signal_experiment_social_signal_v2_think_false,v3_social_signal_experiment_social_signal_v2_think_false.csv,v3_social_signal,unknown,28590321c640,default,18,12,9,0.5,0.2222222222222222,0.16666666666666666,0.19047619047619047,0.1515151515151515,0.31481481481481477,0.42857142857142855,0.3,0.35294117647058826,4,7,396
v3_social_signal_experiment_social_signal_v2_think_false,v3_social_signal_experiment_social_signal_v2_think_false.csv,v3_social_signal,unknown,28590321c640,0.05,18,12,9,0.5,0.2222222222222222,0.16666666666666666,0.19047619047619047,0.1515151515151515,0.31481481481481477,0.42857142857142855,0.3,0.35294117647058826,4,7,396
v3_social_signal_experiment_social_signal_v2_think_false,v3_social_signal_experiment_social_signal_v2_think_false.csv,v3_social_signal,unknown,28590321c640,0.10,18,12,9,0.5,0.2222222222222222,0.16666666666666666,0.19047619047619047,0.1515151515151515,0.31481481481481477,0.42857142857142855,0.3,0.35294117647058826,4,7,396
v3_social_signal_experiment_social_signal_v2_think_false,v3_social_signal_experiment_social_signal_v2_think_false.csv,v3_social_signal,unknown,28590321c640,0.15,18,12,9,0.5,0.2222222222222222,0.16666666666666666,0.19047619047619047,0.1515151515151515,0.31481481481481477,0.42857142857142855,0.3,0.35294117647058826,4,7,396
v3_social_signal_experiment_social_signal_v2_think_false,v3_social_signal_experiment_social_signal_v2_think_false.csv,v3_social_signal,unknown,28590321c640,0.20,18,12,9,0.5,0.2222222222222222,0.16666666666666666,0.19047619047619047,0.1515151515151515,0.31481481481481477,0.42857142857142855,0.3,0.35294117647058826,4,7,396
v3_social_signal_experiment_social_signal_v2_think_false,v3_social_signal_experiment_social_signal_v2_think_false.csv,v3_social_signal,unknown,28590321c640,0.25,18,12,9,0.5,0.2222222222222222,0.16666666666666666,0.19047619047619047,0.1515151515151515,0.31481481481481477,0.42857142857142855,0.3,0.35294117647058826,4,7,396
v3_social_signal_experiment_social_signal_v2_think_false,v3_social_signal_experiment_social_signal_v2_think_false.csv,v3_social_signal,unknown,28590321c640,0.30,18,12,9,0.5,0.2222222222222222,0.16666666666666666,0.19047619047619047,0.1515151515151515,0.31481481481481477,0.42857142857142855,0.3,0.35294117647058826,4,7,396
v3_social_signal_experiment_social_signal_v2_think_false_b1_pilot18,v3_social_signal_experiment_social_signal_v2_think_false_b1_pilot18.csv,v3_social_signal,unknown,663ea5d483d7,default,18,12,9,0.5,0.2222222222222222,0.16666666666666666,0.19047619047619047,0.1515151515151515,0.31481481481481477,0.42857142857142855,0.3,0.35294117647058826,4,7,396
v3_social_signal_experiment_social_signal_v2_think_false_b1_pilot18,v3_social_signal_experiment_social_signal_v2_think_false_b1_pilot18.csv,v3_social_signal,unknown,663ea5d483d7,0.05,18,12,9,0.5,0.2222222222222222,0.16666666666666666,0.19047619047619047,0.1515151515151515,0.31481481481481477,0.42857142857142855,0.3,0.35294117647058826,4,7,396
v3_social_signal_experiment_social_signal_v2_think_false_b1_pilot18,v3_social_signal_experiment_social_signal_v2_think_false_b1_pilot18.csv,v3_social_signal,unknown,663ea5d483d7,0.10,18,12,9,0.5,0.2222222222222222,0.16666666666666666,0.19047619047619047,0.1515151515151515,0.31481481481481477,0.42857142857142855,0.3,0.35294117647058826,4,7,396
v3_social_signal_experiment_social_signal_v2_think_false_b1_pilot18,v3_social_signal_experiment_social_signal_v2_think_false_b1_pilot18.csv,v3_social_signal,unknown,663ea5d483d7,0.15,18,12,9,0.5,0.2222222222222222,0.16666666666666666,0.19047619047619047,0.1515151515151515,0.31481481481481477,0.42857142857142855,0.3,0.35294117647058826,4,7,396
v3_social_signal_experiment_social_signal_v2_think_false_b1_pilot18,v3_social_signal_experiment_social_signal_v2_think_false_b1_pilot18.csv,v3_social_signal,unknown,663ea5d483d7,0.20,18,12,9,0.5,0.2222222222222222,0.16666666666666666,0.19047619047619047,0.1515151515151515,0.31481481481481477,0.42857142857142855,0.3,0.35294117647058826,4,7,396
v3_social_signal_experiment_social_signal_v2_think_false_b1_pilot18,v3_social_signal_experiment_social_signal_v2_think_false_b1_pilot18.csv,v3_social_signal,unknown,663ea5d483d7,0.25,18,12,9,0.5,0.2222222222222222,0.16666666666666666,0.19047619047619047,0.1515151515151515,0.31481481481481477,0.42857142857142855,0.3,0.35294117647058826,4,7,396
v3_social_signal_experiment_social_signal_v2_think_false_b1_pilot18,v3_social_signal_experiment_social_signal_v2_think_false_b1_pilot18.csv,v3_social_signal,unknown,663ea5d483d7,0.30,18,12,9,0.5,0.2222222222222222,0.16666666666666666,0.19047619047619047,0.1515151515151515,0.31481481481481477,0.42857142857142855,0.3,0.35294117647058826,4,7,396
v4_social_signal_experiment_v4_prompt_think_true_gemma4_e2b_direct_core_recall_v2_think_ctx16384_tok16384_n237,v4_social_signal_experiment_v4_prompt_think_true_gemma4_e2b_direct_core_recall_v2_think_ctx16384_tok16384_n237.csv,v4_social_signal,gemma4:e2b,c8807482784f,0.95,237,225,30,0.12658227848101267,0.8,0.10666666666666667,0.18823529411764706,0.12373114780569142,0.37130801687763715,0.9333333333333333,0.16666666666666666,0.2828282828282828,2,140,360
v4_social_signal_experiment_v4_prompt_think_false_v4full965_qwen36_35b_iq3_social_signal_v9_f1_balanced_nothink_json_ctx32768_tok16384_b2.partial,v4_social_signal_experiment_v4_prompt_think_false_v4full965_qwen36_35b_iq3_social_signal_v9_f1_balanced_nothink_json_ctx32768_tok16384_b2.partial.csv,v4_social_signal,qwen3.6-35b:iq3,65fc92f0ecc6,0.95,242,228,23,0.09504132231404959,1.0,0.10087719298245613,0.18326693227091634,0.1049088143746463,0.38085399449035817,1.0,0.13529411764705881,0.23834196891191708,0,147,0
v4_social_signal_experiment_v4_prompt_think_true_gemma4_26b_direct_core_targeted_v7_think_nojson_guard_ctx32768_tok4096_b1_pilot6,v4_social_signal_experiment_v4_prompt_think_true_gemma4_26b_direct_core_targeted_v7_think_nojson_guard_ctx32768_tok4096_b1_pilot6.csv,v4_social_signal,gemma4:26b,00f089ca4bb6,default,6,3,8,1.3333333333333333,0.125,0.3333333333333333,0.18181818181818182,0.3333333333333333,0.27777777777777773,0.25,0.5,0.3333333333333333,3,1,72
v4_social_signal_experiment_v4_prompt_think_true_gemma4_26b_direct_core_targeted_v7_think_nojson_guard_ctx32768_tok4096_b1_pilot6,v4_social_signal_experiment_v4_prompt_think_true_gemma4_26b_direct_core_targeted_v7_think_nojson_guard_ctx32768_tok4096_b1_pilot6.csv,v4_social_signal,gemma4:26b,00f089ca4bb6,0.05,6,3,8,1.3333333333333333,0.125,0.3333333333333333,0.18181818181818182,0.3333333333333333,0.27777777777777773,0.25,0.5,0.3333333333333333,3,1,72
v4_social_signal_experiment_v4_prompt_think_true_gemma4_26b_direct_core_targeted_v7_think_nojson_guard_ctx32768_tok4096_b1_pilot6,v4_social_signal_experiment_v4_prompt_think_true_gemma4_26b_direct_core_targeted_v7_think_nojson_guard_ctx32768_tok4096_b1_pilot6.csv,v4_social_signal,gemma4:26b,00f089ca4bb6,0.10,6,3,8,1.3333333333333333,0.125,0.3333333333333333,0.18181818181818182,0.3333333333333333,0.27777777777777773,0.25,0.5,0.3333333333333333,3,1,72
v4_social_signal_experiment_v4_prompt_think_true_gemma4_26b_direct_core_targeted_v7_think_nojson_guard_ctx32768_tok4096_b1_pilot6,v4_social_signal_experiment_v4_prompt_think_true_gemma4_26b_direct_core_targeted_v7_think_nojson_guard_ctx32768_tok4096_b1_pilot6.csv,v4_social_signal,gemma4:26b,00f089ca4bb6,0.15,6,3,8,1.3333333333333333,0.125,0.3333333333333333,0.18181818181818182,0.3333333333333333,0.27777777777777773,0.25,0.5,0.3333333333333333,3,1,72
v4_social_signal_experiment_v4_prompt_think_true_gemma4_26b_direct_core_targeted_v7_think_nojson_guard_ctx32768_tok4096_b1_pilot6,v4_social_signal_experiment_v4_prompt_think_true_gemma4_26b_direct_core_targeted_v7_think_nojson_guard_ctx32768_tok4096_b1_pilot6.csv,v4_social_signal,gemma4:26b,00f089ca4bb6,0.20,6,3,8,1.3333333333333333,0.125,0.3333333333333333,0.18181818181818182,0.3333333333333333,0.27777777777777773,0.25,0.5,0.3333333333333333,3,1,72
v4_social_signal_experiment_v4_prompt_think_true_gemma4_26b_direct_core_targeted_v7_think_nojson_guard_ctx32768_tok4096_b1_pilot6,v4_social_signal_experiment_v4_prompt_think_true_gemma4_26b_direct_core_targeted_v7_think_nojson_guard_ctx32768_tok4096_b1_pilot6.csv,v4_social_signal,gemma4:26b,00f089ca4bb6,0.25,6,3,8,1.3333333333333333,0.125,0.3333333333333333,0.18181818181818182,0.3333333333333333,0.27777777777777773,0.25,0.5,0.3333333333333333,3,1,72
v4_social_signal_experiment_v4_prompt_think_true_gemma4_26b_direct_core_targeted_v7_think_nojson_guard_ctx32768_tok4096_b1_pilot6,v4_social_signal_experiment_v4_prompt_think_true_gemma4_26b_direct_core_targeted_v7_think_nojson_guard_ctx32768_tok4096_b1_pilot6.csv,v4_social_signal,gemma4:26b,00f089ca4bb6,0.30,6,3,8,1.3333333333333333,0.125,0.3333333333333333,0.18181818181818182,0.3333333333333333,0.27777777777777773,0.25,0.5,0.3333333333333333,3,1,72
v4_social_signal_experiment_v4_prompt_think_true_gemma4_26b_direct_core_targeted_v7_think_nojson_guard_ctx32768_tok4096_b1_pilot6,v4_social_signal_experiment_v4_prompt_think_true_gemma4_26b_direct_core_targeted_v7_think_nojson_guard_ctx32768_tok4096_b1_pilot6.csv,v4_social_signal,gemma4:26b,00f089ca4bb6,0.35,6,3,8,1.3333333333333333,0.125,0.3333333333333333,0.18181818181818182,0.3333333333333333,0.27777777777777773,0.25,0.5,0.3333333333333333,3,1,72
v4_social_signal_experiment_v4_prompt_think_true_gemma4_26b_direct_core_targeted_v7_think_nojson_guard_ctx32768_tok4096_b1_pilot6,v4_social_signal_experiment_v4_prompt_think_true_gemma4_26b_direct_core_targeted_v7_think_nojson_guard_ctx32768_tok4096_b1_pilot6.csv,v4_social_signal,gemma4:26b,00f089ca4bb6,0.40,6,3,8,1.3333333333333333,0.125,0.3333333333333333,0.18181818181818182,0.3333333333333333,0.27777777777777773,0.25,0.5,0.3333333333333333,3,1,72
v4_social_signal_experiment_v4_prompt_think_true_gemma4_26b_direct_core_targeted_v7_think_nojson_guard_ctx32768_tok4096_b1_pilot6,v4_social_signal_experiment_v4_prompt_think_true_gemma4_26b_direct_core_targeted_v7_think_nojson_guard_ctx32768_tok4096_b1_pilot6.csv,v4_social_signal,gemma4:26b,00f089ca4bb6,0.45,6,3,8,1.3333333333333333,0.125,0.3333333333333333,0.18181818181818182,0.3333333333333333,0.27777777777777773,0.25,0.5,0.3333333333333333,3,1,72
v4_social_signal_experiment_v4_prompt_think_true_gemma4_26b_direct_core_targeted_v7_think_nojson_guard_ctx32768_tok4096_b1_pilot6,v4_social_signal_experiment_v4_prompt_think_true_gemma4_26b_direct_core_targeted_v7_think_nojson_guard_ctx32768_tok4096_b1_pilot6.csv,v4_social_signal,gemma4:26b,00f089ca4bb6,0.50,6,3,8,1.3333333333333333,0.125,0.3333333333333333,0.18181818181818182,0.3333333333333333,0.27777777777777773,0.25,0.5,0.3333333333333333,3,1,72
v4_social_signal_experiment_v4_prompt_think_true_gemma4_26b_direct_core_targeted_v7_think_nojson_guard_ctx32768_tok4096_b1_pilot6,v4_social_signal_experiment_v4_prompt_think_true_gemma4_26b_direct_core_targeted_v7_think_nojson_guard_ctx32768_tok4096_b1_pilot6.csv,v4_social_signal,gemma4:26b,00f089ca4bb6,0.55,6,3,8,1.3333333333333333,0.125,0.3333333333333333,0.18181818181818182,0.3333333333333333,0.27777777777777773,0.25,0.5,0.3333333333333333,3,1,72
v4_social_signal_experiment_v4_prompt_think_true_gemma4_26b_direct_core_targeted_v7_think_nojson_guard_ctx32768_tok4096_b1_pilot6,v4_social_signal_experiment_v4_prompt_think_true_gemma4_26b_direct_core_targeted_v7_think_nojson_guard_ctx32768_tok4096_b1_pilot6.csv,v4_social_signal,gemma4:26b,00f089ca4bb6,0.60,6,3,8,1.3333333333333333,0.125,0.3333333333333333,0.18181818181818182,0.3333333333333333,0.27777777777777773,0.25,0.5,0.3333333333333333,3,1,72
v4_social_signal_experiment_v4_prompt_think_true_gemma4_26b_direct_core_targeted_v7_think_nojson_guard_ctx32768_tok4096_b1_pilot6,v4_social_signal_experiment_v4_prompt_think_true_gemma4_26b_direct_core_targeted_v7_think_nojson_guard_ctx32768_tok4096_b1_pilot6.csv,v4_social_signal,gemma4:26b,00f089ca4bb6,0.65,6,3,8,1.3333333333333333,0.125,0.3333333333333333,0.18181818181818182,0.3333333333333333,0.27777777777777773,0.25,0.5,0.3333333333333333,3,1,72
v4_social_signal_experiment_v4_prompt_think_false_qwen36_35b_iq3_compact_b1_pilot30.partial,v4_social_signal_experiment_v4_prompt_think_false_qwen36_35b_iq3_compact_b1_pilot30.partial.csv,v4_social_signal,qwen3.6-35b:iq3,267d560a9407,default,4,4,7,1.75,0.14285714285714285,0.25,0.18181818181818182,0.25,0.125,0.75,1.0,0.8571428571428571,1,0,0
v4_social_signal_experiment_v4_prompt_think_false_qwen36_35b_iq3_compact_b1_pilot30.partial,v4_social_signal_experiment_v4_prompt_think_false_qwen36_35b_iq3_compact_b1_pilot30.partial.csv,v4_social_signal,qwen3.6-35b:iq3,267d560a9407,0.05,4,4,7,1.75,0.14285714285714285,0.25,0.18181818181818182,0.25,0.125,0.75,1.0,0.8571428571428571,1,0,0
v4_social_signal_experiment_v4_prompt_think_false_qwen36_35b_iq3_compact_b1_pilot30.partial,v4_social_signal_experiment_v4_prompt_think_false_qwen36_35b_iq3_compact_b1_pilot30.partial.csv,v4_social_signal,qwen3.6-35b:iq3,267d560a9407,0.10,4,4,7,1.75,0.14285714285714285,0.25,0.18181818181818182,0.25,0.125,0.75,1.0,0.8571428571428571,1,0,0
v4_social_signal_experiment_v4_prompt_think_false_qwen36_35b_iq3_compact_b1_pilot30.partial,v4_social_signal_experiment_v4_prompt_think_false_qwen36_35b_iq3_compact_b1_pilot30.partial.csv,v4_social_signal,qwen3.6-35b:iq3,267d560a9407,0.15,4,4,7,1.75,0.14285714285714285,0.25,0.18181818181818182,0.25,0.125,0.75,1.0,0.8571428571428571,1,0,0
v4_social_signal_experiment_v4_prompt_think_false_qwen36_35b_iq3_compact_b1_pilot30.partial,v4_social_signal_experiment_v4_prompt_think_false_qwen36_35b_iq3_compact_b1_pilot30.partial.csv,v4_social_signal,qwen3.6-35b:iq3,267d560a9407,0.20,4,4,7,1.75,0.14285714285714285,0.25,0.18181818181818182,0.25,0.125,0.75,1.0,0.8571428571428571,1,0,0
v4_social_signal_experiment_v4_prompt_think_false_qwen36_35b_iq3_compact_b1_pilot30.partial,v4_social_signal_experiment_v4_prompt_think_false_qwen36_35b_iq3_compact_b1_pilot30.partial.csv,v4_social_signal,qwen3.6-35b:iq3,267d560a9407,0.25,4,4,7,1.75,0.14285714285714285,0.25,0.18181818181818182,0.25,0.125,0.75,1.0,0.8571428571428571,1,0,0
v4_social_signal_experiment_v4_prompt_think_false_qwen36_35b_iq3_compact_b1_pilot30.partial,v4_social_signal_experiment_v4_prompt_think_false_qwen36_35b_iq3_compact_b1_pilot30.partial.csv,v4_social_signal,qwen3.6-35b:iq3,267d560a9407,0.30,4,4,7,1.75,0.14285714285714285,0.25,0.18181818181818182,0.25,0.125,0.75,1.0,0.8571428571428571,1,0,0
v4_social_signal_experiment_v4_prompt_think_false_qwen36_35b_iq3_compact_b1_pilot30.partial,v4_social_signal_experiment_v4_prompt_think_false_qwen36_35b_iq3_compact_b1_pilot30.partial.csv,v4_social_signal,qwen3.6-35b:iq3,267d560a9407,0.35,4,4,7,1.75,0.14285714285714285,0.25,0.18181818181818182,0.25,0.125,0.75,1.0,0.8571428571428571,1,0,0
grouped_event_v1_search_think_true,grouped_event_v1_search_think_true.csv,grouped_event,unknown,f9983b73e7df,0.65,300,307,36,0.12,0.8333333333333334,0.09771986970684039,0.1749271137026239,0.21888136018570797,0.32166666666666666,1.0,0.14537444933920704,0.25384615384615383,0,194,0
grouped_event_v1_search_think_true,grouped_event_v1_search_think_true.csv,grouped_event,unknown,f9983b73e7df,0.70,300,307,36,0.12,0.8333333333333334,0.09771986970684039,0.1749271137026239,0.21888136018570797,0.32166666666666666,1.0,0.14537444933920704,0.25384615384615383,0,194,0
grouped_event_v1_search_think_true,grouped_event_v1_search_think_true.csv,grouped_event,unknown,f9983b73e7df,0.75,300,307,36,0.12,0.8333333333333334,0.09771986970684039,0.1749271137026239,0.21888136018570797,0.32166666666666666,1.0,0.14537444933920704,0.25384615384615383,0,194,0
grouped_event_v1_search_think_true,grouped_event_v1_search_think_true.csv,grouped_event,unknown,f9983b73e7df,0.80,300,307,36,0.12,0.8333333333333334,0.09771986970684039,0.1749271137026239,0.21888136018570797,0.32166666666666666,1.0,0.14537444933920704,0.25384615384615383,0,194,0
grouped_event_v1_search_think_true,grouped_event_v1_search_think_true.csv,grouped_event,unknown,f9983b73e7df,0.85,300,307,36,0.12,0.8333333333333334,0.09771986970684039,0.1749271137026239,0.21888136018570797,0.32166666666666666,1.0,0.14537444933920704,0.25384615384615383,0,194,0
grouped_event_v1_search_think_true,grouped_event_v1_search_think_true.csv,grouped_event,unknown,f9983b73e7df,0.90,300,307,36,0.12,0.8333333333333334,0.09771986970684039,0.1749271137026239,0.21888136018570797,0.32166666666666666,1.0,0.14537444933920704,0.25384615384615383,0,194,0
manual_dataset_prompt_search_best_balanced_recall_v2,manual_dataset_prompt_search_best_balanced_recall_v2.csv,prompt_search,unknown,190692fa4772,0.65,1000,915,107,0.107,0.8037383177570093,0.09398907103825137,0.16829745596868884,0.060703039929709886,0.3496666666666667,0.9719626168224299,0.14344827586206896,0.25,3,621,0
manual_dataset_prompt_search_best_balanced_recall_v2,manual_dataset_prompt_search_best_balanced_recall_v2.csv,prompt_search,unknown,190692fa4772,0.70,1000,915,107,0.107,0.8037383177570093,0.09398907103825137,0.16829745596868884,0.060703039929709886,0.3496666666666667,0.9719626168224299,0.14344827586206896,0.25,3,621,0
prompt_search_full_balanced_recall_v2_gemma4-e2b_5df03950348d_e98b1a3c5abc,prompt_search_full_balanced_recall_v2_gemma4-e2b_5df03950348d_e98b1a3c5abc.csv,prompt_search,gemma4:e2b,190692fa4772,0.65,1000,915,107,0.107,0.8037383177570093,0.09398907103825137,0.16829745596868884,0.060703039929709886,0.3496666666666667,0.9719626168224299,0.14344827586206896,0.25,3,621,0
prompt_search_full_balanced_recall_v2_gemma4-e2b_5df03950348d_e98b1a3c5abc,prompt_search_full_balanced_recall_v2_gemma4-e2b_5df03950348d_e98b1a3c5abc.csv,prompt_search,gemma4:e2b,190692fa4772,0.70,1000,915,107,0.107,0.8037383177570093,0.09398907103825137,0.16829745596868884,0.060703039929709886,0.3496666666666667,0.9719626168224299,0.14344827586206896,0.25,3,621,0
v3_social_signal_experiment_social_signal_v5_think_true_oldgold_gemma4_26b_ctx32768_tok8192_b1_pilot3_social_signal_v5_think_nojson_guard2,v3_social_signal_experiment_social_signal_v5_think_true_oldgold_gemma4_26b_ctx32768_tok8192_b1_pilot3_social_signal_v5_think_nojson_guard2.csv,v3_social_signal,gemma4:26b,c9b86bed5aa3,default,3,3,9,3.0,0.1111111111111111,0.3333333333333333,0.16666666666666666,0.3333333333333333,0.13333333333333333,0.6666666666666666,1.0,0.8,1,0,0
v3_social_signal_experiment_social_signal_v5_think_true_oldgold_gemma4_26b_ctx32768_tok8192_b1_pilot3_social_signal_v5_think_nojson_guard2,v3_social_signal_experiment_social_signal_v5_think_true_oldgold_gemma4_26b_ctx32768_tok8192_b1_pilot3_social_signal_v5_think_nojson_guard2.csv,v3_social_signal,gemma4:26b,c9b86bed5aa3,0.05,3,3,9,3.0,0.1111111111111111,0.3333333333333333,0.16666666666666666,0.3333333333333333,0.13333333333333333,0.6666666666666666,1.0,0.8,1,0,0
v3_social_signal_experiment_social_signal_v5_think_true_oldgold_gemma4_26b_ctx32768_tok8192_b1_pilot3_social_signal_v5_think_nojson_guard2,v3_social_signal_experiment_social_signal_v5_think_true_oldgold_gemma4_26b_ctx32768_tok8192_b1_pilot3_social_signal_v5_think_nojson_guard2.csv,v3_social_signal,gemma4:26b,c9b86bed5aa3,0.10,3,3,9,3.0,0.1111111111111111,0.3333333333333333,0.16666666666666666,0.3333333333333333,0.13333333333333333,0.6666666666666666,1.0,0.8,1,0,0
v3_social_signal_experiment_social_signal_v5_think_true_oldgold_gemma4_26b_ctx32768_tok8192_b1_pilot3_social_signal_v5_think_nojson_guard2,v3_social_signal_experiment_social_signal_v5_think_true_oldgold_gemma4_26b_ctx32768_tok8192_b1_pilot3_social_signal_v5_think_nojson_guard2.csv,v3_social_signal,gemma4:26b,c9b86bed5aa3,0.15,3,3,9,3.0,0.1111111111111111,0.3333333333333333,0.16666666666666666,0.3333333333333333,0.13333333333333333,0.6666666666666666,1.0,0.8,1,0,0
v3_social_signal_experiment_social_signal_v5_think_true_oldgold_gemma4_26b_ctx32768_tok8192_b1_pilot3_social_signal_v5_think_nojson_guard2,v3_social_signal_experiment_social_signal_v5_think_true_oldgold_gemma4_26b_ctx32768_tok8192_b1_pilot3_social_signal_v5_think_nojson_guard2.csv,v3_social_signal,gemma4:26b,c9b86bed5aa3,0.20,3,3,9,3.0,0.1111111111111111,0.3333333333333333,0.16666666666666666,0.3333333333333333,0.13333333333333333,0.6666666666666666,1.0,0.8,1,0,0
v3_social_signal_experiment_social_signal_v5_think_true_oldgold_gemma4_26b_ctx32768_tok8192_b1_pilot3_social_signal_v5_think_nojson_guard2,v3_social_signal_experiment_social_signal_v5_think_true_oldgold_gemma4_26b_ctx32768_tok8192_b1_pilot3_social_signal_v5_think_nojson_guard2.csv,v3_social_signal,gemma4:26b,c9b86bed5aa3,0.25,3,3,9,3.0,0.1111111111111111,0.3333333333333333,0.16666666666666666,0.3333333333333333,0.13333333333333333,0.6666666666666666,1.0,0.8,1,0,0
v3_social_signal_experiment_social_signal_v5_think_true_oldgold_gemma4_26b_ctx32768_tok8192_b1_pilot3_social_signal_v5_think_nojson_guard2,v3_social_signal_experiment_social_signal_v5_think_true_oldgold_gemma4_26b_ctx32768_tok8192_b1_pilot3_social_signal_v5_think_nojson_guard2.csv,v3_social_signal,gemma4:26b,c9b86bed5aa3,0.30,3,3,9,3.0,0.1111111111111111,0.3333333333333333,0.16666666666666666,0.3333333333333333,0.13333333333333333,0.6666666666666666,1.0,0.8,1,0,0
v3_social_signal_experiment_social_signal_v5_think_false_v5_b1_pilot18,v3_social_signal_experiment_social_signal_v5_think_false_v5_b1_pilot18.csv,v3_social_signal,unknown,d75c92993d2d,0.35,18,12,12,0.6666666666666666,0.16666666666666666,0.16666666666666666,0.16666666666666666,0.10606060606060605,0.3333333333333333,0.6666666666666666,0.8,0.7272727272727273,4,2,0
v3_social_signal_experiment_social_signal_v5_think_false_v5_b1_pilot18,v3_social_signal_experiment_social_signal_v5_think_false_v5_b1_pilot18.csv,v3_social_signal,unknown,d75c92993d2d,0.40,18,12,12,0.6666666666666666,0.16666666666666666,0.16666666666666666,0.16666666666666666,0.10606060606060605,0.3333333333333333,0.6666666666666666,0.8,0.7272727272727273,4,2,0
v3_social_signal_experiment_social_signal_v5_think_false_v5_b1_pilot18,v3_social_signal_experiment_social_signal_v5_think_false_v5_b1_pilot18.csv,v3_social_signal,unknown,d75c92993d2d,0.45,18,12,12,0.6666666666666666,0.16666666666666666,0.16666666666666666,0.16666666666666666,0.10606060606060605,0.3333333333333333,0.6666666666666666,0.8,0.7272727272727273,4,2,0
v3_social_signal_experiment_social_signal_v5_think_false_v5_b1_pilot18,v3_social_signal_experiment_social_signal_v5_think_false_v5_b1_pilot18.csv,v3_social_signal,unknown,d75c92993d2d,0.50,18,12,12,0.6666666666666666,0.16666666666666666,0.16666666666666666,0.16666666666666666,0.10606060606060605,0.3333333333333333,0.6666666666666666,0.8,0.7272727272727273,4,2,0
v3_social_signal_experiment_social_signal_v5_think_false_v5_b1_pilot18,v3_social_signal_experiment_social_signal_v5_think_false_v5_b1_pilot18.csv,v3_social_signal,unknown,d75c92993d2d,0.55,18,12,12,0.6666666666666666,0.16666666666666666,0.16666666666666666,0.16666666666666666,0.10606060606060605,0.3333333333333333,0.6666666666666666,0.8,0.7272727272727273,4,2,0
v3_social_signal_experiment_social_signal_v5_think_false_v5_b1_pilot18,v3_social_signal_experiment_social_signal_v5_think_false_v5_b1_pilot18.csv,v3_social_signal,unknown,d75c92993d2d,0.60,18,12,12,0.6666666666666666,0.16666666666666666,0.16666666666666666,0.16666666666666666,0.10606060606060605,0.3333333333333333,0.6666666666666666,0.8,0.7272727272727273,4,2,0
v4_social_signal_experiment_v4_prompt_think_true_oldgold_gemma4_26b_high_recall_minimal_v1_think_nojson_guard2_ctx32768_tok8192_b1_pilot30,v4_social_signal_experiment_v4_prompt_think_true_oldgold_gemma4_26b_high_recall_minimal_v1_think_nojson_guard2_ctx32768_tok8192_b1_pilot30.csv,v4_social_signal,gemma4:26b,8e2c7270d4ca,0.65,30,22,2,0.06666666666666667,1.0,0.09090909090909091,0.16666666666666666,0.08333333333333333,0.4222222222222222,1.0,0.10526315789473684,0.19047619047619047,0,17,36
v4_social_signal_experiment_v4_prompt_think_true_oldgold_gemma4_26b_high_recall_minimal_v1_think_nojson_guard2_ctx32768_tok8192_b1_pilot30,v4_social_signal_experiment_v4_prompt_think_true_oldgold_gemma4_26b_high_recall_minimal_v1_think_nojson_guard2_ctx32768_tok8192_b1_pilot30.csv,v4_social_signal,gemma4:26b,8e2c7270d4ca,0.70,30,22,2,0.06666666666666667,1.0,0.09090909090909091,0.16666666666666666,0.08333333333333333,0.4222222222222222,1.0,0.10526315789473684,0.19047619047619047,0,17,36
v4_social_signal_experiment_v4_prompt_think_true_oldgold_gemma4_26b_high_recall_minimal_v1_think_nojson_guard2_ctx32768_tok8192_b1_pilot30,v4_social_signal_experiment_v4_prompt_think_true_oldgold_gemma4_26b_high_recall_minimal_v1_think_nojson_guard2_ctx32768_tok8192_b1_pilot30.csv,v4_social_signal,gemma4:26b,8e2c7270d4ca,0.75,30,22,2,0.06666666666666667,1.0,0.09090909090909091,0.16666666666666666,0.08333333333333333,0.4222222222222222,1.0,0.10526315789473684,0.19047619047619047,0,17,36
v4_social_signal_experiment_v4_prompt_think_true_oldgold_gemma4_26b_high_recall_minimal_v1_think_nojson_guard2_ctx32768_tok8192_b1_pilot30,v4_social_signal_experiment_v4_prompt_think_true_oldgold_gemma4_26b_high_recall_minimal_v1_think_nojson_guard2_ctx32768_tok8192_b1_pilot30.csv,v4_social_signal,gemma4:26b,8e2c7270d4ca,0.80,30,22,2,0.06666666666666667,1.0,0.09090909090909091,0.16666666666666666,0.08333333333333333,0.4222222222222222,1.0,0.10526315789473684,0.19047619047619047,0,17,36
v4_social_signal_experiment_v4_prompt_think_true_oldgold_gemma4_26b_high_recall_minimal_v1_think_nojson_guard2_ctx32768_tok8192_b1_pilot30,v4_social_signal_experiment_v4_prompt_think_true_oldgold_gemma4_26b_high_recall_minimal_v1_think_nojson_guard2_ctx32768_tok8192_b1_pilot30.csv,v4_social_signal,gemma4:26b,8e2c7270d4ca,0.85,30,22,2,0.06666666666666667,1.0,0.09090909090909091,0.16666666666666666,0.08333333333333333,0.4222222222222222,1.0,0.10526315789473684,0.19047619047619047,0,17,36
v4_social_signal_experiment_v4_prompt_think_true_oldgold_gemma4_26b_high_recall_minimal_v1_think_nojson_guard2_ctx32768_tok8192_b1_pilot30,v4_social_signal_experiment_v4_prompt_think_true_oldgold_gemma4_26b_high_recall_minimal_v1_think_nojson_guard2_ctx32768_tok8192_b1_pilot30.csv,v4_social_signal,gemma4:26b,8e2c7270d4ca,0.90,30,22,2,0.06666666666666667,1.0,0.09090909090909091,0.16666666666666666,0.08333333333333333,0.4222222222222222,1.0,0.10526315789473684,0.19047619047619047,0,17,36
v4_social_signal_experiment_v4_prompt_think_true_oldgold_gemma4_26b_high_recall_minimal_v2_think_nojson_guard2_ctx32768_tok8192_b1_pilot30,v4_social_signal_experiment_v4_prompt_think_true_oldgold_gemma4_26b_high_recall_minimal_v2_think_nojson_guard2_ctx32768_tok8192_b1_pilot30.csv,v4_social_signal,gemma4:26b,a896f3b0d57b,0.65,30,22,2,0.06666666666666667,1.0,0.09090909090909091,0.16666666666666666,0.08333333333333333,0.4222222222222222,1.0,0.10526315789473684,0.19047619047619047,0,17,72
v4_social_signal_experiment_v4_prompt_think_true_oldgold_gemma4_26b_high_recall_minimal_v2_think_nojson_guard2_ctx32768_tok8192_b1_pilot30,v4_social_signal_experiment_v4_prompt_think_true_oldgold_gemma4_26b_high_recall_minimal_v2_think_nojson_guard2_ctx32768_tok8192_b1_pilot30.csv,v4_social_signal,gemma4:26b,a896f3b0d57b,0.70,30,22,2,0.06666666666666667,1.0,0.09090909090909091,0.16666666666666666,0.08333333333333333,0.4222222222222222,1.0,0.10526315789473684,0.19047619047619047,0,17,72
v4_social_signal_experiment_v4_prompt_think_true_oldgold_gemma4_26b_high_recall_minimal_v2_think_nojson_guard2_ctx32768_tok8192_b1_pilot30,v4_social_signal_experiment_v4_prompt_think_true_oldgold_gemma4_26b_high_recall_minimal_v2_think_nojson_guard2_ctx32768_tok8192_b1_pilot30.csv,v4_social_signal,gemma4:26b,a896f3b0d57b,0.75,30,22,2,0.06666666666666667,1.0,0.09090909090909091,0.16666666666666666,0.08333333333333333,0.4222222222222222,1.0,0.10526315789473684,0.19047619047619047,0,17,72
v4_social_signal_experiment_v4_prompt_think_true_oldgold_gemma4_26b_high_recall_minimal_v2_think_nojson_guard2_ctx32768_tok8192_b1_pilot30,v4_social_signal_experiment_v4_prompt_think_true_oldgold_gemma4_26b_high_recall_minimal_v2_think_nojson_guard2_ctx32768_tok8192_b1_pilot30.csv,v4_social_signal,gemma4:26b,a896f3b0d57b,0.80,30,22,2,0.06666666666666667,1.0,0.09090909090909091,0.16666666666666666,0.08333333333333333,0.4222222222222222,1.0,0.10526315789473684,0.19047619047619047,0,17,72
v4_social_signal_experiment_v4_prompt_think_true_oldgold_gemma4_26b_high_recall_minimal_v2_think_nojson_guard2_ctx32768_tok8192_b1_pilot30,v4_social_signal_experiment_v4_prompt_think_true_oldgold_gemma4_26b_high_recall_minimal_v2_think_nojson_guard2_ctx32768_tok8192_b1_pilot30.csv,v4_social_signal,gemma4:26b,a896f3b0d57b,0.85,30,22,2,0.06666666666666667,1.0,0.09090909090909091,0.16666666666666666,0.08333333333333333,0.4222222222222222,1.0,0.10526315789473684,0.19047619047619047,0,17,72
v4_social_signal_experiment_v4_prompt_think_true_oldgold_gemma4_26b_high_recall_minimal_v2_think_nojson_guard2_ctx32768_tok8192_b1_pilot30,v4_social_signal_experiment_v4_prompt_think_true_oldgold_gemma4_26b_high_recall_minimal_v2_think_nojson_guard2_ctx32768_tok8192_b1_pilot30.csv,v4_social_signal,gemma4:26b,a896f3b0d57b,0.90,30,22,2,0.06666666666666667,1.0,0.09090909090909091,0.16666666666666666,0.08333333333333333,0.4222222222222222,1.0,0.10526315789473684,0.19047619047619047,0,17,72
manual_dataset_prompt_search_best_balanced_recall_v2,manual_dataset_prompt_search_best_balanced_recall_v2.csv,prompt_search,unknown,190692fa4772,0.75,1000,915,104,0.104,0.7980769230769231,0.0907103825136612,0.16290480863591755,0.0594296306048077,0.3466666666666667,0.9711538461538461,0.1393103448275862,0.2436670687575392,3,624,0
manual_dataset_prompt_search_best_balanced_recall_v2,manual_dataset_prompt_search_best_balanced_recall_v2.csv,prompt_search,unknown,190692fa4772,0.80,1000,915,104,0.104,0.7980769230769231,0.0907103825136612,0.16290480863591755,0.0594296306048077,0.3466666666666667,0.9711538461538461,0.1393103448275862,0.2436670687575392,3,624,0
manual_dataset_prompt_search_best_balanced_recall_v2,manual_dataset_prompt_search_best_balanced_recall_v2.csv,prompt_search,unknown,190692fa4772,0.85,1000,915,104,0.104,0.7980769230769231,0.0907103825136612,0.16290480863591755,0.0594296306048077,0.3466666666666667,0.9711538461538461,0.1393103448275862,0.2436670687575392,3,624,0
manual_dataset_prompt_search_best_balanced_recall_v2,manual_dataset_prompt_search_best_balanced_recall_v2.csv,prompt_search,unknown,190692fa4772,0.90,1000,915,104,0.104,0.7980769230769231,0.0907103825136612,0.16290480863591755,0.0594296306048077,0.3466666666666667,0.9711538461538461,0.1393103448275862,0.2436670687575392,3,624,0
prompt_search_full_balanced_recall_v2_gemma4-e2b_5df03950348d_e98b1a3c5abc,prompt_search_full_balanced_recall_v2_gemma4-e2b_5df03950348d_e98b1a3c5abc.csv,prompt_search,gemma4:e2b,190692fa4772,0.75,1000,915,104,0.104,0.7980769230769231,0.0907103825136612,0.16290480863591755,0.0594296306048077,0.3466666666666667,0.9711538461538461,0.1393103448275862,0.2436670687575392,3,624,0
prompt_search_full_balanced_recall_v2_gemma4-e2b_5df03950348d_e98b1a3c5abc,prompt_search_full_balanced_recall_v2_gemma4-e2b_5df03950348d_e98b1a3c5abc.csv,prompt_search,gemma4:e2b,190692fa4772,0.80,1000,915,104,0.104,0.7980769230769231,0.0907103825136612,0.16290480863591755,0.0594296306048077,0.3466666666666667,0.9711538461538461,0.1393103448275862,0.2436670687575392,3,624,0
prompt_search_full_balanced_recall_v2_gemma4-e2b_5df03950348d_e98b1a3c5abc,prompt_search_full_balanced_recall_v2_gemma4-e2b_5df03950348d_e98b1a3c5abc.csv,prompt_search,gemma4:e2b,190692fa4772,0.85,1000,915,104,0.104,0.7980769230769231,0.0907103825136612,0.16290480863591755,0.0594296306048077,0.3466666666666667,0.9711538461538461,0.1393103448275862,0.2436670687575392,3,624,0
prompt_search_full_balanced_recall_v2_gemma4-e2b_5df03950348d_e98b1a3c5abc,prompt_search_full_balanced_recall_v2_gemma4-e2b_5df03950348d_e98b1a3c5abc.csv,prompt_search,gemma4:e2b,190692fa4772,0.90,1000,915,104,0.104,0.7980769230769231,0.0907103825136612,0.16290480863591755,0.0594296306048077,0.3466666666666667,0.9711538461538461,0.1393103448275862,0.2436670687575392,3,624,0
v4_social_signal_experiment_v4_prompt_think_false_compact_b1_ctx16k_pilot18,v4_social_signal_experiment_v4_prompt_think_false_compact_b1_ctx16k_pilot18.csv,v4_social_signal,unknown,81ecc52c462c,0.90,18,12,1,0.05555555555555555,1.0,0.08333333333333333,0.15384615384615385,0.09090909090909091,0.5,1.0,0.1,0.18181818181818182,0,9,0
v4_social_signal_experiment_v4_prompt_think_false_compact_b1_ctx16k_pilot18,v4_social_signal_experiment_v4_prompt_think_false_compact_b1_ctx16k_pilot18.csv,v4_social_signal,unknown,81ecc52c462c,0.95,18,12,1,0.05555555555555555,1.0,0.08333333333333333,0.15384615384615385,0.09090909090909091,0.5,1.0,0.1,0.18181818181818182,0,9,0
v4_social_signal_experiment_v4_prompt_think_false_compact_b1_ctx16k_text6k_pilot18,v4_social_signal_experiment_v4_prompt_think_false_compact_b1_ctx16k_text6k_pilot18.csv,v4_social_signal,unknown,1a1e7d7835ae,0.90,18,12,1,0.05555555555555555,1.0,0.08333333333333333,0.15384615384615385,0.09090909090909091,0.5,1.0,0.1,0.18181818181818182,0,9,0
v4_social_signal_experiment_v4_prompt_think_false_compact_b1_ctx16k_text6k_pilot18,v4_social_signal_experiment_v4_prompt_think_false_compact_b1_ctx16k_text6k_pilot18.csv,v4_social_signal,unknown,1a1e7d7835ae,0.95,18,12,1,0.05555555555555555,1.0,0.08333333333333333,0.15384615384615385,0.09090909090909091,0.5,1.0,0.1,0.18181818181818182,0,9,0
prompt_search_search_balanced_recall_v2_gemma4-e2b_5df03950348d_e98b1a3c5abc,prompt_search_search_balanced_recall_v2_gemma4-e2b_5df03950348d_e98b1a3c5abc.csv,prompt_search,gemma4:e2b,75900bdcb16e,0.65,300,307,32,0.10666666666666667,0.8125,0.08469055374592833,0.15339233038348082,0.0928904491853452,0.3138888888888889,1.0,0.13656387665198239,0.24031007751937986,0,196,0
prompt_search_search_balanced_recall_v2_gemma4-e2b_5df03950348d_e98b1a3c5abc,prompt_search_search_balanced_recall_v2_gemma4-e2b_5df03950348d_e98b1a3c5abc.csv,prompt_search,gemma4:e2b,75900bdcb16e,0.70,300,307,32,0.10666666666666667,0.8125,0.08469055374592833,0.15339233038348082,0.0928904491853452,0.3138888888888889,1.0,0.13656387665198239,0.24031007751937986,0,196,0
v4_social_signal_experiment_v4_prompt_think_false_compact_b1_ctx16k_search237.partial,v4_social_signal_experiment_v4_prompt_think_false_compact_b1_ctx16k_search237.partial.csv,v4_social_signal,unknown,235a3367ad2e,0.90,21,13,1,0.047619047619047616,1.0,0.07692307692307693,0.14285714285714285,0.09090909090909091,0.5238095238095238,1.0,0.09090909090909091,0.16666666666666666,0,10,0
v4_social_signal_experiment_v4_prompt_think_false_compact_b1_ctx16k_search237.partial,v4_social_signal_experiment_v4_prompt_think_false_compact_b1_ctx16k_search237.partial.csv,v4_social_signal,unknown,235a3367ad2e,0.95,21,13,1,0.047619047619047616,1.0,0.07692307692307693,0.14285714285714285,0.09090909090909091,0.5238095238095238,1.0,0.09090909090909091,0.16666666666666666,0,10,0
prompt_search_search_balanced_recall_v2_gemma4-e2b_5df03950348d_e98b1a3c5abc,prompt_search_search_balanced_recall_v2_gemma4-e2b_5df03950348d_e98b1a3c5abc.csv,prompt_search,gemma4:e2b,75900bdcb16e,0.75,300,307,28,0.09333333333333334,0.8214285714285714,0.0749185667752443,0.1373134328358209,0.07560825647782168,0.3055555555555555,1.0,0.12334801762114538,0.2196078431372549,0,199,0
prompt_search_search_balanced_recall_v2_gemma4-e2b_5df03950348d_e98b1a3c5abc,prompt_search_search_balanced_recall_v2_gemma4-e2b_5df03950348d_e98b1a3c5abc.csv,prompt_search,gemma4:e2b,75900bdcb16e,0.80,300,307,28,0.09333333333333334,0.8214285714285714,0.0749185667752443,0.1373134328358209,0.07560825647782168,0.3055555555555555,1.0,0.12334801762114538,0.2196078431372549,0,199,0
v3_social_signal_experiment_social_signal_v1_think_false,v3_social_signal_experiment_social_signal_v1_think_false.csv,v3_social_signal,unknown,489b91865994,0.35,18,12,3,0.16666666666666666,0.3333333333333333,0.08333333333333333,0.13333333333333333,0.09090909090909091,0.48148148148148145,1.0,0.2,0.3333333333333333,0,8,252
v3_social_signal_experiment_social_signal_v1_think_false,v3_social_signal_experiment_social_signal_v1_think_false.csv,v3_social_signal,unknown,489b91865994,0.40,18,12,3,0.16666666666666666,0.3333333333333333,0.08333333333333333,0.13333333333333333,0.09090909090909091,0.48148148148148145,1.0,0.2,0.3333333333333333,0,8,252
v3_social_signal_experiment_social_signal_v1_think_false,v3_social_signal_experiment_social_signal_v1_think_false.csv,v3_social_signal,unknown,489b91865994,0.45,18,12,3,0.16666666666666666,0.3333333333333333,0.08333333333333333,0.13333333333333333,0.09090909090909091,0.48148148148148145,1.0,0.2,0.3333333333333333,0,8,252
v3_social_signal_experiment_social_signal_v1_think_false,v3_social_signal_experiment_social_signal_v1_think_false.csv,v3_social_signal,unknown,489b91865994,0.50,18,12,3,0.16666666666666666,0.3333333333333333,0.08333333333333333,0.13333333333333333,0.09090909090909091,0.48148148148148145,1.0,0.2,0.3333333333333333,0,8,252
v3_social_signal_experiment_social_signal_v1_think_false,v3_social_signal_experiment_social_signal_v1_think_false.csv,v3_social_signal,unknown,489b91865994,0.55,18,12,3,0.16666666666666666,0.3333333333333333,0.08333333333333333,0.13333333333333333,0.09090909090909091,0.48148148148148145,1.0,0.2,0.3333333333333333,0,8,252
v3_social_signal_experiment_social_signal_v1_think_false,v3_social_signal_experiment_social_signal_v1_think_false.csv,v3_social_signal,unknown,489b91865994,0.60,18,12,3,0.16666666666666666,0.3333333333333333,0.08333333333333333,0.13333333333333333,0.09090909090909091,0.48148148148148145,1.0,0.2,0.3333333333333333,0,8,252
v3_social_signal_experiment_social_signal_v1_think_false_b1_pilot18,v3_social_signal_experiment_social_signal_v1_think_false_b1_pilot18.csv,v3_social_signal,unknown,3e5061e368e4,0.35,18,12,3,0.16666666666666666,0.3333333333333333,0.08333333333333333,0.13333333333333333,0.09090909090909091,0.48148148148148145,1.0,0.2,0.3333333333333333,0,8,252
v3_social_signal_experiment_social_signal_v1_think_false_b1_pilot18,v3_social_signal_experiment_social_signal_v1_think_false_b1_pilot18.csv,v3_social_signal,unknown,3e5061e368e4,0.40,18,12,3,0.16666666666666666,0.3333333333333333,0.08333333333333333,0.13333333333333333,0.09090909090909091,0.48148148148148145,1.0,0.2,0.3333333333333333,0,8,252
v3_social_signal_experiment_social_signal_v1_think_false_b1_pilot18,v3_social_signal_experiment_social_signal_v1_think_false_b1_pilot18.csv,v3_social_signal,unknown,3e5061e368e4,0.45,18,12,3,0.16666666666666666,0.3333333333333333,0.08333333333333333,0.13333333333333333,0.09090909090909091,0.48148148148148145,1.0,0.2,0.3333333333333333,0,8,252
v3_social_signal_experiment_social_signal_v1_think_false_b1_pilot18,v3_social_signal_experiment_social_signal_v1_think_false_b1_pilot18.csv,v3_social_signal,unknown,3e5061e368e4,0.50,18,12,3,0.16666666666666666,0.3333333333333333,0.08333333333333333,0.13333333333333333,0.09090909090909091,0.48148148148148145,1.0,0.2,0.3333333333333333,0,8,252
v3_social_signal_experiment_social_signal_v1_think_false_b1_pilot18,v3_social_signal_experiment_social_signal_v1_think_false_b1_pilot18.csv,v3_social_signal,unknown,3e5061e368e4,0.55,18,12,3,0.16666666666666666,0.3333333333333333,0.08333333333333333,0.13333333333333333,0.09090909090909091,0.48148148148148145,1.0,0.2,0.3333333333333333,0,8,252
v3_social_signal_experiment_social_signal_v1_think_false_b1_pilot18,v3_social_signal_experiment_social_signal_v1_think_false_b1_pilot18.csv,v3_social_signal,unknown,3e5061e368e4,0.60,18,12,3,0.16666666666666666,0.3333333333333333,0.08333333333333333,0.13333333333333333,0.09090909090909091,0.48148148148148145,1.0,0.2,0.3333333333333333,0,8,252
v3_social_signal_experiment_social_signal_v2_think_false,v3_social_signal_experiment_social_signal_v2_think_false.csv,v3_social_signal,unknown,28590321c640,0.35,18,12,3,0.16666666666666666,0.3333333333333333,0.08333333333333333,0.13333333333333333,0.09090909090909091,0.48148148148148145,1.0,0.2,0.3333333333333333,0,8,396
v3_social_signal_experiment_social_signal_v2_think_false,v3_social_signal_experiment_social_signal_v2_think_false.csv,v3_social_signal,unknown,28590321c640,0.40,18,12,3,0.16666666666666666,0.3333333333333333,0.08333333333333333,0.13333333333333333,0.09090909090909091,0.48148148148148145,1.0,0.2,0.3333333333333333,0,8,396
v3_social_signal_experiment_social_signal_v2_think_false,v3_social_signal_experiment_social_signal_v2_think_false.csv,v3_social_signal,unknown,28590321c640,0.45,18,12,3,0.16666666666666666,0.3333333333333333,0.08333333333333333,0.13333333333333333,0.09090909090909091,0.48148148148148145,1.0,0.2,0.3333333333333333,0,8,396
v3_social_signal_experiment_social_signal_v2_think_false,v3_social_signal_experiment_social_signal_v2_think_false.csv,v3_social_signal,unknown,28590321c640,0.50,18,12,3,0.16666666666666666,0.3333333333333333,0.08333333333333333,0.13333333333333333,0.09090909090909091,0.48148148148148145,1.0,0.2,0.3333333333333333,0,8,396
v3_social_signal_experiment_social_signal_v2_think_false,v3_social_signal_experiment_social_signal_v2_think_false.csv,v3_social_signal,unknown,28590321c640,0.55,18,12,3,0.16666666666666666,0.3333333333333333,0.08333333333333333,0.13333333333333333,0.09090909090909091,0.48148148148148145,1.0,0.2,0.3333333333333333,0,8,396
v3_social_signal_experiment_social_signal_v2_think_false,v3_social_signal_experiment_social_signal_v2_think_false.csv,v3_social_signal,unknown,28590321c640,0.60,18,12,3,0.16666666666666666,0.3333333333333333,0.08333333333333333,0.13333333333333333,0.09090909090909091,0.48148148148148145,1.0,0.2,0.3333333333333333,0,8,396
v3_social_signal_experiment_social_signal_v2_think_false_b1_pilot18,v3_social_signal_experiment_social_signal_v2_think_false_b1_pilot18.csv,v3_social_signal,unknown,663ea5d483d7,0.35,18,12,3,0.16666666666666666,0.3333333333333333,0.08333333333333333,0.13333333333333333,0.09090909090909091,0.48148148148148145,1.0,0.2,0.3333333333333333,0,8,396
v3_social_signal_experiment_social_signal_v2_think_false_b1_pilot18,v3_social_signal_experiment_social_signal_v2_think_false_b1_pilot18.csv,v3_social_signal,unknown,663ea5d483d7,0.40,18,12,3,0.16666666666666666,0.3333333333333333,0.08333333333333333,0.13333333333333333,0.09090909090909091,0.48148148148148145,1.0,0.2,0.3333333333333333,0,8,396
v3_social_signal_experiment_social_signal_v2_think_false_b1_pilot18,v3_social_signal_experiment_social_signal_v2_think_false_b1_pilot18.csv,v3_social_signal,unknown,663ea5d483d7,0.45,18,12,3,0.16666666666666666,0.3333333333333333,0.08333333333333333,0.13333333333333333,0.09090909090909091,0.48148148148148145,1.0,0.2,0.3333333333333333,0,8,396
v3_social_signal_experiment_social_signal_v2_think_false_b1_pilot18,v3_social_signal_experiment_social_signal_v2_think_false_b1_pilot18.csv,v3_social_signal,unknown,663ea5d483d7,0.50,18,12,3,0.16666666666666666,0.3333333333333333,0.08333333333333333,0.13333333333333333,0.09090909090909091,0.48148148148148145,1.0,0.2,0.3333333333333333,0,8,396
v3_social_signal_experiment_social_signal_v2_think_false_b1_pilot18,v3_social_signal_experiment_social_signal_v2_think_false_b1_pilot18.csv,v3_social_signal,unknown,663ea5d483d7,0.55,18,12,3,0.16666666666666666,0.3333333333333333,0.08333333333333333,0.13333333333333333,0.09090909090909091,0.48148148148148145,1.0,0.2,0.3333333333333333,0,8,396
v3_social_signal_experiment_social_signal_v2_think_false_b1_pilot18,v3_social_signal_experiment_social_signal_v2_think_false_b1_pilot18.csv,v3_social_signal,unknown,663ea5d483d7,0.60,18,12,3,0.16666666666666666,0.3333333333333333,0.08333333333333333,0.13333333333333333,0.09090909090909091,0.48148148148148145,1.0,0.2,0.3333333333333333,0,8,396
v3_social_signal_experiment_social_signal_v3_think_false_v3_b1_pilot18,v3_social_signal_experiment_social_signal_v3_think_false_v3_b1_pilot18.csv,v3_social_signal,unknown,56612fec7d13,0.65,18,12,3,0.16666666666666666,0.3333333333333333,0.08333333333333333,0.13333333333333333,0.09090909090909091,0.48148148148148145,1.0,0.3,0.46153846153846156,0,7,72
v3_social_signal_experiment_social_signal_v3_think_false_v3_b1_pilot18,v3_social_signal_experiment_social_signal_v3_think_false_v3_b1_pilot18.csv,v3_social_signal,unknown,56612fec7d13,0.70,18,12,3,0.16666666666666666,0.3333333333333333,0.08333333333333333,0.13333333333333333,0.09090909090909091,0.48148148148148145,1.0,0.3,0.46153846153846156,0,7,72
v3_social_signal_experiment_social_signal_v3_think_false_v3_b1_pilot18,v3_social_signal_experiment_social_signal_v3_think_false_v3_b1_pilot18.csv,v3_social_signal,unknown,56612fec7d13,0.75,18,12,3,0.16666666666666666,0.3333333333333333,0.08333333333333333,0.13333333333333333,0.09090909090909091,0.48148148148148145,1.0,0.3,0.46153846153846156,0,7,72
v3_social_signal_experiment_social_signal_v3_think_false_v3_b1_pilot18,v3_social_signal_experiment_social_signal_v3_think_false_v3_b1_pilot18.csv,v3_social_signal,unknown,56612fec7d13,0.80,18,12,3,0.16666666666666666,0.3333333333333333,0.08333333333333333,0.13333333333333333,0.09090909090909091,0.48148148148148145,1.0,0.3,0.46153846153846156,0,7,72
v3_social_signal_experiment_social_signal_v3_think_false_v3_b1_pilot18,v3_social_signal_experiment_social_signal_v3_think_false_v3_b1_pilot18.csv,v3_social_signal,unknown,56612fec7d13,0.85,18,12,3,0.16666666666666666,0.3333333333333333,0.08333333333333333,0.13333333333333333,0.09090909090909091,0.48148148148148145,1.0,0.3,0.46153846153846156,0,7,72
v3_social_signal_experiment_social_signal_v3_think_false_v3_b1_pilot18,v3_social_signal_experiment_social_signal_v3_think_false_v3_b1_pilot18.csv,v3_social_signal,unknown,56612fec7d13,0.90,18,12,3,0.16666666666666666,0.3333333333333333,0.08333333333333333,0.13333333333333333,0.09090909090909091,0.48148148148148145,1.0,0.3,0.46153846153846156,0,7,72
v4_social_signal_experiment_v4_prompt_think_false_compact_b1_ctx16k_text6k_pilot18,v4_social_signal_experiment_v4_prompt_think_false_compact_b1_ctx16k_text6k_pilot18.csv,v4_social_signal,unknown,1a1e7d7835ae,0.80,18,12,3,0.16666666666666666,0.3333333333333333,0.08333333333333333,0.13333333333333333,0.09090909090909091,0.5,1.0,0.3,0.46153846153846156,0,7,0
v4_social_signal_experiment_v4_prompt_think_false_compact_b1_ctx16k_text6k_pilot18,v4_social_signal_experiment_v4_prompt_think_false_compact_b1_ctx16k_text6k_pilot18.csv,v4_social_signal,unknown,1a1e7d7835ae,0.85,18,12,3,0.16666666666666666,0.3333333333333333,0.08333333333333333,0.13333333333333333,0.09090909090909091,0.5,1.0,0.3,0.46153846153846156,0,7,0
prompt_search_search_balanced_recall_v2_gemma4-e2b_5df03950348d_e98b1a3c5abc,prompt_search_search_balanced_recall_v2_gemma4-e2b_5df03950348d_e98b1a3c5abc.csv,prompt_search,gemma4:e2b,75900bdcb16e,0.85,300,307,27,0.09,0.8148148148148148,0.07166123778501629,0.1317365269461078,0.07464240310922234,0.30222222222222217,1.0,0.11894273127753303,0.2125984251968504,0,200,0
prompt_search_search_balanced_recall_v2_gemma4-e2b_5df03950348d_e98b1a3c5abc,prompt_search_search_balanced_recall_v2_gemma4-e2b_5df03950348d_e98b1a3c5abc.csv,prompt_search,gemma4:e2b,75900bdcb16e,0.90,300,307,27,0.09,0.8148148148148148,0.07166123778501629,0.1317365269461078,0.07464240310922234,0.30222222222222217,1.0,0.11894273127753303,0.2125984251968504,0,200,0
v4_social_signal_experiment_v4_prompt_think_true_gemma4_e4b_direct_brief_thinking_think_ctx16384_tok16384_n237,v4_social_signal_experiment_v4_prompt_think_true_gemma4_e4b_direct_brief_thinking_think_ctx16384_tok16384_n237.csv,v4_social_signal,gemma4:e4b,fb55dcc495b1,0.95,237,225,15,0.06329113924050633,0.8666666666666667,0.057777777777777775,0.10833333333333334,0.04035445707997065,0.34177215189873417,1.0,0.08928571428571429,0.16393442622950818,0,153,180
v3_social_signal_experiment_social_signal_v5_think_false_v5_b1_pilot18,v3_social_signal_experiment_social_signal_v5_think_false_v5_b1_pilot18.csv,v3_social_signal,unknown,d75c92993d2d,0.65,18,12,7,0.3888888888888889,0.14285714285714285,0.08333333333333333,0.10526315789473684,0.045454545454545456,0.4444444444444444,0.8571428571428571,0.6,0.7058823529411765,1,4,0
v3_social_signal_experiment_social_signal_v5_think_false_v5_b1_pilot18,v3_social_signal_experiment_social_signal_v5_think_false_v5_b1_pilot18.csv,v3_social_signal,unknown,d75c92993d2d,0.70,18,12,7,0.3888888888888889,0.14285714285714285,0.08333333333333333,0.10526315789473684,0.045454545454545456,0.4444444444444444,0.8571428571428571,0.6,0.7058823529411765,1,4,0
v3_social_signal_experiment_social_signal_v5_think_false_v5_b1_pilot18,v3_social_signal_experiment_social_signal_v5_think_false_v5_b1_pilot18.csv,v3_social_signal,unknown,d75c92993d2d,0.75,18,12,7,0.3888888888888889,0.14285714285714285,0.08333333333333333,0.10526315789473684,0.045454545454545456,0.4444444444444444,0.8571428571428571,0.6,0.7058823529411765,1,4,0
v3_social_signal_experiment_social_signal_v5_think_false_v5_b1_pilot18,v3_social_signal_experiment_social_signal_v5_think_false_v5_b1_pilot18.csv,v3_social_signal,unknown,d75c92993d2d,0.80,18,12,7,0.3888888888888889,0.14285714285714285,0.08333333333333333,0.10526315789473684,0.045454545454545456,0.4444444444444444,0.8571428571428571,0.6,0.7058823529411765,1,4,0
v3_social_signal_experiment_social_signal_v5_think_false_v5_b1_pilot18,v3_social_signal_experiment_social_signal_v5_think_false_v5_b1_pilot18.csv,v3_social_signal,unknown,d75c92993d2d,0.85,18,12,7,0.3888888888888889,0.14285714285714285,0.08333333333333333,0.10526315789473684,0.045454545454545456,0.4444444444444444,0.8571428571428571,0.6,0.7058823529411765,1,4,0
v3_social_signal_experiment_social_signal_v5_think_false_v5_b1_pilot18,v3_social_signal_experiment_social_signal_v5_think_false_v5_b1_pilot18.csv,v3_social_signal,unknown,d75c92993d2d,0.90,18,12,7,0.3888888888888889,0.14285714285714285,0.08333333333333333,0.10526315789473684,0.045454545454545456,0.4444444444444444,0.8571428571428571,0.6,0.7058823529411765,1,4,0
thinking_recall_experiment_latent_candidate_v2_think_true,thinking_recall_experiment_latent_candidate_v2_think_true.csv,thinking_recall,unknown,3015cc219ab8,0.35,300,307,32,0.10666666666666667,0.40625,0.04234527687296417,0.07669616519174041,0.04713064713064714,0.2544444444444444,0.7407407407407407,0.0881057268722467,0.15748031496062992,7,207,0
thinking_recall_experiment_latent_candidate_v2_think_true,thinking_recall_experiment_latent_candidate_v2_think_true.csv,thinking_recall,unknown,3015cc219ab8,0.40,300,307,32,0.10666666666666667,0.40625,0.04234527687296417,0.07669616519174041,0.04713064713064714,0.2544444444444444,0.7407407407407407,0.0881057268722467,0.15748031496062992,7,207,0
thinking_recall_experiment_latent_candidate_v2_think_true,thinking_recall_experiment_latent_candidate_v2_think_true.csv,thinking_recall,unknown,3015cc219ab8,0.45,300,307,32,0.10666666666666667,0.40625,0.04234527687296417,0.07669616519174041,0.04713064713064714,0.2544444444444444,0.7407407407407407,0.0881057268722467,0.15748031496062992,7,207,0
thinking_recall_experiment_latent_candidate_v2_think_true,thinking_recall_experiment_latent_candidate_v2_think_true.csv,thinking_recall,unknown,3015cc219ab8,0.50,300,307,32,0.10666666666666667,0.40625,0.04234527687296417,0.07669616519174041,0.04713064713064714,0.2544444444444444,0.7407407407407407,0.0881057268722467,0.15748031496062992,7,207,0
thinking_recall_experiment_latent_candidate_v2_think_true,thinking_recall_experiment_latent_candidate_v2_think_true.csv,thinking_recall,unknown,3015cc219ab8,0.55,300,307,32,0.10666666666666667,0.40625,0.04234527687296417,0.07669616519174041,0.04713064713064714,0.2544444444444444,0.7407407407407407,0.0881057268722467,0.15748031496062992,7,207,0
thinking_recall_experiment_latent_candidate_v2_think_true,thinking_recall_experiment_latent_candidate_v2_think_true.csv,thinking_recall,unknown,3015cc219ab8,0.60,300,307,32,0.10666666666666667,0.40625,0.04234527687296417,0.07669616519174041,0.04713064713064714,0.2544444444444444,0.7407407407407407,0.0881057268722467,0.15748031496062992,7,207,0
thinking_recall_experiment_latent_candidate_v2_think_true,thinking_recall_experiment_latent_candidate_v2_think_true.csv,thinking_recall,unknown,3015cc219ab8,0.05,300,307,37,0.12333333333333334,0.35135135135135137,0.04234527687296417,0.0755813953488372,0.04401548108641929,0.2472222222222222,0.6896551724137931,0.0881057268722467,0.15625,9,207,0
thinking_recall_experiment_latent_candidate_v2_think_true,thinking_recall_experiment_latent_candidate_v2_think_true.csv,thinking_recall,unknown,3015cc219ab8,0.10,300,307,37,0.12333333333333334,0.35135135135135137,0.04234527687296417,0.0755813953488372,0.04401548108641929,0.2472222222222222,0.6896551724137931,0.0881057268722467,0.15625,9,207,0
thinking_recall_experiment_latent_candidate_v2_think_true,thinking_recall_experiment_latent_candidate_v2_think_true.csv,thinking_recall,unknown,3015cc219ab8,0.15,300,307,37,0.12333333333333334,0.35135135135135137,0.04234527687296417,0.0755813953488372,0.04401548108641929,0.2472222222222222,0.6896551724137931,0.0881057268722467,0.15625,9,207,0
thinking_recall_experiment_latent_candidate_v2_think_true,thinking_recall_experiment_latent_candidate_v2_think_true.csv,thinking_recall,unknown,3015cc219ab8,0.20,300,307,37,0.12333333333333334,0.35135135135135137,0.04234527687296417,0.0755813953488372,0.04401548108641929,0.2472222222222222,0.6896551724137931,0.0881057268722467,0.15625,9,207,0
thinking_recall_experiment_latent_candidate_v2_think_true,thinking_recall_experiment_latent_candidate_v2_think_true.csv,thinking_recall,unknown,3015cc219ab8,0.25,300,307,37,0.12333333333333334,0.35135135135135137,0.04234527687296417,0.0755813953488372,0.04401548108641929,0.2472222222222222,0.6896551724137931,0.0881057268722467,0.15625,9,207,0
thinking_recall_experiment_latent_candidate_v2_think_true,thinking_recall_experiment_latent_candidate_v2_think_true.csv,thinking_recall,unknown,3015cc219ab8,0.30,300,307,37,0.12333333333333334,0.35135135135135137,0.04234527687296417,0.0755813953488372,0.04401548108641929,0.2472222222222222,0.6896551724137931,0.0881057268722467,0.15625,9,207,0
thinking_recall_experiment_latent_candidate_v2_think_true,thinking_recall_experiment_latent_candidate_v2_think_true.csv,thinking_recall,unknown,3015cc219ab8,default,300,307,23,0.07666666666666666,0.43478260869565216,0.03257328990228013,0.06060606060606061,0.03084355258268302,0.255,0.7777777777777778,0.06167400881057269,0.11428571428571428,4,213,0
v4_social_signal_experiment_v4_prompt_think_true_gemma4_e4b_gold_mimic_broad_v1_think_ctx16384_tok16384_n237,v4_social_signal_experiment_v4_prompt_think_true_gemma4_e4b_gold_mimic_broad_v1_think_ctx16384_tok16384_n237.csv,v4_social_signal,gemma4:e4b,183047e552a4,0.95,237,225,7,0.029535864978902954,1.0,0.03111111111111111,0.0603448275862069,0.022413793103448276,0.31856540084388185,1.0,0.041666666666666664,0.08,0,161,108
thinking_recall_experiment_recall_max_v1_think_false,thinking_recall_experiment_recall_max_v1_think_false.csv,thinking_recall,unknown,514327296305,0.95,300,307,4,0.013333333333333334,1.0,0.013029315960912053,0.02572347266881029,0.009656887305386998,0.25333333333333335,1.0,0.01762114537444934,0.03463203463203463,0,223,0
thinking_recall_experiment_latent_candidate_v3_think_true,thinking_recall_experiment_latent_candidate_v3_think_true.csv,thinking_recall,unknown,bb921bff4057,0.95,300,307,5,0.016666666666666666,0.8,0.013029315960912053,0.02564102564102564,0.0463768115942029,0.2522222222222222,1.0,0.022026431718061675,0.04310344827586207,0,222,0
manual_dataset_prompt_search_best_balanced_recall_v2,manual_dataset_prompt_search_best_balanced_recall_v2.csv,prompt_search,unknown,190692fa4772,0.95,1000,915,10,0.01,1.0,0.01092896174863388,0.021621621621621623,0.007593801526693304,0.2836666666666666,1.0,0.013793103448275862,0.027210884353741496,0,715,0
prompt_search_full_balanced_recall_v2_gemma4-e2b_5df03950348d_e98b1a3c5abc,prompt_search_full_balanced_recall_v2_gemma4-e2b_5df03950348d_e98b1a3c5abc.csv,prompt_search,gemma4:e2b,190692fa4772,0.95,1000,915,10,0.01,1.0,0.01092896174863388,0.021621621621621623,0.007593801526693304,0.2836666666666666,1.0,0.013793103448275862,0.027210884353741496,0,715,0
thinking_recall_experiment_recall_max_v1_think_true,thinking_recall_experiment_recall_max_v1_think_true.csv,thinking_recall,unknown,84e7d519ea4f,0.95,300,307,3,0.01,1.0,0.009771986970684038,0.01935483870967742,0.008359633834220484,0.25,1.0,0.013215859030837005,0.02608695652173913,0,224,0
prompt_search_search_balanced_recall_v2_gemma4-e2b_5df03950348d_e98b1a3c5abc,prompt_search_search_balanced_recall_v2_gemma4-e2b_5df03950348d_e98b1a3c5abc.csv,prompt_search,gemma4:e2b,75900bdcb16e,0.95,300,307,4,0.013333333333333334,0.75,0.009771986970684038,0.01929260450160772,0.0038427755819060165,0.25333333333333335,1.0,0.01762114537444934,0.03463203463203463,0,223,0
prompt_search_search_production_v1_gemma4-e2b_5df03950348d_b6a2d2f27b85,prompt_search_search_production_v1_gemma4-e2b_5df03950348d_b6a2d2f27b85.csv,prompt_search,gemma4:e2b,1966ab98167c,0.65,300,307,4,0.013333333333333334,0.75,0.009771986970684038,0.01929260450160772,0.013823857302118171,0.2511111111111111,1.0,0.01762114537444934,0.03463203463203463,0,223,0
prompt_search_search_production_v1_gemma4-e2b_5df03950348d_b6a2d2f27b85,prompt_search_search_production_v1_gemma4-e2b_5df03950348d_b6a2d2f27b85.csv,prompt_search,gemma4:e2b,1966ab98167c,0.70,300,307,4,0.013333333333333334,0.75,0.009771986970684038,0.01929260450160772,0.013823857302118171,0.2511111111111111,1.0,0.01762114537444934,0.03463203463203463,0,223,0
prompt_search_search_production_v1_gemma4-e2b_5df03950348d_b6a2d2f27b85,prompt_search_search_production_v1_gemma4-e2b_5df03950348d_b6a2d2f27b85.csv,prompt_search,gemma4:e2b,1966ab98167c,0.75,300,307,4,0.013333333333333334,0.75,0.009771986970684038,0.01929260450160772,0.013823857302118171,0.2511111111111111,1.0,0.01762114537444934,0.03463203463203463,0,223,0
prompt_search_search_production_v1_gemma4-e2b_5df03950348d_b6a2d2f27b85,prompt_search_search_production_v1_gemma4-e2b_5df03950348d_b6a2d2f27b85.csv,prompt_search,gemma4:e2b,1966ab98167c,0.80,300,307,4,0.013333333333333334,0.75,0.009771986970684038,0.01929260450160772,0.013823857302118171,0.2511111111111111,1.0,0.01762114537444934,0.03463203463203463,0,223,0
prompt_search_search_production_v1_gemma4-e2b_5df03950348d_b6a2d2f27b85,prompt_search_search_production_v1_gemma4-e2b_5df03950348d_b6a2d2f27b85.csv,prompt_search,gemma4:e2b,1966ab98167c,0.85,300,307,4,0.013333333333333334,0.75,0.009771986970684038,0.01929260450160772,0.013823857302118171,0.2511111111111111,1.0,0.01762114537444934,0.03463203463203463,0,223,0
prompt_search_search_production_v1_gemma4-e2b_5df03950348d_b6a2d2f27b85,prompt_search_search_production_v1_gemma4-e2b_5df03950348d_b6a2d2f27b85.csv,prompt_search,gemma4:e2b,1966ab98167c,0.90,300,307,4,0.013333333333333334,0.75,0.009771986970684038,0.01929260450160772,0.013823857302118171,0.2511111111111111,1.0,0.01762114537444934,0.03463203463203463,0,223,0
prompt_search_search_production_v1_gemma4-e2b_5df03950348d_b6a2d2f27b85,prompt_search_search_production_v1_gemma4-e2b_5df03950348d_b6a2d2f27b85.csv,prompt_search,gemma4:e2b,1966ab98167c,0.95,300,307,4,0.013333333333333334,0.75,0.009771986970684038,0.01929260450160772,0.013823857302118171,0.2511111111111111,1.0,0.01762114537444934,0.03463203463203463,0,223,0
manual_dataset_llm_predictions_gemma4-e2b_social-risk-classification-v1_5df03950348d_033f6fd8763b,manual_dataset_llm_predictions_gemma4-e2b_social-risk-classification-v1_5df03950348d_033f6fd8763b.csv,other,gemma4:e2b,c7e7526ea7fe,0.65,1000,915,9,0.009,0.7777777777777778,0.007650273224043716,0.015151515151515152,0.008951801007617721,0.281,1.0,0.012413793103448275,0.02452316076294278,0,716,0
manual_dataset_llm_predictions_gemma4-e2b_social-risk-classification-v1_5df03950348d_033f6fd8763b,manual_dataset_llm_predictions_gemma4-e2b_social-risk-classification-v1_5df03950348d_033f6fd8763b.csv,other,gemma4:e2b,c7e7526ea7fe,0.70,1000,915,9,0.009,0.7777777777777778,0.007650273224043716,0.015151515151515152,0.008951801007617721,0.281,1.0,0.012413793103448275,0.02452316076294278,0,716,0
manual_dataset_llm_predictions_gemma4-e2b_social-risk-classification-v1_5df03950348d_033f6fd8763b,manual_dataset_llm_predictions_gemma4-e2b_social-risk-classification-v1_5df03950348d_033f6fd8763b.csv,other,gemma4:e2b,c7e7526ea7fe,0.75,1000,915,9,0.009,0.7777777777777778,0.007650273224043716,0.015151515151515152,0.008951801007617721,0.281,1.0,0.012413793103448275,0.02452316076294278,0,716,0
manual_dataset_llm_predictions_gemma4-e2b_social-risk-classification-v1_5df03950348d_033f6fd8763b,manual_dataset_llm_predictions_gemma4-e2b_social-risk-classification-v1_5df03950348d_033f6fd8763b.csv,other,gemma4:e2b,c7e7526ea7fe,0.80,1000,915,9,0.009,0.7777777777777778,0.007650273224043716,0.015151515151515152,0.008951801007617721,0.281,1.0,0.012413793103448275,0.02452316076294278,0,716,0
manual_dataset_llm_predictions_gemma4-e2b_social-risk-classification-v1_5df03950348d_033f6fd8763b,manual_dataset_llm_predictions_gemma4-e2b_social-risk-classification-v1_5df03950348d_033f6fd8763b.csv,other,gemma4:e2b,c7e7526ea7fe,0.85,1000,915,9,0.009,0.7777777777777778,0.007650273224043716,0.015151515151515152,0.008951801007617721,0.281,1.0,0.012413793103448275,0.02452316076294278,0,716,0
manual_dataset_llm_predictions_gemma4-e2b_social-risk-classification-v1_5df03950348d_033f6fd8763b,manual_dataset_llm_predictions_gemma4-e2b_social-risk-classification-v1_5df03950348d_033f6fd8763b.csv,other,gemma4:e2b,c7e7526ea7fe,0.90,1000,915,9,0.009,0.7777777777777778,0.007650273224043716,0.015151515151515152,0.008951801007617721,0.281,1.0,0.012413793103448275,0.02452316076294278,0,716,0
manual_dataset_llm_predictions_gemma4-e2b_social-risk-classification-v1_5df03950348d_033f6fd8763b,manual_dataset_llm_predictions_gemma4-e2b_social-risk-classification-v1_5df03950348d_033f6fd8763b.csv,other,gemma4:e2b,c7e7526ea7fe,0.95,1000,915,9,0.009,0.7777777777777778,0.007650273224043716,0.015151515151515152,0.008951801007617721,0.281,1.0,0.012413793103448275,0.02452316076294278,0,716,0
prompt_search_full_production_v1_gemma4-e2b_5df03950348d_b6a2d2f27b85,prompt_search_full_production_v1_gemma4-e2b_5df03950348d_b6a2d2f27b85.csv,prompt_search,gemma4:e2b,c7e7526ea7fe,0.65,1000,915,9,0.009,0.7777777777777778,0.007650273224043716,0.015151515151515152,0.008951801007617721,0.281,1.0,0.012413793103448275,0.02452316076294278,0,716,0
prompt_search_full_production_v1_gemma4-e2b_5df03950348d_b6a2d2f27b85,prompt_search_full_production_v1_gemma4-e2b_5df03950348d_b6a2d2f27b85.csv,prompt_search,gemma4:e2b,c7e7526ea7fe,0.70,1000,915,9,0.009,0.7777777777777778,0.007650273224043716,0.015151515151515152,0.008951801007617721,0.281,1.0,0.012413793103448275,0.02452316076294278,0,716,0
prompt_search_full_production_v1_gemma4-e2b_5df03950348d_b6a2d2f27b85,prompt_search_full_production_v1_gemma4-e2b_5df03950348d_b6a2d2f27b85.csv,prompt_search,gemma4:e2b,c7e7526ea7fe,0.75,1000,915,9,0.009,0.7777777777777778,0.007650273224043716,0.015151515151515152,0.008951801007617721,0.281,1.0,0.012413793103448275,0.02452316076294278,0,716,0
prompt_search_full_production_v1_gemma4-e2b_5df03950348d_b6a2d2f27b85,prompt_search_full_production_v1_gemma4-e2b_5df03950348d_b6a2d2f27b85.csv,prompt_search,gemma4:e2b,c7e7526ea7fe,0.80,1000,915,9,0.009,0.7777777777777778,0.007650273224043716,0.015151515151515152,0.008951801007617721,0.281,1.0,0.012413793103448275,0.02452316076294278,0,716,0
prompt_search_full_production_v1_gemma4-e2b_5df03950348d_b6a2d2f27b85,prompt_search_full_production_v1_gemma4-e2b_5df03950348d_b6a2d2f27b85.csv,prompt_search,gemma4:e2b,c7e7526ea7fe,0.85,1000,915,9,0.009,0.7777777777777778,0.007650273224043716,0.015151515151515152,0.008951801007617721,0.281,1.0,0.012413793103448275,0.02452316076294278,0,716,0
prompt_search_full_production_v1_gemma4-e2b_5df03950348d_b6a2d2f27b85,prompt_search_full_production_v1_gemma4-e2b_5df03950348d_b6a2d2f27b85.csv,prompt_search,gemma4:e2b,c7e7526ea7fe,0.90,1000,915,9,0.009,0.7777777777777778,0.007650273224043716,0.015151515151515152,0.008951801007617721,0.281,1.0,0.012413793103448275,0.02452316076294278,0,716,0
prompt_search_full_production_v1_gemma4-e2b_5df03950348d_b6a2d2f27b85,prompt_search_full_production_v1_gemma4-e2b_5df03950348d_b6a2d2f27b85.csv,prompt_search,gemma4:e2b,c7e7526ea7fe,0.95,1000,915,9,0.009,0.7777777777777778,0.007650273224043716,0.015151515151515152,0.008951801007617721,0.281,1.0,0.012413793103448275,0.02452316076294278,0,716,0
grouped_event_v1_search_think_true,grouped_event_v1_search_think_true.csv,grouped_event,unknown,f9983b73e7df,0.95,300,307,2,0.006666666666666667,1.0,0.006514657980456026,0.012944983818770227,0.05016722408026755,0.24777777777777776,1.0,0.00881057268722467,0.017467248908296942,0,225,0
v4_social_signal_experiment_v4_prompt_think_false_v4full965_qwen36_35b_iq3_high_recall_minimal_v3_nothink_json_ctx32768_tok16384_b2.partial,v4_social_signal_experiment_v4_prompt_think_false_v4full965_qwen36_35b_iq3_high_recall_minimal_v3_nothink_json_ctx32768_tok16384_b2.partial.csv,v4_social_signal,qwen3.6-35b:iq3,58842682e0be,0.95,394,369,0,0.0,0.0,0.0,0.0,0.0,0.2918781725888325,0.0,0.0,0.0,0,279,0
prompt_search_search_few_shot_major_v3_gemma4-e2b_5df03950348d_0c3d39008fbb,prompt_search_search_few_shot_major_v3_gemma4-e2b_5df03950348d_0c3d39008fbb.csv,prompt_search,gemma4:e2b,9d0229df475d,0.95,300,307,0,0.0,0.0,0.0,0.0,0.0,0.24333333333333335,0.0,0.0,0.0,0,227,0
prompt_search_search_primary_first_v2_gemma4-e2b_5df03950348d_5f153b0981f2,prompt_search_search_primary_first_v2_gemma4-e2b_5df03950348d_5f153b0981f2.csv,prompt_search,gemma4:e2b,65bd6f8c74ef,0.95,300,307,0,0.0,0.0,0.0,0.0,0.0,0.24333333333333335,0.0,0.0,0.0,0,227,0
thinking_recall_experiment_latent_candidate_v2_think_true,thinking_recall_experiment_latent_candidate_v2_think_true.csv,thinking_recall,unknown,3015cc219ab8,0.65,300,307,0,0.0,0.0,0.0,0.0,0.0,0.24333333333333335,0.0,0.0,0.0,0,227,0
thinking_recall_experiment_latent_candidate_v2_think_true,thinking_recall_experiment_latent_candidate_v2_think_true.csv,thinking_recall,unknown,3015cc219ab8,0.70,300,307,0,0.0,0.0,0.0,0.0,0.0,0.24333333333333335,0.0,0.0,0.0,0,227,0
thinking_recall_experiment_latent_candidate_v2_think_true,thinking_recall_experiment_latent_candidate_v2_think_true.csv,thinking_recall,unknown,3015cc219ab8,0.75,300,307,0,0.0,0.0,0.0,0.0,0.0,0.24333333333333335,0.0,0.0,0.0,0,227,0
thinking_recall_experiment_latent_candidate_v2_think_true,thinking_recall_experiment_latent_candidate_v2_think_true.csv,thinking_recall,unknown,3015cc219ab8,0.80,300,307,0,0.0,0.0,0.0,0.0,0.0,0.24333333333333335,0.0,0.0,0.0,0,227,0
thinking_recall_experiment_latent_candidate_v2_think_true,thinking_recall_experiment_latent_candidate_v2_think_true.csv,thinking_recall,unknown,3015cc219ab8,0.85,300,307,0,0.0,0.0,0.0,0.0,0.0,0.24333333333333335,0.0,0.0,0.0,0,227,0
thinking_recall_experiment_latent_candidate_v2_think_true,thinking_recall_experiment_latent_candidate_v2_think_true.csv,thinking_recall,unknown,3015cc219ab8,0.90,300,307,0,0.0,0.0,0.0,0.0,0.0,0.24333333333333335,0.0,0.0,0.0,0,227,0
thinking_recall_experiment_latent_candidate_v2_think_true,thinking_recall_experiment_latent_candidate_v2_think_true.csv,thinking_recall,unknown,3015cc219ab8,0.95,300,307,0,0.0,0.0,0.0,0.0,0.0,0.24333333333333335,0.0,0.0,0.0,0,227,0
v4_social_signal_experiment_v4_prompt_think_false_v4full965_qwen36_35b_iq3_social_signal_v5_nothink_json_ctx32768_tok16384_b2.partial,v4_social_signal_experiment_v4_prompt_think_false_v4full965_qwen36_35b_iq3_social_signal_v5_nothink_json_ctx32768_tok16384_b2.partial.csv,v4_social_signal,qwen3.6-35b:iq3,554ea15ec5e9,0.95,240,227,0,0.0,0.0,0.0,0.0,0.0,0.29583333333333334,0.0,0.0,0.0,0,169,0
v3_social_signal_experiment_social_signal_v3_think_false_v3_b1_search237,v3_social_signal_experiment_social_signal_v3_think_false_v3_b1_search237.csv,v3_social_signal,unknown,3c670b98b753,0.95,237,252,0,0.0,0.0,0.0,0.0,0.0,0.2320675105485232,0.0,0.0,0.0,0,182,288
v3_social_signal_experiment_social_signal_v3_think_true_v3_b1_search237_think,v3_social_signal_experiment_social_signal_v3_think_true_v3_b1_search237_think.csv,v3_social_signal,unknown,10088fd15039,0.95,237,252,0,0.0,0.0,0.0,0.0,0.0,0.2320675105485232,0.0,0.0,0.0,0,182,0
v3_social_signal_experiment_social_signal_v4_think_false_v4_b1_search237,v3_social_signal_experiment_social_signal_v4_think_false_v4_b1_search237.csv,v3_social_signal,unknown,cbf1a7eb8e56,0.95,237,252,0,0.0,0.0,0.0,0.0,0.0,0.2320675105485232,0.0,0.0,0.0,0,182,576
v3_social_signal_experiment_social_signal_v5_think_false_gemma4_e4b_v5_b1_search237,v3_social_signal_experiment_social_signal_v5_think_false_gemma4_e4b_v5_b1_search237.csv,v3_social_signal,gemma4:e4b,04d3ea2f998f,0.95,237,252,0,0.0,0.0,0.0,0.0,0.0,0.2320675105485232,0.0,0.0,0.0,0,182,0
v3_social_signal_experiment_social_signal_v5_think_false_qwen35_9b_v5_b1_search237,v3_social_signal_experiment_social_signal_v5_think_false_qwen35_9b_v5_b1_search237.csv,v3_social_signal,qwen35-9b,b70f408920e6,0.95,237,252,0,0.0,0.0,0.0,0.0,0.0,0.2320675105485232,0.0,0.0,0.0,0,182,0
v3_social_signal_experiment_social_signal_v5_think_false_qwen36_35b_iq3_ctx16k_v5_b1_search237_full,v3_social_signal_experiment_social_signal_v5_think_false_qwen36_35b_iq3_ctx16k_v5_b1_search237_full.csv,v3_social_signal,qwen3.6-35b:iq3,1e1ab681c168,0.95,237,252,0,0.0,0.0,0.0,0.0,0.0,0.2320675105485232,0.0,0.0,0.0,0,182,0
v3_social_signal_experiment_social_signal_v5_think_false_v5_b1_search237,v3_social_signal_experiment_social_signal_v5_think_false_v5_b1_search237.csv,v3_social_signal,unknown,b274cd65cc1c,0.95,237,252,0,0.0,0.0,0.0,0.0,0.0,0.2320675105485232,0.0,0.0,0.0,0,182,144
v4_social_signal_experiment_v4_prompt_think_false_v4full965_gemma4_26b_high_recall_minimal_v2_nothink_json_ctx32768_tok16384_b2.partial,v4_social_signal_experiment_v4_prompt_think_false_v4full965_gemma4_26b_high_recall_minimal_v2_nothink_json_ctx32768_tok16384_b2.partial.csv,v4_social_signal,gemma4:26b,0a2e5abeca01,0.95,78,60,0,0.0,0.0,0.0,0.0,0.0,0.358974358974359,0.0,0.0,0.0,0,50,0
v4_social_signal_experiment_v4_prompt_think_false_v4pilot60_gemma4_26b_high_recall_minimal_v3_nothink_json_ctx32768_tok16384_b2,v4_social_signal_experiment_v4_prompt_think_false_v4pilot60_gemma4_26b_high_recall_minimal_v3_nothink_json_ctx32768_tok16384_b2.csv,v4_social_signal,gemma4:26b,698b84695b21,0.95,41,37,0,0.0,0.0,0.0,0.0,0.0,0.2926829268292683,0.0,0.0,0.0,0,29,0
v4_social_signal_experiment_v4_prompt_think_false_v4pilot60_qwen35_9b_high_recall_minimal_v3_nothink_json_ctx32768_tok16384_b2,v4_social_signal_experiment_v4_prompt_think_false_v4pilot60_qwen35_9b_high_recall_minimal_v3_nothink_json_ctx32768_tok16384_b2.csv,v4_social_signal,qwen35-9b,cbe12b087c57,0.95,41,37,0,0.0,0.0,0.0,0.0,0.0,0.2926829268292683,0.0,0.0,0.0,0,29,0
v4_social_signal_experiment_v4_prompt_think_true_v4pilot60_gemma4_26b_high_recall_minimal_v3_think_nojson_guard2_ctx32768_tok8192_b1,v4_social_signal_experiment_v4_prompt_think_true_v4pilot60_gemma4_26b_high_recall_minimal_v3_think_nojson_guard2_ctx32768_tok8192_b1.csv,v4_social_signal,gemma4:26b,a459ae22b30f,0.95,41,37,0,0.0,0.0,0.0,0.0,0.0,0.2926829268292683,0.0,0.0,0.0,0,29,72
v3_social_signal_experiment_social_signal_v5_think_false_qwen36_35b_iq3_ctx16k_v5_b1_pilot30,v3_social_signal_experiment_social_signal_v5_think_false_qwen36_35b_iq3_ctx16k_v5_b1_pilot30.csv,v3_social_signal,qwen3.6-35b:iq3,1c1120950e4a,0.95,30,22,0,0.0,0.0,0.0,0.0,0.0,0.36666666666666664,0.0,0.0,0.0,0,19,0
v3_social_signal_experiment_social_signal_v5_think_false_qwen36_35b_iq3_v5_b1_pilot30,v3_social_signal_experiment_social_signal_v5_think_false_qwen36_35b_iq3_v5_b1_pilot30.csv,v3_social_signal,qwen3.6-35b:iq3,b8b627b7f630,0.95,30,22,0,0.0,0.0,0.0,0.0,0.0,0.36666666666666664,0.0,0.0,0.0,0,19,0
v4_social_signal_experiment_v4_prompt_think_true_oldgold_gemma4_26b_high_recall_minimal_v1_think_nojson_guard2_ctx32768_tok8192_b1_pilot30,v4_social_signal_experiment_v4_prompt_think_true_oldgold_gemma4_26b_high_recall_minimal_v1_think_nojson_guard2_ctx32768_tok8192_b1_pilot30.csv,v4_social_signal,gemma4:26b,8e2c7270d4ca,0.95,30,22,0,0.0,0.0,0.0,0.0,0.0,0.36666666666666664,0.0,0.0,0.0,0,19,36
v4_social_signal_experiment_v4_prompt_think_true_oldgold_gemma4_26b_high_recall_minimal_v2_think_nojson_guard2_ctx32768_tok8192_b1_pilot30,v4_social_signal_experiment_v4_prompt_think_true_oldgold_gemma4_26b_high_recall_minimal_v2_think_nojson_guard2_ctx32768_tok8192_b1_pilot30.csv,v4_social_signal,gemma4:26b,a896f3b0d57b,0.95,30,22,0,0.0,0.0,0.0,0.0,0.0,0.36666666666666664,0.0,0.0,0.0,0,19,72
v3_social_signal_experiment_social_signal_v1_think_false,v3_social_signal_experiment_social_signal_v1_think_false.csv,v3_social_signal,unknown,489b91865994,0.65,18,12,1,0.05555555555555555,0.0,0.0,0.0,0.0,0.4444444444444444,1.0,0.1,0.18181818181818182,0,9,252
v3_social_signal_experiment_social_signal_v1_think_false,v3_social_signal_experiment_social_signal_v1_think_false.csv,v3_social_signal,unknown,489b91865994,0.70,18,12,1,0.05555555555555555,0.0,0.0,0.0,0.0,0.4444444444444444,1.0,0.1,0.18181818181818182,0,9,252
v3_social_signal_experiment_social_signal_v1_think_false,v3_social_signal_experiment_social_signal_v1_think_false.csv,v3_social_signal,unknown,489b91865994,0.75,18,12,1,0.05555555555555555,0.0,0.0,0.0,0.0,0.4444444444444444,1.0,0.1,0.18181818181818182,0,9,252
v3_social_signal_experiment_social_signal_v1_think_false,v3_social_signal_experiment_social_signal_v1_think_false.csv,v3_social_signal,unknown,489b91865994,0.80,18,12,1,0.05555555555555555,0.0,0.0,0.0,0.0,0.4444444444444444,1.0,0.1,0.18181818181818182,0,9,252
v3_social_signal_experiment_social_signal_v1_think_false,v3_social_signal_experiment_social_signal_v1_think_false.csv,v3_social_signal,unknown,489b91865994,0.85,18,12,1,0.05555555555555555,0.0,0.0,0.0,0.0,0.4444444444444444,1.0,0.1,0.18181818181818182,0,9,252
v3_social_signal_experiment_social_signal_v1_think_false,v3_social_signal_experiment_social_signal_v1_think_false.csv,v3_social_signal,unknown,489b91865994,0.90,18,12,1,0.05555555555555555,0.0,0.0,0.0,0.0,0.4444444444444444,1.0,0.1,0.18181818181818182,0,9,252
v3_social_signal_experiment_social_signal_v1_think_false_b1_pilot18,v3_social_signal_experiment_social_signal_v1_think_false_b1_pilot18.csv,v3_social_signal,unknown,3e5061e368e4,0.65,18,12,1,0.05555555555555555,0.0,0.0,0.0,0.0,0.4444444444444444,1.0,0.1,0.18181818181818182,0,9,252
v3_social_signal_experiment_social_signal_v1_think_false_b1_pilot18,v3_social_signal_experiment_social_signal_v1_think_false_b1_pilot18.csv,v3_social_signal,unknown,3e5061e368e4,0.70,18,12,1,0.05555555555555555,0.0,0.0,0.0,0.0,0.4444444444444444,1.0,0.1,0.18181818181818182,0,9,252
v3_social_signal_experiment_social_signal_v1_think_false_b1_pilot18,v3_social_signal_experiment_social_signal_v1_think_false_b1_pilot18.csv,v3_social_signal,unknown,3e5061e368e4,0.75,18,12,1,0.05555555555555555,0.0,0.0,0.0,0.0,0.4444444444444444,1.0,0.1,0.18181818181818182,0,9,252
v3_social_signal_experiment_social_signal_v1_think_false_b1_pilot18,v3_social_signal_experiment_social_signal_v1_think_false_b1_pilot18.csv,v3_social_signal,unknown,3e5061e368e4,0.80,18,12,1,0.05555555555555555,0.0,0.0,0.0,0.0,0.4444444444444444,1.0,0.1,0.18181818181818182,0,9,252
v3_social_signal_experiment_social_signal_v1_think_false_b1_pilot18,v3_social_signal_experiment_social_signal_v1_think_false_b1_pilot18.csv,v3_social_signal,unknown,3e5061e368e4,0.85,18,12,1,0.05555555555555555,0.0,0.0,0.0,0.0,0.4444444444444444,1.0,0.1,0.18181818181818182,0,9,252
v3_social_signal_experiment_social_signal_v1_think_false_b1_pilot18,v3_social_signal_experiment_social_signal_v1_think_false_b1_pilot18.csv,v3_social_signal,unknown,3e5061e368e4,0.90,18,12,1,0.05555555555555555,0.0,0.0,0.0,0.0,0.4444444444444444,1.0,0.1,0.18181818181818182,0,9,252
v3_social_signal_experiment_social_signal_v2_think_false,v3_social_signal_experiment_social_signal_v2_think_false.csv,v3_social_signal,unknown,28590321c640,0.65,18,12,1,0.05555555555555555,0.0,0.0,0.0,0.0,0.4444444444444444,1.0,0.1,0.18181818181818182,0,9,396
v3_social_signal_experiment_social_signal_v2_think_false,v3_social_signal_experiment_social_signal_v2_think_false.csv,v3_social_signal,unknown,28590321c640,0.70,18,12,1,0.05555555555555555,0.0,0.0,0.0,0.0,0.4444444444444444,1.0,0.1,0.18181818181818182,0,9,396
v3_social_signal_experiment_social_signal_v2_think_false,v3_social_signal_experiment_social_signal_v2_think_false.csv,v3_social_signal,unknown,28590321c640,0.75,18,12,1,0.05555555555555555,0.0,0.0,0.0,0.0,0.4444444444444444,1.0,0.1,0.18181818181818182,0,9,396
v3_social_signal_experiment_social_signal_v2_think_false,v3_social_signal_experiment_social_signal_v2_think_false.csv,v3_social_signal,unknown,28590321c640,0.80,18,12,1,0.05555555555555555,0.0,0.0,0.0,0.0,0.4444444444444444,1.0,0.1,0.18181818181818182,0,9,396
v3_social_signal_experiment_social_signal_v2_think_false,v3_social_signal_experiment_social_signal_v2_think_false.csv,v3_social_signal,unknown,28590321c640,0.85,18,12,1,0.05555555555555555,0.0,0.0,0.0,0.0,0.4444444444444444,1.0,0.1,0.18181818181818182,0,9,396
v3_social_signal_experiment_social_signal_v2_think_false,v3_social_signal_experiment_social_signal_v2_think_false.csv,v3_social_signal,unknown,28590321c640,0.90,18,12,1,0.05555555555555555,0.0,0.0,0.0,0.0,0.4444444444444444,1.0,0.1,0.18181818181818182,0,9,396
v3_social_signal_experiment_social_signal_v2_think_false_b1_pilot18,v3_social_signal_experiment_social_signal_v2_think_false_b1_pilot18.csv,v3_social_signal,unknown,663ea5d483d7,0.65,18,12,1,0.05555555555555555,0.0,0.0,0.0,0.0,0.4444444444444444,1.0,0.1,0.18181818181818182,0,9,396
v3_social_signal_experiment_social_signal_v2_think_false_b1_pilot18,v3_social_signal_experiment_social_signal_v2_think_false_b1_pilot18.csv,v3_social_signal,unknown,663ea5d483d7,0.70,18,12,1,0.05555555555555555,0.0,0.0,0.0,0.0,0.4444444444444444,1.0,0.1,0.18181818181818182,0,9,396
v3_social_signal_experiment_social_signal_v2_think_false_b1_pilot18,v3_social_signal_experiment_social_signal_v2_think_false_b1_pilot18.csv,v3_social_signal,unknown,663ea5d483d7,0.75,18,12,1,0.05555555555555555,0.0,0.0,0.0,0.0,0.4444444444444444,1.0,0.1,0.18181818181818182,0,9,396
v3_social_signal_experiment_social_signal_v2_think_false_b1_pilot18,v3_social_signal_experiment_social_signal_v2_think_false_b1_pilot18.csv,v3_social_signal,unknown,663ea5d483d7,0.80,18,12,1,0.05555555555555555,0.0,0.0,0.0,0.0,0.4444444444444444,1.0,0.1,0.18181818181818182,0,9,396
v3_social_signal_experiment_social_signal_v2_think_false_b1_pilot18,v3_social_signal_experiment_social_signal_v2_think_false_b1_pilot18.csv,v3_social_signal,unknown,663ea5d483d7,0.85,18,12,1,0.05555555555555555,0.0,0.0,0.0,0.0,0.4444444444444444,1.0,0.1,0.18181818181818182,0,9,396
v3_social_signal_experiment_social_signal_v2_think_false_b1_pilot18,v3_social_signal_experiment_social_signal_v2_think_false_b1_pilot18.csv,v3_social_signal,unknown,663ea5d483d7,0.90,18,12,1,0.05555555555555555,0.0,0.0,0.0,0.0,0.4444444444444444,1.0,0.1,0.18181818181818182,0,9,396
v3_social_signal_experiment_social_signal_v1_think_false,v3_social_signal_experiment_social_signal_v1_think_false.csv,v3_social_signal,unknown,489b91865994,0.95,18,12,0,0.0,0.0,0.0,0.0,0.0,0.4444444444444444,0.0,0.0,0.0,0,10,252
v3_social_signal_experiment_social_signal_v1_think_false_b1_pilot18,v3_social_signal_experiment_social_signal_v1_think_false_b1_pilot18.csv,v3_social_signal,unknown,3e5061e368e4,0.95,18,12,0,0.0,0.0,0.0,0.0,0.0,0.4444444444444444,0.0,0.0,0.0,0,10,252
v3_social_signal_experiment_social_signal_v2_think_false,v3_social_signal_experiment_social_signal_v2_think_false.csv,v3_social_signal,unknown,28590321c640,0.95,18,12,0,0.0,0.0,0.0,0.0,0.0,0.4444444444444444,0.0,0.0,0.0,0,10,396
v3_social_signal_experiment_social_signal_v2_think_false_b1_pilot18,v3_social_signal_experiment_social_signal_v2_think_false_b1_pilot18.csv,v3_social_signal,unknown,663ea5d483d7,0.95,18,12,0,0.0,0.0,0.0,0.0,0.0,0.4444444444444444,0.0,0.0,0.0,0,10,396
v3_social_signal_experiment_social_signal_v3_think_false_gemma4_26b_ctx32k_tok8k_b1_search237.partial,v3_social_signal_experiment_social_signal_v3_think_false_gemma4_26b_ctx32k_tok8k_b1_search237.partial.csv,v3_social_signal,gemma4:26b,96235c5fae43,0.95,18,12,0,0.0,0.0,0.0,0.0,0.0,0.4444444444444444,0.0,0.0,0.0,0,10,0
v3_social_signal_experiment_social_signal_v3_think_false_v3_b1_pilot18,v3_social_signal_experiment_social_signal_v3_think_false_v3_b1_pilot18.csv,v3_social_signal,unknown,56612fec7d13,0.95,18,12,0,0.0,0.0,0.0,0.0,0.0,0.4444444444444444,0.0,0.0,0.0,0,10,72
v3_social_signal_experiment_social_signal_v5_think_false_v5_b1_pilot18,v3_social_signal_experiment_social_signal_v5_think_false_v5_b1_pilot18.csv,v3_social_signal,unknown,d75c92993d2d,0.95,18,12,0,0.0,0.0,0.0,0.0,0.0,0.4444444444444444,0.0,0.0,0.0,0,10,0
v4_social_signal_experiment_v4_prompt_think_false_gemma4_26b_b1_search237.partial,v4_social_signal_experiment_v4_prompt_think_false_gemma4_26b_b1_search237.partial.csv,v4_social_signal,gemma4:26b,5597dd74ebf7,default,15,8,0,0.0,0.0,0.0,0.0,0.0,0.5333333333333333,0.0,0.0,0.0,0,7,540
v4_social_signal_experiment_v4_prompt_think_false_gemma4_26b_b1_search237.partial,v4_social_signal_experiment_v4_prompt_think_false_gemma4_26b_b1_search237.partial.csv,v4_social_signal,gemma4:26b,5597dd74ebf7,0.05,15,8,0,0.0,0.0,0.0,0.0,0.0,0.5333333333333333,0.0,0.0,0.0,0,7,540
v4_social_signal_experiment_v4_prompt_think_false_gemma4_26b_b1_search237.partial,v4_social_signal_experiment_v4_prompt_think_false_gemma4_26b_b1_search237.partial.csv,v4_social_signal,gemma4:26b,5597dd74ebf7,0.10,15,8,0,0.0,0.0,0.0,0.0,0.0,0.5333333333333333,0.0,0.0,0.0,0,7,540
v4_social_signal_experiment_v4_prompt_think_false_gemma4_26b_b1_search237.partial,v4_social_signal_experiment_v4_prompt_think_false_gemma4_26b_b1_search237.partial.csv,v4_social_signal,gemma4:26b,5597dd74ebf7,0.15,15,8,0,0.0,0.0,0.0,0.0,0.0,0.5333333333333333,0.0,0.0,0.0,0,7,540
v4_social_signal_experiment_v4_prompt_think_false_gemma4_26b_b1_search237.partial,v4_social_signal_experiment_v4_prompt_think_false_gemma4_26b_b1_search237.partial.csv,v4_social_signal,gemma4:26b,5597dd74ebf7,0.20,15,8,0,0.0,0.0,0.0,0.0,0.0,0.5333333333333333,0.0,0.0,0.0,0,7,540
v4_social_signal_experiment_v4_prompt_think_false_gemma4_26b_b1_search237.partial,v4_social_signal_experiment_v4_prompt_think_false_gemma4_26b_b1_search237.partial.csv,v4_social_signal,gemma4:26b,5597dd74ebf7,0.25,15,8,0,0.0,0.0,0.0,0.0,0.0,0.5333333333333333,0.0,0.0,0.0,0,7,540
v4_social_signal_experiment_v4_prompt_think_false_gemma4_26b_b1_search237.partial,v4_social_signal_experiment_v4_prompt_think_false_gemma4_26b_b1_search237.partial.csv,v4_social_signal,gemma4:26b,5597dd74ebf7,0.30,15,8,0,0.0,0.0,0.0,0.0,0.0,0.5333333333333333,0.0,0.0,0.0,0,7,540
v4_social_signal_experiment_v4_prompt_think_false_gemma4_26b_b1_search237.partial,v4_social_signal_experiment_v4_prompt_think_false_gemma4_26b_b1_search237.partial.csv,v4_social_signal,gemma4:26b,5597dd74ebf7,0.35,15,8,0,0.0,0.0,0.0,0.0,0.0,0.5333333333333333,0.0,0.0,0.0,0,7,540
v4_social_signal_experiment_v4_prompt_think_false_gemma4_26b_b1_search237.partial,v4_social_signal_experiment_v4_prompt_think_false_gemma4_26b_b1_search237.partial.csv,v4_social_signal,gemma4:26b,5597dd74ebf7,0.40,15,8,0,0.0,0.0,0.0,0.0,0.0,0.5333333333333333,0.0,0.0,0.0,0,7,540
v4_social_signal_experiment_v4_prompt_think_false_gemma4_26b_b1_search237.partial,v4_social_signal_experiment_v4_prompt_think_false_gemma4_26b_b1_search237.partial.csv,v4_social_signal,gemma4:26b,5597dd74ebf7,0.45,15,8,0,0.0,0.0,0.0,0.0,0.0,0.5333333333333333,0.0,0.0,0.0,0,7,540
v4_social_signal_experiment_v4_prompt_think_false_gemma4_26b_b1_search237.partial,v4_social_signal_experiment_v4_prompt_think_false_gemma4_26b_b1_search237.partial.csv,v4_social_signal,gemma4:26b,5597dd74ebf7,0.50,15,8,0,0.0,0.0,0.0,0.0,0.0,0.5333333333333333,0.0,0.0,0.0,0,7,540
v4_social_signal_experiment_v4_prompt_think_false_gemma4_26b_b1_search237.partial,v4_social_signal_experiment_v4_prompt_think_false_gemma4_26b_b1_search237.partial.csv,v4_social_signal,gemma4:26b,5597dd74ebf7,0.55,15,8,0,0.0,0.0,0.0,0.0,0.0,0.5333333333333333,0.0,0.0,0.0,0,7,540
v4_social_signal_experiment_v4_prompt_think_false_gemma4_26b_b1_search237.partial,v4_social_signal_experiment_v4_prompt_think_false_gemma4_26b_b1_search237.partial.csv,v4_social_signal,gemma4:26b,5597dd74ebf7,0.60,15,8,0,0.0,0.0,0.0,0.0,0.0,0.5333333333333333,0.0,0.0,0.0,0,7,540
v4_social_signal_experiment_v4_prompt_think_false_gemma4_26b_b1_search237.partial,v4_social_signal_experiment_v4_prompt_think_false_gemma4_26b_b1_search237.partial.csv,v4_social_signal,gemma4:26b,5597dd74ebf7,0.65,15,8,0,0.0,0.0,0.0,0.0,0.0,0.5333333333333333,0.0,0.0,0.0,0,7,540
v4_social_signal_experiment_v4_prompt_think_false_gemma4_26b_b1_search237.partial,v4_social_signal_experiment_v4_prompt_think_false_gemma4_26b_b1_search237.partial.csv,v4_social_signal,gemma4:26b,5597dd74ebf7,0.70,15,8,0,0.0,0.0,0.0,0.0,0.0,0.5333333333333333,0.0,0.0,0.0,0,7,540
v4_social_signal_experiment_v4_prompt_think_false_gemma4_26b_b1_search237.partial,v4_social_signal_experiment_v4_prompt_think_false_gemma4_26b_b1_search237.partial.csv,v4_social_signal,gemma4:26b,5597dd74ebf7,0.75,15,8,0,0.0,0.0,0.0,0.0,0.0,0.5333333333333333,0.0,0.0,0.0,0,7,540
v4_social_signal_experiment_v4_prompt_think_false_gemma4_26b_b1_search237.partial,v4_social_signal_experiment_v4_prompt_think_false_gemma4_26b_b1_search237.partial.csv,v4_social_signal,gemma4:26b,5597dd74ebf7,0.80,15,8,0,0.0,0.0,0.0,0.0,0.0,0.5333333333333333,0.0,0.0,0.0,0,7,540
v4_social_signal_experiment_v4_prompt_think_false_gemma4_26b_b1_search237.partial,v4_social_signal_experiment_v4_prompt_think_false_gemma4_26b_b1_search237.partial.csv,v4_social_signal,gemma4:26b,5597dd74ebf7,0.85,15,8,0,0.0,0.0,0.0,0.0,0.0,0.5333333333333333,0.0,0.0,0.0,0,7,540
v4_social_signal_experiment_v4_prompt_think_false_gemma4_26b_b1_search237.partial,v4_social_signal_experiment_v4_prompt_think_false_gemma4_26b_b1_search237.partial.csv,v4_social_signal,gemma4:26b,5597dd74ebf7,0.90,15,8,0,0.0,0.0,0.0,0.0,0.0,0.5333333333333333,0.0,0.0,0.0,0,7,540
v4_social_signal_experiment_v4_prompt_think_false_gemma4_26b_b1_search237.partial,v4_social_signal_experiment_v4_prompt_think_false_gemma4_26b_b1_search237.partial.csv,v4_social_signal,gemma4:26b,5597dd74ebf7,0.95,15,8,0,0.0,0.0,0.0,0.0,0.0,0.5333333333333333,0.0,0.0,0.0,0,7,540
v3_social_signal_experiment_social_signal_v5_think_true_oldgold_gemma4_26b_ctx32768_tok8192_b1_pilot30_social_signal_v5_think_nojson_guard2.partial,v3_social_signal_experiment_social_signal_v5_think_true_oldgold_gemma4_26b_ctx32768_tok8192_b1_pilot30_social_signal_v5_think_nojson_guard2.partial.csv,v3_social_signal,gemma4:26b,ac323fa2adba,0.95,10,7,0,0.0,0.0,0.0,0.0,0.0,0.4,0.0,0.0,0.0,0,6,36
v4_social_signal_experiment_v4_prompt_think_true_oldgold_gemma4_26b_direct_core_targeted_v7_think_nojson_guard2_ctx32768_tok8192_b1_pilot8,v4_social_signal_experiment_v4_prompt_think_true_oldgold_gemma4_26b_direct_core_targeted_v7_think_nojson_guard2_ctx32768_tok8192_b1_pilot8.csv,v4_social_signal,gemma4:26b,a8d3082c4e73,0.95,8,6,0,0.0,0.0,0.0,0.0,0.0,0.375,0.0,0.0,0.0,0,5,0
v4_social_signal_experiment_v4_prompt_think_true_gemma4_26b_direct_core_targeted_v7_think_nojson_guard_ctx32768_tok4096_b1_pilot6,v4_social_signal_experiment_v4_prompt_think_true_gemma4_26b_direct_core_targeted_v7_think_nojson_guard_ctx32768_tok4096_b1_pilot6.csv,v4_social_signal,gemma4:26b,00f089ca4bb6,0.95,6,3,0,0.0,0.0,0.0,0.0,0.0,0.6666666666666666,0.0,0.0,0.0,0,2,72
v4_social_signal_experiment_v4_prompt_think_false_qwen36_35b_iq3_compact_b1_pilot30.partial,v4_social_signal_experiment_v4_prompt_think_false_qwen36_35b_iq3_compact_b1_pilot30.partial.csv,v4_social_signal,qwen3.6-35b:iq3,267d560a9407,0.50,4,4,5,1.25,0.0,0.0,0.0,0.0,0.0,0.75,1.0,0.8571428571428571,1,0,0
v4_social_signal_experiment_v4_prompt_think_false_qwen36_35b_iq3_compact_b1_pilot30.partial,v4_social_signal_experiment_v4_prompt_think_false_qwen36_35b_iq3_compact_b1_pilot30.partial.csv,v4_social_signal,qwen3.6-35b:iq3,267d560a9407,0.55,4,4,5,1.25,0.0,0.0,0.0,0.0,0.0,0.75,1.0,0.8571428571428571,1,0,0
v4_social_signal_experiment_v4_prompt_think_false_qwen36_35b_iq3_compact_b1_pilot30.partial,v4_social_signal_experiment_v4_prompt_think_false_qwen36_35b_iq3_compact_b1_pilot30.partial.csv,v4_social_signal,qwen3.6-35b:iq3,267d560a9407,0.60,4,4,5,1.25,0.0,0.0,0.0,0.0,0.0,0.75,1.0,0.8571428571428571,1,0,0
v4_social_signal_experiment_v4_prompt_think_false_qwen36_35b_iq3_compact_b1_pilot30.partial,v4_social_signal_experiment_v4_prompt_think_false_qwen36_35b_iq3_compact_b1_pilot30.partial.csv,v4_social_signal,qwen3.6-35b:iq3,267d560a9407,0.65,4,4,4,1.0,0.0,0.0,0.0,0.0,0.0,0.75,1.0,0.8571428571428571,1,0,0
v4_social_signal_experiment_v4_prompt_think_false_qwen36_35b_iq3_compact_b1_pilot30.partial,v4_social_signal_experiment_v4_prompt_think_false_qwen36_35b_iq3_compact_b1_pilot30.partial.csv,v4_social_signal,qwen3.6-35b:iq3,267d560a9407,0.70,4,4,1,0.25,0.0,0.0,0.0,0.0,0.25,1.0,0.3333333333333333,0.5,0,2,0
v4_social_signal_experiment_v4_prompt_think_false_qwen36_35b_iq3_compact_b1_pilot30.partial,v4_social_signal_experiment_v4_prompt_think_false_qwen36_35b_iq3_compact_b1_pilot30.partial.csv,v4_social_signal,qwen3.6-35b:iq3,267d560a9407,0.75,4,4,1,0.25,0.0,0.0,0.0,0.0,0.25,1.0,0.3333333333333333,0.5,0,2,0
v4_social_signal_experiment_v4_prompt_think_false_qwen36_35b_iq3_compact_b1_pilot30.partial,v4_social_signal_experiment_v4_prompt_think_false_qwen36_35b_iq3_compact_b1_pilot30.partial.csv,v4_social_signal,qwen3.6-35b:iq3,267d560a9407,0.80,4,4,1,0.25,0.0,0.0,0.0,0.0,0.25,1.0,0.3333333333333333,0.5,0,2,0
v4_social_signal_experiment_v4_prompt_think_false_qwen36_35b_iq3_compact_b1_pilot30.partial,v4_social_signal_experiment_v4_prompt_think_false_qwen36_35b_iq3_compact_b1_pilot30.partial.csv,v4_social_signal,qwen3.6-35b:iq3,267d560a9407,0.85,4,4,1,0.25,0.0,0.0,0.0,0.0,0.25,1.0,0.3333333333333333,0.5,0,2,0
v4_social_signal_experiment_v4_prompt_think_false_qwen36_35b_iq3_compact_b1_pilot30.partial,v4_social_signal_experiment_v4_prompt_think_false_qwen36_35b_iq3_compact_b1_pilot30.partial.csv,v4_social_signal,qwen3.6-35b:iq3,267d560a9407,0.90,4,4,1,0.25,0.0,0.0,0.0,0.0,0.25,1.0,0.3333333333333333,0.5,0,2,0
v4_social_signal_experiment_v4_prompt_think_false_qwen36_35b_iq3_compact_b1_pilot30.partial,v4_social_signal_experiment_v4_prompt_think_false_qwen36_35b_iq3_compact_b1_pilot30.partial.csv,v4_social_signal,qwen3.6-35b:iq3,267d560a9407,0.95,4,4,1,0.25,0.0,0.0,0.0,0.0,0.25,1.0,0.3333333333333333,0.5,0,2,0
v4_social_signal_experiment_v4_prompt_think_false_v4full965_qwen36_35b_iq4_social_signal_v9_f1_balanced_nothink_json_ctx16384_tok8192_b4.partial,v4_social_signal_experiment_v4_prompt_think_false_v4full965_qwen36_35b_iq4_social_signal_v9_f1_balanced_nothink_json_ctx16384_tok8192_b4.partial.csv,v4_social_signal,qwen3.6-35b:iq4,979e3824848e,0.95,4,1,0,0.0,0.0,0.0,0.0,0.42857142857142855,0.75,0.0,0.0,0.0,0,1,0
v4_social_signal_experiment_v4_prompt_think_true_gemma4_26b_direct_core_targeted_v7_think_nojson_ctx32768_tok8192_b1_pilot6.partial,v4_social_signal_experiment_v4_prompt_think_true_gemma4_26b_direct_core_targeted_v7_think_nojson_ctx32768_tok8192_b1_pilot6.partial.csv,v4_social_signal,gemma4:26b,3276d21963ce,default,3,1,4,1.3333333333333333,0.0,0.0,0.0,0.4,0.3333333333333333,0.5,1.0,0.6666666666666666,1,0,36
v4_social_signal_experiment_v4_prompt_think_true_gemma4_26b_direct_core_targeted_v7_think_nojson_ctx32768_tok8192_b1_pilot6.partial,v4_social_signal_experiment_v4_prompt_think_true_gemma4_26b_direct_core_targeted_v7_think_nojson_ctx32768_tok8192_b1_pilot6.partial.csv,v4_social_signal,gemma4:26b,3276d21963ce,0.05,3,1,4,1.3333333333333333,0.0,0.0,0.0,0.4,0.3333333333333333,0.5,1.0,0.6666666666666666,1,0,36
v4_social_signal_experiment_v4_prompt_think_true_gemma4_26b_direct_core_targeted_v7_think_nojson_ctx32768_tok8192_b1_pilot6.partial,v4_social_signal_experiment_v4_prompt_think_true_gemma4_26b_direct_core_targeted_v7_think_nojson_ctx32768_tok8192_b1_pilot6.partial.csv,v4_social_signal,gemma4:26b,3276d21963ce,0.10,3,1,4,1.3333333333333333,0.0,0.0,0.0,0.4,0.3333333333333333,0.5,1.0,0.6666666666666666,1,0,36
v4_social_signal_experiment_v4_prompt_think_true_gemma4_26b_direct_core_targeted_v7_think_nojson_ctx32768_tok8192_b1_pilot6.partial,v4_social_signal_experiment_v4_prompt_think_true_gemma4_26b_direct_core_targeted_v7_think_nojson_ctx32768_tok8192_b1_pilot6.partial.csv,v4_social_signal,gemma4:26b,3276d21963ce,0.15,3,1,4,1.3333333333333333,0.0,0.0,0.0,0.4,0.3333333333333333,0.5,1.0,0.6666666666666666,1,0,36
v4_social_signal_experiment_v4_prompt_think_true_gemma4_26b_direct_core_targeted_v7_think_nojson_ctx32768_tok8192_b1_pilot6.partial,v4_social_signal_experiment_v4_prompt_think_true_gemma4_26b_direct_core_targeted_v7_think_nojson_ctx32768_tok8192_b1_pilot6.partial.csv,v4_social_signal,gemma4:26b,3276d21963ce,0.20,3,1,4,1.3333333333333333,0.0,0.0,0.0,0.4,0.3333333333333333,0.5,1.0,0.6666666666666666,1,0,36
v4_social_signal_experiment_v4_prompt_think_true_gemma4_26b_direct_core_targeted_v7_think_nojson_ctx32768_tok8192_b1_pilot6.partial,v4_social_signal_experiment_v4_prompt_think_true_gemma4_26b_direct_core_targeted_v7_think_nojson_ctx32768_tok8192_b1_pilot6.partial.csv,v4_social_signal,gemma4:26b,3276d21963ce,0.25,3,1,4,1.3333333333333333,0.0,0.0,0.0,0.4,0.3333333333333333,0.5,1.0,0.6666666666666666,1,0,36
v4_social_signal_experiment_v4_prompt_think_true_gemma4_26b_direct_core_targeted_v7_think_nojson_ctx32768_tok8192_b1_pilot6.partial,v4_social_signal_experiment_v4_prompt_think_true_gemma4_26b_direct_core_targeted_v7_think_nojson_ctx32768_tok8192_b1_pilot6.partial.csv,v4_social_signal,gemma4:26b,3276d21963ce,0.30,3,1,4,1.3333333333333333,0.0,0.0,0.0,0.4,0.3333333333333333,0.5,1.0,0.6666666666666666,1,0,36
v4_social_signal_experiment_v4_prompt_think_true_gemma4_26b_direct_core_targeted_v7_think_nojson_ctx32768_tok8192_b1_pilot6.partial,v4_social_signal_experiment_v4_prompt_think_true_gemma4_26b_direct_core_targeted_v7_think_nojson_ctx32768_tok8192_b1_pilot6.partial.csv,v4_social_signal,gemma4:26b,3276d21963ce,0.35,3,1,4,1.3333333333333333,0.0,0.0,0.0,0.4,0.3333333333333333,0.5,1.0,0.6666666666666666,1,0,36
v4_social_signal_experiment_v4_prompt_think_true_gemma4_26b_direct_core_targeted_v7_think_nojson_ctx32768_tok8192_b1_pilot6.partial,v4_social_signal_experiment_v4_prompt_think_true_gemma4_26b_direct_core_targeted_v7_think_nojson_ctx32768_tok8192_b1_pilot6.partial.csv,v4_social_signal,gemma4:26b,3276d21963ce,0.40,3,1,4,1.3333333333333333,0.0,0.0,0.0,0.4,0.3333333333333333,0.5,1.0,0.6666666666666666,1,0,36
v4_social_signal_experiment_v4_prompt_think_true_gemma4_26b_direct_core_targeted_v7_think_nojson_ctx32768_tok8192_b1_pilot6.partial,v4_social_signal_experiment_v4_prompt_think_true_gemma4_26b_direct_core_targeted_v7_think_nojson_ctx32768_tok8192_b1_pilot6.partial.csv,v4_social_signal,gemma4:26b,3276d21963ce,0.45,3,1,4,1.3333333333333333,0.0,0.0,0.0,0.4,0.3333333333333333,0.5,1.0,0.6666666666666666,1,0,36
v4_social_signal_experiment_v4_prompt_think_true_gemma4_26b_direct_core_targeted_v7_think_nojson_ctx32768_tok8192_b1_pilot6.partial,v4_social_signal_experiment_v4_prompt_think_true_gemma4_26b_direct_core_targeted_v7_think_nojson_ctx32768_tok8192_b1_pilot6.partial.csv,v4_social_signal,gemma4:26b,3276d21963ce,0.50,3,1,4,1.3333333333333333,0.0,0.0,0.0,0.4,0.3333333333333333,0.5,1.0,0.6666666666666666,1,0,36
v4_social_signal_experiment_v4_prompt_think_true_gemma4_26b_direct_core_targeted_v7_think_nojson_ctx32768_tok8192_b1_pilot6.partial,v4_social_signal_experiment_v4_prompt_think_true_gemma4_26b_direct_core_targeted_v7_think_nojson_ctx32768_tok8192_b1_pilot6.partial.csv,v4_social_signal,gemma4:26b,3276d21963ce,0.55,3,1,4,1.3333333333333333,0.0,0.0,0.0,0.4,0.3333333333333333,0.5,1.0,0.6666666666666666,1,0,36
v4_social_signal_experiment_v4_prompt_think_true_gemma4_26b_direct_core_targeted_v7_think_nojson_ctx32768_tok8192_b1_pilot6.partial,v4_social_signal_experiment_v4_prompt_think_true_gemma4_26b_direct_core_targeted_v7_think_nojson_ctx32768_tok8192_b1_pilot6.partial.csv,v4_social_signal,gemma4:26b,3276d21963ce,0.60,3,1,4,1.3333333333333333,0.0,0.0,0.0,0.4,0.3333333333333333,0.5,1.0,0.6666666666666666,1,0,36
v4_social_signal_experiment_v4_prompt_think_true_gemma4_26b_direct_core_targeted_v7_think_nojson_ctx32768_tok8192_b1_pilot6.partial,v4_social_signal_experiment_v4_prompt_think_true_gemma4_26b_direct_core_targeted_v7_think_nojson_ctx32768_tok8192_b1_pilot6.partial.csv,v4_social_signal,gemma4:26b,3276d21963ce,0.65,3,1,4,1.3333333333333333,0.0,0.0,0.0,0.4,0.3333333333333333,0.5,1.0,0.6666666666666666,1,0,36
v4_social_signal_experiment_v4_prompt_think_true_gemma4_26b_direct_core_targeted_v7_think_nojson_ctx32768_tok8192_b1_pilot6.partial,v4_social_signal_experiment_v4_prompt_think_true_gemma4_26b_direct_core_targeted_v7_think_nojson_ctx32768_tok8192_b1_pilot6.partial.csv,v4_social_signal,gemma4:26b,3276d21963ce,0.70,3,1,3,1.0,0.0,0.0,0.0,0.4,0.3333333333333333,0.5,1.0,0.6666666666666666,1,0,36
v4_social_signal_experiment_v4_prompt_think_true_gemma4_26b_direct_core_targeted_v7_think_nojson_ctx32768_tok8192_b1_pilot6.partial,v4_social_signal_experiment_v4_prompt_think_true_gemma4_26b_direct_core_targeted_v7_think_nojson_ctx32768_tok8192_b1_pilot6.partial.csv,v4_social_signal,gemma4:26b,3276d21963ce,0.75,3,1,3,1.0,0.0,0.0,0.0,0.4,0.3333333333333333,0.5,1.0,0.6666666666666666,1,0,36
v4_social_signal_experiment_v4_prompt_think_true_gemma4_26b_direct_core_targeted_v7_think_nojson_ctx32768_tok8192_b1_pilot6.partial,v4_social_signal_experiment_v4_prompt_think_true_gemma4_26b_direct_core_targeted_v7_think_nojson_ctx32768_tok8192_b1_pilot6.partial.csv,v4_social_signal,gemma4:26b,3276d21963ce,0.80,3,1,3,1.0,0.0,0.0,0.0,0.4,0.3333333333333333,0.5,1.0,0.6666666666666666,1,0,36
v4_social_signal_experiment_v4_prompt_think_true_gemma4_26b_direct_core_targeted_v7_think_nojson_ctx32768_tok8192_b1_pilot6.partial,v4_social_signal_experiment_v4_prompt_think_true_gemma4_26b_direct_core_targeted_v7_think_nojson_ctx32768_tok8192_b1_pilot6.partial.csv,v4_social_signal,gemma4:26b,3276d21963ce,0.85,3,1,3,1.0,0.0,0.0,0.0,0.4,0.3333333333333333,0.5,1.0,0.6666666666666666,1,0,36
v4_social_signal_experiment_v4_prompt_think_true_gemma4_26b_direct_core_targeted_v7_think_nojson_ctx32768_tok8192_b1_pilot6.partial,v4_social_signal_experiment_v4_prompt_think_true_gemma4_26b_direct_core_targeted_v7_think_nojson_ctx32768_tok8192_b1_pilot6.partial.csv,v4_social_signal,gemma4:26b,3276d21963ce,0.90,3,1,3,1.0,0.0,0.0,0.0,0.4,0.3333333333333333,0.5,1.0,0.6666666666666666,1,0,36
v4_social_signal_experiment_v4_prompt_think_true_oldgold_qwen35_9b_direct_core_targeted_v7_think_nojson_guard2_ctx32768_tok8192_b1_pilot3,v4_social_signal_experiment_v4_prompt_think_true_oldgold_qwen35_9b_direct_core_targeted_v7_think_nojson_guard2_ctx32768_tok8192_b1_pilot3.csv,v4_social_signal,qwen35-9b,22569a72a9a2,0.85,3,3,2,0.6666666666666666,0.0,0.0,0.0,0.0,0.3333333333333333,1.0,0.5,0.6666666666666666,0,1,72
v3_social_signal_experiment_social_signal_v5_think_true_oldgold_gemma4_26b_ctx32768_tok8192_b1_pilot3_social_signal_v5_think_nojson_guard2,v3_social_signal_experiment_social_signal_v5_think_true_oldgold_gemma4_26b_ctx32768_tok8192_b1_pilot3_social_signal_v5_think_nojson_guard2.csv,v3_social_signal,gemma4:26b,c9b86bed5aa3,0.65,3,3,1,0.3333333333333333,0.0,0.0,0.0,0.0,0.3333333333333333,1.0,0.5,0.6666666666666666,0,1,0
v3_social_signal_experiment_social_signal_v5_think_true_oldgold_gemma4_26b_ctx32768_tok8192_b1_pilot3_social_signal_v5_think_nojson_guard2,v3_social_signal_experiment_social_signal_v5_think_true_oldgold_gemma4_26b_ctx32768_tok8192_b1_pilot3_social_signal_v5_think_nojson_guard2.csv,v3_social_signal,gemma4:26b,c9b86bed5aa3,0.70,3,3,1,0.3333333333333333,0.0,0.0,0.0,0.0,0.3333333333333333,1.0,0.5,0.6666666666666666,0,1,0
v3_social_signal_experiment_social_signal_v5_think_true_oldgold_gemma4_26b_ctx32768_tok8192_b1_pilot3_social_signal_v5_think_nojson_guard2,v3_social_signal_experiment_social_signal_v5_think_true_oldgold_gemma4_26b_ctx32768_tok8192_b1_pilot3_social_signal_v5_think_nojson_guard2.csv,v3_social_signal,gemma4:26b,c9b86bed5aa3,0.75,3,3,1,0.3333333333333333,0.0,0.0,0.0,0.0,0.3333333333333333,1.0,0.5,0.6666666666666666,0,1,0
v3_social_signal_experiment_social_signal_v5_think_true_oldgold_gemma4_26b_ctx32768_tok8192_b1_pilot3_social_signal_v5_think_nojson_guard2,v3_social_signal_experiment_social_signal_v5_think_true_oldgold_gemma4_26b_ctx32768_tok8192_b1_pilot3_social_signal_v5_think_nojson_guard2.csv,v3_social_signal,gemma4:26b,c9b86bed5aa3,0.80,3,3,1,0.3333333333333333,0.0,0.0,0.0,0.0,0.3333333333333333,1.0,0.5,0.6666666666666666,0,1,0
v3_social_signal_experiment_social_signal_v5_think_true_oldgold_gemma4_26b_ctx32768_tok8192_b1_pilot3_social_signal_v5_think_nojson_guard2,v3_social_signal_experiment_social_signal_v5_think_true_oldgold_gemma4_26b_ctx32768_tok8192_b1_pilot3_social_signal_v5_think_nojson_guard2.csv,v3_social_signal,gemma4:26b,c9b86bed5aa3,0.85,3,3,1,0.3333333333333333,0.0,0.0,0.0,0.0,0.3333333333333333,1.0,0.5,0.6666666666666666,0,1,0
v3_social_signal_experiment_social_signal_v5_think_true_oldgold_gemma4_26b_ctx32768_tok8192_b1_pilot3_social_signal_v5_think_nojson_guard2,v3_social_signal_experiment_social_signal_v5_think_true_oldgold_gemma4_26b_ctx32768_tok8192_b1_pilot3_social_signal_v5_think_nojson_guard2.csv,v3_social_signal,gemma4:26b,c9b86bed5aa3,0.90,3,3,1,0.3333333333333333,0.0,0.0,0.0,0.0,0.3333333333333333,1.0,0.5,0.6666666666666666,0,1,0
v4_social_signal_experiment_v4_prompt_think_true_gemma4_26b_direct_core_targeted_v7_think_nojson_ctx32768_tok8192_b1_pilot6.partial,v4_social_signal_experiment_v4_prompt_think_true_gemma4_26b_direct_core_targeted_v7_think_nojson_ctx32768_tok8192_b1_pilot6.partial.csv,v4_social_signal,gemma4:26b,3276d21963ce,0.95,3,1,1,0.3333333333333333,0.0,0.0,0.0,0.4,0.6666666666666666,1.0,1.0,1.0,0,0,36
v4_social_signal_experiment_v4_prompt_think_true_oldgold_qwen35_9b_direct_core_targeted_v7_think_nojson_guard2_ctx32768_tok8192_b1_pilot3,v4_social_signal_experiment_v4_prompt_think_true_oldgold_qwen35_9b_direct_core_targeted_v7_think_nojson_guard2_ctx32768_tok8192_b1_pilot3.csv,v4_social_signal,qwen35-9b,22569a72a9a2,0.90,3,3,1,0.3333333333333333,0.0,0.0,0.0,0.0,0.3333333333333333,1.0,0.5,0.6666666666666666,0,1,72
v3_social_signal_experiment_social_signal_v5_think_true_oldgold_gemma4_26b_ctx32768_tok8192_b1_pilot3_social_signal_v5_think_nojson_guard2,v3_social_signal_experiment_social_signal_v5_think_true_oldgold_gemma4_26b_ctx32768_tok8192_b1_pilot3_social_signal_v5_think_nojson_guard2.csv,v3_social_signal,gemma4:26b,c9b86bed5aa3,0.95,3,3,0,0.0,0.0,0.0,0.0,0.0,0.3333333333333333,0.0,0.0,0.0,0,2,0
v4_social_signal_experiment_v4_prompt_think_true_oldgold_qwen35_9b_direct_core_targeted_v7_think_nojson_guard2_ctx32768_tok8192_b1_pilot3,v4_social_signal_experiment_v4_prompt_think_true_oldgold_qwen35_9b_direct_core_targeted_v7_think_nojson_guard2_ctx32768_tok8192_b1_pilot3.csv,v4_social_signal,qwen35-9b,22569a72a9a2,0.95,3,3,0,0.0,0.0,0.0,0.0,0.0,0.3333333333333333,0.0,0.0,0.0,0,2,72
v4_social_signal_experiment_v4_prompt_think_true_v4pilot60_qwen35_9b_social_signal_v9_f1_balanced_think_nojson_guard2_ctx32768_tok8192_b1.partial,v4_social_signal_experiment_v4_prompt_think_true_v4pilot60_qwen35_9b_social_signal_v9_f1_balanced_think_nojson_guard2_ctx32768_tok8192_b1.partial.csv,v4_social_signal,qwen35-9b,a25d70653e0c,0.95,3,3,0,0.0,0.0,0.0,0.0,0.0,0.0,0.0,0.0,0.0,0,3,72
v4_social_signal_experiment_v4_prompt_think_true_qwen35_9b_direct_core_targeted_v7_think_nojson_ctx65536_tok32768_b2_pilot30.partial,v4_social_signal_experiment_v4_prompt_think_true_qwen35_9b_direct_core_targeted_v7_think_nojson_ctx65536_tok32768_b2_pilot30.partial.csv,v4_social_signal,qwen35-9b,43fe202d13d4,default,2,1,0,0.0,0.0,0.0,0.0,0.3333333333333333,0.5,0.0,0.0,0.0,0,1,72
v4_social_signal_experiment_v4_prompt_think_true_qwen35_9b_direct_core_targeted_v7_think_nojson_ctx65536_tok32768_b2_pilot30.partial,v4_social_signal_experiment_v4_prompt_think_true_qwen35_9b_direct_core_targeted_v7_think_nojson_ctx65536_tok32768_b2_pilot30.partial.csv,v4_social_signal,qwen35-9b,43fe202d13d4,0.05,2,1,0,0.0,0.0,0.0,0.0,0.3333333333333333,0.5,0.0,0.0,0.0,0,1,72
v4_social_signal_experiment_v4_prompt_think_true_qwen35_9b_direct_core_targeted_v7_think_nojson_ctx65536_tok32768_b2_pilot30.partial,v4_social_signal_experiment_v4_prompt_think_true_qwen35_9b_direct_core_targeted_v7_think_nojson_ctx65536_tok32768_b2_pilot30.partial.csv,v4_social_signal,qwen35-9b,43fe202d13d4,0.10,2,1,0,0.0,0.0,0.0,0.0,0.3333333333333333,0.5,0.0,0.0,0.0,0,1,72
v4_social_signal_experiment_v4_prompt_think_true_qwen35_9b_direct_core_targeted_v7_think_nojson_ctx65536_tok32768_b2_pilot30.partial,v4_social_signal_experiment_v4_prompt_think_true_qwen35_9b_direct_core_targeted_v7_think_nojson_ctx65536_tok32768_b2_pilot30.partial.csv,v4_social_signal,qwen35-9b,43fe202d13d4,0.15,2,1,0,0.0,0.0,0.0,0.0,0.3333333333333333,0.5,0.0,0.0,0.0,0,1,72
v4_social_signal_experiment_v4_prompt_think_true_qwen35_9b_direct_core_targeted_v7_think_nojson_ctx65536_tok32768_b2_pilot30.partial,v4_social_signal_experiment_v4_prompt_think_true_qwen35_9b_direct_core_targeted_v7_think_nojson_ctx65536_tok32768_b2_pilot30.partial.csv,v4_social_signal,qwen35-9b,43fe202d13d4,0.20,2,1,0,0.0,0.0,0.0,0.0,0.3333333333333333,0.5,0.0,0.0,0.0,0,1,72
v4_social_signal_experiment_v4_prompt_think_true_qwen35_9b_direct_core_targeted_v7_think_nojson_ctx65536_tok32768_b2_pilot30.partial,v4_social_signal_experiment_v4_prompt_think_true_qwen35_9b_direct_core_targeted_v7_think_nojson_ctx65536_tok32768_b2_pilot30.partial.csv,v4_social_signal,qwen35-9b,43fe202d13d4,0.25,2,1,0,0.0,0.0,0.0,0.0,0.3333333333333333,0.5,0.0,0.0,0.0,0,1,72
v4_social_signal_experiment_v4_prompt_think_true_qwen35_9b_direct_core_targeted_v7_think_nojson_ctx65536_tok32768_b2_pilot30.partial,v4_social_signal_experiment_v4_prompt_think_true_qwen35_9b_direct_core_targeted_v7_think_nojson_ctx65536_tok32768_b2_pilot30.partial.csv,v4_social_signal,qwen35-9b,43fe202d13d4,0.30,2,1,0,0.0,0.0,0.0,0.0,0.3333333333333333,0.5,0.0,0.0,0.0,0,1,72
v4_social_signal_experiment_v4_prompt_think_true_qwen35_9b_direct_core_targeted_v7_think_nojson_ctx65536_tok32768_b2_pilot30.partial,v4_social_signal_experiment_v4_prompt_think_true_qwen35_9b_direct_core_targeted_v7_think_nojson_ctx65536_tok32768_b2_pilot30.partial.csv,v4_social_signal,qwen35-9b,43fe202d13d4,0.35,2,1,0,0.0,0.0,0.0,0.0,0.3333333333333333,0.5,0.0,0.0,0.0,0,1,72
v4_social_signal_experiment_v4_prompt_think_true_qwen35_9b_direct_core_targeted_v7_think_nojson_ctx65536_tok32768_b2_pilot30.partial,v4_social_signal_experiment_v4_prompt_think_true_qwen35_9b_direct_core_targeted_v7_think_nojson_ctx65536_tok32768_b2_pilot30.partial.csv,v4_social_signal,qwen35-9b,43fe202d13d4,0.40,2,1,0,0.0,0.0,0.0,0.0,0.3333333333333333,0.5,0.0,0.0,0.0,0,1,72
v4_social_signal_experiment_v4_prompt_think_true_qwen35_9b_direct_core_targeted_v7_think_nojson_ctx65536_tok32768_b2_pilot30.partial,v4_social_signal_experiment_v4_prompt_think_true_qwen35_9b_direct_core_targeted_v7_think_nojson_ctx65536_tok32768_b2_pilot30.partial.csv,v4_social_signal,qwen35-9b,43fe202d13d4,0.45,2,1,0,0.0,0.0,0.0,0.0,0.3333333333333333,0.5,0.0,0.0,0.0,0,1,72
v4_social_signal_experiment_v4_prompt_think_true_qwen35_9b_direct_core_targeted_v7_think_nojson_ctx65536_tok32768_b2_pilot30.partial,v4_social_signal_experiment_v4_prompt_think_true_qwen35_9b_direct_core_targeted_v7_think_nojson_ctx65536_tok32768_b2_pilot30.partial.csv,v4_social_signal,qwen35-9b,43fe202d13d4,0.50,2,1,0,0.0,0.0,0.0,0.0,0.3333333333333333,0.5,0.0,0.0,0.0,0,1,72
v4_social_signal_experiment_v4_prompt_think_true_qwen35_9b_direct_core_targeted_v7_think_nojson_ctx65536_tok32768_b2_pilot30.partial,v4_social_signal_experiment_v4_prompt_think_true_qwen35_9b_direct_core_targeted_v7_think_nojson_ctx65536_tok32768_b2_pilot30.partial.csv,v4_social_signal,qwen35-9b,43fe202d13d4,0.55,2,1,0,0.0,0.0,0.0,0.0,0.3333333333333333,0.5,0.0,0.0,0.0,0,1,72
v4_social_signal_experiment_v4_prompt_think_true_qwen35_9b_direct_core_targeted_v7_think_nojson_ctx65536_tok32768_b2_pilot30.partial,v4_social_signal_experiment_v4_prompt_think_true_qwen35_9b_direct_core_targeted_v7_think_nojson_ctx65536_tok32768_b2_pilot30.partial.csv,v4_social_signal,qwen35-9b,43fe202d13d4,0.60,2,1,0,0.0,0.0,0.0,0.0,0.3333333333333333,0.5,0.0,0.0,0.0,0,1,72
v4_social_signal_experiment_v4_prompt_think_true_qwen35_9b_direct_core_targeted_v7_think_nojson_ctx65536_tok32768_b2_pilot30.partial,v4_social_signal_experiment_v4_prompt_think_true_qwen35_9b_direct_core_targeted_v7_think_nojson_ctx65536_tok32768_b2_pilot30.partial.csv,v4_social_signal,qwen35-9b,43fe202d13d4,0.65,2,1,0,0.0,0.0,0.0,0.0,0.3333333333333333,0.5,0.0,0.0,0.0,0,1,72
v4_social_signal_experiment_v4_prompt_think_true_qwen35_9b_direct_core_targeted_v7_think_nojson_ctx65536_tok32768_b2_pilot30.partial,v4_social_signal_experiment_v4_prompt_think_true_qwen35_9b_direct_core_targeted_v7_think_nojson_ctx65536_tok32768_b2_pilot30.partial.csv,v4_social_signal,qwen35-9b,43fe202d13d4,0.70,2,1,0,0.0,0.0,0.0,0.0,0.3333333333333333,0.5,0.0,0.0,0.0,0,1,72
v4_social_signal_experiment_v4_prompt_think_true_qwen35_9b_direct_core_targeted_v7_think_nojson_ctx65536_tok32768_b2_pilot30.partial,v4_social_signal_experiment_v4_prompt_think_true_qwen35_9b_direct_core_targeted_v7_think_nojson_ctx65536_tok32768_b2_pilot30.partial.csv,v4_social_signal,qwen35-9b,43fe202d13d4,0.75,2,1,0,0.0,0.0,0.0,0.0,0.3333333333333333,0.5,0.0,0.0,0.0,0,1,72
v4_social_signal_experiment_v4_prompt_think_true_qwen35_9b_direct_core_targeted_v7_think_nojson_ctx65536_tok32768_b2_pilot30.partial,v4_social_signal_experiment_v4_prompt_think_true_qwen35_9b_direct_core_targeted_v7_think_nojson_ctx65536_tok32768_b2_pilot30.partial.csv,v4_social_signal,qwen35-9b,43fe202d13d4,0.80,2,1,0,0.0,0.0,0.0,0.0,0.3333333333333333,0.5,0.0,0.0,0.0,0,1,72
v4_social_signal_experiment_v4_prompt_think_true_qwen35_9b_direct_core_targeted_v7_think_nojson_ctx65536_tok32768_b2_pilot30.partial,v4_social_signal_experiment_v4_prompt_think_true_qwen35_9b_direct_core_targeted_v7_think_nojson_ctx65536_tok32768_b2_pilot30.partial.csv,v4_social_signal,qwen35-9b,43fe202d13d4,0.85,2,1,0,0.0,0.0,0.0,0.0,0.3333333333333333,0.5,0.0,0.0,0.0,0,1,72
v4_social_signal_experiment_v4_prompt_think_true_qwen35_9b_direct_core_targeted_v7_think_nojson_ctx65536_tok32768_b2_pilot30.partial,v4_social_signal_experiment_v4_prompt_think_true_qwen35_9b_direct_core_targeted_v7_think_nojson_ctx65536_tok32768_b2_pilot30.partial.csv,v4_social_signal,qwen35-9b,43fe202d13d4,0.90,2,1,0,0.0,0.0,0.0,0.0,0.3333333333333333,0.5,0.0,0.0,0.0,0,1,72
v4_social_signal_experiment_v4_prompt_think_true_qwen35_9b_direct_core_targeted_v7_think_nojson_ctx65536_tok32768_b2_pilot30.partial,v4_social_signal_experiment_v4_prompt_think_true_qwen35_9b_direct_core_targeted_v7_think_nojson_ctx65536_tok32768_b2_pilot30.partial.csv,v4_social_signal,qwen35-9b,43fe202d13d4,0.95,2,1,0,0.0,0.0,0.0,0.0,0.3333333333333333,0.5,0.0,0.0,0.0,0,1,72
v4_social_signal_experiment_v4_prompt_think_true_gemma4_26b_ctx32k_tok8k_b1_search237_think.partial,v4_social_signal_experiment_v4_prompt_think_true_gemma4_26b_ctx32k_tok8k_b1_search237_think.partial.csv,v4_social_signal,gemma4:26b,e2c82f1e1dc2,default,1,1,0,0.0,0.0,0.0,0.0,0.0,0.0,0.0,0.0,0.0,0,1,36
v4_social_signal_experiment_v4_prompt_think_true_gemma4_26b_ctx32k_tok8k_b1_search237_think.partial,v4_social_signal_experiment_v4_prompt_think_true_gemma4_26b_ctx32k_tok8k_b1_search237_think.partial.csv,v4_social_signal,gemma4:26b,e2c82f1e1dc2,0.05,1,1,0,0.0,0.0,0.0,0.0,0.0,0.0,0.0,0.0,0.0,0,1,36
v4_social_signal_experiment_v4_prompt_think_true_gemma4_26b_ctx32k_tok8k_b1_search237_think.partial,v4_social_signal_experiment_v4_prompt_think_true_gemma4_26b_ctx32k_tok8k_b1_search237_think.partial.csv,v4_social_signal,gemma4:26b,e2c82f1e1dc2,0.10,1,1,0,0.0,0.0,0.0,0.0,0.0,0.0,0.0,0.0,0.0,0,1,36
v4_social_signal_experiment_v4_prompt_think_true_gemma4_26b_ctx32k_tok8k_b1_search237_think.partial,v4_social_signal_experiment_v4_prompt_think_true_gemma4_26b_ctx32k_tok8k_b1_search237_think.partial.csv,v4_social_signal,gemma4:26b,e2c82f1e1dc2,0.15,1,1,0,0.0,0.0,0.0,0.0,0.0,0.0,0.0,0.0,0.0,0,1,36
v4_social_signal_experiment_v4_prompt_think_true_gemma4_26b_ctx32k_tok8k_b1_search237_think.partial,v4_social_signal_experiment_v4_prompt_think_true_gemma4_26b_ctx32k_tok8k_b1_search237_think.partial.csv,v4_social_signal,gemma4:26b,e2c82f1e1dc2,0.20,1,1,0,0.0,0.0,0.0,0.0,0.0,0.0,0.0,0.0,0.0,0,1,36
v4_social_signal_experiment_v4_prompt_think_true_gemma4_26b_ctx32k_tok8k_b1_search237_think.partial,v4_social_signal_experiment_v4_prompt_think_true_gemma4_26b_ctx32k_tok8k_b1_search237_think.partial.csv,v4_social_signal,gemma4:26b,e2c82f1e1dc2,0.25,1,1,0,0.0,0.0,0.0,0.0,0.0,0.0,0.0,0.0,0.0,0,1,36
v4_social_signal_experiment_v4_prompt_think_true_gemma4_26b_ctx32k_tok8k_b1_search237_think.partial,v4_social_signal_experiment_v4_prompt_think_true_gemma4_26b_ctx32k_tok8k_b1_search237_think.partial.csv,v4_social_signal,gemma4:26b,e2c82f1e1dc2,0.30,1,1,0,0.0,0.0,0.0,0.0,0.0,0.0,0.0,0.0,0.0,0,1,36
v4_social_signal_experiment_v4_prompt_think_true_gemma4_26b_ctx32k_tok8k_b1_search237_think.partial,v4_social_signal_experiment_v4_prompt_think_true_gemma4_26b_ctx32k_tok8k_b1_search237_think.partial.csv,v4_social_signal,gemma4:26b,e2c82f1e1dc2,0.35,1,1,0,0.0,0.0,0.0,0.0,0.0,0.0,0.0,0.0,0.0,0,1,36
v4_social_signal_experiment_v4_prompt_think_true_gemma4_26b_ctx32k_tok8k_b1_search237_think.partial,v4_social_signal_experiment_v4_prompt_think_true_gemma4_26b_ctx32k_tok8k_b1_search237_think.partial.csv,v4_social_signal,gemma4:26b,e2c82f1e1dc2,0.40,1,1,0,0.0,0.0,0.0,0.0,0.0,0.0,0.0,0.0,0.0,0,1,36
v4_social_signal_experiment_v4_prompt_think_true_gemma4_26b_ctx32k_tok8k_b1_search237_think.partial,v4_social_signal_experiment_v4_prompt_think_true_gemma4_26b_ctx32k_tok8k_b1_search237_think.partial.csv,v4_social_signal,gemma4:26b,e2c82f1e1dc2,0.45,1,1,0,0.0,0.0,0.0,0.0,0.0,0.0,0.0,0.0,0.0,0,1,36
v4_social_signal_experiment_v4_prompt_think_true_gemma4_26b_ctx32k_tok8k_b1_search237_think.partial,v4_social_signal_experiment_v4_prompt_think_true_gemma4_26b_ctx32k_tok8k_b1_search237_think.partial.csv,v4_social_signal,gemma4:26b,e2c82f1e1dc2,0.50,1,1,0,0.0,0.0,0.0,0.0,0.0,0.0,0.0,0.0,0.0,0,1,36
v4_social_signal_experiment_v4_prompt_think_true_gemma4_26b_ctx32k_tok8k_b1_search237_think.partial,v4_social_signal_experiment_v4_prompt_think_true_gemma4_26b_ctx32k_tok8k_b1_search237_think.partial.csv,v4_social_signal,gemma4:26b,e2c82f1e1dc2,0.55,1,1,0,0.0,0.0,0.0,0.0,0.0,0.0,0.0,0.0,0.0,0,1,36
v4_social_signal_experiment_v4_prompt_think_true_gemma4_26b_ctx32k_tok8k_b1_search237_think.partial,v4_social_signal_experiment_v4_prompt_think_true_gemma4_26b_ctx32k_tok8k_b1_search237_think.partial.csv,v4_social_signal,gemma4:26b,e2c82f1e1dc2,0.60,1,1,0,0.0,0.0,0.0,0.0,0.0,0.0,0.0,0.0,0.0,0,1,36
v4_social_signal_experiment_v4_prompt_think_true_gemma4_26b_ctx32k_tok8k_b1_search237_think.partial,v4_social_signal_experiment_v4_prompt_think_true_gemma4_26b_ctx32k_tok8k_b1_search237_think.partial.csv,v4_social_signal,gemma4:26b,e2c82f1e1dc2,0.65,1,1,0,0.0,0.0,0.0,0.0,0.0,0.0,0.0,0.0,0.0,0,1,36
v4_social_signal_experiment_v4_prompt_think_true_gemma4_26b_ctx32k_tok8k_b1_search237_think.partial,v4_social_signal_experiment_v4_prompt_think_true_gemma4_26b_ctx32k_tok8k_b1_search237_think.partial.csv,v4_social_signal,gemma4:26b,e2c82f1e1dc2,0.70,1,1,0,0.0,0.0,0.0,0.0,0.0,0.0,0.0,0.0,0.0,0,1,36
v4_social_signal_experiment_v4_prompt_think_true_gemma4_26b_ctx32k_tok8k_b1_search237_think.partial,v4_social_signal_experiment_v4_prompt_think_true_gemma4_26b_ctx32k_tok8k_b1_search237_think.partial.csv,v4_social_signal,gemma4:26b,e2c82f1e1dc2,0.75,1,1,0,0.0,0.0,0.0,0.0,0.0,0.0,0.0,0.0,0.0,0,1,36
v4_social_signal_experiment_v4_prompt_think_true_gemma4_26b_ctx32k_tok8k_b1_search237_think.partial,v4_social_signal_experiment_v4_prompt_think_true_gemma4_26b_ctx32k_tok8k_b1_search237_think.partial.csv,v4_social_signal,gemma4:26b,e2c82f1e1dc2,0.80,1,1,0,0.0,0.0,0.0,0.0,0.0,0.0,0.0,0.0,0.0,0,1,36
v4_social_signal_experiment_v4_prompt_think_true_gemma4_26b_ctx32k_tok8k_b1_search237_think.partial,v4_social_signal_experiment_v4_prompt_think_true_gemma4_26b_ctx32k_tok8k_b1_search237_think.partial.csv,v4_social_signal,gemma4:26b,e2c82f1e1dc2,0.85,1,1,0,0.0,0.0,0.0,0.0,0.0,0.0,0.0,0.0,0.0,0,1,36
v4_social_signal_experiment_v4_prompt_think_true_gemma4_26b_ctx32k_tok8k_b1_search237_think.partial,v4_social_signal_experiment_v4_prompt_think_true_gemma4_26b_ctx32k_tok8k_b1_search237_think.partial.csv,v4_social_signal,gemma4:26b,e2c82f1e1dc2,0.90,1,1,0,0.0,0.0,0.0,0.0,0.0,0.0,0.0,0.0,0.0,0,1,36
v4_social_signal_experiment_v4_prompt_think_true_gemma4_26b_ctx32k_tok8k_b1_search237_think.partial,v4_social_signal_experiment_v4_prompt_think_true_gemma4_26b_ctx32k_tok8k_b1_search237_think.partial.csv,v4_social_signal,gemma4:26b,e2c82f1e1dc2,0.95,1,1,0,0.0,0.0,0.0,0.0,0.0,0.0,0.0,0.0,0.0,0,1,36
v4_social_signal_experiment_v4_prompt_think_true_qwen35_9b_direct_core_targeted_v7_think_nojson_ctx32768_tok8192_b1_pilot6.partial,v4_social_signal_experiment_v4_prompt_think_true_qwen35_9b_direct_core_targeted_v7_think_nojson_ctx32768_tok8192_b1_pilot6.partial.csv,v4_social_signal,qwen35-9b,90b6ed4c6322,0.95,1,1,0,0.0,0.0,0.0,0.0,0.0,0.0,0.0,0.0,0.0,0,1,0
v4_social_signal_experiment_v4_prompt_think_true_qwen35_9b_direct_core_targeted_v7_think_nojson_guard_ctx32768_tok4096_b1_pilot3.partial,v4_social_signal_experiment_v4_prompt_think_true_qwen35_9b_direct_core_targeted_v7_think_nojson_guard_ctx32768_tok4096_b1_pilot3.partial.csv,v4_social_signal,qwen35-9b,e2c82f1e1dc2,default,1,1,0,0.0,0.0,0.0,0.0,0.0,0.0,0.0,0.0,0.0,0,1,36
v4_social_signal_experiment_v4_prompt_think_true_qwen35_9b_direct_core_targeted_v7_think_nojson_guard_ctx32768_tok4096_b1_pilot3.partial,v4_social_signal_experiment_v4_prompt_think_true_qwen35_9b_direct_core_targeted_v7_think_nojson_guard_ctx32768_tok4096_b1_pilot3.partial.csv,v4_social_signal,qwen35-9b,e2c82f1e1dc2,0.05,1,1,0,0.0,0.0,0.0,0.0,0.0,0.0,0.0,0.0,0.0,0,1,36
v4_social_signal_experiment_v4_prompt_think_true_qwen35_9b_direct_core_targeted_v7_think_nojson_guard_ctx32768_tok4096_b1_pilot3.partial,v4_social_signal_experiment_v4_prompt_think_true_qwen35_9b_direct_core_targeted_v7_think_nojson_guard_ctx32768_tok4096_b1_pilot3.partial.csv,v4_social_signal,qwen35-9b,e2c82f1e1dc2,0.10,1,1,0,0.0,0.0,0.0,0.0,0.0,0.0,0.0,0.0,0.0,0,1,36
v4_social_signal_experiment_v4_prompt_think_true_qwen35_9b_direct_core_targeted_v7_think_nojson_guard_ctx32768_tok4096_b1_pilot3.partial,v4_social_signal_experiment_v4_prompt_think_true_qwen35_9b_direct_core_targeted_v7_think_nojson_guard_ctx32768_tok4096_b1_pilot3.partial.csv,v4_social_signal,qwen35-9b,e2c82f1e1dc2,0.15,1,1,0,0.0,0.0,0.0,0.0,0.0,0.0,0.0,0.0,0.0,0,1,36
v4_social_signal_experiment_v4_prompt_think_true_qwen35_9b_direct_core_targeted_v7_think_nojson_guard_ctx32768_tok4096_b1_pilot3.partial,v4_social_signal_experiment_v4_prompt_think_true_qwen35_9b_direct_core_targeted_v7_think_nojson_guard_ctx32768_tok4096_b1_pilot3.partial.csv,v4_social_signal,qwen35-9b,e2c82f1e1dc2,0.20,1,1,0,0.0,0.0,0.0,0.0,0.0,0.0,0.0,0.0,0.0,0,1,36
v4_social_signal_experiment_v4_prompt_think_true_qwen35_9b_direct_core_targeted_v7_think_nojson_guard_ctx32768_tok4096_b1_pilot3.partial,v4_social_signal_experiment_v4_prompt_think_true_qwen35_9b_direct_core_targeted_v7_think_nojson_guard_ctx32768_tok4096_b1_pilot3.partial.csv,v4_social_signal,qwen35-9b,e2c82f1e1dc2,0.25,1,1,0,0.0,0.0,0.0,0.0,0.0,0.0,0.0,0.0,0.0,0,1,36
v4_social_signal_experiment_v4_prompt_think_true_qwen35_9b_direct_core_targeted_v7_think_nojson_guard_ctx32768_tok4096_b1_pilot3.partial,v4_social_signal_experiment_v4_prompt_think_true_qwen35_9b_direct_core_targeted_v7_think_nojson_guard_ctx32768_tok4096_b1_pilot3.partial.csv,v4_social_signal,qwen35-9b,e2c82f1e1dc2,0.30,1,1,0,0.0,0.0,0.0,0.0,0.0,0.0,0.0,0.0,0.0,0,1,36
v4_social_signal_experiment_v4_prompt_think_true_qwen35_9b_direct_core_targeted_v7_think_nojson_guard_ctx32768_tok4096_b1_pilot3.partial,v4_social_signal_experiment_v4_prompt_think_true_qwen35_9b_direct_core_targeted_v7_think_nojson_guard_ctx32768_tok4096_b1_pilot3.partial.csv,v4_social_signal,qwen35-9b,e2c82f1e1dc2,0.35,1,1,0,0.0,0.0,0.0,0.0,0.0,0.0,0.0,0.0,0.0,0,1,36
v4_social_signal_experiment_v4_prompt_think_true_qwen35_9b_direct_core_targeted_v7_think_nojson_guard_ctx32768_tok4096_b1_pilot3.partial,v4_social_signal_experiment_v4_prompt_think_true_qwen35_9b_direct_core_targeted_v7_think_nojson_guard_ctx32768_tok4096_b1_pilot3.partial.csv,v4_social_signal,qwen35-9b,e2c82f1e1dc2,0.40,1,1,0,0.0,0.0,0.0,0.0,0.0,0.0,0.0,0.0,0.0,0,1,36
v4_social_signal_experiment_v4_prompt_think_true_qwen35_9b_direct_core_targeted_v7_think_nojson_guard_ctx32768_tok4096_b1_pilot3.partial,v4_social_signal_experiment_v4_prompt_think_true_qwen35_9b_direct_core_targeted_v7_think_nojson_guard_ctx32768_tok4096_b1_pilot3.partial.csv,v4_social_signal,qwen35-9b,e2c82f1e1dc2,0.45,1,1,0,0.0,0.0,0.0,0.0,0.0,0.0,0.0,0.0,0.0,0,1,36
v4_social_signal_experiment_v4_prompt_think_true_qwen35_9b_direct_core_targeted_v7_think_nojson_guard_ctx32768_tok4096_b1_pilot3.partial,v4_social_signal_experiment_v4_prompt_think_true_qwen35_9b_direct_core_targeted_v7_think_nojson_guard_ctx32768_tok4096_b1_pilot3.partial.csv,v4_social_signal,qwen35-9b,e2c82f1e1dc2,0.50,1,1,0,0.0,0.0,0.0,0.0,0.0,0.0,0.0,0.0,0.0,0,1,36
v4_social_signal_experiment_v4_prompt_think_true_qwen35_9b_direct_core_targeted_v7_think_nojson_guard_ctx32768_tok4096_b1_pilot3.partial,v4_social_signal_experiment_v4_prompt_think_true_qwen35_9b_direct_core_targeted_v7_think_nojson_guard_ctx32768_tok4096_b1_pilot3.partial.csv,v4_social_signal,qwen35-9b,e2c82f1e1dc2,0.55,1,1,0,0.0,0.0,0.0,0.0,0.0,0.0,0.0,0.0,0.0,0,1,36
v4_social_signal_experiment_v4_prompt_think_true_qwen35_9b_direct_core_targeted_v7_think_nojson_guard_ctx32768_tok4096_b1_pilot3.partial,v4_social_signal_experiment_v4_prompt_think_true_qwen35_9b_direct_core_targeted_v7_think_nojson_guard_ctx32768_tok4096_b1_pilot3.partial.csv,v4_social_signal,qwen35-9b,e2c82f1e1dc2,0.60,1,1,0,0.0,0.0,0.0,0.0,0.0,0.0,0.0,0.0,0.0,0,1,36
v4_social_signal_experiment_v4_prompt_think_true_qwen35_9b_direct_core_targeted_v7_think_nojson_guard_ctx32768_tok4096_b1_pilot3.partial,v4_social_signal_experiment_v4_prompt_think_true_qwen35_9b_direct_core_targeted_v7_think_nojson_guard_ctx32768_tok4096_b1_pilot3.partial.csv,v4_social_signal,qwen35-9b,e2c82f1e1dc2,0.65,1,1,0,0.0,0.0,0.0,0.0,0.0,0.0,0.0,0.0,0.0,0,1,36
v4_social_signal_experiment_v4_prompt_think_true_qwen35_9b_direct_core_targeted_v7_think_nojson_guard_ctx32768_tok4096_b1_pilot3.partial,v4_social_signal_experiment_v4_prompt_think_true_qwen35_9b_direct_core_targeted_v7_think_nojson_guard_ctx32768_tok4096_b1_pilot3.partial.csv,v4_social_signal,qwen35-9b,e2c82f1e1dc2,0.70,1,1,0,0.0,0.0,0.0,0.0,0.0,0.0,0.0,0.0,0.0,0,1,36
v4_social_signal_experiment_v4_prompt_think_true_qwen35_9b_direct_core_targeted_v7_think_nojson_guard_ctx32768_tok4096_b1_pilot3.partial,v4_social_signal_experiment_v4_prompt_think_true_qwen35_9b_direct_core_targeted_v7_think_nojson_guard_ctx32768_tok4096_b1_pilot3.partial.csv,v4_social_signal,qwen35-9b,e2c82f1e1dc2,0.75,1,1,0,0.0,0.0,0.0,0.0,0.0,0.0,0.0,0.0,0.0,0,1,36
v4_social_signal_experiment_v4_prompt_think_true_qwen35_9b_direct_core_targeted_v7_think_nojson_guard_ctx32768_tok4096_b1_pilot3.partial,v4_social_signal_experiment_v4_prompt_think_true_qwen35_9b_direct_core_targeted_v7_think_nojson_guard_ctx32768_tok4096_b1_pilot3.partial.csv,v4_social_signal,qwen35-9b,e2c82f1e1dc2,0.80,1,1,0,0.0,0.0,0.0,0.0,0.0,0.0,0.0,0.0,0.0,0,1,36
v4_social_signal_experiment_v4_prompt_think_true_qwen35_9b_direct_core_targeted_v7_think_nojson_guard_ctx32768_tok4096_b1_pilot3.partial,v4_social_signal_experiment_v4_prompt_think_true_qwen35_9b_direct_core_targeted_v7_think_nojson_guard_ctx32768_tok4096_b1_pilot3.partial.csv,v4_social_signal,qwen35-9b,e2c82f1e1dc2,0.85,1,1,0,0.0,0.0,0.0,0.0,0.0,0.0,0.0,0.0,0.0,0,1,36
v4_social_signal_experiment_v4_prompt_think_true_qwen35_9b_direct_core_targeted_v7_think_nojson_guard_ctx32768_tok4096_b1_pilot3.partial,v4_social_signal_experiment_v4_prompt_think_true_qwen35_9b_direct_core_targeted_v7_think_nojson_guard_ctx32768_tok4096_b1_pilot3.partial.csv,v4_social_signal,qwen35-9b,e2c82f1e1dc2,0.90,1,1,0,0.0,0.0,0.0,0.0,0.0,0.0,0.0,0.0,0.0,0,1,36
v4_social_signal_experiment_v4_prompt_think_true_qwen35_9b_direct_core_targeted_v7_think_nojson_guard_ctx32768_tok4096_b1_pilot3.partial,v4_social_signal_experiment_v4_prompt_think_true_qwen35_9b_direct_core_targeted_v7_think_nojson_guard_ctx32768_tok4096_b1_pilot3.partial.csv,v4_social_signal,qwen35-9b,e2c82f1e1dc2,0.95,1,1,0,0.0,0.0,0.0,0.0,0.0,0.0,0.0,0.0,0.0,0,1,36
v4_social_signal_experiment_v4_prompt_think_true_v4pilot60_qwen35_9b_high_recall_minimal_v3_think_nojson_guard2_ctx32768_tok8192_b1.partial,v4_social_signal_experiment_v4_prompt_think_true_v4pilot60_qwen35_9b_high_recall_minimal_v3_think_nojson_guard2_ctx32768_tok8192_b1.partial.csv,v4_social_signal,qwen35-9b,a2e0780f70e8,default,1,1,0,0.0,0.0,0.0,0.0,0.0,0.0,0.0,0.0,0.0,0,1,36
v4_social_signal_experiment_v4_prompt_think_true_v4pilot60_qwen35_9b_high_recall_minimal_v3_think_nojson_guard2_ctx32768_tok8192_b1.partial,v4_social_signal_experiment_v4_prompt_think_true_v4pilot60_qwen35_9b_high_recall_minimal_v3_think_nojson_guard2_ctx32768_tok8192_b1.partial.csv,v4_social_signal,qwen35-9b,a2e0780f70e8,0.05,1,1,0,0.0,0.0,0.0,0.0,0.0,0.0,0.0,0.0,0.0,0,1,36
v4_social_signal_experiment_v4_prompt_think_true_v4pilot60_qwen35_9b_high_recall_minimal_v3_think_nojson_guard2_ctx32768_tok8192_b1.partial,v4_social_signal_experiment_v4_prompt_think_true_v4pilot60_qwen35_9b_high_recall_minimal_v3_think_nojson_guard2_ctx32768_tok8192_b1.partial.csv,v4_social_signal,qwen35-9b,a2e0780f70e8,0.10,1,1,0,0.0,0.0,0.0,0.0,0.0,0.0,0.0,0.0,0.0,0,1,36
v4_social_signal_experiment_v4_prompt_think_true_v4pilot60_qwen35_9b_high_recall_minimal_v3_think_nojson_guard2_ctx32768_tok8192_b1.partial,v4_social_signal_experiment_v4_prompt_think_true_v4pilot60_qwen35_9b_high_recall_minimal_v3_think_nojson_guard2_ctx32768_tok8192_b1.partial.csv,v4_social_signal,qwen35-9b,a2e0780f70e8,0.15,1,1,0,0.0,0.0,0.0,0.0,0.0,0.0,0.0,0.0,0.0,0,1,36
v4_social_signal_experiment_v4_prompt_think_true_v4pilot60_qwen35_9b_high_recall_minimal_v3_think_nojson_guard2_ctx32768_tok8192_b1.partial,v4_social_signal_experiment_v4_prompt_think_true_v4pilot60_qwen35_9b_high_recall_minimal_v3_think_nojson_guard2_ctx32768_tok8192_b1.partial.csv,v4_social_signal,qwen35-9b,a2e0780f70e8,0.20,1,1,0,0.0,0.0,0.0,0.0,0.0,0.0,0.0,0.0,0.0,0,1,36
v4_social_signal_experiment_v4_prompt_think_true_v4pilot60_qwen35_9b_high_recall_minimal_v3_think_nojson_guard2_ctx32768_tok8192_b1.partial,v4_social_signal_experiment_v4_prompt_think_true_v4pilot60_qwen35_9b_high_recall_minimal_v3_think_nojson_guard2_ctx32768_tok8192_b1.partial.csv,v4_social_signal,qwen35-9b,a2e0780f70e8,0.25,1,1,0,0.0,0.0,0.0,0.0,0.0,0.0,0.0,0.0,0.0,0,1,36
v4_social_signal_experiment_v4_prompt_think_true_v4pilot60_qwen35_9b_high_recall_minimal_v3_think_nojson_guard2_ctx32768_tok8192_b1.partial,v4_social_signal_experiment_v4_prompt_think_true_v4pilot60_qwen35_9b_high_recall_minimal_v3_think_nojson_guard2_ctx32768_tok8192_b1.partial.csv,v4_social_signal,qwen35-9b,a2e0780f70e8,0.30,1,1,0,0.0,0.0,0.0,0.0,0.0,0.0,0.0,0.0,0.0,0,1,36
v4_social_signal_experiment_v4_prompt_think_true_v4pilot60_qwen35_9b_high_recall_minimal_v3_think_nojson_guard2_ctx32768_tok8192_b1.partial,v4_social_signal_experiment_v4_prompt_think_true_v4pilot60_qwen35_9b_high_recall_minimal_v3_think_nojson_guard2_ctx32768_tok8192_b1.partial.csv,v4_social_signal,qwen35-9b,a2e0780f70e8,0.35,1,1,0,0.0,0.0,0.0,0.0,0.0,0.0,0.0,0.0,0.0,0,1,36
v4_social_signal_experiment_v4_prompt_think_true_v4pilot60_qwen35_9b_high_recall_minimal_v3_think_nojson_guard2_ctx32768_tok8192_b1.partial,v4_social_signal_experiment_v4_prompt_think_true_v4pilot60_qwen35_9b_high_recall_minimal_v3_think_nojson_guard2_ctx32768_tok8192_b1.partial.csv,v4_social_signal,qwen35-9b,a2e0780f70e8,0.40,1,1,0,0.0,0.0,0.0,0.0,0.0,0.0,0.0,0.0,0.0,0,1,36
v4_social_signal_experiment_v4_prompt_think_true_v4pilot60_qwen35_9b_high_recall_minimal_v3_think_nojson_guard2_ctx32768_tok8192_b1.partial,v4_social_signal_experiment_v4_prompt_think_true_v4pilot60_qwen35_9b_high_recall_minimal_v3_think_nojson_guard2_ctx32768_tok8192_b1.partial.csv,v4_social_signal,qwen35-9b,a2e0780f70e8,0.45,1,1,0,0.0,0.0,0.0,0.0,0.0,0.0,0.0,0.0,0.0,0,1,36
v4_social_signal_experiment_v4_prompt_think_true_v4pilot60_qwen35_9b_high_recall_minimal_v3_think_nojson_guard2_ctx32768_tok8192_b1.partial,v4_social_signal_experiment_v4_prompt_think_true_v4pilot60_qwen35_9b_high_recall_minimal_v3_think_nojson_guard2_ctx32768_tok8192_b1.partial.csv,v4_social_signal,qwen35-9b,a2e0780f70e8,0.50,1,1,0,0.0,0.0,0.0,0.0,0.0,0.0,0.0,0.0,0.0,0,1,36
v4_social_signal_experiment_v4_prompt_think_true_v4pilot60_qwen35_9b_high_recall_minimal_v3_think_nojson_guard2_ctx32768_tok8192_b1.partial,v4_social_signal_experiment_v4_prompt_think_true_v4pilot60_qwen35_9b_high_recall_minimal_v3_think_nojson_guard2_ctx32768_tok8192_b1.partial.csv,v4_social_signal,qwen35-9b,a2e0780f70e8,0.55,1,1,0,0.0,0.0,0.0,0.0,0.0,0.0,0.0,0.0,0.0,0,1,36
v4_social_signal_experiment_v4_prompt_think_true_v4pilot60_qwen35_9b_high_recall_minimal_v3_think_nojson_guard2_ctx32768_tok8192_b1.partial,v4_social_signal_experiment_v4_prompt_think_true_v4pilot60_qwen35_9b_high_recall_minimal_v3_think_nojson_guard2_ctx32768_tok8192_b1.partial.csv,v4_social_signal,qwen35-9b,a2e0780f70e8,0.60,1,1,0,0.0,0.0,0.0,0.0,0.0,0.0,0.0,0.0,0.0,0,1,36
v4_social_signal_experiment_v4_prompt_think_true_v4pilot60_qwen35_9b_high_recall_minimal_v3_think_nojson_guard2_ctx32768_tok8192_b1.partial,v4_social_signal_experiment_v4_prompt_think_true_v4pilot60_qwen35_9b_high_recall_minimal_v3_think_nojson_guard2_ctx32768_tok8192_b1.partial.csv,v4_social_signal,qwen35-9b,a2e0780f70e8,0.65,1,1,0,0.0,0.0,0.0,0.0,0.0,0.0,0.0,0.0,0.0,0,1,36
v4_social_signal_experiment_v4_prompt_think_true_v4pilot60_qwen35_9b_high_recall_minimal_v3_think_nojson_guard2_ctx32768_tok8192_b1.partial,v4_social_signal_experiment_v4_prompt_think_true_v4pilot60_qwen35_9b_high_recall_minimal_v3_think_nojson_guard2_ctx32768_tok8192_b1.partial.csv,v4_social_signal,qwen35-9b,a2e0780f70e8,0.70,1,1,0,0.0,0.0,0.0,0.0,0.0,0.0,0.0,0.0,0.0,0,1,36
v4_social_signal_experiment_v4_prompt_think_true_v4pilot60_qwen35_9b_high_recall_minimal_v3_think_nojson_guard2_ctx32768_tok8192_b1.partial,v4_social_signal_experiment_v4_prompt_think_true_v4pilot60_qwen35_9b_high_recall_minimal_v3_think_nojson_guard2_ctx32768_tok8192_b1.partial.csv,v4_social_signal,qwen35-9b,a2e0780f70e8,0.75,1,1,0,0.0,0.0,0.0,0.0,0.0,0.0,0.0,0.0,0.0,0,1,36
v4_social_signal_experiment_v4_prompt_think_true_v4pilot60_qwen35_9b_high_recall_minimal_v3_think_nojson_guard2_ctx32768_tok8192_b1.partial,v4_social_signal_experiment_v4_prompt_think_true_v4pilot60_qwen35_9b_high_recall_minimal_v3_think_nojson_guard2_ctx32768_tok8192_b1.partial.csv,v4_social_signal,qwen35-9b,a2e0780f70e8,0.80,1,1,0,0.0,0.0,0.0,0.0,0.0,0.0,0.0,0.0,0.0,0,1,36
v4_social_signal_experiment_v4_prompt_think_true_v4pilot60_qwen35_9b_high_recall_minimal_v3_think_nojson_guard2_ctx32768_tok8192_b1.partial,v4_social_signal_experiment_v4_prompt_think_true_v4pilot60_qwen35_9b_high_recall_minimal_v3_think_nojson_guard2_ctx32768_tok8192_b1.partial.csv,v4_social_signal,qwen35-9b,a2e0780f70e8,0.85,1,1,0,0.0,0.0,0.0,0.0,0.0,0.0,0.0,0.0,0.0,0,1,36
v4_social_signal_experiment_v4_prompt_think_true_v4pilot60_qwen35_9b_high_recall_minimal_v3_think_nojson_guard2_ctx32768_tok8192_b1.partial,v4_social_signal_experiment_v4_prompt_think_true_v4pilot60_qwen35_9b_high_recall_minimal_v3_think_nojson_guard2_ctx32768_tok8192_b1.partial.csv,v4_social_signal,qwen35-9b,a2e0780f70e8,0.90,1,1,0,0.0,0.0,0.0,0.0,0.0,0.0,0.0,0.0,0.0,0,1,36
v4_social_signal_experiment_v4_prompt_think_true_v4pilot60_qwen35_9b_high_recall_minimal_v3_think_nojson_guard2_ctx32768_tok8192_b1.partial,v4_social_signal_experiment_v4_prompt_think_true_v4pilot60_qwen35_9b_high_recall_minimal_v3_think_nojson_guard2_ctx32768_tok8192_b1.partial.csv,v4_social_signal,qwen35-9b,a2e0780f70e8,0.95,1,1,0,0.0,0.0,0.0,0.0,0.0,0.0,0.0,0.0,0.0,0,1,36
