run_id,file_name,family,model,prompt,is_partial,n_news,n_rows,complete_36x_rows,json_errors,threshold,threshold_value,true_sentiment_pairs,predicted_true_factor_pairs,sentiment_pair_coverage,sentiment_accuracy_on_predicted_true_pairs,sentiment_macro_f1_on_predicted_true_pairs,sentiment_weighted_f1_on_predicted_true_pairs,pressure_eval_pairs,pressure_mae_on_predicted_true_pairs,pressure_rmse_on_predicted_true_pairs,pressure_corr_on_predicted_true_pairs
v3_social_signal_experiment_social_signal_v3_think_true_v3_b1_search237_think,v3_social_signal_experiment_social_signal_v3_think_true_v3_b1_search237_think.csv,v3_social_signal,gemma4:e2b,social_signal_v3,False,237,8532,True,0.0,0.65,0.65,656,56,0.08536585365853659,0.75,0.7253584847787747,0.7494010647737356,56,0.22535714285714287,0.28140590916731956,0.5058928625418682
v3_social_signal_experiment_social_signal_v3_think_true_v3_b1_search237_think,v3_social_signal_experiment_social_signal_v3_think_true_v3_b1_search237_think.csv,v3_social_signal,gemma4:e2b,social_signal_v3,False,237,8532,True,0.0,0.70,0.7,656,56,0.08536585365853659,0.75,0.7253584847787747,0.7494010647737356,56,0.22535714285714287,0.28140590916731956,0.5058928625418682
v3_social_signal_experiment_social_signal_v3_think_true_v3_b1_search237_think,v3_social_signal_experiment_social_signal_v3_think_true_v3_b1_search237_think.csv,v3_social_signal,gemma4:e2b,social_signal_v3,False,237,8532,True,0.0,0.75,0.75,656,55,0.08384146341463415,0.7454545454545455,0.7234591495461061,0.7448447204968944,55,0.22854545454545452,0.2838725706433018,0.5058924640821182
v3_social_signal_experiment_social_signal_v3_think_true_v3_b1_search237_think,v3_social_signal_experiment_social_signal_v3_think_true_v3_b1_search237_think.csv,v3_social_signal,gemma4:e2b,social_signal_v3,False,237,8532,True,0.0,0.80,0.8,656,55,0.08384146341463415,0.7454545454545455,0.7234591495461061,0.7448447204968944,55,0.22854545454545452,0.2838725706433018,0.5058924640821182
v3_social_signal_experiment_social_signal_v3_think_true_v3_b1_search237_think,v3_social_signal_experiment_social_signal_v3_think_true_v3_b1_search237_think.csv,v3_social_signal,gemma4:e2b,social_signal_v3,False,237,8532,True,0.0,0.85,0.85,656,55,0.08384146341463415,0.7454545454545455,0.7234591495461061,0.7448447204968944,55,0.22854545454545452,0.2838725706433018,0.5058924640821182
v3_social_signal_experiment_social_signal_v3_think_true_v3_b1_search237_think,v3_social_signal_experiment_social_signal_v3_think_true_v3_b1_search237_think.csv,v3_social_signal,gemma4:e2b,social_signal_v3,False,237,8532,True,0.0,0.90,0.9,656,55,0.08384146341463415,0.7454545454545455,0.7234591495461061,0.7448447204968944,55,0.22854545454545452,0.2838725706433018,0.5058924640821182
prompt_search_search_hard_negative_v2_gemma4-e2b_5df03950348d_1a35bcd28344,prompt_search_search_hard_negative_v2_gemma4-e2b_5df03950348d_1a35bcd28344.csv,prompt_search,gemma4:e2b,hard_negative_v2,False,237,8532,True,0.0,0.55,0.55,656,43,0.06554878048780488,0.7209302325581395,0.715987460815047,0.7230152365677626,43,0.32372093023255816,0.3770201401072781,0.5034282991780801
prompt_search_search_hard_negative_v2_gemma4-e2b_5df03950348d_1a35bcd28344,prompt_search_search_hard_negative_v2_gemma4-e2b_5df03950348d_1a35bcd28344.csv,prompt_search,gemma4:e2b,hard_negative_v2,False,237,8532,True,0.0,0.60,0.6,656,43,0.06554878048780488,0.7209302325581395,0.715987460815047,0.7230152365677626,43,0.32372093023255816,0.3770201401072781,0.5034282991780801
prompt_search_search_hard_negative_v2_gemma4-e2b_5df03950348d_1a35bcd28344,prompt_search_search_hard_negative_v2_gemma4-e2b_5df03950348d_1a35bcd28344.csv,prompt_search,gemma4:e2b,hard_negative_v2,False,237,8532,True,0.0,0.65,0.65,656,43,0.06554878048780488,0.7209302325581395,0.715987460815047,0.7230152365677626,43,0.32372093023255816,0.3770201401072781,0.5034282991780801
prompt_search_search_hard_negative_v2_gemma4-e2b_5df03950348d_1a35bcd28344,prompt_search_search_hard_negative_v2_gemma4-e2b_5df03950348d_1a35bcd28344.csv,prompt_search,gemma4:e2b,hard_negative_v2,False,237,8532,True,0.0,0.70,0.7,656,43,0.06554878048780488,0.7209302325581395,0.715987460815047,0.7230152365677626,43,0.32372093023255816,0.3770201401072781,0.5034282991780801
prompt_search_search_hard_negative_v2_gemma4-e2b_5df03950348d_1a35bcd28344,prompt_search_search_hard_negative_v2_gemma4-e2b_5df03950348d_1a35bcd28344.csv,prompt_search,gemma4:e2b,hard_negative_v2,False,237,8532,True,0.0,0.75,0.75,656,43,0.06554878048780488,0.7209302325581395,0.715987460815047,0.7230152365677626,43,0.32372093023255816,0.3770201401072781,0.5034282991780801
prompt_search_search_hard_negative_v2_gemma4-e2b_5df03950348d_1a35bcd28344,prompt_search_search_hard_negative_v2_gemma4-e2b_5df03950348d_1a35bcd28344.csv,prompt_search,gemma4:e2b,hard_negative_v2,False,237,8532,True,0.0,0.80,0.8,656,43,0.06554878048780488,0.7209302325581395,0.715987460815047,0.7230152365677626,43,0.32372093023255816,0.3770201401072781,0.5034282991780801
prompt_search_search_hard_negative_v2_gemma4-e2b_5df03950348d_1a35bcd28344,prompt_search_search_hard_negative_v2_gemma4-e2b_5df03950348d_1a35bcd28344.csv,prompt_search,gemma4:e2b,hard_negative_v2,False,237,8532,True,0.0,0.85,0.85,656,43,0.06554878048780488,0.7209302325581395,0.715987460815047,0.7230152365677626,43,0.32372093023255816,0.3770201401072781,0.5034282991780801
prompt_search_search_hard_negative_v2_gemma4-e2b_5df03950348d_1a35bcd28344,prompt_search_search_hard_negative_v2_gemma4-e2b_5df03950348d_1a35bcd28344.csv,prompt_search,gemma4:e2b,hard_negative_v2,False,237,8532,True,0.0,0.90,0.9,656,43,0.06554878048780488,0.7209302325581395,0.715987460815047,0.7230152365677626,43,0.32372093023255816,0.3770201401072781,0.5034282991780801
prompt_search_search_hard_negative_v2_gemma4-e2b_5df03950348d_1a35bcd28344,prompt_search_search_hard_negative_v2_gemma4-e2b_5df03950348d_1a35bcd28344.csv,prompt_search,gemma4:e2b,hard_negative_v2,False,237,8532,True,0.0,0.95,0.95,656,43,0.06554878048780488,0.7209302325581395,0.715987460815047,0.7230152365677626,43,0.32372093023255816,0.3770201401072781,0.5034282991780801
v4_social_signal_experiment_v4_prompt_think_false_compact_b1_search237,v4_social_signal_experiment_v4_prompt_think_false_compact_b1_search237.csv,v4_social_signal,gemma4:e2b,v4_prompt,False,237,8532,True,0.0,0.95,0.95,656,33,0.05030487804878049,0.8181818181818182,0.6932367149758454,0.8181818181818182,33,0.31030303030303025,0.3714019304465096,0.5189836790109029
prompt_search_search_hard_negative_v2_gemma4-e2b_5df03950348d_1a35bcd28344,prompt_search_search_hard_negative_v2_gemma4-e2b_5df03950348d_1a35bcd28344.csv,prompt_search,gemma4:e2b,hard_negative_v2,False,237,8532,True,0.0,0.05,0.05,656,49,0.07469512195121951,0.6938775510204082,0.6920077972709552,0.6975772765246449,49,0.31714285714285717,0.3725696757189266,0.4811071806557157
prompt_search_search_hard_negative_v2_gemma4-e2b_5df03950348d_1a35bcd28344,prompt_search_search_hard_negative_v2_gemma4-e2b_5df03950348d_1a35bcd28344.csv,prompt_search,gemma4:e2b,hard_negative_v2,False,237,8532,True,0.0,0.10,0.1,656,49,0.07469512195121951,0.6938775510204082,0.6920077972709552,0.6975772765246449,49,0.31714285714285717,0.3725696757189266,0.4811071806557157
prompt_search_search_hard_negative_v2_gemma4-e2b_5df03950348d_1a35bcd28344,prompt_search_search_hard_negative_v2_gemma4-e2b_5df03950348d_1a35bcd28344.csv,prompt_search,gemma4:e2b,hard_negative_v2,False,237,8532,True,0.0,0.15,0.15,656,49,0.07469512195121951,0.6938775510204082,0.6920077972709552,0.6975772765246449,49,0.31714285714285717,0.3725696757189266,0.4811071806557157
prompt_search_search_hard_negative_v2_gemma4-e2b_5df03950348d_1a35bcd28344,prompt_search_search_hard_negative_v2_gemma4-e2b_5df03950348d_1a35bcd28344.csv,prompt_search,gemma4:e2b,hard_negative_v2,False,237,8532,True,0.0,0.20,0.2,656,49,0.07469512195121951,0.6938775510204082,0.6920077972709552,0.6975772765246449,49,0.31714285714285717,0.3725696757189266,0.4811071806557157
prompt_search_search_hard_negative_v2_gemma4-e2b_5df03950348d_1a35bcd28344,prompt_search_search_hard_negative_v2_gemma4-e2b_5df03950348d_1a35bcd28344.csv,prompt_search,gemma4:e2b,hard_negative_v2,False,237,8532,True,0.0,0.25,0.25,656,49,0.07469512195121951,0.6938775510204082,0.6920077972709552,0.6975772765246449,49,0.31714285714285717,0.3725696757189266,0.4811071806557157
prompt_search_search_hard_negative_v2_gemma4-e2b_5df03950348d_1a35bcd28344,prompt_search_search_hard_negative_v2_gemma4-e2b_5df03950348d_1a35bcd28344.csv,prompt_search,gemma4:e2b,hard_negative_v2,False,237,8532,True,0.0,0.30,0.3,656,49,0.07469512195121951,0.6938775510204082,0.6920077972709552,0.6975772765246449,49,0.31714285714285717,0.3725696757189266,0.4811071806557157
prompt_search_search_hard_negative_v2_gemma4-e2b_5df03950348d_1a35bcd28344,prompt_search_search_hard_negative_v2_gemma4-e2b_5df03950348d_1a35bcd28344.csv,prompt_search,gemma4:e2b,hard_negative_v2,False,237,8532,True,0.0,0.35,0.35,656,49,0.07469512195121951,0.6938775510204082,0.6920077972709552,0.6975772765246449,49,0.31714285714285717,0.3725696757189266,0.4811071806557157
prompt_search_search_hard_negative_v2_gemma4-e2b_5df03950348d_1a35bcd28344,prompt_search_search_hard_negative_v2_gemma4-e2b_5df03950348d_1a35bcd28344.csv,prompt_search,gemma4:e2b,hard_negative_v2,False,237,8532,True,0.0,0.40,0.4,656,49,0.07469512195121951,0.6938775510204082,0.6920077972709552,0.6975772765246449,49,0.31714285714285717,0.3725696757189266,0.4811071806557157
prompt_search_search_hard_negative_v2_gemma4-e2b_5df03950348d_1a35bcd28344,prompt_search_search_hard_negative_v2_gemma4-e2b_5df03950348d_1a35bcd28344.csv,prompt_search,gemma4:e2b,hard_negative_v2,False,237,8532,True,0.0,0.45,0.45,656,49,0.07469512195121951,0.6938775510204082,0.6920077972709552,0.6975772765246449,49,0.31714285714285717,0.3725696757189266,0.4811071806557157
prompt_search_search_hard_negative_v2_gemma4-e2b_5df03950348d_1a35bcd28344,prompt_search_search_hard_negative_v2_gemma4-e2b_5df03950348d_1a35bcd28344.csv,prompt_search,gemma4:e2b,hard_negative_v2,False,237,8532,True,0.0,0.50,0.5,656,49,0.07469512195121951,0.6938775510204082,0.6920077972709552,0.6975772765246449,49,0.31714285714285717,0.3725696757189266,0.4811071806557157
v4_social_signal_experiment_v4_prompt_think_false_compact_b1_search237,v4_social_signal_experiment_v4_prompt_think_false_compact_b1_search237.csv,v4_social_signal,gemma4:e2b,v4_prompt,False,237,8532,True,0.0,0.90,0.9,656,38,0.057926829268292686,0.8157894736842105,0.6748251748251749,0.8119249171880751,38,0.31078947368421056,0.3714799704170504,0.49045080435066546
v3_social_signal_experiment_social_signal_v3_think_false_v3_b1_search237,v3_social_signal_experiment_social_signal_v3_think_false_v3_b1_search237.csv,v3_social_signal,gemma4:e2b,social_signal_v3,False,237,8532,True,8.0,0.65,0.65,656,55,0.08384146341463415,0.6909090909090909,0.6507936507936508,0.6991341991341992,55,0.22272727272727275,0.26959565683040626,0.3987098021773984
v3_social_signal_experiment_social_signal_v3_think_false_v3_b1_search237,v3_social_signal_experiment_social_signal_v3_think_false_v3_b1_search237.csv,v3_social_signal,gemma4:e2b,social_signal_v3,False,237,8532,True,8.0,0.70,0.7,656,55,0.08384146341463415,0.6909090909090909,0.6507936507936508,0.6991341991341992,55,0.22272727272727275,0.26959565683040626,0.3987098021773984
v3_social_signal_experiment_social_signal_v3_think_false_v3_b1_search237,v3_social_signal_experiment_social_signal_v3_think_false_v3_b1_search237.csv,v3_social_signal,gemma4:e2b,social_signal_v3,False,237,8532,True,8.0,0.75,0.75,656,55,0.08384146341463415,0.6909090909090909,0.6507936507936508,0.6991341991341992,55,0.22272727272727275,0.26959565683040626,0.3987098021773984
v3_social_signal_experiment_social_signal_v3_think_false_v3_b1_search237,v3_social_signal_experiment_social_signal_v3_think_false_v3_b1_search237.csv,v3_social_signal,gemma4:e2b,social_signal_v3,False,237,8532,True,8.0,0.80,0.8,656,55,0.08384146341463415,0.6909090909090909,0.6507936507936508,0.6991341991341992,55,0.22272727272727275,0.26959565683040626,0.3987098021773984
v3_social_signal_experiment_social_signal_v3_think_false_v3_b1_search237,v3_social_signal_experiment_social_signal_v3_think_false_v3_b1_search237.csv,v3_social_signal,gemma4:e2b,social_signal_v3,False,237,8532,True,8.0,0.85,0.85,656,55,0.08384146341463415,0.6909090909090909,0.6507936507936508,0.6991341991341992,55,0.22272727272727275,0.26959565683040626,0.3987098021773984
v3_social_signal_experiment_social_signal_v3_think_false_v3_b1_search237,v3_social_signal_experiment_social_signal_v3_think_false_v3_b1_search237.csv,v3_social_signal,gemma4:e2b,social_signal_v3,False,237,8532,True,8.0,0.90,0.9,656,55,0.08384146341463415,0.6909090909090909,0.6507936507936508,0.6991341991341992,55,0.22272727272727275,0.26959565683040626,0.3987098021773984
v4_social_signal_experiment_v4_prompt_think_false_b1_pilot18,v4_social_signal_experiment_v4_prompt_think_false_b1_pilot18.csv,v4_social_signal,gemma4:e2b,v4_prompt,False,18,648,True,0.0,0.80,0.8,38,9,0.23684210526315788,0.5555555555555556,0.6444444444444445,0.5555555555555556,9,0.18222222222222223,0.24413111231467405,0.31545959204088
v4_social_signal_experiment_v4_prompt_think_false_compact_b1_search237,v4_social_signal_experiment_v4_prompt_think_false_compact_b1_search237.csv,v4_social_signal,gemma4:e2b,v4_prompt,False,237,8532,True,0.0,0.80,0.8,656,65,0.09908536585365854,0.7538461538461538,0.6397306397306398,0.7491064491064492,65,0.2764615384615384,0.3382966381515125,0.3397519184689501
v4_social_signal_experiment_v4_prompt_think_false_compact_b1_search237,v4_social_signal_experiment_v4_prompt_think_false_compact_b1_search237.csv,v4_social_signal,gemma4:e2b,v4_prompt,False,237,8532,True,0.0,0.85,0.85,656,64,0.0975609756097561,0.75,0.6386735572782084,0.7452357881136951,64,0.27484375,0.3376041505965233,0.34288822779475203
prompt_search_search_balanced_recall_v2_gemma4-e2b_5df03950348d_e98b1a3c5abc,prompt_search_search_balanced_recall_v2_gemma4-e2b_5df03950348d_e98b1a3c5abc.csv,prompt_search,gemma4:e2b,balanced_recall_v2,False,237,8532,True,0.0,default,,656,102,0.15548780487804878,0.6666666666666666,0.6255135387488329,0.6499464491679025,102,0.20362745098039214,0.2497861830744486,0.38424425588175815
v4_social_signal_experiment_v4_prompt_think_false_b1_pilot18,v4_social_signal_experiment_v4_prompt_think_false_b1_pilot18.csv,v4_social_signal,gemma4:e2b,v4_prompt,False,18,648,True,0.0,0.85,0.85,38,8,0.21052631578947367,0.5,0.611111111111111,0.5,8,0.18,0.249098374141623,0.33252037974430787
v4_social_signal_experiment_v4_prompt_think_false_b1_pilot18,v4_social_signal_experiment_v4_prompt_think_false_b1_pilot18.csv,v4_social_signal,gemma4:e2b,v4_prompt,False,18,648,True,0.0,0.65,0.65,38,10,0.2631578947368421,0.5,0.6103896103896104,0.487012987012987,10,0.188,0.24372115213907883,0.2414934882721464
v4_social_signal_experiment_v4_prompt_think_false_b1_pilot18,v4_social_signal_experiment_v4_prompt_think_false_b1_pilot18.csv,v4_social_signal,gemma4:e2b,v4_prompt,False,18,648,True,0.0,0.70,0.7,38,10,0.2631578947368421,0.5,0.6103896103896104,0.487012987012987,10,0.188,0.24372115213907883,0.2414934882721464
v4_social_signal_experiment_v4_prompt_think_false_b1_pilot18,v4_social_signal_experiment_v4_prompt_think_false_b1_pilot18.csv,v4_social_signal,gemma4:e2b,v4_prompt,False,18,648,True,0.0,0.75,0.75,38,10,0.2631578947368421,0.5,0.6103896103896104,0.487012987012987,10,0.188,0.24372115213907883,0.2414934882721464
prompt_search_search_balanced_recall_v2_gemma4-e2b_5df03950348d_e98b1a3c5abc,prompt_search_search_balanced_recall_v2_gemma4-e2b_5df03950348d_e98b1a3c5abc.csv,prompt_search,gemma4:e2b,balanced_recall_v2,False,237,8532,True,0.0,0.35,0.35,656,84,0.12804878048780488,0.6428571428571429,0.6094274730122716,0.6248274881894524,84,0.21857142857142856,0.2724360999783776,0.3120942296395785
prompt_search_search_balanced_recall_v2_gemma4-e2b_5df03950348d_e98b1a3c5abc,prompt_search_search_balanced_recall_v2_gemma4-e2b_5df03950348d_e98b1a3c5abc.csv,prompt_search,gemma4:e2b,balanced_recall_v2,False,237,8532,True,0.0,0.40,0.4,656,84,0.12804878048780488,0.6428571428571429,0.6094274730122716,0.6248274881894524,84,0.21857142857142856,0.2724360999783776,0.3120942296395785
prompt_search_search_balanced_recall_v2_gemma4-e2b_5df03950348d_e98b1a3c5abc,prompt_search_search_balanced_recall_v2_gemma4-e2b_5df03950348d_e98b1a3c5abc.csv,prompt_search,gemma4:e2b,balanced_recall_v2,False,237,8532,True,0.0,0.45,0.45,656,84,0.12804878048780488,0.6428571428571429,0.6094274730122716,0.6248274881894524,84,0.21857142857142856,0.2724360999783776,0.3120942296395785
prompt_search_search_balanced_recall_v2_gemma4-e2b_5df03950348d_e98b1a3c5abc,prompt_search_search_balanced_recall_v2_gemma4-e2b_5df03950348d_e98b1a3c5abc.csv,prompt_search,gemma4:e2b,balanced_recall_v2,False,237,8532,True,0.0,0.50,0.5,656,84,0.12804878048780488,0.6428571428571429,0.6094274730122716,0.6248274881894524,84,0.21857142857142856,0.2724360999783776,0.3120942296395785
prompt_search_search_balanced_recall_v2_gemma4-e2b_5df03950348d_e98b1a3c5abc,prompt_search_search_balanced_recall_v2_gemma4-e2b_5df03950348d_e98b1a3c5abc.csv,prompt_search,gemma4:e2b,balanced_recall_v2,False,237,8532,True,0.0,0.55,0.55,656,84,0.12804878048780488,0.6428571428571429,0.6094274730122716,0.6248274881894524,84,0.21857142857142856,0.2724360999783776,0.3120942296395785
prompt_search_search_balanced_recall_v2_gemma4-e2b_5df03950348d_e98b1a3c5abc,prompt_search_search_balanced_recall_v2_gemma4-e2b_5df03950348d_e98b1a3c5abc.csv,prompt_search,gemma4:e2b,balanced_recall_v2,False,237,8532,True,0.0,0.60,0.6,656,84,0.12804878048780488,0.6428571428571429,0.6094274730122716,0.6248274881894524,84,0.21857142857142856,0.2724360999783776,0.3120942296395785
thinking_recall_experiment_recall_max_v1_think_false,thinking_recall_experiment_recall_max_v1_think_false.csv,thinking_recall,gemma4:e2b,recall_max_v1,False,237,8532,True,0.0,0.35,0.35,656,105,0.1600609756097561,0.6571428571428571,0.6053381316539211,0.654396675449307,105,0.24076190476190473,0.2924543106359074,0.23511566474356937
thinking_recall_experiment_recall_max_v1_think_false,thinking_recall_experiment_recall_max_v1_think_false.csv,thinking_recall,gemma4:e2b,recall_max_v1,False,237,8532,True,0.0,0.40,0.4,656,105,0.1600609756097561,0.6571428571428571,0.6053381316539211,0.654396675449307,105,0.24076190476190473,0.2924543106359074,0.23511566474356937
thinking_recall_experiment_recall_max_v1_think_false,thinking_recall_experiment_recall_max_v1_think_false.csv,thinking_recall,gemma4:e2b,recall_max_v1,False,237,8532,True,0.0,0.45,0.45,656,105,0.1600609756097561,0.6571428571428571,0.6053381316539211,0.654396675449307,105,0.24076190476190473,0.2924543106359074,0.23511566474356937
thinking_recall_experiment_recall_max_v1_think_false,thinking_recall_experiment_recall_max_v1_think_false.csv,thinking_recall,gemma4:e2b,recall_max_v1,False,237,8532,True,0.0,0.50,0.5,656,105,0.1600609756097561,0.6571428571428571,0.6053381316539211,0.654396675449307,105,0.24076190476190473,0.2924543106359074,0.23511566474356937
thinking_recall_experiment_recall_max_v1_think_false,thinking_recall_experiment_recall_max_v1_think_false.csv,thinking_recall,gemma4:e2b,recall_max_v1,False,237,8532,True,0.0,0.55,0.55,656,105,0.1600609756097561,0.6571428571428571,0.6053381316539211,0.654396675449307,105,0.24076190476190473,0.2924543106359074,0.23511566474356937
thinking_recall_experiment_recall_max_v1_think_false,thinking_recall_experiment_recall_max_v1_think_false.csv,thinking_recall,gemma4:e2b,recall_max_v1,False,237,8532,True,0.0,0.60,0.6,656,105,0.1600609756097561,0.6571428571428571,0.6053381316539211,0.654396675449307,105,0.24076190476190473,0.2924543106359074,0.23511566474356937
thinking_recall_experiment_latent_candidate_v3_think_true,thinking_recall_experiment_latent_candidate_v3_think_true.csv,thinking_recall,gemma4:e2b,latent_candidate_v3,False,237,8532,True,30.0,0.65,0.65,656,34,0.051829268292682924,0.7647058823529411,0.6018518518518517,0.7369281045751633,34,0.2702941176470588,0.34842924845149065,0.4375899123682047
thinking_recall_experiment_latent_candidate_v3_think_true,thinking_recall_experiment_latent_candidate_v3_think_true.csv,thinking_recall,gemma4:e2b,latent_candidate_v3,False,237,8532,True,30.0,0.70,0.7,656,34,0.051829268292682924,0.7647058823529411,0.6018518518518517,0.7369281045751633,34,0.2702941176470588,0.34842924845149065,0.4375899123682047
thinking_recall_experiment_latent_candidate_v3_think_true,thinking_recall_experiment_latent_candidate_v3_think_true.csv,thinking_recall,gemma4:e2b,latent_candidate_v3,False,237,8532,True,30.0,0.75,0.75,656,34,0.051829268292682924,0.7647058823529411,0.6018518518518517,0.7369281045751633,34,0.2702941176470588,0.34842924845149065,0.4375899123682047
thinking_recall_experiment_recall_max_v1_think_true,thinking_recall_experiment_recall_max_v1_think_true.csv,thinking_recall,gemma4:e2b,recall_max_v1,False,237,8532,True,0.0,default,,656,105,0.1600609756097561,0.6857142857142857,0.6015988600719857,0.6664208102071848,105,0.2123809523809524,0.26852684533704757,0.2780414589247727
thinking_recall_experiment_latent_candidate_v3_think_true,thinking_recall_experiment_latent_candidate_v3_think_true.csv,thinking_recall,gemma4:e2b,latent_candidate_v3,False,237,8532,True,30.0,0.45,0.45,656,201,0.30640243902439024,0.6467661691542289,0.6012440341778539,0.6327224642563011,201,0.23636815920398013,0.29399884928870823,0.3428593676183013
thinking_recall_experiment_latent_candidate_v3_think_true,thinking_recall_experiment_latent_candidate_v3_think_true.csv,thinking_recall,gemma4:e2b,latent_candidate_v3,False,237,8532,True,30.0,0.50,0.5,656,201,0.30640243902439024,0.6467661691542289,0.6012440341778539,0.6327224642563011,201,0.23636815920398013,0.29399884928870823,0.3428593676183013
thinking_recall_experiment_latent_candidate_v3_think_true,thinking_recall_experiment_latent_candidate_v3_think_true.csv,thinking_recall,gemma4:e2b,latent_candidate_v3,False,237,8532,True,30.0,0.55,0.55,656,201,0.30640243902439024,0.6467661691542289,0.6012440341778539,0.6327224642563011,201,0.23636815920398013,0.29399884928870823,0.3428593676183013
thinking_recall_experiment_latent_candidate_v3_think_true,thinking_recall_experiment_latent_candidate_v3_think_true.csv,thinking_recall,gemma4:e2b,latent_candidate_v3,False,237,8532,True,30.0,0.60,0.6,656,201,0.30640243902439024,0.6467661691542289,0.6012440341778539,0.6327224642563011,201,0.23636815920398013,0.29399884928870823,0.3428593676183013
thinking_recall_experiment_latent_candidate_v3_think_true,thinking_recall_experiment_latent_candidate_v3_think_true.csv,thinking_recall,gemma4:e2b,latent_candidate_v3,False,237,8532,True,30.0,0.80,0.8,656,33,0.05030487804878049,0.7575757575757576,0.6001291989664083,0.7290345313601128,33,0.2748484848484849,0.3530516315575592,0.4349666816785846
v3_social_signal_experiment_social_signal_v5_think_false_qwen36_35b_iq3_v5_b1_pilot30,v3_social_signal_experiment_social_signal_v5_think_false_qwen36_35b_iq3_v5_b1_pilot30.csv,v3_social_signal,batiai/qwen3.6-35b:iq3,social_signal_v5,False,30,1080,True,0.0,0.65,0.65,64,7,0.109375,0.7142857142857143,0.6,0.6,7,0.22285714285714284,0.22576852874443898,
v3_social_signal_experiment_social_signal_v5_think_false_qwen36_35b_iq3_v5_b1_pilot30,v3_social_signal_experiment_social_signal_v5_think_false_qwen36_35b_iq3_v5_b1_pilot30.csv,v3_social_signal,batiai/qwen3.6-35b:iq3,social_signal_v5,False,30,1080,True,0.0,0.70,0.7,64,7,0.109375,0.7142857142857143,0.6,0.6,7,0.22285714285714284,0.22576852874443898,
v3_social_signal_experiment_social_signal_v5_think_false_qwen36_35b_iq3_v5_b1_pilot30,v3_social_signal_experiment_social_signal_v5_think_false_qwen36_35b_iq3_v5_b1_pilot30.csv,v3_social_signal,batiai/qwen3.6-35b:iq3,social_signal_v5,False,30,1080,True,0.0,0.75,0.75,64,7,0.109375,0.7142857142857143,0.6,0.6,7,0.22285714285714284,0.22576852874443898,
v3_social_signal_experiment_social_signal_v5_think_false_qwen36_35b_iq3_v5_b1_pilot30,v3_social_signal_experiment_social_signal_v5_think_false_qwen36_35b_iq3_v5_b1_pilot30.csv,v3_social_signal,batiai/qwen3.6-35b:iq3,social_signal_v5,False,30,1080,True,0.0,0.80,0.8,64,7,0.109375,0.7142857142857143,0.6,0.6,7,0.22285714285714284,0.22576852874443898,
v3_social_signal_experiment_social_signal_v5_think_false_qwen36_35b_iq3_v5_b1_pilot30,v3_social_signal_experiment_social_signal_v5_think_false_qwen36_35b_iq3_v5_b1_pilot30.csv,v3_social_signal,batiai/qwen3.6-35b:iq3,social_signal_v5,False,30,1080,True,0.0,0.85,0.85,64,7,0.109375,0.7142857142857143,0.6,0.6,7,0.22285714285714284,0.22576852874443898,
v3_social_signal_experiment_social_signal_v5_think_false_qwen36_35b_iq3_v5_b1_pilot30,v3_social_signal_experiment_social_signal_v5_think_false_qwen36_35b_iq3_v5_b1_pilot30.csv,v3_social_signal,batiai/qwen3.6-35b:iq3,social_signal_v5,False,30,1080,True,0.0,0.90,0.9,64,7,0.109375,0.7142857142857143,0.6,0.6,7,0.22285714285714284,0.22576852874443898,
v3_social_signal_experiment_social_signal_v1_think_false,v3_social_signal_experiment_social_signal_v1_think_false.csv,v3_social_signal,gemma4:e2b,social_signal_v1,False,18,648,True,10.0,default,,38,4,0.10526315789473684,0.75,0.6,0.65,4,0.16,0.17944358444926362,0.9471997938840675
v3_social_signal_experiment_social_signal_v1_think_false,v3_social_signal_experiment_social_signal_v1_think_false.csv,v3_social_signal,gemma4:e2b,social_signal_v1,False,18,648,True,10.0,0.05,0.05,38,4,0.10526315789473684,0.75,0.6,0.65,4,0.16,0.17944358444926362,0.9471997938840675
v3_social_signal_experiment_social_signal_v1_think_false,v3_social_signal_experiment_social_signal_v1_think_false.csv,v3_social_signal,gemma4:e2b,social_signal_v1,False,18,648,True,10.0,0.10,0.1,38,4,0.10526315789473684,0.75,0.6,0.65,4,0.16,0.17944358444926362,0.9471997938840675
v3_social_signal_experiment_social_signal_v1_think_false,v3_social_signal_experiment_social_signal_v1_think_false.csv,v3_social_signal,gemma4:e2b,social_signal_v1,False,18,648,True,10.0,0.15,0.15,38,4,0.10526315789473684,0.75,0.6,0.65,4,0.16,0.17944358444926362,0.9471997938840675
v3_social_signal_experiment_social_signal_v1_think_false,v3_social_signal_experiment_social_signal_v1_think_false.csv,v3_social_signal,gemma4:e2b,social_signal_v1,False,18,648,True,10.0,0.20,0.2,38,4,0.10526315789473684,0.75,0.6,0.65,4,0.16,0.17944358444926362,0.9471997938840675
v3_social_signal_experiment_social_signal_v1_think_false,v3_social_signal_experiment_social_signal_v1_think_false.csv,v3_social_signal,gemma4:e2b,social_signal_v1,False,18,648,True,10.0,0.25,0.25,38,4,0.10526315789473684,0.75,0.6,0.65,4,0.16,0.17944358444926362,0.9471997938840675
v3_social_signal_experiment_social_signal_v1_think_false,v3_social_signal_experiment_social_signal_v1_think_false.csv,v3_social_signal,gemma4:e2b,social_signal_v1,False,18,648,True,10.0,0.30,0.3,38,4,0.10526315789473684,0.75,0.6,0.65,4,0.16,0.17944358444926362,0.9471997938840675
v3_social_signal_experiment_social_signal_v1_think_false_b1_pilot18,v3_social_signal_experiment_social_signal_v1_think_false_b1_pilot18.csv,v3_social_signal,gemma4:e2b,social_signal_v1,False,18,648,True,7.0,default,,38,4,0.10526315789473684,0.75,0.6,0.65,4,0.16,0.17944358444926362,0.9471997938840675
v3_social_signal_experiment_social_signal_v1_think_false_b1_pilot18,v3_social_signal_experiment_social_signal_v1_think_false_b1_pilot18.csv,v3_social_signal,gemma4:e2b,social_signal_v1,False,18,648,True,7.0,0.05,0.05,38,4,0.10526315789473684,0.75,0.6,0.65,4,0.16,0.17944358444926362,0.9471997938840675
v3_social_signal_experiment_social_signal_v1_think_false_b1_pilot18,v3_social_signal_experiment_social_signal_v1_think_false_b1_pilot18.csv,v3_social_signal,gemma4:e2b,social_signal_v1,False,18,648,True,7.0,0.10,0.1,38,4,0.10526315789473684,0.75,0.6,0.65,4,0.16,0.17944358444926362,0.9471997938840675
v3_social_signal_experiment_social_signal_v1_think_false_b1_pilot18,v3_social_signal_experiment_social_signal_v1_think_false_b1_pilot18.csv,v3_social_signal,gemma4:e2b,social_signal_v1,False,18,648,True,7.0,0.15,0.15,38,4,0.10526315789473684,0.75,0.6,0.65,4,0.16,0.17944358444926362,0.9471997938840675
v3_social_signal_experiment_social_signal_v1_think_false_b1_pilot18,v3_social_signal_experiment_social_signal_v1_think_false_b1_pilot18.csv,v3_social_signal,gemma4:e2b,social_signal_v1,False,18,648,True,7.0,0.20,0.2,38,4,0.10526315789473684,0.75,0.6,0.65,4,0.16,0.17944358444926362,0.9471997938840675
v3_social_signal_experiment_social_signal_v1_think_false_b1_pilot18,v3_social_signal_experiment_social_signal_v1_think_false_b1_pilot18.csv,v3_social_signal,gemma4:e2b,social_signal_v1,False,18,648,True,7.0,0.25,0.25,38,4,0.10526315789473684,0.75,0.6,0.65,4,0.16,0.17944358444926362,0.9471997938840675
v3_social_signal_experiment_social_signal_v1_think_false_b1_pilot18,v3_social_signal_experiment_social_signal_v1_think_false_b1_pilot18.csv,v3_social_signal,gemma4:e2b,social_signal_v1,False,18,648,True,7.0,0.30,0.3,38,4,0.10526315789473684,0.75,0.6,0.65,4,0.16,0.17944358444926362,0.9471997938840675
thinking_recall_experiment_latent_candidate_v3_think_true,thinking_recall_experiment_latent_candidate_v3_think_true.csv,thinking_recall,gemma4:e2b,latent_candidate_v3,False,237,8532,True,30.0,0.35,0.35,656,202,0.3079268292682927,0.6435643564356436,0.5978591962969882,0.6294277860907705,202,0.23658415841584157,0.2939311901694943,0.3415840081896762
thinking_recall_experiment_latent_candidate_v3_think_true,thinking_recall_experiment_latent_candidate_v3_think_true.csv,thinking_recall,gemma4:e2b,latent_candidate_v3,False,237,8532,True,30.0,0.40,0.4,656,202,0.3079268292682927,0.6435643564356436,0.5978591962969882,0.6294277860907705,202,0.23658415841584157,0.2939311901694943,0.3415840081896762
manual_dataset_prompt_search_best_balanced_recall_v2,manual_dataset_prompt_search_best_balanced_recall_v2.csv,prompt_search,gemma4:e2b,balanced_recall_v2,False,739,26604,True,,0.75,0.75,2010,78,0.03880597014925373,0.6410256410256411,0.5970695970695971,0.6045834507372969,78,0.30897435897435893,0.3735793603259399,0.1954143226328679
manual_dataset_prompt_search_best_balanced_recall_v2,manual_dataset_prompt_search_best_balanced_recall_v2.csv,prompt_search,gemma4:e2b,balanced_recall_v2,False,739,26604,True,,0.80,0.8,2010,78,0.03880597014925373,0.6410256410256411,0.5970695970695971,0.6045834507372969,78,0.30897435897435893,0.3735793603259399,0.1954143226328679
manual_dataset_prompt_search_best_balanced_recall_v2,manual_dataset_prompt_search_best_balanced_recall_v2.csv,prompt_search,gemma4:e2b,balanced_recall_v2,False,739,26604,True,,0.85,0.85,2010,78,0.03880597014925373,0.6410256410256411,0.5970695970695971,0.6045834507372969,78,0.30897435897435893,0.3735793603259399,0.1954143226328679
manual_dataset_prompt_search_best_balanced_recall_v2,manual_dataset_prompt_search_best_balanced_recall_v2.csv,prompt_search,gemma4:e2b,balanced_recall_v2,False,739,26604,True,,0.90,0.9,2010,78,0.03880597014925373,0.6410256410256411,0.5970695970695971,0.6045834507372969,78,0.30897435897435893,0.3735793603259399,0.1954143226328679
prompt_search_full_balanced_recall_v2_gemma4-e2b_5df03950348d_e98b1a3c5abc,prompt_search_full_balanced_recall_v2_gemma4-e2b_5df03950348d_e98b1a3c5abc.csv,prompt_search,gemma4:e2b,balanced_recall_v2,False,739,26604,True,0.0,0.75,0.75,2010,78,0.03880597014925373,0.6410256410256411,0.5970695970695971,0.6045834507372969,78,0.30897435897435893,0.3735793603259399,0.1954143226328679
prompt_search_full_balanced_recall_v2_gemma4-e2b_5df03950348d_e98b1a3c5abc,prompt_search_full_balanced_recall_v2_gemma4-e2b_5df03950348d_e98b1a3c5abc.csv,prompt_search,gemma4:e2b,balanced_recall_v2,False,739,26604,True,0.0,0.80,0.8,2010,78,0.03880597014925373,0.6410256410256411,0.5970695970695971,0.6045834507372969,78,0.30897435897435893,0.3735793603259399,0.1954143226328679
prompt_search_full_balanced_recall_v2_gemma4-e2b_5df03950348d_e98b1a3c5abc,prompt_search_full_balanced_recall_v2_gemma4-e2b_5df03950348d_e98b1a3c5abc.csv,prompt_search,gemma4:e2b,balanced_recall_v2,False,739,26604,True,0.0,0.85,0.85,2010,78,0.03880597014925373,0.6410256410256411,0.5970695970695971,0.6045834507372969,78,0.30897435897435893,0.3735793603259399,0.1954143226328679
prompt_search_full_balanced_recall_v2_gemma4-e2b_5df03950348d_e98b1a3c5abc,prompt_search_full_balanced_recall_v2_gemma4-e2b_5df03950348d_e98b1a3c5abc.csv,prompt_search,gemma4:e2b,balanced_recall_v2,False,739,26604,True,0.0,0.90,0.9,2010,78,0.03880597014925373,0.6410256410256411,0.5970695970695971,0.6045834507372969,78,0.30897435897435893,0.3735793603259399,0.1954143226328679
thinking_recall_experiment_recall_max_v1_think_false,thinking_recall_experiment_recall_max_v1_think_false.csv,thinking_recall,gemma4:e2b,recall_max_v1,False,237,8532,True,0.0,default,,656,94,0.14329268292682926,0.6702127659574468,0.5962231005709268,0.6611330698287221,94,0.2341489361702127,0.2882393361316547,0.11448074050600549
v3_social_signal_experiment_social_signal_v3_think_false_v3_b1_search237,v3_social_signal_experiment_social_signal_v3_think_false_v3_b1_search237.csv,v3_social_signal,gemma4:e2b,social_signal_v3,False,237,8532,True,8.0,0.35,0.35,656,121,0.18445121951219512,0.6528925619834711,0.5955284552845529,0.6463918564805483,121,0.21107438016528926,0.2529560769372899,0.42989230437321624
v3_social_signal_experiment_social_signal_v3_think_false_v3_b1_search237,v3_social_signal_experiment_social_signal_v3_think_false_v3_b1_search237.csv,v3_social_signal,gemma4:e2b,social_signal_v3,False,237,8532,True,8.0,0.40,0.4,656,121,0.18445121951219512,0.6528925619834711,0.5955284552845529,0.6463918564805483,121,0.21107438016528926,0.2529560769372899,0.42989230437321624
v3_social_signal_experiment_social_signal_v3_think_false_v3_b1_search237,v3_social_signal_experiment_social_signal_v3_think_false_v3_b1_search237.csv,v3_social_signal,gemma4:e2b,social_signal_v3,False,237,8532,True,8.0,0.45,0.45,656,121,0.18445121951219512,0.6528925619834711,0.5955284552845529,0.6463918564805483,121,0.21107438016528926,0.2529560769372899,0.42989230437321624
v3_social_signal_experiment_social_signal_v3_think_false_v3_b1_search237,v3_social_signal_experiment_social_signal_v3_think_false_v3_b1_search237.csv,v3_social_signal,gemma4:e2b,social_signal_v3,False,237,8532,True,8.0,0.50,0.5,656,121,0.18445121951219512,0.6528925619834711,0.5955284552845529,0.6463918564805483,121,0.21107438016528926,0.2529560769372899,0.42989230437321624
v3_social_signal_experiment_social_signal_v3_think_false_v3_b1_search237,v3_social_signal_experiment_social_signal_v3_think_false_v3_b1_search237.csv,v3_social_signal,gemma4:e2b,social_signal_v3,False,237,8532,True,8.0,0.55,0.55,656,121,0.18445121951219512,0.6528925619834711,0.5955284552845529,0.6463918564805483,121,0.21107438016528926,0.2529560769372899,0.42989230437321624
v3_social_signal_experiment_social_signal_v3_think_false_v3_b1_search237,v3_social_signal_experiment_social_signal_v3_think_false_v3_b1_search237.csv,v3_social_signal,gemma4:e2b,social_signal_v3,False,237,8532,True,8.0,0.60,0.6,656,121,0.18445121951219512,0.6528925619834711,0.5955284552845529,0.6463918564805483,121,0.21107438016528926,0.2529560769372899,0.42989230437321624
manual_dataset_prompt_search_best_balanced_recall_v2,manual_dataset_prompt_search_best_balanced_recall_v2.csv,prompt_search,gemma4:e2b,balanced_recall_v2,False,739,26604,True,,0.65,0.65,2010,80,0.03980099502487562,0.6375,0.593008393008393,0.6036376761376762,80,0.3025,0.36896476796572325,0.211738783281542
manual_dataset_prompt_search_best_balanced_recall_v2,manual_dataset_prompt_search_best_balanced_recall_v2.csv,prompt_search,gemma4:e2b,balanced_recall_v2,False,739,26604,True,,0.70,0.7,2010,80,0.03980099502487562,0.6375,0.593008393008393,0.6036376761376762,80,0.3025,0.36896476796572325,0.211738783281542
prompt_search_full_balanced_recall_v2_gemma4-e2b_5df03950348d_e98b1a3c5abc,prompt_search_full_balanced_recall_v2_gemma4-e2b_5df03950348d_e98b1a3c5abc.csv,prompt_search,gemma4:e2b,balanced_recall_v2,False,739,26604,True,0.0,0.65,0.65,2010,80,0.03980099502487562,0.6375,0.593008393008393,0.6036376761376762,80,0.3025,0.36896476796572325,0.211738783281542
prompt_search_full_balanced_recall_v2_gemma4-e2b_5df03950348d_e98b1a3c5abc,prompt_search_full_balanced_recall_v2_gemma4-e2b_5df03950348d_e98b1a3c5abc.csv,prompt_search,gemma4:e2b,balanced_recall_v2,False,739,26604,True,0.0,0.70,0.7,2010,80,0.03980099502487562,0.6375,0.593008393008393,0.6036376761376762,80,0.3025,0.36896476796572325,0.211738783281542
v3_social_signal_experiment_social_signal_v3_think_true_v3_b1_search237_think,v3_social_signal_experiment_social_signal_v3_think_true_v3_b1_search237_think.csv,v3_social_signal,gemma4:e2b,social_signal_v3,False,237,8532,True,0.0,0.35,0.35,656,124,0.18902439024390244,0.6370967741935484,0.5910670395796255,0.6374843138702295,124,0.22741935483870968,0.2790941568487179,0.42613936562361454
v3_social_signal_experiment_social_signal_v3_think_true_v3_b1_search237_think,v3_social_signal_experiment_social_signal_v3_think_true_v3_b1_search237_think.csv,v3_social_signal,gemma4:e2b,social_signal_v3,False,237,8532,True,0.0,0.40,0.4,656,124,0.18902439024390244,0.6370967741935484,0.5910670395796255,0.6374843138702295,124,0.22741935483870968,0.2790941568487179,0.42613936562361454
v3_social_signal_experiment_social_signal_v3_think_true_v3_b1_search237_think,v3_social_signal_experiment_social_signal_v3_think_true_v3_b1_search237_think.csv,v3_social_signal,gemma4:e2b,social_signal_v3,False,237,8532,True,0.0,0.45,0.45,656,124,0.18902439024390244,0.6370967741935484,0.5910670395796255,0.6374843138702295,124,0.22741935483870968,0.2790941568487179,0.42613936562361454
v3_social_signal_experiment_social_signal_v3_think_true_v3_b1_search237_think,v3_social_signal_experiment_social_signal_v3_think_true_v3_b1_search237_think.csv,v3_social_signal,gemma4:e2b,social_signal_v3,False,237,8532,True,0.0,0.50,0.5,656,124,0.18902439024390244,0.6370967741935484,0.5910670395796255,0.6374843138702295,124,0.22741935483870968,0.2790941568487179,0.42613936562361454
v3_social_signal_experiment_social_signal_v3_think_true_v3_b1_search237_think,v3_social_signal_experiment_social_signal_v3_think_true_v3_b1_search237_think.csv,v3_social_signal,gemma4:e2b,social_signal_v3,False,237,8532,True,0.0,0.55,0.55,656,124,0.18902439024390244,0.6370967741935484,0.5910670395796255,0.6374843138702295,124,0.22741935483870968,0.2790941568487179,0.42613936562361454
v3_social_signal_experiment_social_signal_v3_think_true_v3_b1_search237_think,v3_social_signal_experiment_social_signal_v3_think_true_v3_b1_search237_think.csv,v3_social_signal,gemma4:e2b,social_signal_v3,False,237,8532,True,0.0,0.60,0.6,656,124,0.18902439024390244,0.6370967741935484,0.5910670395796255,0.6374843138702295,124,0.22741935483870968,0.2790941568487179,0.42613936562361454
grouped_event_v1_search_think_true,grouped_event_v1_search_think_true.csv,grouped_event,gemma4:e2b,grouped_event_v1,False,237,8532,True,18.0,0.65,0.65,656,27,0.041158536585365856,0.7407407407407407,0.5887445887445887,0.6955266955266955,27,0.3677777777777778,0.44446805492841873,0.24164201566602517
grouped_event_v1_search_think_true,grouped_event_v1_search_think_true.csv,grouped_event,gemma4:e2b,grouped_event_v1,False,237,8532,True,18.0,0.70,0.7,656,27,0.041158536585365856,0.7407407407407407,0.5887445887445887,0.6955266955266955,27,0.3677777777777778,0.44446805492841873,0.24164201566602517
grouped_event_v1_search_think_true,grouped_event_v1_search_think_true.csv,grouped_event,gemma4:e2b,grouped_event_v1,False,237,8532,True,18.0,0.75,0.75,656,27,0.041158536585365856,0.7407407407407407,0.5887445887445887,0.6955266955266955,27,0.3677777777777778,0.44446805492841873,0.24164201566602517
grouped_event_v1_search_think_true,grouped_event_v1_search_think_true.csv,grouped_event,gemma4:e2b,grouped_event_v1,False,237,8532,True,18.0,0.80,0.8,656,27,0.041158536585365856,0.7407407407407407,0.5887445887445887,0.6955266955266955,27,0.3677777777777778,0.44446805492841873,0.24164201566602517
grouped_event_v1_search_think_true,grouped_event_v1_search_think_true.csv,grouped_event,gemma4:e2b,grouped_event_v1,False,237,8532,True,18.0,0.85,0.85,656,27,0.041158536585365856,0.7407407407407407,0.5887445887445887,0.6955266955266955,27,0.3677777777777778,0.44446805492841873,0.24164201566602517
grouped_event_v1_search_think_true,grouped_event_v1_search_think_true.csv,grouped_event,gemma4:e2b,grouped_event_v1,False,237,8532,True,18.0,0.90,0.9,656,27,0.041158536585365856,0.7407407407407407,0.5887445887445887,0.6955266955266955,27,0.3677777777777778,0.44446805492841873,0.24164201566602517
v3_social_signal_experiment_social_signal_v4_think_false_v4_b1_search237,v3_social_signal_experiment_social_signal_v4_think_false_v4_b1_search237.csv,v3_social_signal,gemma4:e2b,social_signal_v4,False,237,8532,True,16.0,0.65,0.65,656,74,0.11280487804878049,0.6216216216216216,0.5831300535357674,0.6097697721138972,74,0.19364864864864864,0.2490712478117185,0.5266688463256657
v3_social_signal_experiment_social_signal_v4_think_false_v4_b1_search237,v3_social_signal_experiment_social_signal_v4_think_false_v4_b1_search237.csv,v3_social_signal,gemma4:e2b,social_signal_v4,False,237,8532,True,16.0,0.70,0.7,656,74,0.11280487804878049,0.6216216216216216,0.5831300535357674,0.6097697721138972,74,0.19364864864864864,0.2490712478117185,0.5266688463256657
thinking_recall_experiment_recall_max_v1_think_true,thinking_recall_experiment_recall_max_v1_think_true.csv,thinking_recall,gemma4:e2b,recall_max_v1,False,237,8532,True,0.0,0.35,0.35,656,115,0.17530487804878048,0.6521739130434783,0.5824604082324251,0.6406984242751452,115,0.21539130434782608,0.2709259484900208,0.3626286781507874
thinking_recall_experiment_recall_max_v1_think_true,thinking_recall_experiment_recall_max_v1_think_true.csv,thinking_recall,gemma4:e2b,recall_max_v1,False,237,8532,True,0.0,0.40,0.4,656,115,0.17530487804878048,0.6521739130434783,0.5824604082324251,0.6406984242751452,115,0.21539130434782608,0.2709259484900208,0.3626286781507874
thinking_recall_experiment_recall_max_v1_think_true,thinking_recall_experiment_recall_max_v1_think_true.csv,thinking_recall,gemma4:e2b,recall_max_v1,False,237,8532,True,0.0,0.45,0.45,656,115,0.17530487804878048,0.6521739130434783,0.5824604082324251,0.6406984242751452,115,0.21539130434782608,0.2709259484900208,0.3626286781507874
thinking_recall_experiment_recall_max_v1_think_true,thinking_recall_experiment_recall_max_v1_think_true.csv,thinking_recall,gemma4:e2b,recall_max_v1,False,237,8532,True,0.0,0.50,0.5,656,115,0.17530487804878048,0.6521739130434783,0.5824604082324251,0.6406984242751452,115,0.21539130434782608,0.2709259484900208,0.3626286781507874
thinking_recall_experiment_recall_max_v1_think_true,thinking_recall_experiment_recall_max_v1_think_true.csv,thinking_recall,gemma4:e2b,recall_max_v1,False,237,8532,True,0.0,0.55,0.55,656,115,0.17530487804878048,0.6521739130434783,0.5824604082324251,0.6406984242751452,115,0.21539130434782608,0.2709259484900208,0.3626286781507874
thinking_recall_experiment_recall_max_v1_think_true,thinking_recall_experiment_recall_max_v1_think_true.csv,thinking_recall,gemma4:e2b,recall_max_v1,False,237,8532,True,0.0,0.60,0.6,656,115,0.17530487804878048,0.6521739130434783,0.5824604082324251,0.6406984242751452,115,0.21539130434782608,0.2709259484900208,0.3626286781507874
v3_social_signal_experiment_social_signal_v4_think_false_v4_b1_search237,v3_social_signal_experiment_social_signal_v4_think_false_v4_b1_search237.csv,v3_social_signal,gemma4:e2b,social_signal_v4,False,237,8532,True,16.0,0.75,0.75,656,72,0.10975609756097561,0.6111111111111112,0.577939100625126,0.5991463332661154,72,0.1955555555555556,0.25133532271538045,0.5252519184809087
v3_social_signal_experiment_social_signal_v4_think_false_v4_b1_search237,v3_social_signal_experiment_social_signal_v4_think_false_v4_b1_search237.csv,v3_social_signal,gemma4:e2b,social_signal_v4,False,237,8532,True,16.0,0.80,0.8,656,72,0.10975609756097561,0.6111111111111112,0.577939100625126,0.5991463332661154,72,0.1955555555555556,0.25133532271538045,0.5252519184809087
v3_social_signal_experiment_social_signal_v5_think_false_qwen36_35b_iq3_ctx16k_v5_b1_pilot30,v3_social_signal_experiment_social_signal_v5_think_false_qwen36_35b_iq3_ctx16k_v5_b1_pilot30.csv,v3_social_signal,batiai/qwen3.6-35b:iq3,social_signal_v5,False,30,1080,True,0.0,0.65,0.65,64,8,0.125,0.625,0.5757575757575758,0.48863636363636365,8,0.21999999999999997,0.22271057451320087,
v3_social_signal_experiment_social_signal_v5_think_false_qwen36_35b_iq3_ctx16k_v5_b1_pilot30,v3_social_signal_experiment_social_signal_v5_think_false_qwen36_35b_iq3_ctx16k_v5_b1_pilot30.csv,v3_social_signal,batiai/qwen3.6-35b:iq3,social_signal_v5,False,30,1080,True,0.0,0.70,0.7,64,8,0.125,0.625,0.5757575757575758,0.48863636363636365,8,0.21999999999999997,0.22271057451320087,
v3_social_signal_experiment_social_signal_v5_think_false_qwen36_35b_iq3_ctx16k_v5_b1_pilot30,v3_social_signal_experiment_social_signal_v5_think_false_qwen36_35b_iq3_ctx16k_v5_b1_pilot30.csv,v3_social_signal,batiai/qwen3.6-35b:iq3,social_signal_v5,False,30,1080,True,0.0,0.75,0.75,64,8,0.125,0.625,0.5757575757575758,0.48863636363636365,8,0.21999999999999997,0.22271057451320087,
v3_social_signal_experiment_social_signal_v5_think_false_qwen36_35b_iq3_ctx16k_v5_b1_pilot30,v3_social_signal_experiment_social_signal_v5_think_false_qwen36_35b_iq3_ctx16k_v5_b1_pilot30.csv,v3_social_signal,batiai/qwen3.6-35b:iq3,social_signal_v5,False,30,1080,True,0.0,0.80,0.8,64,8,0.125,0.625,0.5757575757575758,0.48863636363636365,8,0.21999999999999997,0.22271057451320087,
v3_social_signal_experiment_social_signal_v5_think_false_qwen36_35b_iq3_ctx16k_v5_b1_pilot30,v3_social_signal_experiment_social_signal_v5_think_false_qwen36_35b_iq3_ctx16k_v5_b1_pilot30.csv,v3_social_signal,batiai/qwen3.6-35b:iq3,social_signal_v5,False,30,1080,True,0.0,0.85,0.85,64,8,0.125,0.625,0.5757575757575758,0.48863636363636365,8,0.21999999999999997,0.22271057451320087,
v3_social_signal_experiment_social_signal_v5_think_false_qwen36_35b_iq3_ctx16k_v5_b1_pilot30,v3_social_signal_experiment_social_signal_v5_think_false_qwen36_35b_iq3_ctx16k_v5_b1_pilot30.csv,v3_social_signal,batiai/qwen3.6-35b:iq3,social_signal_v5,False,30,1080,True,0.0,0.90,0.9,64,8,0.125,0.625,0.5757575757575758,0.48863636363636365,8,0.21999999999999997,0.22271057451320087,
v3_social_signal_experiment_social_signal_v4_think_false_v4_b1_search237,v3_social_signal_experiment_social_signal_v4_think_false_v4_b1_search237.csv,v3_social_signal,gemma4:e2b,social_signal_v4,False,237,8532,True,16.0,0.85,0.85,656,71,0.10823170731707317,0.6056338028169014,0.5750655374067352,0.5936219251382463,71,0.19718309859154928,0.2529209641063924,0.5186489382453308
v3_social_signal_experiment_social_signal_v4_think_false_v4_b1_search237,v3_social_signal_experiment_social_signal_v4_think_false_v4_b1_search237.csv,v3_social_signal,gemma4:e2b,social_signal_v4,False,237,8532,True,16.0,0.90,0.9,656,71,0.10823170731707317,0.6056338028169014,0.5750655374067352,0.5936219251382463,71,0.19718309859154928,0.2529209641063924,0.5186489382453308
thinking_recall_experiment_recall_max_v1_think_true,thinking_recall_experiment_recall_max_v1_think_true.csv,thinking_recall,gemma4:e2b,recall_max_v1,False,237,8532,True,0.0,0.65,0.65,656,36,0.054878048780487805,0.6388888888888888,0.5730555555555555,0.6185416666666667,36,0.26555555555555554,0.3390181902690965,0.3821538383147654
thinking_recall_experiment_recall_max_v1_think_true,thinking_recall_experiment_recall_max_v1_think_true.csv,thinking_recall,gemma4:e2b,recall_max_v1,False,237,8532,True,0.0,0.70,0.7,656,36,0.054878048780487805,0.6388888888888888,0.5730555555555555,0.6185416666666667,36,0.26555555555555554,0.3390181902690965,0.3821538383147654
thinking_recall_experiment_recall_max_v1_think_true,thinking_recall_experiment_recall_max_v1_think_true.csv,thinking_recall,gemma4:e2b,recall_max_v1,False,237,8532,True,0.0,0.75,0.75,656,36,0.054878048780487805,0.6388888888888888,0.5730555555555555,0.6185416666666667,36,0.26555555555555554,0.3390181902690965,0.3821538383147654
thinking_recall_experiment_recall_max_v1_think_true,thinking_recall_experiment_recall_max_v1_think_true.csv,thinking_recall,gemma4:e2b,recall_max_v1,False,237,8532,True,0.0,0.80,0.8,656,36,0.054878048780487805,0.6388888888888888,0.5730555555555555,0.6185416666666667,36,0.26555555555555554,0.3390181902690965,0.3821538383147654
thinking_recall_experiment_recall_max_v1_think_true,thinking_recall_experiment_recall_max_v1_think_true.csv,thinking_recall,gemma4:e2b,recall_max_v1,False,237,8532,True,0.0,0.85,0.85,656,36,0.054878048780487805,0.6388888888888888,0.5730555555555555,0.6185416666666667,36,0.26555555555555554,0.3390181902690965,0.3821538383147654
thinking_recall_experiment_recall_max_v1_think_true,thinking_recall_experiment_recall_max_v1_think_true.csv,thinking_recall,gemma4:e2b,recall_max_v1,False,237,8532,True,0.0,0.90,0.9,656,36,0.054878048780487805,0.6388888888888888,0.5730555555555555,0.6185416666666667,36,0.26555555555555554,0.3390181902690965,0.3821538383147654
prompt_search_search_few_shot_major_v3_gemma4-e2b_5df03950348d_0c3d39008fbb,prompt_search_search_few_shot_major_v3_gemma4-e2b_5df03950348d_0c3d39008fbb.csv,prompt_search,gemma4:e2b,few_shot_major_v3,False,237,8532,True,0.0,0.35,0.35,656,101,0.15396341463414634,0.6039603960396039,0.5714285714285715,0.5912305516265912,101,0.2448514851485149,0.3101500754585281,0.4162713050204158
prompt_search_search_few_shot_major_v3_gemma4-e2b_5df03950348d_0c3d39008fbb,prompt_search_search_few_shot_major_v3_gemma4-e2b_5df03950348d_0c3d39008fbb.csv,prompt_search,gemma4:e2b,few_shot_major_v3,False,237,8532,True,0.0,0.40,0.4,656,101,0.15396341463414634,0.6039603960396039,0.5714285714285715,0.5912305516265912,101,0.2448514851485149,0.3101500754585281,0.4162713050204158
prompt_search_search_few_shot_major_v3_gemma4-e2b_5df03950348d_0c3d39008fbb,prompt_search_search_few_shot_major_v3_gemma4-e2b_5df03950348d_0c3d39008fbb.csv,prompt_search,gemma4:e2b,few_shot_major_v3,False,237,8532,True,0.0,0.45,0.45,656,101,0.15396341463414634,0.6039603960396039,0.5714285714285715,0.5912305516265912,101,0.2448514851485149,0.3101500754585281,0.4162713050204158
prompt_search_search_few_shot_major_v3_gemma4-e2b_5df03950348d_0c3d39008fbb,prompt_search_search_few_shot_major_v3_gemma4-e2b_5df03950348d_0c3d39008fbb.csv,prompt_search,gemma4:e2b,few_shot_major_v3,False,237,8532,True,0.0,0.50,0.5,656,101,0.15396341463414634,0.6039603960396039,0.5714285714285715,0.5912305516265912,101,0.2448514851485149,0.3101500754585281,0.4162713050204158
prompt_search_search_few_shot_major_v3_gemma4-e2b_5df03950348d_0c3d39008fbb,prompt_search_search_few_shot_major_v3_gemma4-e2b_5df03950348d_0c3d39008fbb.csv,prompt_search,gemma4:e2b,few_shot_major_v3,False,237,8532,True,0.0,0.55,0.55,656,101,0.15396341463414634,0.6039603960396039,0.5714285714285715,0.5912305516265912,101,0.2448514851485149,0.3101500754585281,0.4162713050204158
prompt_search_search_few_shot_major_v3_gemma4-e2b_5df03950348d_0c3d39008fbb,prompt_search_search_few_shot_major_v3_gemma4-e2b_5df03950348d_0c3d39008fbb.csv,prompt_search,gemma4:e2b,few_shot_major_v3,False,237,8532,True,0.0,0.60,0.6,656,101,0.15396341463414634,0.6039603960396039,0.5714285714285715,0.5912305516265912,101,0.2448514851485149,0.3101500754585281,0.4162713050204158
v4_social_signal_experiment_v4_prompt_think_false_compact_b1_search237,v4_social_signal_experiment_v4_prompt_think_false_compact_b1_search237.csv,v4_social_signal,gemma4:e2b,v4_prompt,False,237,8532,True,0.0,0.75,0.75,656,91,0.13871951219512196,0.6483516483516484,0.5678837933782511,0.6423113943218268,91,0.2753846153846154,0.3277629805645711,0.3441165081715376
thinking_recall_experiment_recall_max_v1_think_false,thinking_recall_experiment_recall_max_v1_think_false.csv,thinking_recall,gemma4:e2b,recall_max_v1,False,237,8532,True,0.0,0.05,0.05,656,137,0.20884146341463414,0.6058394160583942,0.5650092289649565,0.6020295892061213,137,0.2448175182481752,0.2973189199260373,0.3790355241965003
thinking_recall_experiment_recall_max_v1_think_false,thinking_recall_experiment_recall_max_v1_think_false.csv,thinking_recall,gemma4:e2b,recall_max_v1,False,237,8532,True,0.0,0.10,0.1,656,137,0.20884146341463414,0.6058394160583942,0.5650092289649565,0.6020295892061213,137,0.2448175182481752,0.2973189199260373,0.3790355241965003
thinking_recall_experiment_recall_max_v1_think_false,thinking_recall_experiment_recall_max_v1_think_false.csv,thinking_recall,gemma4:e2b,recall_max_v1,False,237,8532,True,0.0,0.15,0.15,656,137,0.20884146341463414,0.6058394160583942,0.5650092289649565,0.6020295892061213,137,0.2448175182481752,0.2973189199260373,0.3790355241965003
thinking_recall_experiment_recall_max_v1_think_false,thinking_recall_experiment_recall_max_v1_think_false.csv,thinking_recall,gemma4:e2b,recall_max_v1,False,237,8532,True,0.0,0.20,0.2,656,137,0.20884146341463414,0.6058394160583942,0.5650092289649565,0.6020295892061213,137,0.2448175182481752,0.2973189199260373,0.3790355241965003
thinking_recall_experiment_recall_max_v1_think_false,thinking_recall_experiment_recall_max_v1_think_false.csv,thinking_recall,gemma4:e2b,recall_max_v1,False,237,8532,True,0.0,0.25,0.25,656,137,0.20884146341463414,0.6058394160583942,0.5650092289649565,0.6020295892061213,137,0.2448175182481752,0.2973189199260373,0.3790355241965003
thinking_recall_experiment_recall_max_v1_think_false,thinking_recall_experiment_recall_max_v1_think_false.csv,thinking_recall,gemma4:e2b,recall_max_v1,False,237,8532,True,0.0,0.30,0.3,656,137,0.20884146341463414,0.6058394160583942,0.5650092289649565,0.6020295892061213,137,0.2448175182481752,0.2973189199260373,0.3790355241965003
prompt_search_search_primary_first_v2_gemma4-e2b_5df03950348d_5f153b0981f2,prompt_search_search_primary_first_v2_gemma4-e2b_5df03950348d_5f153b0981f2.csv,prompt_search,gemma4:e2b,primary_first_v2,False,237,8532,True,0.0,0.35,0.35,656,91,0.13871951219512196,0.5714285714285714,0.5628110161443495,0.5509019755173601,91,0.24758241758241759,0.30195516732939526,0.46143971689581936
prompt_search_search_primary_first_v2_gemma4-e2b_5df03950348d_5f153b0981f2,prompt_search_search_primary_first_v2_gemma4-e2b_5df03950348d_5f153b0981f2.csv,prompt_search,gemma4:e2b,primary_first_v2,False,237,8532,True,0.0,0.40,0.4,656,91,0.13871951219512196,0.5714285714285714,0.5628110161443495,0.5509019755173601,91,0.24758241758241759,0.30195516732939526,0.46143971689581936
prompt_search_search_primary_first_v2_gemma4-e2b_5df03950348d_5f153b0981f2,prompt_search_search_primary_first_v2_gemma4-e2b_5df03950348d_5f153b0981f2.csv,prompt_search,gemma4:e2b,primary_first_v2,False,237,8532,True,0.0,0.45,0.45,656,91,0.13871951219512196,0.5714285714285714,0.5628110161443495,0.5509019755173601,91,0.24758241758241759,0.30195516732939526,0.46143971689581936
prompt_search_search_primary_first_v2_gemma4-e2b_5df03950348d_5f153b0981f2,prompt_search_search_primary_first_v2_gemma4-e2b_5df03950348d_5f153b0981f2.csv,prompt_search,gemma4:e2b,primary_first_v2,False,237,8532,True,0.0,0.50,0.5,656,91,0.13871951219512196,0.5714285714285714,0.5628110161443495,0.5509019755173601,91,0.24758241758241759,0.30195516732939526,0.46143971689581936
prompt_search_search_primary_first_v2_gemma4-e2b_5df03950348d_5f153b0981f2,prompt_search_search_primary_first_v2_gemma4-e2b_5df03950348d_5f153b0981f2.csv,prompt_search,gemma4:e2b,primary_first_v2,False,237,8532,True,0.0,0.55,0.55,656,91,0.13871951219512196,0.5714285714285714,0.5628110161443495,0.5509019755173601,91,0.24758241758241759,0.30195516732939526,0.46143971689581936
prompt_search_search_primary_first_v2_gemma4-e2b_5df03950348d_5f153b0981f2,prompt_search_search_primary_first_v2_gemma4-e2b_5df03950348d_5f153b0981f2.csv,prompt_search,gemma4:e2b,primary_first_v2,False,237,8532,True,0.0,0.60,0.6,656,91,0.13871951219512196,0.5714285714285714,0.5628110161443495,0.5509019755173601,91,0.24758241758241759,0.30195516732939526,0.46143971689581936
v4_social_signal_experiment_v4_prompt_think_false_compact_b1_search237,v4_social_signal_experiment_v4_prompt_think_false_compact_b1_search237.csv,v4_social_signal,gemma4:e2b,v4_prompt,False,237,8532,True,0.0,0.70,0.7,656,92,0.1402439024390244,0.6413043478260869,0.5622895622895623,0.6332894158981116,92,0.2792391304347826,0.3325281942933561,0.3354315485541912
prompt_search_search_primary_first_v2_gemma4-e2b_5df03950348d_5f153b0981f2,prompt_search_search_primary_first_v2_gemma4-e2b_5df03950348d_5f153b0981f2.csv,prompt_search,gemma4:e2b,primary_first_v2,False,237,8532,True,0.0,0.65,0.65,656,31,0.04725609756097561,0.6129032258064516,0.5619047619047618,0.5572964669738864,31,0.28387096774193554,0.33863102005270496,0.3887221500872314
prompt_search_search_primary_first_v2_gemma4-e2b_5df03950348d_5f153b0981f2,prompt_search_search_primary_first_v2_gemma4-e2b_5df03950348d_5f153b0981f2.csv,prompt_search,gemma4:e2b,primary_first_v2,False,237,8532,True,0.0,0.70,0.7,656,31,0.04725609756097561,0.6129032258064516,0.5619047619047618,0.5572964669738864,31,0.28387096774193554,0.33863102005270496,0.3887221500872314
prompt_search_search_primary_first_v2_gemma4-e2b_5df03950348d_5f153b0981f2,prompt_search_search_primary_first_v2_gemma4-e2b_5df03950348d_5f153b0981f2.csv,prompt_search,gemma4:e2b,primary_first_v2,False,237,8532,True,0.0,0.75,0.75,656,31,0.04725609756097561,0.6129032258064516,0.5619047619047618,0.5572964669738864,31,0.28387096774193554,0.33863102005270496,0.3887221500872314
prompt_search_search_primary_first_v2_gemma4-e2b_5df03950348d_5f153b0981f2,prompt_search_search_primary_first_v2_gemma4-e2b_5df03950348d_5f153b0981f2.csv,prompt_search,gemma4:e2b,primary_first_v2,False,237,8532,True,0.0,0.80,0.8,656,31,0.04725609756097561,0.6129032258064516,0.5619047619047618,0.5572964669738864,31,0.28387096774193554,0.33863102005270496,0.3887221500872314
prompt_search_search_primary_first_v2_gemma4-e2b_5df03950348d_5f153b0981f2,prompt_search_search_primary_first_v2_gemma4-e2b_5df03950348d_5f153b0981f2.csv,prompt_search,gemma4:e2b,primary_first_v2,False,237,8532,True,0.0,0.85,0.85,656,31,0.04725609756097561,0.6129032258064516,0.5619047619047618,0.5572964669738864,31,0.28387096774193554,0.33863102005270496,0.3887221500872314
prompt_search_search_primary_first_v2_gemma4-e2b_5df03950348d_5f153b0981f2,prompt_search_search_primary_first_v2_gemma4-e2b_5df03950348d_5f153b0981f2.csv,prompt_search,gemma4:e2b,primary_first_v2,False,237,8532,True,0.0,0.90,0.9,656,31,0.04725609756097561,0.6129032258064516,0.5619047619047618,0.5572964669738864,31,0.28387096774193554,0.33863102005270496,0.3887221500872314
v4_social_signal_experiment_v4_prompt_think_false_b1_pilot18,v4_social_signal_experiment_v4_prompt_think_false_b1_pilot18.csv,v4_social_signal,gemma4:e2b,v4_prompt,False,18,648,True,0.0,default,,38,13,0.34210526315789475,0.5384615384615384,0.5608465608465608,0.5372405372405372,13,0.16999999999999998,0.2234175118816442,0.3190334609782785
v4_social_signal_experiment_v4_prompt_think_false_b1_pilot18,v4_social_signal_experiment_v4_prompt_think_false_b1_pilot18.csv,v4_social_signal,gemma4:e2b,v4_prompt,False,18,648,True,0.0,0.05,0.05,38,13,0.34210526315789475,0.5384615384615384,0.5608465608465608,0.5372405372405372,13,0.16999999999999998,0.2234175118816442,0.3190334609782785
v4_social_signal_experiment_v4_prompt_think_false_b1_pilot18,v4_social_signal_experiment_v4_prompt_think_false_b1_pilot18.csv,v4_social_signal,gemma4:e2b,v4_prompt,False,18,648,True,0.0,0.10,0.1,38,13,0.34210526315789475,0.5384615384615384,0.5608465608465608,0.5372405372405372,13,0.16999999999999998,0.2234175118816442,0.3190334609782785
v4_social_signal_experiment_v4_prompt_think_false_b1_pilot18,v4_social_signal_experiment_v4_prompt_think_false_b1_pilot18.csv,v4_social_signal,gemma4:e2b,v4_prompt,False,18,648,True,0.0,0.15,0.15,38,13,0.34210526315789475,0.5384615384615384,0.5608465608465608,0.5372405372405372,13,0.16999999999999998,0.2234175118816442,0.3190334609782785
v4_social_signal_experiment_v4_prompt_think_false_b1_pilot18,v4_social_signal_experiment_v4_prompt_think_false_b1_pilot18.csv,v4_social_signal,gemma4:e2b,v4_prompt,False,18,648,True,0.0,0.20,0.2,38,13,0.34210526315789475,0.5384615384615384,0.5608465608465608,0.5372405372405372,13,0.16999999999999998,0.2234175118816442,0.3190334609782785
v4_social_signal_experiment_v4_prompt_think_false_b1_pilot18,v4_social_signal_experiment_v4_prompt_think_false_b1_pilot18.csv,v4_social_signal,gemma4:e2b,v4_prompt,False,18,648,True,0.0,0.25,0.25,38,13,0.34210526315789475,0.5384615384615384,0.5608465608465608,0.5372405372405372,13,0.16999999999999998,0.2234175118816442,0.3190334609782785
v4_social_signal_experiment_v4_prompt_think_false_b1_pilot18,v4_social_signal_experiment_v4_prompt_think_false_b1_pilot18.csv,v4_social_signal,gemma4:e2b,v4_prompt,False,18,648,True,0.0,0.30,0.3,38,13,0.34210526315789475,0.5384615384615384,0.5608465608465608,0.5372405372405372,13,0.16999999999999998,0.2234175118816442,0.3190334609782785
v4_social_signal_experiment_v4_prompt_think_false_b1_pilot18,v4_social_signal_experiment_v4_prompt_think_false_b1_pilot18.csv,v4_social_signal,gemma4:e2b,v4_prompt,False,18,648,True,0.0,0.35,0.35,38,13,0.34210526315789475,0.5384615384615384,0.5608465608465608,0.5372405372405372,13,0.16999999999999998,0.2234175118816442,0.3190334609782785
v4_social_signal_experiment_v4_prompt_think_false_b1_pilot18,v4_social_signal_experiment_v4_prompt_think_false_b1_pilot18.csv,v4_social_signal,gemma4:e2b,v4_prompt,False,18,648,True,0.0,0.40,0.4,38,13,0.34210526315789475,0.5384615384615384,0.5608465608465608,0.5372405372405372,13,0.16999999999999998,0.2234175118816442,0.3190334609782785
v4_social_signal_experiment_v4_prompt_think_false_b1_pilot18,v4_social_signal_experiment_v4_prompt_think_false_b1_pilot18.csv,v4_social_signal,gemma4:e2b,v4_prompt,False,18,648,True,0.0,0.45,0.45,38,13,0.34210526315789475,0.5384615384615384,0.5608465608465608,0.5372405372405372,13,0.16999999999999998,0.2234175118816442,0.3190334609782785
v4_social_signal_experiment_v4_prompt_think_false_b1_pilot18,v4_social_signal_experiment_v4_prompt_think_false_b1_pilot18.csv,v4_social_signal,gemma4:e2b,v4_prompt,False,18,648,True,0.0,0.50,0.5,38,13,0.34210526315789475,0.5384615384615384,0.5608465608465608,0.5372405372405372,13,0.16999999999999998,0.2234175118816442,0.3190334609782785
v4_social_signal_experiment_v4_prompt_think_false_b1_pilot18,v4_social_signal_experiment_v4_prompt_think_false_b1_pilot18.csv,v4_social_signal,gemma4:e2b,v4_prompt,False,18,648,True,0.0,0.55,0.55,38,13,0.34210526315789475,0.5384615384615384,0.5608465608465608,0.5372405372405372,13,0.16999999999999998,0.2234175118816442,0.3190334609782785
v4_social_signal_experiment_v4_prompt_think_false_b1_pilot18,v4_social_signal_experiment_v4_prompt_think_false_b1_pilot18.csv,v4_social_signal,gemma4:e2b,v4_prompt,False,18,648,True,0.0,0.60,0.6,38,13,0.34210526315789475,0.5384615384615384,0.5608465608465608,0.5372405372405372,13,0.16999999999999998,0.2234175118816442,0.3190334609782785
thinking_recall_experiment_latent_candidate_v3_think_true,thinking_recall_experiment_latent_candidate_v3_think_true.csv,thinking_recall,gemma4:e2b,latent_candidate_v3,False,237,8532,True,30.0,0.05,0.05,656,231,0.3521341463414634,0.6103896103896104,0.5604006490207922,0.5978482205779615,231,0.23441558441558438,0.29331586921644576,0.33468318089969995
thinking_recall_experiment_latent_candidate_v3_think_true,thinking_recall_experiment_latent_candidate_v3_think_true.csv,thinking_recall,gemma4:e2b,latent_candidate_v3,False,237,8532,True,30.0,0.10,0.1,656,231,0.3521341463414634,0.6103896103896104,0.5604006490207922,0.5978482205779615,231,0.23441558441558438,0.29331586921644576,0.33468318089969995
thinking_recall_experiment_latent_candidate_v3_think_true,thinking_recall_experiment_latent_candidate_v3_think_true.csv,thinking_recall,gemma4:e2b,latent_candidate_v3,False,237,8532,True,30.0,0.15,0.15,656,231,0.3521341463414634,0.6103896103896104,0.5604006490207922,0.5978482205779615,231,0.23441558441558438,0.29331586921644576,0.33468318089969995
thinking_recall_experiment_latent_candidate_v3_think_true,thinking_recall_experiment_latent_candidate_v3_think_true.csv,thinking_recall,gemma4:e2b,latent_candidate_v3,False,237,8532,True,30.0,0.20,0.2,656,231,0.3521341463414634,0.6103896103896104,0.5604006490207922,0.5978482205779615,231,0.23441558441558438,0.29331586921644576,0.33468318089969995
thinking_recall_experiment_latent_candidate_v3_think_true,thinking_recall_experiment_latent_candidate_v3_think_true.csv,thinking_recall,gemma4:e2b,latent_candidate_v3,False,237,8532,True,30.0,0.25,0.25,656,231,0.3521341463414634,0.6103896103896104,0.5604006490207922,0.5978482205779615,231,0.23441558441558438,0.29331586921644576,0.33468318089969995
thinking_recall_experiment_latent_candidate_v3_think_true,thinking_recall_experiment_latent_candidate_v3_think_true.csv,thinking_recall,gemma4:e2b,latent_candidate_v3,False,237,8532,True,30.0,0.30,0.3,656,231,0.3521341463414634,0.6103896103896104,0.5604006490207922,0.5978482205779615,231,0.23441558441558438,0.29331586921644576,0.33468318089969995
prompt_search_search_balanced_recall_v2_gemma4-e2b_5df03950348d_e98b1a3c5abc,prompt_search_search_balanced_recall_v2_gemma4-e2b_5df03950348d_e98b1a3c5abc.csv,prompt_search,gemma4:e2b,balanced_recall_v2,False,237,8532,True,0.0,0.05,0.05,656,137,0.20884146341463414,0.5766423357664233,0.5592055448773953,0.5807390080492213,137,0.23810218978102188,0.29920820083222227,0.3257306446736696
prompt_search_search_balanced_recall_v2_gemma4-e2b_5df03950348d_e98b1a3c5abc,prompt_search_search_balanced_recall_v2_gemma4-e2b_5df03950348d_e98b1a3c5abc.csv,prompt_search,gemma4:e2b,balanced_recall_v2,False,237,8532,True,0.0,0.10,0.1,656,137,0.20884146341463414,0.5766423357664233,0.5592055448773953,0.5807390080492213,137,0.23810218978102188,0.29920820083222227,0.3257306446736696
prompt_search_search_balanced_recall_v2_gemma4-e2b_5df03950348d_e98b1a3c5abc,prompt_search_search_balanced_recall_v2_gemma4-e2b_5df03950348d_e98b1a3c5abc.csv,prompt_search,gemma4:e2b,balanced_recall_v2,False,237,8532,True,0.0,0.15,0.15,656,137,0.20884146341463414,0.5766423357664233,0.5592055448773953,0.5807390080492213,137,0.23810218978102188,0.29920820083222227,0.3257306446736696
prompt_search_search_balanced_recall_v2_gemma4-e2b_5df03950348d_e98b1a3c5abc,prompt_search_search_balanced_recall_v2_gemma4-e2b_5df03950348d_e98b1a3c5abc.csv,prompt_search,gemma4:e2b,balanced_recall_v2,False,237,8532,True,0.0,0.20,0.2,656,137,0.20884146341463414,0.5766423357664233,0.5592055448773953,0.5807390080492213,137,0.23810218978102188,0.29920820083222227,0.3257306446736696
prompt_search_search_balanced_recall_v2_gemma4-e2b_5df03950348d_e98b1a3c5abc,prompt_search_search_balanced_recall_v2_gemma4-e2b_5df03950348d_e98b1a3c5abc.csv,prompt_search,gemma4:e2b,balanced_recall_v2,False,237,8532,True,0.0,0.25,0.25,656,137,0.20884146341463414,0.5766423357664233,0.5592055448773953,0.5807390080492213,137,0.23810218978102188,0.29920820083222227,0.3257306446736696
prompt_search_search_balanced_recall_v2_gemma4-e2b_5df03950348d_e98b1a3c5abc,prompt_search_search_balanced_recall_v2_gemma4-e2b_5df03950348d_e98b1a3c5abc.csv,prompt_search,gemma4:e2b,balanced_recall_v2,False,237,8532,True,0.0,0.30,0.3,656,137,0.20884146341463414,0.5766423357664233,0.5592055448773953,0.5807390080492213,137,0.23810218978102188,0.29920820083222227,0.3257306446736696
v4_social_signal_experiment_v4_prompt_think_false_compact_b1_search237,v4_social_signal_experiment_v4_prompt_think_false_compact_b1_search237.csv,v4_social_signal,gemma4:e2b,v4_prompt,False,237,8532,True,0.0,0.65,0.65,656,109,0.16615853658536586,0.6330275229357798,0.5581982399258917,0.6213905095376299,109,0.2630275229357798,0.3153605770827762,0.37970176313160553
v4_social_signal_experiment_v4_prompt_think_false_compact_b1_search237,v4_social_signal_experiment_v4_prompt_think_false_compact_b1_search237.csv,v4_social_signal,gemma4:e2b,v4_prompt,False,237,8532,True,0.0,0.60,0.6,656,115,0.17530487804878048,0.6347826086956522,0.5579605264594099,0.6243458101066106,115,0.2579130434782609,0.310119191672296,0.3945086053168087
thinking_recall_experiment_recall_max_v1_think_true,thinking_recall_experiment_recall_max_v1_think_true.csv,thinking_recall,gemma4:e2b,recall_max_v1,False,237,8532,True,0.0,0.05,0.05,656,146,0.2225609756097561,0.6027397260273972,0.5568108768764295,0.602169644232905,146,0.23691780821917804,0.2940843695920546,0.36954929170443124
thinking_recall_experiment_recall_max_v1_think_true,thinking_recall_experiment_recall_max_v1_think_true.csv,thinking_recall,gemma4:e2b,recall_max_v1,False,237,8532,True,0.0,0.10,0.1,656,146,0.2225609756097561,0.6027397260273972,0.5568108768764295,0.602169644232905,146,0.23691780821917804,0.2940843695920546,0.36954929170443124
thinking_recall_experiment_recall_max_v1_think_true,thinking_recall_experiment_recall_max_v1_think_true.csv,thinking_recall,gemma4:e2b,recall_max_v1,False,237,8532,True,0.0,0.15,0.15,656,146,0.2225609756097561,0.6027397260273972,0.5568108768764295,0.602169644232905,146,0.23691780821917804,0.2940843695920546,0.36954929170443124
thinking_recall_experiment_recall_max_v1_think_true,thinking_recall_experiment_recall_max_v1_think_true.csv,thinking_recall,gemma4:e2b,recall_max_v1,False,237,8532,True,0.0,0.20,0.2,656,146,0.2225609756097561,0.6027397260273972,0.5568108768764295,0.602169644232905,146,0.23691780821917804,0.2940843695920546,0.36954929170443124
thinking_recall_experiment_recall_max_v1_think_true,thinking_recall_experiment_recall_max_v1_think_true.csv,thinking_recall,gemma4:e2b,recall_max_v1,False,237,8532,True,0.0,0.25,0.25,656,146,0.2225609756097561,0.6027397260273972,0.5568108768764295,0.602169644232905,146,0.23691780821917804,0.2940843695920546,0.36954929170443124
thinking_recall_experiment_recall_max_v1_think_true,thinking_recall_experiment_recall_max_v1_think_true.csv,thinking_recall,gemma4:e2b,recall_max_v1,False,237,8532,True,0.0,0.30,0.3,656,146,0.2225609756097561,0.6027397260273972,0.5568108768764295,0.602169644232905,146,0.23691780821917804,0.2940843695920546,0.36954929170443124
prompt_search_search_balanced_recall_v2_gemma4-e2b_5df03950348d_e98b1a3c5abc,prompt_search_search_balanced_recall_v2_gemma4-e2b_5df03950348d_e98b1a3c5abc.csv,prompt_search,gemma4:e2b,balanced_recall_v2,False,237,8532,True,0.0,0.95,0.95,656,3,0.004573170731707317,0.6666666666666666,0.5555555555555555,0.5555555555555555,3,0.45999999999999996,0.460217339960154,6.542051911182396e-16
manual_dataset_prompt_search_best_balanced_recall_v2,manual_dataset_prompt_search_best_balanced_recall_v2.csv,prompt_search,gemma4:e2b,balanced_recall_v2,False,739,26604,True,,0.95,0.95,2010,4,0.001990049751243781,0.75,0.5555555555555555,0.6666666666666666,4,0.21249999999999997,0.30103986446980735,
prompt_search_full_balanced_recall_v2_gemma4-e2b_5df03950348d_e98b1a3c5abc,prompt_search_full_balanced_recall_v2_gemma4-e2b_5df03950348d_e98b1a3c5abc.csv,prompt_search,gemma4:e2b,balanced_recall_v2,False,739,26604,True,0.0,0.95,0.95,2010,4,0.001990049751243781,0.75,0.5555555555555555,0.6666666666666666,4,0.21249999999999997,0.30103986446980735,
prompt_search_search_production_v1_gemma4-e2b_5df03950348d_b6a2d2f27b85,prompt_search_search_production_v1_gemma4-e2b_5df03950348d_b6a2d2f27b85.csv,prompt_search,gemma4:e2b,production_v1,False,237,8532,True,,0.35,0.35,656,55,0.08384146341463415,0.5818181818181818,0.5523621596888584,0.555066450365009,55,0.2609090909090909,0.29055745793841936,0.6222641061676583
prompt_search_search_production_v1_gemma4-e2b_5df03950348d_b6a2d2f27b85,prompt_search_search_production_v1_gemma4-e2b_5df03950348d_b6a2d2f27b85.csv,prompt_search,gemma4:e2b,production_v1,False,237,8532,True,,0.40,0.4,656,55,0.08384146341463415,0.5818181818181818,0.5523621596888584,0.555066450365009,55,0.2609090909090909,0.29055745793841936,0.6222641061676583
prompt_search_search_production_v1_gemma4-e2b_5df03950348d_b6a2d2f27b85,prompt_search_search_production_v1_gemma4-e2b_5df03950348d_b6a2d2f27b85.csv,prompt_search,gemma4:e2b,production_v1,False,237,8532,True,,0.45,0.45,656,55,0.08384146341463415,0.5818181818181818,0.5523621596888584,0.555066450365009,55,0.2609090909090909,0.29055745793841936,0.6222641061676583
prompt_search_search_production_v1_gemma4-e2b_5df03950348d_b6a2d2f27b85,prompt_search_search_production_v1_gemma4-e2b_5df03950348d_b6a2d2f27b85.csv,prompt_search,gemma4:e2b,production_v1,False,237,8532,True,,0.50,0.5,656,55,0.08384146341463415,0.5818181818181818,0.5523621596888584,0.555066450365009,55,0.2609090909090909,0.29055745793841936,0.6222641061676583
prompt_search_search_production_v1_gemma4-e2b_5df03950348d_b6a2d2f27b85,prompt_search_search_production_v1_gemma4-e2b_5df03950348d_b6a2d2f27b85.csv,prompt_search,gemma4:e2b,production_v1,False,237,8532,True,,0.55,0.55,656,55,0.08384146341463415,0.5818181818181818,0.5523621596888584,0.555066450365009,55,0.2609090909090909,0.29055745793841936,0.6222641061676583
prompt_search_search_production_v1_gemma4-e2b_5df03950348d_b6a2d2f27b85,prompt_search_search_production_v1_gemma4-e2b_5df03950348d_b6a2d2f27b85.csv,prompt_search,gemma4:e2b,production_v1,False,237,8532,True,,0.60,0.6,656,55,0.08384146341463415,0.5818181818181818,0.5523621596888584,0.555066450365009,55,0.2609090909090909,0.29055745793841936,0.6222641061676583
grouped_event_v1_search_think_true,grouped_event_v1_search_think_true.csv,grouped_event,gemma4:e2b,grouped_event_v1,False,237,8532,True,18.0,0.35,0.35,656,92,0.1402439024390244,0.6304347826086957,0.5496045728603868,0.6316297453810094,92,0.283804347826087,0.3501226493176604,0.17280265322788949
grouped_event_v1_search_think_true,grouped_event_v1_search_think_true.csv,grouped_event,gemma4:e2b,grouped_event_v1,False,237,8532,True,18.0,0.40,0.4,656,92,0.1402439024390244,0.6304347826086957,0.5496045728603868,0.6316297453810094,92,0.283804347826087,0.3501226493176604,0.17280265322788949
grouped_event_v1_search_think_true,grouped_event_v1_search_think_true.csv,grouped_event,gemma4:e2b,grouped_event_v1,False,237,8532,True,18.0,0.45,0.45,656,92,0.1402439024390244,0.6304347826086957,0.5496045728603868,0.6316297453810094,92,0.283804347826087,0.3501226493176604,0.17280265322788949
grouped_event_v1_search_think_true,grouped_event_v1_search_think_true.csv,grouped_event,gemma4:e2b,grouped_event_v1,False,237,8532,True,18.0,0.50,0.5,656,92,0.1402439024390244,0.6304347826086957,0.5496045728603868,0.6316297453810094,92,0.283804347826087,0.3501226493176604,0.17280265322788949
grouped_event_v1_search_think_true,grouped_event_v1_search_think_true.csv,grouped_event,gemma4:e2b,grouped_event_v1,False,237,8532,True,18.0,0.55,0.55,656,92,0.1402439024390244,0.6304347826086957,0.5496045728603868,0.6316297453810094,92,0.283804347826087,0.3501226493176604,0.17280265322788949
grouped_event_v1_search_think_true,grouped_event_v1_search_think_true.csv,grouped_event,gemma4:e2b,grouped_event_v1,False,237,8532,True,18.0,0.60,0.6,656,92,0.1402439024390244,0.6304347826086957,0.5496045728603868,0.6316297453810094,92,0.283804347826087,0.3501226493176604,0.17280265322788949
prompt_search_search_hard_negative_v2_gemma4-e2b_5df03950348d_1a35bcd28344,prompt_search_search_hard_negative_v2_gemma4-e2b_5df03950348d_1a35bcd28344.csv,prompt_search,gemma4:e2b,hard_negative_v2,False,237,8532,True,0.0,default,,656,30,0.04573170731707317,0.7333333333333333,0.5456349206349206,0.6914682539682541,30,0.3073333333333334,0.3670603946673263,0.5993576261041533
v3_social_signal_experiment_social_signal_v5_think_false_qwen36_35b_iq3_ctx16k_v5_b1_pilot30,v3_social_signal_experiment_social_signal_v5_think_false_qwen36_35b_iq3_ctx16k_v5_b1_pilot30.csv,v3_social_signal,batiai/qwen3.6-35b:iq3,social_signal_v5,False,30,1080,True,0.0,default,,64,39,0.609375,0.6153846153846154,0.542801448064606,0.5816421395368764,39,0.168974358974359,0.1973088169108751,0.12692702904236808
v3_social_signal_experiment_social_signal_v5_think_false_qwen36_35b_iq3_ctx16k_v5_b1_pilot30,v3_social_signal_experiment_social_signal_v5_think_false_qwen36_35b_iq3_ctx16k_v5_b1_pilot30.csv,v3_social_signal,batiai/qwen3.6-35b:iq3,social_signal_v5,False,30,1080,True,0.0,0.05,0.05,64,39,0.609375,0.6153846153846154,0.542801448064606,0.5816421395368764,39,0.168974358974359,0.1973088169108751,0.12692702904236808
v3_social_signal_experiment_social_signal_v5_think_false_qwen36_35b_iq3_ctx16k_v5_b1_pilot30,v3_social_signal_experiment_social_signal_v5_think_false_qwen36_35b_iq3_ctx16k_v5_b1_pilot30.csv,v3_social_signal,batiai/qwen3.6-35b:iq3,social_signal_v5,False,30,1080,True,0.0,0.10,0.1,64,39,0.609375,0.6153846153846154,0.542801448064606,0.5816421395368764,39,0.168974358974359,0.1973088169108751,0.12692702904236808
v3_social_signal_experiment_social_signal_v5_think_false_qwen36_35b_iq3_ctx16k_v5_b1_pilot30,v3_social_signal_experiment_social_signal_v5_think_false_qwen36_35b_iq3_ctx16k_v5_b1_pilot30.csv,v3_social_signal,batiai/qwen3.6-35b:iq3,social_signal_v5,False,30,1080,True,0.0,0.15,0.15,64,39,0.609375,0.6153846153846154,0.542801448064606,0.5816421395368764,39,0.168974358974359,0.1973088169108751,0.12692702904236808
v3_social_signal_experiment_social_signal_v5_think_false_qwen36_35b_iq3_ctx16k_v5_b1_pilot30,v3_social_signal_experiment_social_signal_v5_think_false_qwen36_35b_iq3_ctx16k_v5_b1_pilot30.csv,v3_social_signal,batiai/qwen3.6-35b:iq3,social_signal_v5,False,30,1080,True,0.0,0.20,0.2,64,39,0.609375,0.6153846153846154,0.542801448064606,0.5816421395368764,39,0.168974358974359,0.1973088169108751,0.12692702904236808
v3_social_signal_experiment_social_signal_v5_think_false_qwen36_35b_iq3_ctx16k_v5_b1_pilot30,v3_social_signal_experiment_social_signal_v5_think_false_qwen36_35b_iq3_ctx16k_v5_b1_pilot30.csv,v3_social_signal,batiai/qwen3.6-35b:iq3,social_signal_v5,False,30,1080,True,0.0,0.25,0.25,64,39,0.609375,0.6153846153846154,0.542801448064606,0.5816421395368764,39,0.168974358974359,0.1973088169108751,0.12692702904236808
v3_social_signal_experiment_social_signal_v5_think_false_qwen36_35b_iq3_ctx16k_v5_b1_pilot30,v3_social_signal_experiment_social_signal_v5_think_false_qwen36_35b_iq3_ctx16k_v5_b1_pilot30.csv,v3_social_signal,batiai/qwen3.6-35b:iq3,social_signal_v5,False,30,1080,True,0.0,0.30,0.3,64,39,0.609375,0.6153846153846154,0.542801448064606,0.5816421395368764,39,0.168974358974359,0.1973088169108751,0.12692702904236808
prompt_search_search_balanced_recall_v2_gemma4-e2b_5df03950348d_e98b1a3c5abc,prompt_search_search_balanced_recall_v2_gemma4-e2b_5df03950348d_e98b1a3c5abc.csv,prompt_search,gemma4:e2b,balanced_recall_v2,False,237,8532,True,0.0,0.75,0.75,656,23,0.0350609756097561,0.7391304347826086,0.5421245421245421,0.6851409460105112,23,0.2752173913043478,0.31879528663800644,0.41683892500709296
prompt_search_search_balanced_recall_v2_gemma4-e2b_5df03950348d_e98b1a3c5abc,prompt_search_search_balanced_recall_v2_gemma4-e2b_5df03950348d_e98b1a3c5abc.csv,prompt_search,gemma4:e2b,balanced_recall_v2,False,237,8532,True,0.0,0.80,0.8,656,23,0.0350609756097561,0.7391304347826086,0.5421245421245421,0.6851409460105112,23,0.2752173913043478,0.31879528663800644,0.41683892500709296
thinking_recall_experiment_recall_max_v1_think_false,thinking_recall_experiment_recall_max_v1_think_false.csv,thinking_recall,gemma4:e2b,recall_max_v1,False,237,8532,True,0.0,0.65,0.65,656,32,0.04878048780487805,0.625,0.5357018460466736,0.5828108672936259,32,0.2984375,0.3707551415692033,0.3227875413156112
thinking_recall_experiment_recall_max_v1_think_false,thinking_recall_experiment_recall_max_v1_think_false.csv,thinking_recall,gemma4:e2b,recall_max_v1,False,237,8532,True,0.0,0.70,0.7,656,32,0.04878048780487805,0.625,0.5357018460466736,0.5828108672936259,32,0.2984375,0.3707551415692033,0.3227875413156112
thinking_recall_experiment_recall_max_v1_think_false,thinking_recall_experiment_recall_max_v1_think_false.csv,thinking_recall,gemma4:e2b,recall_max_v1,False,237,8532,True,0.0,0.75,0.75,656,32,0.04878048780487805,0.625,0.5357018460466736,0.5828108672936259,32,0.2984375,0.3707551415692033,0.3227875413156112
thinking_recall_experiment_recall_max_v1_think_false,thinking_recall_experiment_recall_max_v1_think_false.csv,thinking_recall,gemma4:e2b,recall_max_v1,False,237,8532,True,0.0,0.80,0.8,656,32,0.04878048780487805,0.625,0.5357018460466736,0.5828108672936259,32,0.2984375,0.3707551415692033,0.3227875413156112
thinking_recall_experiment_recall_max_v1_think_false,thinking_recall_experiment_recall_max_v1_think_false.csv,thinking_recall,gemma4:e2b,recall_max_v1,False,237,8532,True,0.0,0.85,0.85,656,32,0.04878048780487805,0.625,0.5357018460466736,0.5828108672936259,32,0.2984375,0.3707551415692033,0.3227875413156112
thinking_recall_experiment_recall_max_v1_think_false,thinking_recall_experiment_recall_max_v1_think_false.csv,thinking_recall,gemma4:e2b,recall_max_v1,False,237,8532,True,0.0,0.90,0.9,656,32,0.04878048780487805,0.625,0.5357018460466736,0.5828108672936259,32,0.2984375,0.3707551415692033,0.3227875413156112
manual_dataset_prompt_search_best_balanced_recall_v2,manual_dataset_prompt_search_best_balanced_recall_v2.csv,prompt_search,gemma4:e2b,balanced_recall_v2,False,739,26604,True,,0.35,0.35,2010,278,0.1383084577114428,0.5827338129496403,0.5344779658245442,0.5494560642876427,278,0.23615107913669067,0.2934408866481195,0.2886446056990775
manual_dataset_prompt_search_best_balanced_recall_v2,manual_dataset_prompt_search_best_balanced_recall_v2.csv,prompt_search,gemma4:e2b,balanced_recall_v2,False,739,26604,True,,0.40,0.4,2010,278,0.1383084577114428,0.5827338129496403,0.5344779658245442,0.5494560642876427,278,0.23615107913669067,0.2934408866481195,0.2886446056990775
manual_dataset_prompt_search_best_balanced_recall_v2,manual_dataset_prompt_search_best_balanced_recall_v2.csv,prompt_search,gemma4:e2b,balanced_recall_v2,False,739,26604,True,,0.45,0.45,2010,278,0.1383084577114428,0.5827338129496403,0.5344779658245442,0.5494560642876427,278,0.23615107913669067,0.2934408866481195,0.2886446056990775
manual_dataset_prompt_search_best_balanced_recall_v2,manual_dataset_prompt_search_best_balanced_recall_v2.csv,prompt_search,gemma4:e2b,balanced_recall_v2,False,739,26604,True,,0.50,0.5,2010,278,0.1383084577114428,0.5827338129496403,0.5344779658245442,0.5494560642876427,278,0.23615107913669067,0.2934408866481195,0.2886446056990775
manual_dataset_prompt_search_best_balanced_recall_v2,manual_dataset_prompt_search_best_balanced_recall_v2.csv,prompt_search,gemma4:e2b,balanced_recall_v2,False,739,26604,True,,0.55,0.55,2010,278,0.1383084577114428,0.5827338129496403,0.5344779658245442,0.5494560642876427,278,0.23615107913669067,0.2934408866481195,0.2886446056990775
manual_dataset_prompt_search_best_balanced_recall_v2,manual_dataset_prompt_search_best_balanced_recall_v2.csv,prompt_search,gemma4:e2b,balanced_recall_v2,False,739,26604,True,,0.60,0.6,2010,278,0.1383084577114428,0.5827338129496403,0.5344779658245442,0.5494560642876427,278,0.23615107913669067,0.2934408866481195,0.2886446056990775
prompt_search_full_balanced_recall_v2_gemma4-e2b_5df03950348d_e98b1a3c5abc,prompt_search_full_balanced_recall_v2_gemma4-e2b_5df03950348d_e98b1a3c5abc.csv,prompt_search,gemma4:e2b,balanced_recall_v2,False,739,26604,True,0.0,0.35,0.35,2010,278,0.1383084577114428,0.5827338129496403,0.5344779658245442,0.5494560642876427,278,0.23615107913669067,0.2934408866481195,0.2886446056990775
prompt_search_full_balanced_recall_v2_gemma4-e2b_5df03950348d_e98b1a3c5abc,prompt_search_full_balanced_recall_v2_gemma4-e2b_5df03950348d_e98b1a3c5abc.csv,prompt_search,gemma4:e2b,balanced_recall_v2,False,739,26604,True,0.0,0.40,0.4,2010,278,0.1383084577114428,0.5827338129496403,0.5344779658245442,0.5494560642876427,278,0.23615107913669067,0.2934408866481195,0.2886446056990775
prompt_search_full_balanced_recall_v2_gemma4-e2b_5df03950348d_e98b1a3c5abc,prompt_search_full_balanced_recall_v2_gemma4-e2b_5df03950348d_e98b1a3c5abc.csv,prompt_search,gemma4:e2b,balanced_recall_v2,False,739,26604,True,0.0,0.45,0.45,2010,278,0.1383084577114428,0.5827338129496403,0.5344779658245442,0.5494560642876427,278,0.23615107913669067,0.2934408866481195,0.2886446056990775
prompt_search_full_balanced_recall_v2_gemma4-e2b_5df03950348d_e98b1a3c5abc,prompt_search_full_balanced_recall_v2_gemma4-e2b_5df03950348d_e98b1a3c5abc.csv,prompt_search,gemma4:e2b,balanced_recall_v2,False,739,26604,True,0.0,0.50,0.5,2010,278,0.1383084577114428,0.5827338129496403,0.5344779658245442,0.5494560642876427,278,0.23615107913669067,0.2934408866481195,0.2886446056990775
prompt_search_full_balanced_recall_v2_gemma4-e2b_5df03950348d_e98b1a3c5abc,prompt_search_full_balanced_recall_v2_gemma4-e2b_5df03950348d_e98b1a3c5abc.csv,prompt_search,gemma4:e2b,balanced_recall_v2,False,739,26604,True,0.0,0.55,0.55,2010,278,0.1383084577114428,0.5827338129496403,0.5344779658245442,0.5494560642876427,278,0.23615107913669067,0.2934408866481195,0.2886446056990775
prompt_search_full_balanced_recall_v2_gemma4-e2b_5df03950348d_e98b1a3c5abc,prompt_search_full_balanced_recall_v2_gemma4-e2b_5df03950348d_e98b1a3c5abc.csv,prompt_search,gemma4:e2b,balanced_recall_v2,False,739,26604,True,0.0,0.60,0.6,2010,278,0.1383084577114428,0.5827338129496403,0.5344779658245442,0.5494560642876427,278,0.23615107913669067,0.2934408866481195,0.2886446056990775
v3_social_signal_experiment_social_signal_v5_think_false_qwen36_35b_iq3_v5_b1_pilot30,v3_social_signal_experiment_social_signal_v5_think_false_qwen36_35b_iq3_v5_b1_pilot30.csv,v3_social_signal,batiai/qwen3.6-35b:iq3,social_signal_v5,False,30,1080,True,0.0,0.35,0.35,64,28,0.4375,0.6071428571428571,0.5343915343915344,0.5515873015873015,28,0.18535714285714291,0.2109079013625209,0.0422474965649503
v3_social_signal_experiment_social_signal_v5_think_false_qwen36_35b_iq3_v5_b1_pilot30,v3_social_signal_experiment_social_signal_v5_think_false_qwen36_35b_iq3_v5_b1_pilot30.csv,v3_social_signal,batiai/qwen3.6-35b:iq3,social_signal_v5,False,30,1080,True,0.0,0.40,0.4,64,28,0.4375,0.6071428571428571,0.5343915343915344,0.5515873015873015,28,0.18535714285714291,0.2109079013625209,0.0422474965649503
v3_social_signal_experiment_social_signal_v5_think_false_qwen36_35b_iq3_v5_b1_pilot30,v3_social_signal_experiment_social_signal_v5_think_false_qwen36_35b_iq3_v5_b1_pilot30.csv,v3_social_signal,batiai/qwen3.6-35b:iq3,social_signal_v5,False,30,1080,True,0.0,0.45,0.45,64,28,0.4375,0.6071428571428571,0.5343915343915344,0.5515873015873015,28,0.18535714285714291,0.2109079013625209,0.0422474965649503
v3_social_signal_experiment_social_signal_v5_think_false_qwen36_35b_iq3_v5_b1_pilot30,v3_social_signal_experiment_social_signal_v5_think_false_qwen36_35b_iq3_v5_b1_pilot30.csv,v3_social_signal,batiai/qwen3.6-35b:iq3,social_signal_v5,False,30,1080,True,0.0,0.50,0.5,64,28,0.4375,0.6071428571428571,0.5343915343915344,0.5515873015873015,28,0.18535714285714291,0.2109079013625209,0.0422474965649503
v3_social_signal_experiment_social_signal_v5_think_false_qwen36_35b_iq3_v5_b1_pilot30,v3_social_signal_experiment_social_signal_v5_think_false_qwen36_35b_iq3_v5_b1_pilot30.csv,v3_social_signal,batiai/qwen3.6-35b:iq3,social_signal_v5,False,30,1080,True,0.0,0.55,0.55,64,28,0.4375,0.6071428571428571,0.5343915343915344,0.5515873015873015,28,0.18535714285714291,0.2109079013625209,0.0422474965649503
v3_social_signal_experiment_social_signal_v5_think_false_qwen36_35b_iq3_v5_b1_pilot30,v3_social_signal_experiment_social_signal_v5_think_false_qwen36_35b_iq3_v5_b1_pilot30.csv,v3_social_signal,batiai/qwen3.6-35b:iq3,social_signal_v5,False,30,1080,True,0.0,0.60,0.6,64,28,0.4375,0.6071428571428571,0.5343915343915344,0.5515873015873015,28,0.18535714285714291,0.2109079013625209,0.0422474965649503
prompt_search_search_production_v1_gemma4-e2b_5df03950348d_b6a2d2f27b85,prompt_search_search_production_v1_gemma4-e2b_5df03950348d_b6a2d2f27b85.csv,prompt_search,gemma4:e2b,production_v1,False,237,8532,True,,0.05,0.05,656,77,0.1173780487804878,0.5454545454545454,0.5327952649986548,0.5460205653910254,77,0.2922077922077922,0.3362667463120977,0.4634833912144618
prompt_search_search_production_v1_gemma4-e2b_5df03950348d_b6a2d2f27b85,prompt_search_search_production_v1_gemma4-e2b_5df03950348d_b6a2d2f27b85.csv,prompt_search,gemma4:e2b,production_v1,False,237,8532,True,,0.10,0.1,656,77,0.1173780487804878,0.5454545454545454,0.5327952649986548,0.5460205653910254,77,0.2922077922077922,0.3362667463120977,0.4634833912144618
prompt_search_search_production_v1_gemma4-e2b_5df03950348d_b6a2d2f27b85,prompt_search_search_production_v1_gemma4-e2b_5df03950348d_b6a2d2f27b85.csv,prompt_search,gemma4:e2b,production_v1,False,237,8532,True,,0.15,0.15,656,77,0.1173780487804878,0.5454545454545454,0.5327952649986548,0.5460205653910254,77,0.2922077922077922,0.3362667463120977,0.4634833912144618
prompt_search_search_production_v1_gemma4-e2b_5df03950348d_b6a2d2f27b85,prompt_search_search_production_v1_gemma4-e2b_5df03950348d_b6a2d2f27b85.csv,prompt_search,gemma4:e2b,production_v1,False,237,8532,True,,0.20,0.2,656,77,0.1173780487804878,0.5454545454545454,0.5327952649986548,0.5460205653910254,77,0.2922077922077922,0.3362667463120977,0.4634833912144618
prompt_search_search_production_v1_gemma4-e2b_5df03950348d_b6a2d2f27b85,prompt_search_search_production_v1_gemma4-e2b_5df03950348d_b6a2d2f27b85.csv,prompt_search,gemma4:e2b,production_v1,False,237,8532,True,,0.25,0.25,656,77,0.1173780487804878,0.5454545454545454,0.5327952649986548,0.5460205653910254,77,0.2922077922077922,0.3362667463120977,0.4634833912144618
prompt_search_search_production_v1_gemma4-e2b_5df03950348d_b6a2d2f27b85,prompt_search_search_production_v1_gemma4-e2b_5df03950348d_b6a2d2f27b85.csv,prompt_search,gemma4:e2b,production_v1,False,237,8532,True,,0.30,0.3,656,77,0.1173780487804878,0.5454545454545454,0.5327952649986548,0.5460205653910254,77,0.2922077922077922,0.3362667463120977,0.4634833912144618
v3_social_signal_experiment_social_signal_v5_think_false_qwen36_35b_iq3_v5_b1_pilot30,v3_social_signal_experiment_social_signal_v5_think_false_qwen36_35b_iq3_v5_b1_pilot30.csv,v3_social_signal,batiai/qwen3.6-35b:iq3,social_signal_v5,False,30,1080,True,0.0,default,,64,40,0.625,0.6,0.531299262649377,0.5616628527841343,40,0.16599999999999998,0.19395875850293537,0.15561861496731885
v3_social_signal_experiment_social_signal_v5_think_false_qwen36_35b_iq3_v5_b1_pilot30,v3_social_signal_experiment_social_signal_v5_think_false_qwen36_35b_iq3_v5_b1_pilot30.csv,v3_social_signal,batiai/qwen3.6-35b:iq3,social_signal_v5,False,30,1080,True,0.0,0.05,0.05,64,40,0.625,0.6,0.531299262649377,0.5616628527841343,40,0.16599999999999998,0.19395875850293537,0.15561861496731885
v3_social_signal_experiment_social_signal_v5_think_false_qwen36_35b_iq3_v5_b1_pilot30,v3_social_signal_experiment_social_signal_v5_think_false_qwen36_35b_iq3_v5_b1_pilot30.csv,v3_social_signal,batiai/qwen3.6-35b:iq3,social_signal_v5,False,30,1080,True,0.0,0.10,0.1,64,40,0.625,0.6,0.531299262649377,0.5616628527841343,40,0.16599999999999998,0.19395875850293537,0.15561861496731885
v3_social_signal_experiment_social_signal_v5_think_false_qwen36_35b_iq3_v5_b1_pilot30,v3_social_signal_experiment_social_signal_v5_think_false_qwen36_35b_iq3_v5_b1_pilot30.csv,v3_social_signal,batiai/qwen3.6-35b:iq3,social_signal_v5,False,30,1080,True,0.0,0.15,0.15,64,40,0.625,0.6,0.531299262649377,0.5616628527841343,40,0.16599999999999998,0.19395875850293537,0.15561861496731885
v3_social_signal_experiment_social_signal_v5_think_false_qwen36_35b_iq3_v5_b1_pilot30,v3_social_signal_experiment_social_signal_v5_think_false_qwen36_35b_iq3_v5_b1_pilot30.csv,v3_social_signal,batiai/qwen3.6-35b:iq3,social_signal_v5,False,30,1080,True,0.0,0.20,0.2,64,40,0.625,0.6,0.531299262649377,0.5616628527841343,40,0.16599999999999998,0.19395875850293537,0.15561861496731885
v3_social_signal_experiment_social_signal_v5_think_false_qwen36_35b_iq3_v5_b1_pilot30,v3_social_signal_experiment_social_signal_v5_think_false_qwen36_35b_iq3_v5_b1_pilot30.csv,v3_social_signal,batiai/qwen3.6-35b:iq3,social_signal_v5,False,30,1080,True,0.0,0.25,0.25,64,40,0.625,0.6,0.531299262649377,0.5616628527841343,40,0.16599999999999998,0.19395875850293537,0.15561861496731885
v3_social_signal_experiment_social_signal_v5_think_false_qwen36_35b_iq3_v5_b1_pilot30,v3_social_signal_experiment_social_signal_v5_think_false_qwen36_35b_iq3_v5_b1_pilot30.csv,v3_social_signal,batiai/qwen3.6-35b:iq3,social_signal_v5,False,30,1080,True,0.0,0.30,0.3,64,40,0.625,0.6,0.531299262649377,0.5616628527841343,40,0.16599999999999998,0.19395875850293537,0.15561861496731885
prompt_search_search_balanced_recall_v2_gemma4-e2b_5df03950348d_e98b1a3c5abc,prompt_search_search_balanced_recall_v2_gemma4-e2b_5df03950348d_e98b1a3c5abc.csv,prompt_search,gemma4:e2b,balanced_recall_v2,False,237,8532,True,0.0,0.85,0.85,656,22,0.03353658536585366,0.7272727272727273,0.5281385281385281,0.6717827626918536,22,0.2631818181818182,0.30495156098215753,0.43198194233318293
prompt_search_search_balanced_recall_v2_gemma4-e2b_5df03950348d_e98b1a3c5abc,prompt_search_search_balanced_recall_v2_gemma4-e2b_5df03950348d_e98b1a3c5abc.csv,prompt_search,gemma4:e2b,balanced_recall_v2,False,237,8532,True,0.0,0.90,0.9,656,22,0.03353658536585366,0.7272727272727273,0.5281385281385281,0.6717827626918536,22,0.2631818181818182,0.30495156098215753,0.43198194233318293
thinking_recall_experiment_latent_candidate_v3_think_true,thinking_recall_experiment_latent_candidate_v3_think_true.csv,thinking_recall,gemma4:e2b,latent_candidate_v3,False,237,8532,True,30.0,default,,656,185,0.2820121951219512,0.6486486486486487,0.5280503479147277,0.6021076121993554,185,0.213027027027027,0.2704400817886244,0.374411645785944
v3_social_signal_experiment_social_signal_v5_think_false_qwen36_35b_iq3_ctx16k_v5_b1_pilot30,v3_social_signal_experiment_social_signal_v5_think_false_qwen36_35b_iq3_ctx16k_v5_b1_pilot30.csv,v3_social_signal,batiai/qwen3.6-35b:iq3,social_signal_v5,False,30,1080,True,0.0,0.35,0.35,64,27,0.421875,0.5925925925925926,0.5272230756101725,0.5377671578388424,27,0.1866666666666667,0.21421692017412838,0.08288712673760691
v3_social_signal_experiment_social_signal_v5_think_false_qwen36_35b_iq3_ctx16k_v5_b1_pilot30,v3_social_signal_experiment_social_signal_v5_think_false_qwen36_35b_iq3_ctx16k_v5_b1_pilot30.csv,v3_social_signal,batiai/qwen3.6-35b:iq3,social_signal_v5,False,30,1080,True,0.0,0.40,0.4,64,27,0.421875,0.5925925925925926,0.5272230756101725,0.5377671578388424,27,0.1866666666666667,0.21421692017412838,0.08288712673760691
v3_social_signal_experiment_social_signal_v5_think_false_qwen36_35b_iq3_ctx16k_v5_b1_pilot30,v3_social_signal_experiment_social_signal_v5_think_false_qwen36_35b_iq3_ctx16k_v5_b1_pilot30.csv,v3_social_signal,batiai/qwen3.6-35b:iq3,social_signal_v5,False,30,1080,True,0.0,0.45,0.45,64,27,0.421875,0.5925925925925926,0.5272230756101725,0.5377671578388424,27,0.1866666666666667,0.21421692017412838,0.08288712673760691
v3_social_signal_experiment_social_signal_v5_think_false_qwen36_35b_iq3_ctx16k_v5_b1_pilot30,v3_social_signal_experiment_social_signal_v5_think_false_qwen36_35b_iq3_ctx16k_v5_b1_pilot30.csv,v3_social_signal,batiai/qwen3.6-35b:iq3,social_signal_v5,False,30,1080,True,0.0,0.50,0.5,64,27,0.421875,0.5925925925925926,0.5272230756101725,0.5377671578388424,27,0.1866666666666667,0.21421692017412838,0.08288712673760691
v3_social_signal_experiment_social_signal_v5_think_false_qwen36_35b_iq3_ctx16k_v5_b1_pilot30,v3_social_signal_experiment_social_signal_v5_think_false_qwen36_35b_iq3_ctx16k_v5_b1_pilot30.csv,v3_social_signal,batiai/qwen3.6-35b:iq3,social_signal_v5,False,30,1080,True,0.0,0.55,0.55,64,27,0.421875,0.5925925925925926,0.5272230756101725,0.5377671578388424,27,0.1866666666666667,0.21421692017412838,0.08288712673760691
v3_social_signal_experiment_social_signal_v5_think_false_qwen36_35b_iq3_ctx16k_v5_b1_pilot30,v3_social_signal_experiment_social_signal_v5_think_false_qwen36_35b_iq3_ctx16k_v5_b1_pilot30.csv,v3_social_signal,batiai/qwen3.6-35b:iq3,social_signal_v5,False,30,1080,True,0.0,0.60,0.6,64,27,0.421875,0.5925925925925926,0.5272230756101725,0.5377671578388424,27,0.1866666666666667,0.21421692017412838,0.08288712673760691
prompt_search_search_primary_first_v2_gemma4-e2b_5df03950348d_5f153b0981f2,prompt_search_search_primary_first_v2_gemma4-e2b_5df03950348d_5f153b0981f2.csv,prompt_search,gemma4:e2b,primary_first_v2,False,237,8532,True,0.0,default,,656,82,0.125,0.573170731707317,0.5232466509062254,0.513117684368333,82,0.24487804878048783,0.29888410348674144,0.4382176882526876
thinking_recall_experiment_latent_candidate_v2_think_true,thinking_recall_experiment_latent_candidate_v2_think_true.csv,thinking_recall,gemma4:e2b,latent_candidate_v2,False,237,8532,True,3.0,default,,656,11,0.01676829268292683,0.8181818181818182,0.5185185185185185,0.7676767676767677,11,0.2427272727272727,0.27288026012087496,-0.17159076370164295
v3_social_signal_experiment_social_signal_v5_think_false_v5_b1_search237,v3_social_signal_experiment_social_signal_v5_think_false_v5_b1_search237.csv,v3_social_signal,gemma4:e2b,social_signal_v5,False,237,8532,True,4.0,0.85,0.85,656,105,0.1600609756097561,0.580952380952381,0.5181542960173173,0.5722719291836323,105,0.22409523809523807,0.2876588588026085,0.3322883899654291
v3_social_signal_experiment_social_signal_v5_think_false_v5_b1_search237,v3_social_signal_experiment_social_signal_v5_think_false_v5_b1_search237.csv,v3_social_signal,gemma4:e2b,social_signal_v5,False,237,8532,True,4.0,0.90,0.9,656,105,0.1600609756097561,0.580952380952381,0.5181542960173173,0.5722719291836323,105,0.22409523809523807,0.2876588588026085,0.3322883899654291
prompt_search_search_primary_first_v2_gemma4-e2b_5df03950348d_5f153b0981f2,prompt_search_search_primary_first_v2_gemma4-e2b_5df03950348d_5f153b0981f2.csv,prompt_search,gemma4:e2b,primary_first_v2,False,237,8532,True,0.0,0.05,0.05,656,127,0.19359756097560976,0.5118110236220472,0.517623204434438,0.5139032345450242,127,0.2830708661417322,0.3434528243000558,0.3409009131180807
prompt_search_search_primary_first_v2_gemma4-e2b_5df03950348d_5f153b0981f2,prompt_search_search_primary_first_v2_gemma4-e2b_5df03950348d_5f153b0981f2.csv,prompt_search,gemma4:e2b,primary_first_v2,False,237,8532,True,0.0,0.10,0.1,656,127,0.19359756097560976,0.5118110236220472,0.517623204434438,0.5139032345450242,127,0.2830708661417322,0.3434528243000558,0.3409009131180807
prompt_search_search_primary_first_v2_gemma4-e2b_5df03950348d_5f153b0981f2,prompt_search_search_primary_first_v2_gemma4-e2b_5df03950348d_5f153b0981f2.csv,prompt_search,gemma4:e2b,primary_first_v2,False,237,8532,True,0.0,0.15,0.15,656,127,0.19359756097560976,0.5118110236220472,0.517623204434438,0.5139032345450242,127,0.2830708661417322,0.3434528243000558,0.3409009131180807
prompt_search_search_primary_first_v2_gemma4-e2b_5df03950348d_5f153b0981f2,prompt_search_search_primary_first_v2_gemma4-e2b_5df03950348d_5f153b0981f2.csv,prompt_search,gemma4:e2b,primary_first_v2,False,237,8532,True,0.0,0.20,0.2,656,127,0.19359756097560976,0.5118110236220472,0.517623204434438,0.5139032345450242,127,0.2830708661417322,0.3434528243000558,0.3409009131180807
prompt_search_search_primary_first_v2_gemma4-e2b_5df03950348d_5f153b0981f2,prompt_search_search_primary_first_v2_gemma4-e2b_5df03950348d_5f153b0981f2.csv,prompt_search,gemma4:e2b,primary_first_v2,False,237,8532,True,0.0,0.25,0.25,656,127,0.19359756097560976,0.5118110236220472,0.517623204434438,0.5139032345450242,127,0.2830708661417322,0.3434528243000558,0.3409009131180807
prompt_search_search_primary_first_v2_gemma4-e2b_5df03950348d_5f153b0981f2,prompt_search_search_primary_first_v2_gemma4-e2b_5df03950348d_5f153b0981f2.csv,prompt_search,gemma4:e2b,primary_first_v2,False,237,8532,True,0.0,0.30,0.3,656,127,0.19359756097560976,0.5118110236220472,0.517623204434438,0.5139032345450242,127,0.2830708661417322,0.3434528243000558,0.3409009131180807
thinking_recall_experiment_latent_candidate_v3_think_true,thinking_recall_experiment_latent_candidate_v3_think_true.csv,thinking_recall,gemma4:e2b,latent_candidate_v3,False,237,8532,True,30.0,0.85,0.85,656,32,0.04878048780487805,0.75,0.516795865633075,0.7049418604651163,32,0.28093750000000006,0.3582465980299045,0.4030565196642473
v4_social_signal_experiment_v4_prompt_think_false_compact_b1_search237,v4_social_signal_experiment_v4_prompt_think_false_compact_b1_search237.csv,v4_social_signal,gemma4:e2b,v4_prompt,False,237,8532,True,0.0,0.55,0.55,656,178,0.27134146341463417,0.5393258426966292,0.5154405867699863,0.5545269171818942,178,0.23724719101123598,0.28931437743182425,0.3312762586456941
manual_dataset_llm_predictions_gemma4-e2b_social-risk-classification-v1_5df03950348d_033f6fd8763b,manual_dataset_llm_predictions_gemma4-e2b_social-risk-classification-v1_5df03950348d_033f6fd8763b.csv,manual_llm,gemma4:e2b,unknown,False,739,26604,True,1.0,0.35,0.35,2010,158,0.07860696517412935,0.5569620253164557,0.5151945243186119,0.5251904613911451,158,0.2858227848101266,0.3336412080307265,0.4532811219802031
manual_dataset_llm_predictions_gemma4-e2b_social-risk-classification-v1_5df03950348d_033f6fd8763b,manual_dataset_llm_predictions_gemma4-e2b_social-risk-classification-v1_5df03950348d_033f6fd8763b.csv,manual_llm,gemma4:e2b,unknown,False,739,26604,True,1.0,0.40,0.4,2010,158,0.07860696517412935,0.5569620253164557,0.5151945243186119,0.5251904613911451,158,0.2858227848101266,0.3336412080307265,0.4532811219802031
manual_dataset_llm_predictions_gemma4-e2b_social-risk-classification-v1_5df03950348d_033f6fd8763b,manual_dataset_llm_predictions_gemma4-e2b_social-risk-classification-v1_5df03950348d_033f6fd8763b.csv,manual_llm,gemma4:e2b,unknown,False,739,26604,True,1.0,0.45,0.45,2010,158,0.07860696517412935,0.5569620253164557,0.5151945243186119,0.5251904613911451,158,0.2858227848101266,0.3336412080307265,0.4532811219802031
manual_dataset_llm_predictions_gemma4-e2b_social-risk-classification-v1_5df03950348d_033f6fd8763b,manual_dataset_llm_predictions_gemma4-e2b_social-risk-classification-v1_5df03950348d_033f6fd8763b.csv,manual_llm,gemma4:e2b,unknown,False,739,26604,True,1.0,0.50,0.5,2010,158,0.07860696517412935,0.5569620253164557,0.5151945243186119,0.5251904613911451,158,0.2858227848101266,0.3336412080307265,0.4532811219802031
manual_dataset_llm_predictions_gemma4-e2b_social-risk-classification-v1_5df03950348d_033f6fd8763b,manual_dataset_llm_predictions_gemma4-e2b_social-risk-classification-v1_5df03950348d_033f6fd8763b.csv,manual_llm,gemma4:e2b,unknown,False,739,26604,True,1.0,0.55,0.55,2010,158,0.07860696517412935,0.5569620253164557,0.5151945243186119,0.5251904613911451,158,0.2858227848101266,0.3336412080307265,0.4532811219802031
manual_dataset_llm_predictions_gemma4-e2b_social-risk-classification-v1_5df03950348d_033f6fd8763b,manual_dataset_llm_predictions_gemma4-e2b_social-risk-classification-v1_5df03950348d_033f6fd8763b.csv,manual_llm,gemma4:e2b,unknown,False,739,26604,True,1.0,0.60,0.6,2010,158,0.07860696517412935,0.5569620253164557,0.5151945243186119,0.5251904613911451,158,0.2858227848101266,0.3336412080307265,0.4532811219802031
prompt_search_full_production_v1_gemma4-e2b_5df03950348d_b6a2d2f27b85,prompt_search_full_production_v1_gemma4-e2b_5df03950348d_b6a2d2f27b85.csv,prompt_search,gemma4:e2b,production_v1,False,739,26604,True,,0.35,0.35,2010,158,0.07860696517412935,0.5569620253164557,0.5151945243186119,0.5251904613911451,158,0.2858227848101266,0.3336412080307265,0.4532811219802031
prompt_search_full_production_v1_gemma4-e2b_5df03950348d_b6a2d2f27b85,prompt_search_full_production_v1_gemma4-e2b_5df03950348d_b6a2d2f27b85.csv,prompt_search,gemma4:e2b,production_v1,False,739,26604,True,,0.40,0.4,2010,158,0.07860696517412935,0.5569620253164557,0.5151945243186119,0.5251904613911451,158,0.2858227848101266,0.3336412080307265,0.4532811219802031
prompt_search_full_production_v1_gemma4-e2b_5df03950348d_b6a2d2f27b85,prompt_search_full_production_v1_gemma4-e2b_5df03950348d_b6a2d2f27b85.csv,prompt_search,gemma4:e2b,production_v1,False,739,26604,True,,0.45,0.45,2010,158,0.07860696517412935,0.5569620253164557,0.5151945243186119,0.5251904613911451,158,0.2858227848101266,0.3336412080307265,0.4532811219802031
prompt_search_full_production_v1_gemma4-e2b_5df03950348d_b6a2d2f27b85,prompt_search_full_production_v1_gemma4-e2b_5df03950348d_b6a2d2f27b85.csv,prompt_search,gemma4:e2b,production_v1,False,739,26604,True,,0.50,0.5,2010,158,0.07860696517412935,0.5569620253164557,0.5151945243186119,0.5251904613911451,158,0.2858227848101266,0.3336412080307265,0.4532811219802031
prompt_search_full_production_v1_gemma4-e2b_5df03950348d_b6a2d2f27b85,prompt_search_full_production_v1_gemma4-e2b_5df03950348d_b6a2d2f27b85.csv,prompt_search,gemma4:e2b,production_v1,False,739,26604,True,,0.55,0.55,2010,158,0.07860696517412935,0.5569620253164557,0.5151945243186119,0.5251904613911451,158,0.2858227848101266,0.3336412080307265,0.4532811219802031
prompt_search_full_production_v1_gemma4-e2b_5df03950348d_b6a2d2f27b85,prompt_search_full_production_v1_gemma4-e2b_5df03950348d_b6a2d2f27b85.csv,prompt_search,gemma4:e2b,production_v1,False,739,26604,True,,0.60,0.6,2010,158,0.07860696517412935,0.5569620253164557,0.5151945243186119,0.5251904613911451,158,0.2858227848101266,0.3336412080307265,0.4532811219802031
thinking_recall_experiment_latent_candidate_v3_think_true,thinking_recall_experiment_latent_candidate_v3_think_true.csv,thinking_recall,gemma4:e2b,latent_candidate_v3,False,237,8532,True,30.0,0.90,0.9,656,31,0.04725609756097561,0.7419354838709677,0.5149051490514905,0.6955153422501967,31,0.28612903225806463,0.3633402386637875,0.40069860655145106
v3_social_signal_experiment_social_signal_v5_think_false_gemma4_e4b_v5_b1_search237,v3_social_signal_experiment_social_signal_v5_think_false_gemma4_e4b_v5_b1_search237.csv,v3_social_signal,gemma4:e4b,social_signal_v5,False,237,8532,True,0.0,0.75,0.75,656,226,0.3445121951219512,0.5973451327433629,0.514878483156781,0.5416126517227212,226,0.29823008849557525,0.36196856070390016,0.11311390042784523
v3_social_signal_experiment_social_signal_v5_think_false_gemma4_e4b_v5_b1_search237,v3_social_signal_experiment_social_signal_v5_think_false_gemma4_e4b_v5_b1_search237.csv,v3_social_signal,gemma4:e4b,social_signal_v5,False,237,8532,True,0.0,0.80,0.8,656,226,0.3445121951219512,0.5973451327433629,0.514878483156781,0.5416126517227212,226,0.29823008849557525,0.36196856070390016,0.11311390042784523
v3_social_signal_experiment_social_signal_v5_think_false_gemma4_e4b_v5_b1_search237,v3_social_signal_experiment_social_signal_v5_think_false_gemma4_e4b_v5_b1_search237.csv,v3_social_signal,gemma4:e4b,social_signal_v5,False,237,8532,True,0.0,0.65,0.65,656,244,0.3719512195121951,0.5942622950819673,0.5148099212615341,0.5371038797268306,244,0.29446721311475416,0.35682743682644574,0.14108969702900315
v3_social_signal_experiment_social_signal_v5_think_false_gemma4_e4b_v5_b1_search237,v3_social_signal_experiment_social_signal_v5_think_false_gemma4_e4b_v5_b1_search237.csv,v3_social_signal,gemma4:e4b,social_signal_v5,False,237,8532,True,0.0,0.70,0.7,656,244,0.3719512195121951,0.5942622950819673,0.5148099212615341,0.5371038797268306,244,0.29446721311475416,0.35682743682644574,0.14108969702900315
manual_dataset_llm_predictions_gemma4-e2b_social-risk-classification-v1_5df03950348d_033f6fd8763b,manual_dataset_llm_predictions_gemma4-e2b_social-risk-classification-v1_5df03950348d_033f6fd8763b.csv,manual_llm,gemma4:e2b,unknown,False,739,26604,True,1.0,0.05,0.05,2010,226,0.11243781094527364,0.5221238938053098,0.5147612306134933,0.5183473277346978,226,0.30747787610619465,0.3619875077294966,0.35278503766035146
manual_dataset_llm_predictions_gemma4-e2b_social-risk-classification-v1_5df03950348d_033f6fd8763b,manual_dataset_llm_predictions_gemma4-e2b_social-risk-classification-v1_5df03950348d_033f6fd8763b.csv,manual_llm,gemma4:e2b,unknown,False,739,26604,True,1.0,0.10,0.1,2010,226,0.11243781094527364,0.5221238938053098,0.5147612306134933,0.5183473277346978,226,0.30747787610619465,0.3619875077294966,0.35278503766035146
manual_dataset_llm_predictions_gemma4-e2b_social-risk-classification-v1_5df03950348d_033f6fd8763b,manual_dataset_llm_predictions_gemma4-e2b_social-risk-classification-v1_5df03950348d_033f6fd8763b.csv,manual_llm,gemma4:e2b,unknown,False,739,26604,True,1.0,0.15,0.15,2010,226,0.11243781094527364,0.5221238938053098,0.5147612306134933,0.5183473277346978,226,0.30747787610619465,0.3619875077294966,0.35278503766035146
manual_dataset_llm_predictions_gemma4-e2b_social-risk-classification-v1_5df03950348d_033f6fd8763b,manual_dataset_llm_predictions_gemma4-e2b_social-risk-classification-v1_5df03950348d_033f6fd8763b.csv,manual_llm,gemma4:e2b,unknown,False,739,26604,True,1.0,0.20,0.2,2010,226,0.11243781094527364,0.5221238938053098,0.5147612306134933,0.5183473277346978,226,0.30747787610619465,0.3619875077294966,0.35278503766035146
manual_dataset_llm_predictions_gemma4-e2b_social-risk-classification-v1_5df03950348d_033f6fd8763b,manual_dataset_llm_predictions_gemma4-e2b_social-risk-classification-v1_5df03950348d_033f6fd8763b.csv,manual_llm,gemma4:e2b,unknown,False,739,26604,True,1.0,0.25,0.25,2010,226,0.11243781094527364,0.5221238938053098,0.5147612306134933,0.5183473277346978,226,0.30747787610619465,0.3619875077294966,0.35278503766035146
manual_dataset_llm_predictions_gemma4-e2b_social-risk-classification-v1_5df03950348d_033f6fd8763b,manual_dataset_llm_predictions_gemma4-e2b_social-risk-classification-v1_5df03950348d_033f6fd8763b.csv,manual_llm,gemma4:e2b,unknown,False,739,26604,True,1.0,0.30,0.3,2010,226,0.11243781094527364,0.5221238938053098,0.5147612306134933,0.5183473277346978,226,0.30747787610619465,0.3619875077294966,0.35278503766035146
prompt_search_full_production_v1_gemma4-e2b_5df03950348d_b6a2d2f27b85,prompt_search_full_production_v1_gemma4-e2b_5df03950348d_b6a2d2f27b85.csv,prompt_search,gemma4:e2b,production_v1,False,739,26604,True,,0.05,0.05,2010,226,0.11243781094527364,0.5221238938053098,0.5147612306134933,0.5183473277346978,226,0.30747787610619465,0.3619875077294966,0.35278503766035146
prompt_search_full_production_v1_gemma4-e2b_5df03950348d_b6a2d2f27b85,prompt_search_full_production_v1_gemma4-e2b_5df03950348d_b6a2d2f27b85.csv,prompt_search,gemma4:e2b,production_v1,False,739,26604,True,,0.10,0.1,2010,226,0.11243781094527364,0.5221238938053098,0.5147612306134933,0.5183473277346978,226,0.30747787610619465,0.3619875077294966,0.35278503766035146
prompt_search_full_production_v1_gemma4-e2b_5df03950348d_b6a2d2f27b85,prompt_search_full_production_v1_gemma4-e2b_5df03950348d_b6a2d2f27b85.csv,prompt_search,gemma4:e2b,production_v1,False,739,26604,True,,0.15,0.15,2010,226,0.11243781094527364,0.5221238938053098,0.5147612306134933,0.5183473277346978,226,0.30747787610619465,0.3619875077294966,0.35278503766035146
prompt_search_full_production_v1_gemma4-e2b_5df03950348d_b6a2d2f27b85,prompt_search_full_production_v1_gemma4-e2b_5df03950348d_b6a2d2f27b85.csv,prompt_search,gemma4:e2b,production_v1,False,739,26604,True,,0.20,0.2,2010,226,0.11243781094527364,0.5221238938053098,0.5147612306134933,0.5183473277346978,226,0.30747787610619465,0.3619875077294966,0.35278503766035146
prompt_search_full_production_v1_gemma4-e2b_5df03950348d_b6a2d2f27b85,prompt_search_full_production_v1_gemma4-e2b_5df03950348d_b6a2d2f27b85.csv,prompt_search,gemma4:e2b,production_v1,False,739,26604,True,,0.25,0.25,2010,226,0.11243781094527364,0.5221238938053098,0.5147612306134933,0.5183473277346978,226,0.30747787610619465,0.3619875077294966,0.35278503766035146
prompt_search_full_production_v1_gemma4-e2b_5df03950348d_b6a2d2f27b85,prompt_search_full_production_v1_gemma4-e2b_5df03950348d_b6a2d2f27b85.csv,prompt_search,gemma4:e2b,production_v1,False,739,26604,True,,0.30,0.3,2010,226,0.11243781094527364,0.5221238938053098,0.5147612306134933,0.5183473277346978,226,0.30747787610619465,0.3619875077294966,0.35278503766035146
v4_social_signal_experiment_v4_prompt_think_false_compact_b1_search237,v4_social_signal_experiment_v4_prompt_think_false_compact_b1_search237.csv,v4_social_signal,gemma4:e2b,v4_prompt,False,237,8532,True,0.0,0.35,0.35,656,183,0.27896341463414637,0.5355191256830601,0.5120466964729259,0.551682506331794,183,0.23409836065573772,0.2866558645823482,0.3344938646369982
v4_social_signal_experiment_v4_prompt_think_false_compact_b1_search237,v4_social_signal_experiment_v4_prompt_think_false_compact_b1_search237.csv,v4_social_signal,gemma4:e2b,v4_prompt,False,237,8532,True,0.0,0.40,0.4,656,183,0.27896341463414637,0.5355191256830601,0.5120466964729259,0.551682506331794,183,0.23409836065573772,0.2866558645823482,0.3344938646369982
v4_social_signal_experiment_v4_prompt_think_false_compact_b1_search237,v4_social_signal_experiment_v4_prompt_think_false_compact_b1_search237.csv,v4_social_signal,gemma4:e2b,v4_prompt,False,237,8532,True,0.0,0.45,0.45,656,183,0.27896341463414637,0.5355191256830601,0.5120466964729259,0.551682506331794,183,0.23409836065573772,0.2866558645823482,0.3344938646369982
v4_social_signal_experiment_v4_prompt_think_false_compact_b1_search237,v4_social_signal_experiment_v4_prompt_think_false_compact_b1_search237.csv,v4_social_signal,gemma4:e2b,v4_prompt,False,237,8532,True,0.0,0.50,0.5,656,183,0.27896341463414637,0.5355191256830601,0.5120466964729259,0.551682506331794,183,0.23409836065573772,0.2866558645823482,0.3344938646369982
v3_social_signal_experiment_social_signal_v5_think_false_v5_b1_search237,v3_social_signal_experiment_social_signal_v5_think_false_v5_b1_search237.csv,v3_social_signal,gemma4:e2b,social_signal_v5,False,237,8532,True,4.0,0.65,0.65,656,108,0.16463414634146342,0.5740740740740741,0.5111415763589676,0.5689802120961541,108,0.22583333333333333,0.29007183018464006,0.3086193342570792
v3_social_signal_experiment_social_signal_v5_think_false_v5_b1_search237,v3_social_signal_experiment_social_signal_v5_think_false_v5_b1_search237.csv,v3_social_signal,gemma4:e2b,social_signal_v5,False,237,8532,True,4.0,0.70,0.7,656,108,0.16463414634146342,0.5740740740740741,0.5111415763589676,0.5689802120961541,108,0.22583333333333333,0.29007183018464006,0.3086193342570792
v3_social_signal_experiment_social_signal_v5_think_false_v5_b1_search237,v3_social_signal_experiment_social_signal_v5_think_false_v5_b1_search237.csv,v3_social_signal,gemma4:e2b,social_signal_v5,False,237,8532,True,4.0,0.75,0.75,656,108,0.16463414634146342,0.5740740740740741,0.5111415763589676,0.5689802120961541,108,0.22583333333333333,0.29007183018464006,0.3086193342570792
v3_social_signal_experiment_social_signal_v5_think_false_v5_b1_search237,v3_social_signal_experiment_social_signal_v5_think_false_v5_b1_search237.csv,v3_social_signal,gemma4:e2b,social_signal_v5,False,237,8532,True,4.0,0.80,0.8,656,108,0.16463414634146342,0.5740740740740741,0.5111415763589676,0.5689802120961541,108,0.22583333333333333,0.29007183018464006,0.3086193342570792
v3_social_signal_experiment_social_signal_v5_think_false_gemma4_e4b_v5_b1_search237,v3_social_signal_experiment_social_signal_v5_think_false_gemma4_e4b_v5_b1_search237.csv,v3_social_signal,gemma4:e4b,social_signal_v5,False,237,8532,True,0.0,0.85,0.85,656,210,0.3201219512195122,0.580952380952381,0.5084614725597417,0.5249095566013489,210,0.3051904761904761,0.3687875888832021,0.1322078849278568
v3_social_signal_experiment_social_signal_v5_think_false_gemma4_e4b_v5_b1_search237,v3_social_signal_experiment_social_signal_v5_think_false_gemma4_e4b_v5_b1_search237.csv,v3_social_signal,gemma4:e4b,social_signal_v5,False,237,8532,True,0.0,0.90,0.9,656,210,0.3201219512195122,0.580952380952381,0.5084614725597417,0.5249095566013489,210,0.3051904761904761,0.3687875888832021,0.1322078849278568
manual_dataset_prompt_search_best_balanced_recall_v2,manual_dataset_prompt_search_best_balanced_recall_v2.csv,prompt_search,gemma4:e2b,balanced_recall_v2,False,739,26604,True,,0.05,0.05,2010,438,0.21791044776119403,0.5114155251141552,0.5065681575739279,0.5141107708836216,438,0.2584474885844749,0.3174045716439141,0.2470879308054878
manual_dataset_prompt_search_best_balanced_recall_v2,manual_dataset_prompt_search_best_balanced_recall_v2.csv,prompt_search,gemma4:e2b,balanced_recall_v2,False,739,26604,True,,0.10,0.1,2010,438,0.21791044776119403,0.5114155251141552,0.5065681575739279,0.5141107708836216,438,0.2584474885844749,0.3174045716439141,0.2470879308054878
manual_dataset_prompt_search_best_balanced_recall_v2,manual_dataset_prompt_search_best_balanced_recall_v2.csv,prompt_search,gemma4:e2b,balanced_recall_v2,False,739,26604,True,,0.15,0.15,2010,438,0.21791044776119403,0.5114155251141552,0.5065681575739279,0.5141107708836216,438,0.2584474885844749,0.3174045716439141,0.2470879308054878
manual_dataset_prompt_search_best_balanced_recall_v2,manual_dataset_prompt_search_best_balanced_recall_v2.csv,prompt_search,gemma4:e2b,balanced_recall_v2,False,739,26604,True,,0.20,0.2,2010,438,0.21791044776119403,0.5114155251141552,0.5065681575739279,0.5141107708836216,438,0.2584474885844749,0.3174045716439141,0.2470879308054878
manual_dataset_prompt_search_best_balanced_recall_v2,manual_dataset_prompt_search_best_balanced_recall_v2.csv,prompt_search,gemma4:e2b,balanced_recall_v2,False,739,26604,True,,0.25,0.25,2010,438,0.21791044776119403,0.5114155251141552,0.5065681575739279,0.5141107708836216,438,0.2584474885844749,0.3174045716439141,0.2470879308054878
manual_dataset_prompt_search_best_balanced_recall_v2,manual_dataset_prompt_search_best_balanced_recall_v2.csv,prompt_search,gemma4:e2b,balanced_recall_v2,False,739,26604,True,,0.30,0.3,2010,438,0.21791044776119403,0.5114155251141552,0.5065681575739279,0.5141107708836216,438,0.2584474885844749,0.3174045716439141,0.2470879308054878
prompt_search_full_balanced_recall_v2_gemma4-e2b_5df03950348d_e98b1a3c5abc,prompt_search_full_balanced_recall_v2_gemma4-e2b_5df03950348d_e98b1a3c5abc.csv,prompt_search,gemma4:e2b,balanced_recall_v2,False,739,26604,True,0.0,0.05,0.05,2010,438,0.21791044776119403,0.5114155251141552,0.5065681575739279,0.5141107708836216,438,0.2584474885844749,0.3174045716439141,0.2470879308054878
prompt_search_full_balanced_recall_v2_gemma4-e2b_5df03950348d_e98b1a3c5abc,prompt_search_full_balanced_recall_v2_gemma4-e2b_5df03950348d_e98b1a3c5abc.csv,prompt_search,gemma4:e2b,balanced_recall_v2,False,739,26604,True,0.0,0.10,0.1,2010,438,0.21791044776119403,0.5114155251141552,0.5065681575739279,0.5141107708836216,438,0.2584474885844749,0.3174045716439141,0.2470879308054878
prompt_search_full_balanced_recall_v2_gemma4-e2b_5df03950348d_e98b1a3c5abc,prompt_search_full_balanced_recall_v2_gemma4-e2b_5df03950348d_e98b1a3c5abc.csv,prompt_search,gemma4:e2b,balanced_recall_v2,False,739,26604,True,0.0,0.15,0.15,2010,438,0.21791044776119403,0.5114155251141552,0.5065681575739279,0.5141107708836216,438,0.2584474885844749,0.3174045716439141,0.2470879308054878
prompt_search_full_balanced_recall_v2_gemma4-e2b_5df03950348d_e98b1a3c5abc,prompt_search_full_balanced_recall_v2_gemma4-e2b_5df03950348d_e98b1a3c5abc.csv,prompt_search,gemma4:e2b,balanced_recall_v2,False,739,26604,True,0.0,0.20,0.2,2010,438,0.21791044776119403,0.5114155251141552,0.5065681575739279,0.5141107708836216,438,0.2584474885844749,0.3174045716439141,0.2470879308054878
prompt_search_full_balanced_recall_v2_gemma4-e2b_5df03950348d_e98b1a3c5abc,prompt_search_full_balanced_recall_v2_gemma4-e2b_5df03950348d_e98b1a3c5abc.csv,prompt_search,gemma4:e2b,balanced_recall_v2,False,739,26604,True,0.0,0.25,0.25,2010,438,0.21791044776119403,0.5114155251141552,0.5065681575739279,0.5141107708836216,438,0.2584474885844749,0.3174045716439141,0.2470879308054878
prompt_search_full_balanced_recall_v2_gemma4-e2b_5df03950348d_e98b1a3c5abc,prompt_search_full_balanced_recall_v2_gemma4-e2b_5df03950348d_e98b1a3c5abc.csv,prompt_search,gemma4:e2b,balanced_recall_v2,False,739,26604,True,0.0,0.30,0.3,2010,438,0.21791044776119403,0.5114155251141552,0.5065681575739279,0.5141107708836216,438,0.2584474885844749,0.3174045716439141,0.2470879308054878
prompt_search_search_balanced_recall_v2_gemma4-e2b_5df03950348d_e98b1a3c5abc,prompt_search_search_balanced_recall_v2_gemma4-e2b_5df03950348d_e98b1a3c5abc.csv,prompt_search,gemma4:e2b,balanced_recall_v2,False,237,8532,True,0.0,0.65,0.65,656,26,0.039634146341463415,0.6538461538461539,0.5047619047619047,0.5956043956043957,26,0.2665384615384615,0.3086882918713658,0.3974203798386191
prompt_search_search_balanced_recall_v2_gemma4-e2b_5df03950348d_e98b1a3c5abc,prompt_search_search_balanced_recall_v2_gemma4-e2b_5df03950348d_e98b1a3c5abc.csv,prompt_search,gemma4:e2b,balanced_recall_v2,False,237,8532,True,0.0,0.70,0.7,656,26,0.039634146341463415,0.6538461538461539,0.5047619047619047,0.5956043956043957,26,0.2665384615384615,0.3086882918713658,0.3974203798386191
v3_social_signal_experiment_social_signal_v5_think_false_qwen35_9b_v5_b1_search237,v3_social_signal_experiment_social_signal_v5_think_false_qwen35_9b_v5_b1_search237.csv,v3_social_signal,qwen3.5:9b,social_signal_v5,False,237,8532,True,0.0,0.65,0.65,656,183,0.27896341463414637,0.6229508196721312,0.5028846092140643,0.5577386313342234,183,0.2441530054644809,0.28033352501244235,0.39769313959598995
v3_social_signal_experiment_social_signal_v5_think_false_qwen35_9b_v5_b1_search237,v3_social_signal_experiment_social_signal_v5_think_false_qwen35_9b_v5_b1_search237.csv,v3_social_signal,qwen3.5:9b,social_signal_v5,False,237,8532,True,0.0,0.70,0.7,656,183,0.27896341463414637,0.6229508196721312,0.5028846092140643,0.5577386313342234,183,0.2441530054644809,0.28033352501244235,0.39769313959598995
v3_social_signal_experiment_social_signal_v5_think_false_qwen35_9b_v5_b1_search237,v3_social_signal_experiment_social_signal_v5_think_false_qwen35_9b_v5_b1_search237.csv,v3_social_signal,qwen3.5:9b,social_signal_v5,False,237,8532,True,0.0,0.75,0.75,656,183,0.27896341463414637,0.6229508196721312,0.5028846092140643,0.5577386313342234,183,0.2441530054644809,0.28033352501244235,0.39769313959598995
v3_social_signal_experiment_social_signal_v5_think_false_qwen35_9b_v5_b1_search237,v3_social_signal_experiment_social_signal_v5_think_false_qwen35_9b_v5_b1_search237.csv,v3_social_signal,qwen3.5:9b,social_signal_v5,False,237,8532,True,0.0,0.80,0.8,656,183,0.27896341463414637,0.6229508196721312,0.5028846092140643,0.5577386313342234,183,0.2441530054644809,0.28033352501244235,0.39769313959598995
v4_social_signal_experiment_v4_prompt_think_false_compact_b1_search237,v4_social_signal_experiment_v4_prompt_think_false_compact_b1_search237.csv,v4_social_signal,gemma4:e2b,v4_prompt,False,237,8532,True,0.0,default,,656,192,0.2926829268292683,0.5260416666666666,0.5021885521885522,0.5424400252525253,192,0.2281770833333333,0.28119814336750754,0.3697323393761371
v4_social_signal_experiment_v4_prompt_think_false_compact_b1_search237,v4_social_signal_experiment_v4_prompt_think_false_compact_b1_search237.csv,v4_social_signal,gemma4:e2b,v4_prompt,False,237,8532,True,0.0,0.05,0.05,656,192,0.2926829268292683,0.5260416666666666,0.5021885521885522,0.5424400252525253,192,0.2281770833333333,0.28119814336750754,0.3697323393761371
v4_social_signal_experiment_v4_prompt_think_false_compact_b1_search237,v4_social_signal_experiment_v4_prompt_think_false_compact_b1_search237.csv,v4_social_signal,gemma4:e2b,v4_prompt,False,237,8532,True,0.0,0.10,0.1,656,192,0.2926829268292683,0.5260416666666666,0.5021885521885522,0.5424400252525253,192,0.2281770833333333,0.28119814336750754,0.3697323393761371
v4_social_signal_experiment_v4_prompt_think_false_compact_b1_search237,v4_social_signal_experiment_v4_prompt_think_false_compact_b1_search237.csv,v4_social_signal,gemma4:e2b,v4_prompt,False,237,8532,True,0.0,0.15,0.15,656,192,0.2926829268292683,0.5260416666666666,0.5021885521885522,0.5424400252525253,192,0.2281770833333333,0.28119814336750754,0.3697323393761371
v4_social_signal_experiment_v4_prompt_think_false_compact_b1_search237,v4_social_signal_experiment_v4_prompt_think_false_compact_b1_search237.csv,v4_social_signal,gemma4:e2b,v4_prompt,False,237,8532,True,0.0,0.20,0.2,656,192,0.2926829268292683,0.5260416666666666,0.5021885521885522,0.5424400252525253,192,0.2281770833333333,0.28119814336750754,0.3697323393761371
v4_social_signal_experiment_v4_prompt_think_false_compact_b1_search237,v4_social_signal_experiment_v4_prompt_think_false_compact_b1_search237.csv,v4_social_signal,gemma4:e2b,v4_prompt,False,237,8532,True,0.0,0.25,0.25,656,192,0.2926829268292683,0.5260416666666666,0.5021885521885522,0.5424400252525253,192,0.2281770833333333,0.28119814336750754,0.3697323393761371
v4_social_signal_experiment_v4_prompt_think_false_compact_b1_search237,v4_social_signal_experiment_v4_prompt_think_false_compact_b1_search237.csv,v4_social_signal,gemma4:e2b,v4_prompt,False,237,8532,True,0.0,0.30,0.3,656,192,0.2926829268292683,0.5260416666666666,0.5021885521885522,0.5424400252525253,192,0.2281770833333333,0.28119814336750754,0.3697323393761371
manual_dataset_prompt_search_best_balanced_recall_v2,manual_dataset_prompt_search_best_balanced_recall_v2.csv,prompt_search,gemma4:e2b,balanced_recall_v2,False,739,26604,True,,default,,2010,298,0.1482587064676617,0.5671140939597316,0.5019754296418917,0.524903367484726,298,0.22976510067114095,0.2848789923256125,0.2652075038158358
prompt_search_full_balanced_recall_v2_gemma4-e2b_5df03950348d_e98b1a3c5abc,prompt_search_full_balanced_recall_v2_gemma4-e2b_5df03950348d_e98b1a3c5abc.csv,prompt_search,gemma4:e2b,balanced_recall_v2,False,739,26604,True,0.0,default,,2010,298,0.1482587064676617,0.5671140939597316,0.5019754296418917,0.524903367484726,298,0.22976510067114095,0.2848789923256125,0.2652075038158358
v3_social_signal_experiment_social_signal_v5_think_false_gemma4_e4b_v5_b1_search237,v3_social_signal_experiment_social_signal_v5_think_false_gemma4_e4b_v5_b1_search237.csv,v3_social_signal,gemma4:e4b,social_signal_v5,False,237,8532,True,0.0,0.35,0.35,656,324,0.49390243902439024,0.5771604938271605,0.5018427258704831,0.5185668889806964,324,0.26978395061728394,0.3284592727069225,0.1841536275360546
v3_social_signal_experiment_social_signal_v5_think_false_gemma4_e4b_v5_b1_search237,v3_social_signal_experiment_social_signal_v5_think_false_gemma4_e4b_v5_b1_search237.csv,v3_social_signal,gemma4:e4b,social_signal_v5,False,237,8532,True,0.0,0.40,0.4,656,324,0.49390243902439024,0.5771604938271605,0.5018427258704831,0.5185668889806964,324,0.26978395061728394,0.3284592727069225,0.1841536275360546
v3_social_signal_experiment_social_signal_v5_think_false_gemma4_e4b_v5_b1_search237,v3_social_signal_experiment_social_signal_v5_think_false_gemma4_e4b_v5_b1_search237.csv,v3_social_signal,gemma4:e4b,social_signal_v5,False,237,8532,True,0.0,0.45,0.45,656,324,0.49390243902439024,0.5771604938271605,0.5018427258704831,0.5185668889806964,324,0.26978395061728394,0.3284592727069225,0.1841536275360546
v3_social_signal_experiment_social_signal_v5_think_false_gemma4_e4b_v5_b1_search237,v3_social_signal_experiment_social_signal_v5_think_false_gemma4_e4b_v5_b1_search237.csv,v3_social_signal,gemma4:e4b,social_signal_v5,False,237,8532,True,0.0,0.50,0.5,656,324,0.49390243902439024,0.5771604938271605,0.5018427258704831,0.5185668889806964,324,0.26978395061728394,0.3284592727069225,0.1841536275360546
v3_social_signal_experiment_social_signal_v5_think_false_gemma4_e4b_v5_b1_search237,v3_social_signal_experiment_social_signal_v5_think_false_gemma4_e4b_v5_b1_search237.csv,v3_social_signal,gemma4:e4b,social_signal_v5,False,237,8532,True,0.0,0.55,0.55,656,324,0.49390243902439024,0.5771604938271605,0.5018427258704831,0.5185668889806964,324,0.26978395061728394,0.3284592727069225,0.1841536275360546
v3_social_signal_experiment_social_signal_v5_think_false_gemma4_e4b_v5_b1_search237,v3_social_signal_experiment_social_signal_v5_think_false_gemma4_e4b_v5_b1_search237.csv,v3_social_signal,gemma4:e4b,social_signal_v5,False,237,8532,True,0.0,0.60,0.6,656,324,0.49390243902439024,0.5771604938271605,0.5018427258704831,0.5185668889806964,324,0.26978395061728394,0.3284592727069225,0.1841536275360546
v3_social_signal_experiment_social_signal_v4_think_false_v4_b1_search237,v3_social_signal_experiment_social_signal_v4_think_false_v4_b1_search237.csv,v3_social_signal,gemma4:e2b,social_signal_v4,False,237,8532,True,16.0,0.35,0.35,656,151,0.2301829268292683,0.5827814569536424,0.500153404922297,0.5657764351841014,151,0.20437086092715234,0.2612375032658649,0.4839169100386932
v3_social_signal_experiment_social_signal_v4_think_false_v4_b1_search237,v3_social_signal_experiment_social_signal_v4_think_false_v4_b1_search237.csv,v3_social_signal,gemma4:e2b,social_signal_v4,False,237,8532,True,16.0,0.40,0.4,656,151,0.2301829268292683,0.5827814569536424,0.500153404922297,0.5657764351841014,151,0.20437086092715234,0.2612375032658649,0.4839169100386932
v3_social_signal_experiment_social_signal_v4_think_false_v4_b1_search237,v3_social_signal_experiment_social_signal_v4_think_false_v4_b1_search237.csv,v3_social_signal,gemma4:e2b,social_signal_v4,False,237,8532,True,16.0,0.45,0.45,656,151,0.2301829268292683,0.5827814569536424,0.500153404922297,0.5657764351841014,151,0.20437086092715234,0.2612375032658649,0.4839169100386932
v3_social_signal_experiment_social_signal_v4_think_false_v4_b1_search237,v3_social_signal_experiment_social_signal_v4_think_false_v4_b1_search237.csv,v3_social_signal,gemma4:e2b,social_signal_v4,False,237,8532,True,16.0,0.50,0.5,656,151,0.2301829268292683,0.5827814569536424,0.500153404922297,0.5657764351841014,151,0.20437086092715234,0.2612375032658649,0.4839169100386932
v3_social_signal_experiment_social_signal_v4_think_false_v4_b1_search237,v3_social_signal_experiment_social_signal_v4_think_false_v4_b1_search237.csv,v3_social_signal,gemma4:e2b,social_signal_v4,False,237,8532,True,16.0,0.55,0.55,656,151,0.2301829268292683,0.5827814569536424,0.500153404922297,0.5657764351841014,151,0.20437086092715234,0.2612375032658649,0.4839169100386932
v3_social_signal_experiment_social_signal_v4_think_false_v4_b1_search237,v3_social_signal_experiment_social_signal_v4_think_false_v4_b1_search237.csv,v3_social_signal,gemma4:e2b,social_signal_v4,False,237,8532,True,16.0,0.60,0.6,656,151,0.2301829268292683,0.5827814569536424,0.500153404922297,0.5657764351841014,151,0.20437086092715234,0.2612375032658649,0.4839169100386932
v4_social_signal_experiment_v4_prompt_think_false_compact_b1_ctx16k_search237.partial,v4_social_signal_experiment_v4_prompt_think_false_compact_b1_ctx16k_search237.partial.csv,v4_social_signal,gemma4:e2b,v4_prompt,True,21,756,True,0.0,0.60,0.6,43,7,0.16279069767441862,0.42857142857142855,0.5,0.42857142857142855,7,0.23142857142857146,0.2702908486374314,0.6599959755440764
v4_social_signal_experiment_v4_prompt_think_false_compact_b1_ctx16k_search237.partial,v4_social_signal_experiment_v4_prompt_think_false_compact_b1_ctx16k_search237.partial.csv,v4_social_signal,gemma4:e2b,v4_prompt,True,21,756,True,0.0,0.65,0.65,43,7,0.16279069767441862,0.42857142857142855,0.5,0.42857142857142855,7,0.23142857142857146,0.2702908486374314,0.6599959755440764
grouped_event_v1_search_think_true,grouped_event_v1_search_think_true.csv,grouped_event,gemma4:e2b,grouped_event_v1,False,237,8532,True,18.0,default,,656,83,0.12652439024390244,0.6626506024096386,0.4989111296450746,0.6028023687745143,83,0.24903614457831333,0.3088786559417558,0.1789135106843017
v3_social_signal_experiment_social_signal_v5_think_false_gemma4_e4b_v5_b1_search237,v3_social_signal_experiment_social_signal_v5_think_false_gemma4_e4b_v5_b1_search237.csv,v3_social_signal,gemma4:e4b,social_signal_v5,False,237,8532,True,0.0,default,,656,361,0.5503048780487805,0.5678670360110804,0.49524626666771293,0.5220692415682542,361,0.2599168975069252,0.3186845364855563,0.18125738194359822
v3_social_signal_experiment_social_signal_v5_think_false_gemma4_e4b_v5_b1_search237,v3_social_signal_experiment_social_signal_v5_think_false_gemma4_e4b_v5_b1_search237.csv,v3_social_signal,gemma4:e4b,social_signal_v5,False,237,8532,True,0.0,0.05,0.05,656,361,0.5503048780487805,0.5678670360110804,0.49524626666771293,0.5220692415682542,361,0.2599168975069252,0.3186845364855563,0.18125738194359822
v3_social_signal_experiment_social_signal_v5_think_false_gemma4_e4b_v5_b1_search237,v3_social_signal_experiment_social_signal_v5_think_false_gemma4_e4b_v5_b1_search237.csv,v3_social_signal,gemma4:e4b,social_signal_v5,False,237,8532,True,0.0,0.10,0.1,656,361,0.5503048780487805,0.5678670360110804,0.49524626666771293,0.5220692415682542,361,0.2599168975069252,0.3186845364855563,0.18125738194359822
v3_social_signal_experiment_social_signal_v5_think_false_gemma4_e4b_v5_b1_search237,v3_social_signal_experiment_social_signal_v5_think_false_gemma4_e4b_v5_b1_search237.csv,v3_social_signal,gemma4:e4b,social_signal_v5,False,237,8532,True,0.0,0.15,0.15,656,361,0.5503048780487805,0.5678670360110804,0.49524626666771293,0.5220692415682542,361,0.2599168975069252,0.3186845364855563,0.18125738194359822
v3_social_signal_experiment_social_signal_v5_think_false_gemma4_e4b_v5_b1_search237,v3_social_signal_experiment_social_signal_v5_think_false_gemma4_e4b_v5_b1_search237.csv,v3_social_signal,gemma4:e4b,social_signal_v5,False,237,8532,True,0.0,0.20,0.2,656,361,0.5503048780487805,0.5678670360110804,0.49524626666771293,0.5220692415682542,361,0.2599168975069252,0.3186845364855563,0.18125738194359822
v3_social_signal_experiment_social_signal_v5_think_false_gemma4_e4b_v5_b1_search237,v3_social_signal_experiment_social_signal_v5_think_false_gemma4_e4b_v5_b1_search237.csv,v3_social_signal,gemma4:e4b,social_signal_v5,False,237,8532,True,0.0,0.25,0.25,656,361,0.5503048780487805,0.5678670360110804,0.49524626666771293,0.5220692415682542,361,0.2599168975069252,0.3186845364855563,0.18125738194359822
v3_social_signal_experiment_social_signal_v5_think_false_gemma4_e4b_v5_b1_search237,v3_social_signal_experiment_social_signal_v5_think_false_gemma4_e4b_v5_b1_search237.csv,v3_social_signal,gemma4:e4b,social_signal_v5,False,237,8532,True,0.0,0.30,0.3,656,361,0.5503048780487805,0.5678670360110804,0.49524626666771293,0.5220692415682542,361,0.2599168975069252,0.3186845364855563,0.18125738194359822
v3_social_signal_experiment_social_signal_v5_think_false_v5_b1_search237,v3_social_signal_experiment_social_signal_v5_think_false_v5_b1_search237.csv,v3_social_signal,gemma4:e2b,social_signal_v5,False,237,8532,True,4.0,0.35,0.35,656,153,0.23323170731707318,0.5424836601307189,0.49114945583280645,0.5369270833988414,153,0.21019607843137253,0.27024317299243583,0.3965789249789792
v3_social_signal_experiment_social_signal_v5_think_false_v5_b1_search237,v3_social_signal_experiment_social_signal_v5_think_false_v5_b1_search237.csv,v3_social_signal,gemma4:e2b,social_signal_v5,False,237,8532,True,4.0,0.40,0.4,656,153,0.23323170731707318,0.5424836601307189,0.49114945583280645,0.5369270833988414,153,0.21019607843137253,0.27024317299243583,0.3965789249789792
v3_social_signal_experiment_social_signal_v5_think_false_v5_b1_search237,v3_social_signal_experiment_social_signal_v5_think_false_v5_b1_search237.csv,v3_social_signal,gemma4:e2b,social_signal_v5,False,237,8532,True,4.0,0.45,0.45,656,153,0.23323170731707318,0.5424836601307189,0.49114945583280645,0.5369270833988414,153,0.21019607843137253,0.27024317299243583,0.3965789249789792
v3_social_signal_experiment_social_signal_v5_think_false_v5_b1_search237,v3_social_signal_experiment_social_signal_v5_think_false_v5_b1_search237.csv,v3_social_signal,gemma4:e2b,social_signal_v5,False,237,8532,True,4.0,0.50,0.5,656,153,0.23323170731707318,0.5424836601307189,0.49114945583280645,0.5369270833988414,153,0.21019607843137253,0.27024317299243583,0.3965789249789792
v3_social_signal_experiment_social_signal_v5_think_false_v5_b1_search237,v3_social_signal_experiment_social_signal_v5_think_false_v5_b1_search237.csv,v3_social_signal,gemma4:e2b,social_signal_v5,False,237,8532,True,4.0,0.55,0.55,656,153,0.23323170731707318,0.5424836601307189,0.49114945583280645,0.5369270833988414,153,0.21019607843137253,0.27024317299243583,0.3965789249789792
v3_social_signal_experiment_social_signal_v5_think_false_v5_b1_search237,v3_social_signal_experiment_social_signal_v5_think_false_v5_b1_search237.csv,v3_social_signal,gemma4:e2b,social_signal_v5,False,237,8532,True,4.0,0.60,0.6,656,153,0.23323170731707318,0.5424836601307189,0.49114945583280645,0.5369270833988414,153,0.21019607843137253,0.27024317299243583,0.3965789249789792
thinking_recall_experiment_latent_candidate_v2_think_true,thinking_recall_experiment_latent_candidate_v2_think_true.csv,thinking_recall,gemma4:e2b,latent_candidate_v2,False,237,8532,True,3.0,0.05,0.05,656,13,0.019817073170731708,0.6923076923076923,0.48888888888888893,0.717948717948718,13,0.3130769230769231,0.3720111660855191,-0.533602080858248
thinking_recall_experiment_latent_candidate_v2_think_true,thinking_recall_experiment_latent_candidate_v2_think_true.csv,thinking_recall,gemma4:e2b,latent_candidate_v2,False,237,8532,True,3.0,0.10,0.1,656,13,0.019817073170731708,0.6923076923076923,0.48888888888888893,0.717948717948718,13,0.3130769230769231,0.3720111660855191,-0.533602080858248
thinking_recall_experiment_latent_candidate_v2_think_true,thinking_recall_experiment_latent_candidate_v2_think_true.csv,thinking_recall,gemma4:e2b,latent_candidate_v2,False,237,8532,True,3.0,0.15,0.15,656,13,0.019817073170731708,0.6923076923076923,0.48888888888888893,0.717948717948718,13,0.3130769230769231,0.3720111660855191,-0.533602080858248
thinking_recall_experiment_latent_candidate_v2_think_true,thinking_recall_experiment_latent_candidate_v2_think_true.csv,thinking_recall,gemma4:e2b,latent_candidate_v2,False,237,8532,True,3.0,0.20,0.2,656,13,0.019817073170731708,0.6923076923076923,0.48888888888888893,0.717948717948718,13,0.3130769230769231,0.3720111660855191,-0.533602080858248
thinking_recall_experiment_latent_candidate_v2_think_true,thinking_recall_experiment_latent_candidate_v2_think_true.csv,thinking_recall,gemma4:e2b,latent_candidate_v2,False,237,8532,True,3.0,0.25,0.25,656,13,0.019817073170731708,0.6923076923076923,0.48888888888888893,0.717948717948718,13,0.3130769230769231,0.3720111660855191,-0.533602080858248
thinking_recall_experiment_latent_candidate_v2_think_true,thinking_recall_experiment_latent_candidate_v2_think_true.csv,thinking_recall,gemma4:e2b,latent_candidate_v2,False,237,8532,True,3.0,0.30,0.3,656,13,0.019817073170731708,0.6923076923076923,0.48888888888888893,0.717948717948718,13,0.3130769230769231,0.3720111660855191,-0.533602080858248
thinking_recall_experiment_latent_candidate_v3_think_true,thinking_recall_experiment_latent_candidate_v3_think_true.csv,thinking_recall,gemma4:e2b,latent_candidate_v3,False,237,8532,True,30.0,0.95,0.95,656,4,0.006097560975609756,0.75,0.48888888888888893,0.7666666666666667,4,0.3375,0.36650375168611854,0.6924467928986158
manual_dataset_llm_predictions_gemma4-e2b_social-risk-classification-v1_5df03950348d_033f6fd8763b,manual_dataset_llm_predictions_gemma4-e2b_social-risk-classification-v1_5df03950348d_033f6fd8763b.csv,manual_llm,gemma4:e2b,unknown,False,739,26604,True,1.0,0.65,0.65,2010,4,0.001990049751243781,0.75,0.48888888888888893,0.7333333333333334,4,0.39749999999999996,0.5064829710858993,-0.2393490073389308
manual_dataset_llm_predictions_gemma4-e2b_social-risk-classification-v1_5df03950348d_033f6fd8763b,manual_dataset_llm_predictions_gemma4-e2b_social-risk-classification-v1_5df03950348d_033f6fd8763b.csv,manual_llm,gemma4:e2b,unknown,False,739,26604,True,1.0,0.70,0.7,2010,4,0.001990049751243781,0.75,0.48888888888888893,0.7333333333333334,4,0.39749999999999996,0.5064829710858993,-0.2393490073389308
manual_dataset_llm_predictions_gemma4-e2b_social-risk-classification-v1_5df03950348d_033f6fd8763b,manual_dataset_llm_predictions_gemma4-e2b_social-risk-classification-v1_5df03950348d_033f6fd8763b.csv,manual_llm,gemma4:e2b,unknown,False,739,26604,True,1.0,0.75,0.75,2010,4,0.001990049751243781,0.75,0.48888888888888893,0.7333333333333334,4,0.39749999999999996,0.5064829710858993,-0.2393490073389308
manual_dataset_llm_predictions_gemma4-e2b_social-risk-classification-v1_5df03950348d_033f6fd8763b,manual_dataset_llm_predictions_gemma4-e2b_social-risk-classification-v1_5df03950348d_033f6fd8763b.csv,manual_llm,gemma4:e2b,unknown,False,739,26604,True,1.0,0.80,0.8,2010,4,0.001990049751243781,0.75,0.48888888888888893,0.7333333333333334,4,0.39749999999999996,0.5064829710858993,-0.2393490073389308
manual_dataset_llm_predictions_gemma4-e2b_social-risk-classification-v1_5df03950348d_033f6fd8763b,manual_dataset_llm_predictions_gemma4-e2b_social-risk-classification-v1_5df03950348d_033f6fd8763b.csv,manual_llm,gemma4:e2b,unknown,False,739,26604,True,1.0,0.85,0.85,2010,4,0.001990049751243781,0.75,0.48888888888888893,0.7333333333333334,4,0.39749999999999996,0.5064829710858993,-0.2393490073389308
manual_dataset_llm_predictions_gemma4-e2b_social-risk-classification-v1_5df03950348d_033f6fd8763b,manual_dataset_llm_predictions_gemma4-e2b_social-risk-classification-v1_5df03950348d_033f6fd8763b.csv,manual_llm,gemma4:e2b,unknown,False,739,26604,True,1.0,0.90,0.9,2010,4,0.001990049751243781,0.75,0.48888888888888893,0.7333333333333334,4,0.39749999999999996,0.5064829710858993,-0.2393490073389308
manual_dataset_llm_predictions_gemma4-e2b_social-risk-classification-v1_5df03950348d_033f6fd8763b,manual_dataset_llm_predictions_gemma4-e2b_social-risk-classification-v1_5df03950348d_033f6fd8763b.csv,manual_llm,gemma4:e2b,unknown,False,739,26604,True,1.0,0.95,0.95,2010,4,0.001990049751243781,0.75,0.48888888888888893,0.7333333333333334,4,0.39749999999999996,0.5064829710858993,-0.2393490073389308
prompt_search_full_production_v1_gemma4-e2b_5df03950348d_b6a2d2f27b85,prompt_search_full_production_v1_gemma4-e2b_5df03950348d_b6a2d2f27b85.csv,prompt_search,gemma4:e2b,production_v1,False,739,26604,True,,0.65,0.65,2010,4,0.001990049751243781,0.75,0.48888888888888893,0.7333333333333334,4,0.39749999999999996,0.5064829710858993,-0.2393490073389308
prompt_search_full_production_v1_gemma4-e2b_5df03950348d_b6a2d2f27b85,prompt_search_full_production_v1_gemma4-e2b_5df03950348d_b6a2d2f27b85.csv,prompt_search,gemma4:e2b,production_v1,False,739,26604,True,,0.70,0.7,2010,4,0.001990049751243781,0.75,0.48888888888888893,0.7333333333333334,4,0.39749999999999996,0.5064829710858993,-0.2393490073389308
prompt_search_full_production_v1_gemma4-e2b_5df03950348d_b6a2d2f27b85,prompt_search_full_production_v1_gemma4-e2b_5df03950348d_b6a2d2f27b85.csv,prompt_search,gemma4:e2b,production_v1,False,739,26604,True,,0.75,0.75,2010,4,0.001990049751243781,0.75,0.48888888888888893,0.7333333333333334,4,0.39749999999999996,0.5064829710858993,-0.2393490073389308
prompt_search_full_production_v1_gemma4-e2b_5df03950348d_b6a2d2f27b85,prompt_search_full_production_v1_gemma4-e2b_5df03950348d_b6a2d2f27b85.csv,prompt_search,gemma4:e2b,production_v1,False,739,26604,True,,0.80,0.8,2010,4,0.001990049751243781,0.75,0.48888888888888893,0.7333333333333334,4,0.39749999999999996,0.5064829710858993,-0.2393490073389308
prompt_search_full_production_v1_gemma4-e2b_5df03950348d_b6a2d2f27b85,prompt_search_full_production_v1_gemma4-e2b_5df03950348d_b6a2d2f27b85.csv,prompt_search,gemma4:e2b,production_v1,False,739,26604,True,,0.85,0.85,2010,4,0.001990049751243781,0.75,0.48888888888888893,0.7333333333333334,4,0.39749999999999996,0.5064829710858993,-0.2393490073389308
prompt_search_full_production_v1_gemma4-e2b_5df03950348d_b6a2d2f27b85,prompt_search_full_production_v1_gemma4-e2b_5df03950348d_b6a2d2f27b85.csv,prompt_search,gemma4:e2b,production_v1,False,739,26604,True,,0.90,0.9,2010,4,0.001990049751243781,0.75,0.48888888888888893,0.7333333333333334,4,0.39749999999999996,0.5064829710858993,-0.2393490073389308
prompt_search_full_production_v1_gemma4-e2b_5df03950348d_b6a2d2f27b85,prompt_search_full_production_v1_gemma4-e2b_5df03950348d_b6a2d2f27b85.csv,prompt_search,gemma4:e2b,production_v1,False,739,26604,True,,0.95,0.95,2010,4,0.001990049751243781,0.75,0.48888888888888893,0.7333333333333334,4,0.39749999999999996,0.5064829710858993,-0.2393490073389308
v3_social_signal_experiment_social_signal_v5_think_false_qwen35_9b_v5_b1_search237,v3_social_signal_experiment_social_signal_v5_think_false_qwen35_9b_v5_b1_search237.csv,v3_social_signal,qwen3.5:9b,social_signal_v5,False,237,8532,True,0.0,0.85,0.85,656,169,0.2576219512195122,0.6153846153846154,0.4850680362153863,0.5498028480188778,169,0.24923076923076926,0.2840534994196417,0.38898825993554087
v3_social_signal_experiment_social_signal_v5_think_false_qwen35_9b_v5_b1_search237,v3_social_signal_experiment_social_signal_v5_think_false_qwen35_9b_v5_b1_search237.csv,v3_social_signal,qwen3.5:9b,social_signal_v5,False,237,8532,True,0.0,0.90,0.9,656,169,0.2576219512195122,0.6153846153846154,0.4850680362153863,0.5498028480188778,169,0.24923076923076926,0.2840534994196417,0.38898825993554087
v4_social_signal_experiment_v4_prompt_think_false_compact_b1_ctx16k_search237.partial,v4_social_signal_experiment_v4_prompt_think_false_compact_b1_ctx16k_search237.partial.csv,v4_social_signal,gemma4:e2b,v4_prompt,True,21,756,True,0.0,0.55,0.55,43,8,0.18604651162790697,0.375,0.48148148148148145,0.3472222222222222,8,0.22125,0.2583360214913902,0.42587257032260906
v3_social_signal_experiment_social_signal_v3_think_true_v3_b1_search237_think,v3_social_signal_experiment_social_signal_v3_think_true_v3_b1_search237_think.csv,v3_social_signal,gemma4:e2b,social_signal_v3,False,237,8532,True,0.0,default,,656,195,0.2972560975609756,0.5128205128205128,0.4790460580048102,0.5189475649929527,195,0.2557435897435898,0.31518736796241836,0.4068891595296173
v3_social_signal_experiment_social_signal_v3_think_true_v3_b1_search237_think,v3_social_signal_experiment_social_signal_v3_think_true_v3_b1_search237_think.csv,v3_social_signal,gemma4:e2b,social_signal_v3,False,237,8532,True,0.0,0.05,0.05,656,195,0.2972560975609756,0.5128205128205128,0.4790460580048102,0.5189475649929527,195,0.2557435897435898,0.31518736796241836,0.4068891595296173
v3_social_signal_experiment_social_signal_v3_think_true_v3_b1_search237_think,v3_social_signal_experiment_social_signal_v3_think_true_v3_b1_search237_think.csv,v3_social_signal,gemma4:e2b,social_signal_v3,False,237,8532,True,0.0,0.10,0.1,656,195,0.2972560975609756,0.5128205128205128,0.4790460580048102,0.5189475649929527,195,0.2557435897435898,0.31518736796241836,0.4068891595296173
v3_social_signal_experiment_social_signal_v3_think_true_v3_b1_search237_think,v3_social_signal_experiment_social_signal_v3_think_true_v3_b1_search237_think.csv,v3_social_signal,gemma4:e2b,social_signal_v3,False,237,8532,True,0.0,0.15,0.15,656,195,0.2972560975609756,0.5128205128205128,0.4790460580048102,0.5189475649929527,195,0.2557435897435898,0.31518736796241836,0.4068891595296173
v3_social_signal_experiment_social_signal_v3_think_true_v3_b1_search237_think,v3_social_signal_experiment_social_signal_v3_think_true_v3_b1_search237_think.csv,v3_social_signal,gemma4:e2b,social_signal_v3,False,237,8532,True,0.0,0.20,0.2,656,195,0.2972560975609756,0.5128205128205128,0.4790460580048102,0.5189475649929527,195,0.2557435897435898,0.31518736796241836,0.4068891595296173
v3_social_signal_experiment_social_signal_v3_think_true_v3_b1_search237_think,v3_social_signal_experiment_social_signal_v3_think_true_v3_b1_search237_think.csv,v3_social_signal,gemma4:e2b,social_signal_v3,False,237,8532,True,0.0,0.25,0.25,656,195,0.2972560975609756,0.5128205128205128,0.4790460580048102,0.5189475649929527,195,0.2557435897435898,0.31518736796241836,0.4068891595296173
v3_social_signal_experiment_social_signal_v3_think_true_v3_b1_search237_think,v3_social_signal_experiment_social_signal_v3_think_true_v3_b1_search237_think.csv,v3_social_signal,gemma4:e2b,social_signal_v3,False,237,8532,True,0.0,0.30,0.3,656,195,0.2972560975609756,0.5128205128205128,0.4790460580048102,0.5189475649929527,195,0.2557435897435898,0.31518736796241836,0.4068891595296173
prompt_search_search_few_shot_major_v3_gemma4-e2b_5df03950348d_0c3d39008fbb,prompt_search_search_few_shot_major_v3_gemma4-e2b_5df03950348d_0c3d39008fbb.csv,prompt_search,gemma4:e2b,few_shot_major_v3,False,237,8532,True,0.0,0.05,0.05,656,130,0.19817073170731708,0.5076923076923077,0.47629251700680264,0.5013037676609106,130,0.2623076923076923,0.3334135800842782,0.37643677580229584
prompt_search_search_few_shot_major_v3_gemma4-e2b_5df03950348d_0c3d39008fbb,prompt_search_search_few_shot_major_v3_gemma4-e2b_5df03950348d_0c3d39008fbb.csv,prompt_search,gemma4:e2b,few_shot_major_v3,False,237,8532,True,0.0,0.10,0.1,656,130,0.19817073170731708,0.5076923076923077,0.47629251700680264,0.5013037676609106,130,0.2623076923076923,0.3334135800842782,0.37643677580229584
prompt_search_search_few_shot_major_v3_gemma4-e2b_5df03950348d_0c3d39008fbb,prompt_search_search_few_shot_major_v3_gemma4-e2b_5df03950348d_0c3d39008fbb.csv,prompt_search,gemma4:e2b,few_shot_major_v3,False,237,8532,True,0.0,0.15,0.15,656,130,0.19817073170731708,0.5076923076923077,0.47629251700680264,0.5013037676609106,130,0.2623076923076923,0.3334135800842782,0.37643677580229584
prompt_search_search_few_shot_major_v3_gemma4-e2b_5df03950348d_0c3d39008fbb,prompt_search_search_few_shot_major_v3_gemma4-e2b_5df03950348d_0c3d39008fbb.csv,prompt_search,gemma4:e2b,few_shot_major_v3,False,237,8532,True,0.0,0.20,0.2,656,130,0.19817073170731708,0.5076923076923077,0.47629251700680264,0.5013037676609106,130,0.2623076923076923,0.3334135800842782,0.37643677580229584
prompt_search_search_few_shot_major_v3_gemma4-e2b_5df03950348d_0c3d39008fbb,prompt_search_search_few_shot_major_v3_gemma4-e2b_5df03950348d_0c3d39008fbb.csv,prompt_search,gemma4:e2b,few_shot_major_v3,False,237,8532,True,0.0,0.25,0.25,656,130,0.19817073170731708,0.5076923076923077,0.47629251700680264,0.5013037676609106,130,0.2623076923076923,0.3334135800842782,0.37643677580229584
prompt_search_search_few_shot_major_v3_gemma4-e2b_5df03950348d_0c3d39008fbb,prompt_search_search_few_shot_major_v3_gemma4-e2b_5df03950348d_0c3d39008fbb.csv,prompt_search,gemma4:e2b,few_shot_major_v3,False,237,8532,True,0.0,0.30,0.3,656,130,0.19817073170731708,0.5076923076923077,0.47629251700680264,0.5013037676609106,130,0.2623076923076923,0.3334135800842782,0.37643677580229584
v3_social_signal_experiment_social_signal_v5_think_false_v5_b1_search237,v3_social_signal_experiment_social_signal_v5_think_false_v5_b1_search237.csv,v3_social_signal,gemma4:e2b,social_signal_v5,False,237,8532,True,4.0,default,,656,172,0.2621951219512195,0.5174418604651163,0.47252917672022865,0.5149384004181009,172,0.21511627906976744,0.27337468962987876,0.40840184369767385
v3_social_signal_experiment_social_signal_v5_think_false_v5_b1_search237,v3_social_signal_experiment_social_signal_v5_think_false_v5_b1_search237.csv,v3_social_signal,gemma4:e2b,social_signal_v5,False,237,8532,True,4.0,0.05,0.05,656,172,0.2621951219512195,0.5174418604651163,0.47252917672022865,0.5149384004181009,172,0.21511627906976744,0.27337468962987876,0.40840184369767385
v3_social_signal_experiment_social_signal_v5_think_false_v5_b1_search237,v3_social_signal_experiment_social_signal_v5_think_false_v5_b1_search237.csv,v3_social_signal,gemma4:e2b,social_signal_v5,False,237,8532,True,4.0,0.10,0.1,656,172,0.2621951219512195,0.5174418604651163,0.47252917672022865,0.5149384004181009,172,0.21511627906976744,0.27337468962987876,0.40840184369767385
v3_social_signal_experiment_social_signal_v5_think_false_v5_b1_search237,v3_social_signal_experiment_social_signal_v5_think_false_v5_b1_search237.csv,v3_social_signal,gemma4:e2b,social_signal_v5,False,237,8532,True,4.0,0.15,0.15,656,172,0.2621951219512195,0.5174418604651163,0.47252917672022865,0.5149384004181009,172,0.21511627906976744,0.27337468962987876,0.40840184369767385
v3_social_signal_experiment_social_signal_v5_think_false_v5_b1_search237,v3_social_signal_experiment_social_signal_v5_think_false_v5_b1_search237.csv,v3_social_signal,gemma4:e2b,social_signal_v5,False,237,8532,True,4.0,0.20,0.2,656,172,0.2621951219512195,0.5174418604651163,0.47252917672022865,0.5149384004181009,172,0.21511627906976744,0.27337468962987876,0.40840184369767385
v3_social_signal_experiment_social_signal_v5_think_false_v5_b1_search237,v3_social_signal_experiment_social_signal_v5_think_false_v5_b1_search237.csv,v3_social_signal,gemma4:e2b,social_signal_v5,False,237,8532,True,4.0,0.25,0.25,656,172,0.2621951219512195,0.5174418604651163,0.47252917672022865,0.5149384004181009,172,0.21511627906976744,0.27337468962987876,0.40840184369767385
v3_social_signal_experiment_social_signal_v5_think_false_v5_b1_search237,v3_social_signal_experiment_social_signal_v5_think_false_v5_b1_search237.csv,v3_social_signal,gemma4:e2b,social_signal_v5,False,237,8532,True,4.0,0.30,0.3,656,172,0.2621951219512195,0.5174418604651163,0.47252917672022865,0.5149384004181009,172,0.21511627906976744,0.27337468962987876,0.40840184369767385
thinking_recall_experiment_latent_candidate_v2_think_true,thinking_recall_experiment_latent_candidate_v2_think_true.csv,thinking_recall,gemma4:e2b,latent_candidate_v2,False,237,8532,True,3.0,0.35,0.35,656,11,0.01676829268292683,0.6363636363636364,0.47222222222222215,0.6666666666666666,11,0.34,0.3952214569073901,-0.5349925988229619
thinking_recall_experiment_latent_candidate_v2_think_true,thinking_recall_experiment_latent_candidate_v2_think_true.csv,thinking_recall,gemma4:e2b,latent_candidate_v2,False,237,8532,True,3.0,0.40,0.4,656,11,0.01676829268292683,0.6363636363636364,0.47222222222222215,0.6666666666666666,11,0.34,0.3952214569073901,-0.5349925988229619
thinking_recall_experiment_latent_candidate_v2_think_true,thinking_recall_experiment_latent_candidate_v2_think_true.csv,thinking_recall,gemma4:e2b,latent_candidate_v2,False,237,8532,True,3.0,0.45,0.45,656,11,0.01676829268292683,0.6363636363636364,0.47222222222222215,0.6666666666666666,11,0.34,0.3952214569073901,-0.5349925988229619
thinking_recall_experiment_latent_candidate_v2_think_true,thinking_recall_experiment_latent_candidate_v2_think_true.csv,thinking_recall,gemma4:e2b,latent_candidate_v2,False,237,8532,True,3.0,0.50,0.5,656,11,0.01676829268292683,0.6363636363636364,0.47222222222222215,0.6666666666666666,11,0.34,0.3952214569073901,-0.5349925988229619
thinking_recall_experiment_latent_candidate_v2_think_true,thinking_recall_experiment_latent_candidate_v2_think_true.csv,thinking_recall,gemma4:e2b,latent_candidate_v2,False,237,8532,True,3.0,0.55,0.55,656,11,0.01676829268292683,0.6363636363636364,0.47222222222222215,0.6666666666666666,11,0.34,0.3952214569073901,-0.5349925988229619
thinking_recall_experiment_latent_candidate_v2_think_true,thinking_recall_experiment_latent_candidate_v2_think_true.csv,thinking_recall,gemma4:e2b,latent_candidate_v2,False,237,8532,True,3.0,0.60,0.6,656,11,0.01676829268292683,0.6363636363636364,0.47222222222222215,0.6666666666666666,11,0.34,0.3952214569073901,-0.5349925988229619
prompt_search_search_few_shot_major_v3_gemma4-e2b_5df03950348d_0c3d39008fbb,prompt_search_search_few_shot_major_v3_gemma4-e2b_5df03950348d_0c3d39008fbb.csv,prompt_search,gemma4:e2b,few_shot_major_v3,False,237,8532,True,0.0,0.65,0.65,656,30,0.04573170731707317,0.5666666666666667,0.4701316701316702,0.53990297990298,30,0.2743333333333334,0.3456636129726896,0.34176555191143154
prompt_search_search_few_shot_major_v3_gemma4-e2b_5df03950348d_0c3d39008fbb,prompt_search_search_few_shot_major_v3_gemma4-e2b_5df03950348d_0c3d39008fbb.csv,prompt_search,gemma4:e2b,few_shot_major_v3,False,237,8532,True,0.0,0.70,0.7,656,30,0.04573170731707317,0.5666666666666667,0.4701316701316702,0.53990297990298,30,0.2743333333333334,0.3456636129726896,0.34176555191143154
prompt_search_search_few_shot_major_v3_gemma4-e2b_5df03950348d_0c3d39008fbb,prompt_search_search_few_shot_major_v3_gemma4-e2b_5df03950348d_0c3d39008fbb.csv,prompt_search,gemma4:e2b,few_shot_major_v3,False,237,8532,True,0.0,0.75,0.75,656,30,0.04573170731707317,0.5666666666666667,0.4701316701316702,0.53990297990298,30,0.2743333333333334,0.3456636129726896,0.34176555191143154
prompt_search_search_few_shot_major_v3_gemma4-e2b_5df03950348d_0c3d39008fbb,prompt_search_search_few_shot_major_v3_gemma4-e2b_5df03950348d_0c3d39008fbb.csv,prompt_search,gemma4:e2b,few_shot_major_v3,False,237,8532,True,0.0,0.80,0.8,656,30,0.04573170731707317,0.5666666666666667,0.4701316701316702,0.53990297990298,30,0.2743333333333334,0.3456636129726896,0.34176555191143154
prompt_search_search_few_shot_major_v3_gemma4-e2b_5df03950348d_0c3d39008fbb,prompt_search_search_few_shot_major_v3_gemma4-e2b_5df03950348d_0c3d39008fbb.csv,prompt_search,gemma4:e2b,few_shot_major_v3,False,237,8532,True,0.0,0.85,0.85,656,30,0.04573170731707317,0.5666666666666667,0.4701316701316702,0.53990297990298,30,0.2743333333333334,0.3456636129726896,0.34176555191143154
prompt_search_search_few_shot_major_v3_gemma4-e2b_5df03950348d_0c3d39008fbb,prompt_search_search_few_shot_major_v3_gemma4-e2b_5df03950348d_0c3d39008fbb.csv,prompt_search,gemma4:e2b,few_shot_major_v3,False,237,8532,True,0.0,0.90,0.9,656,30,0.04573170731707317,0.5666666666666667,0.4701316701316702,0.53990297990298,30,0.2743333333333334,0.3456636129726896,0.34176555191143154
v3_social_signal_experiment_social_signal_v5_think_false_qwen35_9b_v5_b1_search237,v3_social_signal_experiment_social_signal_v5_think_false_qwen35_9b_v5_b1_search237.csv,v3_social_signal,qwen3.5:9b,social_signal_v5,False,237,8532,True,0.0,default,,656,426,0.649390243902439,0.5492957746478874,0.46994763096784853,0.5048417050478626,426,0.20115023474178403,0.2451937051631693,0.41662220164583863
v3_social_signal_experiment_social_signal_v5_think_false_qwen35_9b_v5_b1_search237,v3_social_signal_experiment_social_signal_v5_think_false_qwen35_9b_v5_b1_search237.csv,v3_social_signal,qwen3.5:9b,social_signal_v5,False,237,8532,True,0.0,0.05,0.05,656,426,0.649390243902439,0.5492957746478874,0.46994763096784853,0.5048417050478626,426,0.20115023474178403,0.2451937051631693,0.41662220164583863
v3_social_signal_experiment_social_signal_v5_think_false_qwen35_9b_v5_b1_search237,v3_social_signal_experiment_social_signal_v5_think_false_qwen35_9b_v5_b1_search237.csv,v3_social_signal,qwen3.5:9b,social_signal_v5,False,237,8532,True,0.0,0.10,0.1,656,426,0.649390243902439,0.5492957746478874,0.46994763096784853,0.5048417050478626,426,0.20115023474178403,0.2451937051631693,0.41662220164583863
v3_social_signal_experiment_social_signal_v5_think_false_qwen35_9b_v5_b1_search237,v3_social_signal_experiment_social_signal_v5_think_false_qwen35_9b_v5_b1_search237.csv,v3_social_signal,qwen3.5:9b,social_signal_v5,False,237,8532,True,0.0,0.15,0.15,656,426,0.649390243902439,0.5492957746478874,0.46994763096784853,0.5048417050478626,426,0.20115023474178403,0.2451937051631693,0.41662220164583863
v3_social_signal_experiment_social_signal_v5_think_false_qwen35_9b_v5_b1_search237,v3_social_signal_experiment_social_signal_v5_think_false_qwen35_9b_v5_b1_search237.csv,v3_social_signal,qwen3.5:9b,social_signal_v5,False,237,8532,True,0.0,0.20,0.2,656,426,0.649390243902439,0.5492957746478874,0.46994763096784853,0.5048417050478626,426,0.20115023474178403,0.2451937051631693,0.41662220164583863
v3_social_signal_experiment_social_signal_v5_think_false_qwen35_9b_v5_b1_search237,v3_social_signal_experiment_social_signal_v5_think_false_qwen35_9b_v5_b1_search237.csv,v3_social_signal,qwen3.5:9b,social_signal_v5,False,237,8532,True,0.0,0.25,0.25,656,426,0.649390243902439,0.5492957746478874,0.46994763096784853,0.5048417050478626,426,0.20115023474178403,0.2451937051631693,0.41662220164583863
v3_social_signal_experiment_social_signal_v5_think_false_qwen35_9b_v5_b1_search237,v3_social_signal_experiment_social_signal_v5_think_false_qwen35_9b_v5_b1_search237.csv,v3_social_signal,qwen3.5:9b,social_signal_v5,False,237,8532,True,0.0,0.30,0.3,656,426,0.649390243902439,0.5492957746478874,0.46994763096784853,0.5048417050478626,426,0.20115023474178403,0.2451937051631693,0.41662220164583863
v3_social_signal_experiment_social_signal_v4_think_false_v4_b1_search237,v3_social_signal_experiment_social_signal_v4_think_false_v4_b1_search237.csv,v3_social_signal,gemma4:e2b,social_signal_v4,False,237,8532,True,16.0,default,,656,174,0.2652439024390244,0.5402298850574713,0.4668296087356474,0.5293598901092846,174,0.21563218390804595,0.27160019636713567,0.4865936917391703
v3_social_signal_experiment_social_signal_v4_think_false_v4_b1_search237,v3_social_signal_experiment_social_signal_v4_think_false_v4_b1_search237.csv,v3_social_signal,gemma4:e2b,social_signal_v4,False,237,8532,True,16.0,0.05,0.05,656,174,0.2652439024390244,0.5402298850574713,0.4668296087356474,0.5293598901092846,174,0.21563218390804595,0.27160019636713567,0.4865936917391703
v3_social_signal_experiment_social_signal_v4_think_false_v4_b1_search237,v3_social_signal_experiment_social_signal_v4_think_false_v4_b1_search237.csv,v3_social_signal,gemma4:e2b,social_signal_v4,False,237,8532,True,16.0,0.10,0.1,656,174,0.2652439024390244,0.5402298850574713,0.4668296087356474,0.5293598901092846,174,0.21563218390804595,0.27160019636713567,0.4865936917391703
v3_social_signal_experiment_social_signal_v4_think_false_v4_b1_search237,v3_social_signal_experiment_social_signal_v4_think_false_v4_b1_search237.csv,v3_social_signal,gemma4:e2b,social_signal_v4,False,237,8532,True,16.0,0.15,0.15,656,174,0.2652439024390244,0.5402298850574713,0.4668296087356474,0.5293598901092846,174,0.21563218390804595,0.27160019636713567,0.4865936917391703
v3_social_signal_experiment_social_signal_v4_think_false_v4_b1_search237,v3_social_signal_experiment_social_signal_v4_think_false_v4_b1_search237.csv,v3_social_signal,gemma4:e2b,social_signal_v4,False,237,8532,True,16.0,0.20,0.2,656,174,0.2652439024390244,0.5402298850574713,0.4668296087356474,0.5293598901092846,174,0.21563218390804595,0.27160019636713567,0.4865936917391703
v3_social_signal_experiment_social_signal_v4_think_false_v4_b1_search237,v3_social_signal_experiment_social_signal_v4_think_false_v4_b1_search237.csv,v3_social_signal,gemma4:e2b,social_signal_v4,False,237,8532,True,16.0,0.25,0.25,656,174,0.2652439024390244,0.5402298850574713,0.4668296087356474,0.5293598901092846,174,0.21563218390804595,0.27160019636713567,0.4865936917391703
v3_social_signal_experiment_social_signal_v4_think_false_v4_b1_search237,v3_social_signal_experiment_social_signal_v4_think_false_v4_b1_search237.csv,v3_social_signal,gemma4:e2b,social_signal_v4,False,237,8532,True,16.0,0.30,0.3,656,174,0.2652439024390244,0.5402298850574713,0.4668296087356474,0.5293598901092846,174,0.21563218390804595,0.27160019636713567,0.4865936917391703
v4_social_signal_experiment_v4_prompt_think_false_b1_pilot18,v4_social_signal_experiment_v4_prompt_think_false_b1_pilot18.csv,v4_social_signal,gemma4:e2b,v4_prompt,False,18,648,True,0.0,0.90,0.9,38,5,0.13157894736842105,0.4,0.4666666666666666,0.44000000000000006,5,0.18200000000000002,0.2455605831561735,0.34608455412977257
v4_social_signal_experiment_v4_prompt_think_false_b1_pilot18,v4_social_signal_experiment_v4_prompt_think_false_b1_pilot18.csv,v4_social_signal,gemma4:e2b,v4_prompt,False,18,648,True,0.0,0.95,0.95,38,5,0.13157894736842105,0.4,0.4666666666666666,0.44000000000000006,5,0.18200000000000002,0.2455605831561735,0.34608455412977257
v4_social_signal_experiment_v4_prompt_think_false_compact_b1_ctx16k_text6k_pilot18,v4_social_signal_experiment_v4_prompt_think_false_compact_b1_ctx16k_text6k_pilot18.csv,v4_social_signal,gemma4:e2b,v4_prompt,False,18,648,True,0.0,0.60,0.6,38,5,0.13157894736842105,0.4,0.4666666666666666,0.36,5,0.23399999999999999,0.27528167392690706,0.7365173493592483
v4_social_signal_experiment_v4_prompt_think_false_compact_b1_ctx16k_text6k_pilot18,v4_social_signal_experiment_v4_prompt_think_false_compact_b1_ctx16k_text6k_pilot18.csv,v4_social_signal,gemma4:e2b,v4_prompt,False,18,648,True,0.0,0.65,0.65,38,5,0.13157894736842105,0.4,0.4666666666666666,0.36,5,0.23399999999999999,0.27528167392690706,0.7365173493592483
v3_social_signal_experiment_social_signal_v5_think_false_qwen35_9b_v5_b1_search237,v3_social_signal_experiment_social_signal_v5_think_false_qwen35_9b_v5_b1_search237.csv,v3_social_signal,qwen3.5:9b,social_signal_v5,False,237,8532,True,0.0,0.35,0.35,656,325,0.4954268292682927,0.5815384615384616,0.4637543133195307,0.5081600254817648,325,0.2062769230769231,0.2471860090638689,0.39172875269892204
v3_social_signal_experiment_social_signal_v5_think_false_qwen35_9b_v5_b1_search237,v3_social_signal_experiment_social_signal_v5_think_false_qwen35_9b_v5_b1_search237.csv,v3_social_signal,qwen3.5:9b,social_signal_v5,False,237,8532,True,0.0,0.40,0.4,656,325,0.4954268292682927,0.5815384615384616,0.4637543133195307,0.5081600254817648,325,0.2062769230769231,0.2471860090638689,0.39172875269892204
prompt_search_search_few_shot_major_v3_gemma4-e2b_5df03950348d_0c3d39008fbb,prompt_search_search_few_shot_major_v3_gemma4-e2b_5df03950348d_0c3d39008fbb.csv,prompt_search,gemma4:e2b,few_shot_major_v3,False,237,8532,True,0.0,default,,656,72,0.10975609756097561,0.6388888888888888,0.4624113475177305,0.5462174940898346,72,0.22305555555555553,0.2871797733515058,0.4227487493296917
v3_social_signal_experiment_social_signal_v5_think_false_qwen35_9b_v5_b1_search237,v3_social_signal_experiment_social_signal_v5_think_false_qwen35_9b_v5_b1_search237.csv,v3_social_signal,qwen3.5:9b,social_signal_v5,False,237,8532,True,0.0,0.45,0.45,656,322,0.49085365853658536,0.577639751552795,0.4562225484489007,0.5018843507797102,322,0.20652173913043478,0.24681322935842684,0.39370904667503914
v3_social_signal_experiment_social_signal_v5_think_false_qwen35_9b_v5_b1_search237,v3_social_signal_experiment_social_signal_v5_think_false_qwen35_9b_v5_b1_search237.csv,v3_social_signal,qwen3.5:9b,social_signal_v5,False,237,8532,True,0.0,0.50,0.5,656,322,0.49085365853658536,0.577639751552795,0.4562225484489007,0.5018843507797102,322,0.20652173913043478,0.24681322935842684,0.39370904667503914
manual_dataset_llm_predictions_gemma4-e2b_social-risk-classification-v1_5df03950348d_033f6fd8763b,manual_dataset_llm_predictions_gemma4-e2b_social-risk-classification-v1_5df03950348d_033f6fd8763b.csv,manual_llm,gemma4:e2b,unknown,False,739,26604,True,1.0,default,,2010,157,0.0781094527363184,0.5796178343949044,0.45607064017660043,0.4655586957438731,157,0.25757961783439487,0.2993879106094771,0.5288057530473992
prompt_search_full_production_v1_gemma4-e2b_5df03950348d_b6a2d2f27b85,prompt_search_full_production_v1_gemma4-e2b_5df03950348d_b6a2d2f27b85.csv,prompt_search,gemma4:e2b,production_v1,False,739,26604,True,,default,,2010,157,0.0781094527363184,0.5796178343949044,0.45607064017660043,0.4655586957438731,157,0.25757961783439487,0.2993879106094771,0.5288057530473992
v3_social_signal_experiment_social_signal_v5_think_false_qwen35_9b_v5_b1_search237,v3_social_signal_experiment_social_signal_v5_think_false_qwen35_9b_v5_b1_search237.csv,v3_social_signal,qwen3.5:9b,social_signal_v5,False,237,8532,True,0.0,0.55,0.55,656,321,0.4893292682926829,0.5763239875389408,0.45578315355843557,0.5004516769674053,321,0.2066355140186916,0.2470152037900234,0.3951294573142077
v3_social_signal_experiment_social_signal_v5_think_false_qwen35_9b_v5_b1_search237,v3_social_signal_experiment_social_signal_v5_think_false_qwen35_9b_v5_b1_search237.csv,v3_social_signal,qwen3.5:9b,social_signal_v5,False,237,8532,True,0.0,0.60,0.6,656,321,0.4893292682926829,0.5763239875389408,0.45578315355843557,0.5004516769674053,321,0.2066355140186916,0.2470152037900234,0.3951294573142077
v3_social_signal_experiment_social_signal_v3_think_false_v3_b1_search237,v3_social_signal_experiment_social_signal_v3_think_false_v3_b1_search237.csv,v3_social_signal,gemma4:e2b,social_signal_v3,False,237,8532,True,8.0,default,,656,184,0.2804878048780488,0.4945652173913043,0.45393931418408323,0.49245629625699655,184,0.24673913043478257,0.30473794872201976,0.3709351195390439
v3_social_signal_experiment_social_signal_v3_think_false_v3_b1_search237,v3_social_signal_experiment_social_signal_v3_think_false_v3_b1_search237.csv,v3_social_signal,gemma4:e2b,social_signal_v3,False,237,8532,True,8.0,0.15,0.15,656,184,0.2804878048780488,0.4945652173913043,0.45393931418408323,0.49245629625699655,184,0.24673913043478257,0.30473794872201976,0.3709351195390439
v3_social_signal_experiment_social_signal_v3_think_false_v3_b1_search237,v3_social_signal_experiment_social_signal_v3_think_false_v3_b1_search237.csv,v3_social_signal,gemma4:e2b,social_signal_v3,False,237,8532,True,8.0,0.20,0.2,656,184,0.2804878048780488,0.4945652173913043,0.45393931418408323,0.49245629625699655,184,0.24673913043478257,0.30473794872201976,0.3709351195390439
v3_social_signal_experiment_social_signal_v3_think_false_v3_b1_search237,v3_social_signal_experiment_social_signal_v3_think_false_v3_b1_search237.csv,v3_social_signal,gemma4:e2b,social_signal_v3,False,237,8532,True,8.0,0.25,0.25,656,184,0.2804878048780488,0.4945652173913043,0.45393931418408323,0.49245629625699655,184,0.24673913043478257,0.30473794872201976,0.3709351195390439
v3_social_signal_experiment_social_signal_v3_think_false_v3_b1_search237,v3_social_signal_experiment_social_signal_v3_think_false_v3_b1_search237.csv,v3_social_signal,gemma4:e2b,social_signal_v3,False,237,8532,True,8.0,0.30,0.3,656,184,0.2804878048780488,0.4945652173913043,0.45393931418408323,0.49245629625699655,184,0.24673913043478257,0.30473794872201976,0.3709351195390439
v3_social_signal_experiment_social_signal_v3_think_false_v3_b1_search237,v3_social_signal_experiment_social_signal_v3_think_false_v3_b1_search237.csv,v3_social_signal,gemma4:e2b,social_signal_v3,False,237,8532,True,8.0,0.05,0.05,656,185,0.2820121951219512,0.4918918918918919,0.45164875526490267,0.4893962206794021,185,0.2462162162162162,0.30411324348812047,0.372277754012694
v3_social_signal_experiment_social_signal_v3_think_false_v3_b1_search237,v3_social_signal_experiment_social_signal_v3_think_false_v3_b1_search237.csv,v3_social_signal,gemma4:e2b,social_signal_v3,False,237,8532,True,8.0,0.10,0.1,656,185,0.2820121951219512,0.4918918918918919,0.45164875526490267,0.4893962206794021,185,0.2462162162162162,0.30411324348812047,0.372277754012694
v4_social_signal_experiment_v4_prompt_think_false_compact_b1_ctx16k_pilot18,v4_social_signal_experiment_v4_prompt_think_false_compact_b1_ctx16k_pilot18.csv,v4_social_signal,gemma4:e2b,v4_prompt,False,18,648,True,0.0,0.60,0.6,38,6,0.15789473684210525,0.3333333333333333,0.4444444444444444,0.3333333333333333,6,0.25333333333333335,0.2890789972769842,0.7077806120071306
v4_social_signal_experiment_v4_prompt_think_false_compact_b1_ctx16k_pilot18,v4_social_signal_experiment_v4_prompt_think_false_compact_b1_ctx16k_pilot18.csv,v4_social_signal,gemma4:e2b,v4_prompt,False,18,648,True,0.0,0.65,0.65,38,6,0.15789473684210525,0.3333333333333333,0.4444444444444444,0.3333333333333333,6,0.25333333333333335,0.2890789972769842,0.7077806120071306
v3_social_signal_experiment_social_signal_v3_think_false_v3_b1_pilot18,v3_social_signal_experiment_social_signal_v3_think_false_v3_b1_pilot18.csv,v3_social_signal,gemma4:e2b,social_signal_v3,False,18,648,True,2.0,0.35,0.35,38,5,0.13157894736842105,0.6,0.4444444444444444,0.5333333333333333,5,0.24000000000000005,0.26412118430750686,0.4261638476710848
v3_social_signal_experiment_social_signal_v3_think_false_v3_b1_pilot18,v3_social_signal_experiment_social_signal_v3_think_false_v3_b1_pilot18.csv,v3_social_signal,gemma4:e2b,social_signal_v3,False,18,648,True,2.0,0.40,0.4,38,5,0.13157894736842105,0.6,0.4444444444444444,0.5333333333333333,5,0.24000000000000005,0.26412118430750686,0.4261638476710848
v3_social_signal_experiment_social_signal_v3_think_false_v3_b1_pilot18,v3_social_signal_experiment_social_signal_v3_think_false_v3_b1_pilot18.csv,v3_social_signal,gemma4:e2b,social_signal_v3,False,18,648,True,2.0,0.45,0.45,38,5,0.13157894736842105,0.6,0.4444444444444444,0.5333333333333333,5,0.24000000000000005,0.26412118430750686,0.4261638476710848
v3_social_signal_experiment_social_signal_v3_think_false_v3_b1_pilot18,v3_social_signal_experiment_social_signal_v3_think_false_v3_b1_pilot18.csv,v3_social_signal,gemma4:e2b,social_signal_v3,False,18,648,True,2.0,0.50,0.5,38,5,0.13157894736842105,0.6,0.4444444444444444,0.5333333333333333,5,0.24000000000000005,0.26412118430750686,0.4261638476710848
v3_social_signal_experiment_social_signal_v3_think_false_v3_b1_pilot18,v3_social_signal_experiment_social_signal_v3_think_false_v3_b1_pilot18.csv,v3_social_signal,gemma4:e2b,social_signal_v3,False,18,648,True,2.0,0.55,0.55,38,5,0.13157894736842105,0.6,0.4444444444444444,0.5333333333333333,5,0.24000000000000005,0.26412118430750686,0.4261638476710848
v3_social_signal_experiment_social_signal_v3_think_false_v3_b1_pilot18,v3_social_signal_experiment_social_signal_v3_think_false_v3_b1_pilot18.csv,v3_social_signal,gemma4:e2b,social_signal_v3,False,18,648,True,2.0,0.60,0.6,38,5,0.13157894736842105,0.6,0.4444444444444444,0.5333333333333333,5,0.24000000000000005,0.26412118430750686,0.4261638476710848
grouped_event_v1_search_think_true,grouped_event_v1_search_think_true.csv,grouped_event,gemma4:e2b,grouped_event_v1,False,237,8532,True,18.0,0.05,0.05,656,208,0.3170731707317073,0.4567307692307692,0.4313806249933994,0.46051684786714725,208,0.3254326923076923,0.3913788495130439,0.19800136378618596
grouped_event_v1_search_think_true,grouped_event_v1_search_think_true.csv,grouped_event,gemma4:e2b,grouped_event_v1,False,237,8532,True,18.0,0.10,0.1,656,208,0.3170731707317073,0.4567307692307692,0.4313806249933994,0.46051684786714725,208,0.3254326923076923,0.3913788495130439,0.19800136378618596
grouped_event_v1_search_think_true,grouped_event_v1_search_think_true.csv,grouped_event,gemma4:e2b,grouped_event_v1,False,237,8532,True,18.0,0.15,0.15,656,208,0.3170731707317073,0.4567307692307692,0.4313806249933994,0.46051684786714725,208,0.3254326923076923,0.3913788495130439,0.19800136378618596
grouped_event_v1_search_think_true,grouped_event_v1_search_think_true.csv,grouped_event,gemma4:e2b,grouped_event_v1,False,237,8532,True,18.0,0.20,0.2,656,208,0.3170731707317073,0.4567307692307692,0.4313806249933994,0.46051684786714725,208,0.3254326923076923,0.3913788495130439,0.19800136378618596
grouped_event_v1_search_think_true,grouped_event_v1_search_think_true.csv,grouped_event,gemma4:e2b,grouped_event_v1,False,237,8532,True,18.0,0.25,0.25,656,208,0.3170731707317073,0.4567307692307692,0.4313806249933994,0.46051684786714725,208,0.3254326923076923,0.3913788495130439,0.19800136378618596
grouped_event_v1_search_think_true,grouped_event_v1_search_think_true.csv,grouped_event,gemma4:e2b,grouped_event_v1,False,237,8532,True,18.0,0.30,0.3,656,208,0.3170731707317073,0.4567307692307692,0.4313806249933994,0.46051684786714725,208,0.3254326923076923,0.3913788495130439,0.19800136378618596
prompt_search_search_production_v1_gemma4-e2b_5df03950348d_b6a2d2f27b85,prompt_search_search_production_v1_gemma4-e2b_5df03950348d_b6a2d2f27b85.csv,prompt_search,gemma4:e2b,production_v1,False,237,8532,True,,default,,656,51,0.07774390243902439,0.5490196078431373,0.42810457516339867,0.44059976931949246,51,0.23980392156862745,0.25988308080033706,0.6849037156497199
v4_social_signal_experiment_v4_prompt_think_false_compact_b1_ctx16k_text6k_pilot18,v4_social_signal_experiment_v4_prompt_think_false_compact_b1_ctx16k_text6k_pilot18.csv,v4_social_signal,gemma4:e2b,v4_prompt,False,18,648,True,0.0,default,,38,8,0.21052631578947367,0.5,0.4222222222222222,0.4666666666666667,8,0.1525,0.2183460556089805,0.6311970745128973
v4_social_signal_experiment_v4_prompt_think_false_compact_b1_ctx16k_text6k_pilot18,v4_social_signal_experiment_v4_prompt_think_false_compact_b1_ctx16k_text6k_pilot18.csv,v4_social_signal,gemma4:e2b,v4_prompt,False,18,648,True,0.0,0.05,0.05,38,8,0.21052631578947367,0.5,0.4222222222222222,0.4666666666666667,8,0.1525,0.2183460556089805,0.6311970745128973
v4_social_signal_experiment_v4_prompt_think_false_compact_b1_ctx16k_text6k_pilot18,v4_social_signal_experiment_v4_prompt_think_false_compact_b1_ctx16k_text6k_pilot18.csv,v4_social_signal,gemma4:e2b,v4_prompt,False,18,648,True,0.0,0.10,0.1,38,8,0.21052631578947367,0.5,0.4222222222222222,0.4666666666666667,8,0.1525,0.2183460556089805,0.6311970745128973
v4_social_signal_experiment_v4_prompt_think_false_compact_b1_ctx16k_text6k_pilot18,v4_social_signal_experiment_v4_prompt_think_false_compact_b1_ctx16k_text6k_pilot18.csv,v4_social_signal,gemma4:e2b,v4_prompt,False,18,648,True,0.0,0.15,0.15,38,8,0.21052631578947367,0.5,0.4222222222222222,0.4666666666666667,8,0.1525,0.2183460556089805,0.6311970745128973
v4_social_signal_experiment_v4_prompt_think_false_compact_b1_ctx16k_text6k_pilot18,v4_social_signal_experiment_v4_prompt_think_false_compact_b1_ctx16k_text6k_pilot18.csv,v4_social_signal,gemma4:e2b,v4_prompt,False,18,648,True,0.0,0.20,0.2,38,8,0.21052631578947367,0.5,0.4222222222222222,0.4666666666666667,8,0.1525,0.2183460556089805,0.6311970745128973
v4_social_signal_experiment_v4_prompt_think_false_compact_b1_ctx16k_text6k_pilot18,v4_social_signal_experiment_v4_prompt_think_false_compact_b1_ctx16k_text6k_pilot18.csv,v4_social_signal,gemma4:e2b,v4_prompt,False,18,648,True,0.0,0.25,0.25,38,8,0.21052631578947367,0.5,0.4222222222222222,0.4666666666666667,8,0.1525,0.2183460556089805,0.6311970745128973
v4_social_signal_experiment_v4_prompt_think_false_compact_b1_ctx16k_text6k_pilot18,v4_social_signal_experiment_v4_prompt_think_false_compact_b1_ctx16k_text6k_pilot18.csv,v4_social_signal,gemma4:e2b,v4_prompt,False,18,648,True,0.0,0.30,0.3,38,8,0.21052631578947367,0.5,0.4222222222222222,0.4666666666666667,8,0.1525,0.2183460556089805,0.6311970745128973
v4_social_signal_experiment_v4_prompt_think_false_compact_b1_ctx16k_text6k_pilot18,v4_social_signal_experiment_v4_prompt_think_false_compact_b1_ctx16k_text6k_pilot18.csv,v4_social_signal,gemma4:e2b,v4_prompt,False,18,648,True,0.0,0.35,0.35,38,8,0.21052631578947367,0.5,0.4222222222222222,0.4666666666666667,8,0.1525,0.2183460556089805,0.6311970745128973
v4_social_signal_experiment_v4_prompt_think_false_compact_b1_ctx16k_text6k_pilot18,v4_social_signal_experiment_v4_prompt_think_false_compact_b1_ctx16k_text6k_pilot18.csv,v4_social_signal,gemma4:e2b,v4_prompt,False,18,648,True,0.0,0.40,0.4,38,8,0.21052631578947367,0.5,0.4222222222222222,0.4666666666666667,8,0.1525,0.2183460556089805,0.6311970745128973
v4_social_signal_experiment_v4_prompt_think_false_compact_b1_ctx16k_text6k_pilot18,v4_social_signal_experiment_v4_prompt_think_false_compact_b1_ctx16k_text6k_pilot18.csv,v4_social_signal,gemma4:e2b,v4_prompt,False,18,648,True,0.0,0.45,0.45,38,8,0.21052631578947367,0.5,0.4222222222222222,0.4666666666666667,8,0.1525,0.2183460556089805,0.6311970745128973
v4_social_signal_experiment_v4_prompt_think_false_compact_b1_ctx16k_text6k_pilot18,v4_social_signal_experiment_v4_prompt_think_false_compact_b1_ctx16k_text6k_pilot18.csv,v4_social_signal,gemma4:e2b,v4_prompt,False,18,648,True,0.0,0.50,0.5,38,8,0.21052631578947367,0.5,0.4222222222222222,0.4666666666666667,8,0.1525,0.2183460556089805,0.6311970745128973
v4_social_signal_experiment_v4_prompt_think_false_compact_b1_ctx16k_text6k_pilot18,v4_social_signal_experiment_v4_prompt_think_false_compact_b1_ctx16k_text6k_pilot18.csv,v4_social_signal,gemma4:e2b,v4_prompt,False,18,648,True,0.0,0.55,0.55,38,8,0.21052631578947367,0.5,0.4222222222222222,0.4666666666666667,8,0.1525,0.2183460556089805,0.6311970745128973
v4_social_signal_experiment_v4_prompt_think_false_compact_b1_ctx16k_pilot18,v4_social_signal_experiment_v4_prompt_think_false_compact_b1_ctx16k_pilot18.csv,v4_social_signal,gemma4:e2b,v4_prompt,False,18,648,True,0.0,default,,38,9,0.23684210526315788,0.4444444444444444,0.404040404040404,0.4511784511784512,9,0.18555555555555558,0.24126978905596763,0.5492971683243332
v4_social_signal_experiment_v4_prompt_think_false_compact_b1_ctx16k_pilot18,v4_social_signal_experiment_v4_prompt_think_false_compact_b1_ctx16k_pilot18.csv,v4_social_signal,gemma4:e2b,v4_prompt,False,18,648,True,0.0,0.05,0.05,38,9,0.23684210526315788,0.4444444444444444,0.404040404040404,0.4511784511784512,9,0.18555555555555558,0.24126978905596763,0.5492971683243332
v4_social_signal_experiment_v4_prompt_think_false_compact_b1_ctx16k_pilot18,v4_social_signal_experiment_v4_prompt_think_false_compact_b1_ctx16k_pilot18.csv,v4_social_signal,gemma4:e2b,v4_prompt,False,18,648,True,0.0,0.10,0.1,38,9,0.23684210526315788,0.4444444444444444,0.404040404040404,0.4511784511784512,9,0.18555555555555558,0.24126978905596763,0.5492971683243332
v4_social_signal_experiment_v4_prompt_think_false_compact_b1_ctx16k_pilot18,v4_social_signal_experiment_v4_prompt_think_false_compact_b1_ctx16k_pilot18.csv,v4_social_signal,gemma4:e2b,v4_prompt,False,18,648,True,0.0,0.15,0.15,38,9,0.23684210526315788,0.4444444444444444,0.404040404040404,0.4511784511784512,9,0.18555555555555558,0.24126978905596763,0.5492971683243332
v4_social_signal_experiment_v4_prompt_think_false_compact_b1_ctx16k_pilot18,v4_social_signal_experiment_v4_prompt_think_false_compact_b1_ctx16k_pilot18.csv,v4_social_signal,gemma4:e2b,v4_prompt,False,18,648,True,0.0,0.20,0.2,38,9,0.23684210526315788,0.4444444444444444,0.404040404040404,0.4511784511784512,9,0.18555555555555558,0.24126978905596763,0.5492971683243332
v4_social_signal_experiment_v4_prompt_think_false_compact_b1_ctx16k_pilot18,v4_social_signal_experiment_v4_prompt_think_false_compact_b1_ctx16k_pilot18.csv,v4_social_signal,gemma4:e2b,v4_prompt,False,18,648,True,0.0,0.25,0.25,38,9,0.23684210526315788,0.4444444444444444,0.404040404040404,0.4511784511784512,9,0.18555555555555558,0.24126978905596763,0.5492971683243332
v4_social_signal_experiment_v4_prompt_think_false_compact_b1_ctx16k_pilot18,v4_social_signal_experiment_v4_prompt_think_false_compact_b1_ctx16k_pilot18.csv,v4_social_signal,gemma4:e2b,v4_prompt,False,18,648,True,0.0,0.30,0.3,38,9,0.23684210526315788,0.4444444444444444,0.404040404040404,0.4511784511784512,9,0.18555555555555558,0.24126978905596763,0.5492971683243332
v4_social_signal_experiment_v4_prompt_think_false_compact_b1_ctx16k_pilot18,v4_social_signal_experiment_v4_prompt_think_false_compact_b1_ctx16k_pilot18.csv,v4_social_signal,gemma4:e2b,v4_prompt,False,18,648,True,0.0,0.35,0.35,38,9,0.23684210526315788,0.4444444444444444,0.404040404040404,0.4511784511784512,9,0.18555555555555558,0.24126978905596763,0.5492971683243332
v4_social_signal_experiment_v4_prompt_think_false_compact_b1_ctx16k_pilot18,v4_social_signal_experiment_v4_prompt_think_false_compact_b1_ctx16k_pilot18.csv,v4_social_signal,gemma4:e2b,v4_prompt,False,18,648,True,0.0,0.40,0.4,38,9,0.23684210526315788,0.4444444444444444,0.404040404040404,0.4511784511784512,9,0.18555555555555558,0.24126978905596763,0.5492971683243332
v4_social_signal_experiment_v4_prompt_think_false_compact_b1_ctx16k_pilot18,v4_social_signal_experiment_v4_prompt_think_false_compact_b1_ctx16k_pilot18.csv,v4_social_signal,gemma4:e2b,v4_prompt,False,18,648,True,0.0,0.45,0.45,38,9,0.23684210526315788,0.4444444444444444,0.404040404040404,0.4511784511784512,9,0.18555555555555558,0.24126978905596763,0.5492971683243332
v4_social_signal_experiment_v4_prompt_think_false_compact_b1_ctx16k_pilot18,v4_social_signal_experiment_v4_prompt_think_false_compact_b1_ctx16k_pilot18.csv,v4_social_signal,gemma4:e2b,v4_prompt,False,18,648,True,0.0,0.50,0.5,38,9,0.23684210526315788,0.4444444444444444,0.404040404040404,0.4511784511784512,9,0.18555555555555558,0.24126978905596763,0.5492971683243332
v4_social_signal_experiment_v4_prompt_think_false_compact_b1_ctx16k_pilot18,v4_social_signal_experiment_v4_prompt_think_false_compact_b1_ctx16k_pilot18.csv,v4_social_signal,gemma4:e2b,v4_prompt,False,18,648,True,0.0,0.55,0.55,38,9,0.23684210526315788,0.4444444444444444,0.404040404040404,0.4511784511784512,9,0.18555555555555558,0.24126978905596763,0.5492971683243332
v4_social_signal_experiment_v4_prompt_think_false_compact_b1_ctx16k_search237.partial,v4_social_signal_experiment_v4_prompt_think_false_compact_b1_ctx16k_search237.partial.csv,v4_social_signal,gemma4:e2b,v4_prompt,True,21,756,True,0.0,0.35,0.35,43,10,0.23255813953488372,0.4,0.38888888888888884,0.3833333333333333,10,0.192,0.23588132609428836,0.45851103032323315
v4_social_signal_experiment_v4_prompt_think_false_compact_b1_ctx16k_search237.partial,v4_social_signal_experiment_v4_prompt_think_false_compact_b1_ctx16k_search237.partial.csv,v4_social_signal,gemma4:e2b,v4_prompt,True,21,756,True,0.0,0.40,0.4,43,10,0.23255813953488372,0.4,0.38888888888888884,0.3833333333333333,10,0.192,0.23588132609428836,0.45851103032323315
v4_social_signal_experiment_v4_prompt_think_false_compact_b1_ctx16k_search237.partial,v4_social_signal_experiment_v4_prompt_think_false_compact_b1_ctx16k_search237.partial.csv,v4_social_signal,gemma4:e2b,v4_prompt,True,21,756,True,0.0,0.45,0.45,43,10,0.23255813953488372,0.4,0.38888888888888884,0.3833333333333333,10,0.192,0.23588132609428836,0.45851103032323315
v4_social_signal_experiment_v4_prompt_think_false_compact_b1_ctx16k_search237.partial,v4_social_signal_experiment_v4_prompt_think_false_compact_b1_ctx16k_search237.partial.csv,v4_social_signal,gemma4:e2b,v4_prompt,True,21,756,True,0.0,0.50,0.5,43,10,0.23255813953488372,0.4,0.38888888888888884,0.3833333333333333,10,0.192,0.23588132609428836,0.45851103032323315
manual_dataset_bert_predictions_full_text_5df03950348d,manual_dataset_bert_predictions_full_text_5df03950348d.csv,other,rubert-nli-zero-shot,unknown,False,739,26604,True,,0.95,0.95,2010,134,0.06666666666666667,0.5,0.3876050420168067,0.42900257117772483,134,0.39163300709441423,0.45591819761487395,0.3183962745068162
manual_dataset_bert_predictions_full_text_5df03950348d,manual_dataset_bert_predictions_full_text_5df03950348d.csv,other,rubert-nli-zero-shot,unknown,False,739,26604,True,,0.05,0.05,2010,1796,0.8935323383084577,0.3680400890868597,0.3619455387218118,0.36812334324488194,1796,0.32105722690863026,0.38921890988867197,0.09248154484455551
manual_dataset_bert_predictions_full_text_5df03950348d,manual_dataset_bert_predictions_full_text_5df03950348d.csv,other,rubert-nli-zero-shot,unknown,False,739,26604,True,,0.90,0.9,2010,262,0.13034825870646766,0.4541984732824427,0.3557030333500922,0.3759010435256506,262,0.4128513229915481,0.4807420173885568,0.21080483966896224
manual_dataset_bert_predictions_full_text_5df03950348d,manual_dataset_bert_predictions_full_text_5df03950348d.csv,other,rubert-nli-zero-shot,unknown,False,739,26604,True,,0.10,0.1,2010,1618,0.8049751243781095,0.37021013597033375,0.3534783678958103,0.36103347779602507,1618,0.3257174043024784,0.39419538051101943,0.08316757961098593
manual_dataset_bert_predictions_full_text_5df03950348d,manual_dataset_bert_predictions_full_text_5df03950348d.csv,other,rubert-nli-zero-shot,unknown,False,739,26604,True,,0.85,0.85,2010,354,0.1761194029850746,0.4378531073446328,0.3405979998390507,0.36638646855269996,354,0.4242662384078742,0.48623705144878954,0.14824845008058712
v3_social_signal_experiment_social_signal_v5_think_false_v5_b1_pilot18,v3_social_signal_experiment_social_signal_v5_think_false_v5_b1_pilot18.csv,v3_social_signal,gemma4:e2b,social_signal_v5,False,18,648,True,0.0,0.65,0.65,38,4,0.10526315789473684,0.5,0.3333333333333333,0.5,4,0.28500000000000003,0.3064310689208913,0.42281313806535187
v3_social_signal_experiment_social_signal_v5_think_false_v5_b1_pilot18,v3_social_signal_experiment_social_signal_v5_think_false_v5_b1_pilot18.csv,v3_social_signal,gemma4:e2b,social_signal_v5,False,18,648,True,0.0,0.70,0.7,38,4,0.10526315789473684,0.5,0.3333333333333333,0.5,4,0.28500000000000003,0.3064310689208913,0.42281313806535187
v3_social_signal_experiment_social_signal_v5_think_false_v5_b1_pilot18,v3_social_signal_experiment_social_signal_v5_think_false_v5_b1_pilot18.csv,v3_social_signal,gemma4:e2b,social_signal_v5,False,18,648,True,0.0,0.75,0.75,38,4,0.10526315789473684,0.5,0.3333333333333333,0.5,4,0.28500000000000003,0.3064310689208913,0.42281313806535187
v3_social_signal_experiment_social_signal_v5_think_false_v5_b1_pilot18,v3_social_signal_experiment_social_signal_v5_think_false_v5_b1_pilot18.csv,v3_social_signal,gemma4:e2b,social_signal_v5,False,18,648,True,0.0,0.80,0.8,38,4,0.10526315789473684,0.5,0.3333333333333333,0.5,4,0.28500000000000003,0.3064310689208913,0.42281313806535187
v3_social_signal_experiment_social_signal_v5_think_false_v5_b1_pilot18,v3_social_signal_experiment_social_signal_v5_think_false_v5_b1_pilot18.csv,v3_social_signal,gemma4:e2b,social_signal_v5,False,18,648,True,0.0,0.85,0.85,38,4,0.10526315789473684,0.5,0.3333333333333333,0.5,4,0.28500000000000003,0.3064310689208913,0.42281313806535187
v3_social_signal_experiment_social_signal_v5_think_false_v5_b1_pilot18,v3_social_signal_experiment_social_signal_v5_think_false_v5_b1_pilot18.csv,v3_social_signal,gemma4:e2b,social_signal_v5,False,18,648,True,0.0,0.90,0.9,38,4,0.10526315789473684,0.5,0.3333333333333333,0.5,4,0.28500000000000003,0.3064310689208913,0.42281313806535187
v4_social_signal_experiment_v4_prompt_think_false_qwen36_35b_iq3_compact_b1_pilot30.partial,v4_social_signal_experiment_v4_prompt_think_false_qwen36_35b_iq3_compact_b1_pilot30.partial.csv,v4_social_signal,batiai/qwen3.6-35b:iq3,v4_prompt,True,4,144,True,0.0,0.70,0.7,12,1,0.08333333333333333,1.0,0.3333333333333333,1.0,1,0.5800000000000001,0.5800000000000001,
v4_social_signal_experiment_v4_prompt_think_false_qwen36_35b_iq3_compact_b1_pilot30.partial,v4_social_signal_experiment_v4_prompt_think_false_qwen36_35b_iq3_compact_b1_pilot30.partial.csv,v4_social_signal,batiai/qwen3.6-35b:iq3,v4_prompt,True,4,144,True,0.0,0.75,0.75,12,1,0.08333333333333333,1.0,0.3333333333333333,1.0,1,0.5800000000000001,0.5800000000000001,
v4_social_signal_experiment_v4_prompt_think_false_qwen36_35b_iq3_compact_b1_pilot30.partial,v4_social_signal_experiment_v4_prompt_think_false_qwen36_35b_iq3_compact_b1_pilot30.partial.csv,v4_social_signal,batiai/qwen3.6-35b:iq3,v4_prompt,True,4,144,True,0.0,0.80,0.8,12,1,0.08333333333333333,1.0,0.3333333333333333,1.0,1,0.5800000000000001,0.5800000000000001,
v4_social_signal_experiment_v4_prompt_think_false_qwen36_35b_iq3_compact_b1_pilot30.partial,v4_social_signal_experiment_v4_prompt_think_false_qwen36_35b_iq3_compact_b1_pilot30.partial.csv,v4_social_signal,batiai/qwen3.6-35b:iq3,v4_prompt,True,4,144,True,0.0,0.85,0.85,12,1,0.08333333333333333,1.0,0.3333333333333333,1.0,1,0.5800000000000001,0.5800000000000001,
v4_social_signal_experiment_v4_prompt_think_false_qwen36_35b_iq3_compact_b1_pilot30.partial,v4_social_signal_experiment_v4_prompt_think_false_qwen36_35b_iq3_compact_b1_pilot30.partial.csv,v4_social_signal,batiai/qwen3.6-35b:iq3,v4_prompt,True,4,144,True,0.0,0.90,0.9,12,1,0.08333333333333333,1.0,0.3333333333333333,1.0,1,0.5800000000000001,0.5800000000000001,
v4_social_signal_experiment_v4_prompt_think_false_qwen36_35b_iq3_compact_b1_pilot30.partial,v4_social_signal_experiment_v4_prompt_think_false_qwen36_35b_iq3_compact_b1_pilot30.partial.csv,v4_social_signal,batiai/qwen3.6-35b:iq3,v4_prompt,True,4,144,True,0.0,0.95,0.95,12,1,0.08333333333333333,1.0,0.3333333333333333,1.0,1,0.5800000000000001,0.5800000000000001,
v3_social_signal_experiment_social_signal_v1_think_false,v3_social_signal_experiment_social_signal_v1_think_false.csv,v3_social_signal,gemma4:e2b,social_signal_v1,False,18,648,True,10.0,0.35,0.35,38,1,0.02631578947368421,1.0,0.3333333333333333,1.0,1,0.09999999999999998,0.09999999999999998,
v3_social_signal_experiment_social_signal_v1_think_false,v3_social_signal_experiment_social_signal_v1_think_false.csv,v3_social_signal,gemma4:e2b,social_signal_v1,False,18,648,True,10.0,0.40,0.4,38,1,0.02631578947368421,1.0,0.3333333333333333,1.0,1,0.09999999999999998,0.09999999999999998,
v3_social_signal_experiment_social_signal_v1_think_false,v3_social_signal_experiment_social_signal_v1_think_false.csv,v3_social_signal,gemma4:e2b,social_signal_v1,False,18,648,True,10.0,0.45,0.45,38,1,0.02631578947368421,1.0,0.3333333333333333,1.0,1,0.09999999999999998,0.09999999999999998,
v3_social_signal_experiment_social_signal_v1_think_false,v3_social_signal_experiment_social_signal_v1_think_false.csv,v3_social_signal,gemma4:e2b,social_signal_v1,False,18,648,True,10.0,0.50,0.5,38,1,0.02631578947368421,1.0,0.3333333333333333,1.0,1,0.09999999999999998,0.09999999999999998,
v3_social_signal_experiment_social_signal_v1_think_false,v3_social_signal_experiment_social_signal_v1_think_false.csv,v3_social_signal,gemma4:e2b,social_signal_v1,False,18,648,True,10.0,0.55,0.55,38,1,0.02631578947368421,1.0,0.3333333333333333,1.0,1,0.09999999999999998,0.09999999999999998,
v3_social_signal_experiment_social_signal_v1_think_false,v3_social_signal_experiment_social_signal_v1_think_false.csv,v3_social_signal,gemma4:e2b,social_signal_v1,False,18,648,True,10.0,0.60,0.6,38,1,0.02631578947368421,1.0,0.3333333333333333,1.0,1,0.09999999999999998,0.09999999999999998,
v3_social_signal_experiment_social_signal_v1_think_false_b1_pilot18,v3_social_signal_experiment_social_signal_v1_think_false_b1_pilot18.csv,v3_social_signal,gemma4:e2b,social_signal_v1,False,18,648,True,7.0,0.35,0.35,38,1,0.02631578947368421,1.0,0.3333333333333333,1.0,1,0.09999999999999998,0.09999999999999998,
v3_social_signal_experiment_social_signal_v1_think_false_b1_pilot18,v3_social_signal_experiment_social_signal_v1_think_false_b1_pilot18.csv,v3_social_signal,gemma4:e2b,social_signal_v1,False,18,648,True,7.0,0.40,0.4,38,1,0.02631578947368421,1.0,0.3333333333333333,1.0,1,0.09999999999999998,0.09999999999999998,
v3_social_signal_experiment_social_signal_v1_think_false_b1_pilot18,v3_social_signal_experiment_social_signal_v1_think_false_b1_pilot18.csv,v3_social_signal,gemma4:e2b,social_signal_v1,False,18,648,True,7.0,0.45,0.45,38,1,0.02631578947368421,1.0,0.3333333333333333,1.0,1,0.09999999999999998,0.09999999999999998,
v3_social_signal_experiment_social_signal_v1_think_false_b1_pilot18,v3_social_signal_experiment_social_signal_v1_think_false_b1_pilot18.csv,v3_social_signal,gemma4:e2b,social_signal_v1,False,18,648,True,7.0,0.50,0.5,38,1,0.02631578947368421,1.0,0.3333333333333333,1.0,1,0.09999999999999998,0.09999999999999998,
v3_social_signal_experiment_social_signal_v1_think_false_b1_pilot18,v3_social_signal_experiment_social_signal_v1_think_false_b1_pilot18.csv,v3_social_signal,gemma4:e2b,social_signal_v1,False,18,648,True,7.0,0.55,0.55,38,1,0.02631578947368421,1.0,0.3333333333333333,1.0,1,0.09999999999999998,0.09999999999999998,
v3_social_signal_experiment_social_signal_v1_think_false_b1_pilot18,v3_social_signal_experiment_social_signal_v1_think_false_b1_pilot18.csv,v3_social_signal,gemma4:e2b,social_signal_v1,False,18,648,True,7.0,0.60,0.6,38,1,0.02631578947368421,1.0,0.3333333333333333,1.0,1,0.09999999999999998,0.09999999999999998,
v3_social_signal_experiment_social_signal_v2_think_false,v3_social_signal_experiment_social_signal_v2_think_false.csv,v3_social_signal,gemma4:e2b,social_signal_v2,False,18,648,True,14.0,0.35,0.35,38,1,0.02631578947368421,1.0,0.3333333333333333,1.0,1,0.09999999999999998,0.09999999999999998,
v3_social_signal_experiment_social_signal_v2_think_false,v3_social_signal_experiment_social_signal_v2_think_false.csv,v3_social_signal,gemma4:e2b,social_signal_v2,False,18,648,True,14.0,0.40,0.4,38,1,0.02631578947368421,1.0,0.3333333333333333,1.0,1,0.09999999999999998,0.09999999999999998,
v3_social_signal_experiment_social_signal_v2_think_false,v3_social_signal_experiment_social_signal_v2_think_false.csv,v3_social_signal,gemma4:e2b,social_signal_v2,False,18,648,True,14.0,0.45,0.45,38,1,0.02631578947368421,1.0,0.3333333333333333,1.0,1,0.09999999999999998,0.09999999999999998,
v3_social_signal_experiment_social_signal_v2_think_false,v3_social_signal_experiment_social_signal_v2_think_false.csv,v3_social_signal,gemma4:e2b,social_signal_v2,False,18,648,True,14.0,0.50,0.5,38,1,0.02631578947368421,1.0,0.3333333333333333,1.0,1,0.09999999999999998,0.09999999999999998,
v3_social_signal_experiment_social_signal_v2_think_false,v3_social_signal_experiment_social_signal_v2_think_false.csv,v3_social_signal,gemma4:e2b,social_signal_v2,False,18,648,True,14.0,0.55,0.55,38,1,0.02631578947368421,1.0,0.3333333333333333,1.0,1,0.09999999999999998,0.09999999999999998,
v3_social_signal_experiment_social_signal_v2_think_false,v3_social_signal_experiment_social_signal_v2_think_false.csv,v3_social_signal,gemma4:e2b,social_signal_v2,False,18,648,True,14.0,0.60,0.6,38,1,0.02631578947368421,1.0,0.3333333333333333,1.0,1,0.09999999999999998,0.09999999999999998,
v3_social_signal_experiment_social_signal_v2_think_false_b1_pilot18,v3_social_signal_experiment_social_signal_v2_think_false_b1_pilot18.csv,v3_social_signal,gemma4:e2b,social_signal_v2,False,18,648,True,11.0,0.35,0.35,38,1,0.02631578947368421,1.0,0.3333333333333333,1.0,1,0.09999999999999998,0.09999999999999998,
v3_social_signal_experiment_social_signal_v2_think_false_b1_pilot18,v3_social_signal_experiment_social_signal_v2_think_false_b1_pilot18.csv,v3_social_signal,gemma4:e2b,social_signal_v2,False,18,648,True,11.0,0.40,0.4,38,1,0.02631578947368421,1.0,0.3333333333333333,1.0,1,0.09999999999999998,0.09999999999999998,
v3_social_signal_experiment_social_signal_v2_think_false_b1_pilot18,v3_social_signal_experiment_social_signal_v2_think_false_b1_pilot18.csv,v3_social_signal,gemma4:e2b,social_signal_v2,False,18,648,True,11.0,0.45,0.45,38,1,0.02631578947368421,1.0,0.3333333333333333,1.0,1,0.09999999999999998,0.09999999999999998,
v3_social_signal_experiment_social_signal_v2_think_false_b1_pilot18,v3_social_signal_experiment_social_signal_v2_think_false_b1_pilot18.csv,v3_social_signal,gemma4:e2b,social_signal_v2,False,18,648,True,11.0,0.50,0.5,38,1,0.02631578947368421,1.0,0.3333333333333333,1.0,1,0.09999999999999998,0.09999999999999998,
v3_social_signal_experiment_social_signal_v2_think_false_b1_pilot18,v3_social_signal_experiment_social_signal_v2_think_false_b1_pilot18.csv,v3_social_signal,gemma4:e2b,social_signal_v2,False,18,648,True,11.0,0.55,0.55,38,1,0.02631578947368421,1.0,0.3333333333333333,1.0,1,0.09999999999999998,0.09999999999999998,
v3_social_signal_experiment_social_signal_v2_think_false_b1_pilot18,v3_social_signal_experiment_social_signal_v2_think_false_b1_pilot18.csv,v3_social_signal,gemma4:e2b,social_signal_v2,False,18,648,True,11.0,0.60,0.6,38,1,0.02631578947368421,1.0,0.3333333333333333,1.0,1,0.09999999999999998,0.09999999999999998,
v3_social_signal_experiment_social_signal_v3_think_false_v3_b1_pilot18,v3_social_signal_experiment_social_signal_v3_think_false_v3_b1_pilot18.csv,v3_social_signal,gemma4:e2b,social_signal_v3,False,18,648,True,2.0,0.65,0.65,38,1,0.02631578947368421,1.0,0.3333333333333333,1.0,1,0.3,0.3,
v3_social_signal_experiment_social_signal_v3_think_false_v3_b1_pilot18,v3_social_signal_experiment_social_signal_v3_think_false_v3_b1_pilot18.csv,v3_social_signal,gemma4:e2b,social_signal_v3,False,18,648,True,2.0,0.70,0.7,38,1,0.02631578947368421,1.0,0.3333333333333333,1.0,1,0.3,0.3,
v3_social_signal_experiment_social_signal_v3_think_false_v3_b1_pilot18,v3_social_signal_experiment_social_signal_v3_think_false_v3_b1_pilot18.csv,v3_social_signal,gemma4:e2b,social_signal_v3,False,18,648,True,2.0,0.75,0.75,38,1,0.02631578947368421,1.0,0.3333333333333333,1.0,1,0.3,0.3,
v3_social_signal_experiment_social_signal_v3_think_false_v3_b1_pilot18,v3_social_signal_experiment_social_signal_v3_think_false_v3_b1_pilot18.csv,v3_social_signal,gemma4:e2b,social_signal_v3,False,18,648,True,2.0,0.80,0.8,38,1,0.02631578947368421,1.0,0.3333333333333333,1.0,1,0.3,0.3,
v3_social_signal_experiment_social_signal_v3_think_false_v3_b1_pilot18,v3_social_signal_experiment_social_signal_v3_think_false_v3_b1_pilot18.csv,v3_social_signal,gemma4:e2b,social_signal_v3,False,18,648,True,2.0,0.85,0.85,38,1,0.02631578947368421,1.0,0.3333333333333333,1.0,1,0.3,0.3,
v3_social_signal_experiment_social_signal_v3_think_false_v3_b1_pilot18,v3_social_signal_experiment_social_signal_v3_think_false_v3_b1_pilot18.csv,v3_social_signal,gemma4:e2b,social_signal_v3,False,18,648,True,2.0,0.90,0.9,38,1,0.02631578947368421,1.0,0.3333333333333333,1.0,1,0.3,0.3,
thinking_recall_experiment_recall_max_v1_think_false,thinking_recall_experiment_recall_max_v1_think_false.csv,thinking_recall,gemma4:e2b,recall_max_v1,False,237,8532,True,0.0,0.95,0.95,656,2,0.003048780487804878,0.5,0.3333333333333333,0.5,2,0.325,0.34820970692960296,1.0
grouped_event_v1_search_think_true,grouped_event_v1_search_think_true.csv,grouped_event,gemma4:e2b,grouped_event_v1,False,237,8532,True,18.0,0.95,0.95,656,1,0.001524390243902439,1.0,0.3333333333333333,1.0,1,0.22,0.22,
prompt_search_search_production_v1_gemma4-e2b_5df03950348d_b6a2d2f27b85,prompt_search_search_production_v1_gemma4-e2b_5df03950348d_b6a2d2f27b85.csv,prompt_search,gemma4:e2b,production_v1,False,237,8532,True,,0.65,0.65,656,1,0.001524390243902439,1.0,0.3333333333333333,1.0,1,0.19999999999999996,0.19999999999999996,
prompt_search_search_production_v1_gemma4-e2b_5df03950348d_b6a2d2f27b85,prompt_search_search_production_v1_gemma4-e2b_5df03950348d_b6a2d2f27b85.csv,prompt_search,gemma4:e2b,production_v1,False,237,8532,True,,0.70,0.7,656,1,0.001524390243902439,1.0,0.3333333333333333,1.0,1,0.19999999999999996,0.19999999999999996,
prompt_search_search_production_v1_gemma4-e2b_5df03950348d_b6a2d2f27b85,prompt_search_search_production_v1_gemma4-e2b_5df03950348d_b6a2d2f27b85.csv,prompt_search,gemma4:e2b,production_v1,False,237,8532,True,,0.75,0.75,656,1,0.001524390243902439,1.0,0.3333333333333333,1.0,1,0.19999999999999996,0.19999999999999996,
prompt_search_search_production_v1_gemma4-e2b_5df03950348d_b6a2d2f27b85,prompt_search_search_production_v1_gemma4-e2b_5df03950348d_b6a2d2f27b85.csv,prompt_search,gemma4:e2b,production_v1,False,237,8532,True,,0.80,0.8,656,1,0.001524390243902439,1.0,0.3333333333333333,1.0,1,0.19999999999999996,0.19999999999999996,
prompt_search_search_production_v1_gemma4-e2b_5df03950348d_b6a2d2f27b85,prompt_search_search_production_v1_gemma4-e2b_5df03950348d_b6a2d2f27b85.csv,prompt_search,gemma4:e2b,production_v1,False,237,8532,True,,0.85,0.85,656,1,0.001524390243902439,1.0,0.3333333333333333,1.0,1,0.19999999999999996,0.19999999999999996,
prompt_search_search_production_v1_gemma4-e2b_5df03950348d_b6a2d2f27b85,prompt_search_search_production_v1_gemma4-e2b_5df03950348d_b6a2d2f27b85.csv,prompt_search,gemma4:e2b,production_v1,False,237,8532,True,,0.90,0.9,656,1,0.001524390243902439,1.0,0.3333333333333333,1.0,1,0.19999999999999996,0.19999999999999996,
prompt_search_search_production_v1_gemma4-e2b_5df03950348d_b6a2d2f27b85,prompt_search_search_production_v1_gemma4-e2b_5df03950348d_b6a2d2f27b85.csv,prompt_search,gemma4:e2b,production_v1,False,237,8532,True,,0.95,0.95,656,1,0.001524390243902439,1.0,0.3333333333333333,1.0,1,0.19999999999999996,0.19999999999999996,
thinking_recall_experiment_recall_max_v1_think_true,thinking_recall_experiment_recall_max_v1_think_true.csv,thinking_recall,gemma4:e2b,recall_max_v1,False,237,8532,True,0.0,0.95,0.95,656,1,0.001524390243902439,1.0,0.3333333333333333,1.0,1,0.30000000000000004,0.30000000000000004,
manual_dataset_bert_predictions_full_text_5df03950348d,manual_dataset_bert_predictions_full_text_5df03950348d.csv,other,rubert-nli-zero-shot,unknown,False,739,26604,True,,0.80,0.8,2010,424,0.2109452736318408,0.4221698113207547,0.3301156554887898,0.35014025681443306,424,0.4200496954922472,0.4831768686791134,0.1390527186597746
manual_dataset_bert_predictions_full_text_5df03950348d,manual_dataset_bert_predictions_full_text_5df03950348d.csv,other,rubert-nli-zero-shot,unknown,False,739,26604,True,,0.15,0.15,2010,1476,0.7343283582089553,0.3678861788617886,0.32797220821248546,0.3389130090320669,1476,0.33078253199269164,0.39948373298012185,0.07926519633382613
v4_social_signal_experiment_v4_prompt_think_false_compact_b1_ctx16k_search237.partial,v4_social_signal_experiment_v4_prompt_think_false_compact_b1_ctx16k_search237.partial.csv,v4_social_signal,gemma4:e2b,v4_prompt,True,21,756,True,0.0,default,,43,11,0.2558139534883721,0.36363636363636365,0.32051282051282054,0.3461538461538462,11,0.18818181818181817,0.22940634848947125,0.47055421605551667
v4_social_signal_experiment_v4_prompt_think_false_compact_b1_ctx16k_search237.partial,v4_social_signal_experiment_v4_prompt_think_false_compact_b1_ctx16k_search237.partial.csv,v4_social_signal,gemma4:e2b,v4_prompt,True,21,756,True,0.0,0.05,0.05,43,11,0.2558139534883721,0.36363636363636365,0.32051282051282054,0.3461538461538462,11,0.18818181818181817,0.22940634848947125,0.47055421605551667
v4_social_signal_experiment_v4_prompt_think_false_compact_b1_ctx16k_search237.partial,v4_social_signal_experiment_v4_prompt_think_false_compact_b1_ctx16k_search237.partial.csv,v4_social_signal,gemma4:e2b,v4_prompt,True,21,756,True,0.0,0.10,0.1,43,11,0.2558139534883721,0.36363636363636365,0.32051282051282054,0.3461538461538462,11,0.18818181818181817,0.22940634848947125,0.47055421605551667
v4_social_signal_experiment_v4_prompt_think_false_compact_b1_ctx16k_search237.partial,v4_social_signal_experiment_v4_prompt_think_false_compact_b1_ctx16k_search237.partial.csv,v4_social_signal,gemma4:e2b,v4_prompt,True,21,756,True,0.0,0.15,0.15,43,11,0.2558139534883721,0.36363636363636365,0.32051282051282054,0.3461538461538462,11,0.18818181818181817,0.22940634848947125,0.47055421605551667
v4_social_signal_experiment_v4_prompt_think_false_compact_b1_ctx16k_search237.partial,v4_social_signal_experiment_v4_prompt_think_false_compact_b1_ctx16k_search237.partial.csv,v4_social_signal,gemma4:e2b,v4_prompt,True,21,756,True,0.0,0.20,0.2,43,11,0.2558139534883721,0.36363636363636365,0.32051282051282054,0.3461538461538462,11,0.18818181818181817,0.22940634848947125,0.47055421605551667
v4_social_signal_experiment_v4_prompt_think_false_compact_b1_ctx16k_search237.partial,v4_social_signal_experiment_v4_prompt_think_false_compact_b1_ctx16k_search237.partial.csv,v4_social_signal,gemma4:e2b,v4_prompt,True,21,756,True,0.0,0.25,0.25,43,11,0.2558139534883721,0.36363636363636365,0.32051282051282054,0.3461538461538462,11,0.18818181818181817,0.22940634848947125,0.47055421605551667
v4_social_signal_experiment_v4_prompt_think_false_compact_b1_ctx16k_search237.partial,v4_social_signal_experiment_v4_prompt_think_false_compact_b1_ctx16k_search237.partial.csv,v4_social_signal,gemma4:e2b,v4_prompt,True,21,756,True,0.0,0.30,0.3,43,11,0.2558139534883721,0.36363636363636365,0.32051282051282054,0.3461538461538462,11,0.18818181818181817,0.22940634848947125,0.47055421605551667
manual_dataset_bert_predictions_full_text_5df03950348d,manual_dataset_bert_predictions_full_text_5df03950348d.csv,other,rubert-nli-zero-shot,unknown,False,739,26604,True,,0.70,0.7,2010,571,0.2840796019900497,0.4028021015761821,0.3155387441664099,0.3325161776031986,571,0.4117684815444049,0.4730252321865185,0.10093617841485444
v3_social_signal_experiment_social_signal_v3_think_false_v3_b1_pilot18,v3_social_signal_experiment_social_signal_v3_think_false_v3_b1_pilot18.csv,v3_social_signal,gemma4:e2b,social_signal_v3,False,18,648,True,2.0,default,,38,8,0.21052631578947367,0.375,0.3148148148148148,0.29166666666666663,8,0.28,0.3093137565644309,0.30055111492708503
v3_social_signal_experiment_social_signal_v3_think_false_v3_b1_pilot18,v3_social_signal_experiment_social_signal_v3_think_false_v3_b1_pilot18.csv,v3_social_signal,gemma4:e2b,social_signal_v3,False,18,648,True,2.0,0.05,0.05,38,8,0.21052631578947367,0.375,0.3148148148148148,0.29166666666666663,8,0.28,0.3093137565644309,0.30055111492708503
v3_social_signal_experiment_social_signal_v3_think_false_v3_b1_pilot18,v3_social_signal_experiment_social_signal_v3_think_false_v3_b1_pilot18.csv,v3_social_signal,gemma4:e2b,social_signal_v3,False,18,648,True,2.0,0.10,0.1,38,8,0.21052631578947367,0.375,0.3148148148148148,0.29166666666666663,8,0.28,0.3093137565644309,0.30055111492708503
v3_social_signal_experiment_social_signal_v3_think_false_v3_b1_pilot18,v3_social_signal_experiment_social_signal_v3_think_false_v3_b1_pilot18.csv,v3_social_signal,gemma4:e2b,social_signal_v3,False,18,648,True,2.0,0.15,0.15,38,8,0.21052631578947367,0.375,0.3148148148148148,0.29166666666666663,8,0.28,0.3093137565644309,0.30055111492708503
v3_social_signal_experiment_social_signal_v3_think_false_v3_b1_pilot18,v3_social_signal_experiment_social_signal_v3_think_false_v3_b1_pilot18.csv,v3_social_signal,gemma4:e2b,social_signal_v3,False,18,648,True,2.0,0.20,0.2,38,8,0.21052631578947367,0.375,0.3148148148148148,0.29166666666666663,8,0.28,0.3093137565644309,0.30055111492708503
v3_social_signal_experiment_social_signal_v3_think_false_v3_b1_pilot18,v3_social_signal_experiment_social_signal_v3_think_false_v3_b1_pilot18.csv,v3_social_signal,gemma4:e2b,social_signal_v3,False,18,648,True,2.0,0.25,0.25,38,8,0.21052631578947367,0.375,0.3148148148148148,0.29166666666666663,8,0.28,0.3093137565644309,0.30055111492708503
v3_social_signal_experiment_social_signal_v3_think_false_v3_b1_pilot18,v3_social_signal_experiment_social_signal_v3_think_false_v3_b1_pilot18.csv,v3_social_signal,gemma4:e2b,social_signal_v3,False,18,648,True,2.0,0.30,0.3,38,8,0.21052631578947367,0.375,0.3148148148148148,0.29166666666666663,8,0.28,0.3093137565644309,0.30055111492708503
manual_dataset_bert_predictions_full_text_5df03950348d,manual_dataset_bert_predictions_full_text_5df03950348d.csv,other,rubert-nli-zero-shot,unknown,False,739,26604,True,,0.75,0.75,2010,505,0.2512437810945274,0.4,0.31406752765901175,0.3294042429323375,505,0.4187796078038468,0.4801628904475536,0.10388210491493131
manual_dataset_bert_predictions_full_text_5df03950348d,manual_dataset_bert_predictions_full_text_5df03950348d.csv,other,rubert-nli-zero-shot,unknown,False,739,26604,True,,0.55,0.55,2010,799,0.39751243781094525,0.39173967459324155,0.3070695480334034,0.3230754832908127,799,0.3848777766916393,0.44772542322108955,0.08645010915212
manual_dataset_bert_predictions_full_text_5df03950348d,manual_dataset_bert_predictions_full_text_5df03950348d.csv,other,rubert-nli-zero-shot,unknown,False,739,26604,True,,0.65,0.65,2010,633,0.31492537313432833,0.3902053712480253,0.30679472597834784,0.32044521560064704,633,0.4093603020192262,0.4697133007926838,0.0773158652532672
manual_dataset_bert_predictions_full_text_5df03950348d,manual_dataset_bert_predictions_full_text_5df03950348d.csv,other,rubert-nli-zero-shot,unknown,False,739,26604,True,,0.60,0.6,2010,716,0.3562189054726368,0.388268156424581,0.30529299518516056,0.3188230792858771,716,0.39615529137841843,0.4579281999724637,0.08254790188069377
manual_dataset_bert_predictions_full_text_5df03950348d,manual_dataset_bert_predictions_full_text_5df03950348d.csv,other,rubert-nli-zero-shot,unknown,False,739,26604,True,,0.50,0.5,2010,867,0.43134328358208956,0.3817762399077278,0.29991307508732,0.31412188311024614,867,0.37884802228996045,0.44163498527506867,0.08156052171195995
manual_dataset_bert_predictions_full_text_5df03950348d,manual_dataset_bert_predictions_full_text_5df03950348d.csv,other,rubert-nli-zero-shot,unknown,False,739,26604,True,,0.45,0.45,2010,959,0.4771144278606965,0.3806047966631908,0.29794388342298855,0.3146611712300521,959,0.3713533442664538,0.4354246603205248,0.0664883398128406
manual_dataset_bert_predictions_full_text_5df03950348d,manual_dataset_bert_predictions_full_text_5df03950348d.csv,other,rubert-nli-zero-shot,unknown,False,739,26604,True,,0.35,0.35,2010,1108,0.5512437810945273,0.37725631768953066,0.29454078355812463,0.31307881722000797,1108,0.3570190633139801,0.42265264181955836,0.06537381267204953
manual_dataset_bert_predictions_full_text_5df03950348d,manual_dataset_bert_predictions_full_text_5df03950348d.csv,other,rubert-nli-zero-shot,unknown,False,739,26604,True,,default,,2010,1182,0.5880597014925373,0.37648054145516074,0.29413553600257986,0.31199455799718584,1182,0.34966457347593866,0.41606785419078646,0.06537471225507752
manual_dataset_bert_predictions_full_text_5df03950348d,manual_dataset_bert_predictions_full_text_5df03950348d.csv,other,rubert-nli-zero-shot,unknown,False,739,26604,True,,0.30,0.3,2010,1182,0.5880597014925373,0.37648054145516074,0.29413553600257986,0.31199455799718584,1182,0.34966457347593866,0.41606785419078646,0.06537471225507752
manual_dataset_bert_predictions_full_text_5df03950348d,manual_dataset_bert_predictions_full_text_5df03950348d.csv,other,rubert-nli-zero-shot,unknown,False,739,26604,True,,0.40,0.4,2010,1028,0.5114427860696518,0.3764591439688716,0.29396220112707017,0.3123220203980488,1028,0.3651566942162964,0.430147822589072,0.058908889238663206
manual_dataset_bert_predictions_full_text_5df03950348d,manual_dataset_bert_predictions_full_text_5df03950348d.csv,other,rubert-nli-zero-shot,unknown,False,739,26604,True,,0.25,0.25,2010,1274,0.6338308457711442,0.3728414442700157,0.2914815948007554,0.30903889759192327,1274,0.34268088165684524,0.4097697602733883,0.06737261891160023
manual_dataset_bert_predictions_full_text_5df03950348d,manual_dataset_bert_predictions_full_text_5df03950348d.csv,other,rubert-nli-zero-shot,unknown,False,739,26604,True,,0.20,0.2,2010,1362,0.6776119402985075,0.3671071953010279,0.2876728449543984,0.3035524830443782,1362,0.33682004381570535,0.4047522761164913,0.07158349491643412
v3_social_signal_experiment_social_signal_v5_think_false_v5_b1_pilot18,v3_social_signal_experiment_social_signal_v5_think_false_v5_b1_pilot18.csv,v3_social_signal,gemma4:e2b,social_signal_v5,False,18,648,True,0.0,0.35,0.35,38,6,0.15789473684210525,0.3333333333333333,0.24444444444444446,0.3,6,0.26166666666666666,0.2950988534937629,0.2842525012425997
v3_social_signal_experiment_social_signal_v5_think_false_v5_b1_pilot18,v3_social_signal_experiment_social_signal_v5_think_false_v5_b1_pilot18.csv,v3_social_signal,gemma4:e2b,social_signal_v5,False,18,648,True,0.0,0.40,0.4,38,6,0.15789473684210525,0.3333333333333333,0.24444444444444446,0.3,6,0.26166666666666666,0.2950988534937629,0.2842525012425997
v3_social_signal_experiment_social_signal_v5_think_false_v5_b1_pilot18,v3_social_signal_experiment_social_signal_v5_think_false_v5_b1_pilot18.csv,v3_social_signal,gemma4:e2b,social_signal_v5,False,18,648,True,0.0,0.45,0.45,38,6,0.15789473684210525,0.3333333333333333,0.24444444444444446,0.3,6,0.26166666666666666,0.2950988534937629,0.2842525012425997
v3_social_signal_experiment_social_signal_v5_think_false_v5_b1_pilot18,v3_social_signal_experiment_social_signal_v5_think_false_v5_b1_pilot18.csv,v3_social_signal,gemma4:e2b,social_signal_v5,False,18,648,True,0.0,0.50,0.5,38,6,0.15789473684210525,0.3333333333333333,0.24444444444444446,0.3,6,0.26166666666666666,0.2950988534937629,0.2842525012425997
v3_social_signal_experiment_social_signal_v5_think_false_v5_b1_pilot18,v3_social_signal_experiment_social_signal_v5_think_false_v5_b1_pilot18.csv,v3_social_signal,gemma4:e2b,social_signal_v5,False,18,648,True,0.0,0.55,0.55,38,6,0.15789473684210525,0.3333333333333333,0.24444444444444446,0.3,6,0.26166666666666666,0.2950988534937629,0.2842525012425997
v3_social_signal_experiment_social_signal_v5_think_false_v5_b1_pilot18,v3_social_signal_experiment_social_signal_v5_think_false_v5_b1_pilot18.csv,v3_social_signal,gemma4:e2b,social_signal_v5,False,18,648,True,0.0,0.60,0.6,38,6,0.15789473684210525,0.3333333333333333,0.24444444444444446,0.3,6,0.26166666666666666,0.2950988534937629,0.2842525012425997
v3_social_signal_experiment_social_signal_v5_think_false_v5_b1_pilot18,v3_social_signal_experiment_social_signal_v5_think_false_v5_b1_pilot18.csv,v3_social_signal,gemma4:e2b,social_signal_v5,False,18,648,True,0.0,default,,38,8,0.21052631578947367,0.25,0.19444444444444442,0.21875,8,0.29500000000000004,0.33102114736070865,0.17096791413815457
v3_social_signal_experiment_social_signal_v5_think_false_v5_b1_pilot18,v3_social_signal_experiment_social_signal_v5_think_false_v5_b1_pilot18.csv,v3_social_signal,gemma4:e2b,social_signal_v5,False,18,648,True,0.0,0.05,0.05,38,8,0.21052631578947367,0.25,0.19444444444444442,0.21875,8,0.29500000000000004,0.33102114736070865,0.17096791413815457
v3_social_signal_experiment_social_signal_v5_think_false_v5_b1_pilot18,v3_social_signal_experiment_social_signal_v5_think_false_v5_b1_pilot18.csv,v3_social_signal,gemma4:e2b,social_signal_v5,False,18,648,True,0.0,0.10,0.1,38,8,0.21052631578947367,0.25,0.19444444444444442,0.21875,8,0.29500000000000004,0.33102114736070865,0.17096791413815457
v3_social_signal_experiment_social_signal_v5_think_false_v5_b1_pilot18,v3_social_signal_experiment_social_signal_v5_think_false_v5_b1_pilot18.csv,v3_social_signal,gemma4:e2b,social_signal_v5,False,18,648,True,0.0,0.15,0.15,38,8,0.21052631578947367,0.25,0.19444444444444442,0.21875,8,0.29500000000000004,0.33102114736070865,0.17096791413815457
v3_social_signal_experiment_social_signal_v5_think_false_v5_b1_pilot18,v3_social_signal_experiment_social_signal_v5_think_false_v5_b1_pilot18.csv,v3_social_signal,gemma4:e2b,social_signal_v5,False,18,648,True,0.0,0.20,0.2,38,8,0.21052631578947367,0.25,0.19444444444444442,0.21875,8,0.29500000000000004,0.33102114736070865,0.17096791413815457
v3_social_signal_experiment_social_signal_v5_think_false_v5_b1_pilot18,v3_social_signal_experiment_social_signal_v5_think_false_v5_b1_pilot18.csv,v3_social_signal,gemma4:e2b,social_signal_v5,False,18,648,True,0.0,0.25,0.25,38,8,0.21052631578947367,0.25,0.19444444444444442,0.21875,8,0.29500000000000004,0.33102114736070865,0.17096791413815457
v3_social_signal_experiment_social_signal_v5_think_false_v5_b1_pilot18,v3_social_signal_experiment_social_signal_v5_think_false_v5_b1_pilot18.csv,v3_social_signal,gemma4:e2b,social_signal_v5,False,18,648,True,0.0,0.30,0.3,38,8,0.21052631578947367,0.25,0.19444444444444442,0.21875,8,0.29500000000000004,0.33102114736070865,0.17096791413815457
v4_social_signal_experiment_v4_prompt_think_false_qwen36_35b_iq3_compact_b1_pilot30.partial,v4_social_signal_experiment_v4_prompt_think_false_qwen36_35b_iq3_compact_b1_pilot30.partial.csv,v4_social_signal,batiai/qwen3.6-35b:iq3,v4_prompt,True,4,144,True,0.0,0.65,0.65,12,3,0.25,0.3333333333333333,0.16666666666666666,0.3333333333333333,3,0.3566666666666667,0.3900854607219637,-0.8506467863124819
v3_social_signal_experiment_social_signal_v2_think_false,v3_social_signal_experiment_social_signal_v2_think_false.csv,v3_social_signal,gemma4:e2b,social_signal_v2,False,18,648,True,14.0,default,,38,3,0.07894736842105263,0.3333333333333333,0.16666666666666666,0.3333333333333333,3,0.34,0.3855731664245668,-0.09692585856307472
v3_social_signal_experiment_social_signal_v2_think_false,v3_social_signal_experiment_social_signal_v2_think_false.csv,v3_social_signal,gemma4:e2b,social_signal_v2,False,18,648,True,14.0,0.05,0.05,38,3,0.07894736842105263,0.3333333333333333,0.16666666666666666,0.3333333333333333,3,0.34,0.3855731664245668,-0.09692585856307472
v3_social_signal_experiment_social_signal_v2_think_false,v3_social_signal_experiment_social_signal_v2_think_false.csv,v3_social_signal,gemma4:e2b,social_signal_v2,False,18,648,True,14.0,0.10,0.1,38,3,0.07894736842105263,0.3333333333333333,0.16666666666666666,0.3333333333333333,3,0.34,0.3855731664245668,-0.09692585856307472
v3_social_signal_experiment_social_signal_v2_think_false,v3_social_signal_experiment_social_signal_v2_think_false.csv,v3_social_signal,gemma4:e2b,social_signal_v2,False,18,648,True,14.0,0.15,0.15,38,3,0.07894736842105263,0.3333333333333333,0.16666666666666666,0.3333333333333333,3,0.34,0.3855731664245668,-0.09692585856307472
v3_social_signal_experiment_social_signal_v2_think_false,v3_social_signal_experiment_social_signal_v2_think_false.csv,v3_social_signal,gemma4:e2b,social_signal_v2,False,18,648,True,14.0,0.20,0.2,38,3,0.07894736842105263,0.3333333333333333,0.16666666666666666,0.3333333333333333,3,0.34,0.3855731664245668,-0.09692585856307472
v3_social_signal_experiment_social_signal_v2_think_false,v3_social_signal_experiment_social_signal_v2_think_false.csv,v3_social_signal,gemma4:e2b,social_signal_v2,False,18,648,True,14.0,0.25,0.25,38,3,0.07894736842105263,0.3333333333333333,0.16666666666666666,0.3333333333333333,3,0.34,0.3855731664245668,-0.09692585856307472
v3_social_signal_experiment_social_signal_v2_think_false,v3_social_signal_experiment_social_signal_v2_think_false.csv,v3_social_signal,gemma4:e2b,social_signal_v2,False,18,648,True,14.0,0.30,0.3,38,3,0.07894736842105263,0.3333333333333333,0.16666666666666666,0.3333333333333333,3,0.34,0.3855731664245668,-0.09692585856307472
v3_social_signal_experiment_social_signal_v2_think_false_b1_pilot18,v3_social_signal_experiment_social_signal_v2_think_false_b1_pilot18.csv,v3_social_signal,gemma4:e2b,social_signal_v2,False,18,648,True,11.0,default,,38,3,0.07894736842105263,0.3333333333333333,0.16666666666666666,0.3333333333333333,3,0.34,0.3855731664245668,-0.09692585856307472
v3_social_signal_experiment_social_signal_v2_think_false_b1_pilot18,v3_social_signal_experiment_social_signal_v2_think_false_b1_pilot18.csv,v3_social_signal,gemma4:e2b,social_signal_v2,False,18,648,True,11.0,0.05,0.05,38,3,0.07894736842105263,0.3333333333333333,0.16666666666666666,0.3333333333333333,3,0.34,0.3855731664245668,-0.09692585856307472
v3_social_signal_experiment_social_signal_v2_think_false_b1_pilot18,v3_social_signal_experiment_social_signal_v2_think_false_b1_pilot18.csv,v3_social_signal,gemma4:e2b,social_signal_v2,False,18,648,True,11.0,0.10,0.1,38,3,0.07894736842105263,0.3333333333333333,0.16666666666666666,0.3333333333333333,3,0.34,0.3855731664245668,-0.09692585856307472
v3_social_signal_experiment_social_signal_v2_think_false_b1_pilot18,v3_social_signal_experiment_social_signal_v2_think_false_b1_pilot18.csv,v3_social_signal,gemma4:e2b,social_signal_v2,False,18,648,True,11.0,0.15,0.15,38,3,0.07894736842105263,0.3333333333333333,0.16666666666666666,0.3333333333333333,3,0.34,0.3855731664245668,-0.09692585856307472
v3_social_signal_experiment_social_signal_v2_think_false_b1_pilot18,v3_social_signal_experiment_social_signal_v2_think_false_b1_pilot18.csv,v3_social_signal,gemma4:e2b,social_signal_v2,False,18,648,True,11.0,0.20,0.2,38,3,0.07894736842105263,0.3333333333333333,0.16666666666666666,0.3333333333333333,3,0.34,0.3855731664245668,-0.09692585856307472
v3_social_signal_experiment_social_signal_v2_think_false_b1_pilot18,v3_social_signal_experiment_social_signal_v2_think_false_b1_pilot18.csv,v3_social_signal,gemma4:e2b,social_signal_v2,False,18,648,True,11.0,0.25,0.25,38,3,0.07894736842105263,0.3333333333333333,0.16666666666666666,0.3333333333333333,3,0.34,0.3855731664245668,-0.09692585856307472
v3_social_signal_experiment_social_signal_v2_think_false_b1_pilot18,v3_social_signal_experiment_social_signal_v2_think_false_b1_pilot18.csv,v3_social_signal,gemma4:e2b,social_signal_v2,False,18,648,True,11.0,0.30,0.3,38,3,0.07894736842105263,0.3333333333333333,0.16666666666666666,0.3333333333333333,3,0.34,0.3855731664245668,-0.09692585856307472
v4_social_signal_experiment_v4_prompt_think_false_qwen36_35b_iq3_compact_b1_pilot30.partial,v4_social_signal_experiment_v4_prompt_think_false_qwen36_35b_iq3_compact_b1_pilot30.partial.csv,v4_social_signal,batiai/qwen3.6-35b:iq3,v4_prompt,True,4,144,True,0.0,0.50,0.5,12,4,0.3333333333333333,0.25,0.13333333333333333,0.2,4,0.3175,0.3523137805990564,-0.8309114619186242
v4_social_signal_experiment_v4_prompt_think_false_qwen36_35b_iq3_compact_b1_pilot30.partial,v4_social_signal_experiment_v4_prompt_think_false_qwen36_35b_iq3_compact_b1_pilot30.partial.csv,v4_social_signal,batiai/qwen3.6-35b:iq3,v4_prompt,True,4,144,True,0.0,0.55,0.55,12,4,0.3333333333333333,0.25,0.13333333333333333,0.2,4,0.3175,0.3523137805990564,-0.8309114619186242
v4_social_signal_experiment_v4_prompt_think_false_qwen36_35b_iq3_compact_b1_pilot30.partial,v4_social_signal_experiment_v4_prompt_think_false_qwen36_35b_iq3_compact_b1_pilot30.partial.csv,v4_social_signal,batiai/qwen3.6-35b:iq3,v4_prompt,True,4,144,True,0.0,0.60,0.6,12,4,0.3333333333333333,0.25,0.13333333333333333,0.2,4,0.3175,0.3523137805990564,-0.8309114619186242
v4_social_signal_experiment_v4_prompt_think_false_compact_b1_ctx16k_text6k_pilot18,v4_social_signal_experiment_v4_prompt_think_false_compact_b1_ctx16k_text6k_pilot18.csv,v4_social_signal,gemma4:e2b,v4_prompt,False,18,648,True,0.0,0.70,0.7,38,4,0.10526315789473684,0.25,0.13333333333333333,0.2,4,0.2475,0.2943212530552287,0.7412605989088268
v4_social_signal_experiment_v4_prompt_think_false_compact_b1_ctx16k_text6k_pilot18,v4_social_signal_experiment_v4_prompt_think_false_compact_b1_ctx16k_text6k_pilot18.csv,v4_social_signal,gemma4:e2b,v4_prompt,False,18,648,True,0.0,0.75,0.75,38,4,0.10526315789473684,0.25,0.13333333333333333,0.2,4,0.2475,0.2943212530552287,0.7412605989088268
v4_social_signal_experiment_v4_prompt_think_false_qwen36_35b_iq3_compact_b1_pilot30.partial,v4_social_signal_experiment_v4_prompt_think_false_qwen36_35b_iq3_compact_b1_pilot30.partial.csv,v4_social_signal,batiai/qwen3.6-35b:iq3,v4_prompt,True,4,144,True,0.0,default,,12,5,0.4166666666666667,0.2,0.1111111111111111,0.2,5,0.322,0.34988569562072697,-0.8946347279794039
v4_social_signal_experiment_v4_prompt_think_false_qwen36_35b_iq3_compact_b1_pilot30.partial,v4_social_signal_experiment_v4_prompt_think_false_qwen36_35b_iq3_compact_b1_pilot30.partial.csv,v4_social_signal,batiai/qwen3.6-35b:iq3,v4_prompt,True,4,144,True,0.0,0.05,0.05,12,5,0.4166666666666667,0.2,0.1111111111111111,0.2,5,0.322,0.34988569562072697,-0.8946347279794039
v4_social_signal_experiment_v4_prompt_think_false_qwen36_35b_iq3_compact_b1_pilot30.partial,v4_social_signal_experiment_v4_prompt_think_false_qwen36_35b_iq3_compact_b1_pilot30.partial.csv,v4_social_signal,batiai/qwen3.6-35b:iq3,v4_prompt,True,4,144,True,0.0,0.10,0.1,12,5,0.4166666666666667,0.2,0.1111111111111111,0.2,5,0.322,0.34988569562072697,-0.8946347279794039
v4_social_signal_experiment_v4_prompt_think_false_qwen36_35b_iq3_compact_b1_pilot30.partial,v4_social_signal_experiment_v4_prompt_think_false_qwen36_35b_iq3_compact_b1_pilot30.partial.csv,v4_social_signal,batiai/qwen3.6-35b:iq3,v4_prompt,True,4,144,True,0.0,0.15,0.15,12,5,0.4166666666666667,0.2,0.1111111111111111,0.2,5,0.322,0.34988569562072697,-0.8946347279794039
v4_social_signal_experiment_v4_prompt_think_false_qwen36_35b_iq3_compact_b1_pilot30.partial,v4_social_signal_experiment_v4_prompt_think_false_qwen36_35b_iq3_compact_b1_pilot30.partial.csv,v4_social_signal,batiai/qwen3.6-35b:iq3,v4_prompt,True,4,144,True,0.0,0.20,0.2,12,5,0.4166666666666667,0.2,0.1111111111111111,0.2,5,0.322,0.34988569562072697,-0.8946347279794039
v4_social_signal_experiment_v4_prompt_think_false_qwen36_35b_iq3_compact_b1_pilot30.partial,v4_social_signal_experiment_v4_prompt_think_false_qwen36_35b_iq3_compact_b1_pilot30.partial.csv,v4_social_signal,batiai/qwen3.6-35b:iq3,v4_prompt,True,4,144,True,0.0,0.25,0.25,12,5,0.4166666666666667,0.2,0.1111111111111111,0.2,5,0.322,0.34988569562072697,-0.8946347279794039
v4_social_signal_experiment_v4_prompt_think_false_qwen36_35b_iq3_compact_b1_pilot30.partial,v4_social_signal_experiment_v4_prompt_think_false_qwen36_35b_iq3_compact_b1_pilot30.partial.csv,v4_social_signal,batiai/qwen3.6-35b:iq3,v4_prompt,True,4,144,True,0.0,0.30,0.3,12,5,0.4166666666666667,0.2,0.1111111111111111,0.2,5,0.322,0.34988569562072697,-0.8946347279794039
v4_social_signal_experiment_v4_prompt_think_false_qwen36_35b_iq3_compact_b1_pilot30.partial,v4_social_signal_experiment_v4_prompt_think_false_qwen36_35b_iq3_compact_b1_pilot30.partial.csv,v4_social_signal,batiai/qwen3.6-35b:iq3,v4_prompt,True,4,144,True,0.0,0.35,0.35,12,5,0.4166666666666667,0.2,0.1111111111111111,0.2,5,0.322,0.34988569562072697,-0.8946347279794039
v4_social_signal_experiment_v4_prompt_think_false_qwen36_35b_iq3_compact_b1_pilot30.partial,v4_social_signal_experiment_v4_prompt_think_false_qwen36_35b_iq3_compact_b1_pilot30.partial.csv,v4_social_signal,batiai/qwen3.6-35b:iq3,v4_prompt,True,4,144,True,0.0,0.40,0.4,12,5,0.4166666666666667,0.2,0.1111111111111111,0.2,5,0.322,0.34988569562072697,-0.8946347279794039
v4_social_signal_experiment_v4_prompt_think_false_qwen36_35b_iq3_compact_b1_pilot30.partial,v4_social_signal_experiment_v4_prompt_think_false_qwen36_35b_iq3_compact_b1_pilot30.partial.csv,v4_social_signal,batiai/qwen3.6-35b:iq3,v4_prompt,True,4,144,True,0.0,0.45,0.45,12,5,0.4166666666666667,0.2,0.1111111111111111,0.2,5,0.322,0.34988569562072697,-0.8946347279794039
v4_social_signal_experiment_v4_prompt_think_false_compact_b1_ctx16k_pilot18,v4_social_signal_experiment_v4_prompt_think_false_compact_b1_ctx16k_pilot18.csv,v4_social_signal,gemma4:e2b,v4_prompt,False,18,648,True,0.0,0.70,0.7,38,5,0.13157894736842105,0.2,0.1111111111111111,0.2,5,0.268,0.3062678566222711,0.7328115397863101
v4_social_signal_experiment_v4_prompt_think_false_compact_b1_ctx16k_pilot18,v4_social_signal_experiment_v4_prompt_think_false_compact_b1_ctx16k_pilot18.csv,v4_social_signal,gemma4:e2b,v4_prompt,False,18,648,True,0.0,0.75,0.75,38,5,0.13157894736842105,0.2,0.1111111111111111,0.2,5,0.268,0.3062678566222711,0.7328115397863101
v4_social_signal_experiment_v4_prompt_think_false_compact_b1_ctx16k_search237.partial,v4_social_signal_experiment_v4_prompt_think_false_compact_b1_ctx16k_search237.partial.csv,v4_social_signal,gemma4:e2b,v4_prompt,True,21,756,True,0.0,0.70,0.7,43,5,0.11627906976744186,0.2,0.1111111111111111,0.2,5,0.268,0.3062678566222711,0.7328115397863101
v4_social_signal_experiment_v4_prompt_think_false_compact_b1_ctx16k_search237.partial,v4_social_signal_experiment_v4_prompt_think_false_compact_b1_ctx16k_search237.partial.csv,v4_social_signal,gemma4:e2b,v4_prompt,True,21,756,True,0.0,0.75,0.75,43,5,0.11627906976744186,0.2,0.1111111111111111,0.2,5,0.268,0.3062678566222711,0.7328115397863101
v4_social_signal_experiment_v4_prompt_think_false_compact_b1_ctx16k_pilot18,v4_social_signal_experiment_v4_prompt_think_false_compact_b1_ctx16k_pilot18.csv,v4_social_signal,gemma4:e2b,v4_prompt,False,18,648,True,0.0,0.80,0.8,38,3,0.07894736842105263,0.0,0.0,0.0,3,0.18666666666666668,0.222560853101648,0.6758453353343742
v4_social_signal_experiment_v4_prompt_think_false_compact_b1_ctx16k_pilot18,v4_social_signal_experiment_v4_prompt_think_false_compact_b1_ctx16k_pilot18.csv,v4_social_signal,gemma4:e2b,v4_prompt,False,18,648,True,0.0,0.85,0.85,38,3,0.07894736842105263,0.0,0.0,0.0,3,0.18666666666666668,0.222560853101648,0.6758453353343742
v4_social_signal_experiment_v4_prompt_think_false_compact_b1_ctx16k_search237.partial,v4_social_signal_experiment_v4_prompt_think_false_compact_b1_ctx16k_search237.partial.csv,v4_social_signal,gemma4:e2b,v4_prompt,True,21,756,True,0.0,0.80,0.8,43,3,0.06976744186046512,0.0,0.0,0.0,3,0.18666666666666668,0.222560853101648,0.6758453353343742
v4_social_signal_experiment_v4_prompt_think_false_compact_b1_ctx16k_search237.partial,v4_social_signal_experiment_v4_prompt_think_false_compact_b1_ctx16k_search237.partial.csv,v4_social_signal,gemma4:e2b,v4_prompt,True,21,756,True,0.0,0.85,0.85,43,3,0.06976744186046512,0.0,0.0,0.0,3,0.18666666666666668,0.222560853101648,0.6758453353343742
v4_social_signal_experiment_v4_prompt_think_false_compact_b1_ctx16k_text6k_pilot18,v4_social_signal_experiment_v4_prompt_think_false_compact_b1_ctx16k_text6k_pilot18.csv,v4_social_signal,gemma4:e2b,v4_prompt,False,18,648,True,0.0,0.80,0.8,38,2,0.05263157894736842,0.0,0.0,0.0,2,0.10499999999999998,0.11423659658795862,0.9999999999999999
v4_social_signal_experiment_v4_prompt_think_false_compact_b1_ctx16k_text6k_pilot18,v4_social_signal_experiment_v4_prompt_think_false_compact_b1_ctx16k_text6k_pilot18.csv,v4_social_signal,gemma4:e2b,v4_prompt,False,18,648,True,0.0,0.85,0.85,38,2,0.05263157894736842,0.0,0.0,0.0,2,0.10499999999999998,0.11423659658795862,0.9999999999999999
v4_social_signal_experiment_v4_prompt_think_false_compact_b1_ctx16k_pilot18,v4_social_signal_experiment_v4_prompt_think_false_compact_b1_ctx16k_pilot18.csv,v4_social_signal,gemma4:e2b,v4_prompt,False,18,648,True,0.0,0.90,0.9,38,1,0.02631578947368421,0.0,0.0,0.0,1,0.15000000000000002,0.15000000000000002,
v4_social_signal_experiment_v4_prompt_think_false_compact_b1_ctx16k_pilot18,v4_social_signal_experiment_v4_prompt_think_false_compact_b1_ctx16k_pilot18.csv,v4_social_signal,gemma4:e2b,v4_prompt,False,18,648,True,0.0,0.95,0.95,38,1,0.02631578947368421,0.0,0.0,0.0,1,0.15000000000000002,0.15000000000000002,
v4_social_signal_experiment_v4_prompt_think_false_compact_b1_ctx16k_text6k_pilot18,v4_social_signal_experiment_v4_prompt_think_false_compact_b1_ctx16k_text6k_pilot18.csv,v4_social_signal,gemma4:e2b,v4_prompt,False,18,648,True,0.0,0.90,0.9,38,1,0.02631578947368421,0.0,0.0,0.0,1,0.15000000000000002,0.15000000000000002,
v4_social_signal_experiment_v4_prompt_think_false_compact_b1_ctx16k_text6k_pilot18,v4_social_signal_experiment_v4_prompt_think_false_compact_b1_ctx16k_text6k_pilot18.csv,v4_social_signal,gemma4:e2b,v4_prompt,False,18,648,True,0.0,0.95,0.95,38,1,0.02631578947368421,0.0,0.0,0.0,1,0.15000000000000002,0.15000000000000002,
v4_social_signal_experiment_v4_prompt_think_false_compact_b1_ctx16k_search237.partial,v4_social_signal_experiment_v4_prompt_think_false_compact_b1_ctx16k_search237.partial.csv,v4_social_signal,gemma4:e2b,v4_prompt,True,21,756,True,0.0,0.90,0.9,43,1,0.023255813953488372,0.0,0.0,0.0,1,0.15000000000000002,0.15000000000000002,
v4_social_signal_experiment_v4_prompt_think_false_compact_b1_ctx16k_search237.partial,v4_social_signal_experiment_v4_prompt_think_false_compact_b1_ctx16k_search237.partial.csv,v4_social_signal,gemma4:e2b,v4_prompt,True,21,756,True,0.0,0.95,0.95,43,1,0.023255813953488372,0.0,0.0,0.0,1,0.15000000000000002,0.15000000000000002,
prompt_search_search_few_shot_major_v3_gemma4-e2b_5df03950348d_0c3d39008fbb,prompt_search_search_few_shot_major_v3_gemma4-e2b_5df03950348d_0c3d39008fbb.csv,prompt_search,gemma4:e2b,few_shot_major_v3,False,237,8532,True,0.0,0.95,0.95,656,0,0.0,0.0,0.0,0.0,0,,,
prompt_search_search_primary_first_v2_gemma4-e2b_5df03950348d_5f153b0981f2,prompt_search_search_primary_first_v2_gemma4-e2b_5df03950348d_5f153b0981f2.csv,prompt_search,gemma4:e2b,primary_first_v2,False,237,8532,True,0.0,0.95,0.95,656,0,0.0,0.0,0.0,0.0,0,,,
thinking_recall_experiment_latent_candidate_v2_think_true,thinking_recall_experiment_latent_candidate_v2_think_true.csv,thinking_recall,gemma4:e2b,latent_candidate_v2,False,237,8532,True,3.0,0.65,0.65,656,0,0.0,0.0,0.0,0.0,0,,,
thinking_recall_experiment_latent_candidate_v2_think_true,thinking_recall_experiment_latent_candidate_v2_think_true.csv,thinking_recall,gemma4:e2b,latent_candidate_v2,False,237,8532,True,3.0,0.70,0.7,656,0,0.0,0.0,0.0,0.0,0,,,
thinking_recall_experiment_latent_candidate_v2_think_true,thinking_recall_experiment_latent_candidate_v2_think_true.csv,thinking_recall,gemma4:e2b,latent_candidate_v2,False,237,8532,True,3.0,0.75,0.75,656,0,0.0,0.0,0.0,0.0,0,,,
thinking_recall_experiment_latent_candidate_v2_think_true,thinking_recall_experiment_latent_candidate_v2_think_true.csv,thinking_recall,gemma4:e2b,latent_candidate_v2,False,237,8532,True,3.0,0.80,0.8,656,0,0.0,0.0,0.0,0.0,0,,,
thinking_recall_experiment_latent_candidate_v2_think_true,thinking_recall_experiment_latent_candidate_v2_think_true.csv,thinking_recall,gemma4:e2b,latent_candidate_v2,False,237,8532,True,3.0,0.85,0.85,656,0,0.0,0.0,0.0,0.0,0,,,
thinking_recall_experiment_latent_candidate_v2_think_true,thinking_recall_experiment_latent_candidate_v2_think_true.csv,thinking_recall,gemma4:e2b,latent_candidate_v2,False,237,8532,True,3.0,0.90,0.9,656,0,0.0,0.0,0.0,0.0,0,,,
thinking_recall_experiment_latent_candidate_v2_think_true,thinking_recall_experiment_latent_candidate_v2_think_true.csv,thinking_recall,gemma4:e2b,latent_candidate_v2,False,237,8532,True,3.0,0.95,0.95,656,0,0.0,0.0,0.0,0.0,0,,,
v3_social_signal_experiment_social_signal_v1_think_false,v3_social_signal_experiment_social_signal_v1_think_false.csv,v3_social_signal,gemma4:e2b,social_signal_v1,False,18,648,True,10.0,0.65,0.65,38,0,0.0,0.0,0.0,0.0,0,,,
v3_social_signal_experiment_social_signal_v1_think_false,v3_social_signal_experiment_social_signal_v1_think_false.csv,v3_social_signal,gemma4:e2b,social_signal_v1,False,18,648,True,10.0,0.70,0.7,38,0,0.0,0.0,0.0,0.0,0,,,
v3_social_signal_experiment_social_signal_v1_think_false,v3_social_signal_experiment_social_signal_v1_think_false.csv,v3_social_signal,gemma4:e2b,social_signal_v1,False,18,648,True,10.0,0.75,0.75,38,0,0.0,0.0,0.0,0.0,0,,,
v3_social_signal_experiment_social_signal_v1_think_false,v3_social_signal_experiment_social_signal_v1_think_false.csv,v3_social_signal,gemma4:e2b,social_signal_v1,False,18,648,True,10.0,0.80,0.8,38,0,0.0,0.0,0.0,0.0,0,,,
v3_social_signal_experiment_social_signal_v1_think_false,v3_social_signal_experiment_social_signal_v1_think_false.csv,v3_social_signal,gemma4:e2b,social_signal_v1,False,18,648,True,10.0,0.85,0.85,38,0,0.0,0.0,0.0,0.0,0,,,
v3_social_signal_experiment_social_signal_v1_think_false,v3_social_signal_experiment_social_signal_v1_think_false.csv,v3_social_signal,gemma4:e2b,social_signal_v1,False,18,648,True,10.0,0.90,0.9,38,0,0.0,0.0,0.0,0.0,0,,,
v3_social_signal_experiment_social_signal_v1_think_false,v3_social_signal_experiment_social_signal_v1_think_false.csv,v3_social_signal,gemma4:e2b,social_signal_v1,False,18,648,True,10.0,0.95,0.95,38,0,0.0,0.0,0.0,0.0,0,,,
v3_social_signal_experiment_social_signal_v1_think_false_b1_pilot18,v3_social_signal_experiment_social_signal_v1_think_false_b1_pilot18.csv,v3_social_signal,gemma4:e2b,social_signal_v1,False,18,648,True,7.0,0.65,0.65,38,0,0.0,0.0,0.0,0.0,0,,,
v3_social_signal_experiment_social_signal_v1_think_false_b1_pilot18,v3_social_signal_experiment_social_signal_v1_think_false_b1_pilot18.csv,v3_social_signal,gemma4:e2b,social_signal_v1,False,18,648,True,7.0,0.70,0.7,38,0,0.0,0.0,0.0,0.0,0,,,
v3_social_signal_experiment_social_signal_v1_think_false_b1_pilot18,v3_social_signal_experiment_social_signal_v1_think_false_b1_pilot18.csv,v3_social_signal,gemma4:e2b,social_signal_v1,False,18,648,True,7.0,0.75,0.75,38,0,0.0,0.0,0.0,0.0,0,,,
v3_social_signal_experiment_social_signal_v1_think_false_b1_pilot18,v3_social_signal_experiment_social_signal_v1_think_false_b1_pilot18.csv,v3_social_signal,gemma4:e2b,social_signal_v1,False,18,648,True,7.0,0.80,0.8,38,0,0.0,0.0,0.0,0.0,0,,,
v3_social_signal_experiment_social_signal_v1_think_false_b1_pilot18,v3_social_signal_experiment_social_signal_v1_think_false_b1_pilot18.csv,v3_social_signal,gemma4:e2b,social_signal_v1,False,18,648,True,7.0,0.85,0.85,38,0,0.0,0.0,0.0,0.0,0,,,
v3_social_signal_experiment_social_signal_v1_think_false_b1_pilot18,v3_social_signal_experiment_social_signal_v1_think_false_b1_pilot18.csv,v3_social_signal,gemma4:e2b,social_signal_v1,False,18,648,True,7.0,0.90,0.9,38,0,0.0,0.0,0.0,0.0,0,,,
v3_social_signal_experiment_social_signal_v1_think_false_b1_pilot18,v3_social_signal_experiment_social_signal_v1_think_false_b1_pilot18.csv,v3_social_signal,gemma4:e2b,social_signal_v1,False,18,648,True,7.0,0.95,0.95,38,0,0.0,0.0,0.0,0.0,0,,,
v3_social_signal_experiment_social_signal_v2_think_false,v3_social_signal_experiment_social_signal_v2_think_false.csv,v3_social_signal,gemma4:e2b,social_signal_v2,False,18,648,True,14.0,0.65,0.65,38,0,0.0,0.0,0.0,0.0,0,,,
v3_social_signal_experiment_social_signal_v2_think_false,v3_social_signal_experiment_social_signal_v2_think_false.csv,v3_social_signal,gemma4:e2b,social_signal_v2,False,18,648,True,14.0,0.70,0.7,38,0,0.0,0.0,0.0,0.0,0,,,
v3_social_signal_experiment_social_signal_v2_think_false,v3_social_signal_experiment_social_signal_v2_think_false.csv,v3_social_signal,gemma4:e2b,social_signal_v2,False,18,648,True,14.0,0.75,0.75,38,0,0.0,0.0,0.0,0.0,0,,,
v3_social_signal_experiment_social_signal_v2_think_false,v3_social_signal_experiment_social_signal_v2_think_false.csv,v3_social_signal,gemma4:e2b,social_signal_v2,False,18,648,True,14.0,0.80,0.8,38,0,0.0,0.0,0.0,0.0,0,,,
v3_social_signal_experiment_social_signal_v2_think_false,v3_social_signal_experiment_social_signal_v2_think_false.csv,v3_social_signal,gemma4:e2b,social_signal_v2,False,18,648,True,14.0,0.85,0.85,38,0,0.0,0.0,0.0,0.0,0,,,
v3_social_signal_experiment_social_signal_v2_think_false,v3_social_signal_experiment_social_signal_v2_think_false.csv,v3_social_signal,gemma4:e2b,social_signal_v2,False,18,648,True,14.0,0.90,0.9,38,0,0.0,0.0,0.0,0.0,0,,,
v3_social_signal_experiment_social_signal_v2_think_false,v3_social_signal_experiment_social_signal_v2_think_false.csv,v3_social_signal,gemma4:e2b,social_signal_v2,False,18,648,True,14.0,0.95,0.95,38,0,0.0,0.0,0.0,0.0,0,,,
v3_social_signal_experiment_social_signal_v2_think_false_b1_pilot18,v3_social_signal_experiment_social_signal_v2_think_false_b1_pilot18.csv,v3_social_signal,gemma4:e2b,social_signal_v2,False,18,648,True,11.0,0.65,0.65,38,0,0.0,0.0,0.0,0.0,0,,,
v3_social_signal_experiment_social_signal_v2_think_false_b1_pilot18,v3_social_signal_experiment_social_signal_v2_think_false_b1_pilot18.csv,v3_social_signal,gemma4:e2b,social_signal_v2,False,18,648,True,11.0,0.70,0.7,38,0,0.0,0.0,0.0,0.0,0,,,
v3_social_signal_experiment_social_signal_v2_think_false_b1_pilot18,v3_social_signal_experiment_social_signal_v2_think_false_b1_pilot18.csv,v3_social_signal,gemma4:e2b,social_signal_v2,False,18,648,True,11.0,0.75,0.75,38,0,0.0,0.0,0.0,0.0,0,,,
v3_social_signal_experiment_social_signal_v2_think_false_b1_pilot18,v3_social_signal_experiment_social_signal_v2_think_false_b1_pilot18.csv,v3_social_signal,gemma4:e2b,social_signal_v2,False,18,648,True,11.0,0.80,0.8,38,0,0.0,0.0,0.0,0.0,0,,,
v3_social_signal_experiment_social_signal_v2_think_false_b1_pilot18,v3_social_signal_experiment_social_signal_v2_think_false_b1_pilot18.csv,v3_social_signal,gemma4:e2b,social_signal_v2,False,18,648,True,11.0,0.85,0.85,38,0,0.0,0.0,0.0,0.0,0,,,
v3_social_signal_experiment_social_signal_v2_think_false_b1_pilot18,v3_social_signal_experiment_social_signal_v2_think_false_b1_pilot18.csv,v3_social_signal,gemma4:e2b,social_signal_v2,False,18,648,True,11.0,0.90,0.9,38,0,0.0,0.0,0.0,0.0,0,,,
v3_social_signal_experiment_social_signal_v2_think_false_b1_pilot18,v3_social_signal_experiment_social_signal_v2_think_false_b1_pilot18.csv,v3_social_signal,gemma4:e2b,social_signal_v2,False,18,648,True,11.0,0.95,0.95,38,0,0.0,0.0,0.0,0.0,0,,,
v3_social_signal_experiment_social_signal_v3_think_false_v3_b1_pilot18,v3_social_signal_experiment_social_signal_v3_think_false_v3_b1_pilot18.csv,v3_social_signal,gemma4:e2b,social_signal_v3,False,18,648,True,2.0,0.95,0.95,38,0,0.0,0.0,0.0,0.0,0,,,
v3_social_signal_experiment_social_signal_v3_think_false_v3_b1_search237,v3_social_signal_experiment_social_signal_v3_think_false_v3_b1_search237.csv,v3_social_signal,gemma4:e2b,social_signal_v3,False,237,8532,True,8.0,0.95,0.95,656,0,0.0,0.0,0.0,0.0,0,,,
v3_social_signal_experiment_social_signal_v3_think_true_v3_b1_search237_think,v3_social_signal_experiment_social_signal_v3_think_true_v3_b1_search237_think.csv,v3_social_signal,gemma4:e2b,social_signal_v3,False,237,8532,True,0.0,0.95,0.95,656,0,0.0,0.0,0.0,0.0,0,,,
v3_social_signal_experiment_social_signal_v4_think_false_v4_b1_search237,v3_social_signal_experiment_social_signal_v4_think_false_v4_b1_search237.csv,v3_social_signal,gemma4:e2b,social_signal_v4,False,237,8532,True,16.0,0.95,0.95,656,0,0.0,0.0,0.0,0.0,0,,,
v3_social_signal_experiment_social_signal_v5_think_false_gemma4_e4b_v5_b1_search237,v3_social_signal_experiment_social_signal_v5_think_false_gemma4_e4b_v5_b1_search237.csv,v3_social_signal,gemma4:e4b,social_signal_v5,False,237,8532,True,0.0,0.95,0.95,656,0,0.0,0.0,0.0,0.0,0,,,
v3_social_signal_experiment_social_signal_v5_think_false_qwen35_9b_v5_b1_search237,v3_social_signal_experiment_social_signal_v5_think_false_qwen35_9b_v5_b1_search237.csv,v3_social_signal,qwen3.5:9b,social_signal_v5,False,237,8532,True,0.0,0.95,0.95,656,0,0.0,0.0,0.0,0.0,0,,,
v3_social_signal_experiment_social_signal_v5_think_false_qwen36_35b_iq3_ctx16k_v5_b1_pilot30,v3_social_signal_experiment_social_signal_v5_think_false_qwen36_35b_iq3_ctx16k_v5_b1_pilot30.csv,v3_social_signal,batiai/qwen3.6-35b:iq3,social_signal_v5,False,30,1080,True,0.0,0.95,0.95,64,0,0.0,0.0,0.0,0.0,0,,,
v3_social_signal_experiment_social_signal_v5_think_false_qwen36_35b_iq3_v5_b1_pilot30,v3_social_signal_experiment_social_signal_v5_think_false_qwen36_35b_iq3_v5_b1_pilot30.csv,v3_social_signal,batiai/qwen3.6-35b:iq3,social_signal_v5,False,30,1080,True,0.0,0.95,0.95,64,0,0.0,0.0,0.0,0.0,0,,,
v3_social_signal_experiment_social_signal_v5_think_false_v5_b1_pilot18,v3_social_signal_experiment_social_signal_v5_think_false_v5_b1_pilot18.csv,v3_social_signal,gemma4:e2b,social_signal_v5,False,18,648,True,0.0,0.95,0.95,38,0,0.0,0.0,0.0,0.0,0,,,
v3_social_signal_experiment_social_signal_v5_think_false_v5_b1_search237,v3_social_signal_experiment_social_signal_v5_think_false_v5_b1_search237.csv,v3_social_signal,gemma4:e2b,social_signal_v5,False,237,8532,True,4.0,0.95,0.95,656,0,0.0,0.0,0.0,0.0,0,,,
