dataset_row_id,title,section,gold_direct,gold_context,gold_weak,pred,missed_direct,missed_context,missed_weak,extra_pred,n_missed,n_extra,full_text
270,"Законопроект о ""периоде охлаждения"" в потребительском кредитовании прошел I чтение",Экономика,,per_capita_income;real_income_index;consumer_price_index;enterprises_count,,consumer_price_index;enterprises_count;per_capita_income,,real_income_index,,,1,0,"Москва. 15 января. INTERFAX.RU - Госдума приняла в первом чтении законопроект, который вводит ""период охлаждения"" для клиентов, которые подписали кредитный договор, до момента получения ими средств: 4 часа для кредитов на сумму от 50 тысяч до 200 тысяч рублей и 48 часов для кредитов свыше 200 тысяч рублей.  Законопроект № 804702-8 в декабре в палату внесла группа депутатов и сенаторов.  Согласно законопроекту, банк и микрофинансовая организация (МФО) обязаны будут передавать заемщику денежные средства по кредиту не ранее чем через 4 часа после подписания условий договора при кредите в диапазоне от 50 тысяч до 200 тысяч рублей. Это же ограничение распространяется и на случаи увеличения суммы уже открытого кредита или лимита кредитования.  В случае кредитов (или увеличения лимита) на сумму более 200 тысяч рублей средства по нему могут быть выданы не ранее чем через 48 часов после того, как"
720,Кремль принял к сведению заявление сенатора Грэма по санкциям против РФ,В России,,industrial_production_index,,consumer_price_index;enterprises_count;international_outflow,,industrial_production_index,,consumer_price_index;enterprises_count;international_outflow,1,3,"Москва. 30 июня. INTERFAX.RU - В Кремле приняли к сведению заявление американского сенатора Линдси Грэма, по словам которого президент США Дональд Трамп считает нужным продвинуть законопроект о новых санкциях против России, заявил пресс-секретарь президента РФ Дмитрий Песков.  ""Мы принимаем его к сведению"", - сказал Песков журналистам на просьбу прокомментировать соответствующее заявление сенатора.  ""Позиции сенатора нам хорошо известны, они хорошо известны всему меру. Он относится к группе таких заядлых русофобов. Была бы его воля, эти санкции были бы введены давно. Помогло бы это урегулированию? Вопрос, которым должны задаваться те, кто инициирует такие события"", - отметил он."
790,Зерноград в Ростовской области остался без воды из-за аварии,В России,,life_expectancy;housing_area_per_capita;wastewater_discharge,,consumer_price_index;housing_area_per_capita;wastewater_discharge,,life_expectancy,,consumer_price_index,1,1,"Москва. 8 августа. INTERFAX.RU - В Ростовской области город Зерноград остался без водоснабжения из-за отсутствия электроэнергии на насосной станции, сообщила в Telegram министр ЖКХ региона Антонина Пшеничная.  ""Из-за аварийного отключения электроэнергии обесточена насосная станция №3. Также на пересечении переулка Западного с улицей Кирова обнаружена утечка на водоводе. На время восстановительных работ водоснабжение города приостановлено"", - написала она.  По ее данным, организован подвоз воды.  По открытым источникам, население города на 2021 год составляло 24 076 человек."
809,ЛЭП и здание предприятия повреждены атаками ВСУ в Белгородской области,В России,crime_count,life_expectancy;housing_area_per_capita;industrial_production_index;enterprises_count,,consumer_price_index;crime_count;housing_area_per_capita;industrial_production_index;mortality_rate,,enterprises_count;life_expectancy,,consumer_price_index;mortality_rate,2,2,"Москва. 29 июня. INTERFAX.RU - Три муниципалитета атаковали ВСУ в Белгородской области, по предварительной информации, пострадавших нет, сообщил в воскресенье губернатор Вячеслав Гладков.  ""В селе Маломихайловка Шебекинского округа FPV-дрон сдетонировал на территории домовладения - посечены осколками навес, забор и два легковых автомобиля. В селе Новая Таволжанка в результате обстрела повреждена линия электропередачи. На нескольких улицах временно отсутствует электроснабжение. Аварийные службы приступят к восстановительным работам после согласования с МО РФ"", - написал он в своем телеграм-канале.  В Грайворонском округе, в селе Козинка, дрон ударил по частному дому - пробита кровля, выбиты окна, посечены забор и припаркованный автомобиль. Кроме того, перебита линия электропередачи.  В поселке Задорожный Краснояружского района в результате прилетов боеприпасов разрушено административное з"
855,В России ожидают осуждения мировыми лидерами удара по селу в Херсонской области,В России,crime_count;mortality_rate,life_expectancy,,crime_count;internal_departures;life_expectancy;mortality_rate,,,,internal_departures,0,1,"Москва. 1 января. INTERFAX.RU - Мировое сообщество должно осудить ночной удар по кафе и гостинице в Херсонской области, в результате которого погибли люди, заявила спикер Совета Федерации Валентина Матвиенко.  ""Ждем отчетливой реакции осуждения от мирового сообщества, от лидеров государств"", - написала Матвиенко в своем телеграм-канале.  По мнению Матвиенко, представители ""киевской верхушки"" ""точно знали, что там мирные отдыхающие, семьи с детьми, и атаковали осознанно"". Она назвала эти действия ""абсолютным нравственным уродством"". И те, кто это совершил не имеют ""никакого морального права представлять власть в нормальном обществе, претендовать на поддержку в народе"", уверена спикер СФ.  ""Тем более у них не должно быть политического будущего"", - заявила Матвиенко.  Ранее пресс-секретарь губернатора Херсонской области Владимир Василенко сообщил, что в результате удара ВСУ по кафе и гостин"
949,В результате ДТП в Египте погибла российская туристка,В мире,mortality_rate,,life_expectancy;hospitals,crime_count;hospitals;international_inflow;life_expectancy;mortality_rate,,,,crime_count;international_inflow,0,2,"Москва. 11 ноября. INTERFAX.RU - В результате столкновения автобуса с грузовиком в Египте пострадали 25 российских туристов, одна женщина погибла, сообщает во вторник Российский союз туриндустрии (РСТ).  ""Группа туристов, включающая граждан России, Литвы и Швеции, стала участниками дорожно-транспортного происшествия на трассе Хургада-Каир. Согласно поступившей информации, автобус с экскурсионной группой попал в аварию, в результате которой пострадало 25 россиян и два иностранных гражданина. Одна гражданка России погибла"", - говорится в сообщении.  Как отмечают в объединении, пострадавшие находятся в государственном госпитале, им оказывается вся необходимая медицинская помощь.  Ранее сообщалось , что авария произошла утром во вторник на оживленной трассе Рас-Гариб-Хургада недалеко от популярного курорта Хургада. Автобус с туристами столкнулся с тяжелым грузовиком, в результате пострадали "
16,Состояние пострадавших при ЧП в Курской области сотрудников РЖД удовлетворительное,В России,,life_expectancy;unemployment_rate;hospitals,industrial_production_index,crime_count;hospitals;life_expectancy,,unemployment_rate,industrial_production_index,crime_count,2,1,"Москва. 1 июня. INTERFAX.RU - Врио губернатора Курской области Александр Хинштейн сообщил о состоянии здоровья пострадавших при обрушении моста сотрудников РЖД.  ""В результате ночного ЧП на ж/д мосту под Железногорском пострадали трое сотрудников поездной бригады. (...) Их жизни ничто не угрожает"", - написал он в своем телеграм-канале в воскресенье.  У 44-летнего помощника машиниста - ушиб грудной клетки, правового плечевого сустава, правового бедра. У второго 40-летнего помощника машиниста диагностирован ушиб грудной клетки, ушиб и повреждение связок правового голеностопного сустава.  У 35-летнего машиниста - открытый перелом нижней трети обеих костей левой голени со смещением, рваная рана левой голени, правого бедра и правой голени, ушиб грудной клетки и правого локтевого сустава.  ""Все они еще ночью были доставлены в Железногорскую больницу. Их осмотрели медики. Состояние удовлетворит"
18,Морской пассажирский транспорт возобновил работу в Севастополе,В России,,industrial_production_index,,industrial_production_index;international_inflow;international_outflow,,,,international_inflow;international_outflow,0,2,"Москва. 23 декабря. INTERFAX.RU - Движение морского пассажирского транспорта в Севастополе возобновилось во вторник днем после приостановки, сообщила дирекция по развитию дорожно-транспортной инфраструктуры города.  ""Морской пассажирский транспорт возобновляет работу"", - говорится в сообщении.  Ограничение действовало более двух часов, причины не назывались."
19,ЕГЭ по истории в ближайшие два года не планируют делать обязательным для поступления в вузы,В России,,,unemployment_rate,enterprises_count;per_capita_income;unemployment_rate,,,,enterprises_count;per_capita_income,0,2,"Москва. 7 июля. INTERFAX.RU - Министр просвещения РФ Сергей Кравцов заявил, что в течение двух ближайших лет история не станет обязательным предметом на ЕГЭ для поступления в гуманитарные вузы.  ""Мы понимаем, что школьники уже готовятся к следующему году сдачи ЕГЭ. Требуется время - по крайней мере, два учебных года, (оставить - ИФ) в том формате, в котором сейчас установлено. И мы сейчас обсуждаем, с какого учебного года решение утвердить, вместе с Минобрнауки"", - сказал министр на пресс-конференции по итогам основного периода ЕГЭ-2025.  По его словам, скорее всего, в течение ближайших двух лет ""останутся предметы обществознание и история, чтобы школьники, которые готовятся к сдаче этих предметов, спокойно могли готовиться"".  Ранее в июне президент РФ Владимир Путин поддержал предложение ректора МГИМО Анатолия Торкунова сделать обязательным ЕГЭ по истории для поступления на гуманитарные"
41,Россия и Китай проведут в начале августа военные учения в Японском море,В России,,,,crime_count;international_inflow;international_outflow,,,,crime_count;international_inflow;international_outflow,0,3,"Москва. 30 июля. INTERFAX.RU - Российско-китайское военно-морское учение ""Морское взаимодействие-2025"" пройдет 1-5 августа в Японском море, сообщил Тихоокеанский флот (ТОФ) в среду.  ""На Тихоокеанском флоте (ТОФ) с 1 по 5 августа 2025 года состоится совместное российско-китайское военно-морское учение ""Морское взаимодействие-2025"". Традиционное учение пройдет в акватории Японского моря с целью обмена опытом военных моряков ВМФ России и ВМС Народно-освободительной армии Китая"", - говорится в сообщении пресс-службы ТОФ.  Российский отряд кораблей возглавит большой противолодочный корабль ""Адмирал Трибуц"", китайский отряд - эсминец ""Шаосин"". Также в учении примут участие дизель-электрические подводные лодки и морская авиация двух стран, заявили в ТОФ.  ""Учение носит оборонительный характер и не направлено против других стран"", - сказали в пресс-службе флота.  ""В море корабли двух стран буду"
76,Уиткофф и Кушнер в субботу отправятся в Израиль на встречу с Нетаньяху,В мире,,,,crime_count;international_inflow;international_outflow,,,,crime_count;international_inflow;international_outflow,0,3,"Москва. 24 января. INTERFAX.RU - Спецпосланники президента США Стив Уиткофф и Джаред Кушнер, как ожидается, позже в субботу прибудут в Израиль, где проведут встречу с премьер-министром страны Биньямином Нетаньяху.  ""Представитель канцелярии израильского премьера Шош Бедросян подтвердила, что встреча состоится, однако она отказалась назвать время и предоставить какие-либо другие детали"", - информирует Bloomberg.  Посольство США в Израиле также не предоставило агентству никаких комментариев.  Уиткофф и Кушнер в настоящее время находятся в Абу-Даби, где проходит трехсторонняя встреча (Россия, США, Украина) по урегулированию на Украине."
80,Президент Сирии аш-Шараа прибыл в Россию,В России,,unemployment_rate,industrial_production_index,enterprises_count;industrial_production_index;international_inflow;international_outflow,,unemployment_rate,,enterprises_count;international_inflow;international_outflow,1,3,"Он может обсудить с Путиным вопросы пребывания российских военных на базах в Сирии  Москва. 28 января. INTERFAX.RU - Президент Сирии Ахмед аш-Шараа прибыл с визитом в Москву. Кадры из правительственного аэропорта ""Внуково-2"" показал телеканал ""Россия-24"".  Переговоры аш-Шараа с президентом России Владимиром Путиным пройдут в Кремле.  На повестке дня переговоров много вопросов, в том числе касающихся взаимодействия в экономической сфере, сообщил на брифинге пресс-секретарь главы Путина Дмитрий Песков.  ""Будут российско-сирийские переговоры в формате рабочего завтрака. Также будет отдельная беседа президента и господина Шараа, - сказал он. - На повестке дня много вопросов, связанных с двусторонним взаимодействием, прежде всего в экономической сфере. Также обмен мнениями по ситуации в регионе, тем более что есть о чем поговорить"".  Песков отметил, что взаимоотношения с Сирией """"активно разв"
96,Сложная погода прогнозируется в регионах Дальнего Востока,В России,,wastewater_discharge,,consumer_price_index;housing_area_per_capita,,wastewater_discharge,,consumer_price_index;housing_area_per_capita,1,2,"Москва. 28 марта. INTERFAX.RU - Наиболее сложная погода в ближайшие дни среди всех российских регионов ожидается в регионах Дальнего Востока, где прогнозируется снег, метель и сильный ветер, сообщил ""Интерфаксу"" научный руководитель Гидрометцентра России Роман Вильфанд.  ""Наиболее сложная погода в ближайшие дни на Дальнем Востоке"", - сказал Вильфанд.  Он уточнил, что в Приморском крае в пятницу прогнозируется сильный снег, гололедные явления и ветер до 20 м/с. В центральных и южных районах Хабаровского края, в Еврейской автономной области, на юго-востоке Сахалина и на северо-востоке Якутии прогнозируется сильный снег.  На юге Камчатки 28-30 марта прогнозируется сильный мокрый снег, а на восточном побережье в эти же даты - метель и ветер до 30 м/с. На севере Камчатки прогнозируется сильный снег. На Чукотке в районе города Певек прогнозируется сильный ветер с порывами до 40 м/с и снег, мет"
106,"Кремль отметил, что рассматривает Стамбул как место для продолжения переговоров с Киевом",В России,,,,international_inflow;international_outflow,,,,international_inflow;international_outflow,0,2,"Москва. 28 мая. INTERFAX.RU - Стамбул в том числе рассматривается в качестве площадки для продолжения переговоров России и Украины, сообщил пресс-секретарь президента РФ Дмитрий Песков.  ""Безусловно, конечно"", - сказал Песков журналистам, отвечая на соответствующий вопрос.  Реагируя на уточнение о том, какие площадки являются предпочтительными для России, он сказал: ""Как минимум та, в которой был первый раунд. А остальное – это предмет уже взаимных договоренностей""."
115,Лавров 17 июня встретится в Москве с главой МИД Индонезии,В России,,life_expectancy;consumer_price_index,,hospitals;international_inflow;international_outflow,,consumer_price_index;life_expectancy,,hospitals;international_inflow;international_outflow,2,3,"Москва. 11 июня. INTERFAX.RU - Министр иностранных дел России Сергей Лавров 17 июня примет в Москве индонезийского коллегу Сугионо, сообщила на брифинге представитель МИД Мария Захарова.  ""В ходе переговоров планируется произвести обмен мнениями по широкому кругу вопросов двусторонней повестки дня, включая расширение политических контактов, в том числе на высшем уровне, связи в области безопасности, а также в торгово-экономической и гуманитарной сферах"", - сообщила она.  На переговорах МИД ""будет затронута и широкая повестка, а также совершенствование договорно-правовой базы отношений"". ""Также предполагаетс‌‌‌‌​​‌​‌‌​‍‌‌‌‌​​‌‌​​‌‍‌‌‌‌​​‌‌‌‌​‍‌‌‌‌​​​​‌‌‌‍‌‌‌‌‌​​​‌​‌‍‌‌‌‌‌​​​‌​‌‍‌‌‌‌​​‌​‌‌​‍‌‌‌‌​​‌‌​​‌‍‌‌‌‌​​‌‌‌‌​‍‌‌‌‌​​​​‌‌‌‍‌‌‌‌‌​‌​​‌​‍‌‌‌‌​​​‌‌​‌‍‌‌‌‌​​‌‌‌‌​‍‌‌‌‌​​‌​‌‌​‍‌‌‌‌​​‌‌‌​‌‍‌‌‌‌​​‌​​‌​‍‌‌‌‌​​‌‌‌‌​‍‌‌‌‌​​‌​​​‌я рассмотреть основные международные и региональные проблемы"", - сообщи"
120,"Каллас предложила меры против танкеров, перевозящих нефть РФ, вне санкционных пакетов",Экономика,,consumer_price_index;industrial_production_index,,air_pollution;consumer_price_index;enterprises_count;industrial_production_index,,,,air_pollution;enterprises_count,0,2,"Москва. 20 ноября. INTERFAX.RU - Меры, которые ЕС принимает против предполагаемых судов с российской нефтью, не обязательно должны быть частью больших санкционных пакетов, их можно применять в любое время, считает глава дипломатии ЕС Кая Каллас.  ""То есть надо действовать быстрее, не дожидаясь будущего пакета санкций"", - сказала высокий представитель Евросоюза по иностранным делам на пресс-конференции в Брюсселе в четверг после заседания Совета ЕС на уровне глав МИД.  По ее словам, большинство выступивших министров высказались за такой подход к так называемому ""теневому флоту"".  Каллас выразила уверенность в эффективности европейских санкций против таких нефтеналивных судов и считает, что дополнительные отдельные претензии на местах к этому флоту также могут создавать помехи для его функционирования. Она имеет в виду постановку вопросов о защите окружающей среды, состоянии страховки, дру"
122,Радиационная нагрузка на спутники увеличилась после солнечной вспышки высшего класса,В России,,air_pollution,,air_pollution;life_expectancy,,,,life_expectancy,0,1,"Москва. 19 января. INTERFAX.RU - Протоны, выброшенные после вспышки класса Х на Солнце, достигли орбиты Земли и увеличили радиационную нагрузку на космические аппараты, сообщили в лаборатории солнечной астрономии Института космических исследований и Института солнечно-земной физики РАН в понедельник.  ""Красный уровень"", начиная с которого отмечается опасное воздействие частиц высоких энергий на электронику космических аппаратов, превышен в настоящее время примерно в 50 раз и продолжает расти, что наблюдается только при прямом воздействии самых крупных солнечных вспышек на Землю"", - говорится в сообщении.  Отмечается, что плотность протонов с энергией выше 10 мегаэлектронвольт около Земли возросла за последние сутки более чем в 1000 раз.  Ранее в лаборатории сообщили, что на Солнце произошел направленный на Землю крупный выброс плазмы после вспышки X1.95.  Сообщалось, что предварительное "
147,"ЕС расширил санкции против платежных сервисов, в том числе СБП и карт ""Мир""",Экономика,,consumer_price_index;industrial_production_index;enterprises_count,,consumer_price_index;enterprises_count;international_outflow;real_income_index,,industrial_production_index,,international_outflow;real_income_index,1,2,"Они вступят в силу с 25 января 2026 года  Москва. 23 октября. INTERFAX.RU - Новые санкции Евросоюза расширяют ограничения против систем передачи финансовых сообщений, в том числе сервисов Национальной системы платежных карт (НСПК, оператор карт ""Мир"") и Системы быстрых платежей (СБП), сказано в официальном журнале ЕС.  ""Решение расширяет запрет на транзакции организаций и учреждений, подключенных к Системе передачи финансовых сообщений Банка России или к аналогичным специализированным службам обмена финансовыми сообщениями, созданными ЦБ, на другие платежные сервисы - такие, как Национальная система платежных карт (""Мир"") или Система быстрых платежей, созданные ЦБ или иными российскими организациями"", - говорится в публикации.  ЕС с 25 июня 2024 года запретил организациям и учреждениям союза, работающим за пределами России, использовать СПФС или аналогичные сервисы, созданные Банком Росс"
167,Авиация НАТО проводит в Эстонии учения на малой высоте,В мире,,,crime_count,crime_count;internal_departures;life_expectancy,,,,internal_departures;life_expectancy,0,2,"Москва. 1 декабря. INTERFAX.RU - В воздушном пространстве Эстонии в понедельник начались учения ВВС НАТО по отработке полетов на малой высоте, сообщила пресс-служба генерального штаба Сил обороны.  ""В ходе тренировок также могут выполняться также полеты на сверхзвуковой скорости, которые проводятся по согласованию с гражданскими авиадиспетчерскими службами и на предназначенных для этого высотах. Подобные тренировки необходимы для обеспечения готовности авиации НАТО к реагированию на возможные воздушные инциденты"", - говорится в сообщении.  Полеты базирующихся в Эстонии самолетов НАТО пройдут 1 по 7 декабря ноября над территорией всей республики на высоте не ниже 152 метров (500 футов).  Генштаб предупреждает население, что полеты на сверхзвуковой скорости сопровождаются ударной волной и звуковым ударом, который может быть похож на артиллерийский выстрел или взрыв.  Согласно решению Север"
183,Аэропорт Волгограда возобновил работу,В России,,,internal_arrivals;internal_departures;industrial_production_index,industrial_production_index;international_inflow;international_outflow,,,internal_arrivals;internal_departures,international_inflow;international_outflow,2,2,"Москва. 5 февраля. INTERFAX.RU - Аэропорт Волгограда вновь принимает и отправляет рейсы, говорится в сообщении Росавиации.  ""Аэропорт Волгоград. Сняты ограничения на прием и выпуск воздушных судов"", - отмечается в сообщении.  Ограничения вводились для обеспечения безопасности полетов и действовали более шести часов."
187,"Запрет на импорт в ЕС очищенных нефтепродуктов из нефти РФ не коснется США, Британии, Канады и Норвегии",В мире,,,internal_departures;consumer_price_index;industrial_production_index;air_pollution,consumer_price_index;enterprises_count;industrial_production_index;international_outflow;real_income_index,,,air_pollution;internal_departures,enterprises_count;international_outflow;real_income_index,2,3,"Москва. 18 июля. INTERFAX.RU - ЕС в рамках очередного пакета санкций в отношении России ввел в пятницу запрет на продукты переработки российской нефти.  ""ЕС вводит запрет на импорт на продукты переработки, изготовленные из российской нефти, которые могут поступить в третью страну"", - информирует Совет Евросоюза.  ""Исключение составляют Великобритания, Канада, Норвегия, США и Швейцария"", - отмечается в коммюнике.  Упомянутые страны не входят в ЕС."
199,Потери бюджета из-за нелегального табака оценены в 150 млрд рублей в год,Экономика,crime_count,per_capita_income;real_income_index;housing_area_per_capita;consumer_price_index;enterprises_count,,consumer_price_index;enterprises_count;industrial_production_index;living_wage;unemployment_rate,crime_count,housing_area_per_capita;per_capita_income;real_income_index,,industrial_production_index;living_wage;unemployment_rate,4,3,"Москва. 3 июня. INTERFAX.RU - Потери бюджета из-за нелегального оборота табачной и никотинсодержащей продукции ежегодно превышают 150 млрд рублей, сообщил директор по корпоративным отношениям и коммуникациям табачной компании JTI Россия Сергей Глушков на пленарной сессии в рамках Недели российского ритейла.  ""При этом потери добросовестных производителей этой продукции от нелегального оборота составляют 50 млрд рублей в год"", - сказал он.  По его словам, маркировка табачной и никотинсодержащей продукции позволяет снизить объемы нелегальной торговли. На исключение из оборота псевдоторговцев, нелегальных дилеров направлен и законопроект по лицензированию розничной торговли. Но при этом эксперт отметил имеющиеся риски: повышение барьеров для малого бизнеса, сокращение числа точек продаж легальной продукции увеличивает спрос на нелегальную продукцию.  Глушков также призвал усилить контроль з"
274,"Индия может снизить пошлины на импорт, включая автомобили и химикаты",Экономика,,,hospitals;consumer_price_index;industrial_production_index;wastewater_discharge,consumer_price_index;enterprises_count;industrial_production_index,,,hospitals;wastewater_discharge,enterprises_count,2,1,"Москва. 27 февраля. INTERFAX.RU - Индийские власти изучают возможность снижения пошлин на широкий спектр импортируемых товаров, чтобы избежать ответных мер, о которых ранее предупреждал президент США Дональд Трамп, сообщает Bloomberg со ссылкой на информированные источники.  По их словам, в правительстве Индии обсуждают снижение пошлин на ввоз в страну автомобилей, сельскохозяйственной и химической продукции, лекарственных препаратов, а также отдельных видов медицинской техники и электроники.  Ранее премьер-министр Индии Нарендра Моди объявил о снижении сборов с импорта некоторых товаров, включая дорогие мотоциклы и бурбон. Эти товары в страну поставляют преимущественно США, однако в небольшом объеме.  В Дели надеются, что такие усилия помогут Индии заключить торговую сделку с США к осени. Такую цель поставили лидеры обеих стран на встрече в Вашингтоне. Трамп обещал ввести пошлины на имп"
278,Себестоимость строительства многоквартирных домов вырастет в 2025 году более чем на 6%,Экономика,,per_capita_income;real_income_index;housing_area_per_capita;consumer_price_index;primary_housing_price_index,,consumer_price_index;housing_area_per_capita;real_income_index,,per_capita_income;primary_housing_price_index,,,2,0,"Москва. 14 августа. INTERFAX.RU - В России себестоимость строительства многоквартирных домов в 2025 году вырастет более чем на 6%, сказала на тематической онлайн-дискуссии руководитель центра компетенций практики ""Инжениринг"" Strategy Partners Ирина Долгих.  ""Себестоимость строительства за год вырастет больше чем на 6%. Я полагаю, что да, потому что за первое полугодие накоплено уже 4%, и до конца года будет не менее 6%. При благоприятном исходе ненамного больше"", - отметила она.  Эксперты в целом отметили, что рост себестоимости замедлился и теперь находится примерно на уровне инфляции, тогда как в прошлые годы себестоимость росла гораздо более высокими темпами.  ""6% мы точно перешагнем, где-то 8-9% будет. Но себестоимость строительства растет по инфляции, в отличие от нескольких прошлых лет"", - согласились участники дискуссии.  Они отметили, что в 2025 году застройщики фиксируют замедл"
319,Задержка движения поездов в Приамурье из-за схода вагона превысила девять часов,В России,crime_count,wastewater_discharge,internal_departures;industrial_production_index,crime_count;enterprises_count;industrial_production_index;internal_departures,,wastewater_discharge,,enterprises_count,1,1,"Москва. 18 февраля. INTERFAX.RU - Два пассажирских поезда продолжили движение с задержкой свыше девяти часов после завершения восстановительных работ на перегоне в Амурской области, где вечером во вторник с рельсов сошел вагон грузового поезда, сообщает в среду Дальневосточная железная дорога (ДВЖД, филиал ОАО ""РЖД"").  ""В среду на перегоне Путевой пост 2683 км - Верхнезейск завершены восстановительные работы. Пассажирский поезд № 363 Комсомольск-на-Амуре - Тында продолжил следование с опозданием 10 ч 12 мин, № 364 Тында - Комсомольск-на-Амуре отстает от графика на 9 часов"", - говорится в сообщении.  В ДВЖД отметили, что предпринимаются все необходимые меры для сокращения времени опоздания поездов и скорейшего введения их в график.  Сход вагона грузового поезда произошел в 21:51 местного времени на перегоне. На место был направлен восстановительный поезд."
340,Высшая квалификационная коллегия судей прекратила полномочия судьи Момотова,В России,crime_count,per_capita_income;real_income_index;consumer_price_index,,crime_count;enterprises_count;per_capita_income,,consumer_price_index;real_income_index,,enterprises_count,2,1,"Полномочия прекращены в связи с его заявлением об отставке  Москва. 26 сентября. INTERFAX.RU - Высшая квалификационная коллегия судей прекратила полномочия судьи Верховного суда РФ Виктора Момотова.  ""Прекратила полномочия Момотова В.В. - судьи Верховного суда РФ, секретаря Пленума Верховного суда РФ"", - сообщили в коллегии.  В сообщении отмечается, что полномочия прекращены в связи с заявлением судьи об отставке.  Как сообщалось, в Останкинский суд Москвы поступил иск Генпрокуратуры к главе Совета судей РФ Момотову об изъятии более 100 объектов недвижимости, а также к Андрею и Ивану Марченко, на которых, по мнению надзорного ведомства, и было оформлено это имущество. Беседа по делу назначена судом на 30 сентября.  В иске надзорное ведомство отмечает грубые нарушения Момотовым антикоррупционного законодательства, незаконную предпринимательскую деятельность, а также использование предоста"
349,"США, Европа и Украина планируют выстроить общую позицию на переговорах с Путиным",В мире,,,international_inflow;consumer_price_index;wastewater_discharge,consumer_price_index;international_inflow;international_outflow;life_expectancy,,,wastewater_discharge,international_outflow;life_expectancy,1,2,"Москва. 9 августа. INTERFAX.RU - Высокопоставленные чиновники из США, ряда стран Европы и Украины могут в эти выходные собраться в Великобритании, чтобы выработать общую позицию по встрече президентов США Дональда Трампа и России Владимира Путина, сообщает Axios со ссылкой на источники.  Идея провести такую встречу возникла в связи с тем, что ""Украина и несколько союзников по НАТО в частном порядке заявляли об обеспокоенности тем, что Трамп может согласиться на предложения Путина о прекращении войны без учета их позиции"", считает портал.  В публикации отмечается, что организация этих переговоров все еще находится в стадии обсуждения, в том числе неясно, кто примет в ней участие.  Ранее Трамп заявил, что его встреча с Путиным состоится 15 августа на Аляске , информацию подтвердили в Кремле."
357,Китай вывел на орбиту группу исследовательских спутников,В мире,,,,enterprises_count;industrial_production_index;international_inflow,,,,enterprises_count;industrial_production_index;international_inflow,0,3,"Москва. 19 ноября. INTERFAX.RU - Ракета-носитель ""Чанчжэн-2С"" (Long March-2C) в среду вывела на орбиту три исследовательских спутника – Shijian-30A, Shijian-30B и Shijian-30C, сообщило издание China Daily.  Запуск был осуществлен с космодрома Цзюцюань на северо-западе Китая в 12:01 по пекинскому времени (в 07:01 по Москве).  Все спутники вышли на заданные орбиты.  Они будут в основном использоваться для исследования космической среды и проверки соответствующих технологий."
358,Путин встретится с главой Сбербанка,В России,,enterprises_count,,consumer_price_index;enterprises_count;industrial_production_index,,,,consumer_price_index;industrial_production_index,0,2,"Москва. 29 июля. INTERFAX.RU - Президент РФ Владимир Путин во вторник встретится с главой Сбербанка Германом Грефом, сообщил пресс-секретарь президента Дмитрий Песков.  ""Сегодня из открытых будет встреча президента с руководителем Сбербанка Германом Грефом. Периодически встречаются они, Греф рассказывает о результатах работы за определенный период нашего системообразующего банка"", - сказал Песков.  Все остальные контакты президента, работающего во вторник в Кремле, будут носить непубличный характер, отметил его пресс-секретарь."
362,"Рынок акций РФ открылся в утреннюю сессию снижением индекса IMOEX2 на 0,9%",В мире,mortality_rate,per_capita_income;real_income_index;consumer_price_index;industrial_production_index;enterprises_count,,consumer_price_index;enterprises_count;industrial_production_index,mortality_rate,per_capita_income;real_income_index,,,3,0,"Москва. 3 июня. INTERFAX.RU - Рынок акций РФ на старте торгов утренней сессии на Мосбирже во вторник демонстрирует умеренное снижение на фоне неуверенности инвесторов в скором окончании процесса урегулирования конфликта вокруг Украины, лидируют в откате ценные бумаги ""ЛУКОЙЛа"" на дивидендной отсечке (финальный дивиденд за 2024 год - 541 рубль на акцию). Некоторую поддержку котировкам российских акций оказывает рост мировых рынков капитала, в том числе цен на нефть.  К 07:01 МСК индекс МосБиржи составил 2803,61 пункта (-0,92%); цены большинства ""голубых фишек"" на Мосбирже демонстрируют негативную динамику в пределах 5%.  Подешевели акции ""ЛУКОЙЛа"" (-5%), ""Аэрофлота"" (-1,2%), ""Газпрома"" (-0,7%), ВТБ (-0,5%), ""ММК"" (-0,5%), ""Русала"" (-0,5%), ""Московской биржи"" (-0,4%), ""Норникеля"" (-0,3%), ""Магнита"" (-0,3%), Сбербанка (-0,2%, ""префы"" потеряли в цене 0,4%), АФК ""Система"" (-0,2%), ""Т-Технолог"
381,СК России возбудил уголовное дело по факту гибели подростка в Подмосковье,В России,crime_count;mortality_rate,life_expectancy;unemployment_rate;hospitals,infant_mortality,crime_count;hospitals;life_expectancy;mortality_rate,,unemployment_rate,infant_mortality,,2,0,"Москва. 20 декабря. INTERFAX.RU - Возбуждено уголовное дело по факту гибели подростка и травмирования двух человек в результате взрыва пиротехнического устройства в Химках Московской области, сообщили в СК России в субботу.  ""По предварительным данным следствия, произошел взрыв пиротехнического устройства, в результате которого погиб 12-летний подросток. Еще один несовершеннолетний с травмами различной степени тяжести госпитализирован в медицинское учреждение. Также в результате происшествия пострадала 51-летняя женщина, находившаяся поблизости. Она госпитализирована для оказания медицинской помощи"", - говорится в сообщении.  В ведомстве уточнили, что дело возбуждено по признакам преступления, предусмотренного ст.109 УК РФ (причинение смерти по неосторожности).  ""Проводятся необходимые следственные действия для установления всех обстоятельств происшествия"", - добавили в СКР.  В областном"
399,"СКР проводит выемку документов в авиакомпании ""Ангара"" после крушения Ан-24",В России,crime_count;mortality_rate,life_expectancy;unemployment_rate;enterprises_count;wastewater_discharge,industrial_production_index,crime_count;enterprises_count;life_expectancy;mortality_rate,,unemployment_rate;wastewater_discharge,industrial_production_index,,3,0,"Москва. 24 июля. INTERFAX.RU - Следователи работают с документацией в авиакомпании ""Ангара"" после крушения Ан-24 в Амурской области, сообщили ""Интерфаксу"" в Восточном межрегиональном следственном управлении на транспорте (МСУТ) СК России в четверг.  ""В авиакомпании ""Ангара"" проводится выемка документов, связанных с воздушным судном, которое потерпело крушение в Амурской области. Кроме того, берутся образцы топлива в аэропорту Благовещенска"", - сказал представитель Восточного МСУТ СКР.  Изъяты летная, эксплуатационная и техническая документации на воздушное судно и членов его экипажа. В аэропорту Благовещенска также изъяты документы о предполетном обслуживании воздушного судна. Как свидетели допрошены сотрудники авиакомпании иаэропортов Благовещенска и Тынды. Назначены химическая и летно-техническая судебные экспертизы.  Ан-24 авиакомпании ""Ангара"", следовавший по маршруту Хабаровск-Благо"
432,Крикалев выразил надежду на дальнейшее сотрудничество с США по космосу,В России,,enterprises_count,,international_inflow;international_outflow,,enterprises_count,,international_inflow;international_outflow,1,2,"Москва. 15 июля. INTERFAX.RU - Заместитель гендиректора ""Роскосмоса"" по пилотируемым и автоматическим комплексам Сергей Крикалев заявил, что надеется на дальнейшее многолетнее сотрудничество с США в космической сфере.  ""Я надеюсь, в будущем это сотрудничество (с США - ИФ) будет продолжаться ещё многие годы"", - сказал Крикалев на торжественном вечере, посвященном 50-летию программы ""Союз - Аполлон"".  ""Я хочу сказать всем, кто продолжает нынешнее международное сотрудничество: мы берем пример тех взаимоотношений, которые были сформированы 50 лет назад по программе ""Союз - Аполлон"", - заявил он.  12 апреля глава ""Роскосмоса"" Дмитрий Баканов сообщил о договоренности с NASA синхронизировать сроки завершения работ на Международной космической станции (МКС).  В декабре 2023 года правительство США одобрило продление соглашения по использованию МКС до 2030 года. В апреле того же года Россия проинф"
468,Аэропорт Калуги возобновил работу,В России,,,internal_arrivals;internal_departures;industrial_production_index,enterprises_count;industrial_production_index;international_inflow;international_outflow,,,internal_arrivals;internal_departures,enterprises_count;international_inflow;international_outflow,2,3,"Москва. 26 февраля. INTERFAX.RU - Ограничения на прием и выпуск самолетов сняты в аэропорту Калуги, сообщили в Росавиации.  ""Сняты временные ограничения на прием и выпуск воздушных судов"", - говорится в сообщении.  Воздушная гавань не принимала и не отправляла рейсы более двух часов. Ограничения вводились для обеспечения безопасности полетов."
486,Аэропорт Самары возобновил прием и выпуск рейсов,В России,,,internal_arrivals;internal_departures;industrial_production_index,enterprises_count;industrial_production_index;international_inflow;international_outflow,,,internal_arrivals;internal_departures,enterprises_count;international_inflow;international_outflow,2,3,"Москва. 1 января. INTERFAX.RU - Временные ограничения на прием и выпуск воздушных судов в аэропорту Самары сняты, сообщил представитель Росавиации Артем Кореняко.  ""Аэропорт Самара (Курумоч). Сняты ограничения на прием и выпуск воздушных судов"", - написал он в своем телеграм-канале.  Ограничения вводили для обеспечения безопасности полетов, добавил Кореняко."
506,ЦБ 2 сентября проведет пресс-конференцию Заботкина по проекту основных направлений ДКП,Экономика,,per_capita_income;real_income_index;consumer_price_index;enterprises_count,,consumer_price_index;per_capita_income;real_income_index,,enterprises_count,,,1,0,"Москва. 27 августа. INTERFAX.RU - Банк России 2 сентября проведет пресс-конференцию заместителя председатеря банка Алексея Заботкина по проекту основных направлений единой государственной денежно-кредитной политики (ОНЕГДКП) на 2026-2028 годы, говорится в сообщении ЦБ.  Мероприятие пройдет в 15:00.  В основных направлениях ДКП Банк России обычно раскрывает базовый и альтернативные сценарии развития. Предыдущий документ (на 2025-2027 годы) включает базовый и три альтернативных сценария (рисковый, дезинфляционный и проинфляционный). Они отличаются друг от друга различным соотношением факторов спроса и предложения."
573,Глава Роспотребнадзора рассказала про зарубежный интерес к противоэпидемическим разработкам РФ,В России,,per_capita_income;living_wage;qualified_doctors,,hospitals;international_inflow;qualified_doctors,,living_wage;per_capita_income,,hospitals;international_inflow,2,2,"Москва. 24 июня. INTERFAX.RU - Многие страны проявляют интерес к российским алгоритмам, методикам и технологиям в области противоэпидемической работы, заявила в интервью ""Интерфаксу"" глава Роспотребнадзора Анна Попова.  ""Многие страны проявляют огромный интерес к нашим разработкам: алгоритмам, методикам, технологиям в области противоэпидемической работы. Они хотят перенимать наш опыт, обучать своих специалистов, получать дополнительное образование, использовать наши тест-системы и оборудование"", - сказала Попова.  Она отметила, что ведомством ведется ""очень большая работа"" в сфере обеспечения биологической безопасности, эта работа расширяется. Так, Россия открывает международные центры совместно с различными странами, на данный момент их четыре. Также на сегодняшний день лаборатории и специалисты Роспотребнадзора работают в 50 странах мира.  ""Это сотрудничество имеет огромное значение ка"
613,Выборы в Госдуму в 2026 году будут проходить по новой схеме одномандатных округов,В России,,enterprises_count,,enterprises_count;internal_arrivals;population_size,,,,internal_arrivals;population_size,0,2,"Москва. 25 апреля. INTERFAX.RU - Выборы в Госдуму в 2026 году будут проходить по новой схеме одномандатных округов, которую Центризбирком России подготовил и рассматривает на заседании 25 апреля, сообщил замглавы комиссии Николай Булаев.  По его словам, ""схему округов разрабатывает ЦИК России и представляет на рассмотрение в Госдуму не позднее чем за 80 дней до дня истечения срока, на который была утверждена прежняя схема"".  ""Прежняя схема была утверждена в 2015 году. Срок действия текущей редакции федерального закона - 10 лет, эти 10 лет истекают, и мы обязаны принять новую нарезку одномандатных округов и представить ее на рассмотрение в Госдуму"", - добавил Булаев.  В соответствии с новой схемой нарезки в ДНР образуется три округа, в ЛНР - два округа, Запорожская и Херсонская области - по одному округу. Таким образом, новые регионы получили в общей сложности семь округов.  Увеличение на"
667,"Путин заявил, что цена газа для поставок по ""Силе Сибири 2"" рассчитывается по той же формуле, как и при поставках в Европу",Экономика,,consumer_price_index;industrial_production_index,,consumer_price_index;enterprises_count;industrial_production_index,,,,enterprises_count,0,1,"Москва. 5 сентября. INTERFAX.RU - Цена поставок газа по новому газопроводу ""Сила Сибири 2"" рассчитывается по такой же формуле, как при поставках газа в Европу, заявил президент РФ Владимир Путин в ходе пленарного заседания ВЭФ.  При этом он подчеркнул, что цены носят рыночный характер. И они ""рассчитываются по фактически такой же формуле, как и рассчитывались при поставках в Европу"".  ""Формула одна и та же. Но составляющие этой формулы, цены на различные продукты, из которых и складывается цена на газ, они просто разные в разных регионах мира. В Европе это одни цены, в Азии другие. А формула определения цены одна и та же. Она абсолютно рыночная"", - заявил Путин.  Президент заметил, что ""это были долгие переговоры"", но участники экономической деятельности прекрасно понимают, что это непростой процесс. ""Но все стремятся к достижению результата, в котором заинтересованы обе договаривающиеся"
714,Путин назвал бредом сообщения о планах России напасть на Европу,В России,,consumer_price_index,,crime_count,,consumer_price_index,,crime_count,1,1,"Москва. 19 июня. INTERFAX.RU - Президент РФ Владимир Путин назвал ложью и бредом сообщения, в которых утверждается, что Россия планирует напасть на страны Европы и НАТО.  ""Вот эта легенда о том, что Россия собирается нападать на Европу, на страны НАТО, это вот та самая невероятная ложь, в которую пытаются заставить поверить население западно-европейских стран"", - сказал Путин на встрече с руководителями мировых информационных агентств.  ""Но это же, мы понимаем, что это бред"", - добавил российский президент."
727,"Орбан посоветовал ЕС вкладывать деньги в свою экономику, а не тратить на Украину",В мире,,living_wage,per_capita_income;real_income_index;consumer_price_index,consumer_price_index;enterprises_count;industrial_production_index;real_income_index,,living_wage,per_capita_income,enterprises_count;industrial_production_index,2,2,"Москва. 12 февраля. INTERFAX.RU - Премьер-министр Венгрии Виктор Орбан считает, что, если Евросоюз хочет укрепить свою экономику, то блок должен перестать отправлять финансовую помощь Украине. Как пишет Guardian, он сказал это журналистам перед неформальной встречей лидеров ЕС в Бельгии.  ""Не отправляйте свои деньги кому-то еще, если они нужны вам для обеспечения вашей конкурентоспособности, так что не отправляйте деньги Украине"", - сказал Орбан.  По его словам, ЕС не должен делать этого, если серьезно настроен повышать уровень своей экономики.  В январе Орбан уже заявлял, что Венгрия не собирается предоставлять финансовую поддержку Украине. Он подчеркнул, что Будапешт не поддерживает план ЕС выделить кредит для передачи денег Киеву."
755,МосБиржа в марте 2026 года изменит время клиринга на срочном рынке,Экономика,,enterprises_count,,consumer_price_index;enterprises_count;industrial_production_index,,,,consumer_price_index;industrial_production_index,0,2,"Москва. 5 ноября. INTERFAX.RU - Московская биржа c 23 марта 2026 года переведет срочный рынок на единую торговую сессию, скорректировав время клиринга, говорится в сообщении площадки.  Изменения предполагают, что вечерний клиринг будет разбит на две части: переоценка позиций проводится с 23:50 до 00:30 по московскому времени, исполнение требований и обновление фактических остатков в 20:00 следующего дня.  Сейчас биржа проводит промежуточный клиринг с 14:00 до 14:05, основной - с 18:50 до 19:05.  Торги на срочном рынке, как и сейчас, будут проводиться с 8:50 до 23:50. При этом вечерняя сессия (с 19:00 до 23:50) станет частью текущего торгового дня, ранее она относилась к следующему дню.  ""Новый формат торгового расписания станет более логичным и удобным для совершения операций как профессиональными участниками рынка, так и частными инвесторами: торговый день и календарный день будут синхр"
774,"Котировки Brent замедлили рост до $81,34 за баррель",Экономика,crime_count,consumer_price_index;industrial_production_index;enterprises_count,,consumer_price_index;crime_count;enterprises_count;industrial_production_index;international_inflow;international_outflow;life_expectancy;real_income_index,,,,international_inflow;international_outflow;life_expectancy;real_income_index,0,4,"Москва. 17 января. INTERFAX.RU - Котировки нефти замедлили рост днем в пятницу.  К 14:37 по Москве мартовские фьючерсы на Brent дорожали на лондонской бирже ICE Futures на $0,05 (0,06%) - до $81,34 за баррель. Февральские фьючерсы на WTI к этому моменту дорожали на бирже NYMEX на $0,29 (0,37%) - до $78,97 за баррель.  Поддержку котировкам продолжают оказывать опасения в отношении последствий американских санкций против российской энергетической отрасли, снижение нефтяных запасов в США и рост спроса на топливо в зимний период, пишет Trading Economics.  Кроме того, спрос на энергоносители может улучшиться благодаря подъему экономической активности в случае снижения процентных ставок Федеральной резервной системы. Рынок на 86,7% уверен, что в этом году американский центробанк снизит их минимум на 25 базисных пунктов, и полностью исключает их повышение, по данным CME FedWatch.  Рост цен на н"
829,Медсправки для водителей останутся в прежнем формате до 2027 года,В России,,life_expectancy;hospitals;outpatient_clinics,,hospitals;qualified_doctors,,life_expectancy;outpatient_clinics,,qualified_doctors,2,1,"Москва. 31 июля. INTERFAX.RU - Минздрав опроверг информацию о переводе медицинской справки для водителей в электронный формат до марта 2027 года.  ""Никаких изменений в процесс медосвидетельствования или форму справки с 1 августа внесено не будет"", - сообщил помощник министра здравоохранения Алексей Кузнецов в четверг.  Изменения в порядок организации медицинского освидетельствования водителей, в том числе изменение формы медицинского заключения, вступят в силу с 1 марта 2027 года.  ""К этому времени заинтересованными органами власти будут приняты все необходимые подзаконные акты, подготовлены подробные разъяснения"", - уточнил Кузнецов.  Ранее в ряде СМИ появилась информация о том, что с 1 августа водители должны будут получать медсправки в электронном формате."
850,"Котировки Brent стабилизировались около $63,4 за баррель",Экономика,,consumer_price_index;industrial_production_index;enterprises_count,,consumer_price_index;enterprises_count;industrial_production_index;real_income_index,,,,real_income_index,0,1,"Москва. 11 апреля. INTERFAX.RU - Цены на нефть в пятницу стабилизировались около уровня закрытия предыдущей сессии, но завершают снижением вторую неделю подряд на фоне эскалации торговой войны США и Китая.  К 14:10 по Москве июньские фьючерсы на Brent дорожали на лондонской бирже ICE Futures на $0,05 (0,08%) до $63,38 за баррель. Майские фьючерсы на WTI к этому времени дорожали на бирже NYMEX на $0,03 (0,05%), до $60,1 за баррель.  С начала этой недели цены на нефть снизились примерно на 3%, за предыдущую неделю обе марки подешевели почти на 11%.  В пятницу цена Brent поднималась до $64,37 за баррель, WTI - до $61,09 за баррель, однако котировки развернулись вниз на новости о повышении Китаем пошлин для американских товаров.  Пекин увеличил пошлины для США до 125% с 84% в качестве ответной меры на объявленные ранее Вашингтоном шаги. Новые тарифы начнут действовать с 12 апреля, сообщило м"
868,"Режим ЧС введен на месте пожара в Каменске-Шахтинском, где сгорели дома",В России,,life_expectancy;per_capita_income;housing_area_per_capita,,consumer_price_index;crime_count;housing_area_per_capita;internal_departures;mortality_rate,,life_expectancy;per_capita_income,,consumer_price_index;crime_count;internal_departures;mortality_rate,2,4,"Москва. 17 сентября. INTERFAX.RU - Локальный режим ЧС введен в городе Каменск-Шахтинский Ростовской области на пострадавшей от пожара территории, сообщил губернатор региона Юрий Слюсарь в своем телеграм-канале.  ""Серьезный пожар разгорелся около полудня. К сожалению, огонь не пощадил жилые дома, пострадали 13 домовладений, из них шесть жилых, причем четыре дома сгорели дотла. Муниципалитет ввел режим ЧС на пострадавшей территории. Это позволит оперативно организовать выплаты и поддержку тем, кто остался без крова"", - написал Слюсарь.  Он отмечает, что причины пожара выяснят правоохранительные органы. В том числе, проверят версию о неосторожном обращении с огнем.  В городе Каменске-Шахтинском произошло возгорание сухой растительности, огонь перешел на частные жилые дома и хозпостройки. Огнем было уничтожено пять частных домов и семь хозпостроек. На базе одной из школ развернут пункт време"
892,"Премьер Эстонии заявил, что НАТО увеличит свое присутствие в Балтийском море",В мире,,crime_count,life_expectancy;consumer_price_index;industrial_production_index,crime_count;enterprises_count;industrial_production_index;mortality_rate,,,consumer_price_index;life_expectancy,enterprises_count;mortality_rate,2,2,"Москва. 2 января. INTERFAX.RU - НАТО в связи с последними событиями, связанными с повреждениями подводной критически важной инфраструктуры в Балтийском море, увеличит свое присутствие в его акватории, заявил премьер-министр Эстонии Кристен Михал.  ""Точные шаги не будут обнародованы, пока они не будут предприняты"", - сказал он на пресс-конференции в четверг в Таллине.  Михал выразил удовлетворение действиями Финляндии, задержавшей зарегистрированный на Островах Кука танкер Eagle S, который подозревается в повреждении эстонско-финского электрокабеля EstLink 2 и, по данным финской таможни, принадлежит российскому ""теневому флоту"".  ""Это очень принципиальный шаг"", - подчеркнул премьер Эстонии, добавив, что ""так же, как финны, должны вести себя и другие страны"". ""Власти Эстонии также готовы к таким действиям"", - сказал он.  25 декабря эстонский оператор сетей электро- и газоснабжения Elering "
897,"Подведена дорога к севшему на мель танкеру ""Волгонефть 239"" в Керченском проливе",В России,,life_expectancy;consumer_price_index;industrial_production_index;air_pollution;wastewater_discharge,,air_pollution;consumer_price_index;enterprises_count;housing_area_per_capita;industrial_production_index;internal_departures;mortality_rate,,life_expectancy;wastewater_discharge,,enterprises_count;housing_area_per_capita;internal_departures;mortality_rate,2,4,"Москва. 14 января. INTERFAX.RU - Глава МЧС РФ Александр Куренков сообщил, что специалисты за сутки построили подъездную техническую дорогу к кормовой части севшего на мель танкера ""Волгонефть 239"" в акватории Керченского пролива.  ""Была поставлена задача провести дорогу к танкеру, и эта задача выполнена. Вторым этапом, к которому мы подходим именно сегодня, - это обвалование. Принято решение обвалование делать с двух сторон. После окончания обвалования продолжится работа по подогреву оставшегося топлива и его выкачиванию"", - приводит пресс-служба ведомства слова Куренкова.  Отмечается, что решение об обваловании было принято с целью ""стабилизации положения корпуса судна и недопущения дальнейшего попадания мазута в открытое море"".  По итогам осмотра места крушения министр поручил ответственным лицам незамедлительно переходить к обвалованию танкера.  15 декабря в Керченском проливе потерпе"
383,"Нефть ускорила рост, Brent подорожала до $65,72 за баррель",Экономика,consumer_price_index;industrial_production_index;enterprises_count,life_expectancy;real_income_index,air_pollution,consumer_price_index;enterprises_count;industrial_production_index;real_income_index,,life_expectancy,air_pollution,,2,0,"Москва. 3 июня. INTERFAX.RU - Подъем нефтяных котировок вечером во вторник усилился.  Цена августовских фьючерсов на сорт Brent на лондонской бирже ICE Futures по данным на 17:53 по московскому времени повысилась на $1,09 (1,69%), до $65,72 за баррель.  Фьючерсы на нефть WTI на июль на Нью-Йоркской товарной бирже (NYMEX) подорожали к этому времени на $1,23 (1,97%), до $63,75 за баррель.  Рынок следит за развитием ситуации в канадской провинции Альберта, где нефтедобывающие компании резко сократили добычу из-за лесных пожаров. В результате пожаров приостановлена работа мощностей, на которые приходится добыча в размере порядка 350 тыс. баррелей в сутки, или 7% всего производства нефти в Канаде.  Поддержку котировкам также оказали сильные статданные по рынку труда США.  Количество открытых вакансий в Штатах в апреле увеличилось на 191 тыс. и составило 7,391 млн, говорится в отчете министерс"
273,КТК сообщил о повреждении выносного причала N2 в результате террористической атаки,В России,industrial_production_index;enterprises_count;crime_count,life_expectancy;mortality_rate,,air_pollution;crime_count;enterprises_count;industrial_production_index,,life_expectancy;mortality_rate,,air_pollution,2,1,"Как отметили в Каспийском трубопроводном консорциуме, дальнейшей эксплуатации он не подлежит  Москва. 29 ноября. INTERFAX.RU - Выносное причальное устройство N2 (ВПУ-2) Каспийского трубопроводного консорциума (КТК) в субботу получило значительные повреждения в результате целенаправленной террористической атаки безэкипажными катерами (БЭК), сообщает консорциум.  ""По введенному капитаном морского порта Новороссийск предписанию погрузочные операции и иные операции были прекращены, танкеры отведены за пределы акватории КТК. Пострадавших среди персонала КТК и подрядчиков не имеется. В момент взрыва ВПУ системы аварийной защиты обеспечили перекрытие соответствующих трубопроводов. Предварительно попадания нефти в акваторию Черного моря не произошло"", - говорится в сообщении .  Отмечается, что дальнейшая эксплуатация ВПУ-2 не представляется возможной. Отгрузки на терминале будут осуществляться в"
378,"Cochilco повысила прогноз цен на медь до $4,45 за фунт в 2025 году и до $4,55 в 2026 году",Экономика,consumer_price_index;industrial_production_index;enterprises_count,life_expectancy;real_income_index,,consumer_price_index;enterprises_count;industrial_production_index,,life_expectancy;real_income_index,,,2,0,"Москва. 26 ноября. INTERFAX.RU - Средняя цена меди в 2025 году составит $4,45 за фунт, в 2026 году - $4,55 за фунт, прогнозирует Чилийская госкомиссия по меди (Cochilco).  Ранее ожидалось $4,3 за фунт как в 2025, так и в 2026 году, напомнила комиссия.  Также прогнозируется, что цены на металл сохранят тенденцию к росту как минимум до 2030 года, поскольку предложение отстает от спроса, заявил координатор рынка горнодобывающей промышленности Cochilco Виктор Гарай. Он отметил, что при этом сохраняются такие риски, как изменение импортных пошлин и спроса.  Добыча меди в мире в 2025 году, как ожидается, составит 22,9 млн тонн, а в 2026 году увеличится до 23,8 млн тонн.  ""Корректировки прогноза цен на медь в сторону повышения на текущий и следующий годы обусловлены сокращением предложения меди на рынке, ожиданием снижения процентных ставок Федеральной резервной системой США, ослаблением америк"
65,Жители двух белгородских сел остались без света после атаки дронов ВСУ,В России,crime_count,life_expectancy;industrial_production_index;mortality_rate,,crime_count;housing_area_per_capita;life_expectancy,,industrial_production_index;mortality_rate,,housing_area_per_capita,2,1,"Москва. 23 февраля. INTERFAX.RU - - Два населённых пункта подверглись атакам украинских беспилотников, сообщил губернатор Белгородской области Вячеслав Гладков в своем телеграм-канале.  По предварительной информации, пострадавших нет.  Гладков сообщил, что в селе Берёзовка Борисовского района в результате атаки беспилотников повреждены автомобиль и линия электропередачи. На девяти улицах временно отсутствует электроснабжение.  В селе Рождественка Грайворонского округа после атаки дрона повреждена линия электропередачи, в связи с чем жители села временно остаются без света."
404,Российские производители мяса озабочены резким ростом импорта курятины из Китая,Экономика,consumer_price_index;enterprises_count,real_income_index;industrial_production_index,,consumer_price_index;enterprises_count;industrial_production_index;real_income_index;unemployment_rate,,,,unemployment_rate,0,1,"Москва. 20 января. INTERFAX.RU - Российские производители мяса, прежде всего свинины и курятины, озабочены резким ростом импорта мяса птицы из Китая, который произошел в 2025 году. Они считают, что за этой динамикой надо внимательно следить и своевременно реагировать на нее.  ""Тренд, о котором не могу сегодня не сказать, поскольку он начал играть все более серьезную роль, - это начавшийся обвальный импорт, обвальный в обратную сторону, относительно дешевой китайской курицы, а точнее филе грудки"", - заявил глава Национального союза свиноводов России Юрий Ковалев на конференции ""Агротренды России - 2026"".  По его словам, импорт растет огромными темпами. ""По итогам года мы ввезли уже более 110 тысяч тонн, примерно уже по 20 тысяч тонн в месяц. И если мы такими темпами продолжим это делать, то 200-250 тысяч тонн ввезенного такого постного филе равносильно полумиллиону тонн свинины в пересчет"
555,Президент РФ назвал пиратством атаки Украины на суда в Черном море,В России,crime_count,life_expectancy;industrial_production_index,enterprises_count,crime_count;industrial_production_index;mortality_rate,,life_expectancy,enterprises_count,mortality_rate,2,1,"Москва. 2 декабря. INTERFAX.RU - Президент РФ Владимир Путин назвал пиратством атаки Киева на суда в Чёрном море и пообещал жесткие ответные меры.  ""Какие ответные меры могут быть? Во-первых, мы расширим номенклатуру наших ударов по портовым сооружениям и кораблям, которые заходят в украинские порты"", - сказал во вторник Путин, отвечая на просьбу журналистов прокомментировать атаки Киева на суда в Чёрном море.  ""Второе: если это будет продолжаться, мы рассмотрим возможность - я не говорю, что мы будем это делать, но рассмотрим возможность - ответных мер в отношении судов тех стран, которые помогают Украине совершать эти пиратские акции"", - подчеркнул Путин.  Президент РФ отметил, что атаки совершаются даже не в нейтральных водах, а в особой экономической зоне третьего государства.  Он подчеркнул, что РФ и ранее отвечала на подобного рода акции, и эти ответы ""были гораздо более эффективны"
684,"УК сети клиник ""Мать и дитя"" ожидает в 2025 году роста выручки на 28%",Экономика,hospitals;qualified_doctors;enterprises_count,industrial_production_index,,enterprises_count;hospitals;qualified_doctors,,industrial_production_index,,,1,0,"Москва. 10 июня. INTERFAX.RU - МКПАО ""МД Медикал Груп"" (ГК ""МД Медикал"", МДМГ, управляет сетью клиник ""Мать и дитя"" ) рассчитывает по итогам 2025 года нарастить выручку на 28% - до 42-43 млрд рублей с учетом приобретенных в мае клиник ГК ""Эксперт"", заявила финансовый директор компании Ия Лукьянова в эфире Telegram-канала ""Газпромбанк Инвестиции"".  МДМГ в конце мая сообщила о покупке сети клиник ГК ""Эксперт"" за 8,5 млрд рублей. В периметр сделки входят 3 госпиталя и 18 клиник в 13 городах России общей площадью 33 595 кв. м.  По словам Лукьяновой, МДМГ планирует начать консолидировать клиники ""Эксперт"" в свою отчетность начиная с I полугодия 2025 года.  ""На 2025 год мы понимаем, что наша консолидированная выручка будет примерно 42-43 млрд рублей, потому что ""Эксперт"" добавляется с конца мая. И мы планируем наши темпы роста в диапазоне +15%, и ""Эксперт"" растет сопоставимо. В целом совокупно"
867,"""АвтоВАЗ"" снизил план продаж Lada в феврале на 15%",Экономика,industrial_production_index;enterprises_count,real_income_index,per_capita_income,consumer_price_index;enterprises_count;industrial_production_index;real_income_index,,,per_capita_income,consumer_price_index,1,1,"Москва. 17 февраля. INTERFAX.RU - Продажи Lada в России в феврале пока невелики, ""АвтоВАЗ"" снизил планы реализации на текущий месяц на 15%, рассчитывая достичь отметки примерно в 20 тысяч автомобилей, сообщил журналистам глава компании Максим Соколов на полях ""Недели российского бизнеса - 2026"".  ""Автостат"" ранее сообщал о снижении регистраций легковых Lada в России г/г в январе на 28,7%, до 19,7 тысячи штук. При этом общий объем авторынка в прошлом месяце эксперты агентства оценивали в 80,6 тысячи штук (-9,5% г/г). Как сообщил журналистам Соколов, объем отгрузок Lada в дилерскую сеть ""АвтоВАЗа"" в январе был сопоставимым с уровнем января 2025 года.  ""Позитивных комментариев с надеждами на начало 2026 года с точки зрения объемов авторынка и темпов продаж я не слышал. И, в общем-то, этот пессимизм себя оправдал. Январь мы прошли примерно так же, как январь 2025 года. Может быть, даже чуть "
204,Китай в ноябре неожиданно снизил импорт газа на фоне подорожания СПГ,Экономика,consumer_price_index;industrial_production_index,real_income_index,,consumer_price_index;enterprises_count;industrial_production_index,,real_income_index,,enterprises_count,1,1,"Москва. 20 января. INTERFAX.RU - Ноябрь в китайской газовой статистике обычно был месяцем пикового импорта и обновления рекордов. Однако в 2024 году показатели заметно уступили как историческим рекордам этого месяца, так и пришедшимся на летние месяцы внутригодовым максимумам 2024 года. Причина может быть в сезонном сокращении притока газа из Центральной Азии и подорожании СПГ.  В ноябре 2024 года общие поставки природного газа в Китай (по трубе и по морю) составили 15,03 млрд куб. м, что на 9% меньше, чем в том же месяце 2023 года (16,449 млрд куб. м - это был абсолютный рекорд месячного импорта для КНР). Внутри 2024 года были более внушительные цифры - 15,295 млрд куб. м в июле и 15,593 млрд куб. м в августе.  Газопроводы  Одна из причин изменения тенденции - сниженный объем поставок газа по трубопроводам. Прием газа через эту сеть составил 5,735 млрд куб. м, что лишь на символические "
255,Представители России и Киргизии подписали изменения в протокол о развитии ВТС,В России,,hospitals,international_inflow;crime_count,hospitals;international_inflow;international_outflow;qualified_doctors,,,crime_count,international_outflow;qualified_doctors,1,2,"Москва. 26 ноября. INTERFAX.RU - В рамках государственного визита президента России Владимира Путина в Киргизию были подписаны изменения в протокол о развитии военно-технического сотрудничества стран.  ""Первый заместитель министра обороны Киргизской республики Тайбек Шаршеев и статс-секретарь заместитель директора федеральной службы по военно-техническому сотрудничеству ВТС РФ Михаил Бабич обменялись протоколом о внесении изменений в Договор между Киргизской республикой и Российской Федерацией по развитию военно-технического сотрудничества от 20 июня 2017 года"", - сообщил ведущий в ходе обмена подписанными документами.  Всего было подписано несколько документов, в том числе совместное заявление об углублении союзничества и стратегического партнерства.  Министерства экономики России и Киргизии подписали меморандум о сотрудничестве в сфере стратегического планирования.  Между кабинетом мин"
549,"""Газпром"" зафиксировал объем размещения флоатера на уровне 40 млрд рублей",Экономика,industrial_production_index;enterprises_count,,per_capita_income,enterprises_count,industrial_production_index,,per_capita_income,,2,0,"Москва. 21 ноября. INTERFAX.RU - ООО ""Газпром капитал"" зафиксировало объем размещения облигаций серии БО-003Р-07 со сроком обращения 3,5 года в размере 40 млрд рублей, сообщил ""Интерфаксу"" источник на финансовом рынке.  Сбор заявок на флоатер планируемым объемом от 20 млрд рублей прошел 21 ноября с 11:00 до 15:00.  По выпуску будут выплачиваться плавающие ежемесячные купоны, определяемые как сумма доходов за каждый день купонного периода, исходя из значения ключевой ставки Банка России плюс спред. При открытии книги заявок ориентир спреда составлял не выше 160 б.п., в ходе маркетинга ориентир один раз снижался, в финале составив 150 б.п.  Организаторами выступают Газпромбанк, Совкомбанк и Sber CIB. Поручитель - ПАО ""Газпром"" . Техразмещение запланировано на 26 ноября. Выпуск доступен для приобретения неквалифицированным инвесторам после тестирования, а также удовлетворяет требованиям по "
562,Трамп с Си Цзиньпином обсудили украинское урегулирование,В мире,consumer_price_index,real_income_index;industrial_production_index,,consumer_price_index;enterprises_count;industrial_production_index;international_inflow;international_outflow,,real_income_index,,enterprises_count;international_inflow;international_outflow,1,3,"Москва. 19 сентября. INTERFAX.RU - Президент США Дональд Трамп сообщил, что одной из тем его разговора с председателем КНР Си Цзиньпином была ситуация на Украине.  ""Мы добились успехов по многим важным вопросам, включая торговлю, фентанил, необходимость завершить войну между Россией и Украиной, одобрение соглашения по TikTok"", - написал он в соцсети Truth Social.  Трамп охарактеризовал разговор как ""очень продуктивный"" и ""очень хороший"" и пообещал, что снова поговорит по телефону с Си Цзиньпином.  Ранее Трамп заявил в интервью Fox News, что, по его мнению, Европа могла бы оказать на Китай давление для прекращения конфликта на Украине.  На прошлой неделе Financial Times сообщала, что Вашингтон намерен оказывать давление на страны G7 с целью убедить их повысить пошлины на товары из Китая и Индии, покупающих российскую нефть. Трамп в свою очередь заверял, что разрешению украинского кризиса "
723,Закон о штрафах до 500 тыс. руб. за продажу детям энергетиков принят Госдумой,В России,life_expectancy,industrial_production_index,crime_count,children_benefits;crime_count;life_expectancy,,industrial_production_index,,children_benefits,1,1,"Москва. 22 мая. INTERFAX.RU - Госдума в четверг приняла закон об установлении ответственности за продажу несовершеннолетним безалкогольных тонизирующих напитков.  Закон вводит административную ответственность за продажу несовершеннолетнему безалкогольных тонизирующих напитков (в том числе энергетических), предусмотрев за данное правонарушение следующие размеры штрафов: на граждан от 30 тыс. до 50 тыс. руб.; на должностных лиц - от 100 тыс. до 200 тыс. руб.; на юр. лиц - от 300 тыс. до 500 тыс. руб.  Дела о таких административных правонарушениях будут рассматривать руководители органов исполнительной власти субъектов РФ, осуществляющие региональный государственный контроль (надзор) в области продажи безалкогольных тонизирующих напитков (в том числе энергетических), и их заместители.  Также дела будут рассматривать должностные лица органов внутренних дел (полиции) - при непосредственном об"
837,ЕС продлил санкции против РФ на полгода,В мире,industrial_production_index;enterprises_count,,air_pollution,consumer_price_index;enterprises_count;industrial_production_index;international_outflow;real_income_index,,,air_pollution,consumer_price_index;international_outflow;real_income_index,1,3,"Москва. 30 июня. INTERFAX.RU - Совет ЕС объявил о продлении в понедельник экономических санкций Евросоюза в отношении России на полгода, до 31 января 2026 года.  ""Эти экономические меры, впервые введенные в 2014 году, были значительно расширены с февраля 2022 года"", - напоминают в Брюсселе.  В коммюнике совета сообщается, что эти санкции ""состоят из широкого спектра секторальных мер, включая ограничения на торговлю, финансы, энергетику, технологии и товары двойного назначения, промышленность, транспорт и предметы роскоши"".  Они также охватывают ""запрет на импорт или перевалку морской сырой нефти и некоторых нефтепродуктов из России в ЕС, систему SWIFT для ряда российских банков и приостановление вещательной деятельности и лицензий в Европейском союзе нескольких российских СМИ"".  ""Кроме того, конкретные меры позволяют ЕС противодействовать обходу санкций"", - сказано в сообщении.  По оценк"
935,"В ""АвтоВАЗе"" заявили, что индексация цен на Lada в 2026 г. должна учитывать НДС и рост себестоимости",В России,consumer_price_index;industrial_production_index,real_income_index,,consumer_price_index;enterprises_count;real_income_index,industrial_production_index,,,enterprises_count,1,1,"Москва. 21 ноября. INTERFAX.RU - Индексация цен на модельный ряд российского автомобильного бренда Lada в 2026 году должна учитывать повышение НДС с 20% до 22% и рост себестоимости производства, сообщил журналистам президент АО ""АвтоВАЗ"" Максим Соколов в кулуарах ""Транспортной недели"".  На вопрос о том, планируется ли очередное повышение цен на Lada в 2026 году, Соколов ответил, что ""цены будут индексироваться не только по инфляции, но и по росту себестоимости"".  Он отметил, что ""повышение НДС автоматически увеличивает затраты минимум на 2%"".  ""Последняя индексация у нас была почти год назад, в январе прошлого года: менее 2% - в несколько раз ниже уровня официальной инфляции. Так долго сдерживать рост невозможно - импорт вырос, агрессивный демпинг со стороны китайских стоков давил на рынок"", - сказал Соколов.  Глава ""АвтоВАЗа"" добавил, что ""цены должны подтягиваться вслед за реальной себ"
24,Авария на водоканале оставила без воды около пяти тысяч жителей Саратова,В России,wastewater_discharge,life_expectancy,,housing_area_per_capita;life_expectancy;wastewater_discharge,,,,housing_area_per_capita,0,1,"Москва. 27 сентября. INTERFAX.RU - Коммунальные службы устраняют крупную аварию на сетях водоканала в Саратове, сообщили ""Интерфаксу"" в прокуратуре региона в субботу.  Авария произошла в Кировском районе города. Без воды осталось 15 многоэтажных домов, около пяти тысяч человек, добавили в прокуратуре.  Завершить аварийно-ремонтные работы планируется до полуночи."
243,ЦБ не ждет проблем на валютном рынке из-за санкций против крупнейших экспортеров,Экономика,enterprises_count,industrial_production_index,,consumer_price_index;enterprises_count;industrial_production_index;real_income_index,,,,consumer_price_index;real_income_index,0,2,"Москва. 27 ноября. INTERFAX.RU - Новые санкции против российских нефтяных компаний могут привести к временному сокращению выручки крупнейших экспортеров, но в прошлом ситуация восстанавливалась через несколько месяцев, проблем на валютном рынке не ожидается, заявил зампред Банка России Филипп Габуния на пресс-конференции в четверг.  ""Новые санкции против российских нефтяных компаний, которые могут привести к временному сокращению выручки крупнейших экспортеров. Но опыт показывает, что проходит несколько месяцев, каналы продаж и расчетов меняются, и ситуация восстанавливается"", - сказал он.  ""Так что проблем на валютном рынке мы не ожидаем"", - сделал вывод Габуния."
569,Суд заменил девелоперу Худояну неотбытый срок в колонии исправительными работами,В России,enterprises_count,,crime_count,crime_count;enterprises_count;per_capita_income,,,,per_capita_income,0,1,"Москва. 17 сентября. INTERFAX.RU - Люблинский суд Москвы удовлетворил ходатайство о замене на более мягкое наказание основателю и владельцу компании Optima Development Альберту Худояну, осужденному на 8 лет колонии за мошенничество.  ""Постановлением Люблинского районного суда Худояну Альберту Ашотовичу заменен срок неотбытого лишения свободы более мягким видом наказания, а именно исправительными работами на срок 2 года"", - сообщили в суде.  На свободу предприниматель сможет выйти после вступления решения суда в законную силу.  В ноябре 2021 года суд приговорил Худояна к 8 годам колонии со штрафом в 600 тыс. руб. Второго фигуранта дела - бывшего гендиректора компании ""Авиасити"" Сергея Коноплева - к 3 годам лишения свободы со штрафом в 200 тыс. руб. Также суд удовлетворил иск потерпевшей стороны к осужденным на сумму в 4,2 млрд руб.  Худоян и Коноплев были признаны виновными в особо крупно"
591,Французская судоходная CMA CGM купила долю в американском производителе биогаза,Экономика,industrial_production_index;enterprises_count,,,consumer_price_index;enterprises_count;industrial_production_index;international_inflow,,,,consumer_price_index;international_inflow,0,2,"Москва. 22 августа. INTERFAX.RU - Французская судоходная CMA CGM Group - третья по величине компания по контейнерным перевозкам в мире - приобрела миноритарную долю в американской Vanguard Renewables из США, специализирующейся на производстве биогаза, сообщает Vanguard.  Инвестиции, сделанные через энергетический фонд PULSE CMA CGM, обеспечат перевозчику доступ к топливу из органических отходов - биометану (Renewable Natural Gas, RNG), производимому на объектах американской компании. В частности, транспортировщику будет выделено до четырех проектов RNG, которые будут поддерживать флот CMA CGM, работающий на СПГ, по мере перехода от ископаемого топлива к более чистой альтернативной энергии.  CMA CGM Group представлена в 160 странах, имеет обширный флот, состоящий из более чем 650 судов, обслуживает 420 из 521 торгового порта и управляет более чем 250 судоходными линиями. В 2022 году компа"
781,Начальные классы перевели на дистант из-за морозов в Воронеже,В России,,,preschool_coverage;enterprises_count,consumer_price_index;housing_area_per_capita;life_expectancy,,,enterprises_count;preschool_coverage,consumer_price_index;housing_area_per_capita;life_expectancy,2,3,"Москва. 1 февраля. INTERFAX.RU - Дистанционная форма обучения вводится для учеников начальных классов в Воронеже из-за аномальных морозов, сообщил мэр Сергей Петрин.  ""Приняли решение в понедельник и вторник перевести с 1 по 4 классы школ Воронежа на дистанционный формат обучения. Если кто-то из родителей по разным причинам не сможет оставить ребенка дома, детей встретят учителя в своих классах, школах"", - написал он в своем телеграм-канале в воскресенье.  Работа детских садов будет организована в обычном режиме. Власти обратились к родителям с просьбой постараться по возможности не вести малышей по сильному морозу в сады.  Петрин отметил, что последующие решения по организации учебного процесса будут приниматься в зависимости от погодных условий.  Со своей стороны министерство образования Воронежской области рекомендовало школам учитывать температуру воздуха при организации учебного про"
825,"ЗАЭС потеряла внешнее электроснабжение из-за отключения линии ""Днепровская""",В России,,industrial_production_index,enterprises_count,consumer_price_index;enterprises_count;industrial_production_index;life_expectancy,,,,consumer_price_index;life_expectancy,0,2,"Москва. 4 июля. INTERFAX.RU - Внешнее электроснабжение полностью прекращено на Запорожской АЭС, сообщили в пятницу представители станции.  ""В результате отключения высоковольтной линии 750 кВ ""Днепровская"" Запорожская АЭС потеряла внешнее электроснабжение. Питание собственных нужд осуществляется от дизель-генераторов"", - говорится в телеграм-канале станции.  Причины отключения линии выясняются, добавили на станции. Оборудование ЗАЭС находится в безопасном состоянии, нарушений пределов и условий безопасности не зафиксировано.  Представители ЗАЭС добавили, что радиационный фон на площадке станции, в санитарно-защитной зоне и зоне наблюдения не превышает природных значений.  ЗАЭС получает электроэнергию для собственных нужд с правого берега Днепра, подконтрольного Украине, по двум линиям: основной 750 кВ ""Днепровская"" и резервной - 330 кВ "" Ферросплавная -1"". Об отключении линии 330 кВ на З"
990,"""ФосАгро"" во II квартале увеличила скорректированную EBITDA на 28% до 50 млрд руб.",Экономика,enterprises_count,industrial_production_index,,consumer_price_index;enterprises_count;industrial_production_index,,,,consumer_price_index,0,1,"Москва. 7 августа. INTERFAX.RU - Группа ""ФосАгро"" в I полугодии увеличила скорректированную EBITDA по МСФО в 1,5 раза до 115,3 млрд рублей, сообщила компания.  В том числе во II квартале, по расчетам, скорректированная EBITDA выросла на 28% в годовом сопоставлении, до 50 млрд рублей. Это примерно соответствует прогнозам аналитиков (консенсус-прогноз составлял 49,7 млрд рублей).  Выручка ""ФосАгро"" за 6 месяцев выросла на 24% до 298,6 млрд рублей. Рост был связан в основном с увеличением объемов продаж фосфорных и азотных удобрений на фоне восстановления с начала года средних цен реализации на глобальных рынках, отмечает компания. Также среди факторов, оказавших влияние на выручку, укрепление рубля к доллару во II квартале.  Квартальная выручка компании выросла на 14% до 139,2 млрд рублей.  Свободный денежный поток (FCF) за полугодие вырос более чем вдвое и составил 56,5 млрд рублей. На ег"
269,Пепловый шлейф от камчатского вулкана Шивелуч протянулся на 40 км,В России,,,air_pollution,air_pollution;internal_departures;life_expectancy,,,,internal_departures;life_expectancy,0,2,"Москва. 14 января. INTERFAX.RU - Шлейф от выброшенного вулканом Шивелуч на Камчатке пепла протянулся на 40 км, сообщает Камчатская группа реагирования на вулканические извержения (KVERT) Института вулканологии и сейсмологии Дальневосточного отделения РАН во вторник.  ""Видео и спутниковые данные, полученные KVERT, показывают, что шлейф поднявшегося пепла простирается примерно на 40 км к востоку-юго-востоку от вулкана"", - говорится в сообщении.  Этот пепел со склонов Шивелуча подняло ветром.  Для Шивелуча установлен оранжевый код опасности для авиации. Вулкан опасен для местных авиаперевозок.  Шивелуч - самый северный действующий вулкан Камчатки, расположенный в 45 км от поселка Ключи Усть-Камчатского района, где проживают около 5 тыс. человек. Это один из крупнейших вулканов Камчатки."
353,Три украинских дрона были сбиты над Мурманской областью,В России,crime_count,,,crime_count;life_expectancy;mortality_rate,,,,life_expectancy;mortality_rate,0,2,"Москва. 3 мая. INTERFAX.RU - Российские военные сообщили, что сбили три украинских беспилотника над Мурманской областью.  ""С 19:10 до 19:50 мск дежурными средствами ПВО уничтожены три украинских беспилотных летательных аппарата самолетного типа над территорией Мурманской области"", - сообщили в Минобороны РФ."
425,"Ростехнадзор не выявил недостатков, влияющих на эксплуатацию энергоблока №1 ЗАЭС",В России,,industrial_production_index,,enterprises_count;industrial_production_index;life_expectancy,,,,enterprises_count;life_expectancy,0,2,"Москва. 31 января. INTERFAX.RU - Ростехнадзор проверил ключевое оборудование энергоблока №1 Запорожской АЭС, нарушений не выявлено, сообщили представители станции в субботу.  ""В ходе планового контроля, который периодически проводит на Запорожской атомной электростанции Ростехнадзор, было проинспектировано ключевое оборудование энергоблока №1 (...) Недостатков, влияющих на безопасную эксплуатацию энергоблока, не выявлено. Оборудование функционирует в соответствии с установленными требованиями"", - говорится в сообщении в телеграм-канале ЗАЭС.  Уточняется, что специалисты проверили парогенераторы, компенсатор давления и рекомбинаторы водорода. В проверке участвовали эксперты МАГАТЭ.  ""Проведенная инспекция подтверждает, что эксплуатация энергоблока №1 Запорожской АЭС ведется в строгом соответствии с нормами безопасности при постоянном контроле как национальных, так и международных надзорны"
441,Минобороны сообщило о трех сбитых дронах над Крымом,В России,crime_count,,,crime_count;life_expectancy;mortality_rate,,,,life_expectancy;mortality_rate,0,2,"Москва. 18 февраля. INTERFAX.RU - Средства противовоздушной обороны сбили три украинских беспилотника над Крымом, сообщили в Минобороны.  ""18 февраля в период с 19:25 до 19:35 по Москве дежурными средствами ПВО уничтожены три украинских беспилотных летательных аппарата над территорией республики Крым"", - говорится в сообщении."
479,"Россияне в 2024 г. подали 606 тыс. заявлений на шенгенские визы, доля отказов - 7,5%",В России,international_outflow,,,consumer_price_index;international_inflow;international_outflow,,,,consumer_price_index;international_inflow,0,2,"Москва. 20 мая. INTERFAX.RU - Российские туристы в 2024 году подали 606,6 тыс. заявлений на оформление шенгенских виз, а получили 541,8 тыс., доля отказов снизилась по сравнению с 2023 годом и составила 7,5%, следует из статистики Еврокомиссии.  По сравнению с 2023 годом число поданных заявлений на визы выросло на 16,5%, а выданных виз - на 20,7%. Доля отказов снизилась почти на 3% - с 10,6% в 2023 году до 7,5% в 2024. Из числа оформленных виз почти 224 тыс. или 41% составили многократные. В 2023 году доля многократных виз составляла 49%.  Всего в 2024 году во всем мире было подано 11,7 млн заявлений на оформление шенгенских виз. В первую пятерку заявителей вошли Китай, Турция, Индия, Марокко и Россия. Доля отказов в среднем для всех стран составила 14,8%. Она почти вдвое выше, чем показатель России - 7,5%.  Среди оформленных в 2024 году 9,7 млн шенгенских виз больше всего выдала Франция"
617,Аэропорт Саратова возобновил работу,В России,industrial_production_index,,,enterprises_count;industrial_production_index;international_inflow,,,,enterprises_count;international_inflow,0,2,"Москва. 8 декабря. INTERFAX.RU - Аэропорт Саратова ""Гагарин"" снял временные ограничения на прием и выпуск воздушных судов, сообщил представитель Росавиации Артем Кореняко в своем телеграм-канале.  В период действия ограничений на запасной аэродром был отправлен один самолет. Экипажи воздушных судов, авиадиспетчеры и службы аэропортов приняли все необходимые меры для обеспечения безопасности полетов - это приоритет, написал Кореняко.  Ограничения вводились для обеспечения безопасности полетов."
721,Росреестр напомнил об изменении с марта порядка регистрации сделок с землей,В России,housing_area_per_capita,,,consumer_price_index;enterprises_count,housing_area_per_capita,,,consumer_price_index;enterprises_count,1,2,"Москва. 12 февраля. INTERFAX.RU - В России с 1 марта изменится порядок регистрации сделок с земельными участками, напоминают в пресс-службе Росреестра.  ""С 1 марта 2025 года вступает в силу Федеральный закон от 26.12.2024 № 487-ФЗ. Одна из ключевых новелл закона предусматривает изменение порядка регистрации сделок с земельными участками"", - говорится в сообщении.  Речь идет о введении новых оснований для приостановления учетно-регистрационных действий как в отношении земельных участков, так и в отношении расположенных на них зданий или сооружений.  В частности, с 1 марта 2025 года регистрировать землю будет невозможно, если в Едином государственном реестре недвижимости (ЕГРН) отсутствуют сведения о местоположении границ участка. Также нельзя будет поставить на кадастровый учет или оформить права на здание, сооружение или объект незавершенного строительства, расположенные на земельном уча"
778,Число сбитых на подлете к Москве БПЛА увеличилось до 19,В России,crime_count,,,crime_count;life_expectancy;mortality_rate,,,,life_expectancy;mortality_rate,0,2,"Москва. 15 февраля. INTERFAX.RU - Мэр Москвы Сергей Собянин сообщил о 19-м беспилотнике, сбитом на подлете к столице.  ""Силами ПВО Минобороны уничтожен БПЛА, летевший на Москву. На месте падения обломков работают специалисты экстренных служб"", - написал мэр в своем канале в мессенджере Мах.  Ранее Минобороны сообщило , что за вечер воскресенья было сбито 43 дрона ВСУ, в том числе, над Московским регионом."
816,Временные ограничения в аэропорту Нижнего Новгорода сняты,В России,industrial_production_index,,,industrial_production_index;international_inflow;international_outflow,,,,international_inflow;international_outflow,0,2,"Москва. 27 июля. INTERFAX.RU - Ограничения на прием и выпуск воздушных судов, введенные ранее в воскресенье нижегородском аэропорту, сняты, сообщил в воскресенье представитель Росавиации Артем Кореняко.  ""Ограничения вводили для обеспечения безопасности полетов"", - написал он в своем телеграм-канале.  В период действия ограничений один самолет, выполнявший рейс в Нижний Новгород, ""ушел"" на запасной аэродром, добавил Кореняко."
828,Минобороны РФ сообщило о поражении утром 6 БПЛА над Брянской и Курской областями,В России,crime_count,,,crime_count;life_expectancy;mortality_rate,,,,life_expectancy;mortality_rate,0,2,"Москва. 7 декабря. INTERFAX.RU - Российские военные сообщили, что с 7:00 до 8:00 дежурными средствами ПВО уничтожены шесть украинских беспилотных летательных аппаратов самолетного типа.  Как уточнили в Минобороны РФ, по три беспилотника было ликвидировано над Брянской и Курской областями.  Ранее сообщалось о нейтрализации в ночь на воскресенье 77 украинских БПЛА над над Саратовской, Ростовской, Волгоградской, Белгородской, Астраханской областями, Крымом и Чечней."
833,Аэропорт Саратова приостановил работу,В России,industrial_production_index,,,enterprises_count;industrial_production_index;international_outflow,,,,enterprises_count;international_outflow,0,2,"Москва. 18 февраля. INTERFAX.RU - Аэропорт Саратова временно не принимает и не отправляет рейсы, сообщили в Росавиации.  ""Аэропорт Саратов (Гагарин): введены временные ограничения на прием и выпуск воздушных судов"", - говорится в сообщении.  Ранее сообщалось о временном закрытии волгоградского аэропорта."
959,"Журналистка ""Дождя"" Монгайт стала фигурантом дела о фейках о ВС РФ",В России,,,enterprises_count,crime_count;per_capita_income;unemployment_rate,,,enterprises_count,crime_count;per_capita_income;unemployment_rate,1,3,"Москва. 21 июля. INTERFAX.RU - Журналистка телеканала ""Дождь"" (признан нежелательной организацией и иноагентом) Анна Монгайт (признана иноагентом) стала фигурантом дела о фейках об армии России, сообщает столичный Следственный комитет.  Она подозревается по п. ""д"" ч. 2 ст. 207.3 УК РФ (публичное распространение заведомо ложной информации об использовании Вооруженных сил Российской Федерации) .  По данным следствия, Монгайт разместила в мессенджере публикации, ""в которых, согласно исследованию, содержится заведомо ложная информация о действиях Вооруженных Сил Российской Федерации на территории другого государства"".  ""Противоправная деятельность фигуранта была выявлена в ходе совместной работы следователей столичного Следственного комитета и оперативных служб. В настоящее время рассматривается вопрос об объявлении Монгайт в розыск"", - сказали в ведомстве."
168,Минстрой оценил в 415 млрд рублей просроченную задолженность за ЖКУ в РФ,В России,enterprises_count,real_income_index;housing_area_per_capita;industrial_production_index,living_wage;consumer_price_index;wastewater_discharge,consumer_price_index;enterprises_count;housing_area_per_capita,,industrial_production_index;real_income_index,living_wage;wastewater_discharge,,4,0,"Москва. 12 ноября. INTERFAX.RU - Суммарная просроченная задолженность за услуги по тепло- и водоснабжению, а также водоотведению на сегодняшний день составляет 415 млрд рублей, заявил министр строительства и ЖКХ РФ Ирек Файзуллин в среду.  ""Суммарная просроченная задолженность за теплоснабжение, водоснабжение и водоотведение сегодня составляет 415 млрд рублей. Это важный источник средств для финансирования программы модернизации коммунальной инфраструктуры. Необходимо обеспечить возврат этих средств в экономику жилищно-коммунального хозяйства, ресурсоснабжающих организаций и управляющих компаний"", - сказал Файзуллин на заседании ""Функционирование государственной информационной системы жилищно-коммунального хозяйства как инструмента управления жилищной сферой"" в Совете Федерации.  Он подчеркнул, что для этого Минстроем инициировано проведение эксперимента по взысканию дебиторской задолжен"
396,ФАС выявила сговор на торгах по поставке жизненно важных лекарств,В России,life_expectancy;consumer_price_index;enterprises_count,real_income_index;hospitals;industrial_production_index,crime_count,consumer_price_index;enterprises_count;hospitals;life_expectancy,,industrial_production_index;real_income_index,crime_count,,3,0,"Москва. 24 января. INTERFAX.RU - Федеральная антимонопольная служба выявила сговор на торгах на поставку жизненно важных лекарственных препаратов на сумму свыше 664 млн рублей. Возбуждено дело о нарушении антимонопольного законодательства в отношении двух компаний, сообщила ФАС.  ""Служба возбудила дело о нарушении антимонопольного законодательства в отношении участников торгов для нужд государственных учреждений здравоохранения в 62 регионах"", - говорится в сообщении.  ООО ""МФК ""Арфа"" и ООО ""Просторы здоровья"" подозреваются в заключении и реализации антиконкурентного соглашения с целью поддержания цен на торгах на поставку лекарств, в том числе препаратов для граждан, имеющих право на получение государственной социальной помощи, а также препаратов, входящих в перечень жизненно необходимых и важнейших (ЖНВЛП).  По данным ФАС, организации одерживали победу на торгах без снижения или с мини"
899,МЧС поставит в Белгородскую область 176 передвижных электростанций,В России,crime_count,life_expectancy;hospitals;housing_area_per_capita;industrial_production_index,wastewater_discharge,consumer_price_index;crime_count;hospitals;housing_area_per_capita;industrial_production_index;internal_departures;life_expectancy,,,wastewater_discharge,consumer_price_index;internal_departures,1,2,"Москва. 17 февраля. INTERFAX.RU - Белгородская область получит передвижные электростанции для жизнеобеспечения населения во время энергосбоев, сообщил глава МЧС РФ Александр Куренков на рабочей встрече в Москве с губернатором региона Вячеславом Гладковым.  ""На минувшей неделе были отправлены первые колонны, доставлено уже порядка 100 электростанций. Сегодня ожидается прибытие Донского спасательного центра МЧС России с очередной партией. Всего запланировано доставить в регион 176 электростанций спасателями ведомства"", - приводит пресс-служба МЧС РФ слова Куренкова.  Кроме того, по личному распоряжению главы МЧС России региону выделен максимальный объем новейших образцов техники и оборудования, которые поступают на вооружение подразделений министерства.  ""В их числе бронированный транспорт для защиты личного состава, топливозаправщики, дополнительные электрогенераторы для объектов здравоох"
355,Инвесторам в МТОР в ДФО компенсируют до 100% ставки ЦБ по инфраструктурным кредитам,В России,consumer_price_index;industrial_production_index;enterprises_count,real_income_index,per_capita_income,consumer_price_index;enterprises_count;industrial_production_index,,real_income_index,per_capita_income,,2,0,"Москва. 17 июля. INTERFAX.RU - Инвесторам на создаваемых с 1 января 2026 года на территории Дальневосточного федерального округа международных территориях опережающего развития (МТОР) будут компенсировать до 100% ставки рефинансирования ЦБ по кредитам на строительство инфраструктуры. Об этом говорится в законе № 518787-8 , принятом Госдумой в окончательном чтении.  Правительство внесло в Госдуму законопроект о создании в рамках существующего института территорий опережающего развития нового вида - международной территории опережающего развития (МТОР) в ноябре 2023 года.  МТОР будут создаваться в границах муниципальных образований субъектов ДФО по решению федерального правительства либо на основании международного договора. Основной целью их создания названы благоприятные условия для международного сотрудничества и реализации совместных с иностранными партнерами инвестиционных проектов. О"
466,"Фондовые рынки Европы выросли вслед за акциями оборонных компаний, Stoxx Europe 600 обновил рекорд",Экономика,consumer_price_index;enterprises_count;air_pollution,real_income_index,crime_count,consumer_price_index;enterprises_count;industrial_production_index;international_inflow;international_outflow,air_pollution,real_income_index,crime_count,industrial_production_index;international_inflow;international_outflow,3,3,"Москва. 4 марта. INTERFAX.RU - Фондовые индексы крупнейших стран Западной Европы выросли в понедельник вслед за котировками акций оборонных компаний, а также автопроизводителей.  Лидеры европейских стран и Канады встретились в воскресенье в Лондоне для обсуждения плана по завершению конфликта на Украине. В ходе дискуссии было принято решение об увеличении расходов на оборону в Европе.  На этом фоне уверенно подорожали бумаги представителей европейского ВПК, в том числе французского производителя истребителей Dassault Aviation (+15,2%), британской BAE Systems (+14,3%), французской Thales (+16,7%), германской Rheinmetall (+15%), итальянской Leonardo (+17,4%), шведской Saab AB (+10,2%).  Рыночная стоимость германской Hensoldt, специализирующейся на радарах и оптических датчиках для военных самолетов и подводных лодок, взлетела на 22%.  Сводный индекс крупнейших европейских компаний Stoxx Eu"
715,В Волгореченске после атаки БПЛА школы и детские сады закрыли на сутки,В России,crime_count,life_expectancy;industrial_production_index;mortality_rate,preschool_coverage,crime_count;hospitals;life_expectancy,,industrial_production_index;mortality_rate,preschool_coverage,hospitals,3,1,"Москва. 6 ноября. INTERFAX.RU - Оперштаб Костромской области после атаки БПЛА в Волгореченске решил не открывать 6 ноября детские сады и школы, сообщает телеграм-канал правительства региона.  ""Оперативным штабом принято решение закрыть на один день в целях безопасности детские сады и школы Волгореченска. Работники администрации города Волгореченска и сельских поселений, находящихся рядом с городом, проводят обходы граждан, чтобы убедиться в их безопасности"", - говорится в сообщении.  Отмечается, что все оперативные службы работают в усиленном режиме. Ведется работа по устранению последствий атаки БПЛА.  Беспилотная опасность вводилась в регионе в ночь на 6 октября.  ""В Волгореченске Костромской области отражена атака беспилотников. Под утро жители города слышали работу защитной системы – прозвучало несколько хлопков. В настоящее время на месте работают оперативные службы, которые устраня"
890,Количество пострадавших в ДТП в Тульской области увеличилось до 14,В России,life_expectancy;hospitals;crime_count,mortality_rate,internal_departures,crime_count;hospitals;life_expectancy,,mortality_rate,internal_departures,,2,0,"Четверо из пострадавших госпитализированы  Москва. 3 января. INTERFAX.RU - До 14 человек увеличилось количество пострадавших в результате ДТП с туристическим автобусом в Тульской области, сообщил министр здравоохранения региона Сергей Мухин.  ""В результате ДТП травмы различной степени тяжести получили 14 человек, среди которых 12 женщин и двое мужчин. В лечебные учреждения региона доставлены 13 пострадавших, один человек от эвакуации в больницу отказался"", - написал он в субботу своем телеграм-канале.  Он отметил, что в настоящий момент девять человек направлены на амбулаторное лечение, четверо госпитализированы. Они находятся в состоянии средней степени тяжести. Их жизни ничего не угрожает.  В своем телеграм-канале губернатор Тульской области Дмитрий Миляев сообщил, что остальные пассажиры, первоначально доставленные в учреждения здравоохранения, после оказания медицинской помощи были о"
946,"Суд запретил экс-предправления московского банка ""Легион"" Сокеркину выезжать из РФ",В России,industrial_production_index;enterprises_count;crime_count,real_income_index,per_capita_income,consumer_price_index;enterprises_count,crime_count;industrial_production_index,real_income_index,per_capita_income,consumer_price_index,4,1,"Москва. 27 января. INTERFAX.RU - Арбитражный суд Москвы 23 января удовлетворил заявление Агентства по страхованию вкладов (АСВ, конкурсный управляющий московского банка ""Легион"") о запрете выезда из России бывшему председателю правления банка Игорю Сокеркину.  В определении суда, размещенном на сайте, говорится, что в поступившем 21 января заявлении АСВ просило установить экс-банкиру запрет на выезд из РФ ""до полного исполнения судебных актов о привлечении контролировавших АКБ ""Легион"" лиц к субсидиарной ответственности... в отношении Сокеркина Игоря Владимировича"".  Потенциальный размер ответственности Сокеркина может превысить 8,8 млрд руб. Согласно сведениям о ходе конкурсного производства, по состоянию на 1 ноября 2024 года размер неудовлетворенных требований кредиторов составляет более 9 млрд руб.  В документе отмечается, что судами установлен недобросовестный и неразумный характер "
84,Три человека погибли в аварии в Орловской области,В России,mortality_rate,life_expectancy;hospitals,birth_rate_per_1000,crime_count;life_expectancy;mortality_rate,,hospitals,birth_rate_per_1000,crime_count,2,1,"Москва. 20 сентября. INTERFAX.RU - Орловские полицейские устанавливают обстоятельства ДТП, в котором три человека погибли, еще трое пострадали, сообщили ""Интерфаксу"" в пресс-службе УМВД России по региону.  По словам собеседника, авария произошла в субботу на автодороге Калуга - Перемышль - Белёв - Орёл.  ""По предварительным данным, водитель Renault Duster не справился с управлением и, зацепив правой стороной обочину, выехал на полосу встречного движения, где произошло столкновение с Hyundai Elantra. После столкновения Renault Duster перевернулся. В результате аварии на месте ДТП погибли водитель Renault Duster, пассажир-женщина и мальчик 2014 года рождения, находившийся на заднем сиденье"", - сказал он.  Представитель пресс-службы отметил, что телесные повреждения получили водитель и двое пассажиров Hyundai Elantra, в том числе ребенок. Их госпитализация не потребовалась."
91,На подлете к Севастополю сбито три воздушные цели,В России,,life_expectancy;industrial_production_index;mortality_rate,crime_count,crime_count;life_expectancy;mortality_rate,,industrial_production_index,,,1,0,"Москва. 28 августа. INTERFAX.RU - Средствами ПВО уничтожено три воздушные цели над Черным морем у Севастополя, сообщил губернатор Михаил Развожаев.  ""Громкие звуки, которые были слышны в городе - это силы ПВО уничтожили 3 воздушных цели над морской акваторией вблизи Севастополя. По предварительной информации, никакие объекты инфраструктуры в городе не пострадали"", - написал Развожаев в своем телеграм-канале в среду вечером."
117,"Бенефициар ""Облкоммунэнерго"" Алексей Бобров задержан в Екатеринбурге",В России,enterprises_count;crime_count,industrial_production_index,per_capita_income,consumer_price_index;crime_count;enterprises_count,,industrial_production_index,per_capita_income,consumer_price_index,2,1,"Москва. 23 сентября. INTERFAX.RU - Сотрудники правоохранительных органов задержали бенефициара ""Облкоммунэнерго"" Алексея Боброва, сообщили ""Интерфаксу"" в правоохранительных органах.  ""Алексея Боброва правоохранители доставили в Екатеринбург, где он был задержан по статье 91 УПК РФ. На этом же основании задержана соратница энергетических олигархов Татьяна Черных"", - сказал собеседник агентства.  По информации источника, сейчас с Бобровым и Черных проводятся следственные действия.  Последняя является председателем совета директоров ""Корпорации СТС"", указано на сайте компании.  Как сообщалось, правоохранительные органы в рамках дела о хищении бюджетных средств также задержали и.о. гендиректора ""Объединенной теплоснабжающей компании"" (дочерняя компания ""Облкоммунэнерго"") Артема Носкова и бывшего руководителя теплоснабжающей компании Антона Боликова.  Генпрокуратура ранее подала в Ленинский р"
119,"Минэнерго ждет снижения добычи угля в 2025 г. в Кузбассе на 5-6%, если ситуация не изменится",Экономика,consumer_price_index;industrial_production_index;enterprises_count,real_income_index,,consumer_price_index;enterprises_count;industrial_production_index,,real_income_index,,,1,0,"Москва. 1 сентября. INTERFAX.RU - Министерство энергетики РФ ожидает снижения добычи угля в Кемеровской области в 2025 году на 10-12 млн тонн, сообщил ""Интерфаксу"" статс-секретарь - заместитель министра энергетики Дмитрий Исламов.  В 2024 году в Кемеровской области было добыто 198,4 млн тонн угля. Таким образом, снижение может составить 5-6%.  ""По году будет ""минус"" 10-12 млн тонн, если ситуация не изменится. Сегодня ряд угольных компаний, чтобы сохранить производство, отрасль и долю на рынке, продолжают добывать и экспортировать даже себе в убыток"", - сказал замминистра.  ""Сокращаются, в первую очередь, неэффективные мощности - где осталось небольшое количество запасов, уголь низкого качества, слабая экономическая модель"", - подчеркнул Исламов.  Он также отметил, что ""ситуация будет выправляться"". ""Ключевая ставка меняется, мы это видим сейчас. Кроме того, такие факторы, как мировые цен"
161,"МВФ снизил прогноз роста ВВП РФ на 2025 год до 0,9%",Экономика,consumer_price_index;enterprises_count,real_income_index;industrial_production_index,,enterprises_count;industrial_production_index;per_capita_income;real_income_index,consumer_price_index,,,per_capita_income,1,1,"Москва. 29 июля. INTERFAX.RU - Международный валютный фонд (МВФ) существенно понизил свой прогноз роста российской экономики в 2025 году - до 0,9% с 1,5% - после незначительного его повышения в апреле (на 0,1 п.п., с 1,4%). Такие данные содержатся в обновленном июльском обзоре мировой экономики (World Economic Outlook Update. Global Economy: Tenuous Resilience amid Persistent Uncertainty), опубликованном фондом во вторник.  Оценка фонда таким образом находится ниже диапазона прогноза Банка России, который ожидает рост ВВП РФ в 2025 году на 1-2%, а также существенно ниже апрельского прогноза Минэкономразвития в базовом сценарии - 2,5%.  Прогноз по росту российской экономики на 2026 год немного улучшен - до 1% с 0,9%, что попадает в интервал прогноза ЦБ (0,5%-1,5%), но ниже оценки Минэкономразвития в 2,4%.  Глобальная экономика  Прогноз роста глобальной экономики повышен на текущий год на "
290,"Квартальная выручка УК сети клиник ""Мать и дитя"" выросла на 40,3%",Экономика,hospitals;qualified_doctors;enterprises_count,,birth_rate_per_1000,consumer_price_index;enterprises_count;hospitals;outpatient_clinics,qualified_doctors,,birth_rate_per_1000,consumer_price_index;outpatient_clinics,2,2,"Москва. 30 октября. INTERFAX.RU - МКПАО ""МД Медикал Груп"" (ГК ""МД Медикал"", МДМГ), управляет сетью клиник ""Мать и дитя"" ) в III квартале 2025 года нарастило выручку по МСФО на 40,3% - до 11,6 млрд рублей, сообщила компания.  Рост достигнут за счет востребованности амбулаторной и стационарной медицинской помощи, высоких показателей по родам, а также благодаря результатам присоединившейся к группе сети медицинских центров ""Эксперт"", доля в общей выручке которых составила 15,7%, уточняется в сообщении.  Сопоставимая выручка (LFL) группы увеличилась на 16,3% - до 9,6 млрд рублей.  Выручка московских госпиталей повысилась на 18,9% - до 4,818 млрд рублей, региональных - на 37,7%, до 3,1 млрд рублей.  Амбулаторные клиники в Москве и Московской области увеличили выручку на 30,1% - до более 1 млрд рублей. Выручка амбулаторных клиник в регионах возросла в 2,3 раза - до 2,6 млрд рублей (в основном "
302,В Туле после гибели пяти человек в октябрьской аварии трамвая возбудили дело о халатности,В России,crime_count;mortality_rate,life_expectancy;industrial_production_index,,crime_count;hospitals;industrial_production_index;mortality_rate,,life_expectancy,,hospitals,1,1,"Трамвай сошел с рельсов из-за плохого контроля за их состоянием, выяснили прокуроры  Москва. 15 января. INTERFAX.RU - Новое уголовное дело возбуждено по факту крупной аварии с участием трамвая и маршрутных такси 31 октября на Пролетарском мосту в Туле, в результате которого 5 человек погибли и более 20 пострадали, сообщила областная прокуратура.  Дело возбуждено по статье о халатности, повлекшей по неосторожности гибель людей (ч.3 ст.293 УК) в отношении неустановленных должностных лиц администрации Тулы, городского управления по транспорту и дорожному хозяйству и МКП ""Тулгорэлектротранс"".  Прокурорская проверка выявила, что трамвай сошел с рельсов произошел из-за ""ненадлежащего исполнения неустановленными должностными лицами обязанностей по осуществлению контроля за содержанием муниципального имущества - рельсовых путей"".  Надзор за расследованием уголовного дела осуществляет прокуратура"
306,"МИД РФ осудил атаку на танкеры, зафрахтованные для перевозки казахстанской нефти",В России,crime_count,life_expectancy;industrial_production_index,enterprises_count,crime_count;enterprises_count;industrial_production_index,,life_expectancy,,,1,0,"Москва. 14 января. INTERFAX.RU - МИД РФ выступил с осуждением атаки, совершенной 13 января украинскими дронами на нефтяные танкеры, зафрахтованные для перевозки казахстанской нефти в интересах иностранных потребителей.  Эта атака была совершена в Черном море недалеко от морского терминала Каспийского трубопроводного консорциума (КТК).  ""Решительно осуждаем очередную террористическую атаку киевского режима на коммерческие гражданские суда, соблюдающие все нормы международного права"", - говорится в комментарии официального представителя МИД РФ Марии Захаровой.  ""Рассматриваем данное варварское нападение как очередное подтверждение тому, что в Киеве не только не заботятся о глобальной энергетической стабильности, но и ни во что не ставят интересы Казахстана, с которым якобы хотят развивать отношения, а также своих американских партнеров - крупнейших акционеров КТК"", - отметила официальный п"
338,"""Уралмашзавод"" за 9 месяцев увеличил чистую прибыль по РСБУ в 2,4 раза",В России,industrial_production_index;enterprises_count,real_income_index,per_capita_income,consumer_price_index;enterprises_count;industrial_production_index,,real_income_index,per_capita_income,consumer_price_index,2,1,"Москва. 6 ноября. INTERFAX.RU - Екатеринбургское ПАО ""Уралмашзавод"" в январе-сентябре 2025 года получило чистую прибыль по РСБУ в размере 2,62 млрд рублей, что в 2,4 раза больше, чем годом ранее, говорится в отчетности компании.  Выручка при этом уменьшилась на 14,3%, до 23,08 млрд рублей.  Основные финансовые показатели ПАО ""Уралмашзавод"" (в тысячах рублей):  Кредиторская задолженность завода сократилась с 33,78 млрд рублей на 31 декабря 2024 года до 24,25 млрд рублей на 30 сентября 2025 года, дебиторская - увеличилась с 32,29 млрд до 36 млрд рублей.  ПАО ""Уралмашзавод"" специализируется на производстве оборудования для горнодобывающей отрасли, металлургии и атомной энергетики. Предприятие входит в состав группы ""УЗТМ-Картэкс""."
343,"Семейную налоговую выплату в 2026 г. получат 7,3 млн работающих родителей двух и более детей",В России,,industrial_production_index,per_capita_income;living_wage;children_benefits,children_benefits;living_wage;per_capita_income,,industrial_production_index,,,1,0,"Москва. 14 октября. INTERFAX.RU - Минтруд РФ рассчитывает, что семейную налоговую выплату в 2026 году получат более 7 млн работающих родителей двух и более детей; в бюджете Социального фонда на 2026 год на эту меру поддержки предусмотрено 119 млрд руб., сообщил министр труда и социальной защиты Антон Котяков на заседании комитета по бюджету и налогам Госдумы во вторник.  По словам министра, по предварительным расчетам дополнительную поддержку получат порядка 7,3 млн работающих родителей двух и более детей. Он уточнил, что в семьях, которые получат дополнительную помощь, воспитываются около 11 млн детей.  Согласно предварительным расчетам, дополнительной поддержкой будут охвачены более 4 млн семей, сообщили в пресс-службе министерства.  При назначении семейной налоговой выплаты будут применяться механизмы социального казначейства: в большинстве случаев для получения достаточно будет одног"
406,Жительница Грайворонского округа пострадала в результате атаки дрона,В России,crime_count,life_expectancy;industrial_production_index;mortality_rate,,consumer_price_index;crime_count;hospitals;internal_departures;life_expectancy,,industrial_production_index;mortality_rate,,consumer_price_index;hospitals;internal_departures,2,3,"Москва. 27 января. INTERFAX.RU - В Грайворонском муниципальном округе Белгородской области обстрелам и атакам беспилотников за ночь подверглись город Грайворон, поселок Горьковский, села Безымено и Новостроевка, сообщил губернатор региона Вячеслав Гладков. На выходных в округе пострадала женщина.  По ним было выпущено ""14 боеприпасов в ходе 3 обстрелов и совершены атаки 5 беспилотников, один из которых сбит системой ПВО"", уточнил он. Повреждены частный дом, автомобиль и линии газо- и электроснабжения.  ""Вчера в медицинское учреждение обратилась женщина, которая получила минно-взрывную травму ночью 26 января в результате сброса взрывного устройства с БПЛА"", - добавил Гладков. Пострадавшая будет лечиться амбулаторно.  Накануне Гладков сообщал, что ночью 26 января в Грайворонском округе вследствие сбросов взрывных устройств с БПЛА в округе повреждены два частных дома, коммерческий объект и "
442,Власти Кузбасса обсуждают с банками отсрочку гашения кредитов для угольщиков,В России,industrial_production_index;enterprises_count,real_income_index,per_capita_income,consumer_price_index;enterprises_count;hospitals;industrial_production_index;living_wage;real_income_index;unemployment_rate,,,per_capita_income,consumer_price_index;hospitals;living_wage;unemployment_rate,1,4,"Москва. 2 апреля. INTERFAX.RU - Власти Кемеровской области ведут с банками переговоры о продлении сроков гашения кредитов угольными компаниями, которые из-за кризиса в отрасли находятся в тяжелой ситуации, сообщил в прямом онлайн-эфире губернатор региона Илья Середюк.  Он рассказал, что в Москве встретился с руководителями кредитных учреждений, ""чтобы ( банки - ИФ ) не сегодня взыскивали суммы, предоставленные нашим организациям, а по прошествии этого сложного периода ( кризиса в угольной отрасли - ИФ ), когда работа на предприятиях наладится"".  По его данным, сейчас в регионе остановили работу 9 угледобывающих предприятий (на начало года таких было восемь). Еще 20 предприятий, сказал губернатор, находятся в ""красной зоне"".  ""Вот эта ""красная зона"" говорит о том, что предприятия работают, но по различным показателям они находятся в очень сложной финансово-экономической ситуации: они уже "
516,Роспотребнадзор не выявил в образцах рыбы из Черного моря несоответствия гигиеническим нормам,В России,enterprises_count;air_pollution,industrial_production_index,wastewater_discharge,air_pollution;consumer_price_index;industrial_production_index,enterprises_count,,wastewater_discharge,consumer_price_index,2,1,"Москва. 24 января. INTERFAX.RU - Специалисты Роспотребнадзора провели 555 исследований рыбы, выловленной в Черном море, и рыбной продукции. Несоответствия гигиеническим нормативам, связанные с загрязнением объектов окружающей среды, не выявлены, заявляют в ведомстве.  ""Для оценки безопасности рыбной продукции, добытой в Черном море, Роспотребнадзор продолжает усиленный контроль на наличие потенциально опасных веществ, в частности, нефтепродуктов (...) К настоящему моменту проведено 555 исследований рыбы и рыбной продукции. Несоответствия гигиеническим нормативам, связанные с загрязнением объектов окружающей среды в рамках чрезвычайной ситуации, не выявлены"", - говорится в сообщении Роспотребнадзора, распространенном в пятницу.  Для проведения проверок задействованы усиленные лаборатории ведомства в Анапе и Ялте.  Кроме того, в ведомстве сообщили, что в настоящее время в Краснодарском кра"
560,"Военные РФ сообщили, что ВСУ ночью атаковали энергообъект на Кубани, обеспечивающий перевалку нефти в КТК",В России,enterprises_count;crime_count,life_expectancy;industrial_production_index,,crime_count;enterprises_count;industrial_production_index,,life_expectancy,,,1,0,"Москва. 19 марта. INTERFAX.RU - Вооружённые силы Украины ночью совершили преднамеренную атаку беспилотниками энергетического объекта в станице Кавказская (Краснодарский край), который обеспечивает перевалку нефти с железнодорожных цистерн в трубопроводную систему международной нефтетранспортной компании Каспийский трубопроводный консорциум (КТК), сообщает министерство обороны РФ.  ""Ночью 19 марта, через несколько часов после завершения российско-американских переговоров на высшем уровне, в том числе решения президента России, принятого по предложению президента США, о временном прекращении ударов по энергетической инфраструктуре, киевский режим совершил преднамеренную атаку с применением трёх БПЛА самолётного типа по расположенному в станице Кавказская (Краснодарского края) объекту энергетической инфраструктуры"", - говорится в сообщении.  Этот объект обеспечивает перевалку нефти с железн"
625,Женщина ранена в Брянской области после атаки БПЛА,В России,crime_count,life_expectancy;hospitals;mortality_rate,,crime_count;hospitals;life_expectancy,,mortality_rate,,,1,0,"Москва. 25 декабря. INTERFAX.RU - В результате атаки БПЛА на Брянскую область пострадала женщина, сообщил губернатор Александр Богомаз.  ""В результате атаки БПЛА в селе Глинищево Брянского района (...) осколочные ранения получила мирная жительница"", - написал глава региона в своем тлеграм-канале.  По его словам, пострадавшая госпитализирована"
629,"""Новабев Групп"" в 2024 году снизила отгрузки алкогольной продукции на 4,2%",Экономика,consumer_price_index;industrial_production_index;enterprises_count,real_income_index,,consumer_price_index;enterprises_count;industrial_production_index,,real_income_index,,,1,0,"Москва. 16 января. INTERFAX.RU - ""Новабев"" , один из ведущих производителей алкоголя в РФ, в 2024 году отгрузила 16,2 млн дал (декалитров) алкогольной продукции, что на 4,2% меньше, чем в 2023 году, сообщила компания.  Продажи собственной продукции уменьшились на 4%, до 12,8 млн дал. ""Снижение произошло за счет низкодоходных марок эконом-сегмента и региональных брендов. На протяжении всего года двузначные темпы роста демонстрировали бренды из сегментов ""премиум"" и выше, что позитивно влияет на финансовые показатели"", - говорится в сообщении.  Согласно пресс-релизу, продажи импортных марок снизились на 4,8% и составили 3,4 млн дал против 3,6 млн дал годом ранее. ""2024 год был непростым для направления импорта, в том числе из-за повышения пошлин на ввоз продукции из недружественных стран, - поясняется в пресс-релизе. - При этом компания удержала высокую планку и показала рост по ряду бренд"
657,Поиски пропавшего вертолета возобновились в Хабаровском крае,В мире,enterprises_count;crime_count;mortality_rate,life_expectancy,,crime_count;hospitals;life_expectancy;mortality_rate,enterprises_count,,,hospitals,1,1,"Москва. 15 июля. INTERFAX.RU - Поиск пропавшего в Хабаровском крае вертолета Ми-8, на борту которого находятся пять человек, возобновился, сообщили ""Интерфаксу"" в штабе поисковой операции во вторник.  ""В 10:43 по местному времени (03:43 по Москве) в район поиска вылет Ми-8 из Охотска"", - сказал собеседник агентства.  Ранее сообщалось , что вертолет Ми-8Т компании ""АПК ""Взлет"" в понедельник выполнял рейс по маршруту Чумикан - Охотск - Магадан; в назначенное время экипаж не вышел на связь, аварийный радиомаяк не сработал. По предварительным данным, на борту пропавшего вертолета находятся три члена экипажа и два технических специалиста.  Поиски вертолета ведутся в гористой местности на северо-востоке Хабаровского края. Вечером в понедельник операция по поиску пропавшего вертолета была приостановлена в связи с наступлением темного времени суток.  Комсомольским-на-Амуре следственным отделом н"
791,"Самозапрет на кредиты оформили на ""Госуслугах"" 13,5 млн россиян",В России,housing_area_per_capita,real_income_index;industrial_production_index,per_capita_income,consumer_price_index;enterprises_count;per_capita_income,housing_area_per_capita,industrial_production_index;real_income_index,,consumer_price_index;enterprises_count,3,2,"Москва. 23 июля. INTERFAX.RU - Самозапрет за выдачу кредитов с 1 марта этого года установили через Единый портал государственных и муниципальных услуг (Госуслуги) более 13,5 млн россиян, сообщил министр цифрового развития, связи и массовых коммуникаций Максут Шадаев.  ""Через ""Госуслуги"" у нас 800 тыс. пользователей запретили совершение сделок с недвижимостью без (их - ИФ) очного присутствия, а с 1 марта 13,5 млн граждан через ""Госуслуги"" установили запрет на оформление кредитов и займов в цифровом виде"", - сказал Шадаев на совещании президента РФ Владимира Путина с членами правительства.  В ходе ПМЭФ-2025 в середине июня вице-премьер Дмитрий Григоренко сообщил журналистам, что самозапрет оформили более 12 млн человек.  Тогда он сообщил, что правительство планирует расширить применение механизмов самозапретов, чтобы предоставить гражданам дополнительные инструменты для защиты в цифровой с"
801,"Сбербанк в ноябре нарастил корпоративные кредиты по РСБУ на 0,4%",Экономика,,real_income_index;housing_area_per_capita;industrial_production_index,per_capita_income,enterprises_count;industrial_production_index;real_income_index,,housing_area_per_capita,per_capita_income,enterprises_count,2,1,"Москва. 9 декабря. INTERFAX.RU - Сбербанк в ноябре нарастил корпоративное кредитование по РСБУ на 0,4% после роста на 2,3% в октябре, сказано в его отчетности.  Корпоративный кредитный портфель по итогам ноября вырос до 30,2 трлн рублей, увеличившись на 0,7% за месяц и на 11,6% с начала года без учета валютной переоценки. За месяц корпоративным клиентам было выдано 1,5 трлн рублей кредитов.  Розничное кредитование в ноябре выросло на 1,4% после роста на 1,5% в октябре. Портфель с начала года увеличился на 6,5% без учета секьюритизации по жилищным кредитам и цессии по автокредитам и составил 18,6 трлн рублей. В ноябре Сбер выдал 588 млрд рублей кредитов.  ""Совокупный кредитный портфель увеличился на 1,0% за месяц в реальном выражении - до 48,8 трлн рублей. Мы наблюдали умеренный рост как в корпоративном сегменте, так и в розничном"", - заявил президент - председатель правления Сбербанка Ге"
1,Путин поручил разработать план подъема двух затонувших в Черном море танкеров,В России,air_pollution,industrial_production_index,wastewater_discharge,air_pollution;consumer_price_index;enterprises_count;hospitals;industrial_production_index,,,wastewater_discharge,consumer_price_index;enterprises_count;hospitals,1,3,"Москва. 9 января. INTERFAX.RU - Президент РФ Владимир Путин поручил подготовить план подъема двух танкеров, затонувших в Черном море, и пресечь утечки из них нефтепродуктов.  ""Нужно все сделать для того, чтобы решить вопрос о прекращении утечек нефтепродуктов из подтопленных танкеров. Далее необходимо уже сейчас подумать и разработать планы подъема этих подтопленных танкеров"", - сказал Путин на совещании с членами правительства РФ.  Он подчеркнул, что это отдельная большая работа, связанная с подготовкой соответствующих специалистов, техники и выделением заранее необходимых финансовых ресурсов.  15 декабря 2024 года в Керченском проливе потерпели крушение танкеры с мазутом ""Волгонефть 212"" и ""Волгонефть 239"", в результате чего произошел разлив топлива. По данным Минтранса РФ, при крушении танкеров были повреждены четыре танка с нефтепродуктами, в море попало около 2,4 тысячи тонн мазута."
70,Число алиментных соглашений в 2024 году увеличилось на 21%,В России,,,divorce_rate;marriage_rate;children_benefits,children_benefits;divorce_rate;per_capita_income,,,marriage_rate,per_capita_income,1,1,"Москва. 21 апреля. INTERFAX.RU - Россияне стали чаще мирно договариваться об алиментах на детей, количество таких соглашений выросло на 21%, сообщили в пресс-службе Федеральной нотариальной палаты (ФНП).  ""В 2024 году нотариусы удостоверили 34 900 таких документов, что на 21% больше, чем годом ранее"", - говорится в сообщении ФНП.  В Палате пояснили, что дистанционный формат удостоверения алиментного соглашения позволяет не встречаться лично с бывшим супругом.  ""Еще один вопрос, который экс-супруги могут мирно решить через нотариуса, - раздел совместно нажитого имущества. Если семья распалась, а брачного договора не было, имущество все еще можно разделить без болезненного похода в суд"", - сказали в ФНП.  По данным нотариусов, за 2024 год удостоверено 26 тыс. соглашений о разделе имущества, приобретенного в браке, что на 5% больше, чем в 2023.  ""Особенно актуальной эта возможность становит"
83,В Петербурге легальным мигрантам запретили работать курьерами,В России,international_inflow;unemployment_rate,,enterprises_count,enterprises_count;international_inflow;international_outflow;unemployment_rate,,,,international_outflow,0,1,"Москва. 11 августа. INTERFAX.RU - Губернатор Петербурга Александр Беглов подписал постановление о запрете привлечения иностранных граждан к работе курьерами, сообщает Смольный в понедельник.  Документ ""О внесении изменений в постановление губернатора Санкт-Петербурга от 28.07.2025 № 60-пг"" расширяет перечень видов экономической деятельности, по которым в 2025 году работодателям в северной столице запрещено привлекать иностранных граждан, работающих на основании патентов.  ""К уже действующему ограничению в сфере такси добавлены виды деятельности, связанные с курьерской доставкой. Принятое решение направлено на борьбу с теневой занятостью, повышение качества и безопасности услуг в курьерском секторе, а также создание новых рабочих мест для российских граждан, в первую очередь - для молодежи и студентов"", - говорится в сообщении.  В нем отмечается, что согласно статистике, иностранные курье"
377,Три человека погибли от отравления угарным газом в Дагестане,В России,industrial_production_index;mortality_rate,life_expectancy,,crime_count;housing_area_per_capita;mortality_rate,industrial_production_index,life_expectancy,,crime_count;housing_area_per_capita,2,2,"Москва. 4 февраля. INTERFAX.RU - Три человека отравились угарным газом в Кайтагском районе Дагестана, сообщил председатель правительства республики Абдулмуслим Абдулмуслимов в понедельник.  ""Причиной стало отравление угарным газом. (...) К сожалению, спасти молодых людей не удалось"", - сказал он.  По словам Абдулмуслимова, в частном доме, где произошла трагедия, было установлено несертифицированное газопотребляющее оборудование - камин иностранного производства."
593,Нефтяные компании передумали строить НПЗ в Ненецком автономном округе,В России,industrial_production_index;enterprises_count;air_pollution,,,consumer_price_index;enterprises_count;industrial_production_index;internal_departures,air_pollution,,,consumer_price_index;internal_departures,1,2,"Это признано экономически нецелесообразным  Москва. 16 октября. INTERFAX.RU - Нефтяные компании не планируют создание на территории Ненецкого автономного округа (НАО) перерабатывающих мощностей, сообщила губернатор НАО Ирина Гехт в эфире радио РБК .  ""Экономически это нецелесообразно ( строительство в регионе нефтеперерабатывающих мощностей - ИФ ), поскольку объемы не такие большие потребления в округе, а во-вторых, понятно, что любое такое производство имеет и побочные продукты, которые тоже надо соответственно утилизировать - например, вывозить мазут, а дороги, по которой это можно было бы делать - нет. (...) Все компании, которые у нас представлены, от этой идеи отказались"", - сказала Гехт.  В июне 2024 года на полях ПМЭФ НАО и ""Зарубежнефть"" подписали соглашение , по условиям которого компания планировала проработать вопрос создания в округе кластера по переработке нефтепродуктов. Та"
689,Здание больницы в калужском Козельске повреждено в результате атаки БПЛА,В России,hospitals;crime_count,life_expectancy,,consumer_price_index;crime_count;hospitals;life_expectancy,,,,consumer_price_index,0,1,"Москва. 15 февраля. INTERFAX.RU - Губернатор Калужской области Владислав Шапша сообщил о последствиях атаки беспилотников на регион в воскресенье.  ""Обломки БПЛА, подавленного над территорией Козельского муниципального округа, незначительно повредили кровлю и остекление ЦМБ 3 ( центральная межрайонная больница - ИФ ) города Козельск"", - написал он в своем канале в Max.  Кроме того, повреждены два припаркованных рядом автомобиля, добавил губернатор.  По его данным, над территорией области в воскресенье утром уничтожено семь дронов."
701,Росприроднадзор допустил взыскание ущерба от утечки мазута в Керченском проливе через суд,В России,air_pollution,,crime_count;wastewater_discharge,air_pollution;consumer_price_index;enterprises_count;industrial_production_index;wastewater_discharge,,,crime_count,consumer_price_index;enterprises_count;industrial_production_index,1,3,"Москва. 18 февраля. INTERFAX.RU - Росприроднадзор рассчитает сумму ущерба от разлива мазута в Керченском проливе сразу же, как только появится техническая возможность это сделать, сообщила глава ведомства Светлана Радионова в Совете Федерации.  При этом она отметила, что если судовладельцы не возместят нанесенный ущерб добровольно, ведомство будет взыскивать сумму через суд.  ""Ущерб будет посчитан, как только будет техническая возможность. Потому что сейчас идут дискуссии по поводу оставшихся частей ( судна - ИФ ), дискуссии по 239-му ( танкеру - ИФ ), по удалению ( мазута - ИФ ), и как только оно будет сделано, мы сможем посчитать. У нас будет четкая сумма, и мы ее предъявим. И дальше наша работа вместе с органами прокуратуры. Я знаю, коллеги с нами уже идут в суд, и мы, естественно, будем, если ущерб до этого не будет погашен, мы, естественно, будем это взыскивать. Это основная наша ра"
717,"Более 87% детей иностранцев, подавших заявки, не зачислены в российские школы в 2025",В России,life_expectancy,,preschool_coverage;enterprises_count,children_benefits;internal_arrivals;international_inflow;preschool_coverage,life_expectancy,,enterprises_count,children_benefits;internal_arrivals;international_inflow,2,3,"Москва. 10 сентября. INTERFAX.RU - В 2025 году в российские школы не были зачислены более 87% несовершеннолетних иностранных граждан, претендующих на обучение; из них большинство - из-за неправильной подачи документов на тестирование, сообщил Рособрнадзор.  ""Рособрнадзор продолжает мониторинг тестирования на знание русского языка несовершеннолетних иностранных граждан, претендующих на зачисление для обучения в российские школы. (...) Всего за апрель-август документы в образовательные организации были поданы на 23 616 детей, имеющих иностранное гражданство"", - говорится в сообщении.  Полный комплект документов был подан только на 8 223 ребенка, которых допустили к тестированию.  ""Проходили тестирование 5 940 детей, из них успешно с ним справились 2 964 - 50%, или 12,6 % от общего количества детей, на которых были поданы документы для обучения в российских школах"", - сообщили в ведомстве. "
771,"Патрушев предложил увеличить число портов в Арктике и на Дальнем Востоке, куда разрешен заход иностранных туристских судов",В России,enterprises_count,industrial_production_index,international_inflow,consumer_price_index;enterprises_count;internal_arrivals;international_inflow,,industrial_production_index,,consumer_price_index;internal_arrivals,1,2,"Москва. 22 июля. INTERFAX.RU - Количество российских портов в Арктике и на Дальнем Востоке, в которые разрешен заход иностранных туристских судов, необходимо увеличить, заявил помощник президента РФ, председатель Морской коллегии Николай Патрушев.  ""Требуется расширение перечня портов в районах внутренних морских вод и территориального моря Российской Федерации, прилегающих к территориям субъектов РФ, входящих в Арктическую зону РФ и Дальневосточного федерального округа, разрешенных для захода иностранных туристских судов"", - сказал Патрушев на заседании Морской коллегии РФ во вторник.  Патрушев отметил рост интереса к организации круизов по побережью и островам Дальневосточного федерального округа и Арктической зоны России ""как со стороны иностранных судовладельцев, так и со стороны российских туристических компаний, владеющих или рассматривающих возможность приобретения современных кру"
808,"Нанесён удар по заводу по производству БПЛА и энергообъектам, используемым в интересах ВПК Украины",В России,industrial_production_index;crime_count,life_expectancy,,crime_count;enterprises_count;industrial_production_index,,life_expectancy,,enterprises_count,1,1,"Москва. 24 января. INTERFAX.RU - Российские военнослужащие ночью нанесли массированный удар по заводу, производящему беспилотники дальнего действия, а также объектам энергетики, используемым в интересах военно-промышленного комплекса (ВПК) Украины, заявили в Минобороны РФ в субботу.  ""Сегодня ночью в ответ на террористические атаки Украины по гражданским объектам на территории России Вооруженными Силами Российской Федерации нанесен массированный удар высокоточным оружием большой дальности наземного и воздушного базирования, ударными беспилотными летательными аппаратами по заводу, производящему беспилотные летательные аппараты дальнего действия, а также объектам энергетики, используемым в интересах военно-промышленного комплекса Украины"", - говорится в его сообщении.  В Минобороны заявили, что цели удара достигнуты. ""Все назначенные объекты поражены"", - отметили в министерстве."
887,В ЕС предложили создать фонд добровольной военной помощи Украине,В мире,enterprises_count,industrial_production_index,crime_count,crime_count;international_outflow;life_expectancy,enterprises_count,industrial_production_index,,international_outflow;life_expectancy,2,2,"Москва. 14 марта. INTERFAX.RU - В Евросоюзе предложили создать фонд для военных поставок Украине в размере от 20 до 40 млрд евро на основе добровольного участия, чтобы Венгрия не могла использовать право вето в отношении инициатив помощи Киеву, сообщает в пятницу портал Euractiv.  ""Странам-членам предлагают оказать военную помощь Украине в 2025 году, предварительно в размере не менее 20 млрд евро, а в перспективе до 40 млрд евро в зависимости от украинских потребностей"", - говорится в документе ЕС, попавшем в распоряжение Euractiv.  Согласно документу, в качестве первого шага этой инициативы лидерам предлагают договориться о выделении 5 млрд евро на 2 млн крупнокалиберных артиллерийских снарядов.  По новому плану финансовое участие каждой страны будет пропорционально её экономическому весу в ЕС. Сам Евросоюз будет считать своим вкладом 1,9 млрд евро, полученных в виде прибыли от замороже"
939,В Орловской области после атаки БПЛА произошло возгорание на объектах ТЭК,В России,crime_count,life_expectancy;mortality_rate,,crime_count;enterprises_count;industrial_production_index;life_expectancy,,mortality_rate,,enterprises_count;industrial_production_index,1,2,"Москва. 2 декабря. INTERFAX.RU - Пожар произошел после атаки беспилотников на топливно-энергетический комплекс в Ливенском районе Орловской области, сообщил глава региона Андрей Клычков.  ""Ночью Орловская область вновь подверглась атаке БПЛА, в результате которой произошло возгорание на объектах топливно-энергетического комплекса в Ливенском районе"", - написал он в своем телеграм-канале во вторник.  По информации губернатора пострадавших нет, на месте происшествия работают сотрудники МЧС."
81,Роспотребнадзор не исключил роста заболеваемости геморрагической лихорадкой в РФ,В России,life_expectancy;industrial_production_index,,,consumer_price_index;hospitals;life_expectancy;qualified_doctors,industrial_production_index,,,consumer_price_index;hospitals;qualified_doctors,1,3,"Москва. 12 апреля. INTERFAX.RU - Роспотребнадзор не исключил роста числа заболевших геморрагической лихорадкой с почечным синдромом (ГЛПС) в РФ в этом году, так как подъемы заболеваемости отмечаются раз в 4-5 лет.  Показатель заболеваемости в 2024 году в РФ (2,32 на 100 тыс. населения) оставался на среднем уровне, с начала 2025 года он составил 0,35 на 100 тыс. населения, что выше уровня прошлого года, говорится в сообщении.  В Роспотребнадзоре отметили, что ГЛПС - острое инфекционное заболевание, вызываемое ортохантавирусами. Это природно-очаговая инфекция, которая часто имеет тяжелое клиническое течение. К носителям и переносчикам заболевания относятся грызуны. Человек может заразиться вирусом при вдыхании пыли, инфицированной выделениями грызунов, при земляных и хозяйственных работах, а также при контакте с самими грызунами. От человека человеку болезнь не передается.  Вирус поражает "
262,"Военные РФ заявили, что комплексом ""Искандер"" нанесен удар ВСУ в Сумской области",В России,crime_count,,enterprises_count,crime_count;life_expectancy;mortality_rate,,,enterprises_count,life_expectancy;mortality_rate,1,2,"Москва. 17 марта. INTERFAX.RU - Российские военные сообщили, что применили комплекс ""Искандер"" для удара по украинским формированиям и технике в Сумской области.  Как сообщили в Минобороны РФ, удар был нанесен по району сосредоточения личного состава и техники 144-й отдельной механизированной бригады ВСУ в районе населенного пункта Лосевка Сумской области.  Ведомство опубликовало кадры удара.  ОТРК ""Искандер-М"", которыми оснащены российские Вооружённые силы, разработан в коломенском КБ машиностроения (холдинг ""Высокоточные комплексы"", госкорпорация ""Ростех""). Сообщалось, что ракеты комплекса могут нести ядерную боевую часть. В варианте для российской армии в состав комплекса входят два типа ракет: баллистические и крылатые."
538,Россия не будет менять преференции для отечественных компаний при возвращении иностранных,В России,enterprises_count,industrial_production_index,,consumer_price_index;enterprises_count;industrial_production_index,,,,consumer_price_index,0,1,"Москва. 20 февраля. INTERFAX.RU - Сложившаяся в России за период санкционного давления система преференций для отечественных производителей продолжит действовать в случае возвращения на российский рынок иностранных компаний, заявил через пресс-службу первый вице-премьер Денис Мантуров.  ""У нас за то время, пока один за другим формировались санкционные пакеты, серьёзно эволюционировала система преференций в госзакупках, а также система мер поддержки - сегодня в важнейших для нашего технологического суверенитета отраслях абсолютный приоритет у отечественных производителей, а также производителей из ЕАЭС. Для совместных проектов с иностранцами же сформированы условия, касающиеся локализации, передачи технологий и контроля над проектами со стороны российских участников. От этих принципов мы отступать не станем, и это та реальность, которую иностранным компаниям придется иметь в виду"", - сказ"
572,В Роспотребнадзоре назвали стабильной ситуацию с менингококковой инфекцией в РФ,В России,international_inflow;life_expectancy,,,hospitals;international_outflow;life_expectancy,international_inflow,,,hospitals;international_outflow,1,2,"Москва. 16 июля. INTERFAX.RU - Эпидемическая ситуация с менингококковой инфекцией в РФ в настоящее время стабильна, в этом году в большинстве регионов регистрируются единичные случаи заболевания, либо они вовсе отсутствуют, сообщили в Роспотребнадзоре.  ""В текущем году в большинстве регионов (80 субъектов) случаи менингококковой инфекции либо не зарегистрированы, либо регистрируются единичные случаи. В настоящее время эпидситуация в стране стабильна"", - сообщили журналистам в пресс-службе ведомства.  В Роспотребнадзоре уточнили, подъемы заболеваемости менингококковой инфекцией в среднем возникают через длительные периоды от 10 до 30 лет.  В России очередной подъем заболеваемости отмечается с 2022 года, когда начал циркулировать менингококк серогруппы W. Заболеваемость в 2022-2024 годы оставалась ниже среднемноголетних значений. В 2025 году сменилась доминирующая серогруппа (с W на А), с "
710,"Нанесены удары по объектам ж/д инфраструктуры, по которым перебрасывали вооружения для ВСУ",В России,crime_count,industrial_production_index,,crime_count;industrial_production_index;life_expectancy,,,,life_expectancy,0,1,"Москва. 30 сентября. INTERFAX.RU - Российские военные нанесли удары по объектам железнодорожной инфраструктуры, которые использовались для переброски вооружения и горюче-смазочных материалов для ВСУ, заявили в Минобороны России во вторник.  ""Оперативно-тактической авиацией, ударными беспилотными летательными аппаратами, ракетными войсками и артиллерией группировок войск Вооруженных сил Российской Федерации нанесено поражение объектам железнодорожной транспортной инфраструктуры, использующимся для переброски вооружения и горюче-смазочных материалов для ВСУ"", - говорится в сообщении.  Кроме того, по словам военных, удары нанесены по местам хранения и запуска беспилотников большой дальности, а также пунктам временной дислокации украинских подразделений в 154 районах."
906,"Мурашко заявил, что 25,4% населения РФ к 2030 г. составят люди в возрасте 60 лет и старше",В России,,hospitals,population_size,hospitals;life_expectancy;population_size,,,,life_expectancy,0,1,"Москва. 26 сентября. INTERFAX.RU - Свыше 25% населения России к 2030 году, по прогнозу, будут составлять люди в возрасте 60 лет и старше, сообщил министр здравоохранения РФ Михаил Мурашко.  ""Население в возрасте 60 лет и старше в РФ - прогноз 2030 год: 25,4%; прогноз 2046 год - 30,4%"", - говорится в презентации, которую Мурашко продемонстрировал в пятницу на Федеральном просветительском марафоне ""Знание. Первые"".  В текущем году в России 35,6 млн человек - это люди в возрасте 60 лет и старше; это 24,4% всего населения страны, отмечается в презентации.  Ранее Мурашко заявил, что ключевым вызовом для системы здравоохранения России в ближайшее время станет старение населения."
17,Работающие россияне смогут получить налоговый вычет за оплату спортивных занятий родителям,В России,,,per_capita_income,children_benefits;living_wage;per_capita_income,,,,children_benefits;living_wage,0,2,"Москва. 15 ноября. INTERFAX.RU - Комитет Госдумы по бюджету и налогам поддержал поправку в Налоговый кодекс (НК) РФ, позволяющую работающим гражданам получать налоговый вычет за оплату спортивных занятий своим родителям.  Такое дополнение внесено ко второму чтению в налоговой законопроект (N1026190-8), который входит в бюджетный пакет.  ""Расширяются основания для предоставления социального налогового вычета за занятия физкультурой и спортом. Вычет будет распространяться на соответствующие расходы в пользу родителей налогоплательщика, если они пенсионеры"", - сказал в субботу на заседании комитета замглавы Минфина Алексей Сазанов.  Сейчас возврат можно оформить только за себя и детей до 18 лет, либо учащихся очно детей до 24 лет.  Россияне с 2024 года могут вернуть часть расходов на спорт. Этот вычет относится к социальным - вместе с расходами на обучение, лечение, покупку лекарств и благо"
191,"РФ в январе сократила выпуск стального проката на 6,8% м/м и на 9,1% г/г",Экономика,industrial_production_index,,,enterprises_count;industrial_production_index;real_income_index,,,,enterprises_count;real_income_index,0,2,"Москва. 27 февраля. INTERFAX.RU - Россия в январе 2026 года сократила выпуск стального проката на 6,8% к декабрю 2025 года, производство металла к январю прошлого года упало на 9,1% до 4,5 млн тонн, сообщил Росстат в пятницу.  Выпуск нелегированной стали в слитках и полуфабрикатах в прошлом месяце уменьшился на 5% к декабрю и на 3,2% – к январю 2025 года, составив 4,5 млн тонн.  Производство легированной стали в январе составило 0,9 млн тонн (-5% к декабрю и -24,4% к январю 2025 года).  Объем выплавки чугуна незначительно упал: на 0,9% к декабрю 2025 года и на 0,3% к январю прошлого года, составив 4,4 млн тонн.  Выпуск стальных труб, пустотелых профилей и фитингов зафиксирован в прошлом месяце на уровне 0,6 млн тонн (уменьшение на 38,2% к аналогичному периоду 2025 года)."
359,"В ЕС призвали гарантировать Киеву отсутствие ограничений на военную поддержку, численность ВСУ",В мире,crime_count,,,crime_count;international_outflow;life_expectancy,,,,international_outflow;life_expectancy,0,2,"Москва. 11 августа. INTERFAX.RU - В Евросоюзе требуют, чтобы любой вариант урегулирования украинского кризиса предусматривал такие гарантии безопасности для Киева как отсутствие ограничений численности украинских вооруженных сил и беспрепятственная поддержка других стран в военной сфере, сообщает Financial Times со ссылкой на европейского чиновника.  ""Гарантии безопасности имеют крайне важное значение для Украины. Самой надежной их них было бы отсутствие лимитов на численность вооруженных сил и поддержку третьих стран"", - заявил собеседник издания.  По информации FT, европейские союзники предостерегают Украину от обмена территориями; по их мнению, отправной точкой для переговоров о прекращении огня вместо этого должна стать нынешняя линия соприкосновения. По их словам, будущее соглашение о прекращении огня также должно предусматривать жесткие контрмеры за нарушения.  ""Что касается террит"
370,"Российские дальние бомбардировщики Ту-22М3 нанесли удар в ходе учения ""Запад-2025""",В России,,,crime_count,crime_count;life_expectancy;mortality_rate,,,,life_expectancy;mortality_rate,0,2,"Москва. 13 сентября. INTERFAX.RU - Российские дальние бомбардировщики Ту-22М3 выполнили практическое бомбометание, уничтожив объекты на одном из полигонов в ходе совместного с Белоруссией стратегического учения ""Запад-2025"", сообщило Минобороны РФ в субботу.  ""Летчики дальней авиации разыграли эпизод нанесения авиационного удара по условному противнику с целью нарушения системы управления и уничтожения критически важных объектов"", - говорится в сообщении.  ""В ходе нанесения авиационного удара экипажи действовали в составе пар. Боевое применение осуществлялось с высот около 1000 метров. Учебно-боевые задачи выполнялись с учетом полученного боевого опыта"", - сообщили в ведомстве.  По официальным данным, самолеты Ту-22М3 входят в состав дальней авиации ВКС России. Самолеты дальней авиации - воздушный компонент российской ядерной триады, но также они могут наносить удары обычным ракетно-бомб"
522,Операция против Ирана может помешать международным спортивным мероприятиям,Спорт,,,enterprises_count,crime_count;internal_departures;international_outflow,,,enterprises_count,crime_count;internal_departures;international_outflow,1,3,"Москва. 2 марта. INTERFAX.RU - Операция США и Израиля против Ирана привела к масштабному нарушению авиасообщения в ближневосточном регионе и может отразиться на международных спортивных соревнованиях, сообщают в понедельник британские СМИ.  Так, в Международном паралимпийском комитете сообщили, что закрытие воздушного пространства сказывается на прибытии участников на Паралимпиаду, которая пройдет в Италии с 6 по 15 марта.  Кроме того, многие известные спортсмены не могут пока покинуть ближневосточный регион. Так, российский теннисист Даниил Медведев, выигравший теннисный турнир категории ATP-500 в Дубае, не может вылететь из города и рискует пропустить теннисный турнир Indian Wells Masters в США, который проходит с 1 по 15 марта.  Индийская бадминтонистка, двукратный призер Олимпийских игр Пусарла Венката Синдху также может пропустить начинающийся во вторник Открытый чемпионат Англии по"
568,Правительство выделит 2 млрд рублей на системы здравоохранения регионов,В России,,hospitals,,consumer_price_index;hospitals;qualified_doctors,,,,consumer_price_index;qualified_doctors,0,2,"Москва. 13 октября. INTERFAX.RU - Девять регионов получат дополнительные средства из федерального бюджета на модернизацию первичного звена здравоохранения, сообщает телеграм-канал правительства.  Правительство направит дополнительно около 2 млрд рублей на капремонт в медицинских учреждениях и закупку медоборудования, в том числе высокотехнологичного.  Средства получат Кабардино-Балкария, ЛНР, Калмыкия, Мордовия, а также Белгородская, Запорожская, Ивановская, Курская и Херсонская области.  ""Благодаря выделенным средствам возведение объектов, предусмотренных проектом ""Модернизация первичного звена здравоохранения"", должно завершиться в установленные сроки. Это значит, что людям будут оказывать медицинскую помощь в современных учреждениях, оснащенных нужной техникой"", - прокомментировал премьер-министр Михаил Мишустин.  По его данным, на первичное звено здравоохранения приходится около 1 мл"
728,Ограничения в аэропорту Калуги сняты,В России,industrial_production_index,,,enterprises_count;international_inflow;international_outflow,industrial_production_index,,,enterprises_count;international_inflow;international_outflow,1,3,"Москва. 29 июля. INTERFAX.RU - Ограничения на прием и выпуск воздушных судов в аэропорту Калуги сняты, сообщает в своем телеграм-канале представитель Росавиации Артем Кореняко.  ""Калуга (Грабцево). Сняты ограничения на прием и выпуск воздушных судов. Ограничения вводили для обеспечения безопасности полетов"", - говорится в сообщении.  Работа аэропорта была приостановлена с 00:12 мск 29 июля."
753,"Politico сообщает, что в ЕС вряд ли откажутся от энергоносителей из РФ до 2027 г.",В мире,,industrial_production_index,,consumer_price_index;enterprises_count;industrial_production_index,,,,consumer_price_index;enterprises_count,0,2,"Москва. 16 сентября. INTERFAX.RU - Маловероятно, что страны ЕС откажутся от закупки российской нефти раньше 2027 года, несмотря на давление президента США Дональда Трампа, сообщает во вторник Politico со ссылкой на источники.  ""Маловероятно, что блок сдвинет дату отказа (на срок - ИФ) ранее 2027 года"", - пишет издание со ссылкой на двух дипломатов ЕС.  Речь идет о представленном в июле этого года предложении, согласно которому страны ЕС должны будут полностью прекратить зависимость от российских энергоносителей к 2027 году.  Ранее Трамп заявлял , что Вашингтон пойдет на значительные санкции против РФ, если все страны НАТО согласятся на подобные шаги, а также откажутся от российской нефти."
769,"В ""СИБУРе"" ждут удачного момента для проведения IPO",Экономика,enterprises_count,,,enterprises_count;industrial_production_index;per_capita_income,,,,industrial_production_index;per_capita_income,0,2,"Москва. 20 мая. INTERFAX.RU - ""СИБУР"" ищет удачный момент для выхода на IPO, заявил ""Интерфаксу"" глава компании Михаил Карисалов.  ""Ждем удачного момента и решения акционеров"", - сказал он.  Карисалов также подтвердил, что суверенный фонд ОАЭ стал акционером ""СИБУРа"".  После слияния ""СИБУРа"" с ""ТАИФом"" в декабре 2021 года суверенный фонд ОАЭ Mubadala Investment Company сообщил , что покупает 1,9% ПАО ""СИБУР Холдинг"", о завершении сделки не сообщалось.  В декабре 2024 года совет директоров ""СИБУР Холдинга"" принял решение обратиться с заявлением о листинге обыкновенных акций на АО ""Восточная биржа"".  В 2024 году СМИ сообщили о возможном проведении первичного размещения акций (IPO) ""СИБУРа"", при этом предполагалось, что инвесторам будет предложен небольшой пакет - всего около 2% акций. Как ожидалось, в сделке будут и cash-in, и cash-out компоненты. Опцией cash-out воспользуются, в частности"
813,Глава Минобрнауки отметил дефицит квалифицированных кадров в СМИ,В России,,qualified_doctors,,enterprises_count;qualified_doctors;unemployment_rate,,,,enterprises_count;unemployment_rate,0,2,"Москва. 4 февраля. INTERFAX.RU - В России наблюдается дефицит квалифицированных кадров при большом количестве тех, кто учится для работы в медиасфере, сообщил на совещании о повышении качества подготовки кадров для медиаотрасли глава Минобрнауки Валерий Фальков. Об этом сообщает пресс-служба министнерства.  ""Недостатка в количестве тех, кого учат для работы в медиаотрасли, мы не наблюдаем. Сегодня 241 университет и 35 филиалов реализуют образовательные программы по направлениям ""Журналистика"", ""Медиакоммуникации"", ""Телевидение"", ""Реклама и связи с общественностью"", ""Издательское дело"". При этом, как и в ряде других отраслей экономики и социальной сферы, мы наблюдаем парадоксальную ситуацию: при большом количестве обучающихся наблюдается дефицит квалифицированных кадров в отрасли"", - сказал министр.  По его данным, всего по медианаправлениям обучается почти 123 тысячи студентов.  Фальков "
872,Глава МАГАТЭ попросил о временном прекращении огня для устранения ущерба на ЗАЭС,В мире,,industrial_production_index,,consumer_price_index;crime_count;industrial_production_index;life_expectancy,,,,consumer_price_index;crime_count;life_expectancy,0,3,"Москва. 20 февраля. INTERFAX.RU - Генеральный директор МАГАТЭ Рафаэль Гросси призвал Россию и Украину договориться о временном прекращении огня, чтобы провести оценку и устранить повреждения на Запорожской атомной электростанции (ЗАЭС).  ""МАГАТЭ обратилось к обеим сторонам с предложением о прекращении огня, чтобы обеспечить безопасную оценку и устранение ущерба"", - говорится в заявлении агентства.  Отмечается, что 10 февраля в результате военных действий была отключена резервная линия электропередачи ""Ферросплавная-1"". На данный момент ЗАЭС работает на единственной оставшейся магистральной линии электропередачи ""Днепровская"", которая обеспечивает все необходимые функции ядерной безопасности.  ""Ситуация подчеркивает сохраняющуюся уязвимость станции и сохраняющиеся риски для ядерной безопасности в условиях конфликта"", - заявили в агентстве.  В МАГАТЭ добавили, что готовы предоставить точны"
282,"ВЭБ и ПСБ выдадут синдицированный кредит на 24 млрд руб. на электромобиль ""Атом""",Петербургский международный экономический форум,industrial_production_index;enterprises_count,real_income_index,per_capita_income,consumer_price_index;enterprises_count;industrial_production_index,,real_income_index,per_capita_income,consumer_price_index,2,1,"Москва. 20 июня. INTERFAX.RU - ВЭБ.РФ, ПСБ и АО ""Кама"" заключили договор синдицированного кредитования на сумму 24 млрд рублей для запуска электромобиля ""Атом"" в серийное производство. Проект реализуется с использованием механизма Фабрики проектного финансирования, сообщил ВЭБ.  Церемония подписания состоялась в рамках ПМЭФ-2025.  Комментируя соглашение, глава ВЭБа Игорь Шувалов отметил, что госкорпорация расширяет пул партнеров в проектном финансировании - к организации синдицированного кредитования в рамках фабрики присоединился ПСБ.  Ранее в 2023 и 2024 годах Фонд развития промышленности предоставил АО ""Кама"" два льготных займа по программе ""Автокомпоненты"" на общую сумму порядка 10 млрд рублей.  АО ""Кама"", занимающееся проектом электромобиля ""Атом"", было зарегистрировано в августе 2021 года при участии гендиректора ПАО ""КАМАЗ"" Сергея Когогина. Позже сообщалось, что в состав акционеро"
376,Эквадор готов принять российских проверяющих для аудита производителей бананов,Экономика,industrial_production_index;enterprises_count,,air_pollution;wastewater_discharge,consumer_price_index;enterprises_count;industrial_production_index,,,air_pollution;wastewater_discharge,consumer_price_index,2,1,"Москва. 15 августа. INTERFAX.RU - Эквадор готов принять российских специалистов для инспектирования предприятий по выращиванию бананов и производству рыбной продукции, сообщает Россельхознадзор со ссылкой на министра сельского хозяйства и животноводства Эквадора Франклина Данило Паласиоса Маркеса после его переговоров с главой службы Сергеем Данквертом.  Оба чиновника - сопредседатели российско-эквадорской межправительственной комиссии (МПК) по торгово-экономическому сотрудничеству.  ""Стороны договорились провести технические переговоры по вопросам инспекций. Эквадорская сторона заверила, что в ближайшее время направит списки компаний, заинтересованных в поставках своих товаров в Россию"", - отмечает Россельхознадзор.  В конце апреля 2025 года российские специалисты уже проводили инспекции в Эквадоре, в том числе проверяли систему карантинной сертификации продукции. Необходимость этого бы"
863,"Министры ОПЕК+ и ""восьмерки"" подтвердили ранее принятые решения об уровнях добычи на 2026 г. и I кв.",Экономика,industrial_production_index,,enterprises_count,consumer_price_index;enterprises_count;industrial_production_index,,,,consumer_price_index,0,1,"Москва. 30 ноября. INTERFAX.RU - Министры стран ОПЕК+ в ходе онлайн заседания подтвердили ранее принятые решения об уровнях добычи нефти в 2026 году - в течение всего года будут действовать текущие квоты по добыче, говорится в пресс-релизе ОПЕК.  Министры также утвердили механизм, который будет использоваться для определения максимальных возможностей по добыче для стран-участниц, которые будут базой для уровней добычи на 2027 год.  Министры восьми стран ОПЕК+, которые также встречались в воскресенье в онлайн-формате, как и ожидалось, подтвердили ранее принятое решение приостановить наращивание добычи нефти в I квартале 2026 года, то есть уровни добычи в первом квартале будут определяться на уровне квот, действующих на декабрь.  Встреча восьми стран-добровольцев ОПЕК+ намечена на 4 января, встреча всех стран ОПЕК+ состоится 7 июня.  Министры всех стран ОПЕК+ еще в декабре 2024 года принял"
335,Мурманский губернатор предупредил о трудностях регионов Арктики после повышения МРОТ,Экономика,,,per_capita_income,consumer_price_index;living_wage;per_capita_income;real_income_index,,,,consumer_price_index;living_wage;real_income_index,0,3,"Москва. 31 октября. INTERFAX.RU - Повышение в России минимальной оплаты труда (МРОТ) с 2026 года поставит регионы Арктической зоны в затруднительное положение в связи возрастающими расходами областных бюджетов, им требуется федеральная поддержка, считает губернатор Мурманской области, председатель комиссии Госсовета по направлению ""Северный морской путь и Арктика"" Андрей Чибис.  ""Безусловно, мы абсолютно поддерживаем политику, связанную с повышением минимального размера оплаты труда. Но при этом, с учетом решений Конституционного суда, которые были приняты ранее, все, что касается оплаты северных коэффициентов, ложится на бремя региональных бюджетов"", - сказал он на заседании комиссии Госсовета.  ""Как правило, с учетом достаточно высокого уровня бюджетной обеспеченности, федеральная поддержка на компенсацию этого роста и на финансирование оплаты труда арктические субъекты не получают"", -"
67,"Нефть усилила падение, Brent теряет 5,6% и торгуется у $70,8 за баррель",Экономика,consumer_price_index;industrial_production_index,real_income_index,enterprises_count,consumer_price_index;enterprises_count;industrial_production_index,,real_income_index,,,1,0,"Москва. 3 апреля. INTERFAX.RU - Цены на нефть усилили падение днем в четверг на новостях об изменении планов ОПЕК+.  Восемь стран-участниц сделки приняли решение ускорить снятие ранее принятых в объеме 2,2 млн баррелей в сутки ограничений в добыче нефти и увеличить добычу с мая на 411 тыс. баррелей в сутки , что эквивалентно трем ежемесячным надбавкам, говорится в пресс-релизе ОПЕК.  Согласно новому плану, квота России в мае составит 9,083 млн б/с, Саудовской Аравии - 9,2 млн б/с.  Июньские фьючерсы на сорт Brent на лондонской бирже ICE Futures по данным на 14:39 по Москве торгуются по $70,79 за баррель, что на $4,16 (5,55%) ниже уровня закрытия предыдущей сессии.  Фьючерсы на нефть WTI на май на электронных торгах Нью-Йоркской товарной биржи (NYMEX) снизились в цене к этому времени на $4,19 (5,84%), до $67,52 за баррель.  Инвесторы также продолжают оценивать данные о запасах в США и нов"
92,"Суд по иску конкурсного управляющего российского ""Гугла"" взыскал с Google Ireland Limited 101,6 млрд руб.",Экономика,industrial_production_index;enterprises_count,real_income_index,per_capita_income,consumer_price_index;enterprises_count;industrial_production_index,,real_income_index,per_capita_income,consumer_price_index,2,1,"Москва. 17 февраля. INTERFAX.RU - Арбитражный суд Москвы в понедельник, 16 февраля, по иску конкурсного управляющего ООО ""Гугл"" (российское юрлицо Google, входящей в Alphabet Inc.) Валерия Таляровского признал недействительными платежи ООО ""Гугл"" в пользу Google Ireland Limited в размере более 373,7 млрд руб.  Как сообщили ""Интерфаксу"" в пресс-службе суда, суд применил последствия недействительности платежей ООО ""Гугл"" в пользу Google Ireland Limited и решил взыскать с иностранной компании более 101,6 млрд руб.  Подробности заседания пока не опубликованы.  Иск был заявлен о признании недействительными сделок российской компании с Google Ireland Limited.  Суд на заседании в начале декабря 2025 года привлек Генеральную прокуратуру РФ и Росфинмониторинг к участию в рассмотрении спора. По словам судьи, это связано с тем, что в заявлении управляющего идет речь о ""выводе активов"" из России.  К"
157,"""СПБ биржа"" сообщила о регуляторных сложностях с запуском торгов заблокированными акциями",Экономика,consumer_price_index;enterprises_count,real_income_index;industrial_production_index,,consumer_price_index;enterprises_count;industrial_production_index;real_income_index;unemployment_rate,,,,unemployment_rate,0,1,"Технически биржа готова к этим торгам  Москва. 8 октября. INTERFAX.RU - ""СПБ биржа"" технически готова к запуску торгов заблокированными акциями, но видит регуляторные сложности и проводит консультации с Банком России, заявил журналистам в кулуарах ""Финополиса"" гендиректор площадки Евгений Сердюков.  ""Мы уже имеем опыт ""Московской биржи"" по организации торгов заблокированными бумагами. Что мы видим: есть положительные вещи - инвесторы могут каким-то образом, пусть с потерями, но выйти из этих бумаг, если деньги очень нужны. Тем не менее, во-первых, цены там с большим дисконтом - 50% и более. Во-вторых - рынок торгов заблокированными бумагами пока либо в качестве внебиржевого рынка ""Мосбиржи"", либо в качестве внебиржевых сделок отдельных брокеров. И мы видим, что те клиенты, которые покупают на внебиржевом рынке ценные бумаги, сразу должны будут заплатить налог на матвыгоду, потому что цен"
158,Brent остается в минусе и торгуется у $69 за баррель,Экономика,consumer_price_index,real_income_index;industrial_production_index,enterprises_count,consumer_price_index;enterprises_count;industrial_production_index,,real_income_index,,,1,0,"Москва. 15 июля. INTERFAX.RU - Цены на нефть остаются в минусе днем во вторник, но отступили от внутридневных минимумов.  К 14:03 по Москве сентябрьские фьючерсы на Brent дешевели на лондонской бирже ICE Futures на $0,2 (0,29%) до $69,01 за баррель. Августовские фьючерсы на WTI к этому времени дешевели на бирже NYMEX на $0,3 (0,45%), до $66,68 за баррель.  В ходе торгов цена контрактов на Brent опускалась до $68,6 за баррель, на WTI - до $66,27 за баррель. В понедельник эти фьючерсы подешевели на 1,6% и 2,1% соответственно.  Цены на нефть начали снижаться после объявления президентом США Дональдом Трампом нового плана оказания давления на Россию. Анонсированные шаги не предусматривают немедленных ограничений для российского нефтяного сектора, которых опасались инвесторы.  Трамп заявил на встрече с генсеком НАТО Марком Рютте 14 июля, что разочарован позицией России по украинскому урегулир"
341,Введение санкций США в отношении сербской энергокомпании NIS отложено на 30 дней,В мире,industrial_production_index;enterprises_count,,per_capita_income;air_pollution,consumer_price_index;enterprises_count;industrial_production_index;international_outflow;per_capita_income,,,air_pollution,consumer_price_index;international_outflow,1,2,"Москва. 27 февраля. INTERFAX.RU - Введение санкций США в отношении сербской энергетической компании NIS отложено на 30 дней, сообщил в четверг президент Сербии Александр Вучич.  ""Мы получили еще 30 дней для NIS. Хорошая новость для граждан Сербии"", - написал он в соцсетях.  К сообщению Вучич приложил документ американского министерства финансов, в котором говорится о принятом властями США решении.  Из документа следует, что санкции против NIS должны вступить в силу 28 марта.  В среду вечером стало известно , что ""Газпром нефть"" передала Газпрому 5,15% акций сербской компании NIS. Ранее ""Газпром нефти"" принадлежало 50% NIS, ""Газпрому"" - 6,15%. Теперь у ""Газпром нефти"" - 44,85% акций NIS, у ""Газпрома"" - 11,3%. Еще 29,87% акций NIS находится в собственности Сербии, остальное - у миноритарных акционеров.  Ранее глава ""Сербиягаза"" Душан Баятович высказывал мнение, что разрешением санкционной "
412,"Частный акционер остался во главе совета директоров ""Петербургского нефтетерминала""",Экономика,enterprises_count;crime_count,industrial_production_index,air_pollution,crime_count;enterprises_count;per_capita_income,,industrial_production_index,air_pollution,per_capita_income,2,1,"Москва. 8 октября. INTERFAX.RU - Акционеры АО ""Петербургский нефтяной терминал"" (ПНТ) на внеочередном собрании избрали новый совет директоров компании, сообщил телеграм-канал ПНТ.  В него, в частности, вошли собственник 45% акций терминала Елена Васильева и его генеральный директор Владимир Грызлов, который сохранил свои полномочия. В составе СД больше нет Михаила и Евгения Скигиных - совладельцев кипрской ""Туджунга Энтерпрайзиз Лимитед"".  Компания отмечает, что собрание прошло по требованию Росимущества.  Позднее Васильева решением совета директоров была переизбрана председателем совета.  В октябре 2024 года ПНТ подал иск к акционерам - Васильевой и ""Туджунге"". В нем истец просил признать незаконным проведение собрания акционеров ПНТ, на котором было принято решение о прекращении полномочий генерального директора Грызлова. Суд тогда смену гендиректора приостановил.  В апреле 2025 года А"
40,"""Газпром"" и ""ЛУКОЙЛ"" ликвидируют сбытовое СП ""Газ-Ойл Трейдинг""",Экономика,enterprises_count,industrial_production_index,air_pollution,enterprises_count;industrial_production_index;unemployment_rate,,,air_pollution,unemployment_rate,1,1,"Москва. 5 февраля. INTERFAX.RU - ""Газпром"" и ""ЛУКОЙЛ"" ликвидируют совместную торговую компанию ООО ""Газ-Ойл Трейдинг"". Предприятие направило в ЕГРЮЛ заявление о ликвидации юридического лица.  Торговое СП партнеры создали в 2007 году. В настоящее время совладельцами ООО на паритетных началах выступают ООО ""Газпром ГНП Холдинг"" и ООО ""ЛУКОЙЛ-РНП-Трейдинг"". По итогам 2023 года выручка превысила 3 млрд рублей – все за счет реализации газа (723 млн куб. м).  СП занималось реализацией газа, в том числе на Санкт-Петербургской международной товарно-сырьевой бирже (СПбМТСБ). До 2022 года также продавало нефтепродукты.  В компании (по данным на 2023 год) было трудоустроено 15 сотрудников.  В 2023 году на должность начальника департамента 314 ""Газпрома"" (ответственного за реализацию газа и жидких углеводородов в России) был назначен Вадим Симдякин. За плечами у него карьера в ""Газпром нефти"", где о"
324,"""Аэрофлот"" 1 марта отменяет рейсы в Дубай и Абу-Даби",В России,,life_expectancy;mortality_rate,crime_count,consumer_price_index;international_inflow;international_outflow,,life_expectancy;mortality_rate,crime_count,consumer_price_index;international_inflow;international_outflow,3,3,"Москва. 1 марта. INTERFAX.RU - ""Аэрофлот"" в воскресенье отменяет все рейсы в/из Дубай и в/из Абу-Даби в связи с продлением временных ограничений на использование воздушного пространства ОАЭ.  Пассажирам отменённых рейсов предоставляется возможность переоформления билетов на ближайшие даты с учётом наличия свободных мест или оформления вынужденного возврата, говорится в сообщении.  Авиакомпания подчеркивает, что в условиях массовой отмены рейсов в ОАЭ разместила в гостиницах в Дубае и Абу-Даби 790 пассажиров.  ""Остальные пассажиры отменённых рейсов разместились самостоятельно, так как имеют собственные варианты проживания"", - говорится в сообщении.  Об отмене рейсов 1 марта сообщили тоже авиакомпании flyDubai, Emirates, Etihad, Qatar Airways, ""Победа"" и многие другие.  В ОАЭ из-за отмен рейсов пострадали более 20 тыс. пассажиров. По данным Ассоциации туроператоров, в стране находится боле"
978,"Brent торгуется у $65,84 за баррель",Экономика,consumer_price_index,real_income_index;industrial_production_index,,consumer_price_index;enterprises_count;industrial_production_index,,real_income_index,,enterprises_count,1,1,"Москва. 14 августа. INTERFAX.RU - Цены на нефть остаются в плюсе днем в четверг, но отступили от внутридневных максимумов.  К 14:10 по Москве октябрьские фьючерсы на Brent дорожали на лондонской бирже ICE Futures на $0,21 (0,32%), до $65,84 за баррель. Сентябрьские фьючерсы на WTI к этому времени дорожали на бирже NYMEX на $0,18 (0,29%), до $62,83 за баррель.  Ранее на торгах цена фьючерсов на Brent поднималась до $66,08 за баррель, на WTI - до $63,09 за баррель.  В среду оба контракта завершили торги на минимумах с начала июня. Цены на нефть оказались под давлением после публикации прогнозов Международного энергетического агентства (МЭА) и недельного отчета по коммерческим запасам нефти в Штатах.  Участники рынка ждут встречи президента США Дональда Трампа с президентом России Владимиром Путиным, которая пройдет в пятницу. Прогресс в урегулировании российско-украинского конфликта может "
97,Цивилев заявил об обсуждении вхождения Китая в СПГ-проекты в РФ на саммите в Кремле,В России,industrial_production_index;enterprises_count,,,consumer_price_index;enterprises_count;industrial_production_index;international_inflow,,,,consumer_price_index;international_inflow,0,2,"Москва. 8 мая. INTERFAX.RU - Тема вхождения Китая в российские проекты по сжижению природного газа (СПГ) сейчас обсуждается на российско-китайском саммите в Кремле, сообщил журналистам министр энергетики РФ Сергей Цивилев.  ""Сейчас это как раз обсуждается"", - сказал он, отвечая на вопрос, могут ли войти китайские компании в СПГ-проект в Усть-Луге или новые СПГ-проекты в России.  Согласно Энергостратегии РФ, одобренной в середине апреля, производство СПГ в России предполагается увеличить с 32,3 млн тонн в 2023 году до 90-105 млн тонн в 2030 году, до 110-130 млн тонн в 2036 году и до 110-175 млн тонн в 2050 году.  В частности, для достижения уровня производства 100 млн тонн к 2030 году предполагается достроить ""Арктик СПГ 2"" (19,8 млн т) и проект в Усть-Луге (13,2 млн т), построить ""Обский СПГ"" (4,8 млн т), ""Мурманский СПГ"" (20,4 млн т) и ""Арктик СПГ 1"" (19,8 млн т) в дополнение к действую"
107,Россия в 2025 году увеличила выручку от экспорта чая на 11%,В России,enterprises_count,industrial_production_index,,enterprises_count;industrial_production_index;international_outflow,,,,international_outflow,0,1,"Москва. 2 марта. INTERFAX.RU - РФ в 2025 году экспортировала чая на сумму свыше $96 млн, что на 11% больше, чем в 2024 году, сообщает федеральный центр ""Агроэкспорт"" со ссылкой на оценки экспертов.  В натуральном выражении экспорт превысил 12 тыс. тонн. Динамика этого показателя не приводится.  В тройку крупнейших покупателей вошли Белоруссия, импортировавшая чая более чем на $44 млн, Казахстан (свыше $17 млн) и Азербайджан ($7 млн).  Основным экспортным продуктом стал черный чай, его доля в поставках составила 78%. На зеленый пришлось 16%. Остальное - на оба вида чая со вкусо-ароматическими добавками.  ""Агроэкспорт"" также отметил, что в 2025 году РФ поставила в ОАЭ 87 тонн чая на $274 тысяч. Это стало самым большим объемом за всю историю наблюдений. По сравнению с 2024 годом экспорт в эту страну вырос в восемь раз в натуральном выражении и в 2,3 раза - в стоимостном.  Исторический рекор"
234,"РСТ заявил, что обострение конфликта между Таиландом и Камбоджей не повлияло на отдых россиян",В мире,,industrial_production_index,,crime_count;international_inflow;international_outflow;life_expectancy,,industrial_production_index,,crime_count;international_inflow;international_outflow;life_expectancy,1,4,"Москва. 7 декабря. INTERFAX.RU - Популярные у путешественников курорты Таиланда находятся в удалении от границы с Камбоджей, поэтому обострение конфликта между странами не оказало существенного влияния на безопасность туристов из РФ, сообщили в Российском союзе туриндустрии (РСТ).  ""На текущий момент ситуация, связанная с напряженностью на границе Таиланда и Камбоджи, не оказывает существенного влияния на безопасность российских туристов. Речь идет о локальных мерах в приграничных провинциях Сурин, Сисакет, Бурирам и Убон-Ратчатхани - эти территории не относятся к зонам массового туризма и находятся на значительном удалении от ключевых курортов, таких как Бангкок, Паттайя, Пхукет, Самуи и Краби"", - сказали в пресс-службе объединения.  Как отметили в РСТ, организованных туристических групп из России в приграничных районах нет, российские туроператоры не формируют туда экскурсионных или пл"
271,Экспорт пшеницы из России в 2025/26 сельхозгоду может вырасти до 44 млн т,Экономика,,industrial_production_index,,enterprises_count;industrial_production_index;internal_departures,,,,enterprises_count;internal_departures,0,2,"Москва. 10 декабря. INTERFAX.RU - Экспорт пшеницы из России в 2025/26 сельхозгоду (июль-июнь) может составить 44 млн тонн. Такой прогноз представил руководитель аналитического центра ""Русагротранса"" Игорь Павенский на конференции ""Агрохолдинги России - 2025"", организованной проектом ""Агроинвестор"".  В минувшем сельхозгоду экспорт составил 42,1 млн тонн, напомнил он.  Экспорт ячменя оценивается в 5,3 млн тонн (4,7 млн тонн), кукурузы - в 3,8 млн тонн (3,2 млн тонн). Общий экспорт зерновых и зернобобовых прогнозируется в 57,8 млн тонн против 53,4 млн тонн сезоном ранее.  Как заявил Павенский, общий сбор зерновых и зернобобовых культур в РФ может составить 138,4 млн тонн, в том числе 88,5-90 млн тонн пшеницы.  ""В Сибири урожай пшеницы планируется выше, несмотря на снижение площадей. На рекордном уровне собран урожай в Ставропольском крае. Кроме того, прогнозируется, что в центре и на Волге "
207,Более 160 тонн загрязненного мазутом грунта вывезли с пляжей Севастополя,В России,hospitals;air_pollution,life_expectancy;industrial_production_index;mortality_rate,wastewater_discharge,air_pollution;enterprises_count;industrial_production_index;life_expectancy;mortality_rate;wastewater_discharge,hospitals,,,enterprises_count,1,1,"Москва. 15 января. INTERFAX.RU - Свыше четырех тонн загрязненного мазутом грунта было вывезено для утилизации за минувшие сутки в Севастополе, сообщил губернатор города Михаил Развожаев.  ""За 14 января вывезли для утилизации 4,3 тонны загрязненного мазутом грунта. За все время работ вывезли 163,1 тонны. Продолжается вывоз мешков с загрязненным грунтом"", - написал Развожаев в своем телеграм-канале .  Он также добавил, что на реабилитации в государственной ветеринарной клинике находятся 46 птиц, пострадавших от выбросов мазута.  15 декабря в Керченском проливе потерпели крушение танкеры с мазутом ""Волгонефть 212"" и ""Волгонефть 239"", в результате чего произошел разлив топлива. По данным Минтранса РФ, при крушении танкеров были повреждены четыре танка с нефтепродуктами, в море попало около 2,4 тыс. тонн мазута.  В Севастополе выбросы мазута фиксируют с 3 января .  Введены режимы ЧС региональ"
599,Рубль утром понижается в паре с юанем перед пятничным заседанием ЦБ РФ по ставке,Экономика,consumer_price_index;enterprises_count,real_income_index;industrial_production_index,per_capita_income;crime_count,consumer_price_index;per_capita_income;real_income_index,enterprises_count,industrial_production_index,crime_count,,3,0,"Москва. 20 марта. INTERFAX.RU - Китайский юань укрепляется на Московской бирже утром в четверг, рубль дешевеет перед пятничным заседанием ЦБ РФ по ключевой ставке.  По итогам первой минуты торгов курс юаня составил 11,5805 руб. (+8,45 коп. к уровню предыдущего закрытия). Китайская валюта при этом оказалась на 14,68 коп. выше уровня действующего официального курса.  Аналитики единогласно ждут сохранения ключевой ставки ЦБ РФ в ближайшую пятницу, 21 марта, на уровне 21% годовых.  Банк России, скорее всего, оставит ключевую ставку без изменений (на уровне 21% годовых) по итогам заседания в пятницу, 21 марта 2025 года, но риторика регулятора будет нейтральной, в частности, считает руководитель направления инвестиционного консультирования компании ""Алор брокер"" Алексей Антонов.  Вечером в среду вышли традиционные данные Росстата по динамике потребительских цен. За неделю с 11 по 17 марта инфл"
214,РСА определил 10 регионов с максимальной долей судебных издержек по ОСАГО,В России,enterprises_count,life_expectancy;mortality_rate,per_capita_income;crime_count,consumer_price_index;enterprises_count;real_income_index,,life_expectancy;mortality_rate,crime_count;per_capita_income,consumer_price_index;real_income_index,4,2,"Москва. 23 июня. INTERFAX.RU - Российский союз автостраховщиков (РСА) определил 10 регионов с максимальной долей судебных издержек по ОСАГО за период с 1 апреля 2024 года по 31 марта 2025 года, сообщает союз.  В среднем по РФ ""на каждый рубль страховой выплаты, произведенной по суду, приходилось 2,08 рубля накладных расходов"", - привел данные президент союза Евгений Уфимцев.  Таким образом, сумма судебных издержек практически вдвое превышает сумму страхового возмещения и эту прибыль получают не автовладельцы для ремонта своих авто, а недобросовестные посредники, злоупотребляющие правом потерпевших.  Возглавляют группу с лидирующими показателями судебных расходов в ОСАГО Приморский край, Мордовия и Томская область.  Так, в Приморском крае на каждый рубль страховой выплаты по ОСАГО по суду приходится 4,24 рубля штрафов, пеней и неустоек. На втором месте по этому показателю Мордовия с 3,24 "
694,Мишустин пообещал стимулировать спрос на разработки в станкостроении для поддержки отрасли,В России,housing_area_per_capita;industrial_production_index;enterprises_count,real_income_index,per_capita_income,enterprises_count;industrial_production_index;real_income_index,housing_area_per_capita,,per_capita_income,,2,0,"Москва. 28 мая. INTERFAX.RU - Правительство реализует ряд мер, направленных на развитие станкоинструментальной отрасли и робототехники, в комплексе они должны помочь России постепенно нарастить собственные компетенции в этой сфере, заявил премьер-министр Михаил Мишустин на встрече со студентами технических вузов.  ""Действительно, за несколько десятков лет мы потеряли свои позиции, которые были когда-то очень сильными в области станкостроения, в области целого ряда, в том числе, и технологических, современных на то время систем гибкого автоматизированного производства. Сегодня идет активное восстановление, и специальные инструменты (...) они созданы"", - сказал он, что на текущий момент доля отечественной станкоинструментальной продукции на внутреннем рынке уже достигла 30% .  В числе действующих мер поддержки отрасли Мишустин перечислил инструменты Фонда развития промышленности, промышлен"
943,Аналитики прогнозируют сохранение ставки ЦБ РФ на уровне 21%,Экономика,consumer_price_index;enterprises_count,real_income_index;industrial_production_index,per_capita_income,consumer_price_index;per_capita_income;real_income_index,enterprises_count,industrial_production_index,,,2,0,"Москва. 19 марта. INTERFAX.RU - Аналитики единогласно ждут сохранения ключевой ставки ЦБ РФ в ближайшую пятницу, 21 марта, на уровне 21% годовых.  Банк России в феврале, сохранив ключевую ставку на уровне 21%, заявил, что будет оценивать целесообразность ее повышения на ближайшем заседании с учетом скорости и устойчивости снижения инфляции.  Инфляция в годовом выражении, исходя из расчетов на основе данных Росстата, на 17 марта символически ускорилась до 10,20% с 10,19% на 10 марта (10,06% на конец февраля), если ее высчитывать из недельной динамики (такой методики придерживается ЦБ), но замедлилась до 10,08% на 17 марта с 10,11% на 10 марта, если ее высчитывать из среднесуточных данных за март 2024 года (такой методики придерживается Минэкономразвития). Расхождения в оценках годовой инфляции по разным методикам связаны с тем фактом, что в марте 2024 года динамика была неравномерной - в "
9,В посольстве РФ рассказали о планах Британии отказаться от российского урана к 2028 году,В мире,industrial_production_index;enterprises_count;air_pollution,,per_capita_income,consumer_price_index;enterprises_count;industrial_production_index;international_outflow,air_pollution,,per_capita_income,consumer_price_index;international_outflow,2,2,"Москва. 18 ноября. INTERFAX.RU - Великобритания намерена отказаться от импорта российского урана к 2028 году, заменив его поставками из США, сообщает во вторник газета ""Известия"" со ссылкой на посольство РФ в Лондоне.  ""Ранее местное правительство намеревалось полностью отказаться от российского урана к 2030 году, однако в рамках недавней ""сделки технологического процветания"" с американцами график был сдвинут на 2028-й. Вполне понятно, что за счет поставок из США, уже имевших опыт замещения российского топлива на Украине"", - заявили изданию российские дипломаты.  Причем речь идет не о прямых поставках, а о закупках топлива российского происхождения, принадлежащего французской компании EDF, уточняется в публикации.  ""В вопросе торговли с Россией британцев мало волнует экономическая целесообразность. В корне многих нынешних экономических проблем Британии лежат русофобия и одержимость скоре"
54,Срок предоставления рыбных инвестквот предлагается продлить с 15 до 20 лет,В России,industrial_production_index;enterprises_count,real_income_index,per_capita_income,consumer_price_index;enterprises_count;industrial_production_index,,real_income_index,per_capita_income,consumer_price_index,2,1,"Москва. 22 июля. INTERFAX.RU - Срок предоставления инвестиционных квот на вылов рыбы, который в настоящее время составляет 15 лет, может быть продлен. Предлагается довести его до 20 лет, заявила Ассоциация владельцев рыбопромыслового флота (АСРФ) после совещания в Совете Федерации. На совещании обсуждали реализацию первого и второго этапов программы инвестиционных квот.  Как заявил вице-президент АСРФ Алексей Осинцев, продление срока пользования квотой в условиях, когда сроки окупаемости инвестпроектов выходят далеко за пределы установленного сегодня 15-летнего периода, - это жизненная необходимость. ""Долгострой верфей, жесткая финансовая политика в отношении ключевой ставки делает стоимость судов драматичной для инвесторов. Зачастую заказчикам для продолжения строительства приходится обращаться в банки для реструктуризации кредитов. При этом банки видят, что сроки окупаемости превышают "
152,"В Туле оцепили часть улицы, где найдены опасные обломки БПЛА",В России,crime_count,life_expectancy;housing_area_per_capita;mortality_rate,,crime_count;enterprises_count;housing_area_per_capita;life_expectancy;mortality_rate,,,,enterprises_count,0,1,"Москва. 22 мая. INTERFAX.RU - В Туле обломки БПЛА упали рядом с физкультурно-оздоровительным комплексом ""Оружейник"" на улице Кутузова, сообщил в Telegram губернатор области Дмитрий Миляев.  ""Предположительно, одна из частей может содержать взрывчатые вещества. На месте работают оперативные службы"", - написал он.  Из соображений безопасности участок улицы Кутузова от улицы Рихарда Зорге до Загородного проезда оцеплен оперативными службами.  Ранее Миляев сообщал , что на город была совершена массированная атака беспилотников и легко ранены два человека.  ""Один из дронов врезался в крышу многоквартирного дома в Пролетарском округе города Тулы. Также в результате падения обломков БПЛА повреждения получили жилые и нежилые здания еще по ряду адресов в областной столице"", - уточнял губернатор.  Прокуратура Тульской области взяла на контроль соблюдение прав граждан, пострадавших от атаки БПЛА.  "
564,"Brent подешевела до $76,38 за баррель",Экономика,consumer_price_index;industrial_production_index,real_income_index,international_outflow,consumer_price_index;enterprises_count;industrial_production_index,,real_income_index,international_outflow,enterprises_count,2,1,"Москва. 21 февраля. INTERFAX.RU - Котировки нефти слабо снижаются утром в пятницу после умеренного роста в четверг.  К 8:10 по московскому времени апрельские фьючерсы на Brent дешевели на лондонской бирже ICE Futures на $0,1 (0,13%) до $76,38 за баррель. В четверг Brent подорожала на $0,44 (0,6%), до $76,48 за баррель.  Апрельские фьючерсы на WTI к этому времени дешевели на электронных торгах Нью-Йоркской товарной биржи NYMEX на $0,1 (0,14%), до $72,38 за баррель. За предыдущую сессию контракт подорожал на $0,38 (0,5%), до $72,48 за баррель.  По данным Минэнерго США, коммерческие запасы нефти в стране на прошлой неделе увеличились на 4,63 млн баррелей. Эксперты ожидали роста на 3 млн баррелей.  Товарные запасы бензина снизились на 151 тысячу баррелей, дистиллятов - упали на 2,05 млн баррелей. Аналитики прогнозировали сокращение запасов бензина на 1 млн баррелей, дистиллятов - на 1,5 млн "
596,Цены на российских АЗС значительно выросли в новогодние каникулы,Экономика,consumer_price_index;enterprises_count,real_income_index;industrial_production_index,,consumer_price_index;enterprises_count;real_income_index,,industrial_production_index,,,1,0,"Ключевой причиной стало повышение НДС, заявили в Российском топливном союзе  Москва. 12 января. INTERFAX.RU - Автозаправочные сети России в последние дни 2025 года и в течение новогодних каникул 2026 года значительно повысили цены на бензин и дизельное топливо.  Согласно данным Российского топливного союза (РТС, объединяет розничных операторов топливного рынка), к 12 января 2026 года по сравнению с 29 декабря 2025 года цены на российских заправках в среднем по стране увеличились на один рубль за литр. Повысили цены на стелах АЗС и нефтяные компании, и частные сети, следует из данных союза.  Глава РТС Евгений Аркуша, комментируя это, отметил, что ключевой причиной стало повышение НДС : ""С начала 2026 года в России увеличена ставка налога на добавленную стоимость (НДС) с 20% до 22%. В связи с этим в стране выросли цены на различные товары и услуги, в том числе и цены на моторное топливо в "
780,"Brent подешевела до $68,24 за баррель",Экономика,consumer_price_index;industrial_production_index,real_income_index,crime_count,consumer_price_index;enterprises_count;industrial_production_index,,real_income_index,crime_count,enterprises_count,2,1,"Москва. 29 августа. INTERFAX.RU - Цены на нефть опускаются утром в пятницу, но завершают неделю в плюсе.  С одной стороны, трейдеры ждут ослабления спроса на топливо с учетом приближающегося завершения автомобильного сезона в США. С другой стороны, неопределенность вокруг доступности российской нефти на мировом рынке сохраняется, отмечает Reuters.  Стоимость октябрьских фьючерсов на сорт Brent на лондонской бирже ICE Futures по данным на 8:20 по московскому времени составила $68,24 за баррель, что на $0,38 (0,55%) ниже, чем на закрытие предыдущих торгов. В четверг эти контракты выросли в цене на $0,57 (0,8%), до $68,62 за баррель.  Более активно торгуемые ноябрьские контракты на Brent подешевели в ходе торгов до $0,39 (0,57%), до $67,59 за баррель.  Фьючерсы на нефть WTI на октябрь на электронных торгах Нью-Йоркской товарной биржи (NYMEX) снизились в цене к этому времени на $0,4 (0,62%),"
858,В Удмуртии отменили введенный после атаки БПЛА в Ижевске режим ЧС,В России,enterprises_count;crime_count;mortality_rate,life_expectancy,,crime_count;hospitals;internal_departures;life_expectancy;mortality_rate,enterprises_count,,,hospitals;internal_departures,1,2,"Москва. 7 июля. INTERFAX.RU - В Удмуртии отменили режим чрезвычайной ситуации, который вводили на территории региона после атаки БПЛА на одно из предприятий Ижевска, сообщает пресс-служба главы и правительства республики.  В Удмуртии продолжает действовать режим повышенной готовности, введенный 27 июня для организации защиты от возможных угроз, связанных с атаками БПЛА.  В результате атаки БПЛА на одно из предприятий Ижевска 1 июля погибли три человека , 57 пострадали."
864,Госдума приняла закон о дистанционном открытии счетов в рамках ЭПР,В России,enterprises_count;crime_count,real_income_index,per_capita_income,consumer_price_index;enterprises_count,crime_count,real_income_index,per_capita_income,consumer_price_index,3,1,"Москва. 1 апреля. INTERFAX.RU - Госдума приняла в третьем чтении закон, который разрешает банкам в рамках экспериментального правового режима (ЭПР) открывать счета гражданам без необходимости личного присутствия. Сейчас это возможно, если клиент или его представитель ранее уже прошли идентификацию при личной встрече, а для иностранцев - через идентификацию в иностранных организациях.  Правительство внесло законопроект № 746280-8 в палату в октябре 2024 года.  По действующему законодательству, открывать счета (вклады) без личного присутствия клиента или его представителя можно только в определенных случаях. Для российских граждан - если клиент или его представитель были идентифицированы ранее при личной встрече с организацией, которая входит в банковскую группу или холдинг, к которому принадлежит кредитная организация. Для иностранных граждан - если клиент был идентифицирован иностранной "
72,В правительстве заявили о готовности предложить Китаю поставки авиакомплектующих,В России,,industrial_production_index,enterprises_count;crime_count,enterprises_count;industrial_production_index;international_inflow,,,crime_count,international_inflow,1,1,"Москва. 8 сентября. INTERFAX.RU - Россия в перспективе может предложить Китаю, разрабатывающему собственный дальнемагистральный широкофюзеляжный самолет, поставки тяжелого двигателя ПД-26, который планируется использовать на транспортном самолете Ил-100 и, возможно, в перспективе на МС-21-500 и 600.  Об этом журналистам заявил первый вице-премьер Денис Мантуров, подчеркнув, что решение за китайскими партнерами.  ""Во-первых, пока самого самолета нет, поэтому как самолет появится, эти поставки появятся. Мы готовы к осуществлению таких поставок. В первую очередь речь идет о тех компетенциях, которые мы сформировали, в том числе под проект МС-21"", - сказал он.  ""Это композитное крыло и, в том числе, тяжелый двигатель на базе газогенератора ПД-35 - 26-ти тонн тяги двигатель, который сейчас ложится в основу Ил-100, это военно-транспортный самолёт, и, возможно, будущего варианта МС-21-500 и 600"
267,Доля крупнейших банков на аукционах ОФЗ в августе упала до минимума в 2025 г.,Экономика,enterprises_count,real_income_index,per_capita_income,consumer_price_index;enterprises_count;real_income_index,,,per_capita_income,consumer_price_index,1,1,"Москва. 5 сентября. INTERFAX.RU - Системно значимые кредитные организации (СЗКО) в августе существенно снизили свою долю покупок на аукционах облигаций федерального займа (ОФЗ), выкупив 29,1% размещений. Об этом говорится в докладе Банка России ""Обзор рисков финансовых рынков"".  В июле их доля составляла 58,7%, в июне - 67,2%, в мае - 52,8%, в апреле - 57,7%. В марте они выкупили 32,4% размещений, в феврале - 47,1%, в январе доля крупнейших кредитных организаций упала до 44,7% с 79,1% в декабре. Таким образом в августе их доля на аукционах ОФЗ стала минимальной в этом году.  Основной спрос на аукционах ОФЗ предъявили некредитные финансовые организации (НФО) в рамках доверительного управления, выкупившие 35,2% от всех ценных бумаг. В июле их доля составляла 24,6%, в июне - 17,3%, в мае - 19,9%, в апреле - 22,3%, в марте - 49,5%, в феврале - 18,7%.  Прочие банки выкупили такую же долю ОФЗ,"
446,Финтех-подразделение Ozon размещает ЦФА на 3 млрд рублей,Экономика,industrial_production_index;enterprises_count,,per_capita_income,consumer_price_index;enterprises_count;per_capita_income,industrial_production_index,,,consumer_price_index,1,1,"Москва. 14 мая. INTERFAX.RU - ""Озон Капитал"", холдинговая компания, объединяющая большинство финансовых сервисов группы Ozon , размещает три новых выпуска цифровых финансовых активов (ЦФА) на платформе ""ЦФА хаб"", максимальный объем денежных требований по каждому выпуску – 1 млрд руб., говорится в сообщении платформы.  Доходность выпусков фиксированная и составляет 23,5%, 23,7% и 24% годовых, срок обращения – 6, 9 и 12 месяцев соответственно.  Все выпуски адресованы физическим лицам. Стоимость одного ЦФА – 1000 рублей.  Сбор заявок по всем выпускам продлится до 27 мая.  Приобрести ЦФА можно через приложение Озон банка, сообщал ""ЦФА хаб"". Покупка доступна всем клиентам банка, прошедшим идентификацию по паспорту. Максимальный объем на данный момент – 600 тыс. рублей.  ЦФА – цифровые аналоги ценных бумаг, которые выпускаются в виде записей в информационной системе на основе распределенного р"
472,Жители Ингушетии получили 25 лет на двоих за подготовку к диверсии,В России,crime_count,life_expectancy,birth_rate_per_1000,crime_count,,life_expectancy,birth_rate_per_1000,,2,0,"Москва. 28 января. INTERFAX.RU - Суд апелляционной инстанции общей юрисдикции вынес обвинительный приговор двум жителям Ингушетии, обвиненным в приготовлении к диверсии и незаконном хранении взрывных устройств, сообщили ""Интерфаксу"" в пресс-службе УФСБ РФ по региону.  ""Суд признал виновными Мухаммада Тумгоева 1994 года рождения и Ахмеда Сакалова 1997 года рождения по ч. 1 ст. 30 (приготовление к преступлению), ч. 2 ст. 281 (диверсия) и ч. 4 ст. 222.1 (незаконные приобретение, передача, сбыт, хранение, перевозка, пересылка или ношение взрывчатых веществ или взрывных устройств) УК РФ"", - сказал собеседник агентства.  По данным пресс-службы, Тумгоеву назначено наказание в виде лишения свободы сроком на 12 лет со штрафом 700 тыс. рублей с отбыванием наказания в исправительной колонии строгого режима, Сакалов приговорен к 13 годам лишения свободы в исправительной колонии строгого режима со шт"
558,Ведется опрос водителя фуры после атаки дронов в Иркутской области,В России,life_expectancy;crime_count,mortality_rate,,crime_count;internal_departures;life_expectancy,,mortality_rate,,internal_departures,1,1,"Москва. 1 июня. INTERFAX.RU - Сотрудники силовых ведомств работают с водителем фуры после атаки дронов в поселке Средний Усольского района Иркутской области, сообщил ""Интерфаксу"" источник в правоохранительных органах в воскресенье.  ""Интерфакс"" пока не располагает информацией по этому поводу из официальных источников.  Ранее губернатор Игорь Кобзев сообщил об атаке дронов на воинскую часть в поселке Средний, она была первой в Сибири. Один сброс был на старое здание в Новомальтинске, точное число БПЛА пока не известно.  По его словам, источник, откуда были выпущены дроны, - это фура, был блокирован. Угрозы жизни и здоровью мирных жителей нет.  По данным мэра Усольского района Виталия Матюхи, гражданское население и объекты не пострадали .  Движение автотранспорта на участке федеральной трассы Р-255 ""Сибирь"" в районе поселка Средний закрыто для всех видов автотранспорта в связи с беспилотн"
35,"Кремль не стал конкретизировать, какие документы привез Дмитриев после переговоров в Майами",В мире,,,crime_count,enterprises_count;international_inflow;international_outflow,,,crime_count,enterprises_count;international_inflow;international_outflow,1,3,"Москва. 24 декабря. INTERFAX.RU - В Кремле не стали конкретизировать, какие документы привез в Москву спецпредставитель президента, глава РФПИ Кирилл Дмитриев из Майами, где прошли российско-американские переговоры, отметили, что по-прежнему считают неправильным вести общение через СМИ.  ""Нет, не мог бы. Мы по-прежнему считаем, в том числе и на этой стадии, что весьма нецелесообразно вести какое-то общение через средства массовой информации. Поэтому мы не будем говорить о том, что именно привез Дмитриев, и тем более не будем говорить об этом через прессу"", - сказал журналистам пресс-секретарь президента РФ Дмитрий Песков.  Так он ответил на просьбу рассказать о том, какие документы привез Дмитриев после состоявшихся переговоров, и действительно ли в списке мирных предложений на данный момент отсутствует пункт о членстве Украины в НАТО."
49,Путин поздравил Лукашенко с днем рождения,В России,,,,consumer_price_index;enterprises_count;industrial_production_index;international_inflow;international_outflow;per_capita_income;real_income_index;unemployment_rate,,,,consumer_price_index;enterprises_count;industrial_production_index;international_inflow;international_outflow;per_capita_income;real_income_index;unemployment_rate,0,8,"Москва. 31 августа. INTERFAX.RU - Президент России Владимир Путин поздравил президента Белоруссии Александра Лукашенко с Днем рождения, отметив его вклад в развитие многопланового сотрудничества между двумя странами, в защиту общих законных интересов Москвы и Минска на международной арене.  ""Мы, конечно, продолжим конструктивный, содержательный диалог и тесную совместную работу по дальнейшему наращиванию двусторонних связей на всех направлениях, а также по упрочению институтов Союзного государства и продвижению взаимовыгодных интеграционных процессов на евразийском пространстве"", - говорится в поздравлении, опубликованном на сайте Кремля."
56,Российские ледоколы помогают финским судам в Финском заливе,В России,enterprises_count,,,industrial_production_index;international_inflow;international_outflow,enterprises_count,,,industrial_production_index;international_inflow;international_outflow,1,3,"Москва. 26 февраля. INTERFAX.RU - Российские ледоколы оказывают помощь финским грузовым суднам, застрявшим во льдах Финского залива, сообщает в четверг агентство транспортной инфраструктуры Финляндии.  ""Преобладающая сложная ледовая ситуация и ветровые условия привели к тому, что несколько грузовых судов застряли во льдах в международном морском районе Финского залива и в территориальном море Финляндии. В соответствии с обычной зимней навигационной практикой судам оказывается помощь при международном сотрудничестве с российскими ледоколами"", - говорится в сообщении.  ""Исходя из индивидуальных запросов Финского агентства транспортной инфраструктуры, российский ледокол может оказывать помощь грузовому судну также в финском территориальном море"", - сообщает агентство, которое отвечает за организацию зимней навигации в Финляндии.  Ведомство подчеркивает, что ""цель - обеспечить безопасность н"
57,"Резкое понижение температуры произойдет в регионах Поволжья, Урала и запада Сибири",В России,consumer_price_index,,,air_pollution;consumer_price_index,,,,air_pollution,0,1,"Москва. 6 декабря. INTERFAX.RU - Температура в регионах Приволжского, Уральского и Сибирского федеральных округов понизится в начале следующей недели, в отдельных регионах температура упадет сразу на 25 градусов, сообщил ""Интерфаксу"" научный руководитель Гидрометцентра России Роман Вильфанд.  ""На европейской территории России температурный фон будет выше нормы, по-прежнему воздушные массы перемещаются с запада, но начнутся изменения: меняется циркуляция, понижение температуры начнется с востока европейской части России. Прежде всего, это касается Приволжского федерального округа"", - сказал Вильфанд.  Он уточнил, что в Татарстане после выходных, когда температура будет около нуля, в понедельник произойдет понижение сразу на 7-8 градусов, днем и ночью температура будет минус 7 - минус 10 градусов. ""Еще более значительное понижение температуры в Оренбургской области. Там в выходные температ"
61,Глава комитета Госдумы Боярский призвал РКН не допустить распространения видео и фото с трагедией в Одинцове,В России,,,crime_count,crime_count;life_expectancy;mortality_rate,,,,life_expectancy;mortality_rate,0,2,"Москва. 16 декабря. INTERFAX.RU - Председатель комитета Госдумы по информационной политике Сергей Боярский считает недопустимым распространение видео и фото с трагедией в Одинцове.  ""Распространение видео и фото с трагедией в Одинцово считаю категорически недопустимым и аморальным. Призываю Роскомнадзор принять все необходимые меры"", - написал Боярский в своем канале в Мах."
89,В РФ изменят процедуру контроля за соблюдением требований к проведению экзамена для мигрантов,В России,,international_inflow,,crime_count;international_inflow;international_outflow,,,,crime_count;international_outflow,0,2,"Москва. 30 мая. INTERFAX.RU - В России начнут действовать изменения в процедуре контроля за исполнением требований к проведению экзамена для мигрантов, сообщается на сайте Рособрнадзора в пятницу.  ""В России начнут действовать изменения в осуществлении федерального государственного контроля (надзора) за соблюдением обязательных требований к проведению экзамена на подтверждение иностранцами владения русским языком, знания истории и основ законодательства РФ и выдаче иностранным гражданам сертификата"", - говорится в сообщении.  В ведомстве уточнили, что нововведения касаются того, как часто будут проводиться плановые проверки и профилактические визиты. Кроме того, дополнятся критерии добросовестности, установленные для контролируемых лиц, деятельность которых отнесена к категории высокого риска. Срок проведения мероприятий не может превышать десять рабочих дней.  ""Установлен порядок исполь"
93,"Минобороны РФ сообщило о продвижении группировки ""Восток"" в глубину обороны ВСУ",В России,,population_size,,crime_count;life_expectancy;mortality_rate,,population_size,,crime_count;life_expectancy;mortality_rate,1,3,"Москва. 6 декабря. INTERFAX.RU - Группировка войск ""Восток"" продвигается в глубину обороны вооруженных сил Украины, нанесены удары по украинским подразделениям в Запорожской области, в том числе в районе Гуляйполя, сообщили в Минобороны РФ в субботу.  ""Подразделения группировки войск ""Восток"" продолжили продвижение в глубину обороны противника. Нанесли поражение формированиям механизированной, штурмовой бригад, двух штурмовых полков ВСУ и двух бригад теробороны в районах населенных пунктов Косовцево, Белогорье, Гуляйполе и Прилуки Запорожской области"", - говорится в его сообщении.  По данным ведомства, украинская армия за сутки в зоне ответственности группировки ""Восток"" потеряла до 235 военных.  ""Подразделения ""Южной"" группировки войск улучшили тактическое положение. Нанесли поражение формированиям четырех механизированных, десантно-штурмовой бригад ВСУ, бригады морской пехоты, бригады "
95,Военные заявили о продвижении в Запорожской и Днепропетровской областях,В России,,population_size,,crime_count;internal_departures;life_expectancy;mortality_rate,,population_size,,crime_count;internal_departures;life_expectancy;mortality_rate,1,4,"Москва. 7 октября. INTERFAX.RU - Российская армия продвигается в Запорожской и Днепропетровской областях после установления контроля над селом Нововасилевское, сообщило Минобороны РФ во вторник.  Успешные боевые действия против ВСУ в Запорожской и Днепропетровской областях ведет группировка ""Восток"", сказано в сообщении министерства.  Штурм Нововасилевского провел 394-й мотострелковой полк 5-ой общевойсковой армии, сообщило министерство.  ""В ходе наступательных действий воины-приморцы освободили населенный пункт от формирований ВСУ и водрузили на его территории флаги Российской Федерации, взяв под контроль участок местности более 4 квадратных километров по правому берегу реки Янчур"", - говорится в сообщении Минобороны РФ."
201,Путин сообщил о сотрудничестве с Индией в производстве вооружений,В России,industrial_production_index,,,enterprises_count;industrial_production_index;international_inflow,,,,enterprises_count;international_inflow,0,2,"Москва. 2 октября. INTERFAX.RU - Россия и Индия вместе производят современные перспективные виды вооружений, заявил президент Владимир Путин на сессии международного дискуссионного клуба ""Валдай"".  ""В сфере безопасности у нас очень доверительные отношения. Мы занимаемся совместным производством некоторых очень современных перспективных видов вооружений"", - сказал он.  ""Это лишний раз подчеркивает то доверие, которое сложилось между нашими странами"", - отметил президент."
225,"Рост цен на бензин в РФ с 11 по 17 февраля ускорился до 0,21%",Экономика,consumer_price_index,,,consumer_price_index;per_capita_income;real_income_index,,,,per_capita_income;real_income_index,0,2,"Москва. 19 февраля. INTERFAX.RU - Потребительские цены на бензин в России с 11 по 17 февраля выросли на 0,21% после повышения на 0,06% с 4 по 10 февраля и на 0,11% с 28 января по 3 февраля, сообщил в среду Росстат.  По отношению к началу года цены к 17 февраля выросли на 0,94% (общая инфляция за этот период составила 1,71%).  Средняя стоимость литра бензина по стране на 17 февраля составляла 58,93 руб. (на 10 февраля - 58,81 руб.). Стоимость литра АИ-92 равнялась 55,78 руб. (55,65 руб.), АИ-95 - 60,89 руб. (60,77 руб.), АИ-98 - 83,56 руб. (83,44 руб.).  Потребительские цены на дизельное топливо в РФ с 11 по 17 февраля увеличились на 0,13% после роста на 0,05% с 4 по 10 февраля и на 0,12% с 28 января по 3 февраля. Средняя цена ДТ в стране на 17 февраля составляла 70,86 руб. за литр (70,77 руб.).  Как сообщалось, потребительские цены на бензин в РФ в 2024 году выросли на 11,13%, что оказал"
247,В I чтении принят проект об увеличении сроков геологоразведки для двух районов ХМАО,В России,per_capita_income;consumer_price_index;industrial_production_index,population_size;real_income_index;enterprises_count,,consumer_price_index;enterprises_count;industrial_production_index,per_capita_income,population_size;real_income_index,,,3,0,"Москва. 2 апреля. INTERFAX.RU - Госдума приняла в первом чтении депутатский законопроект, который предлагает для Березовского и Белоярского районов Ханты-Мансийского автономного округа - Югры (ХМАО) увеличить с 5 до 7 лет срок предоставления участков недр в пользование для геологического изучения.  Документ ( №774559-8 ) был внесен в парламент в ноябре 2024 года. Среди авторов - первый зампред комитета Госдумы по бюджету и налогам Ольга Ануфриева, председатель комитета по природным ресурсам Дмитрий Кобылкин. Поправки предлагается внести в закон ""О недрах"".  В начале 2024 года Госдума приняла закон, который включил эти два района в Арктическую зону.  ""Данные территории ХМАО - Югры отнесены к районам Крайнего Севера и характеризуются сложными природными условиями. Климат резко континентальный с продолжительным холодным зимним периодом с октября по апрель включительно и высоким снежным покр"
284,Очереди автомашин перед Крымским мостом устранены,В России,,international_inflow,,consumer_price_index;internal_arrivals;international_inflow,,,,consumer_price_index;internal_arrivals,0,2,"Москва. 1 июля. INTERFAX.RU - Очереди к досмотровым пунктам при въезде на Крымский мост полностью ликвидированы, сообщили во вторник в инфоцентре, освещающем ситуацию на автомобильных подходах к мосту.  ""Движение автотранспорта по Крымскому мосту восстановлено"", - говорится в сообщении.  Количество машин, ожидающих проезда по Крымскому мосту, росло с утра понедельника, к 13:00 по Москве превысило тысячу. Более тысячи машин в очереди фиксировали и в воскресенье."
294,Решетников сообщил об упрощении визового режима для иностранных туристов,В России,,international_inflow,consumer_price_index;industrial_production_index,consumer_price_index;international_inflow,,,industrial_production_index,,1,0,"Москва. 15 октября. INTERFAX.RU - Россия для привлечения иностранных туристов упрощает визовый режим и расширяет географию авиасообщения, сообщил в комитете Госдумы по бюджеты глава Минэкономразвития Максим Решетников.  ""Работаем по нескольким направлениям для развития въездного туризма, который у нас обеспечивает рост экспорта услуг. Здесь у нас и мероприятия, связанные с упрощением визового режима, которые мы совместно с МИДом реализуем. Расширение авиасообщения - то, что мы с Минтрансом делаем"", - сказал он.  Уже запущены прямые рейсы в Бахрейн, Катар, Оман, Вьетнам, Индонезию.  Решетников добавил, что Минэкономразвития помогает регионам формировать привлекательные для зарубежных гостей и турфирм туристические продукты.  ""Не сказать, что мы здесь все вопросы решили. К сожалению, не все регионы пока имеют внятные стратегии продвижения. Но будем всей этой работой заниматься и будем прод"
305,"До 32 выросло число сбитых БПЛА, летевших на Москву в понедельник",В России,crime_count,,,crime_count;life_expectancy;mortality_rate,,,,life_expectancy;mortality_rate,0,2,"Москва. 27 октября. INTERFAX.RU - Мэр Москвы Сергей Собянин сообщил еще о двух сбитых БПЛА, летевших в направлении столицы, общее число нейтрализованных с ночи понедельника беспилотников выросло до 32.  В своем телеграм-канале он отметил, что на месте падения обломков работают специалисты экстренных служб.  В ночь на понедельник Собянин сообщил о 30 сбитых БПЛА, летевших в направлении Москвы."
329,"Мужчине, пытавшемуся отравить 70 летчиков РФ, ужесточили приговор до пожизненного",В России,consumer_price_index;industrial_production_index;mortality_rate,life_expectancy;crime_count,male_population,crime_count;life_expectancy;mortality_rate,consumer_price_index;industrial_production_index,,male_population,,3,0,"Москва. 30 сентября. INTERFAX.RU - Апелляционный военный суд по представлению прокуратуры Краснодарского края увеличил наказание в виде 27 лет лишения свободы до пожизненного уроженцу Мелитополя Егору Семенову, пытавшегося осуществить массовое отравление российских летчиков, сообщила Генпрокуратура РФ.  ""Суд апелляционной инстанции удовлетворил представление прокуратуры, изменил приговор и назначил осужденному наказание в виде пожизненного лишения свободы"", - сказали в надзорном ведомстве.  Ранее Южный окружной военный суд приговорил Семенова к 27 годам лишения свободы с отбыванием первых пяти лет в тюрьме, а оставшейся части - в исправительной колонии строгого режима с ограничением свободы на срок 1 год 6 месяцев.  Следствием и судом установлено, что в феврале 2023 года Семенов связался с представителем спецслужб Украины и изъявил желание оказывать содействие ВСУ.  ""В марте 2023 года на"
351,"ЦИК РФ введет ГАС ""Выборы"" версии 2.0 в постоянную эксплуатацию с 6 февраля",В России,per_capita_income;consumer_price_index,real_income_index,industrial_production_index,enterprises_count;industrial_production_index;international_outflow,consumer_price_index;per_capita_income,real_income_index,,enterprises_count;international_outflow,3,2,"Москва. 28 января. INTERFAX.RU - Центризбирком России решил ввести Государственную автоматизированную систему (ГАС) ""Выборы"" версии 2.0 из режима опытной эксплуатации в постоянную с 6 февраля. Это решение было единогласно принято членами комиссии на заседании в среду.  ""Все, что было до этого, было на иностранных инструментах, программных продуктах, которые прекратили поддерживаться их создателями, по разным причинам прекратили поддерживать обновления (...). Созданный сегодня продукт, который мы называем ГАС ""Выборы"" 2.0, подтвердил свою дееспособность"", - сказал на заседании зампредседателя ЦИК РФ Николай Булаев.  ""Системы такого уровня не могут создаваться в одиночестве, кулуарно и не могут быть запущены в действие без взаимодействия с другими органами власти. В первую очередь, мы взаимодействовали с МВД РФ в части уже наполнения продуктами; с Федеральной налоговой службой (...). Это в"
352,Дюмин предложил пересмотреть некоторые механизмы поддержки участников СВО,В России,,,international_inflow;per_capita_income,children_benefits;hospitals;living_wage;per_capita_income,,,international_inflow,children_benefits;hospitals;living_wage,1,3,"Москва. 29 сентября. INTERFAX.RU - Некоторые вопросы поддержки участников СВО требуют урегулирования и внедрения новых механизмов, заявил помощник президента, секретарь Госсовета Алексей Дюмин на заседании комиссии Госсовета по поддержке участников СВО.  ""Остаются вопросы, которые связаны с тем или иным характером ( поддержки участников СВО - ИФ ). Вопросов достаточно много, которые требуют регулирования, может быть, еще раз пересмотреть и от чего-то отказаться и внедрить какие-то новые формы механизма поддержки"", - сказал он.  ""Мы с вами должны понимать, что через определенное время категория граждан, речь о которых сегодня идет, а это защитники нашего отечества, увеличится кратно"", - заявил он.  По его словам, в связи с этим все риски и вопросы, которые требуют доработки, необходимо минимизировать.  Дюмин сообщил, что после 20 октября намечено расширенное заседание Госсовета под руково"
423,Песков заявил о готовности РФ содействовать переговорам по иранскому ядерному досье,В России,,,crime_count,crime_count;enterprises_count;international_inflow;international_outflow,,,,enterprises_count;international_inflow;international_outflow,0,3,"Москва. 4 марта. INTERFAX.RU - Пресс-секретарь президента РФ Дмитрий Песков не подтвердил возможность участия президента Владимира Путина в качестве посредника на переговорах США и Ирана по ядерному оружию, но заверил в готовности России в целом содействовать этому процессу.  ""Я не могу подтвердить, но я говорил, что в целом Путин неоднократно говорил, что проблема иранского ядерного досье должна решаться исключительно мирными средствами. Россия, будучи союзником и партнером Ирана, готова делать все возможное, чтобы способствовать этому процессу. Вот о чем идет речь"", - сказал Песков телеканалу ""Звезда"", комментируя сообщения американских СМИ о том, что Путин принял предложение президента США Дональда Трампа быть посредником на переговорах США и Ирана."
430,"Рубио заявил, что сроки и место возможной встречи Трампа и Путина не определены",В мире,,,crime_count,crime_count;international_inflow;international_outflow,,,,international_inflow;international_outflow,0,2,"Москва. 16 мая. INTERFAX.RU - Еще не установлено, когда и где может состояться встреча президентов США и России Дональда Трампа и Владимира Путина, но она является единственным шансом на украинское урегулирование, заявил госсекретарь США Марко Рубио.  ""Учитывая все, что мы знаем, после нескольких месяцев работы над этим, ничего не произойдет, пока президент Трамп не сядет за стол переговоров напротив Владимира Путина"", - сказал Рубио в интервью Fox News.  Он добавил: ""Я пока не знаю, когда и где это произойдет, но на данный момент это действительно единственный шанс""."
455,Лавров встретился с главами МИД Кубы и Доминиканы,В мире,,,,international_inflow;international_outflow;life_expectancy,,,,international_inflow;international_outflow;life_expectancy,0,3,"Москва. 25 сентября. INTERFAX.RU - Глава МИД РФ Сергей Лавров встретился в среду с главами МИД Кубы и Доминиканской республики Бруно Родригесом и Роберто Альваресом.  Встречи прошли ""на полях"" недели высокого уровня Генеральной ассамблеи ООН.  Лавров выразил кубинскому министру соболезнования в связи со смертью заместителя председателя совета министров Кубы, сопредседателя российско-кубинской межправительственной комиссии Рикардо Кабрисаса Руиса, скончавшегося в середине сентября на 89-м году жизни."
484,"В Кремле надеются, что заявления о ядерных испытаниях не скажутся на отношениях с США",В России,,,crime_count,international_inflow;international_outflow,,,crime_count,international_inflow;international_outflow,1,2,"Москва. 5 ноября. INTERFAX.RU - В Кремле надеются, что ситуация вокруг заявлений о возможности ядерных испытаний не окажет влияние на отношения России и США, заявил пресс-секретарь президента РФ Дмитрий Песков.  ""Мы надеемся, что нет. Пока, не имея возможности понять до конца, что имел в виду президент Трамп и, исходя из того, что мы видим, как докладывали нашему президенту, о конкретных действиях американской администрации, у нас возникают сомнения"", - сказал он журналистам, отвечая на вопрос, может ли обмен заявлениями по тематике ядерных испытаний повлиять на отношения России и США.  По его словам, надо сначала изучить ситуацию, и ""будет сформулирована точка зрения о целесообразности начала подготовки к испытаниям, если это будет признано целесообразным"".  ""Но позиция президента Путина абсолютно четкая. Она не терпит двойного трактования, остаемся приверженными нашим обязательствам по"
512,На платформе подтверждения ИТ-компетенций получены уже более 36 тыс. сертификатов,В России,,,,enterprises_count;industrial_production_index;qualified_doctors,,,,enterprises_count;industrial_production_index;qualified_doctors,0,3,"Москва. 29 августа. INTERFAX.RU - Более 36 тысяч сертификатов выдано пользователям на платформе подтверждения IT-компетенций за три месяца ее работы , говорится в сообщении пресс-службы Минцифры.  ""Почти 18 тыс. человек за три месяца успешно прошли тестирование на национальной платформе подтверждения ИТ-компетенций и получили 36,5 тыс. сертификатов"", - говорится в сообщении пресс-служба Минцифры.  По информации министерства, самыми популярными теоретическими направлениями стали: Linux - более 5,6 тыс. сертификатов, API - более 4 тыс. сертификатов, HTML - более 3,5 тыс. сертификатов, JavaScript - более 2,5 тыс. сертификатов и Docker - более 2,4 тыс. сертификатов.  В то же время самыми популярными для сдачи практических навыков стали языки: Python - более 800 сертификатов, SQL - более 450 сертификатов, C# - более 400 сертификатов, Java - более 350 сертификатов, PHP - более 350 сертификатов"
524,Путин назвал отношения с Трампом деловыми и доверительными,В России,,,consumer_price_index;industrial_production_index,consumer_price_index;enterprises_count;international_inflow;international_outflow,,,industrial_production_index,enterprises_count;international_inflow;international_outflow,1,3,"Президент России допустил, что кризис на Украине мог бы не случиться, если бы у Трампа не украли победу в 2020 году  Москва. 24 января. INTERFAX.RU - Президент РФ Владимир Путин заявил, что Россия никогда не отказывалась от контактов с администрацией США, а с президентом Дональдом Трампом у него всегда были деловые и доверительные отношения. Он сказал об этом в интервью ведущему программы ""Москва. Кремль. Путин"" Павлу Зарубину на просьбу прокомментировать заявления Трампа.  ""Президент США сделал много по этому поводу заявлений. Во-первых, хочу сказать, что Россия никогда не отказывалась от контактов с администрацией США. Не наша вина в том, что нынешняя администрация от этих контактов отказалась. А с нынешним президентом США у меня всегда были исключительно деловые, в то же время прагматические отношения и доверительные, я бы сказал"", - сказал Путин.  ""Я не могу не согласиться с ним в то"
561,Госдума утвердила состав делегации для переговоров с конгрессменами США,В России,enterprises_count,,industrial_production_index,consumer_price_index;enterprises_count;international_inflow;international_outflow,,,industrial_production_index,consumer_price_index;international_inflow;international_outflow,1,3,"Москва. 16 февраля. INTERFAX.RU - Встреча депутатов Госдумы с американскими конгрессменами пройдет в США, состав российской делегации уже утвержден, сообщает в понедельник газета ""Известия"" со ссылкой на членов думского комитета по международным делам.  ""Большинство (депутатов) от комитета по международным делам, но будут и представители других комитетов. Больше всего представителей будет от ""Единой России"". Но по международной тематике у нас в Думе нет различия между партиями в подходах к целям и задачам. У нас определяет всю внешнеполитическую деятельность президент"", - заявил изданию первый заместитель председателя комитета Госдумы по международным делам Алексей Чепа.  Он добавил, что во встрече, если она состоится, заинтересованы все комитеты Госдумы. Эту информацию газете подтвердил его коллега, первый заместитель председателя комитета Госдумы по международным делам Дмитрий Новиков."
570,"Лавров отметил важность инициатив, запущенных в ходе председательств РФ и Бразилии в БРИКС",В мире,,,industrial_production_index,enterprises_count;industrial_production_index;international_inflow,,,,enterprises_count;international_inflow,0,2,"Москва. 27 сентября. INTERFAX.RU - Министр иностранных дел России Сергей Лавров на встрече глав внешнеполитических ведомств стран БРИКС на полях недели высокого уровня Генеральной Ассамблеи ООН отметил важность реализации инициатив, запущенных в ходе председательств РФ и Бразилии.  ""С.В.Лавров отметил важность совместной практической реализации инициатив, запущенных в ходе российского и бразильского председательств, включая создание новой инвестиционной платформы, трансграничной платежной инициативы БРИКС, депозитарно-клиринговой инфраструктуры, перестраховочного механизма и зерновой биржи БРИКС"", - говорится в сообщении МИД РФ.  Заседание глав внешнеполитических ведомств стран БРИКС по сложившейся практике было организовано индийской стороной как будущим председателем в Объединении."
577,Морской пассажирский транспорт возобновил работу в Севастополе,В России,,,,industrial_production_index;international_inflow;international_outflow,,,,industrial_production_index;international_inflow;international_outflow,0,3,Москва. 10 сентября. INTERFAX.RU - В Севастопольской бухте возобновилось движение морского пассажирского транспорта после приостановки в среду вечером. Об этом сообщила дирекция по развитию дорожно-транспортной инфраструктуры Севастополя.  Перерыв продлился менее часа.
583,Бельгия не поддержит идею использовать замороженные активы РФ без распределения рисков,В мире,,,consumer_price_index,consumer_price_index;enterprises_count;international_outflow,,,,enterprises_count;international_outflow,0,2,"Москва. 23 октября. INTERFAX.RU - Бельгия не поддержит инициативу ЕС об использовании замороженных активов РФ на поддержку Украины, если европейские страны не разделят с ней риски, которые могут последовать за таким решением, заявил премьер-министр Бельгии Барт де Вевер.  ""Если мы хотим передать эти средства Украине, мы должны делать это все вместе. В противном случае российские ответные меры могут затронуть только Бельгию, а это не очень разумно. Мы - маленькая страна, и ответные меры могут быть очень жесткими"", - сказал он журналистам по прибытии на саммит ЕС в Брюсселе.  По словам премьера, для такого решения ""нужна правовая основа"", но он ее пока не видел. ""Если есть правовая основа, мы хотим двигаться дальше в этой дискуссии"", - подчеркнул он.  Вместе с тем премьер отметил, что ""очень удивится"" в случае принятия подобного плана уже в четверг.  Премьер напомнил, что Бельгия для приня"
607,"Проект закона о наказании для водителей за ""лекарственное опьянение"" принят в I чтении",В России,,hospitals,,crime_count;life_expectancy;mortality_rate,,hospitals,,crime_count;life_expectancy;mortality_rate,1,3,"Москва. 27 мая. INTERFAX.RU - Госдума во вторник приняла в первом чтении правительственный проект закона об административной ответственности для водителей за прием определенных лекарств.  Соответствующий проект закона № 379447-8 предусматривает, что установленная статьей 12.8 и частью 3 статьи 12.27 КоАП административная ответственность наступает не только в случае алкогольного или наркотического опьянения, но и в случае, ""когда по результатам медицинского освидетельствования на состояние опьянения в организме этого лица обнаружились вещества (группы веществ), входящие в состав лекарственных препаратов, ухудшающие внимание и реакцию, но не относящиеся к этиловому спирту, наркотическим средствам, психотропным веществам или их аналогам либо новым потенциально опасным психоактивным веществам, одурманивающим веществам, и установлена совокупность клинических признаков опьянения, возникших всл"
609,Путин напомнил о важности данных разведки для принятия решений властями РФ,В России,,,,crime_count;life_expectancy,,,,crime_count;life_expectancy,0,2,"Москва. 5 ноября. INTERFAX.RU - Президент РФ Владимир Путин поздравил личный состав и ветеранов военной разведки Вооруженных сил России с профессиональным праздником, отметив, что своевременно переданные разведданные не раз играли ключевую роль при принятии руководством страны стратегических решений.  ""Своевременно переданные разведданные не раз играли ключевую роль при принятии руководством нашей страны стратегических решений, помогали поддерживать стратегический паритет с ведущими мировыми державами, защищать обороноспособность государства и его военно-политические интересы, в том числе в самых разных точках планеты"", - говорится в поздравлении Путина ко Дню военного разведчика, которое размещено на сайте Кремля.  В телеграмме президент отмечает: ""Сегодня в ходе специальной военной операции вы действуете на опасных и трудных участках, сражаетесь на линии боевого соприкосновения, вскрыв"
624,Аэропорты Иванова и Ярославля возобновили работу,В России,industrial_production_index,,,enterprises_count;international_inflow;international_outflow,industrial_production_index,,,enterprises_count;international_inflow;international_outflow,1,3,"Москва. 20 декабря. INTERFAX.RU - Аэропорты Иванова и Ярославля снова принимают и отправляют рейсы, сообщил представитель Росавиации Артем Кореняко.  ""Сняты ограничения на прием и выпуск воздушных судов"", - написал он в субботу в своем телеграм-канале.  Ограничения вводились для безопасности полетов. Они действовали в течение 20 минут."
632,Путин в четверг примет главу ЦИК,В России,,,,enterprises_count;international_inflow;international_outflow,,,,enterprises_count;international_inflow;international_outflow,0,3,"Москва. 25 сентября. INTERFAX.RU - Президент РФ Владимир Путин в четверг после завершения международных мероприятий в рамках Глобального атомного форума примет руководителя ЦИК Эллу Памфилову, сообщил пресс-секретарь главы государства Дмитрий Песков.  ""Уже по завершении международной части президент имеет в виду принять Эллу Памфилову, руководительницу ЦИК"", - сказал он журналистам.  По словам представителя Кремля, речь пойдет о подведении итогов прошедшего единого дня голосования."
654,Правительство сохранило статус государственных научных центров за 43 организациями,В России,consumer_price_index;enterprises_count,per_capita_income;real_income_index;hospitals;qualified_doctors,industrial_production_index,enterprises_count;industrial_production_index;qualified_doctors,consumer_price_index,hospitals;per_capita_income;real_income_index,,,4,0,"Москва. 12 августа. INTERFAX.RU - Правительство утвердило решение о сохранении статуса государственных научных центров за ведущими научно-исследовательскими организациями России; распоряжение об этом подписано, сообщает сайт правительства.  ""Решение даст возможность этим организациям продолжать пользоваться льготами по налогу на имущество и земельному налогу. Высвобождаемые деньги они смогут направить на проведение научных исследований и разработок в рамках реализации стратегических национальных приоритетов и достижения технологической независимости за счет создания и практического использования новых технологий"", - объяснили в правительстве.  В список включены в том числе Российский научный центр хирургии имени академика Б.В. Петровского, Национальный медицинский исследовательский центр эндокринологии имени академика И.И. Дедова, государственный научный центр ""Институт иммунологии"" Феде"
655,"Лондон продлил лицензию на операции с зарубежными дочками ""ЛУКОЙЛа"" до 25 августа",Экономика,enterprises_count,,industrial_production_index,consumer_price_index;enterprises_count;industrial_production_index,,,,consumer_price_index,0,1,"Москва. 25 февраля. INTERFAX.RU - Великобритания продлила лицензию на операции с зарубежными дочерними предприятиями ""ЛУКОЙЛа"" , которая заканчивалась 26 февраля, до 25 августа текущего года, сообщило OFSI.  Великобритания в октябре прошлого года включила ""ЛУКОЙЛ"" в санкционный список, но 27 ноября выдала лицензию на продолжение транзакций с зарубежными дочерними предприятиями компании.  В рамках этой лицензии разрешено продолжать деловые операции, платежи по существующим или новым контрактам или обязательствам."
686,Нигерия планирует закупить у России сельхозтехнику на более чем 10 млрд рублей,Экономика,industrial_production_index;enterprises_count,,consumer_price_index,consumer_price_index;enterprises_count;industrial_production_index;international_inflow,,,,international_inflow,0,1,"Москва. 13 октября. INTERFAX.RU - Нигерия планирует в рамках проекта по развитию механизированного сельского хозяйства на территории штата Найджер закупить российскую сельхозтехнику на сумму более 10 млрд рублей, сообщил Минпромторг.  Этот вопрос обсудили замминистра промышленности и торговли России Роман Чекушов и губернатор штата Найджер Мохаммед Баго. Во встрече принимали участие представители агробизнеса Нигерии, российские производители сельхозтехники, а также представители банковского сектора, включая Сбербанк , Strategy Partners и РЭЦ.  ""Нигерийская сторона представила планы по развитию современного механизированного сельского хозяйства на территории штата Найджер, в том числе проекты по выращиванию кунжута, сои, кукурузы и хлопка. В рамках введения в оборот 1 млн гектаров сельхозземель на территории штата планируются закупки российской сельхозтехники и систем орошения на сумму бо"
749,Путин заявил о загрузке мощностей ОПК по максимуму,В России,industrial_production_index;enterprises_count,crime_count,,consumer_price_index;enterprises_count;industrial_production_index,,crime_count,,consumer_price_index,1,1,"Москва. 19 сентября. INTERFAX.RU - Российские предприятия ОПК в период проведения СВО работают на полную мощность, заявил на заседании военно-промышленной комиссии президент РФ Владимир Путин.  ""Сейчас, в период проведения специальной военной операции производственные мощности ОПК загружены по максимуму"", - сказал он.  ""Вместе с тем мы должны более четко и на долгосрочную перспективу планировать выпуск на оборонных предприятиях продукции гражданского и двойного назначения, тем более что в свое время, до начала специальной военной операции, были набраны хорошие темпы в области диверсификации ОПК, создан хороший задел, и это должно быть учтено при формировании госпрограмм"", - продолжил Путин.  Он также предложил участникам заседания обсудить вопрос назначения генеральных конструкторов по созданию вооружений, военной и специальной техники, а также руководителей приоритетных технологических "
775,В Кремле заявили о нежелании Киева продолжать переговоры,В России,,enterprises_count,,crime_count;international_outflow;life_expectancy,,enterprises_count,,crime_count;international_outflow;life_expectancy,1,3,"Москва. 2 октября. INTERFAX.RU - Переговоры с Украиной сейчас на паузе, горизонт их продолжения непонятен, заявил пресс-секретарь президента РФ Дмитрий Песков.  ""Европейцы заняли такую оголтелую позицию, это очевидно. Пауза в переговорах (с Украиной - ИФ) , непонятный горизонт продолжения этих переговоров, достаточно абстрактная позиция киевского режима - они не хотят продолжения переговоров, они не хотят о чем-то пытаться договариваться"", - сказал Песков в интервью журналисту программы ""Москва. Кремль. Путин"", которая выходит на телеканале ""Россия-1"" (ВГТРК) Павлу Зарубину.  Отрывок из интервью журналист опубликовал в телеграмм-канале ""Вести"".  ""Все это не добавляет предсказуемости и стабильности. Тем не менее нам надо делать спокойно свое дело и сохранять открытость для диалога, для общения со всеми странами"", - отметил Песков."
839,Росфинмониторинг внес Леонида Гозмана в перечень террористов и экстремистов,В России,enterprises_count;crime_count,,,crime_count;mortality_rate;per_capita_income,enterprises_count,,,mortality_rate;per_capita_income,1,2,"Москва. 22 января. INTERFAX.RU - Общественный деятель Леонид Гозман (признан в РФ иноагентом ) внесен Росфинмониторингом в перечень организаций и физических лиц, в отношении которых имеются сведения об их причастности к экстремистской деятельности или терроризму.  Перечень службы обновился в среду.  Гагаринский суд Москвы в декабре заочно приговорил к восьми с половиной годам колонии Гозмана по уголовному делу о распространении ложной информации о деятельности Вооруженных сил РФ.  Срок наказания фигуранта будет исчисляться с момента его задержания на территории РФ либо экстрадиции в Россию.  Также Гозману на четыре года запрещено администрировать интернет-ресурсы.  Он признан виновным в публичном распространении заведомо ложной информации о деятельности ВС РФ по мотивам политической ненависти (п. ""д"" ч. 2 ст. 207.3 УК РФ).  Как сообщали в прокуратуре Москвы, ""установлено, что в апреле 20"
843,"""Объединенные пивоварни"" сменили название на ""Пивоварни Бочкарев""",Экономика,industrial_production_index;enterprises_count,housing_area_per_capita,consumer_price_index,consumer_price_index;enterprises_count;industrial_production_index,,housing_area_per_capita,,,1,0,"Москва. 29 октября. INTERFAX.RU - Компания ""Объединенные пивоварни"", один из крупных производителей пива и напитков в РФ, с 1 ноября будет работать и вести все публичные коммуникации под новым коммерческим названием ""Пивоварни Бочкарев"", сообщается в ее пресс-релизе.  ""Решение о смене названия отражает новый этап развития компании и ее стремление укрепить позиции на российском рынке"", - уточняется в сообщении.  Для нового коммерческого обозначения выбран один из флагманских брендов - ""Бочкарев"", который существует более 25 лет. Сегодня он входит в топ-4 отечественного пивного рынка. Продукция представлена во всех крупнейших торговых сетях страны.  В пресс-релизе также напоминается, что ранее, в 2023 году, после перехода компании ""Объединенные пивоварни Хейнекен"" к российскому собственнику, предприятие было переименовано в ""Объединенные пивоварни - холдинг"" (ОПХ). Это название использовал"
847,Президентский указ вводит государство в орган управления ДОСААФ,В России,enterprises_count,population_size,male_population;industrial_production_index,enterprises_count;industrial_production_index;internal_arrivals;internal_departures;international_inflow;life_expectancy;male_population;unemployment_rate,,population_size,,internal_arrivals;internal_departures;international_inflow;life_expectancy;unemployment_rate,1,5,"Координировать работу ДОСААФ от имени России будет Минобороны  Москва. 3 февраля. INTERFAX.RU - Президент Владимир Путин подписал указ, в соответствии с которым государство войдет в орган управления общероссийской общественно-государственной организации ""Добровольное общество содействия армии, авиации и флоту России"" (ДОСААФ России). Указ опубликован на портале правовой информации.  Как сказано в документе, это делается в целях консолидации усилий государства и общества, направленных на создание условий для повышения эффективности подготовки граждан к военной службе, развития военно-патриотического воспитания, повышения престижа военной службы.  В соответствии с указом координацию деятельности ДОСААФ от имени Российской Федерации осуществляет Минобороны.  Этим же указом Путин поручил Минобороны, Минспорта и Минпросвещения обеспечить оказание ДОСААФ поддержки в выполнении государственных "
859,"Россия задействовала авиацию и атомную подлодку на учении ""Запад-2025"" в Баренцевом море",В России,wastewater_discharge,,consumer_price_index,crime_count;industrial_production_index;life_expectancy;mortality_rate,wastewater_discharge,,consumer_price_index,crime_count;industrial_production_index;life_expectancy;mortality_rate,2,4,"Москва. 15 сентября. INTERFAX.RU - Противолодочная авиация Северного флота отработала поиск и уничтожение атомной подводной лодки условного противника в Баренцевом море в ходе стратегического учения ""Запад-2025"", сообщило Минобороны РФ в понедельник.  ""В масштабном противолодочном мероприятии были задействованы самолеты дальней противолодочной авиации Ту-142 и Ил-38, а также корабельные противолодочные вертолеты Ка-27М. Условного противника обозначала одна из атомных подводных лодок Северного флота"", - говорится в сообщении ведомства.  По его данным, экипажам противолодочных самолетов была поставлена задача обнаружить подлодку ""противника"", которая выполняла скрытое патрулирование. ""На данном этапе учения самолеты Ту-142 и Ил-38 выполнили сброс гидроакустических буев в заданном полигоне. Радиогидроакустические буи различных типов, способные работать в разных частотных диапазонах, создали"
860,Путин 8 мая проведет переговоры с Си Цзиньпином,В России,consumer_price_index;industrial_production_index,,,enterprises_count;industrial_production_index;international_inflow;international_outflow,consumer_price_index,,,enterprises_count;international_inflow;international_outflow,1,3,"Москва. 6 мая. INTERFAX.RU - Президент РФ Владимир Путин 8 мая проведет переговоры с председателем КНР Си Цзиньпином, который прибудет в Россию с официальным визитом, а также для участия в торжественных мероприятиях, посвященных 80-летию Победы, сообщил помощник главы российского государства Юрий Ушаков.  ""Главное событие 8 мая - официальный визит председателя КНР Си Цзиньпина"", - сказал он журналистам.  По словам Ушакова, переговоры начнутся в узком составе, а затем - в расширенном.  Путин и Си Цзиньпин в ходе переговоров 8 мая в формате ""тет-а-тет"" обсудят Украину и отношения Москвы и Вашингтона, сообщил Ушаков.  ""Затем ( после официального завтрака - ИФ ) президент с председателем уединятся, и будут обсуждаться вопросы, которые они посчитают нужным обсудить. Именно самые важные вопросы будут обсуждаться в ходе этой беседы тет-а-тет, в том числе украинская тема, российско-американские "
891,"Грузооборот морских портов РФ в январе сократился на 7% г/г, до 67 млн тонн",Экономика,,,consumer_price_index;industrial_production_index,consumer_price_index;enterprises_count;industrial_production_index,,,,enterprises_count,0,1,"Москва. 12 февраля. INTERFAX.RU - Грузооборот морских портов РФ в январе 2026 г. уменьшился на 7% по сравнению с аналогичным периодом 2025 г. и составил 66,9 млн тонн, сообщается на сайте Ассоциации морских торговых портов (АСОП).  Объем перевалки сухих грузов составил 31 млн тонн (-10,4%), в том числе угля - 13,6 млн тонн (-11,2%), зерна - 3,4 млн тонн (-14,5%), грузов в контейнерах - 4,1 млн тонн (-10,9%), минеральных удобрений - 3,8 млн тонн (-3,3%), черных металлов - 1,7 млн т (-20,9%), руды - 1,1 млн тонн (+7%), грузов на паромах - 0,8 млн тонн (+37,9%).  Объем перевалки наливных грузов составил 35,9 млн тонн (-3,8%), в том числе нефти - 21,5 млн тонн (+1,4%), нефтепродуктов - 10,4 млн тонн (-10,9%), сжиженного газа - 3,5 млн тонн (+1,2%), пищевых грузов - 0,3 млн тонн (-50,5%).  Объем перевалки грузов в крупнейших морских портах России в январе 2026 года:  Грузооборот морских порто"
898,"Финтех-подразделение Ozon разместит ЦФА на 1,5 млрд рублей",Экономика,consumer_price_index;industrial_production_index;enterprises_count,,,consumer_price_index;enterprises_count;per_capita_income,industrial_production_index,,,per_capita_income,1,1,"Москва. 28 февраля. INTERFAX.RU - ""Озон Капитал"", холдинговая компания, объединяющая большинство финансовых сервисов группы Ozon , размеcтит выпуск цифровых финансовых активов (ЦФА) объемом 1,5 млрд рублей на платформе ЦФА хаб, сообщила платформа.  Выпуск адресован физическим лицам и представлен в виде денежного требования к эмитенту. Доходность выпускаемого актива фиксированная и составляет 24,5% годовых.  Стоимость одного ЦФА равна 1000 рублей, срок обращения - 9 месяцев.  Сбор заявок продлится до 4 марта.  ЦФА - цифровые аналоги ценных бумаг, которые выпускаются в виде записей в информационной системе на основе распределенного реестра (токенов) и подтверждают права инвестора на актив.  ""Блокчейн Хаб"" (""дочка"" ""МТС"" ), работает под брендом ЦФА хаб. Компания была внесена в реестр операторов ЦФА-платформ Банка Росиии в июле 2023 года."
928,"Brent подешевела до $77,3 за баррель",Экономика,consumer_price_index;industrial_production_index,,,consumer_price_index;enterprises_count;industrial_production_index,,,,enterprises_count,0,1,"Москва. 29 января. INTERFAX.RU - Котировки нефти умеренно снижаются утром в среду после роста днем ранее.  К 8:14 по московскому времени мартовские фьючерсы на Brent дешевели на лондонской бирже ICE Futures на $0,19 (0,25%) - до $77,30 за баррель. Во вторник Brent подорожала на $0,41 (0,5%), до $77,49 за баррель.  Мартовские фьючерсы на WTI к этому времени дешевели на электронных торгах Нью-Йоркской товарной биржи NYMEX на $0,16 (0,22%) - до $73,61 за баррель. Днем ранее контракт подорожал на $0,6 (0,8%), до $73,77 за баррель.  Во вторник нефтяные котировки восстанавливались после падения днем ранее вместе с остальными мировыми финансовыми рынками. Это падение спровоцировали опасения по поводу китайского ИИ-ассистента, разработанного стартапом DeepSeek. По слухам, он может оказаться более экономически эффективным, чем разработки конкурентов, при этом работая на менее передовых чипах и тр"
957,МОК отменил ограничения для молодых спортсменов из России и Белоруссии,В России,,,industrial_production_index,enterprises_count;international_inflow;international_outflow,,,industrial_production_index,enterprises_count;international_inflow;international_outflow,1,3,"Москва. 11 декабря. INTERFAX.RU - Исполком МОК принял решение о снятии всех ограничений на участие молодых спортсменов из России и Белоруссии в международных соревнованиях по олимпийским видам спорта, включая командные дисциплины, сообщил глава Минспорта РФ и Олимпийского комитета России Михаил Дегтярев.  ""Как мы и анонсировали на Олимпийском собрании накануне, сегодня Исполком МОК принял важное для российского спорта решение. Были сняты все ограничения на участие молодых спортсменов из России и Белоруссии в международных соревнованиях по олимпийским видам спорта, включая командные дисциплины"", - написал Дегтярев в своем телеграм-канале.  По его словам, ""МОК подтвердил, что рекомендация от 28 марта 2023 года больше не применяется к российским и белорусским участникам юношеских стартов и им вновь разрешено выступать под национальной символикой, с флагом, гимном и без каких-либо дополнител"
968,Моди приветствует стремление Трампа урегулировать украинский конфликт,В мире,,,crime_count,international_inflow;international_outflow,,,crime_count,international_inflow;international_outflow,1,2,"Москва. 14 февраля. INTERFAX.RU - Премьер Индии Нарендра Моди заявил, что поддерживает стремление президента США Дональда Трампа урегулировать украинский конфликт.  ""Я поддерживаю инициативу президента Трампа о восстановлении мира"", - сказал он журналистам в Белом доме.  Моди напомнил, что Индия с самого начала выступала за дипломатическое решение кризиса на Украине."
979,Более 30 БПЛА уничтожено за сутки над Белгородской областью,В России,crime_count,,,crime_count;internal_departures;life_expectancy,,,,internal_departures;life_expectancy,0,2,"Москва. 6 декабря. INTERFAX.RU - Губернатор Белгородской области Вячеслав Гладков сообщил об уничтожении 31 украинского беспилотника за минувшие сутки над регионом подразделениями ""БАРС-Белгород"" и ""Орлан"".  ""С 07:00 5 декабря по 07:00 6 декабря ликвидирован 31 беспилотник"", - написал он в своем телеграм-канале в субботу.  Так, подразделение ""БАРС-Белгород"" уничтожило 10 FPV-дронов. Из них 8 были подавлены средствами радиоэлектронной борьбы: один в Краснояружском округе и семь в Шебекинском округе. Еще два беспилотника сбиты из стрелкового оружия - по одному в Грайворонском и Шебекинском округах.  ""Орлан"" ликвидировал 21 беспилотник. Радиоэлектронными средствами были подавлены девять FPV-дронов: два в Белгородском округе, четыре в Валуйском, два в Волоконовском и один в Грайворонском.  Из стрелкового оружия сбито шесть аппаратов: по одному FPV-дрону в Белгородском, Грайворонском и Шебеки"
