dataset_row_id,factor_key,factor_name,relevance,sentiment_score,pressure,confidence,sentiment_label,is_relevant,evidence,reason,raw_factor_returned,call_status,raw_text_chars
1,population_size,Численность населения,0.0,0.0,0.0,0.0,neutral,False,,,False,batch,998
1,divorce_rate,Число зарегистрированных разводов на 1000 населения,0.0,0.0,0.0,0.0,neutral,False,,,False,batch,998
1,marriage_rate,Число зарегистрированных браков на 1000 населения,0.0,0.0,0.0,0.0,neutral,False,,,False,batch,998
1,international_inflow,Число прибывших в страну,0.0,0.0,0.0,0.0,neutral,False,,,False,batch,998
1,international_outflow,Число выбывших из страны,0.0,0.0,0.0,0.0,neutral,False,,,False,batch,998
1,internal_arrivals,Число прибытий внутри региона,0.0,0.0,0.0,0.0,neutral,False,,,False,batch,998
1,internal_departures,Число выбытий из региона,0.0,0.0,0.0,0.0,neutral,False,,,False,batch,998
1,infant_mortality,Коэффициент младенческой смертности,0.0,0.0,0.0,0.0,neutral,False,,,False,batch,998
1,life_expectancy,Ожидаемая продолжительность жизни,0.0,0.0,0.0,0.0,neutral,False,,,False,batch,998
1,male_population,Число мужчин,0.0,0.0,0.0,0.0,neutral,False,,,False,batch,998
1,female_population,Число женщин,0.0,0.0,0.0,0.0,neutral,False,,,False,batch,998
1,per_capita_income,Среднедушевые денежные доходы населения,0.0,0.0,0.0,0.0,neutral,False,,,False,batch,998
1,real_income_index,Реальные денежные доходы населения,0.0,0.0,0.0,0.0,neutral,False,,,False,batch,998
1,unemployment_rate,Уровень безработицы,0.0,0.0,0.0,0.0,neutral,False,,,False,batch,998
1,living_wage,Величина прожиточного минимума на душу населения,0.0,0.0,0.0,0.0,neutral,False,,,False,batch,998
1,child_living_wage,Величина прожиточного минимума на ребенка,0.0,0.0,0.0,0.0,neutral,False,,,False,batch,998
1,hospitals,Число больничных организаций,0.0,0.0,0.0,0.0,neutral,False,,,False,batch,998
1,outpatient_clinics,Число амбулаторно-поликлинических организаций,0.0,0.0,0.0,0.0,neutral,False,,,False,batch,998
1,abortions,Число абортов,0.0,0.0,0.0,0.0,neutral,False,,,False,batch,998
1,qualified_doctors,Численность врачей высшей и первой квалификационных категорий,0.0,0.0,0.0,0.0,neutral,False,,,False,batch,998
1,preschool_coverage,Охват детей до 6 лет дошкольным образованием,0.0,0.0,0.0,0.0,neutral,False,,,False,batch,998
1,children_benefits,"Численность детей до 18 лет, на которых назначено пособие",0.0,0.0,0.0,0.0,neutral,False,,,False,batch,998
1,maternity_capital,"Численность лиц, получивших сертификат на материнский капитал",0.0,0.0,0.0,0.0,neutral,False,,,False,batch,998
1,childcare_allowance,Ежемесячное пособие по уходу за первым ребенком,0.0,0.0,0.0,0.0,neutral,False,,,False,batch,998
1,large_families_housing,"Многодетные семьи, улучшившие жилищные условия",0.0,0.0,0.0,0.0,neutral,False,,,False,batch,998
1,housing_area_per_capita,Общая площадь жилья на одного жителя,0.0,0.0,0.0,0.0,neutral,False,,,False,batch,998
1,consumer_price_index,Индексы потребительских цен,0.0,0.0,0.0,0.0,neutral,False,,,False,batch,998
1,primary_housing_price_index,Индексы цен на первичном рынке жилья,0.0,0.0,0.0,0.0,neutral,False,,,False,batch,998
1,secondary_housing_price_index,Индексы цен на вторичном рынке жилья,0.0,0.0,0.0,0.0,neutral,False,,,False,batch,998
1,industrial_production_index,Индексы промышленного производства,0.3,0.0,0.2,0.6,neutral,True,подъем танкеров,восстановление инфраструктуры,True,batch,998
1,enterprises_count,Число предприятий и организаций,0.0,0.0,0.0,0.0,neutral,False,,,False,batch,998
1,crime_count,Количество преступлений,0.0,0.0,0.0,0.0,neutral,False,,,False,batch,998
1,air_pollution,Выбросы загрязняющих веществ в атмосферный воздух,0.6,-0.5,0.3,0.8,negative,True,разлив топлива,разлив -> загрязнение воздуха,True,batch,998
1,wastewater_discharge,Сброс загрязненных сточных вод,0.9,-0.5,0.5,0.9,negative,True,утечки нефтепродуктов,разлив нефти -> загрязнение вод,True,batch,998
1,mortality_rate,Коэффициент смертности на 1000 человек,0.0,0.0,0.0,0.0,neutral,False,,,False,batch,998
1,birth_rate_per_1000,Коэффициент рождаемости на 1000 человек,0.0,0.0,0.0,0.0,neutral,False,,,False,batch,998
9,population_size,Численность населения,0.0,0.0,0.0,0.0,neutral,False,,,False,batch,666
9,divorce_rate,Число зарегистрированных разводов на 1000 населения,0.0,0.0,0.0,0.0,neutral,False,,,False,batch,666
9,marriage_rate,Число зарегистрированных браков на 1000 населения,0.0,0.0,0.0,0.0,neutral,False,,,False,batch,666
9,international_inflow,Число прибывших в страну,0.0,0.0,0.0,0.0,neutral,False,,,False,batch,666
9,international_outflow,Число выбывших из страны,0.0,0.0,0.0,0.0,neutral,False,,,False,batch,666
9,internal_arrivals,Число прибытий внутри региона,0.0,0.0,0.0,0.0,neutral,False,,,False,batch,666
9,internal_departures,Число выбытий из региона,0.0,0.0,0.0,0.0,neutral,False,,,False,batch,666
9,infant_mortality,Коэффициент младенческой смертности,0.0,0.0,0.0,0.0,neutral,False,,,False,batch,666
9,life_expectancy,Ожидаемая продолжительность жизни,0.0,0.0,0.0,0.0,neutral,False,,,False,batch,666
9,male_population,Число мужчин,0.0,0.0,0.0,0.0,neutral,False,,,False,batch,666
9,female_population,Число женщин,0.0,0.0,0.0,0.0,neutral,False,,,False,batch,666
9,per_capita_income,Среднедушевые денежные доходы населения,0.0,0.0,0.0,0.0,neutral,False,,,False,batch,666
9,real_income_index,Реальные денежные доходы населения,0.0,0.0,0.0,0.0,neutral,False,,,False,batch,666
9,unemployment_rate,Уровень безработицы,0.0,0.0,0.0,0.0,neutral,False,,,False,batch,666
9,living_wage,Величина прожиточного минимума на душу населения,0.0,0.0,0.0,0.0,neutral,False,,,False,batch,666
9,child_living_wage,Величина прожиточного минимума на ребенка,0.0,0.0,0.0,0.0,neutral,False,,,False,batch,666
9,hospitals,Число больничных организаций,0.0,0.0,0.0,0.0,neutral,False,,,False,batch,666
9,outpatient_clinics,Число амбулаторно-поликлинических организаций,0.0,0.0,0.0,0.0,neutral,False,,,False,batch,666
9,abortions,Число абортов,0.0,0.0,0.0,0.0,neutral,False,,,False,batch,666
9,qualified_doctors,Численность врачей высшей и первой квалификационных категорий,0.0,0.0,0.0,0.0,neutral,False,,,False,batch,666
9,preschool_coverage,Охват детей до 6 лет дошкольным образованием,0.0,0.0,0.0,0.0,neutral,False,,,False,batch,666
9,children_benefits,"Численность детей до 18 лет, на которых назначено пособие",0.0,0.0,0.0,0.0,neutral,False,,,False,batch,666
9,maternity_capital,"Численность лиц, получивших сертификат на материнский капитал",0.0,0.0,0.0,0.0,neutral,False,,,False,batch,666
9,childcare_allowance,Ежемесячное пособие по уходу за первым ребенком,0.0,0.0,0.0,0.0,neutral,False,,,False,batch,666
9,large_families_housing,"Многодетные семьи, улучшившие жилищные условия",0.0,0.0,0.0,0.0,neutral,False,,,False,batch,666
9,housing_area_per_capita,Общая площадь жилья на одного жителя,0.0,0.0,0.0,0.0,neutral,False,,,False,batch,666
9,consumer_price_index,Индексы потребительских цен,0.3,-0.5,0.3,0.6,negative,True,рост цен на электричество,рост цен на энергию влияет на индекс цен,True,batch,666
9,primary_housing_price_index,Индексы цен на первичном рынке жилья,0.0,0.0,0.0,0.0,neutral,False,,,False,batch,666
9,secondary_housing_price_index,Индексы цен на вторичном рынке жилья,0.0,0.0,0.0,0.0,neutral,False,,,False,batch,666
9,industrial_production_index,Индексы промышленного производства,0.6,-0.5,0.5,0.8,negative,True,отказ от урана,изменение поставок сырья влияет на производство,True,batch,666
9,enterprises_count,Число предприятий и организаций,0.3,0.0,0.3,0.6,neutral,True,замена поставщиков,смена поставщиков может повлиять на бизнес,True,batch,666
9,crime_count,Количество преступлений,0.0,0.0,0.0,0.0,neutral,False,,,False,batch,666
9,air_pollution,Выбросы загрязняющих веществ в атмосферный воздух,0.0,0.0,0.0,0.0,neutral,False,,,False,batch,666
9,wastewater_discharge,Сброс загрязненных сточных вод,0.0,0.0,0.0,0.0,neutral,False,,,False,batch,666
9,mortality_rate,Коэффициент смертности на 1000 человек,0.0,0.0,0.0,0.0,neutral,False,,,False,batch,666
9,birth_rate_per_1000,Коэффициент рождаемости на 1000 человек,0.0,0.0,0.0,0.0,neutral,False,,,False,batch,666
16,population_size,Численность населения,0.0,0.0,0.0,0.0,neutral,False,,,False,batch,612
16,divorce_rate,Число зарегистрированных разводов на 1000 населения,0.0,0.0,0.0,0.0,neutral,False,,,False,batch,612
16,marriage_rate,Число зарегистрированных браков на 1000 населения,0.0,0.0,0.0,0.0,neutral,False,,,False,batch,612
16,international_inflow,Число прибывших в страну,0.0,0.0,0.0,0.0,neutral,False,,,False,batch,612
16,international_outflow,Число выбывших из страны,0.0,0.0,0.0,0.0,neutral,False,,,False,batch,612
16,internal_arrivals,Число прибытий внутри региона,0.0,0.0,0.0,0.0,neutral,False,,,False,batch,612
16,internal_departures,Число выбытий из региона,0.0,0.0,0.0,0.0,neutral,False,,,False,batch,612
16,infant_mortality,Коэффициент младенческой смертности,0.0,0.0,0.0,0.0,neutral,False,,,False,batch,612
16,life_expectancy,Ожидаемая продолжительность жизни,0.6,-0.5,0.5,0.8,negative,True,пострадавшие при ЧП,травмы людей -> life_expectancy,True,batch,612
16,male_population,Число мужчин,0.0,0.0,0.0,0.0,neutral,False,,,False,batch,612
16,female_population,Число женщин,0.0,0.0,0.0,0.0,neutral,False,,,False,batch,612
16,per_capita_income,Среднедушевые денежные доходы населения,0.0,0.0,0.0,0.0,neutral,False,,,False,batch,612
16,real_income_index,Реальные денежные доходы населения,0.0,0.0,0.0,0.0,neutral,False,,,False,batch,612
16,unemployment_rate,Уровень безработицы,0.0,0.0,0.0,0.0,neutral,False,,,False,batch,612
16,living_wage,Величина прожиточного минимума на душу населения,0.0,0.0,0.0,0.0,neutral,False,,,False,batch,612
16,child_living_wage,Величина прожиточного минимума на ребенка,0.0,0.0,0.0,0.0,neutral,False,,,False,batch,612
16,hospitals,Число больничных организаций,0.6,0.5,0.5,0.8,positive,True,оказывают помощь,лечение в больнице -> hospitals,True,batch,612
16,outpatient_clinics,Число амбулаторно-поликлинических организаций,0.0,0.0,0.0,0.0,neutral,False,,,False,batch,612
16,abortions,Число абортов,0.0,0.0,0.0,0.0,neutral,False,,,False,batch,612
16,qualified_doctors,Численность врачей высшей и первой квалификационных категорий,0.3,0.5,0.5,0.7,positive,True,осмотрели медики,медицинская помощь -> qualified_doctors,True,batch,612
16,preschool_coverage,Охват детей до 6 лет дошкольным образованием,0.0,0.0,0.0,0.0,neutral,False,,,False,batch,612
16,children_benefits,"Численность детей до 18 лет, на которых назначено пособие",0.0,0.0,0.0,0.0,neutral,False,,,False,batch,612
16,maternity_capital,"Численность лиц, получивших сертификат на материнский капитал",0.0,0.0,0.0,0.0,neutral,False,,,False,batch,612
16,childcare_allowance,Ежемесячное пособие по уходу за первым ребенком,0.0,0.0,0.0,0.0,neutral,False,,,False,batch,612
16,large_families_housing,"Многодетные семьи, улучшившие жилищные условия",0.0,0.0,0.0,0.0,neutral,False,,,False,batch,612
16,housing_area_per_capita,Общая площадь жилья на одного жителя,0.0,0.0,0.0,0.0,neutral,False,,,False,batch,612
16,consumer_price_index,Индексы потребительских цен,0.0,0.0,0.0,0.0,neutral,False,,,False,batch,612
16,primary_housing_price_index,Индексы цен на первичном рынке жилья,0.0,0.0,0.0,0.0,neutral,False,,,False,batch,612
16,secondary_housing_price_index,Индексы цен на вторичном рынке жилья,0.0,0.0,0.0,0.0,neutral,False,,,False,batch,612
16,industrial_production_index,Индексы промышленного производства,0.0,0.0,0.0,0.0,neutral,False,,,False,batch,612
16,enterprises_count,Число предприятий и организаций,0.0,0.0,0.0,0.0,neutral,False,,,False,batch,612
16,crime_count,Количество преступлений,0.0,0.0,0.0,0.0,neutral,False,,,False,batch,612
16,air_pollution,Выбросы загрязняющих веществ в атмосферный воздух,0.0,0.0,0.0,0.0,neutral,False,,,False,batch,612
16,wastewater_discharge,Сброс загрязненных сточных вод,0.0,0.0,0.0,0.0,neutral,False,,,False,batch,612
16,mortality_rate,Коэффициент смертности на 1000 человек,0.0,0.0,0.0,0.0,neutral,False,,,False,batch,612
16,birth_rate_per_1000,Коэффициент рождаемости на 1000 человек,0.0,0.0,0.0,0.0,neutral,False,,,False,batch,612
17,population_size,Численность населения,0.0,0.0,0.0,0.0,neutral,False,,,False,batch,481
17,divorce_rate,Число зарегистрированных разводов на 1000 населения,0.0,0.0,0.0,0.0,neutral,False,,,False,batch,481
17,marriage_rate,Число зарегистрированных браков на 1000 населения,0.0,0.0,0.0,0.0,neutral,False,,,False,batch,481
17,international_inflow,Число прибывших в страну,0.0,0.0,0.0,0.0,neutral,False,,,False,batch,481
17,international_outflow,Число выбывших из страны,0.0,0.0,0.0,0.0,neutral,False,,,False,batch,481
17,internal_arrivals,Число прибытий внутри региона,0.0,0.0,0.0,0.0,neutral,False,,,False,batch,481
17,internal_departures,Число выбытий из региона,0.0,0.0,0.0,0.0,neutral,False,,,False,batch,481
17,infant_mortality,Коэффициент младенческой смертности,0.0,0.0,0.0,0.0,neutral,False,,,False,batch,481
17,life_expectancy,Ожидаемая продолжительность жизни,0.0,0.0,0.0,0.0,neutral,False,,,False,batch,481
17,male_population,Число мужчин,0.0,0.0,0.0,0.0,neutral,False,,,False,batch,481
17,female_population,Число женщин,0.0,0.0,0.0,0.0,neutral,False,,,False,batch,481
17,per_capita_income,Среднедушевые денежные доходы населения,0.6,0.5,0.3,0.8,positive,True,налоговый вычет,налоговые льготы увеличивают располагаемый доход населения,True,batch,481
17,real_income_index,Реальные денежные доходы населения,0.0,0.0,0.0,0.0,neutral,False,,,False,batch,481
17,unemployment_rate,Уровень безработицы,0.0,0.0,0.0,0.0,neutral,False,,,False,batch,481
17,living_wage,Величина прожиточного минимума на душу населения,0.0,0.0,0.0,0.0,neutral,False,,,False,batch,481
17,child_living_wage,Величина прожиточного минимума на ребенка,0.0,0.0,0.0,0.0,neutral,False,,,False,batch,481
17,hospitals,Число больничных организаций,0.0,0.0,0.0,0.0,neutral,False,,,False,batch,481
17,outpatient_clinics,Число амбулаторно-поликлинических организаций,0.0,0.0,0.0,0.0,neutral,False,,,False,batch,481
17,abortions,Число абортов,0.0,0.0,0.0,0.0,neutral,False,,,False,batch,481
17,qualified_doctors,Численность врачей высшей и первой квалификационных категорий,0.3,0.5,0.1,0.6,positive,True,спортивные занятия,"поддержка спорта улучшает здоровье, включая медицинский персонал",True,batch,481
17,preschool_coverage,Охват детей до 6 лет дошкольным образованием,0.0,0.0,0.0,0.0,neutral,False,,,False,batch,481
17,children_benefits,"Численность детей до 18 лет, на которых назначено пособие",0.0,0.0,0.0,0.0,neutral,False,,,False,batch,481
17,maternity_capital,"Численность лиц, получивших сертификат на материнский капитал",0.0,0.0,0.0,0.0,neutral,False,,,False,batch,481
17,childcare_allowance,Ежемесячное пособие по уходу за первым ребенком,0.0,0.0,0.0,0.0,neutral,False,,,False,batch,481
17,large_families_housing,"Многодетные семьи, улучшившие жилищные условия",0.0,0.0,0.0,0.0,neutral,False,,,False,batch,481
17,housing_area_per_capita,Общая площадь жилья на одного жителя,0.0,0.0,0.0,0.0,neutral,False,,,False,batch,481
17,consumer_price_index,Индексы потребительских цен,0.0,0.0,0.0,0.0,neutral,False,,,False,batch,481
17,primary_housing_price_index,Индексы цен на первичном рынке жилья,0.0,0.0,0.0,0.0,neutral,False,,,False,batch,481
17,secondary_housing_price_index,Индексы цен на вторичном рынке жилья,0.0,0.0,0.0,0.0,neutral,False,,,False,batch,481
17,industrial_production_index,Индексы промышленного производства,0.0,0.0,0.0,0.0,neutral,False,,,False,batch,481
17,enterprises_count,Число предприятий и организаций,0.0,0.0,0.0,0.0,neutral,False,,,False,batch,481
17,crime_count,Количество преступлений,0.0,0.0,0.0,0.0,neutral,False,,,False,batch,481
17,air_pollution,Выбросы загрязняющих веществ в атмосферный воздух,0.0,0.0,0.0,0.0,neutral,False,,,False,batch,481
17,wastewater_discharge,Сброс загрязненных сточных вод,0.0,0.0,0.0,0.0,neutral,False,,,False,batch,481
17,mortality_rate,Коэффициент смертности на 1000 человек,0.0,0.0,0.0,0.0,neutral,False,,,False,batch,481
17,birth_rate_per_1000,Коэффициент рождаемости на 1000 человек,0.0,0.0,0.0,0.0,neutral,False,,,False,batch,481
18,population_size,Численность населения,0.0,0.0,0.0,0.0,neutral,False,,,False,batch,1445
18,divorce_rate,Число зарегистрированных разводов на 1000 населения,0.0,0.0,0.0,0.0,neutral,False,,,False,batch,1445
18,marriage_rate,Число зарегистрированных браков на 1000 населения,0.0,0.0,0.0,0.0,neutral,False,,,False,batch,1445
18,international_inflow,Число прибывших в страну,0.3,0.5,0.1,0.6,positive,True,возобновление работы пассажирского транспорта,транспорт -> туризм -> приток людей,True,batch,1445
18,international_outflow,Число выбывших из страны,0.3,0.5,0.1,0.6,positive,True,возобновление работы пассажирского транспорта,транспорт -> выезд граждан -> отток,True,batch,1445
18,internal_arrivals,Число прибытий внутри региона,0.3,0.5,0.1,0.6,positive,True,возобновление работы пассажирского транспорта,транспорт -> перемещение жителей -> приток,True,batch,1445
18,internal_departures,Число выбытий из региона,0.3,0.5,0.1,0.6,positive,True,возобновление работы пассажирского транспорта,транспорт -> выезд жителей -> отток,True,batch,1445
18,infant_mortality,Коэффициент младенческой смертности,0.0,0.0,0.0,0.0,neutral,False,,,False,batch,1445
18,life_expectancy,Ожидаемая продолжительность жизни,0.0,0.0,0.0,0.0,neutral,False,,,False,batch,1445
18,male_population,Число мужчин,0.0,0.0,0.0,0.0,neutral,False,,,False,batch,1445
18,female_population,Число женщин,0.0,0.0,0.0,0.0,neutral,False,,,False,batch,1445
18,per_capita_income,Среднедушевые денежные доходы населения,0.0,0.0,0.0,0.0,neutral,False,,,False,batch,1445
18,real_income_index,Реальные денежные доходы населения,0.0,0.0,0.0,0.0,neutral,False,,,False,batch,1445
18,unemployment_rate,Уровень безработицы,0.0,0.0,0.0,0.0,neutral,False,,,False,batch,1445
18,living_wage,Величина прожиточного минимума на душу населения,0.0,0.0,0.0,0.0,neutral,False,,,False,batch,1445
18,child_living_wage,Величина прожиточного минимума на ребенка,0.0,0.0,0.0,0.0,neutral,False,,,False,batch,1445
18,hospitals,Число больничных организаций,0.0,0.0,0.0,0.0,neutral,False,,,False,batch,1445
18,outpatient_clinics,Число амбулаторно-поликлинических организаций,0.0,0.0,0.0,0.0,neutral,False,,,False,batch,1445
18,abortions,Число абортов,0.0,0.0,0.0,0.0,neutral,False,,,False,batch,1445
18,qualified_doctors,Численность врачей высшей и первой квалификационных категорий,0.0,0.0,0.0,0.0,neutral,False,,,False,batch,1445
18,preschool_coverage,Охват детей до 6 лет дошкольным образованием,0.0,0.0,0.0,0.0,neutral,False,,,False,batch,1445
18,children_benefits,"Численность детей до 18 лет, на которых назначено пособие",0.0,0.0,0.0,0.0,neutral,False,,,False,batch,1445
18,maternity_capital,"Численность лиц, получивших сертификат на материнский капитал",0.0,0.0,0.0,0.0,neutral,False,,,False,batch,1445
18,childcare_allowance,Ежемесячное пособие по уходу за первым ребенком,0.0,0.0,0.0,0.0,neutral,False,,,False,batch,1445
18,large_families_housing,"Многодетные семьи, улучшившие жилищные условия",0.0,0.0,0.0,0.0,neutral,False,,,False,batch,1445
18,housing_area_per_capita,Общая площадь жилья на одного жителя,0.0,0.0,0.0,0.0,neutral,False,,,False,batch,1445
18,consumer_price_index,Индексы потребительских цен,0.0,0.0,0.0,0.0,neutral,False,,,False,batch,1445
18,primary_housing_price_index,Индексы цен на первичном рынке жилья,0.0,0.0,0.0,0.0,neutral,False,,,False,batch,1445
18,secondary_housing_price_index,Индексы цен на вторичном рынке жилья,0.0,0.0,0.0,0.0,neutral,False,,,False,batch,1445
18,industrial_production_index,Индексы промышленного производства,0.0,0.0,0.0,0.0,neutral,False,,,False,batch,1445
18,enterprises_count,Число предприятий и организаций,0.0,0.0,0.0,0.0,neutral,False,,,False,batch,1445
18,crime_count,Количество преступлений,0.0,0.0,0.0,0.0,neutral,False,,,False,batch,1445
18,air_pollution,Выбросы загрязняющих веществ в атмосферный воздух,0.0,0.0,0.0,0.0,neutral,False,,,False,batch,1445
18,wastewater_discharge,Сброс загрязненных сточных вод,0.0,0.0,0.0,0.0,neutral,False,,,False,batch,1445
18,mortality_rate,Коэффициент смертности на 1000 человек,0.0,0.0,0.0,0.0,neutral,False,,,False,batch,1445
18,birth_rate_per_1000,Коэффициент рождаемости на 1000 человек,0.0,0.0,0.0,0.0,neutral,False,,,False,batch,1445
19,population_size,Численность населения,0.0,0.0,0.0,0.0,neutral,False,,,False,batch,452
19,divorce_rate,Число зарегистрированных разводов на 1000 населения,0.0,0.0,0.0,0.0,neutral,False,,,False,batch,452
19,marriage_rate,Число зарегистрированных браков на 1000 населения,0.0,0.0,0.0,0.0,neutral,False,,,False,batch,452
19,international_inflow,Число прибывших в страну,0.0,0.0,0.0,0.0,neutral,False,,,False,batch,452
19,international_outflow,Число выбывших из страны,0.0,0.0,0.0,0.0,neutral,False,,,False,batch,452
19,internal_arrivals,Число прибытий внутри региона,0.0,0.0,0.0,0.0,neutral,False,,,False,batch,452
19,internal_departures,Число выбытий из региона,0.0,0.0,0.0,0.0,neutral,False,,,False,batch,452
19,infant_mortality,Коэффициент младенческой смертности,0.0,0.0,0.0,0.0,neutral,False,,,False,batch,452
19,life_expectancy,Ожидаемая продолжительность жизни,0.0,0.0,0.0,0.0,neutral,False,,,False,batch,452
19,male_population,Число мужчин,0.0,0.0,0.0,0.0,neutral,False,,,False,batch,452
19,female_population,Число женщин,0.0,0.0,0.0,0.0,neutral,False,,,False,batch,452
19,per_capita_income,Среднедушевые денежные доходы населения,0.0,0.0,0.0,0.0,neutral,False,,,False,batch,452
19,real_income_index,Реальные денежные доходы населения,0.0,0.0,0.0,0.0,neutral,False,,,False,batch,452
19,unemployment_rate,Уровень безработицы,0.3,0.0,0.1,0.5,neutral,True,изменения в системе образования,изменения в образовании -> рынок труда,True,batch,452
19,living_wage,Величина прожиточного минимума на душу населения,0.0,0.0,0.0,0.0,neutral,False,,,False,batch,452
19,child_living_wage,Величина прожиточного минимума на ребенка,0.0,0.0,0.0,0.0,neutral,False,,,False,batch,452
19,hospitals,Число больничных организаций,0.0,0.0,0.0,0.0,neutral,False,,,False,batch,452
19,outpatient_clinics,Число амбулаторно-поликлинических организаций,0.0,0.0,0.0,0.0,neutral,False,,,False,batch,452
19,abortions,Число абортов,0.0,0.0,0.0,0.0,neutral,False,,,False,batch,452
19,qualified_doctors,Численность врачей высшей и первой квалификационных категорий,0.3,0.0,0.1,0.5,neutral,True,изменения в системе образования,изменения в образовании -> кадры,True,batch,452
19,preschool_coverage,Охват детей до 6 лет дошкольным образованием,0.0,0.0,0.0,0.0,neutral,False,,,False,batch,452
19,children_benefits,"Численность детей до 18 лет, на которых назначено пособие",0.0,0.0,0.0,0.0,neutral,False,,,False,batch,452
19,maternity_capital,"Численность лиц, получивших сертификат на материнский капитал",0.0,0.0,0.0,0.0,neutral,False,,,False,batch,452
19,childcare_allowance,Ежемесячное пособие по уходу за первым ребенком,0.0,0.0,0.0,0.0,neutral,False,,,False,batch,452
19,large_families_housing,"Многодетные семьи, улучшившие жилищные условия",0.0,0.0,0.0,0.0,neutral,False,,,False,batch,452
19,housing_area_per_capita,Общая площадь жилья на одного жителя,0.0,0.0,0.0,0.0,neutral,False,,,False,batch,452
19,consumer_price_index,Индексы потребительских цен,0.0,0.0,0.0,0.0,neutral,False,,,False,batch,452
19,primary_housing_price_index,Индексы цен на первичном рынке жилья,0.0,0.0,0.0,0.0,neutral,False,,,False,batch,452
19,secondary_housing_price_index,Индексы цен на вторичном рынке жилья,0.0,0.0,0.0,0.0,neutral,False,,,False,batch,452
19,industrial_production_index,Индексы промышленного производства,0.0,0.0,0.0,0.0,neutral,False,,,False,batch,452
19,enterprises_count,Число предприятий и организаций,0.0,0.0,0.0,0.0,neutral,False,,,False,batch,452
19,crime_count,Количество преступлений,0.0,0.0,0.0,0.0,neutral,False,,,False,batch,452
19,air_pollution,Выбросы загрязняющих веществ в атмосферный воздух,0.0,0.0,0.0,0.0,neutral,False,,,False,batch,452
19,wastewater_discharge,Сброс загрязненных сточных вод,0.0,0.0,0.0,0.0,neutral,False,,,False,batch,452
19,mortality_rate,Коэффициент смертности на 1000 человек,0.0,0.0,0.0,0.0,neutral,False,,,False,batch,452
19,birth_rate_per_1000,Коэффициент рождаемости на 1000 человек,0.0,0.0,0.0,0.0,neutral,False,,,False,batch,452
24,population_size,Численность населения,0.0,0.0,0.0,0.0,neutral,False,,,False,batch,1067
24,divorce_rate,Число зарегистрированных разводов на 1000 населения,0.0,0.0,0.0,0.0,neutral,False,,,False,batch,1067
24,marriage_rate,Число зарегистрированных браков на 1000 населения,0.0,0.0,0.0,0.0,neutral,False,,,False,batch,1067
24,international_inflow,Число прибывших в страну,0.0,0.0,0.0,0.0,neutral,False,,,False,batch,1067
24,international_outflow,Число выбывших из страны,0.0,0.0,0.0,0.0,neutral,False,,,False,batch,1067
24,internal_arrivals,Число прибытий внутри региона,0.0,0.0,0.0,0.0,neutral,False,,,False,batch,1067
24,internal_departures,Число выбытий из региона,0.0,0.0,0.0,0.0,neutral,False,,,False,batch,1067
24,infant_mortality,Коэффициент младенческой смертности,0.0,0.0,0.0,0.0,neutral,False,,,False,batch,1067
24,life_expectancy,Ожидаемая продолжительность жизни,0.3,-0.5,0.3,0.6,negative,True,5000 человек без воды,кризис воды может влиять на здоровье и долголетие,True,batch,1067
24,male_population,Число мужчин,0.0,0.0,0.0,0.0,neutral,False,,,False,batch,1067
24,female_population,Число женщин,0.0,0.0,0.0,0.0,neutral,False,,,False,batch,1067
24,per_capita_income,Среднедушевые денежные доходы населения,0.0,0.0,0.0,0.0,neutral,False,,,False,batch,1067
24,real_income_index,Реальные денежные доходы населения,0.0,0.0,0.0,0.0,neutral,False,,,False,batch,1067
24,unemployment_rate,Уровень безработицы,0.0,0.0,0.0,0.0,neutral,False,,,False,batch,1067
24,living_wage,Величина прожиточного минимума на душу населения,0.0,0.0,0.0,0.0,neutral,False,,,False,batch,1067
24,child_living_wage,Величина прожиточного минимума на ребенка,0.0,0.0,0.0,0.0,neutral,False,,,False,batch,1067
24,hospitals,Число больничных организаций,0.0,0.0,0.0,0.0,neutral,False,,,False,batch,1067
24,outpatient_clinics,Число амбулаторно-поликлинических организаций,0.0,0.0,0.0,0.0,neutral,False,,,False,batch,1067
24,abortions,Число абортов,0.0,0.0,0.0,0.0,neutral,False,,,False,batch,1067
24,qualified_doctors,Численность врачей высшей и первой квалификационных категорий,0.0,0.0,0.0,0.0,neutral,False,,,False,batch,1067
24,preschool_coverage,Охват детей до 6 лет дошкольным образованием,0.0,0.0,0.0,0.0,neutral,False,,,False,batch,1067
24,children_benefits,"Численность детей до 18 лет, на которых назначено пособие",0.0,0.0,0.0,0.0,neutral,False,,,False,batch,1067
24,maternity_capital,"Численность лиц, получивших сертификат на материнский капитал",0.0,0.0,0.0,0.0,neutral,False,,,False,batch,1067
24,childcare_allowance,Ежемесячное пособие по уходу за первым ребенком,0.0,0.0,0.0,0.0,neutral,False,,,False,batch,1067
24,large_families_housing,"Многодетные семьи, улучшившие жилищные условия",0.0,0.0,0.0,0.0,neutral,False,,,False,batch,1067
24,housing_area_per_capita,Общая площадь жилья на одного жителя,0.6,-0.5,0.4,0.8,negative,True,Без воды осталось 15 домов,отсутствие воды ухудшает жилищные условия,True,batch,1067
24,consumer_price_index,Индексы потребительских цен,0.0,0.0,0.0,0.0,neutral,False,,,False,batch,1067
24,primary_housing_price_index,Индексы цен на первичном рынке жилья,0.0,0.0,0.0,0.0,neutral,False,,,False,batch,1067
24,secondary_housing_price_index,Индексы цен на вторичном рынке жилья,0.0,0.0,0.0,0.0,neutral,False,,,False,batch,1067
24,industrial_production_index,Индексы промышленного производства,0.0,0.0,0.0,0.0,neutral,False,,,False,batch,1067
24,enterprises_count,Число предприятий и организаций,0.0,0.0,0.0,0.0,neutral,False,,,False,batch,1067
24,crime_count,Количество преступлений,0.0,0.0,0.0,0.0,neutral,False,,,False,batch,1067
24,air_pollution,Выбросы загрязняющих веществ в атмосферный воздух,0.0,0.0,0.0,0.0,neutral,False,,,False,batch,1067
24,wastewater_discharge,Сброс загрязненных сточных вод,0.9,-0.5,0.5,0.9,negative,True,Авария на водоканале,авария на водоканале влияет на сброс сточных вод,True,batch,1067
24,mortality_rate,Коэффициент смертности на 1000 человек,0.0,0.0,0.0,0.0,neutral,False,,,False,batch,1067
24,birth_rate_per_1000,Коэффициент рождаемости на 1000 человек,0.0,0.0,0.0,0.0,neutral,False,,,False,batch,1067
35,population_size,Численность населения,0.0,0.0,0.0,0.0,neutral,False,,,False,batch,405
35,divorce_rate,Число зарегистрированных разводов на 1000 населения,0.0,0.0,0.0,0.0,neutral,False,,,False,batch,405
35,marriage_rate,Число зарегистрированных браков на 1000 населения,0.0,0.0,0.0,0.0,neutral,False,,,False,batch,405
35,international_inflow,Число прибывших в страну,0.3,0.0,0.0,0.5,neutral,True,переговоры в Майами,дипломатия не миграция,True,batch,405
35,international_outflow,Число выбывших из страны,0.3,0.0,0.0,0.5,neutral,True,переговоры в Майами,дипломатия не миграция,True,batch,405
35,internal_arrivals,Число прибытий внутри региона,0.0,0.0,0.0,0.0,neutral,False,,,False,batch,405
35,internal_departures,Число выбытий из региона,0.0,0.0,0.0,0.0,neutral,False,,,False,batch,405
35,infant_mortality,Коэффициент младенческой смертности,0.0,0.0,0.0,0.0,neutral,False,,,False,batch,405
35,life_expectancy,Ожидаемая продолжительность жизни,0.0,0.0,0.0,0.0,neutral,False,,,False,batch,405
35,male_population,Число мужчин,0.0,0.0,0.0,0.0,neutral,False,,,False,batch,405
35,female_population,Число женщин,0.0,0.0,0.0,0.0,neutral,False,,,False,batch,405
35,per_capita_income,Среднедушевые денежные доходы населения,0.0,0.0,0.0,0.0,neutral,False,,,False,batch,405
35,real_income_index,Реальные денежные доходы населения,0.0,0.0,0.0,0.0,neutral,False,,,False,batch,405
35,unemployment_rate,Уровень безработицы,0.0,0.0,0.0,0.0,neutral,False,,,False,batch,405
35,living_wage,Величина прожиточного минимума на душу населения,0.0,0.0,0.0,0.0,neutral,False,,,False,batch,405
35,child_living_wage,Величина прожиточного минимума на ребенка,0.0,0.0,0.0,0.0,neutral,False,,,False,batch,405
35,hospitals,Число больничных организаций,0.0,0.0,0.0,0.0,neutral,False,,,False,batch,405
35,outpatient_clinics,Число амбулаторно-поликлинических организаций,0.0,0.0,0.0,0.0,neutral,False,,,False,batch,405
35,abortions,Число абортов,0.0,0.0,0.0,0.0,neutral,False,,,False,batch,405
35,qualified_doctors,Численность врачей высшей и первой квалификационных категорий,0.0,0.0,0.0,0.0,neutral,False,,,False,batch,405
35,preschool_coverage,Охват детей до 6 лет дошкольным образованием,0.0,0.0,0.0,0.0,neutral,False,,,False,batch,405
35,children_benefits,"Численность детей до 18 лет, на которых назначено пособие",0.0,0.0,0.0,0.0,neutral,False,,,False,batch,405
35,maternity_capital,"Численность лиц, получивших сертификат на материнский капитал",0.0,0.0,0.0,0.0,neutral,False,,,False,batch,405
35,childcare_allowance,Ежемесячное пособие по уходу за первым ребенком,0.0,0.0,0.0,0.0,neutral,False,,,False,batch,405
35,large_families_housing,"Многодетные семьи, улучшившие жилищные условия",0.0,0.0,0.0,0.0,neutral,False,,,False,batch,405
35,housing_area_per_capita,Общая площадь жилья на одного жителя,0.0,0.0,0.0,0.0,neutral,False,,,False,batch,405
35,consumer_price_index,Индексы потребительских цен,0.0,0.0,0.0,0.0,neutral,False,,,False,batch,405
35,primary_housing_price_index,Индексы цен на первичном рынке жилья,0.0,0.0,0.0,0.0,neutral,False,,,False,batch,405
35,secondary_housing_price_index,Индексы цен на вторичном рынке жилья,0.0,0.0,0.0,0.0,neutral,False,,,False,batch,405
35,industrial_production_index,Индексы промышленного производства,0.0,0.0,0.0,0.0,neutral,False,,,False,batch,405
35,enterprises_count,Число предприятий и организаций,0.0,0.0,0.0,0.0,neutral,False,,,False,batch,405
35,crime_count,Количество преступлений,0.0,0.0,0.0,0.0,neutral,False,,,False,batch,405
35,air_pollution,Выбросы загрязняющих веществ в атмосферный воздух,0.0,0.0,0.0,0.0,neutral,False,,,False,batch,405
35,wastewater_discharge,Сброс загрязненных сточных вод,0.0,0.0,0.0,0.0,neutral,False,,,False,batch,405
35,mortality_rate,Коэффициент смертности на 1000 человек,0.0,0.0,0.0,0.0,neutral,False,,,False,batch,405
35,birth_rate_per_1000,Коэффициент рождаемости на 1000 человек,0.0,0.0,0.0,0.0,neutral,False,,,False,batch,405
40,population_size,Численность населения,0.0,0.0,0.0,0.0,neutral,False,,,False,batch,1038
40,divorce_rate,Число зарегистрированных разводов на 1000 населения,0.0,0.0,0.0,0.0,neutral,False,,,False,batch,1038
40,marriage_rate,Число зарегистрированных браков на 1000 населения,0.0,0.0,0.0,0.0,neutral,False,,,False,batch,1038
40,international_inflow,Число прибывших в страну,0.0,0.0,0.0,0.0,neutral,False,,,False,batch,1038
40,international_outflow,Число выбывших из страны,0.0,0.0,0.0,0.0,neutral,False,,,False,batch,1038
40,internal_arrivals,Число прибытий внутри региона,0.0,0.0,0.0,0.0,neutral,False,,,False,batch,1038
40,internal_departures,Число выбытий из региона,0.0,0.0,0.0,0.0,neutral,False,,,False,batch,1038
40,infant_mortality,Коэффициент младенческой смертности,0.0,0.0,0.0,0.0,neutral,False,,,False,batch,1038
40,life_expectancy,Ожидаемая продолжительность жизни,0.0,0.0,0.0,0.0,neutral,False,,,False,batch,1038
40,male_population,Число мужчин,0.0,0.0,0.0,0.0,neutral,False,,,False,batch,1038
40,female_population,Число женщин,0.0,0.0,0.0,0.0,neutral,False,,,False,batch,1038
40,per_capita_income,Среднедушевые денежные доходы населения,0.0,0.0,0.0,0.0,neutral,False,,,False,batch,1038
40,real_income_index,Реальные денежные доходы населения,0.0,0.0,0.0,0.0,neutral,False,,,False,batch,1038
40,unemployment_rate,Уровень безработицы,0.3,-0.5,0.2,0.6,negative,True,15 сотрудников,сокращение штата -> unemployment_rate,True,batch,1038
40,living_wage,Величина прожиточного минимума на душу населения,0.0,0.0,0.0,0.0,neutral,False,,,False,batch,1038
40,child_living_wage,Величина прожиточного минимума на ребенка,0.0,0.0,0.0,0.0,neutral,False,,,False,batch,1038
40,hospitals,Число больничных организаций,0.0,0.0,0.0,0.0,neutral,False,,,False,batch,1038
40,outpatient_clinics,Число амбулаторно-поликлинических организаций,0.0,0.0,0.0,0.0,neutral,False,,,False,batch,1038
40,abortions,Число абортов,0.0,0.0,0.0,0.0,neutral,False,,,False,batch,1038
40,qualified_doctors,Численность врачей высшей и первой квалификационных категорий,0.0,0.0,0.0,0.0,neutral,False,,,False,batch,1038
40,preschool_coverage,Охват детей до 6 лет дошкольным образованием,0.0,0.0,0.0,0.0,neutral,False,,,False,batch,1038
40,children_benefits,"Численность детей до 18 лет, на которых назначено пособие",0.0,0.0,0.0,0.0,neutral,False,,,False,batch,1038
40,maternity_capital,"Численность лиц, получивших сертификат на материнский капитал",0.0,0.0,0.0,0.0,neutral,False,,,False,batch,1038
40,childcare_allowance,Ежемесячное пособие по уходу за первым ребенком,0.0,0.0,0.0,0.0,neutral,False,,,False,batch,1038
40,large_families_housing,"Многодетные семьи, улучшившие жилищные условия",0.0,0.0,0.0,0.0,neutral,False,,,False,batch,1038
40,housing_area_per_capita,Общая площадь жилья на одного жителя,0.0,0.0,0.0,0.0,neutral,False,,,False,batch,1038
40,consumer_price_index,Индексы потребительских цен,0.0,0.0,0.0,0.0,neutral,False,,,False,batch,1038
40,primary_housing_price_index,Индексы цен на первичном рынке жилья,0.0,0.0,0.0,0.0,neutral,False,,,False,batch,1038
40,secondary_housing_price_index,Индексы цен на вторичном рынке жилья,0.0,0.0,0.0,0.0,neutral,False,,,False,batch,1038
40,industrial_production_index,Индексы промышленного производства,0.6,-0.5,0.3,0.7,negative,True,закрытие сбытового СП,закрытие бизнеса -> industrial_production_index,True,batch,1038
40,enterprises_count,Число предприятий и организаций,0.9,-0.5,0.5,0.9,negative,True,ликвидируют СП,ликвидация компании -> enterprises_count,True,batch,1038
40,crime_count,Количество преступлений,0.0,0.0,0.0,0.0,neutral,False,,,False,batch,1038
40,air_pollution,Выбросы загрязняющих веществ в атмосферный воздух,0.0,0.0,0.0,0.0,neutral,False,,,False,batch,1038
40,wastewater_discharge,Сброс загрязненных сточных вод,0.0,0.0,0.0,0.0,neutral,False,,,False,batch,1038
40,mortality_rate,Коэффициент смертности на 1000 человек,0.0,0.0,0.0,0.0,neutral,False,,,False,batch,1038
40,birth_rate_per_1000,Коэффициент рождаемости на 1000 человек,0.0,0.0,0.0,0.0,neutral,False,,,False,batch,1038
41,population_size,Численность населения,0.0,0.0,0.0,0.0,neutral,False,,,False,batch,628
41,divorce_rate,Число зарегистрированных разводов на 1000 населения,0.0,0.0,0.0,0.0,neutral,False,,,False,batch,628
41,marriage_rate,Число зарегистрированных браков на 1000 населения,0.0,0.0,0.0,0.0,neutral,False,,,False,batch,628
41,international_inflow,Число прибывших в страну,0.3,0.1,0.2,0.5,neutral,True,учения в Японском море,взаимодействие с иностранным флотом,True,batch,628
41,international_outflow,Число выбывших из страны,0.3,0.1,0.2,0.5,neutral,True,учения в Японском море,взаимодействие с иностранным флотом,True,batch,628
41,internal_arrivals,Число прибытий внутри региона,0.0,0.0,0.0,0.0,neutral,False,,,False,batch,628
41,internal_departures,Число выбытий из региона,0.0,0.0,0.0,0.0,neutral,False,,,False,batch,628
41,infant_mortality,Коэффициент младенческой смертности,0.0,0.0,0.0,0.0,neutral,False,,,False,batch,628
41,life_expectancy,Ожидаемая продолжительность жизни,0.0,0.0,0.0,0.0,neutral,False,,,False,batch,628
41,male_population,Число мужчин,0.0,0.0,0.0,0.0,neutral,False,,,False,batch,628
41,female_population,Число женщин,0.0,0.0,0.0,0.0,neutral,False,,,False,batch,628
41,per_capita_income,Среднедушевые денежные доходы населения,0.0,0.0,0.0,0.0,neutral,False,,,False,batch,628
41,real_income_index,Реальные денежные доходы населения,0.0,0.0,0.0,0.0,neutral,False,,,False,batch,628
41,unemployment_rate,Уровень безработицы,0.0,0.0,0.0,0.0,neutral,False,,,False,batch,628
41,living_wage,Величина прожиточного минимума на душу населения,0.0,0.0,0.0,0.0,neutral,False,,,False,batch,628
41,child_living_wage,Величина прожиточного минимума на ребенка,0.0,0.0,0.0,0.0,neutral,False,,,False,batch,628
41,hospitals,Число больничных организаций,0.0,0.0,0.0,0.0,neutral,False,,,False,batch,628
41,outpatient_clinics,Число амбулаторно-поликлинических организаций,0.0,0.0,0.0,0.0,neutral,False,,,False,batch,628
41,abortions,Число абортов,0.0,0.0,0.0,0.0,neutral,False,,,False,batch,628
41,qualified_doctors,Численность врачей высшей и первой квалификационных категорий,0.0,0.0,0.0,0.0,neutral,False,,,False,batch,628
41,preschool_coverage,Охват детей до 6 лет дошкольным образованием,0.0,0.0,0.0,0.0,neutral,False,,,False,batch,628
41,children_benefits,"Численность детей до 18 лет, на которых назначено пособие",0.0,0.0,0.0,0.0,neutral,False,,,False,batch,628
41,maternity_capital,"Численность лиц, получивших сертификат на материнский капитал",0.0,0.0,0.0,0.0,neutral,False,,,False,batch,628
41,childcare_allowance,Ежемесячное пособие по уходу за первым ребенком,0.0,0.0,0.0,0.0,neutral,False,,,False,batch,628
41,large_families_housing,"Многодетные семьи, улучшившие жилищные условия",0.0,0.0,0.0,0.0,neutral,False,,,False,batch,628
41,housing_area_per_capita,Общая площадь жилья на одного жителя,0.0,0.0,0.0,0.0,neutral,False,,,False,batch,628
41,consumer_price_index,Индексы потребительских цен,0.0,0.0,0.0,0.0,neutral,False,,,False,batch,628
41,primary_housing_price_index,Индексы цен на первичном рынке жилья,0.0,0.0,0.0,0.0,neutral,False,,,False,batch,628
41,secondary_housing_price_index,Индексы цен на вторичном рынке жилья,0.0,0.0,0.0,0.0,neutral,False,,,False,batch,628
41,industrial_production_index,Индексы промышленного производства,0.0,0.0,0.0,0.0,neutral,False,,,False,batch,628
41,enterprises_count,Число предприятий и организаций,0.0,0.0,0.0,0.0,neutral,False,,,False,batch,628
41,crime_count,Количество преступлений,0.3,-0.2,0.3,0.6,negative,True,военные учения,учения повышают риск конфликтов,True,batch,628
41,air_pollution,Выбросы загрязняющих веществ в атмосферный воздух,0.0,0.0,0.0,0.0,neutral,False,,,False,batch,628
41,wastewater_discharge,Сброс загрязненных сточных вод,0.0,0.0,0.0,0.0,neutral,False,,,False,batch,628
41,mortality_rate,Коэффициент смертности на 1000 человек,0.0,0.0,0.0,0.0,neutral,False,,,False,batch,628
41,birth_rate_per_1000,Коэффициент рождаемости на 1000 человек,0.0,0.0,0.0,0.0,neutral,False,,,False,batch,628
49,population_size,Численность населения,0.0,0.0,0.0,0.0,neutral,False,,,False,batch,41
49,divorce_rate,Число зарегистрированных разводов на 1000 населения,0.0,0.0,0.0,0.0,neutral,False,,,False,batch,41
49,marriage_rate,Число зарегистрированных браков на 1000 населения,0.0,0.0,0.0,0.0,neutral,False,,,False,batch,41
49,international_inflow,Число прибывших в страну,0.0,0.0,0.0,0.0,neutral,False,,,False,batch,41
49,international_outflow,Число выбывших из страны,0.0,0.0,0.0,0.0,neutral,False,,,False,batch,41
49,internal_arrivals,Число прибытий внутри региона,0.0,0.0,0.0,0.0,neutral,False,,,False,batch,41
49,internal_departures,Число выбытий из региона,0.0,0.0,0.0,0.0,neutral,False,,,False,batch,41
49,infant_mortality,Коэффициент младенческой смертности,0.0,0.0,0.0,0.0,neutral,False,,,False,batch,41
49,life_expectancy,Ожидаемая продолжительность жизни,0.0,0.0,0.0,0.0,neutral,False,,,False,batch,41
49,male_population,Число мужчин,0.0,0.0,0.0,0.0,neutral,False,,,False,batch,41
49,female_population,Число женщин,0.0,0.0,0.0,0.0,neutral,False,,,False,batch,41
49,per_capita_income,Среднедушевые денежные доходы населения,0.0,0.0,0.0,0.0,neutral,False,,,False,batch,41
49,real_income_index,Реальные денежные доходы населения,0.0,0.0,0.0,0.0,neutral,False,,,False,batch,41
49,unemployment_rate,Уровень безработицы,0.0,0.0,0.0,0.0,neutral,False,,,False,batch,41
49,living_wage,Величина прожиточного минимума на душу населения,0.0,0.0,0.0,0.0,neutral,False,,,False,batch,41
49,child_living_wage,Величина прожиточного минимума на ребенка,0.0,0.0,0.0,0.0,neutral,False,,,False,batch,41
49,hospitals,Число больничных организаций,0.0,0.0,0.0,0.0,neutral,False,,,False,batch,41
49,outpatient_clinics,Число амбулаторно-поликлинических организаций,0.0,0.0,0.0,0.0,neutral,False,,,False,batch,41
49,abortions,Число абортов,0.0,0.0,0.0,0.0,neutral,False,,,False,batch,41
49,qualified_doctors,Численность врачей высшей и первой квалификационных категорий,0.0,0.0,0.0,0.0,neutral,False,,,False,batch,41
49,preschool_coverage,Охват детей до 6 лет дошкольным образованием,0.0,0.0,0.0,0.0,neutral,False,,,False,batch,41
49,children_benefits,"Численность детей до 18 лет, на которых назначено пособие",0.0,0.0,0.0,0.0,neutral,False,,,False,batch,41
49,maternity_capital,"Численность лиц, получивших сертификат на материнский капитал",0.0,0.0,0.0,0.0,neutral,False,,,False,batch,41
49,childcare_allowance,Ежемесячное пособие по уходу за первым ребенком,0.0,0.0,0.0,0.0,neutral,False,,,False,batch,41
49,large_families_housing,"Многодетные семьи, улучшившие жилищные условия",0.0,0.0,0.0,0.0,neutral,False,,,False,batch,41
49,housing_area_per_capita,Общая площадь жилья на одного жителя,0.0,0.0,0.0,0.0,neutral,False,,,False,batch,41
49,consumer_price_index,Индексы потребительских цен,0.0,0.0,0.0,0.0,neutral,False,,,False,batch,41
49,primary_housing_price_index,Индексы цен на первичном рынке жилья,0.0,0.0,0.0,0.0,neutral,False,,,False,batch,41
49,secondary_housing_price_index,Индексы цен на вторичном рынке жилья,0.0,0.0,0.0,0.0,neutral,False,,,False,batch,41
49,industrial_production_index,Индексы промышленного производства,0.0,0.0,0.0,0.0,neutral,False,,,False,batch,41
49,enterprises_count,Число предприятий и организаций,0.0,0.0,0.0,0.0,neutral,False,,,False,batch,41
49,crime_count,Количество преступлений,0.0,0.0,0.0,0.0,neutral,False,,,False,batch,41
49,air_pollution,Выбросы загрязняющих веществ в атмосферный воздух,0.0,0.0,0.0,0.0,neutral,False,,,False,batch,41
49,wastewater_discharge,Сброс загрязненных сточных вод,0.0,0.0,0.0,0.0,neutral,False,,,False,batch,41
49,mortality_rate,Коэффициент смертности на 1000 человек,0.0,0.0,0.0,0.0,neutral,False,,,False,batch,41
49,birth_rate_per_1000,Коэффициент рождаемости на 1000 человек,0.0,0.0,0.0,0.0,neutral,False,,,False,batch,41
54,population_size,Численность населения,0.0,0.0,0.0,0.0,neutral,False,,,False,batch,447
54,divorce_rate,Число зарегистрированных разводов на 1000 населения,0.0,0.0,0.0,0.0,neutral,False,,,False,batch,447
54,marriage_rate,Число зарегистрированных браков на 1000 населения,0.0,0.0,0.0,0.0,neutral,False,,,False,batch,447
54,international_inflow,Число прибывших в страну,0.0,0.0,0.0,0.0,neutral,False,,,False,batch,447
54,international_outflow,Число выбывших из страны,0.0,0.0,0.0,0.0,neutral,False,,,False,batch,447
54,internal_arrivals,Число прибытий внутри региона,0.0,0.0,0.0,0.0,neutral,False,,,False,batch,447
54,internal_departures,Число выбытий из региона,0.0,0.0,0.0,0.0,neutral,False,,,False,batch,447
54,infant_mortality,Коэффициент младенческой смертности,0.0,0.0,0.0,0.0,neutral,False,,,False,batch,447
54,life_expectancy,Ожидаемая продолжительность жизни,0.0,0.0,0.0,0.0,neutral,False,,,False,batch,447
54,male_population,Число мужчин,0.0,0.0,0.0,0.0,neutral,False,,,False,batch,447
54,female_population,Число женщин,0.0,0.0,0.0,0.0,neutral,False,,,False,batch,447
54,per_capita_income,Среднедушевые денежные доходы населения,0.0,0.0,0.0,0.0,neutral,False,,,False,batch,447
54,real_income_index,Реальные денежные доходы населения,0.0,0.0,0.0,0.0,neutral,False,,,False,batch,447
54,unemployment_rate,Уровень безработицы,0.0,0.0,0.0,0.0,neutral,False,,,False,batch,447
54,living_wage,Величина прожиточного минимума на душу населения,0.0,0.0,0.0,0.0,neutral,False,,,False,batch,447
54,child_living_wage,Величина прожиточного минимума на ребенка,0.0,0.0,0.0,0.0,neutral,False,,,False,batch,447
54,hospitals,Число больничных организаций,0.0,0.0,0.0,0.0,neutral,False,,,False,batch,447
54,outpatient_clinics,Число амбулаторно-поликлинических организаций,0.0,0.0,0.0,0.0,neutral,False,,,False,batch,447
54,abortions,Число абортов,0.0,0.0,0.0,0.0,neutral,False,,,False,batch,447
54,qualified_doctors,Численность врачей высшей и первой квалификационных категорий,0.0,0.0,0.0,0.0,neutral,False,,,False,batch,447
54,preschool_coverage,Охват детей до 6 лет дошкольным образованием,0.0,0.0,0.0,0.0,neutral,False,,,False,batch,447
54,children_benefits,"Численность детей до 18 лет, на которых назначено пособие",0.0,0.0,0.0,0.0,neutral,False,,,False,batch,447
54,maternity_capital,"Численность лиц, получивших сертификат на материнский капитал",0.0,0.0,0.0,0.0,neutral,False,,,False,batch,447
54,childcare_allowance,Ежемесячное пособие по уходу за первым ребенком,0.0,0.0,0.0,0.0,neutral,False,,,False,batch,447
54,large_families_housing,"Многодетные семьи, улучшившие жилищные условия",0.0,0.0,0.0,0.0,neutral,False,,,False,batch,447
54,housing_area_per_capita,Общая площадь жилья на одного жителя,0.0,0.0,0.0,0.0,neutral,False,,,False,batch,447
54,consumer_price_index,Индексы потребительских цен,0.0,0.0,0.0,0.0,neutral,False,,,False,batch,447
54,primary_housing_price_index,Индексы цен на первичном рынке жилья,0.0,0.0,0.0,0.0,neutral,False,,,False,batch,447
54,secondary_housing_price_index,Индексы цен на вторичном рынке жилья,0.0,0.0,0.0,0.0,neutral,False,,,False,batch,447
54,industrial_production_index,Индексы промышленного производства,0.6,0.5,0.3,0.7,positive,True,продление инвестквот,стимулирование производства рыболовства,True,batch,447
54,enterprises_count,Число предприятий и организаций,0.6,0.5,0.3,0.7,positive,True,поддержка инвесторов,поддержка бизнеса рыбной отрасли,True,batch,447
54,crime_count,Количество преступлений,0.0,0.0,0.0,0.0,neutral,False,,,False,batch,447
54,air_pollution,Выбросы загрязняющих веществ в атмосферный воздух,0.0,0.0,0.0,0.0,neutral,False,,,False,batch,447
54,wastewater_discharge,Сброс загрязненных сточных вод,0.0,0.0,0.0,0.0,neutral,False,,,False,batch,447
54,mortality_rate,Коэффициент смертности на 1000 человек,0.0,0.0,0.0,0.0,neutral,False,,,False,batch,447
54,birth_rate_per_1000,Коэффициент рождаемости на 1000 человек,0.0,0.0,0.0,0.0,neutral,False,,,False,batch,447
56,population_size,Численность населения,0.0,0.0,0.0,0.0,neutral,False,,,False,batch,623
56,divorce_rate,Число зарегистрированных разводов на 1000 населения,0.0,0.0,0.0,0.0,neutral,False,,,False,batch,623
56,marriage_rate,Число зарегистрированных браков на 1000 населения,0.0,0.0,0.0,0.0,neutral,False,,,False,batch,623
56,international_inflow,Число прибывших в страну,0.3,0.5,0.3,0.7,positive,True,помощь финским судам,сотрудничество с иностранцами,True,batch,623
56,international_outflow,Число выбывших из страны,0.3,0.5,0.3,0.7,positive,True,российские ледоколы,взаимодействие с заграницей,True,batch,623
56,internal_arrivals,Число прибытий внутри региона,0.0,0.0,0.0,0.0,neutral,False,,,False,batch,623
56,internal_departures,Число выбытий из региона,0.0,0.0,0.0,0.0,neutral,False,,,False,batch,623
56,infant_mortality,Коэффициент младенческой смертности,0.0,0.0,0.0,0.0,neutral,False,,,False,batch,623
56,life_expectancy,Ожидаемая продолжительность жизни,0.0,0.0,0.0,0.0,neutral,False,,,False,batch,623
56,male_population,Число мужчин,0.0,0.0,0.0,0.0,neutral,False,,,False,batch,623
56,female_population,Число женщин,0.0,0.0,0.0,0.0,neutral,False,,,False,batch,623
56,per_capita_income,Среднедушевые денежные доходы населения,0.0,0.0,0.0,0.0,neutral,False,,,False,batch,623
56,real_income_index,Реальные денежные доходы населения,0.0,0.0,0.0,0.0,neutral,False,,,False,batch,623
56,unemployment_rate,Уровень безработицы,0.0,0.0,0.0,0.0,neutral,False,,,False,batch,623
56,living_wage,Величина прожиточного минимума на душу населения,0.0,0.0,0.0,0.0,neutral,False,,,False,batch,623
56,child_living_wage,Величина прожиточного минимума на ребенка,0.0,0.0,0.0,0.0,neutral,False,,,False,batch,623
56,hospitals,Число больничных организаций,0.0,0.0,0.0,0.0,neutral,False,,,False,batch,623
56,outpatient_clinics,Число амбулаторно-поликлинических организаций,0.0,0.0,0.0,0.0,neutral,False,,,False,batch,623
56,abortions,Число абортов,0.0,0.0,0.0,0.0,neutral,False,,,False,batch,623
56,qualified_doctors,Численность врачей высшей и первой квалификационных категорий,0.0,0.0,0.0,0.0,neutral,False,,,False,batch,623
56,preschool_coverage,Охват детей до 6 лет дошкольным образованием,0.0,0.0,0.0,0.0,neutral,False,,,False,batch,623
56,children_benefits,"Численность детей до 18 лет, на которых назначено пособие",0.0,0.0,0.0,0.0,neutral,False,,,False,batch,623
56,maternity_capital,"Численность лиц, получивших сертификат на материнский капитал",0.0,0.0,0.0,0.0,neutral,False,,,False,batch,623
56,childcare_allowance,Ежемесячное пособие по уходу за первым ребенком,0.0,0.0,0.0,0.0,neutral,False,,,False,batch,623
56,large_families_housing,"Многодетные семьи, улучшившие жилищные условия",0.0,0.0,0.0,0.0,neutral,False,,,False,batch,623
56,housing_area_per_capita,Общая площадь жилья на одного жителя,0.0,0.0,0.0,0.0,neutral,False,,,False,batch,623
56,consumer_price_index,Индексы потребительских цен,0.0,0.0,0.0,0.0,neutral,False,,,False,batch,623
56,primary_housing_price_index,Индексы цен на первичном рынке жилья,0.0,0.0,0.0,0.0,neutral,False,,,False,batch,623
56,secondary_housing_price_index,Индексы цен на вторичном рынке жилья,0.0,0.0,0.0,0.0,neutral,False,,,False,batch,623
56,industrial_production_index,Индексы промышленного производства,0.3,0.5,0.3,0.7,positive,True,ледоколы помогают судам,логистика/транспорт,True,batch,623
56,enterprises_count,Число предприятий и организаций,0.0,0.0,0.0,0.0,neutral,False,,,False,batch,623
56,crime_count,Количество преступлений,0.0,0.0,0.0,0.0,neutral,False,,,False,batch,623
56,air_pollution,Выбросы загрязняющих веществ в атмосферный воздух,0.0,0.0,0.0,0.0,neutral,False,,,False,batch,623
56,wastewater_discharge,Сброс загрязненных сточных вод,0.0,0.0,0.0,0.0,neutral,False,,,False,batch,623
56,mortality_rate,Коэффициент смертности на 1000 человек,0.0,0.0,0.0,0.0,neutral,False,,,False,batch,623
56,birth_rate_per_1000,Коэффициент рождаемости на 1000 человек,0.0,0.0,0.0,0.0,neutral,False,,,False,batch,623
57,population_size,Численность населения,0.0,0.0,0.0,0.0,neutral,False,,,False,batch,1007
57,divorce_rate,Число зарегистрированных разводов на 1000 населения,0.0,0.0,0.0,0.0,neutral,False,,,False,batch,1007
57,marriage_rate,Число зарегистрированных браков на 1000 населения,0.0,0.0,0.0,0.0,neutral,False,,,False,batch,1007
57,international_inflow,Число прибывших в страну,0.0,0.0,0.0,0.0,neutral,False,,,False,batch,1007
57,international_outflow,Число выбывших из страны,0.0,0.0,0.0,0.0,neutral,False,,,False,batch,1007
57,internal_arrivals,Число прибытий внутри региона,0.0,0.0,0.0,0.0,neutral,False,,,False,batch,1007
57,internal_departures,Число выбытий из региона,0.0,0.0,0.0,0.0,neutral,False,,,False,batch,1007
57,infant_mortality,Коэффициент младенческой смертности,0.0,0.0,0.0,0.0,neutral,False,,,False,batch,1007
57,life_expectancy,Ожидаемая продолжительность жизни,0.0,0.0,0.0,0.0,neutral,False,,,False,batch,1007
57,male_population,Число мужчин,0.0,0.0,0.0,0.0,neutral,False,,,False,batch,1007
57,female_population,Число женщин,0.0,0.0,0.0,0.0,neutral,False,,,False,batch,1007
57,per_capita_income,Среднедушевые денежные доходы населения,0.0,0.0,0.0,0.0,neutral,False,,,False,batch,1007
57,real_income_index,Реальные денежные доходы населения,0.0,0.0,0.0,0.0,neutral,False,,,False,batch,1007
57,unemployment_rate,Уровень безработицы,0.0,0.0,0.0,0.0,neutral,False,,,False,batch,1007
57,living_wage,Величина прожиточного минимума на душу населения,0.0,0.0,0.0,0.0,neutral,False,,,False,batch,1007
57,child_living_wage,Величина прожиточного минимума на ребенка,0.0,0.0,0.0,0.0,neutral,False,,,False,batch,1007
57,hospitals,Число больничных организаций,0.0,0.0,0.0,0.0,neutral,False,,,False,batch,1007
57,outpatient_clinics,Число амбулаторно-поликлинических организаций,0.0,0.0,0.0,0.0,neutral,False,,,False,batch,1007
57,abortions,Число абортов,0.0,0.0,0.0,0.0,neutral,False,,,False,batch,1007
57,qualified_doctors,Численность врачей высшей и первой квалификационных категорий,0.0,0.0,0.0,0.0,neutral,False,,,False,batch,1007
57,preschool_coverage,Охват детей до 6 лет дошкольным образованием,0.0,0.0,0.0,0.0,neutral,False,,,False,batch,1007
57,children_benefits,"Численность детей до 18 лет, на которых назначено пособие",0.0,0.0,0.0,0.0,neutral,False,,,False,batch,1007
57,maternity_capital,"Численность лиц, получивших сертификат на материнский капитал",0.0,0.0,0.0,0.0,neutral,False,,,False,batch,1007
57,childcare_allowance,Ежемесячное пособие по уходу за первым ребенком,0.0,0.0,0.0,0.0,neutral,False,,,False,batch,1007
57,large_families_housing,"Многодетные семьи, улучшившие жилищные условия",0.0,0.0,0.0,0.0,neutral,False,,,False,batch,1007
57,housing_area_per_capita,Общая площадь жилья на одного жителя,0.3,-0.5,0.3,0.7,negative,True,температура минус 27,холод -> нагрузка на жилье,True,batch,1007
57,consumer_price_index,Индексы потребительских цен,0.3,-0.5,0.3,0.7,negative,True,похолодание в регионах,холод -> рост цен на тепло,True,batch,1007
57,primary_housing_price_index,Индексы цен на первичном рынке жилья,0.0,0.0,0.0,0.0,neutral,False,,,False,batch,1007
57,secondary_housing_price_index,Индексы цен на вторичном рынке жилья,0.0,0.0,0.0,0.0,neutral,False,,,False,batch,1007
57,industrial_production_index,Индексы промышленного производства,0.0,0.0,0.0,0.0,neutral,False,,,False,batch,1007
57,enterprises_count,Число предприятий и организаций,0.0,0.0,0.0,0.0,neutral,False,,,False,batch,1007
57,crime_count,Количество преступлений,0.0,0.0,0.0,0.0,neutral,False,,,False,batch,1007
57,air_pollution,Выбросы загрязняющих веществ в атмосферный воздух,0.0,0.0,0.0,0.0,neutral,False,,,False,batch,1007
57,wastewater_discharge,Сброс загрязненных сточных вод,0.0,0.0,0.0,0.0,neutral,False,,,False,batch,1007
57,mortality_rate,Коэффициент смертности на 1000 человек,0.3,-0.5,0.3,0.7,negative,True,резкое понижение температуры,холод -> риск смертности,True,batch,1007
57,birth_rate_per_1000,Коэффициент рождаемости на 1000 человек,0.0,0.0,0.0,0.0,neutral,False,,,False,batch,1007
61,population_size,Численность населения,0.0,0.0,0.0,0.0,neutral,False,,,False,batch,720
61,divorce_rate,Число зарегистрированных разводов на 1000 населения,0.0,0.0,0.0,0.0,neutral,False,,,False,batch,720
61,marriage_rate,Число зарегистрированных браков на 1000 населения,0.0,0.0,0.0,0.0,neutral,False,,,False,batch,720
61,international_inflow,Число прибывших в страну,0.0,0.0,0.0,0.0,neutral,False,,,False,batch,720
61,international_outflow,Число выбывших из страны,0.0,0.0,0.0,0.0,neutral,False,,,False,batch,720
61,internal_arrivals,Число прибытий внутри региона,0.0,0.0,0.0,0.0,neutral,False,,,False,batch,720
61,internal_departures,Число выбытий из региона,0.0,0.0,0.0,0.0,neutral,False,,,False,batch,720
61,infant_mortality,Коэффициент младенческой смертности,0.0,0.0,0.0,0.0,neutral,False,,,False,batch,720
61,life_expectancy,Ожидаемая продолжительность жизни,0.0,0.0,0.0,0.0,neutral,False,,,False,batch,720
61,male_population,Число мужчин,0.0,0.0,0.0,0.0,neutral,False,,,False,batch,720
61,female_population,Число женщин,0.0,0.0,0.0,0.0,neutral,False,,,False,batch,720
61,per_capita_income,Среднедушевые денежные доходы населения,0.0,0.0,0.0,0.0,neutral,False,,,False,batch,720
61,real_income_index,Реальные денежные доходы населения,0.0,0.0,0.0,0.0,neutral,False,,,False,batch,720
61,unemployment_rate,Уровень безработицы,0.0,0.0,0.0,0.0,neutral,False,,,False,batch,720
61,living_wage,Величина прожиточного минимума на душу населения,0.0,0.0,0.0,0.0,neutral,False,,,False,batch,720
61,child_living_wage,Величина прожиточного минимума на ребенка,0.0,0.0,0.0,0.0,neutral,False,,,False,batch,720
61,hospitals,Число больничных организаций,0.0,0.0,0.0,0.0,neutral,False,,,False,batch,720
61,outpatient_clinics,Число амбулаторно-поликлинических организаций,0.0,0.0,0.0,0.0,neutral,False,,,False,batch,720
61,abortions,Число абортов,0.0,0.0,0.0,0.0,neutral,False,,,False,batch,720
61,qualified_doctors,Численность врачей высшей и первой квалификационных категорий,0.0,0.0,0.0,0.0,neutral,False,,,False,batch,720
61,preschool_coverage,Охват детей до 6 лет дошкольным образованием,0.0,0.0,0.0,0.0,neutral,False,,,False,batch,720
61,children_benefits,"Численность детей до 18 лет, на которых назначено пособие",0.0,0.0,0.0,0.0,neutral,False,,,False,batch,720
61,maternity_capital,"Численность лиц, получивших сертификат на материнский капитал",0.0,0.0,0.0,0.0,neutral,False,,,False,batch,720
61,childcare_allowance,Ежемесячное пособие по уходу за первым ребенком,0.0,0.0,0.0,0.0,neutral,False,,,False,batch,720
61,large_families_housing,"Многодетные семьи, улучшившие жилищные условия",0.0,0.0,0.0,0.0,neutral,False,,,False,batch,720
61,housing_area_per_capita,Общая площадь жилья на одного жителя,0.0,0.0,0.0,0.0,neutral,False,,,False,batch,720
61,consumer_price_index,Индексы потребительских цен,0.0,0.0,0.0,0.0,neutral,False,,,False,batch,720
61,primary_housing_price_index,Индексы цен на первичном рынке жилья,0.0,0.0,0.0,0.0,neutral,False,,,False,batch,720
61,secondary_housing_price_index,Индексы цен на вторичном рынке жилья,0.0,0.0,0.0,0.0,neutral,False,,,False,batch,720
61,industrial_production_index,Индексы промышленного производства,0.0,0.0,0.0,0.0,neutral,False,,,False,batch,720
61,enterprises_count,Число предприятий и организаций,0.0,0.0,0.0,0.0,neutral,False,,,False,batch,720
61,crime_count,Количество преступлений,0.6,-0.5,0.5,0.8,negative,True,трагедия в Одинцове,упоминание трагедии указывает на преступление или ЧП,True,batch,720
61,air_pollution,Выбросы загрязняющих веществ в атмосферный воздух,0.0,0.0,0.0,0.0,neutral,False,,,False,batch,720
61,wastewater_discharge,Сброс загрязненных сточных вод,0.0,0.0,0.0,0.0,neutral,False,,,False,batch,720
61,mortality_rate,Коэффициент смертности на 1000 человек,0.3,-0.5,0.3,0.7,negative,True,трагедия в Одинцове,трагедия обычно подразумевает гибель людей,True,batch,720
61,birth_rate_per_1000,Коэффициент рождаемости на 1000 человек,0.0,0.0,0.0,0.0,neutral,False,,,False,batch,720
65,population_size,Численность населения,0.0,0.0,0.0,0.0,neutral,False,,,False,batch,804
65,divorce_rate,Число зарегистрированных разводов на 1000 населения,0.0,0.0,0.0,0.0,neutral,False,,,False,batch,804
65,marriage_rate,Число зарегистрированных браков на 1000 населения,0.0,0.0,0.0,0.0,neutral,False,,,False,batch,804
65,international_inflow,Число прибывших в страну,0.0,0.0,0.0,0.0,neutral,False,,,False,batch,804
65,international_outflow,Число выбывших из страны,0.0,0.0,0.0,0.0,neutral,False,,,False,batch,804
65,internal_arrivals,Число прибытий внутри региона,0.0,0.0,0.0,0.0,neutral,False,,,False,batch,804
65,internal_departures,Число выбытий из региона,0.0,0.0,0.0,0.0,neutral,False,,,False,batch,804
65,infant_mortality,Коэффициент младенческой смертности,0.0,0.0,0.0,0.0,neutral,False,,,False,batch,804
65,life_expectancy,Ожидаемая продолжительность жизни,0.3,-0.2,0.2,0.6,negative,True,атака на населенные пункты,атака -> угроза жизни,True,batch,804
65,male_population,Число мужчин,0.0,0.0,0.0,0.0,neutral,False,,,False,batch,804
65,female_population,Число женщин,0.0,0.0,0.0,0.0,neutral,False,,,False,batch,804
65,per_capita_income,Среднедушевые денежные доходы населения,0.0,0.0,0.0,0.0,neutral,False,,,False,batch,804
65,real_income_index,Реальные денежные доходы населения,0.0,0.0,0.0,0.0,neutral,False,,,False,batch,804
65,unemployment_rate,Уровень безработицы,0.0,0.0,0.0,0.0,neutral,False,,,False,batch,804
65,living_wage,Величина прожиточного минимума на душу населения,0.0,0.0,0.0,0.0,neutral,False,,,False,batch,804
65,child_living_wage,Величина прожиточного минимума на ребенка,0.0,0.0,0.0,0.0,neutral,False,,,False,batch,804
65,hospitals,Число больничных организаций,0.0,0.0,0.0,0.0,neutral,False,,,False,batch,804
65,outpatient_clinics,Число амбулаторно-поликлинических организаций,0.0,0.0,0.0,0.0,neutral,False,,,False,batch,804
65,abortions,Число абортов,0.0,0.0,0.0,0.0,neutral,False,,,False,batch,804
65,qualified_doctors,Численность врачей высшей и первой квалификационных категорий,0.0,0.0,0.0,0.0,neutral,False,,,False,batch,804
65,preschool_coverage,Охват детей до 6 лет дошкольным образованием,0.0,0.0,0.0,0.0,neutral,False,,,False,batch,804
65,children_benefits,"Численность детей до 18 лет, на которых назначено пособие",0.0,0.0,0.0,0.0,neutral,False,,,False,batch,804
65,maternity_capital,"Численность лиц, получивших сертификат на материнский капитал",0.0,0.0,0.0,0.0,neutral,False,,,False,batch,804
65,childcare_allowance,Ежемесячное пособие по уходу за первым ребенком,0.0,0.0,0.0,0.0,neutral,False,,,False,batch,804
65,large_families_housing,"Многодетные семьи, улучшившие жилищные условия",0.0,0.0,0.0,0.0,neutral,False,,,False,batch,804
65,housing_area_per_capita,Общая площадь жилья на одного жителя,0.3,-0.3,0.3,0.7,negative,True,отсутствие света,отключение света -> ухудшение условий,True,batch,804
65,consumer_price_index,Индексы потребительских цен,0.0,0.0,0.0,0.0,neutral,False,,,False,batch,804
65,primary_housing_price_index,Индексы цен на первичном рынке жилья,0.0,0.0,0.0,0.0,neutral,False,,,False,batch,804
65,secondary_housing_price_index,Индексы цен на вторичном рынке жилья,0.0,0.0,0.0,0.0,neutral,False,,,False,batch,804
65,industrial_production_index,Индексы промышленного производства,0.0,0.0,0.0,0.0,neutral,False,,,False,batch,804
65,enterprises_count,Число предприятий и организаций,0.0,0.0,0.0,0.0,neutral,False,,,False,batch,804
65,crime_count,Количество преступлений,0.6,-0.5,0.5,0.8,negative,True,атака дронов,атака беспилотников -> преступление,True,batch,804
65,air_pollution,Выбросы загрязняющих веществ в атмосферный воздух,0.0,0.0,0.0,0.0,neutral,False,,,False,batch,804
65,wastewater_discharge,Сброс загрязненных сточных вод,0.0,0.0,0.0,0.0,neutral,False,,,False,batch,804
65,mortality_rate,Коэффициент смертности на 1000 человек,0.3,-0.2,0.2,0.6,negative,True,атака на населенные пункты,атака -> риск гибели,True,batch,804
65,birth_rate_per_1000,Коэффициент рождаемости на 1000 человек,0.0,0.0,0.0,0.0,neutral,False,,,False,batch,804
67,population_size,Численность населения,0.0,0.0,0.0,0.0,neutral,False,,,False,batch,642
67,divorce_rate,Число зарегистрированных разводов на 1000 населения,0.0,0.0,0.0,0.0,neutral,False,,,False,batch,642
67,marriage_rate,Число зарегистрированных браков на 1000 населения,0.0,0.0,0.0,0.0,neutral,False,,,False,batch,642
67,international_inflow,Число прибывших в страну,0.0,0.0,0.0,0.0,neutral,False,,,False,batch,642
67,international_outflow,Число выбывших из страны,0.0,0.0,0.0,0.0,neutral,False,,,False,batch,642
67,internal_arrivals,Число прибытий внутри региона,0.0,0.0,0.0,0.0,neutral,False,,,False,batch,642
67,internal_departures,Число выбытий из региона,0.0,0.0,0.0,0.0,neutral,False,,,False,batch,642
67,infant_mortality,Коэффициент младенческой смертности,0.0,0.0,0.0,0.0,neutral,False,,,False,batch,642
67,life_expectancy,Ожидаемая продолжительность жизни,0.0,0.0,0.0,0.0,neutral,False,,,False,batch,642
67,male_population,Число мужчин,0.0,0.0,0.0,0.0,neutral,False,,,False,batch,642
67,female_population,Число женщин,0.0,0.0,0.0,0.0,neutral,False,,,False,batch,642
67,per_capita_income,Среднедушевые денежные доходы населения,0.3,-0.5,0.3,0.6,negative,True,снижение цен на нефть,снижение цен -> доходы населения,True,batch,642
67,real_income_index,Реальные денежные доходы населения,0.0,0.0,0.0,0.0,neutral,False,,,False,batch,642
67,unemployment_rate,Уровень безработицы,0.0,0.0,0.0,0.0,neutral,False,,,False,batch,642
67,living_wage,Величина прожиточного минимума на душу населения,0.0,0.0,0.0,0.0,neutral,False,,,False,batch,642
67,child_living_wage,Величина прожиточного минимума на ребенка,0.0,0.0,0.0,0.0,neutral,False,,,False,batch,642
67,hospitals,Число больничных организаций,0.0,0.0,0.0,0.0,neutral,False,,,False,batch,642
67,outpatient_clinics,Число амбулаторно-поликлинических организаций,0.0,0.0,0.0,0.0,neutral,False,,,False,batch,642
67,abortions,Число абортов,0.0,0.0,0.0,0.0,neutral,False,,,False,batch,642
67,qualified_doctors,Численность врачей высшей и первой квалификационных категорий,0.0,0.0,0.0,0.0,neutral,False,,,False,batch,642
67,preschool_coverage,Охват детей до 6 лет дошкольным образованием,0.0,0.0,0.0,0.0,neutral,False,,,False,batch,642
67,children_benefits,"Численность детей до 18 лет, на которых назначено пособие",0.0,0.0,0.0,0.0,neutral,False,,,False,batch,642
67,maternity_capital,"Численность лиц, получивших сертификат на материнский капитал",0.0,0.0,0.0,0.0,neutral,False,,,False,batch,642
67,childcare_allowance,Ежемесячное пособие по уходу за первым ребенком,0.0,0.0,0.0,0.0,neutral,False,,,False,batch,642
67,large_families_housing,"Многодетные семьи, улучшившие жилищные условия",0.0,0.0,0.0,0.0,neutral,False,,,False,batch,642
67,housing_area_per_capita,Общая площадь жилья на одного жителя,0.0,0.0,0.0,0.0,neutral,False,,,False,batch,642
67,consumer_price_index,Индексы потребительских цен,0.6,-0.5,0.5,0.7,negative,True,снижение цен на нефть,снижение цен -> индекс цен,True,batch,642
67,primary_housing_price_index,Индексы цен на первичном рынке жилья,0.0,0.0,0.0,0.0,neutral,False,,,False,batch,642
67,secondary_housing_price_index,Индексы цен на вторичном рынке жилья,0.0,0.0,0.0,0.0,neutral,False,,,False,batch,642
67,industrial_production_index,Индексы промышленного производства,0.9,-0.5,0.5,0.8,negative,True,увеличение добычи нефти,рост добычи -> индекс производства,True,batch,642
67,enterprises_count,Число предприятий и организаций,0.0,0.0,0.0,0.0,neutral,False,,,False,batch,642
67,crime_count,Количество преступлений,0.0,0.0,0.0,0.0,neutral,False,,,False,batch,642
67,air_pollution,Выбросы загрязняющих веществ в атмосферный воздух,0.0,0.0,0.0,0.0,neutral,False,,,False,batch,642
67,wastewater_discharge,Сброс загрязненных сточных вод,0.0,0.0,0.0,0.0,neutral,False,,,False,batch,642
67,mortality_rate,Коэффициент смертности на 1000 человек,0.0,0.0,0.0,0.0,neutral,False,,,False,batch,642
67,birth_rate_per_1000,Коэффициент рождаемости на 1000 человек,0.0,0.0,0.0,0.0,neutral,False,,,False,batch,642
70,population_size,Численность населения,0.0,0.0,0.0,0.0,neutral,False,,,False,batch,963
70,divorce_rate,Число зарегистрированных разводов на 1000 населения,0.9,0.5,0.5,0.8,positive,True,алиментные соглашения,рост соглашений о разводе,True,batch,963
70,marriage_rate,Число зарегистрированных браков на 1000 населения,0.3,0.5,0.3,0.6,positive,True,раздел имущества,мирное решение споров,True,batch,963
70,international_inflow,Число прибывших в страну,0.0,0.0,0.0,0.0,neutral,False,,,False,batch,963
70,international_outflow,Число выбывших из страны,0.0,0.0,0.0,0.0,neutral,False,,,False,batch,963
70,internal_arrivals,Число прибытий внутри региона,0.0,0.0,0.0,0.0,neutral,False,,,False,batch,963
70,internal_departures,Число выбытий из региона,0.0,0.0,0.0,0.0,neutral,False,,,False,batch,963
70,infant_mortality,Коэффициент младенческой смертности,0.0,0.0,0.0,0.0,neutral,False,,,False,batch,963
70,life_expectancy,Ожидаемая продолжительность жизни,0.0,0.0,0.0,0.0,neutral,False,,,False,batch,963
70,male_population,Число мужчин,0.0,0.0,0.0,0.0,neutral,False,,,False,batch,963
70,female_population,Число женщин,0.0,0.0,0.0,0.0,neutral,False,,,False,batch,963
70,per_capita_income,Среднедушевые денежные доходы населения,0.0,0.0,0.0,0.0,neutral,False,,,False,batch,963
70,real_income_index,Реальные денежные доходы населения,0.0,0.0,0.0,0.0,neutral,False,,,False,batch,963
70,unemployment_rate,Уровень безработицы,0.0,0.0,0.0,0.0,neutral,False,,,False,batch,963
70,living_wage,Величина прожиточного минимума на душу населения,0.0,0.0,0.0,0.0,neutral,False,,,False,batch,963
70,child_living_wage,Величина прожиточного минимума на ребенка,0.0,0.0,0.0,0.0,neutral,False,,,False,batch,963
70,hospitals,Число больничных организаций,0.0,0.0,0.0,0.0,neutral,False,,,False,batch,963
70,outpatient_clinics,Число амбулаторно-поликлинических организаций,0.0,0.0,0.0,0.0,neutral,False,,,False,batch,963
70,abortions,Число абортов,0.0,0.0,0.0,0.0,neutral,False,,,False,batch,963
70,qualified_doctors,Численность врачей высшей и первой квалификационных категорий,0.0,0.0,0.0,0.0,neutral,False,,,False,batch,963
70,preschool_coverage,Охват детей до 6 лет дошкольным образованием,0.0,0.0,0.0,0.0,neutral,False,,,False,batch,963
70,children_benefits,"Численность детей до 18 лет, на которых назначено пособие",0.6,0.5,0.5,0.8,positive,True,алименты на детей,рост выплат на детей,True,batch,963
70,maternity_capital,"Численность лиц, получивших сертификат на материнский капитал",0.0,0.0,0.0,0.0,neutral,False,,,False,batch,963
70,childcare_allowance,Ежемесячное пособие по уходу за первым ребенком,0.0,0.0,0.0,0.0,neutral,False,,,False,batch,963
70,large_families_housing,"Многодетные семьи, улучшившие жилищные условия",0.0,0.0,0.0,0.0,neutral,False,,,False,batch,963
70,housing_area_per_capita,Общая площадь жилья на одного жителя,0.0,0.0,0.0,0.0,neutral,False,,,False,batch,963
70,consumer_price_index,Индексы потребительских цен,0.0,0.0,0.0,0.0,neutral,False,,,False,batch,963
70,primary_housing_price_index,Индексы цен на первичном рынке жилья,0.0,0.0,0.0,0.0,neutral,False,,,False,batch,963
70,secondary_housing_price_index,Индексы цен на вторичном рынке жилья,0.0,0.0,0.0,0.0,neutral,False,,,False,batch,963
70,industrial_production_index,Индексы промышленного производства,0.0,0.0,0.0,0.0,neutral,False,,,False,batch,963
70,enterprises_count,Число предприятий и организаций,0.0,0.0,0.0,0.0,neutral,False,,,False,batch,963
70,crime_count,Количество преступлений,0.0,0.0,0.0,0.0,neutral,False,,,False,batch,963
70,air_pollution,Выбросы загрязняющих веществ в атмосферный воздух,0.0,0.0,0.0,0.0,neutral,False,,,False,batch,963
70,wastewater_discharge,Сброс загрязненных сточных вод,0.0,0.0,0.0,0.0,neutral,False,,,False,batch,963
70,mortality_rate,Коэффициент смертности на 1000 человек,0.0,0.0,0.0,0.0,neutral,False,,,False,batch,963
70,birth_rate_per_1000,Коэффициент рождаемости на 1000 человек,0.0,0.0,0.0,0.0,neutral,False,,,False,batch,963
72,population_size,Численность населения,0.0,0.0,0.0,0.0,neutral,False,,,False,batch,1091
72,divorce_rate,Число зарегистрированных разводов на 1000 населения,0.0,0.0,0.0,0.0,neutral,False,,,False,batch,1091
72,marriage_rate,Число зарегистрированных браков на 1000 населения,0.0,0.0,0.0,0.0,neutral,False,,,False,batch,1091
72,international_inflow,Число прибывших в страну,0.3,0.5,0.2,0.6,positive,True,предложение поставок Китаю,экономическое взаимодействие с иностранным рынком,True,batch,1091
72,international_outflow,Число выбывших из страны,0.0,0.0,0.0,0.0,neutral,False,,,False,batch,1091
72,internal_arrivals,Число прибытий внутри региона,0.0,0.0,0.0,0.0,neutral,False,,,False,batch,1091
72,internal_departures,Число выбытий из региона,0.0,0.0,0.0,0.0,neutral,False,,,False,batch,1091
72,infant_mortality,Коэффициент младенческой смертности,0.0,0.0,0.0,0.0,neutral,False,,,False,batch,1091
72,life_expectancy,Ожидаемая продолжительность жизни,0.0,0.0,0.0,0.0,neutral,False,,,False,batch,1091
72,male_population,Число мужчин,0.0,0.0,0.0,0.0,neutral,False,,,False,batch,1091
72,female_population,Число женщин,0.0,0.0,0.0,0.0,neutral,False,,,False,batch,1091
72,per_capita_income,Среднедушевые денежные доходы населения,0.0,0.0,0.0,0.0,neutral,False,,,False,batch,1091
72,real_income_index,Реальные денежные доходы населения,0.0,0.0,0.0,0.0,neutral,False,,,False,batch,1091
72,unemployment_rate,Уровень безработицы,0.0,0.0,0.0,0.0,neutral,False,,,False,batch,1091
72,living_wage,Величина прожиточного минимума на душу населения,0.0,0.0,0.0,0.0,neutral,False,,,False,batch,1091
72,child_living_wage,Величина прожиточного минимума на ребенка,0.0,0.0,0.0,0.0,neutral,False,,,False,batch,1091
72,hospitals,Число больничных организаций,0.0,0.0,0.0,0.0,neutral,False,,,False,batch,1091
72,outpatient_clinics,Число амбулаторно-поликлинических организаций,0.0,0.0,0.0,0.0,neutral,False,,,False,batch,1091
72,abortions,Число абортов,0.0,0.0,0.0,0.0,neutral,False,,,False,batch,1091
72,qualified_doctors,Численность врачей высшей и первой квалификационных категорий,0.0,0.0,0.0,0.0,neutral,False,,,False,batch,1091
72,preschool_coverage,Охват детей до 6 лет дошкольным образованием,0.0,0.0,0.0,0.0,neutral,False,,,False,batch,1091
72,children_benefits,"Численность детей до 18 лет, на которых назначено пособие",0.0,0.0,0.0,0.0,neutral,False,,,False,batch,1091
72,maternity_capital,"Численность лиц, получивших сертификат на материнский капитал",0.0,0.0,0.0,0.0,neutral,False,,,False,batch,1091
72,childcare_allowance,Ежемесячное пособие по уходу за первым ребенком,0.0,0.0,0.0,0.0,neutral,False,,,False,batch,1091
72,large_families_housing,"Многодетные семьи, улучшившие жилищные условия",0.0,0.0,0.0,0.0,neutral,False,,,False,batch,1091
72,housing_area_per_capita,Общая площадь жилья на одного жителя,0.0,0.0,0.0,0.0,neutral,False,,,False,batch,1091
72,consumer_price_index,Индексы потребительских цен,0.0,0.0,0.0,0.0,neutral,False,,,False,batch,1091
72,primary_housing_price_index,Индексы цен на первичном рынке жилья,0.0,0.0,0.0,0.0,neutral,False,,,False,batch,1091
72,secondary_housing_price_index,Индексы цен на вторичном рынке жилья,0.0,0.0,0.0,0.0,neutral,False,,,False,batch,1091
72,industrial_production_index,Индексы промышленного производства,0.6,0.5,0.3,0.8,positive,True,поставки двигателей ПД-26,развитие авиастроения и экспорта комплектующих,True,batch,1091
72,enterprises_count,Число предприятий и организаций,0.3,0.5,0.2,0.7,positive,True,сотрудничество ОДК и китайских партнеров,рост активности промышленных предприятий,True,batch,1091
72,crime_count,Количество преступлений,0.0,0.0,0.0,0.0,neutral,False,,,False,batch,1091
72,air_pollution,Выбросы загрязняющих веществ в атмосферный воздух,0.0,0.0,0.0,0.0,neutral,False,,,False,batch,1091
72,wastewater_discharge,Сброс загрязненных сточных вод,0.0,0.0,0.0,0.0,neutral,False,,,False,batch,1091
72,mortality_rate,Коэффициент смертности на 1000 человек,0.0,0.0,0.0,0.0,neutral,False,,,False,batch,1091
72,birth_rate_per_1000,Коэффициент рождаемости на 1000 человек,0.0,0.0,0.0,0.0,neutral,False,,,False,batch,1091
76,population_size,Численность населения,0.0,0.0,0.0,0.0,neutral,False,,,False,batch,403
76,divorce_rate,Число зарегистрированных разводов на 1000 населения,0.0,0.0,0.0,0.0,neutral,False,,,False,batch,403
76,marriage_rate,Число зарегистрированных браков на 1000 населения,0.0,0.0,0.0,0.0,neutral,False,,,False,batch,403
76,international_inflow,Число прибывших в страну,0.3,0.0,0.0,0.5,neutral,True,встреча с Нетаньяху,дипломатия не миграция,True,batch,403
76,international_outflow,Число выбывших из страны,0.3,0.0,0.0,0.5,neutral,True,встреча в Израиле,дипломатия не миграция,True,batch,403
76,internal_arrivals,Число прибытий внутри региона,0.0,0.0,0.0,0.0,neutral,False,,,False,batch,403
76,internal_departures,Число выбытий из региона,0.0,0.0,0.0,0.0,neutral,False,,,False,batch,403
76,infant_mortality,Коэффициент младенческой смертности,0.0,0.0,0.0,0.0,neutral,False,,,False,batch,403
76,life_expectancy,Ожидаемая продолжительность жизни,0.0,0.0,0.0,0.0,neutral,False,,,False,batch,403
76,male_population,Число мужчин,0.0,0.0,0.0,0.0,neutral,False,,,False,batch,403
76,female_population,Число женщин,0.0,0.0,0.0,0.0,neutral,False,,,False,batch,403
76,per_capita_income,Среднедушевые денежные доходы населения,0.0,0.0,0.0,0.0,neutral,False,,,False,batch,403
76,real_income_index,Реальные денежные доходы населения,0.0,0.0,0.0,0.0,neutral,False,,,False,batch,403
76,unemployment_rate,Уровень безработицы,0.0,0.0,0.0,0.0,neutral,False,,,False,batch,403
76,living_wage,Величина прожиточного минимума на душу населения,0.0,0.0,0.0,0.0,neutral,False,,,False,batch,403
76,child_living_wage,Величина прожиточного минимума на ребенка,0.0,0.0,0.0,0.0,neutral,False,,,False,batch,403
76,hospitals,Число больничных организаций,0.0,0.0,0.0,0.0,neutral,False,,,False,batch,403
76,outpatient_clinics,Число амбулаторно-поликлинических организаций,0.0,0.0,0.0,0.0,neutral,False,,,False,batch,403
76,abortions,Число абортов,0.0,0.0,0.0,0.0,neutral,False,,,False,batch,403
76,qualified_doctors,Численность врачей высшей и первой квалификационных категорий,0.0,0.0,0.0,0.0,neutral,False,,,False,batch,403
76,preschool_coverage,Охват детей до 6 лет дошкольным образованием,0.0,0.0,0.0,0.0,neutral,False,,,False,batch,403
76,children_benefits,"Численность детей до 18 лет, на которых назначено пособие",0.0,0.0,0.0,0.0,neutral,False,,,False,batch,403
76,maternity_capital,"Численность лиц, получивших сертификат на материнский капитал",0.0,0.0,0.0,0.0,neutral,False,,,False,batch,403
76,childcare_allowance,Ежемесячное пособие по уходу за первым ребенком,0.0,0.0,0.0,0.0,neutral,False,,,False,batch,403
76,large_families_housing,"Многодетные семьи, улучшившие жилищные условия",0.0,0.0,0.0,0.0,neutral,False,,,False,batch,403
76,housing_area_per_capita,Общая площадь жилья на одного жителя,0.0,0.0,0.0,0.0,neutral,False,,,False,batch,403
76,consumer_price_index,Индексы потребительских цен,0.0,0.0,0.0,0.0,neutral,False,,,False,batch,403
76,primary_housing_price_index,Индексы цен на первичном рынке жилья,0.0,0.0,0.0,0.0,neutral,False,,,False,batch,403
76,secondary_housing_price_index,Индексы цен на вторичном рынке жилья,0.0,0.0,0.0,0.0,neutral,False,,,False,batch,403
76,industrial_production_index,Индексы промышленного производства,0.0,0.0,0.0,0.0,neutral,False,,,False,batch,403
76,enterprises_count,Число предприятий и организаций,0.0,0.0,0.0,0.0,neutral,False,,,False,batch,403
76,crime_count,Количество преступлений,0.0,0.0,0.0,0.0,neutral,False,,,False,batch,403
76,air_pollution,Выбросы загрязняющих веществ в атмосферный воздух,0.0,0.0,0.0,0.0,neutral,False,,,False,batch,403
76,wastewater_discharge,Сброс загрязненных сточных вод,0.0,0.0,0.0,0.0,neutral,False,,,False,batch,403
76,mortality_rate,Коэффициент смертности на 1000 человек,0.0,0.0,0.0,0.0,neutral,False,,,False,batch,403
76,birth_rate_per_1000,Коэффициент рождаемости на 1000 человек,0.0,0.0,0.0,0.0,neutral,False,,,False,batch,403
80,population_size,Численность населения,0.0,0.0,0.0,0.0,neutral,False,,,False,batch,646
80,divorce_rate,Число зарегистрированных разводов на 1000 населения,0.0,0.0,0.0,0.0,neutral,False,,,False,batch,646
80,marriage_rate,Число зарегистрированных браков на 1000 населения,0.0,0.0,0.0,0.0,neutral,False,,,False,batch,646
80,international_inflow,Число прибывших в страну,0.6,0.0,0.3,0.7,neutral,True,прибытие президента,визит главы государства -> международный приток,True,batch,646
80,international_outflow,Число выбывших из страны,0.0,0.0,0.0,0.0,neutral,False,,,False,batch,646
80,internal_arrivals,Число прибытий внутри региона,0.0,0.0,0.0,0.0,neutral,False,,,False,batch,646
80,internal_departures,Число выбытий из региона,0.0,0.0,0.0,0.0,neutral,False,,,False,batch,646
80,infant_mortality,Коэффициент младенческой смертности,0.0,0.0,0.0,0.0,neutral,False,,,False,batch,646
80,life_expectancy,Ожидаемая продолжительность жизни,0.0,0.0,0.0,0.0,neutral,False,,,False,batch,646
80,male_population,Число мужчин,0.0,0.0,0.0,0.0,neutral,False,,,False,batch,646
80,female_population,Число женщин,0.0,0.0,0.0,0.0,neutral,False,,,False,batch,646
80,per_capita_income,Среднедушевые денежные доходы населения,0.3,0.0,0.2,0.6,neutral,True,экономическое взаимодействие,экономические переговоры -> доходы,True,batch,646
80,real_income_index,Реальные денежные доходы населения,0.0,0.0,0.0,0.0,neutral,False,,,False,batch,646
80,unemployment_rate,Уровень безработицы,0.0,0.0,0.0,0.0,neutral,False,,,False,batch,646
80,living_wage,Величина прожиточного минимума на душу населения,0.0,0.0,0.0,0.0,neutral,False,,,False,batch,646
80,child_living_wage,Величина прожиточного минимума на ребенка,0.0,0.0,0.0,0.0,neutral,False,,,False,batch,646
80,hospitals,Число больничных организаций,0.0,0.0,0.0,0.0,neutral,False,,,False,batch,646
80,outpatient_clinics,Число амбулаторно-поликлинических организаций,0.0,0.0,0.0,0.0,neutral,False,,,False,batch,646
80,abortions,Число абортов,0.0,0.0,0.0,0.0,neutral,False,,,False,batch,646
80,qualified_doctors,Численность врачей высшей и первой квалификационных категорий,0.0,0.0,0.0,0.0,neutral,False,,,False,batch,646
80,preschool_coverage,Охват детей до 6 лет дошкольным образованием,0.0,0.0,0.0,0.0,neutral,False,,,False,batch,646
80,children_benefits,"Численность детей до 18 лет, на которых назначено пособие",0.0,0.0,0.0,0.0,neutral,False,,,False,batch,646
80,maternity_capital,"Численность лиц, получивших сертификат на материнский капитал",0.0,0.0,0.0,0.0,neutral,False,,,False,batch,646
80,childcare_allowance,Ежемесячное пособие по уходу за первым ребенком,0.0,0.0,0.0,0.0,neutral,False,,,False,batch,646
80,large_families_housing,"Многодетные семьи, улучшившие жилищные условия",0.0,0.0,0.0,0.0,neutral,False,,,False,batch,646
80,housing_area_per_capita,Общая площадь жилья на одного жителя,0.0,0.0,0.0,0.0,neutral,False,,,False,batch,646
80,consumer_price_index,Индексы потребительских цен,0.0,0.0,0.0,0.0,neutral,False,,,False,batch,646
80,primary_housing_price_index,Индексы цен на первичном рынке жилья,0.0,0.0,0.0,0.0,neutral,False,,,False,batch,646
80,secondary_housing_price_index,Индексы цен на вторичном рынке жилья,0.0,0.0,0.0,0.0,neutral,False,,,False,batch,646
80,industrial_production_index,Индексы промышленного производства,0.0,0.0,0.0,0.0,neutral,False,,,False,batch,646
80,enterprises_count,Число предприятий и организаций,0.0,0.0,0.0,0.0,neutral,False,,,False,batch,646
80,crime_count,Количество преступлений,0.0,0.0,0.0,0.0,neutral,False,,,False,batch,646
80,air_pollution,Выбросы загрязняющих веществ в атмосферный воздух,0.0,0.0,0.0,0.0,neutral,False,,,False,batch,646
80,wastewater_discharge,Сброс загрязненных сточных вод,0.0,0.0,0.0,0.0,neutral,False,,,False,batch,646
80,mortality_rate,Коэффициент смертности на 1000 человек,0.3,0.0,0.1,0.5,neutral,True,вопросы безопасности,военные базы -> безопасность населения,True,batch,646
80,birth_rate_per_1000,Коэффициент рождаемости на 1000 человек,0.0,0.0,0.0,0.0,neutral,False,,,False,batch,646
81,population_size,Численность населения,0.0,0.0,0.0,0.0,neutral,False,,,False,batch,663
81,divorce_rate,Число зарегистрированных разводов на 1000 населения,0.0,0.0,0.0,0.0,neutral,False,,,False,batch,663
81,marriage_rate,Число зарегистрированных браков на 1000 населения,0.0,0.0,0.0,0.0,neutral,False,,,False,batch,663
81,international_inflow,Число прибывших в страну,0.0,0.0,0.0,0.0,neutral,False,,,False,batch,663
81,international_outflow,Число выбывших из страны,0.0,0.0,0.0,0.0,neutral,False,,,False,batch,663
81,internal_arrivals,Число прибытий внутри региона,0.0,0.0,0.0,0.0,neutral,False,,,False,batch,663
81,internal_departures,Число выбытий из региона,0.0,0.0,0.0,0.0,neutral,False,,,False,batch,663
81,infant_mortality,Коэффициент младенческой смертности,0.0,0.0,0.0,0.0,neutral,False,,,False,batch,663
81,life_expectancy,Ожидаемая продолжительность жизни,0.6,-0.5,0.5,0.8,negative,True,рост заболеваемости,заболевание -> здоровье -> life_expectancy,True,batch,663
81,male_population,Число мужчин,0.0,0.0,0.0,0.0,neutral,False,,,False,batch,663
81,female_population,Число женщин,0.0,0.0,0.0,0.0,neutral,False,,,False,batch,663
81,per_capita_income,Среднедушевые денежные доходы населения,0.0,0.0,0.0,0.0,neutral,False,,,False,batch,663
81,real_income_index,Реальные денежные доходы населения,0.0,0.0,0.0,0.0,neutral,False,,,False,batch,663
81,unemployment_rate,Уровень безработицы,0.0,0.0,0.0,0.0,neutral,False,,,False,batch,663
81,living_wage,Величина прожиточного минимума на душу населения,0.0,0.0,0.0,0.0,neutral,False,,,False,batch,663
81,child_living_wage,Величина прожиточного минимума на ребенка,0.0,0.0,0.0,0.0,neutral,False,,,False,batch,663
81,hospitals,Число больничных организаций,0.3,-0.3,0.3,0.7,negative,True,тяжелое течение,тяжелые случаи -> нагрузка на систему -> hospitals,True,batch,663
81,outpatient_clinics,Число амбулаторно-поликлинических организаций,0.0,0.0,0.0,0.0,neutral,False,,,False,batch,663
81,abortions,Число абортов,0.0,0.0,0.0,0.0,neutral,False,,,False,batch,663
81,qualified_doctors,Численность врачей высшей и первой квалификационных категорий,0.3,-0.3,0.3,0.7,negative,True,медицинский контроль,контроль эпидемии -> работа врачей -> qualified_doctors,True,batch,663
81,preschool_coverage,Охват детей до 6 лет дошкольным образованием,0.0,0.0,0.0,0.0,neutral,False,,,False,batch,663
81,children_benefits,"Численность детей до 18 лет, на которых назначено пособие",0.0,0.0,0.0,0.0,neutral,False,,,False,batch,663
81,maternity_capital,"Численность лиц, получивших сертификат на материнский капитал",0.0,0.0,0.0,0.0,neutral,False,,,False,batch,663
81,childcare_allowance,Ежемесячное пособие по уходу за первым ребенком,0.0,0.0,0.0,0.0,neutral,False,,,False,batch,663
81,large_families_housing,"Многодетные семьи, улучшившие жилищные условия",0.0,0.0,0.0,0.0,neutral,False,,,False,batch,663
81,housing_area_per_capita,Общая площадь жилья на одного жителя,0.0,0.0,0.0,0.0,neutral,False,,,False,batch,663
81,consumer_price_index,Индексы потребительских цен,0.0,0.0,0.0,0.0,neutral,False,,,False,batch,663
81,primary_housing_price_index,Индексы цен на первичном рынке жилья,0.0,0.0,0.0,0.0,neutral,False,,,False,batch,663
81,secondary_housing_price_index,Индексы цен на вторичном рынке жилья,0.0,0.0,0.0,0.0,neutral,False,,,False,batch,663
81,industrial_production_index,Индексы промышленного производства,0.0,0.0,0.0,0.0,neutral,False,,,False,batch,663
81,enterprises_count,Число предприятий и организаций,0.0,0.0,0.0,0.0,neutral,False,,,False,batch,663
81,crime_count,Количество преступлений,0.0,0.0,0.0,0.0,neutral,False,,,False,batch,663
81,air_pollution,Выбросы загрязняющих веществ в атмосферный воздух,0.0,0.0,0.0,0.0,neutral,False,,,False,batch,663
81,wastewater_discharge,Сброс загрязненных сточных вод,0.0,0.0,0.0,0.0,neutral,False,,,False,batch,663
81,mortality_rate,Коэффициент смертности на 1000 человек,0.0,0.0,0.0,0.0,neutral,False,,,False,batch,663
81,birth_rate_per_1000,Коэффициент рождаемости на 1000 человек,0.0,0.0,0.0,0.0,neutral,False,,,False,batch,663
83,population_size,Численность населения,0.0,0.0,0.0,0.0,neutral,False,,,False,batch,1076
83,divorce_rate,Число зарегистрированных разводов на 1000 населения,0.0,0.0,0.0,0.0,neutral,False,,,False,batch,1076
83,marriage_rate,Число зарегистрированных браков на 1000 населения,0.0,0.0,0.0,0.0,neutral,False,,,False,batch,1076
83,international_inflow,Число прибывших в страну,0.6,-0.5,0.5,0.8,negative,True,запрет работы курьерами для мигрантов,ограничение легального труда мигрантов,True,batch,1076
83,international_outflow,Число выбывших из страны,0.0,0.0,0.0,0.0,neutral,False,,,False,batch,1076
83,internal_arrivals,Число прибытий внутри региона,0.0,0.0,0.0,0.0,neutral,False,,,False,batch,1076
83,internal_departures,Число выбытий из региона,0.0,0.0,0.0,0.0,neutral,False,,,False,batch,1076
83,infant_mortality,Коэффициент младенческой смертности,0.0,0.0,0.0,0.0,neutral,False,,,False,batch,1076
83,life_expectancy,Ожидаемая продолжительность жизни,0.0,0.0,0.0,0.0,neutral,False,,,False,batch,1076
83,male_population,Число мужчин,0.0,0.0,0.0,0.0,neutral,False,,,False,batch,1076
83,female_population,Число женщин,0.0,0.0,0.0,0.0,neutral,False,,,False,batch,1076
83,per_capita_income,Среднедушевые денежные доходы населения,0.3,0.5,0.3,0.6,positive,True,создание новых рабочих мест для граждан,рост занятости местных жителей,True,batch,1076
83,real_income_index,Реальные денежные доходы населения,0.0,0.0,0.0,0.0,neutral,False,,,False,batch,1076
83,unemployment_rate,Уровень безработицы,0.9,-0.5,0.5,0.8,negative,True,запрет привлечения иностранных граждан,ограничение рынка труда для мигрантов,True,batch,1076
83,living_wage,Величина прожиточного минимума на душу населения,0.0,0.0,0.0,0.0,neutral,False,,,False,batch,1076
83,child_living_wage,Величина прожиточного минимума на ребенка,0.0,0.0,0.0,0.0,neutral,False,,,False,batch,1076
83,hospitals,Число больничных организаций,0.0,0.0,0.0,0.0,neutral,False,,,False,batch,1076
83,outpatient_clinics,Число амбулаторно-поликлинических организаций,0.0,0.0,0.0,0.0,neutral,False,,,False,batch,1076
83,abortions,Число абортов,0.0,0.0,0.0,0.0,neutral,False,,,False,batch,1076
83,qualified_doctors,Численность врачей высшей и первой квалификационных категорий,0.0,0.0,0.0,0.0,neutral,False,,,False,batch,1076
83,preschool_coverage,Охват детей до 6 лет дошкольным образованием,0.0,0.0,0.0,0.0,neutral,False,,,False,batch,1076
83,children_benefits,"Численность детей до 18 лет, на которых назначено пособие",0.0,0.0,0.0,0.0,neutral,False,,,False,batch,1076
83,maternity_capital,"Численность лиц, получивших сертификат на материнский капитал",0.0,0.0,0.0,0.0,neutral,False,,,False,batch,1076
83,childcare_allowance,Ежемесячное пособие по уходу за первым ребенком,0.0,0.0,0.0,0.0,neutral,False,,,False,batch,1076
83,large_families_housing,"Многодетные семьи, улучшившие жилищные условия",0.0,0.0,0.0,0.0,neutral,False,,,False,batch,1076
83,housing_area_per_capita,Общая площадь жилья на одного жителя,0.0,0.0,0.0,0.0,neutral,False,,,False,batch,1076
83,consumer_price_index,Индексы потребительских цен,0.0,0.0,0.0,0.0,neutral,False,,,False,batch,1076
83,primary_housing_price_index,Индексы цен на первичном рынке жилья,0.0,0.0,0.0,0.0,neutral,False,,,False,batch,1076
83,secondary_housing_price_index,Индексы цен на вторичном рынке жилья,0.0,0.0,0.0,0.0,neutral,False,,,False,batch,1076
83,industrial_production_index,Индексы промышленного производства,0.0,0.0,0.0,0.0,neutral,False,,,False,batch,1076
83,enterprises_count,Число предприятий и организаций,0.0,0.0,0.0,0.0,neutral,False,,,False,batch,1076
83,crime_count,Количество преступлений,0.0,0.0,0.0,0.0,neutral,False,,,False,batch,1076
83,air_pollution,Выбросы загрязняющих веществ в атмосферный воздух,0.0,0.0,0.0,0.0,neutral,False,,,False,batch,1076
83,wastewater_discharge,Сброс загрязненных сточных вод,0.0,0.0,0.0,0.0,neutral,False,,,False,batch,1076
83,mortality_rate,Коэффициент смертности на 1000 человек,0.0,0.0,0.0,0.0,neutral,False,,,False,batch,1076
83,birth_rate_per_1000,Коэффициент рождаемости на 1000 человек,0.0,0.0,0.0,0.0,neutral,False,,,False,batch,1076
84,population_size,Численность населения,0.0,0.0,0.0,0.0,neutral,False,,,False,batch,990
84,divorce_rate,Число зарегистрированных разводов на 1000 населения,0.0,0.0,0.0,0.0,neutral,False,,,False,batch,990
84,marriage_rate,Число зарегистрированных браков на 1000 населения,0.0,0.0,0.0,0.0,neutral,False,,,False,batch,990
84,international_inflow,Число прибывших в страну,0.0,0.0,0.0,0.0,neutral,False,,,False,batch,990
84,international_outflow,Число выбывших из страны,0.0,0.0,0.0,0.0,neutral,False,,,False,batch,990
84,internal_arrivals,Число прибытий внутри региона,0.0,0.0,0.0,0.0,neutral,False,,,False,batch,990
84,internal_departures,Число выбытий из региона,0.0,0.0,0.0,0.0,neutral,False,,,False,batch,990
84,infant_mortality,Коэффициент младенческой смертности,0.0,0.0,0.0,0.0,neutral,False,,,False,batch,990
84,life_expectancy,Ожидаемая продолжительность жизни,0.6,-0.5,0.5,0.8,negative,True,три человека погибли,гибель людей -> life_expectancy,True,batch,990
84,male_population,Число мужчин,0.0,0.0,0.0,0.0,neutral,False,,,False,batch,990
84,female_population,Число женщин,0.0,0.0,0.0,0.0,neutral,False,,,False,batch,990
84,per_capita_income,Среднедушевые денежные доходы населения,0.0,0.0,0.0,0.0,neutral,False,,,False,batch,990
84,real_income_index,Реальные денежные доходы населения,0.0,0.0,0.0,0.0,neutral,False,,,False,batch,990
84,unemployment_rate,Уровень безработицы,0.0,0.0,0.0,0.0,neutral,False,,,False,batch,990
84,living_wage,Величина прожиточного минимума на душу населения,0.0,0.0,0.0,0.0,neutral,False,,,False,batch,990
84,child_living_wage,Величина прожиточного минимума на ребенка,0.0,0.0,0.0,0.0,neutral,False,,,False,batch,990
84,hospitals,Число больничных организаций,0.0,0.0,0.0,0.0,neutral,False,,,False,batch,990
84,outpatient_clinics,Число амбулаторно-поликлинических организаций,0.0,0.0,0.0,0.0,neutral,False,,,False,batch,990
84,abortions,Число абортов,0.0,0.0,0.0,0.0,neutral,False,,,False,batch,990
84,qualified_doctors,Численность врачей высшей и первой квалификационных категорий,0.0,0.0,0.0,0.0,neutral,False,,,False,batch,990
84,preschool_coverage,Охват детей до 6 лет дошкольным образованием,0.0,0.0,0.0,0.0,neutral,False,,,False,batch,990
84,children_benefits,"Численность детей до 18 лет, на которых назначено пособие",0.0,0.0,0.0,0.0,neutral,False,,,False,batch,990
84,maternity_capital,"Численность лиц, получивших сертификат на материнский капитал",0.0,0.0,0.0,0.0,neutral,False,,,False,batch,990
84,childcare_allowance,Ежемесячное пособие по уходу за первым ребенком,0.0,0.0,0.0,0.0,neutral,False,,,False,batch,990
84,large_families_housing,"Многодетные семьи, улучшившие жилищные условия",0.0,0.0,0.0,0.0,neutral,False,,,False,batch,990
84,housing_area_per_capita,Общая площадь жилья на одного жителя,0.0,0.0,0.0,0.0,neutral,False,,,False,batch,990
84,consumer_price_index,Индексы потребительских цен,0.0,0.0,0.0,0.0,neutral,False,,,False,batch,990
84,primary_housing_price_index,Индексы цен на первичном рынке жилья,0.0,0.0,0.0,0.0,neutral,False,,,False,batch,990
84,secondary_housing_price_index,Индексы цен на вторичном рынке жилья,0.0,0.0,0.0,0.0,neutral,False,,,False,batch,990
84,industrial_production_index,Индексы промышленного производства,0.0,0.0,0.0,0.0,neutral,False,,,False,batch,990
84,enterprises_count,Число предприятий и организаций,0.0,0.0,0.0,0.0,neutral,False,,,False,batch,990
84,crime_count,Количество преступлений,0.3,-0.5,0.3,0.6,negative,True,"авария, погибшие",ДТП с жертвами -> crime_count,True,batch,990
84,air_pollution,Выбросы загрязняющих веществ в атмосферный воздух,0.0,0.0,0.0,0.0,neutral,False,,,False,batch,990
84,wastewater_discharge,Сброс загрязненных сточных вод,0.0,0.0,0.0,0.0,neutral,False,,,False,batch,990
84,mortality_rate,Коэффициент смертности на 1000 человек,0.9,-0.5,0.5,0.9,negative,True,три человека погибли,гибель людей -> mortality_rate,True,batch,990
84,birth_rate_per_1000,Коэффициент рождаемости на 1000 человек,0.0,0.0,0.0,0.0,neutral,False,,,False,batch,990
89,population_size,Численность населения,0.0,0.0,0.0,0.0,neutral,False,,,False,batch,735
89,divorce_rate,Число зарегистрированных разводов на 1000 населения,0.0,0.0,0.0,0.0,neutral,False,,,False,batch,735
89,marriage_rate,Число зарегистрированных браков на 1000 населения,0.0,0.0,0.0,0.0,neutral,False,,,False,batch,735
89,international_inflow,Число прибывших в страну,0.6,0.0,0.5,0.8,neutral,True,контроль экзаменов для мигрантов,регулирование миграции влияет на приток,True,batch,735
89,international_outflow,Число выбывших из страны,0.0,0.0,0.0,0.0,neutral,False,,,False,batch,735
89,internal_arrivals,Число прибытий внутри региона,0.0,0.0,0.0,0.0,neutral,False,,,False,batch,735
89,internal_departures,Число выбытий из региона,0.0,0.0,0.0,0.0,neutral,False,,,False,batch,735
89,infant_mortality,Коэффициент младенческой смертности,0.0,0.0,0.0,0.0,neutral,False,,,False,batch,735
89,life_expectancy,Ожидаемая продолжительность жизни,0.0,0.0,0.0,0.0,neutral,False,,,False,batch,735
89,male_population,Число мужчин,0.0,0.0,0.0,0.0,neutral,False,,,False,batch,735
89,female_population,Число женщин,0.0,0.0,0.0,0.0,neutral,False,,,False,batch,735
89,per_capita_income,Среднедушевые денежные доходы населения,0.0,0.0,0.0,0.0,neutral,False,,,False,batch,735
89,real_income_index,Реальные денежные доходы населения,0.0,0.0,0.0,0.0,neutral,False,,,False,batch,735
89,unemployment_rate,Уровень безработицы,0.0,0.0,0.0,0.0,neutral,False,,,False,batch,735
89,living_wage,Величина прожиточного минимума на душу населения,0.0,0.0,0.0,0.0,neutral,False,,,False,batch,735
89,child_living_wage,Величина прожиточного минимума на ребенка,0.0,0.0,0.0,0.0,neutral,False,,,False,batch,735
89,hospitals,Число больничных организаций,0.0,0.0,0.0,0.0,neutral,False,,,False,batch,735
89,outpatient_clinics,Число амбулаторно-поликлинических организаций,0.0,0.0,0.0,0.0,neutral,False,,,False,batch,735
89,abortions,Число абортов,0.0,0.0,0.0,0.0,neutral,False,,,False,batch,735
89,qualified_doctors,Численность врачей высшей и первой квалификационных категорий,0.0,0.0,0.0,0.0,neutral,False,,,False,batch,735
89,preschool_coverage,Охват детей до 6 лет дошкольным образованием,0.0,0.0,0.0,0.0,neutral,False,,,False,batch,735
89,children_benefits,"Численность детей до 18 лет, на которых назначено пособие",0.0,0.0,0.0,0.0,neutral,False,,,False,batch,735
89,maternity_capital,"Численность лиц, получивших сертификат на материнский капитал",0.0,0.0,0.0,0.0,neutral,False,,,False,batch,735
89,childcare_allowance,Ежемесячное пособие по уходу за первым ребенком,0.0,0.0,0.0,0.0,neutral,False,,,False,batch,735
89,large_families_housing,"Многодетные семьи, улучшившие жилищные условия",0.0,0.0,0.0,0.0,neutral,False,,,False,batch,735
89,housing_area_per_capita,Общая площадь жилья на одного жителя,0.0,0.0,0.0,0.0,neutral,False,,,False,batch,735
89,consumer_price_index,Индексы потребительских цен,0.0,0.0,0.0,0.0,neutral,False,,,False,batch,735
89,primary_housing_price_index,Индексы цен на первичном рынке жилья,0.0,0.0,0.0,0.0,neutral,False,,,False,batch,735
89,secondary_housing_price_index,Индексы цен на вторичном рынке жилья,0.0,0.0,0.0,0.0,neutral,False,,,False,batch,735
89,industrial_production_index,Индексы промышленного производства,0.0,0.0,0.0,0.0,neutral,False,,,False,batch,735
89,enterprises_count,Число предприятий и организаций,0.3,0.0,0.3,0.6,neutral,True,контроль надзорных органов,усиление контроля может влиять на бизнес-среду,True,batch,735
89,crime_count,Количество преступлений,0.0,0.0,0.0,0.0,neutral,False,,,False,batch,735
89,air_pollution,Выбросы загрязняющих веществ в атмосферный воздух,0.0,0.0,0.0,0.0,neutral,False,,,False,batch,735
89,wastewater_discharge,Сброс загрязненных сточных вод,0.0,0.0,0.0,0.0,neutral,False,,,False,batch,735
89,mortality_rate,Коэффициент смертности на 1000 человек,0.0,0.0,0.0,0.0,neutral,False,,,False,batch,735
89,birth_rate_per_1000,Коэффициент рождаемости на 1000 человек,0.0,0.0,0.0,0.0,neutral,False,,,False,batch,735
91,population_size,Численность населения,0.0,0.0,0.0,0.0,neutral,False,,,False,batch,998
91,divorce_rate,Число зарегистрированных разводов на 1000 населения,0.0,0.0,0.0,0.0,neutral,False,,,False,batch,998
91,marriage_rate,Число зарегистрированных браков на 1000 населения,0.0,0.0,0.0,0.0,neutral,False,,,False,batch,998
91,international_inflow,Число прибывших в страну,0.0,0.0,0.0,0.0,neutral,False,,,False,batch,998
91,international_outflow,Число выбывших из страны,0.0,0.0,0.0,0.0,neutral,False,,,False,batch,998
91,internal_arrivals,Число прибытий внутри региона,0.0,0.0,0.0,0.0,neutral,False,,,False,batch,998
91,internal_departures,Число выбытий из региона,0.0,0.0,0.0,0.0,neutral,False,,,False,batch,998
91,infant_mortality,Коэффициент младенческой смертности,0.0,0.0,0.0,0.0,neutral,False,,,False,batch,998
91,life_expectancy,Ожидаемая продолжительность жизни,0.3,-0.5,0.3,0.7,negative,True,атака на город,угроза жизни -> life_expectancy,True,batch,998
91,male_population,Число мужчин,0.0,0.0,0.0,0.0,neutral,False,,,False,batch,998
91,female_population,Число женщин,0.0,0.0,0.0,0.0,neutral,False,,,False,batch,998
91,per_capita_income,Среднедушевые денежные доходы населения,0.0,0.0,0.0,0.0,neutral,False,,,False,batch,998
91,real_income_index,Реальные денежные доходы населения,0.0,0.0,0.0,0.0,neutral,False,,,False,batch,998
91,unemployment_rate,Уровень безработицы,0.0,0.0,0.0,0.0,neutral,False,,,False,batch,998
91,living_wage,Величина прожиточного минимума на душу населения,0.0,0.0,0.0,0.0,neutral,False,,,False,batch,998
91,child_living_wage,Величина прожиточного минимума на ребенка,0.0,0.0,0.0,0.0,neutral,False,,,False,batch,998
91,hospitals,Число больничных организаций,0.0,0.0,0.0,0.0,neutral,False,,,False,batch,998
91,outpatient_clinics,Число амбулаторно-поликлинических организаций,0.0,0.0,0.0,0.0,neutral,False,,,False,batch,998
91,abortions,Число абортов,0.0,0.0,0.0,0.0,neutral,False,,,False,batch,998
91,qualified_doctors,Численность врачей высшей и первой квалификационных категорий,0.0,0.0,0.0,0.0,neutral,False,,,False,batch,998
91,preschool_coverage,Охват детей до 6 лет дошкольным образованием,0.0,0.0,0.0,0.0,neutral,False,,,False,batch,998
91,children_benefits,"Численность детей до 18 лет, на которых назначено пособие",0.0,0.0,0.0,0.0,neutral,False,,,False,batch,998
91,maternity_capital,"Численность лиц, получивших сертификат на материнский капитал",0.0,0.0,0.0,0.0,neutral,False,,,False,batch,998
91,childcare_allowance,Ежемесячное пособие по уходу за первым ребенком,0.0,0.0,0.0,0.0,neutral,False,,,False,batch,998
91,large_families_housing,"Многодетные семьи, улучшившие жилищные условия",0.0,0.0,0.0,0.0,neutral,False,,,False,batch,998
91,housing_area_per_capita,Общая площадь жилья на одного жителя,0.0,0.0,0.0,0.0,neutral,False,,,False,batch,998
91,consumer_price_index,Индексы потребительских цен,0.0,0.0,0.0,0.0,neutral,False,,,False,batch,998
91,primary_housing_price_index,Индексы цен на первичном рынке жилья,0.0,0.0,0.0,0.0,neutral,False,,,False,batch,998
91,secondary_housing_price_index,Индексы цен на вторичном рынке жилья,0.0,0.0,0.0,0.0,neutral,False,,,False,batch,998
91,industrial_production_index,Индексы промышленного производства,0.0,0.0,0.0,0.0,neutral,False,,,False,batch,998
91,enterprises_count,Число предприятий и организаций,0.0,0.0,0.0,0.0,neutral,False,,,False,batch,998
91,crime_count,Количество преступлений,0.6,-0.5,0.5,0.8,negative,True,сбито три воздушные цели,атака на город -> crime_count,True,batch,998
91,air_pollution,Выбросы загрязняющих веществ в атмосферный воздух,0.0,0.0,0.0,0.0,neutral,False,,,False,batch,998
91,wastewater_discharge,Сброс загрязненных сточных вод,0.0,0.0,0.0,0.0,neutral,False,,,False,batch,998
91,mortality_rate,Коэффициент смертности на 1000 человек,0.3,-0.5,0.3,0.7,negative,True,воздушные цели над городом,угроза жизни -> mortality_rate,True,batch,998
91,birth_rate_per_1000,Коэффициент рождаемости на 1000 человек,0.0,0.0,0.0,0.0,neutral,False,,,False,batch,998
92,population_size,Численность населения,0.0,0.0,0.0,0.0,neutral,False,,,False,batch,1137
92,divorce_rate,Число зарегистрированных разводов на 1000 населения,0.0,0.0,0.0,0.0,neutral,False,,,False,batch,1137
92,marriage_rate,Число зарегистрированных браков на 1000 населения,0.0,0.0,0.0,0.0,neutral,False,,,False,batch,1137
92,international_inflow,Число прибывших в страну,0.0,0.0,0.0,0.0,neutral,False,,,False,batch,1137
92,international_outflow,Число выбывших из страны,0.0,0.0,0.0,0.0,neutral,False,,,False,batch,1137
92,internal_arrivals,Число прибытий внутри региона,0.0,0.0,0.0,0.0,neutral,False,,,False,batch,1137
92,internal_departures,Число выбытий из региона,0.0,0.0,0.0,0.0,neutral,False,,,False,batch,1137
92,infant_mortality,Коэффициент младенческой смертности,0.0,0.0,0.0,0.0,neutral,False,,,False,batch,1137
92,life_expectancy,Ожидаемая продолжительность жизни,0.0,0.0,0.0,0.0,neutral,False,,,False,batch,1137
92,male_population,Число мужчин,0.0,0.0,0.0,0.0,neutral,False,,,False,batch,1137
92,female_population,Число женщин,0.0,0.0,0.0,0.0,neutral,False,,,False,batch,1137
92,per_capita_income,Среднедушевые денежные доходы населения,0.6,-0.5,0.3,0.7,negative,True,"взыскание 101,6 млрд руб",крупные финансовые потери компании влияют на доходы и экономику,True,batch,1137
92,real_income_index,Реальные денежные доходы населения,0.3,-0.5,0.2,0.6,negative,True,финансовые потери бизнеса,экономическая нестабильность может снизить реальные доходы населения,True,batch,1137
92,unemployment_rate,Уровень безработицы,0.0,0.0,0.0,0.0,neutral,False,,,False,batch,1137
92,living_wage,Величина прожиточного минимума на душу населения,0.0,0.0,0.0,0.0,neutral,False,,,False,batch,1137
92,child_living_wage,Величина прожиточного минимума на ребенка,0.0,0.0,0.0,0.0,neutral,False,,,False,batch,1137
92,hospitals,Число больничных организаций,0.0,0.0,0.0,0.0,neutral,False,,,False,batch,1137
92,outpatient_clinics,Число амбулаторно-поликлинических организаций,0.0,0.0,0.0,0.0,neutral,False,,,False,batch,1137
92,abortions,Число абортов,0.0,0.0,0.0,0.0,neutral,False,,,False,batch,1137
92,qualified_doctors,Численность врачей высшей и первой квалификационных категорий,0.0,0.0,0.0,0.0,neutral,False,,,False,batch,1137
92,preschool_coverage,Охват детей до 6 лет дошкольным образованием,0.0,0.0,0.0,0.0,neutral,False,,,False,batch,1137
92,children_benefits,"Численность детей до 18 лет, на которых назначено пособие",0.0,0.0,0.0,0.0,neutral,False,,,False,batch,1137
92,maternity_capital,"Численность лиц, получивших сертификат на материнский капитал",0.0,0.0,0.0,0.0,neutral,False,,,False,batch,1137
92,childcare_allowance,Ежемесячное пособие по уходу за первым ребенком,0.0,0.0,0.0,0.0,neutral,False,,,False,batch,1137
92,large_families_housing,"Многодетные семьи, улучшившие жилищные условия",0.0,0.0,0.0,0.0,neutral,False,,,False,batch,1137
92,housing_area_per_capita,Общая площадь жилья на одного жителя,0.0,0.0,0.0,0.0,neutral,False,,,False,batch,1137
92,consumer_price_index,Индексы потребительских цен,0.0,0.0,0.0,0.0,neutral,False,,,False,batch,1137
92,primary_housing_price_index,Индексы цен на первичном рынке жилья,0.0,0.0,0.0,0.0,neutral,False,,,False,batch,1137
92,secondary_housing_price_index,Индексы цен на вторичном рынке жилья,0.0,0.0,0.0,0.0,neutral,False,,,False,batch,1137
92,industrial_production_index,Индексы промышленного производства,0.0,0.0,0.0,0.0,neutral,False,,,False,batch,1137
92,enterprises_count,Число предприятий и организаций,0.9,-0.5,0.5,0.9,negative,True,"конкурсный управляющий, вывод активов",банкротство и вывод активов снижают число действующих предприятий,True,batch,1137
92,crime_count,Количество преступлений,0.0,0.0,0.0,0.0,neutral,False,,,False,batch,1137
92,air_pollution,Выбросы загрязняющих веществ в атмосферный воздух,0.0,0.0,0.0,0.0,neutral,False,,,False,batch,1137
92,wastewater_discharge,Сброс загрязненных сточных вод,0.0,0.0,0.0,0.0,neutral,False,,,False,batch,1137
92,mortality_rate,Коэффициент смертности на 1000 человек,0.0,0.0,0.0,0.0,neutral,False,,,False,batch,1137
92,birth_rate_per_1000,Коэффициент рождаемости на 1000 человек,0.0,0.0,0.0,0.0,neutral,False,,,False,batch,1137
93,population_size,Численность населения,0.0,0.0,0.0,0.0,neutral,False,,,False,batch,1001
93,divorce_rate,Число зарегистрированных разводов на 1000 населения,0.0,0.0,0.0,0.0,neutral,False,,,False,batch,1001
93,marriage_rate,Число зарегистрированных браков на 1000 населения,0.0,0.0,0.0,0.0,neutral,False,,,False,batch,1001
93,international_inflow,Число прибывших в страну,0.0,0.0,0.0,0.0,neutral,False,,,False,batch,1001
93,international_outflow,Число выбывших из страны,0.0,0.0,0.0,0.0,neutral,False,,,False,batch,1001
93,internal_arrivals,Число прибытий внутри региона,0.0,0.0,0.0,0.0,neutral,False,,,False,batch,1001
93,internal_departures,Число выбытий из региона,0.0,0.0,0.0,0.0,neutral,False,,,False,batch,1001
93,infant_mortality,Коэффициент младенческой смертности,0.0,0.0,0.0,0.0,neutral,False,,,False,batch,1001
93,life_expectancy,Ожидаемая продолжительность жизни,0.0,0.0,0.0,0.0,neutral,False,,,False,batch,1001
93,male_population,Число мужчин,0.3,-0.5,0.3,0.6,negative,True,потеря военнослужащих,смерть мужчин -> male_population,True,batch,1001
93,female_population,Число женщин,0.0,0.0,0.0,0.0,neutral,False,,,False,batch,1001
93,per_capita_income,Среднедушевые денежные доходы населения,0.0,0.0,0.0,0.0,neutral,False,,,False,batch,1001
93,real_income_index,Реальные денежные доходы населения,0.0,0.0,0.0,0.0,neutral,False,,,False,batch,1001
93,unemployment_rate,Уровень безработицы,0.0,0.0,0.0,0.0,neutral,False,,,False,batch,1001
93,living_wage,Величина прожиточного минимума на душу населения,0.0,0.0,0.0,0.0,neutral,False,,,False,batch,1001
93,child_living_wage,Величина прожиточного минимума на ребенка,0.0,0.0,0.0,0.0,neutral,False,,,False,batch,1001
93,hospitals,Число больничных организаций,0.0,0.0,0.0,0.0,neutral,False,,,False,batch,1001
93,outpatient_clinics,Число амбулаторно-поликлинических организаций,0.0,0.0,0.0,0.0,neutral,False,,,False,batch,1001
93,abortions,Число абортов,0.0,0.0,0.0,0.0,neutral,False,,,False,batch,1001
93,qualified_doctors,Численность врачей высшей и первой квалификационных категорий,0.0,0.0,0.0,0.0,neutral,False,,,False,batch,1001
93,preschool_coverage,Охват детей до 6 лет дошкольным образованием,0.0,0.0,0.0,0.0,neutral,False,,,False,batch,1001
93,children_benefits,"Численность детей до 18 лет, на которых назначено пособие",0.0,0.0,0.0,0.0,neutral,False,,,False,batch,1001
93,maternity_capital,"Численность лиц, получивших сертификат на материнский капитал",0.0,0.0,0.0,0.0,neutral,False,,,False,batch,1001
93,childcare_allowance,Ежемесячное пособие по уходу за первым ребенком,0.0,0.0,0.0,0.0,neutral,False,,,False,batch,1001
93,large_families_housing,"Многодетные семьи, улучшившие жилищные условия",0.0,0.0,0.0,0.0,neutral,False,,,False,batch,1001
93,housing_area_per_capita,Общая площадь жилья на одного жителя,0.0,0.0,0.0,0.0,neutral,False,,,False,batch,1001
93,consumer_price_index,Индексы потребительских цен,0.0,0.0,0.0,0.0,neutral,False,,,False,batch,1001
93,primary_housing_price_index,Индексы цен на первичном рынке жилья,0.0,0.0,0.0,0.0,neutral,False,,,False,batch,1001
93,secondary_housing_price_index,Индексы цен на вторичном рынке жилья,0.0,0.0,0.0,0.0,neutral,False,,,False,batch,1001
93,industrial_production_index,Индексы промышленного производства,0.0,0.0,0.0,0.0,neutral,False,,,False,batch,1001
93,enterprises_count,Число предприятий и организаций,0.0,0.0,0.0,0.0,neutral,False,,,False,batch,1001
93,crime_count,Количество преступлений,0.6,-0.5,0.5,0.7,negative,True,"нанесены удары, потери",военные действия -> crime_count,True,batch,1001
93,air_pollution,Выбросы загрязняющих веществ в атмосферный воздух,0.0,0.0,0.0,0.0,neutral,False,,,False,batch,1001
93,wastewater_discharge,Сброс загрязненных сточных вод,0.0,0.0,0.0,0.0,neutral,False,,,False,batch,1001
93,mortality_rate,Коэффициент смертности на 1000 человек,0.9,-1.0,0.8,0.9,negative,True,потеряла до 235 военных,гибель людей -> mortality_rate,True,batch,1001
93,birth_rate_per_1000,Коэффициент рождаемости на 1000 человек,0.0,0.0,0.0,0.0,neutral,False,,,False,batch,1001
95,population_size,Численность населения,0.0,0.0,0.0,0.0,neutral,False,,,False,batch,1381
95,divorce_rate,Число зарегистрированных разводов на 1000 населения,0.0,0.0,0.0,0.0,neutral,False,,,False,batch,1381
95,marriage_rate,Число зарегистрированных браков на 1000 населения,0.0,0.0,0.0,0.0,neutral,False,,,False,batch,1381
95,international_inflow,Число прибывших в страну,0.0,0.0,0.0,0.0,neutral,False,,,False,batch,1381
95,international_outflow,Число выбывших из страны,0.0,0.0,0.0,0.0,neutral,False,,,False,batch,1381
95,internal_arrivals,Число прибытий внутри региона,0.3,0.5,0.3,0.7,positive,True,контроль над населенным пунктом,контроль территории может привлечь население,True,batch,1381
95,internal_departures,Число выбытий из региона,0.3,-0.5,0.3,0.7,negative,True,освобождение населенного пункта,боевые действия могут вызвать отток населения,True,batch,1381
95,infant_mortality,Коэффициент младенческой смертности,0.0,0.0,0.0,0.0,neutral,False,,,False,batch,1381
95,life_expectancy,Ожидаемая продолжительность жизни,0.0,0.0,0.0,0.0,neutral,False,,,False,batch,1381
95,male_population,Число мужчин,0.0,0.0,0.0,0.0,neutral,False,,,False,batch,1381
95,female_population,Число женщин,0.0,0.0,0.0,0.0,neutral,False,,,False,batch,1381
95,per_capita_income,Среднедушевые денежные доходы населения,0.0,0.0,0.0,0.0,neutral,False,,,False,batch,1381
95,real_income_index,Реальные денежные доходы населения,0.0,0.0,0.0,0.0,neutral,False,,,False,batch,1381
95,unemployment_rate,Уровень безработицы,0.0,0.0,0.0,0.0,neutral,False,,,False,batch,1381
95,living_wage,Величина прожиточного минимума на душу населения,0.0,0.0,0.0,0.0,neutral,False,,,False,batch,1381
95,child_living_wage,Величина прожиточного минимума на ребенка,0.0,0.0,0.0,0.0,neutral,False,,,False,batch,1381
95,hospitals,Число больничных организаций,0.0,0.0,0.0,0.0,neutral,False,,,False,batch,1381
95,outpatient_clinics,Число амбулаторно-поликлинических организаций,0.0,0.0,0.0,0.0,neutral,False,,,False,batch,1381
95,abortions,Число абортов,0.0,0.0,0.0,0.0,neutral,False,,,False,batch,1381
95,qualified_doctors,Численность врачей высшей и первой квалификационных категорий,0.0,0.0,0.0,0.0,neutral,False,,,False,batch,1381
95,preschool_coverage,Охват детей до 6 лет дошкольным образованием,0.0,0.0,0.0,0.0,neutral,False,,,False,batch,1381
95,children_benefits,"Численность детей до 18 лет, на которых назначено пособие",0.0,0.0,0.0,0.0,neutral,False,,,False,batch,1381
95,maternity_capital,"Численность лиц, получивших сертификат на материнский капитал",0.0,0.0,0.0,0.0,neutral,False,,,False,batch,1381
95,childcare_allowance,Ежемесячное пособие по уходу за первым ребенком,0.0,0.0,0.0,0.0,neutral,False,,,False,batch,1381
95,large_families_housing,"Многодетные семьи, улучшившие жилищные условия",0.0,0.0,0.0,0.0,neutral,False,,,False,batch,1381
95,housing_area_per_capita,Общая площадь жилья на одного жителя,0.0,0.0,0.0,0.0,neutral,False,,,False,batch,1381
95,consumer_price_index,Индексы потребительских цен,0.0,0.0,0.0,0.0,neutral,False,,,False,batch,1381
95,primary_housing_price_index,Индексы цен на первичном рынке жилья,0.0,0.0,0.0,0.0,neutral,False,,,False,batch,1381
95,secondary_housing_price_index,Индексы цен на вторичном рынке жилья,0.0,0.0,0.0,0.0,neutral,False,,,False,batch,1381
95,industrial_production_index,Индексы промышленного производства,0.0,0.0,0.0,0.0,neutral,False,,,False,batch,1381
95,enterprises_count,Число предприятий и организаций,0.0,0.0,0.0,0.0,neutral,False,,,False,batch,1381
95,crime_count,Количество преступлений,0.6,-0.5,0.5,0.8,negative,True,"боевые действия, штурм",военные действия повышают уровень преступности,True,batch,1381
95,air_pollution,Выбросы загрязняющих веществ в атмосферный воздух,0.0,0.0,0.0,0.0,neutral,False,,,False,batch,1381
95,wastewater_discharge,Сброс загрязненных сточных вод,0.0,0.0,0.0,0.0,neutral,False,,,False,batch,1381
95,mortality_rate,Коэффициент смертности на 1000 человек,0.6,-0.5,0.5,0.8,negative,True,"боевые действия, штурм",боевые действия повышают смертность,True,batch,1381
95,birth_rate_per_1000,Коэффициент рождаемости на 1000 человек,0.0,0.0,0.0,0.0,neutral,False,,,False,batch,1381
96,population_size,Численность населения,0.0,0.0,0.0,0.0,neutral,False,,,False,batch,1423
96,divorce_rate,Число зарегистрированных разводов на 1000 населения,0.0,0.0,0.0,0.0,neutral,False,,,False,batch,1423
96,marriage_rate,Число зарегистрированных браков на 1000 населения,0.0,0.0,0.0,0.0,neutral,False,,,False,batch,1423
96,international_inflow,Число прибывших в страну,0.0,0.0,0.0,0.0,neutral,False,,,False,batch,1423
96,international_outflow,Число выбывших из страны,0.0,0.0,0.0,0.0,neutral,False,,,False,batch,1423
96,internal_arrivals,Число прибытий внутри региона,0.0,0.0,0.0,0.0,neutral,False,,,False,batch,1423
96,internal_departures,Число выбытий из региона,0.0,0.0,0.0,0.0,neutral,False,,,False,batch,1423
96,infant_mortality,Коэффициент младенческой смертности,0.0,0.0,0.0,0.0,neutral,False,,,False,batch,1423
96,life_expectancy,Ожидаемая продолжительность жизни,0.3,-0.5,0.3,0.7,negative,True,"сильный ветер, гололед, метель",угрозы здоровью снижают ожидаемую продолжительность,True,batch,1423
96,male_population,Число мужчин,0.0,0.0,0.0,0.0,neutral,False,,,False,batch,1423
96,female_population,Число женщин,0.0,0.0,0.0,0.0,neutral,False,,,False,batch,1423
96,per_capita_income,Среднедушевые денежные доходы населения,0.0,0.0,0.0,0.0,neutral,False,,,False,batch,1423
96,real_income_index,Реальные денежные доходы населения,0.0,0.0,0.0,0.0,neutral,False,,,False,batch,1423
96,unemployment_rate,Уровень безработицы,0.0,0.0,0.0,0.0,neutral,False,,,False,batch,1423
96,living_wage,Величина прожиточного минимума на душу населения,0.0,0.0,0.0,0.0,neutral,False,,,False,batch,1423
96,child_living_wage,Величина прожиточного минимума на ребенка,0.0,0.0,0.0,0.0,neutral,False,,,False,batch,1423
96,hospitals,Число больничных организаций,0.0,0.0,0.0,0.0,neutral,False,,,False,batch,1423
96,outpatient_clinics,Число амбулаторно-поликлинических организаций,0.0,0.0,0.0,0.0,neutral,False,,,False,batch,1423
96,abortions,Число абортов,0.0,0.0,0.0,0.0,neutral,False,,,False,batch,1423
96,qualified_doctors,Численность врачей высшей и первой квалификационных категорий,0.0,0.0,0.0,0.0,neutral,False,,,False,batch,1423
96,preschool_coverage,Охват детей до 6 лет дошкольным образованием,0.0,0.0,0.0,0.0,neutral,False,,,False,batch,1423
96,children_benefits,"Численность детей до 18 лет, на которых назначено пособие",0.0,0.0,0.0,0.0,neutral,False,,,False,batch,1423
96,maternity_capital,"Численность лиц, получивших сертификат на материнский капитал",0.0,0.0,0.0,0.0,neutral,False,,,False,batch,1423
96,childcare_allowance,Ежемесячное пособие по уходу за первым ребенком,0.0,0.0,0.0,0.0,neutral,False,,,False,batch,1423
96,large_families_housing,"Многодетные семьи, улучшившие жилищные условия",0.0,0.0,0.0,0.0,neutral,False,,,False,batch,1423
96,housing_area_per_capita,Общая площадь жилья на одного жителя,0.3,-0.5,0.3,0.6,negative,True,"сильный снег, метель, ветер до 40 м/с",штормовые предупреждения влияют на качество жилья,True,batch,1423
96,consumer_price_index,Индексы потребительских цен,0.3,-0.5,0.3,0.6,negative,True,сложная погода в регионах,шторм может повысить цены на продукты,True,batch,1423
96,primary_housing_price_index,Индексы цен на первичном рынке жилья,0.0,0.0,0.0,0.0,neutral,False,,,False,batch,1423
96,secondary_housing_price_index,Индексы цен на вторичном рынке жилья,0.0,0.0,0.0,0.0,neutral,False,,,False,batch,1423
96,industrial_production_index,Индексы промышленного производства,0.0,0.0,0.0,0.0,neutral,False,,,False,batch,1423
96,enterprises_count,Число предприятий и организаций,0.0,0.0,0.0,0.0,neutral,False,,,False,batch,1423
96,crime_count,Количество преступлений,0.0,0.0,0.0,0.0,neutral,False,,,False,batch,1423
96,air_pollution,Выбросы загрязняющих веществ в атмосферный воздух,0.0,0.0,0.0,0.0,neutral,False,,,False,batch,1423
96,wastewater_discharge,Сброс загрязненных сточных вод,0.0,0.0,0.0,0.0,neutral,False,,,False,batch,1423
96,mortality_rate,Коэффициент смертности на 1000 человек,0.3,-0.5,0.3,0.7,negative,True,"сложная погода, метель, нулевая видимость",опасные условия повышают риск гибели,True,batch,1423
96,birth_rate_per_1000,Коэффициент рождаемости на 1000 человек,0.0,0.0,0.0,0.0,neutral,False,,,False,batch,1423
