dataset_row_id,factor_key,factor_name,relevance,sentiment_score,pressure,confidence,sentiment_label,is_relevant,evidence,reason,raw_factor_returned,call_status,raw_text_chars
1,population_size,Численность населения,0.0,0.0,0.0,0.0,neutral,False,,,False,batch,258
1,divorce_rate,Число зарегистрированных разводов на 1000 населения,0.0,0.0,0.0,0.0,neutral,False,,,False,batch,258
1,marriage_rate,Число зарегистрированных браков на 1000 населения,0.0,0.0,0.0,0.0,neutral,False,,,False,batch,258
1,international_inflow,Число прибывших в страну,0.0,0.0,0.0,0.0,neutral,False,,,False,batch,258
1,international_outflow,Число выбывших из страны,0.0,0.0,0.0,0.0,neutral,False,,,False,batch,258
1,internal_arrivals,Число прибытий внутри региона,0.0,0.0,0.0,0.0,neutral,False,,,False,batch,258
1,internal_departures,Число выбытий из региона,0.0,0.0,0.0,0.0,neutral,False,,,False,batch,258
1,infant_mortality,Коэффициент младенческой смертности,0.0,0.0,0.0,0.0,neutral,False,,,False,batch,258
1,life_expectancy,Ожидаемая продолжительность жизни,0.0,0.0,0.0,0.0,neutral,False,,,False,batch,258
1,male_population,Число мужчин,0.0,0.0,0.0,0.0,neutral,False,,,False,batch,258
1,female_population,Число женщин,0.0,0.0,0.0,0.0,neutral,False,,,False,batch,258
1,per_capita_income,Среднедушевые денежные доходы населения,0.0,0.0,0.0,0.0,neutral,False,,,False,batch,258
1,real_income_index,Реальные денежные доходы населения,0.0,0.0,0.0,0.0,neutral,False,,,False,batch,258
1,unemployment_rate,Уровень безработицы,0.0,0.0,0.0,0.0,neutral,False,,,False,batch,258
1,living_wage,Величина прожиточного минимума на душу населения,0.0,0.0,0.0,0.0,neutral,False,,,False,batch,258
1,child_living_wage,Величина прожиточного минимума на ребенка,0.0,0.0,0.0,0.0,neutral,False,,,False,batch,258
1,hospitals,Число больничных организаций,0.0,0.0,0.0,0.0,neutral,False,,,False,batch,258
1,outpatient_clinics,Число амбулаторно-поликлинических организаций,0.0,0.0,0.0,0.0,neutral,False,,,False,batch,258
1,abortions,Число абортов,0.0,0.0,0.0,0.0,neutral,False,,,False,batch,258
1,qualified_doctors,Численность врачей высшей и первой квалификационных категорий,0.0,0.0,0.0,0.0,neutral,False,,,False,batch,258
1,preschool_coverage,Охват детей до 6 лет дошкольным образованием,0.0,0.0,0.0,0.0,neutral,False,,,False,batch,258
1,children_benefits,"Численность детей до 18 лет, на которых назначено пособие",0.0,0.0,0.0,0.0,neutral,False,,,False,batch,258
1,maternity_capital,"Численность лиц, получивших сертификат на материнский капитал",0.0,0.0,0.0,0.0,neutral,False,,,False,batch,258
1,childcare_allowance,Ежемесячное пособие по уходу за первым ребенком,0.0,0.0,0.0,0.0,neutral,False,,,False,batch,258
1,large_families_housing,"Многодетные семьи, улучшившие жилищные условия",0.0,0.0,0.0,0.0,neutral,False,,,False,batch,258
1,housing_area_per_capita,Общая площадь жилья на одного жителя,0.0,0.0,0.0,0.0,neutral,False,,,False,batch,258
1,consumer_price_index,Индексы потребительских цен,0.0,0.0,0.0,0.0,neutral,False,,,False,batch,258
1,primary_housing_price_index,Индексы цен на первичном рынке жилья,0.0,0.0,0.0,0.0,neutral,False,,,False,batch,258
1,secondary_housing_price_index,Индексы цен на вторичном рынке жилья,0.0,0.0,0.0,0.0,neutral,False,,,False,batch,258
1,industrial_production_index,Индексы промышленного производства,0.9,0.0,0.0,0.9,neutral,True,утечки из танкеров нефтепродуктов,нефтепродукты и ущерб производству,True,batch,258
1,enterprises_count,Число предприятий и организаций,0.0,0.0,0.0,0.0,neutral,False,,,False,batch,258
1,crime_count,Количество преступлений,0.0,0.0,0.0,0.0,neutral,False,,,False,batch,258
1,air_pollution,Выбросы загрязняющих веществ в атмосферный воздух,0.0,0.0,0.0,0.0,neutral,False,,,False,batch,258
1,wastewater_discharge,Сброс загрязненных сточных вод,0.0,0.0,0.0,0.0,neutral,False,,,False,batch,258
1,mortality_rate,Коэффициент смертности на 1000 человек,0.0,0.0,0.0,0.0,neutral,False,,,False,batch,258
1,birth_rate_per_1000,Коэффициент рождаемости на 1000 человек,0.0,0.0,0.0,0.0,neutral,False,,,False,batch,258
9,population_size,Численность населения,0.0,0.0,0.0,0.0,neutral,False,,,False,batch,257
9,divorce_rate,Число зарегистрированных разводов на 1000 населения,0.0,0.0,0.0,0.0,neutral,False,,,False,batch,257
9,marriage_rate,Число зарегистрированных браков на 1000 населения,0.0,0.0,0.0,0.0,neutral,False,,,False,batch,257
9,international_inflow,Число прибывших в страну,0.0,0.0,0.0,0.0,neutral,False,,,False,batch,257
9,international_outflow,Число выбывших из страны,0.0,0.0,0.0,0.0,neutral,False,,,False,batch,257
9,internal_arrivals,Число прибытий внутри региона,0.0,0.0,0.0,0.0,neutral,False,,,False,batch,257
9,internal_departures,Число выбытий из региона,0.0,0.0,0.0,0.0,neutral,False,,,False,batch,257
9,infant_mortality,Коэффициент младенческой смертности,0.0,0.0,0.0,0.0,neutral,False,,,False,batch,257
9,life_expectancy,Ожидаемая продолжительность жизни,0.0,0.0,0.0,0.0,neutral,False,,,False,batch,257
9,male_population,Число мужчин,0.0,0.0,0.0,0.0,neutral,False,,,False,batch,257
9,female_population,Число женщин,0.0,0.0,0.0,0.0,neutral,False,,,False,batch,257
9,per_capita_income,Среднедушевые денежные доходы населения,0.0,0.0,0.0,0.0,neutral,False,,,False,batch,257
9,real_income_index,Реальные денежные доходы населения,0.0,0.0,0.0,0.0,neutral,False,,,False,batch,257
9,unemployment_rate,Уровень безработицы,0.0,0.0,0.0,0.0,neutral,False,,,False,batch,257
9,living_wage,Величина прожиточного минимума на душу населения,0.0,0.0,0.0,0.0,neutral,False,,,False,batch,257
9,child_living_wage,Величина прожиточного минимума на ребенка,0.0,0.0,0.0,0.0,neutral,False,,,False,batch,257
9,hospitals,Число больничных организаций,0.0,0.0,0.0,0.0,neutral,False,,,False,batch,257
9,outpatient_clinics,Число амбулаторно-поликлинических организаций,0.0,0.0,0.0,0.0,neutral,False,,,False,batch,257
9,abortions,Число абортов,0.0,0.0,0.0,0.0,neutral,False,,,False,batch,257
9,qualified_doctors,Численность врачей высшей и первой квалификационных категорий,0.0,0.0,0.0,0.0,neutral,False,,,False,batch,257
9,preschool_coverage,Охват детей до 6 лет дошкольным образованием,0.0,0.0,0.0,0.0,neutral,False,,,False,batch,257
9,children_benefits,"Численность детей до 18 лет, на которых назначено пособие",0.0,0.0,0.0,0.0,neutral,False,,,False,batch,257
9,maternity_capital,"Численность лиц, получивших сертификат на материнский капитал",0.0,0.0,0.0,0.0,neutral,False,,,False,batch,257
9,childcare_allowance,Ежемесячное пособие по уходу за первым ребенком,0.0,0.0,0.0,0.0,neutral,False,,,False,batch,257
9,large_families_housing,"Многодетные семьи, улучшившие жилищные условия",0.0,0.0,0.0,0.0,neutral,False,,,False,batch,257
9,housing_area_per_capita,Общая площадь жилья на одного жителя,0.0,0.0,0.0,0.0,neutral,False,,,False,batch,257
9,consumer_price_index,Индексы потребительских цен,0.0,0.0,0.0,0.0,neutral,False,,,False,batch,257
9,primary_housing_price_index,Индексы цен на первичном рынке жилья,0.0,0.0,0.0,0.0,neutral,False,,,False,batch,257
9,secondary_housing_price_index,Индексы цен на вторичном рынке жилья,0.0,0.0,0.0,0.0,neutral,False,,,False,batch,257
9,industrial_production_index,Индексы промышленного производства,0.6,0.0,0.0,0.8,neutral,True,отказ от импорта российского урана к 2028 году,энергетика и топливо,True,batch,257
9,enterprises_count,Число предприятий и организаций,0.0,0.0,0.0,0.0,neutral,False,,,False,batch,257
9,crime_count,Количество преступлений,0.0,0.0,0.0,0.0,neutral,False,,,False,batch,257
9,air_pollution,Выбросы загрязняющих веществ в атмосферный воздух,0.0,0.0,0.0,0.0,neutral,False,,,False,batch,257
9,wastewater_discharge,Сброс загрязненных сточных вод,0.0,0.0,0.0,0.0,neutral,False,,,False,batch,257
9,mortality_rate,Коэффициент смертности на 1000 человек,0.0,0.0,0.0,0.0,neutral,False,,,False,batch,257
9,birth_rate_per_1000,Коэффициент рождаемости на 1000 человек,0.0,0.0,0.0,0.0,neutral,False,,,False,batch,257
16,population_size,Численность населения,0.0,0.0,0.0,0.0,neutral,False,,,False,batch,433
16,divorce_rate,Число зарегистрированных разводов на 1000 населения,0.0,0.0,0.0,0.0,neutral,False,,,False,batch,433
16,marriage_rate,Число зарегистрированных браков на 1000 населения,0.0,0.0,0.0,0.0,neutral,False,,,False,batch,433
16,international_inflow,Число прибывших в страну,0.0,0.0,0.0,0.0,neutral,False,,,False,batch,433
16,international_outflow,Число выбывших из страны,0.0,0.0,0.0,0.0,neutral,False,,,False,batch,433
16,internal_arrivals,Число прибытий внутри региона,0.0,0.0,0.0,0.0,neutral,False,,,False,batch,433
16,internal_departures,Число выбытий из региона,0.0,0.0,0.0,0.0,neutral,False,,,False,batch,433
16,infant_mortality,Коэффициент младенческой смертности,0.0,0.0,0.0,0.0,neutral,False,,,False,batch,433
16,life_expectancy,Ожидаемая продолжительность жизни,0.0,0.0,0.0,0.0,neutral,False,,,False,batch,433
16,male_population,Число мужчин,0.0,0.0,0.0,0.0,neutral,False,,,False,batch,433
16,female_population,Число женщин,0.0,0.0,0.0,0.0,neutral,False,,,False,batch,433
16,per_capita_income,Среднедушевые денежные доходы населения,0.0,0.0,0.0,0.0,neutral,False,,,False,batch,433
16,real_income_index,Реальные денежные доходы населения,0.0,0.0,0.0,0.0,neutral,False,,,False,batch,433
16,unemployment_rate,Уровень безработицы,0.0,0.0,0.0,0.0,neutral,False,,,False,batch,433
16,living_wage,Величина прожиточного минимума на душу населения,0.0,0.0,0.0,0.0,neutral,False,,,False,batch,433
16,child_living_wage,Величина прожиточного минимума на ребенка,0.0,0.0,0.0,0.0,neutral,False,,,False,batch,433
16,hospitals,Число больничных организаций,0.0,0.0,0.0,0.0,neutral,False,,,False,batch,433
16,outpatient_clinics,Число амбулаторно-поликлинических организаций,0.0,0.0,0.0,0.0,neutral,False,,,False,batch,433
16,abortions,Число абортов,0.0,0.0,0.0,0.0,neutral,False,,,False,batch,433
16,qualified_doctors,Численность врачей высшей и первой квалификационных категорий,0.0,0.0,0.0,0.0,neutral,False,,,False,batch,433
16,preschool_coverage,Охват детей до 6 лет дошкольным образованием,0.0,0.0,0.0,0.0,neutral,False,,,False,batch,433
16,children_benefits,"Численность детей до 18 лет, на которых назначено пособие",0.0,0.0,0.0,0.0,neutral,False,,,False,batch,433
16,maternity_capital,"Численность лиц, получивших сертификат на материнский капитал",0.0,0.0,0.0,0.0,neutral,False,,,False,batch,433
16,childcare_allowance,Ежемесячное пособие по уходу за первым ребенком,0.0,0.0,0.0,0.0,neutral,False,,,False,batch,433
16,large_families_housing,"Многодетные семьи, улучшившие жилищные условия",0.0,0.0,0.0,0.0,neutral,False,,,False,batch,433
16,housing_area_per_capita,Общая площадь жилья на одного жителя,0.0,0.0,0.0,0.0,neutral,False,,,False,batch,433
16,consumer_price_index,Индексы потребительских цен,0.0,0.0,0.0,0.0,neutral,False,,,False,batch,433
16,primary_housing_price_index,Индексы цен на первичном рынке жилья,0.0,0.0,0.0,0.0,neutral,False,,,False,batch,433
16,secondary_housing_price_index,Индексы цен на вторичном рынке жилья,0.0,0.0,0.0,0.0,neutral,False,,,False,batch,433
16,industrial_production_index,Индексы промышленного производства,0.0,0.0,0.0,0.0,neutral,False,,,False,batch,433
16,enterprises_count,Число предприятий и организаций,0.0,0.0,0.0,0.0,neutral,False,,,False,batch,433
16,crime_count,Количество преступлений,0.0,0.0,0.0,0.0,neutral,False,,,False,batch,433
16,air_pollution,Выбросы загрязняющих веществ в атмосферный воздух,0.0,0.0,0.0,0.0,neutral,False,,,False,batch,433
16,wastewater_discharge,Сброс загрязненных сточных вод,0.0,0.0,0.0,0.0,neutral,False,,,False,batch,433
16,mortality_rate,Коэффициент смертности на 1000 человек,0.9,0.1,0.7,0.9,neutral,True,Их жизни ничто не угрожает,пострадавшие сотрудники РЖД,True,batch,433
16,birth_rate_per_1000,Коэффициент рождаемости на 1000 человек,0.0,0.0,0.0,0.0,neutral,False,,,False,batch,433
17,population_size,Численность населения,0.0,0.0,0.0,0.0,neutral,False,,,False,batch,252
17,divorce_rate,Число зарегистрированных разводов на 1000 населения,0.0,0.0,0.0,0.0,neutral,False,,,False,batch,252
17,marriage_rate,Число зарегистрированных браков на 1000 населения,0.0,0.0,0.0,0.0,neutral,False,,,False,batch,252
17,international_inflow,Число прибывших в страну,0.0,0.0,0.0,0.0,neutral,False,,,False,batch,252
17,international_outflow,Число выбывших из страны,0.0,0.0,0.0,0.0,neutral,False,,,False,batch,252
17,internal_arrivals,Число прибытий внутри региона,0.0,0.0,0.0,0.0,neutral,False,,,False,batch,252
17,internal_departures,Число выбытий из региона,0.0,0.0,0.0,0.0,neutral,False,,,False,batch,252
17,infant_mortality,Коэффициент младенческой смертности,0.0,0.0,0.0,0.0,neutral,False,,,False,batch,252
17,life_expectancy,Ожидаемая продолжительность жизни,0.0,0.0,0.0,0.0,neutral,False,,,False,batch,252
17,male_population,Число мужчин,0.0,0.0,0.0,0.0,neutral,False,,,False,batch,252
17,female_population,Число женщин,0.0,0.0,0.0,0.0,neutral,False,,,False,batch,252
17,per_capita_income,Среднедушевые денежные доходы населения,0.0,0.0,0.0,0.0,neutral,False,,,False,batch,252
17,real_income_index,Реальные денежные доходы населения,0.0,0.0,0.0,0.0,neutral,False,,,False,batch,252
17,unemployment_rate,Уровень безработицы,0.0,0.0,0.0,0.0,neutral,False,,,False,batch,252
17,living_wage,Величина прожиточного минимума на душу населения,0.0,0.0,0.0,0.0,neutral,False,,,False,batch,252
17,child_living_wage,Величина прожиточного минимума на ребенка,0.3,0.3,0.1,0.7,neutral,True,налоговый вычет за спорт родителям,вычет касается расходов на родителей,True,batch,252
17,hospitals,Число больничных организаций,0.0,0.0,0.0,0.0,neutral,False,,,False,batch,252
17,outpatient_clinics,Число амбулаторно-поликлинических организаций,0.0,0.0,0.0,0.0,neutral,False,,,False,batch,252
17,abortions,Число абортов,0.0,0.0,0.0,0.0,neutral,False,,,False,batch,252
17,qualified_doctors,Численность врачей высшей и первой квалификационных категорий,0.0,0.0,0.0,0.0,neutral,False,,,False,batch,252
17,preschool_coverage,Охват детей до 6 лет дошкольным образованием,0.0,0.0,0.0,0.0,neutral,False,,,False,batch,252
17,children_benefits,"Численность детей до 18 лет, на которых назначено пособие",0.0,0.0,0.0,0.0,neutral,False,,,False,batch,252
17,maternity_capital,"Численность лиц, получивших сертификат на материнский капитал",0.0,0.0,0.0,0.0,neutral,False,,,False,batch,252
17,childcare_allowance,Ежемесячное пособие по уходу за первым ребенком,0.0,0.0,0.0,0.0,neutral,False,,,False,batch,252
17,large_families_housing,"Многодетные семьи, улучшившие жилищные условия",0.0,0.0,0.0,0.0,neutral,False,,,False,batch,252
17,housing_area_per_capita,Общая площадь жилья на одного жителя,0.0,0.0,0.0,0.0,neutral,False,,,False,batch,252
17,consumer_price_index,Индексы потребительских цен,0.0,0.0,0.0,0.0,neutral,False,,,False,batch,252
17,primary_housing_price_index,Индексы цен на первичном рынке жилья,0.0,0.0,0.0,0.0,neutral,False,,,False,batch,252
17,secondary_housing_price_index,Индексы цен на вторичном рынке жилья,0.0,0.0,0.0,0.0,neutral,False,,,False,batch,252
17,industrial_production_index,Индексы промышленного производства,0.0,0.0,0.0,0.0,neutral,False,,,False,batch,252
17,enterprises_count,Число предприятий и организаций,0.0,0.0,0.0,0.0,neutral,False,,,False,batch,252
17,crime_count,Количество преступлений,0.0,0.0,0.0,0.0,neutral,False,,,False,batch,252
17,air_pollution,Выбросы загрязняющих веществ в атмосферный воздух,0.0,0.0,0.0,0.0,neutral,False,,,False,batch,252
17,wastewater_discharge,Сброс загрязненных сточных вод,0.0,0.0,0.0,0.0,neutral,False,,,False,batch,252
17,mortality_rate,Коэффициент смертности на 1000 человек,0.0,0.0,0.0,0.0,neutral,False,,,False,batch,252
17,birth_rate_per_1000,Коэффициент рождаемости на 1000 человек,0.0,0.0,0.0,0.0,neutral,False,,,False,batch,252
18,population_size,Численность населения,0.0,0.0,0.0,0.0,neutral,False,,,False,batch,276
18,divorce_rate,Число зарегистрированных разводов на 1000 населения,0.0,0.0,0.0,0.0,neutral,False,,,False,batch,276
18,marriage_rate,Число зарегистрированных браков на 1000 населения,0.0,0.0,0.0,0.0,neutral,False,,,False,batch,276
18,international_inflow,Число прибывших в страну,0.0,0.0,0.0,0.0,neutral,False,,,False,batch,276
18,international_outflow,Число выбывших из страны,0.0,0.0,0.0,0.0,neutral,False,,,False,batch,276
18,internal_arrivals,Число прибытий внутри региона,0.0,0.0,0.0,0.0,neutral,False,,,False,batch,276
18,internal_departures,Число выбытий из региона,0.0,0.0,0.0,0.0,neutral,False,,,False,batch,276
18,infant_mortality,Коэффициент младенческой смертности,0.0,0.0,0.0,0.0,neutral,False,,,False,batch,276
18,life_expectancy,Ожидаемая продолжительность жизни,0.0,0.0,0.0,0.0,neutral,False,,,False,batch,276
18,male_population,Число мужчин,0.0,0.0,0.0,0.0,neutral,False,,,False,batch,276
18,female_population,Число женщин,0.0,0.0,0.0,0.0,neutral,False,,,False,batch,276
18,per_capita_income,Среднедушевые денежные доходы населения,0.0,0.0,0.0,0.0,neutral,False,,,False,batch,276
18,real_income_index,Реальные денежные доходы населения,0.0,0.0,0.0,0.0,neutral,False,,,False,batch,276
18,unemployment_rate,Уровень безработицы,0.0,0.0,0.0,0.0,neutral,False,,,False,batch,276
18,living_wage,Величина прожиточного минимума на душу населения,0.0,0.0,0.0,0.0,neutral,False,,,False,batch,276
18,child_living_wage,Величина прожиточного минимума на ребенка,0.0,0.0,0.0,0.0,neutral,False,,,False,batch,276
18,hospitals,Число больничных организаций,0.0,0.0,0.0,0.0,neutral,False,,,False,batch,276
18,outpatient_clinics,Число амбулаторно-поликлинических организаций,0.0,0.0,0.0,0.0,neutral,False,,,False,batch,276
18,abortions,Число абортов,0.0,0.0,0.0,0.0,neutral,False,,,False,batch,276
18,qualified_doctors,Численность врачей высшей и первой квалификационных категорий,0.0,0.0,0.0,0.0,neutral,False,,,False,batch,276
18,preschool_coverage,Охват детей до 6 лет дошкольным образованием,0.0,0.0,0.0,0.0,neutral,False,,,False,batch,276
18,children_benefits,"Численность детей до 18 лет, на которых назначено пособие",0.0,0.0,0.0,0.0,neutral,False,,,False,batch,276
18,maternity_capital,"Численность лиц, получивших сертификат на материнский капитал",0.0,0.0,0.0,0.0,neutral,False,,,False,batch,276
18,childcare_allowance,Ежемесячное пособие по уходу за первым ребенком,0.0,0.0,0.0,0.0,neutral,False,,,False,batch,276
18,large_families_housing,"Многодетные семьи, улучшившие жилищные условия",0.0,0.0,0.0,0.0,neutral,False,,,False,batch,276
18,housing_area_per_capita,Общая площадь жилья на одного жителя,0.0,0.0,0.0,0.0,neutral,False,,,False,batch,276
18,consumer_price_index,Индексы потребительских цен,0.0,0.0,0.0,0.0,neutral,False,,,False,batch,276
18,primary_housing_price_index,Индексы цен на первичном рынке жилья,0.0,0.0,0.0,0.0,neutral,False,,,False,batch,276
18,secondary_housing_price_index,Индексы цен на вторичном рынке жилья,0.0,0.0,0.0,0.0,neutral,False,,,False,batch,276
18,industrial_production_index,Индексы промышленного производства,0.3,0.0,0.0,0.7,neutral,True,Морской пассажирский транспорт возобновил работу,транспортная инфраструктура возобновлена,True,batch,276
18,enterprises_count,Число предприятий и организаций,0.0,0.0,0.0,0.0,neutral,False,,,False,batch,276
18,crime_count,Количество преступлений,0.0,0.0,0.0,0.0,neutral,False,,,False,batch,276
18,air_pollution,Выбросы загрязняющих веществ в атмосферный воздух,0.0,0.0,0.0,0.0,neutral,False,,,False,batch,276
18,wastewater_discharge,Сброс загрязненных сточных вод,0.0,0.0,0.0,0.0,neutral,False,,,False,batch,276
18,mortality_rate,Коэффициент смертности на 1000 человек,0.0,0.0,0.0,0.0,neutral,False,,,False,batch,276
18,birth_rate_per_1000,Коэффициент рождаемости на 1000 человек,0.0,0.0,0.0,0.0,neutral,False,,,False,batch,276
19,population_size,Численность населения,0.0,0.0,0.0,0.0,neutral,False,,,False,batch,272
19,divorce_rate,Число зарегистрированных разводов на 1000 населения,0.0,0.0,0.0,0.0,neutral,False,,,False,batch,272
19,marriage_rate,Число зарегистрированных браков на 1000 населения,0.0,0.0,0.0,0.0,neutral,False,,,False,batch,272
19,international_inflow,Число прибывших в страну,0.3,0.0,0.0,0.7,neutral,True,Переговоры РФ-США без перемещения людей,не ставить international_inflow только за дипломатию,True,batch,272
19,international_outflow,Число выбывших из страны,0.0,0.0,0.0,0.0,neutral,False,,,False,batch,272
19,internal_arrivals,Число прибытий внутри региона,0.0,0.0,0.0,0.0,neutral,False,,,False,batch,272
19,internal_departures,Число выбытий из региона,0.0,0.0,0.0,0.0,neutral,False,,,False,batch,272
19,infant_mortality,Коэффициент младенческой смертности,0.0,0.0,0.0,0.0,neutral,False,,,False,batch,272
19,life_expectancy,Ожидаемая продолжительность жизни,0.0,0.0,0.0,0.0,neutral,False,,,False,batch,272
19,male_population,Число мужчин,0.0,0.0,0.0,0.0,neutral,False,,,False,batch,272
19,female_population,Число женщин,0.0,0.0,0.0,0.0,neutral,False,,,False,batch,272
19,per_capita_income,Среднедушевые денежные доходы населения,0.0,0.0,0.0,0.0,neutral,False,,,False,batch,272
19,real_income_index,Реальные денежные доходы населения,0.0,0.0,0.0,0.0,neutral,False,,,False,batch,272
19,unemployment_rate,Уровень безработицы,0.0,0.0,0.0,0.0,neutral,False,,,False,batch,272
19,living_wage,Величина прожиточного минимума на душу населения,0.0,0.0,0.0,0.0,neutral,False,,,False,batch,272
19,child_living_wage,Величина прожиточного минимума на ребенка,0.0,0.0,0.0,0.0,neutral,False,,,False,batch,272
19,hospitals,Число больничных организаций,0.0,0.0,0.0,0.0,neutral,False,,,False,batch,272
19,outpatient_clinics,Число амбулаторно-поликлинических организаций,0.0,0.0,0.0,0.0,neutral,False,,,False,batch,272
19,abortions,Число абортов,0.0,0.0,0.0,0.0,neutral,False,,,False,batch,272
19,qualified_doctors,Численность врачей высшей и первой квалификационных категорий,0.0,0.0,0.0,0.0,neutral,False,,,False,batch,272
19,preschool_coverage,Охват детей до 6 лет дошкольным образованием,0.0,0.0,0.0,0.0,neutral,False,,,False,batch,272
19,children_benefits,"Численность детей до 18 лет, на которых назначено пособие",0.0,0.0,0.0,0.0,neutral,False,,,False,batch,272
19,maternity_capital,"Численность лиц, получивших сертификат на материнский капитал",0.0,0.0,0.0,0.0,neutral,False,,,False,batch,272
19,childcare_allowance,Ежемесячное пособие по уходу за первым ребенком,0.0,0.0,0.0,0.0,neutral,False,,,False,batch,272
19,large_families_housing,"Многодетные семьи, улучшившие жилищные условия",0.0,0.0,0.0,0.0,neutral,False,,,False,batch,272
19,housing_area_per_capita,Общая площадь жилья на одного жителя,0.0,0.0,0.0,0.0,neutral,False,,,False,batch,272
19,consumer_price_index,Индексы потребительских цен,0.0,0.0,0.0,0.0,neutral,False,,,False,batch,272
19,primary_housing_price_index,Индексы цен на первичном рынке жилья,0.0,0.0,0.0,0.0,neutral,False,,,False,batch,272
19,secondary_housing_price_index,Индексы цен на вторичном рынке жилья,0.0,0.0,0.0,0.0,neutral,False,,,False,batch,272
19,industrial_production_index,Индексы промышленного производства,0.0,0.0,0.0,0.0,neutral,False,,,False,batch,272
19,enterprises_count,Число предприятий и организаций,0.0,0.0,0.0,0.0,neutral,False,,,False,batch,272
19,crime_count,Количество преступлений,0.0,0.0,0.0,0.0,neutral,False,,,False,batch,272
19,air_pollution,Выбросы загрязняющих веществ в атмосферный воздух,0.0,0.0,0.0,0.0,neutral,False,,,False,batch,272
19,wastewater_discharge,Сброс загрязненных сточных вод,0.0,0.0,0.0,0.0,neutral,False,,,False,batch,272
19,mortality_rate,Коэффициент смертности на 1000 человек,0.0,0.0,0.0,0.0,neutral,False,,,False,batch,272
19,birth_rate_per_1000,Коэффициент рождаемости на 1000 человек,0.0,0.0,0.0,0.0,neutral,False,,,False,batch,272
24,population_size,Численность населения,0.0,0.0,0.0,0.0,neutral,False,,,False,batch,518
24,divorce_rate,Число зарегистрированных разводов на 1000 населения,0.0,0.0,0.0,0.0,neutral,False,,,False,batch,518
24,marriage_rate,Число зарегистрированных браков на 1000 населения,0.0,0.0,0.0,0.0,neutral,False,,,False,batch,518
24,international_inflow,Число прибывших в страну,0.0,0.0,0.0,0.0,neutral,False,,,False,batch,518
24,international_outflow,Число выбывших из страны,0.0,0.0,0.0,0.0,neutral,False,,,False,batch,518
24,internal_arrivals,Число прибытий внутри региона,0.0,0.0,0.0,0.0,neutral,False,,,False,batch,518
24,internal_departures,Число выбытий из региона,0.0,0.0,0.0,0.0,neutral,False,,,False,batch,518
24,infant_mortality,Коэффициент младенческой смертности,0.0,0.0,0.0,0.0,neutral,False,,,False,batch,518
24,life_expectancy,Ожидаемая продолжительность жизни,0.0,0.0,0.0,0.0,neutral,False,,,False,batch,518
24,male_population,Число мужчин,0.0,0.0,0.0,0.0,neutral,False,,,False,batch,518
24,female_population,Число женщин,0.0,0.0,0.0,0.0,neutral,False,,,False,batch,518
24,per_capita_income,Среднедушевые денежные доходы населения,0.0,0.0,0.0,0.0,neutral,False,,,False,batch,518
24,real_income_index,Реальные денежные доходы населения,0.0,0.0,0.0,0.0,neutral,False,,,False,batch,518
24,unemployment_rate,Уровень безработицы,0.0,0.0,0.0,0.0,neutral,False,,,False,batch,518
24,living_wage,Величина прожиточного минимума на душу населения,0.0,0.0,0.0,0.0,neutral,False,,,False,batch,518
24,child_living_wage,Величина прожиточного минимума на ребенка,0.0,0.0,0.0,0.0,neutral,False,,,False,batch,518
24,hospitals,Число больничных организаций,0.0,0.0,0.0,0.0,neutral,False,,,False,batch,518
24,outpatient_clinics,Число амбулаторно-поликлинических организаций,0.0,0.0,0.0,0.0,neutral,False,,,False,batch,518
24,abortions,Число абортов,0.0,0.0,0.0,0.0,neutral,False,,,False,batch,518
24,qualified_doctors,Численность врачей высшей и первой квалификационных категорий,0.0,0.0,0.0,0.0,neutral,False,,,False,batch,518
24,preschool_coverage,Охват детей до 6 лет дошкольным образованием,0.0,0.0,0.0,0.0,neutral,False,,,False,batch,518
24,children_benefits,"Численность детей до 18 лет, на которых назначено пособие",0.0,0.0,0.0,0.0,neutral,False,,,False,batch,518
24,maternity_capital,"Численность лиц, получивших сертификат на материнский капитал",0.0,0.0,0.0,0.0,neutral,False,,,False,batch,518
24,childcare_allowance,Ежемесячное пособие по уходу за первым ребенком,0.0,0.0,0.0,0.0,neutral,False,,,False,batch,518
24,large_families_housing,"Многодетные семьи, улучшившие жилищные условия",0.0,0.0,0.0,0.0,neutral,False,,,False,batch,518
24,housing_area_per_capita,Общая площадь жилья на одного жителя,0.9,-0.5,0.7,0.9,negative,True,"Без воды осталось 15 многоэтажных домов, около пяти тысяч человек",Авария привела к потере воды и жилья,True,batch,518
24,consumer_price_index,Индексы потребительских цен,0.0,0.0,0.0,0.0,neutral,False,,,False,batch,518
24,primary_housing_price_index,Индексы цен на первичном рынке жилья,0.0,0.0,0.0,0.0,neutral,False,,,False,batch,518
24,secondary_housing_price_index,Индексы цен на вторичном рынке жилья,0.0,0.0,0.0,0.0,neutral,False,,,False,batch,518
24,industrial_production_index,Индексы промышленного производства,0.0,0.0,0.0,0.0,neutral,False,,,False,batch,518
24,enterprises_count,Число предприятий и организаций,0.0,0.0,0.0,0.0,neutral,False,,,False,batch,518
24,crime_count,Количество преступлений,0.0,0.0,0.0,0.0,neutral,False,,,False,batch,518
24,air_pollution,Выбросы загрязняющих веществ в атмосферный воздух,0.0,0.0,0.0,0.0,neutral,False,,,False,batch,518
24,wastewater_discharge,Сброс загрязненных сточных вод,0.6,-0.5,0.6,0.8,negative,True,Авария на водоканале оставила без воды,Проблема с водоснабжением и сбросом стоков,True,batch,518
24,mortality_rate,Коэффициент смертности на 1000 человек,0.0,0.0,0.0,0.0,neutral,False,,,False,batch,518
24,birth_rate_per_1000,Коэффициент рождаемости на 1000 человек,0.0,0.0,0.0,0.0,neutral,False,,,False,batch,518
35,population_size,Численность населения,0.0,0.0,0.0,0.0,neutral,False,,,False,batch,230
35,divorce_rate,Число зарегистрированных разводов на 1000 населения,0.0,0.0,0.0,0.0,neutral,False,,,False,batch,230
35,marriage_rate,Число зарегистрированных браков на 1000 населения,0.0,0.0,0.0,0.0,neutral,False,,,False,batch,230
35,international_inflow,Число прибывших в страну,0.0,0.0,0.0,0.0,neutral,False,,,False,batch,230
35,international_outflow,Число выбывших из страны,0.3,0.0,0.0,0.7,neutral,True,переговоры в Майами,переговоры без движения людей,True,batch,230
35,internal_arrivals,Число прибытий внутри региона,0.0,0.0,0.0,0.0,neutral,False,,,False,batch,230
35,internal_departures,Число выбытий из региона,0.0,0.0,0.0,0.0,neutral,False,,,False,batch,230
35,infant_mortality,Коэффициент младенческой смертности,0.0,0.0,0.0,0.0,neutral,False,,,False,batch,230
35,life_expectancy,Ожидаемая продолжительность жизни,0.0,0.0,0.0,0.0,neutral,False,,,False,batch,230
35,male_population,Число мужчин,0.0,0.0,0.0,0.0,neutral,False,,,False,batch,230
35,female_population,Число женщин,0.0,0.0,0.0,0.0,neutral,False,,,False,batch,230
35,per_capita_income,Среднедушевые денежные доходы населения,0.0,0.0,0.0,0.0,neutral,False,,,False,batch,230
35,real_income_index,Реальные денежные доходы населения,0.0,0.0,0.0,0.0,neutral,False,,,False,batch,230
35,unemployment_rate,Уровень безработицы,0.0,0.0,0.0,0.0,neutral,False,,,False,batch,230
35,living_wage,Величина прожиточного минимума на душу населения,0.0,0.0,0.0,0.0,neutral,False,,,False,batch,230
35,child_living_wage,Величина прожиточного минимума на ребенка,0.0,0.0,0.0,0.0,neutral,False,,,False,batch,230
35,hospitals,Число больничных организаций,0.0,0.0,0.0,0.0,neutral,False,,,False,batch,230
35,outpatient_clinics,Число амбулаторно-поликлинических организаций,0.0,0.0,0.0,0.0,neutral,False,,,False,batch,230
35,abortions,Число абортов,0.0,0.0,0.0,0.0,neutral,False,,,False,batch,230
35,qualified_doctors,Численность врачей высшей и первой квалификационных категорий,0.0,0.0,0.0,0.0,neutral,False,,,False,batch,230
35,preschool_coverage,Охват детей до 6 лет дошкольным образованием,0.0,0.0,0.0,0.0,neutral,False,,,False,batch,230
35,children_benefits,"Численность детей до 18 лет, на которых назначено пособие",0.0,0.0,0.0,0.0,neutral,False,,,False,batch,230
35,maternity_capital,"Численность лиц, получивших сертификат на материнский капитал",0.0,0.0,0.0,0.0,neutral,False,,,False,batch,230
35,childcare_allowance,Ежемесячное пособие по уходу за первым ребенком,0.0,0.0,0.0,0.0,neutral,False,,,False,batch,230
35,large_families_housing,"Многодетные семьи, улучшившие жилищные условия",0.0,0.0,0.0,0.0,neutral,False,,,False,batch,230
35,housing_area_per_capita,Общая площадь жилья на одного жителя,0.0,0.0,0.0,0.0,neutral,False,,,False,batch,230
35,consumer_price_index,Индексы потребительских цен,0.0,0.0,0.0,0.0,neutral,False,,,False,batch,230
35,primary_housing_price_index,Индексы цен на первичном рынке жилья,0.0,0.0,0.0,0.0,neutral,False,,,False,batch,230
35,secondary_housing_price_index,Индексы цен на вторичном рынке жилья,0.0,0.0,0.0,0.0,neutral,False,,,False,batch,230
35,industrial_production_index,Индексы промышленного производства,0.0,0.0,0.0,0.0,neutral,False,,,False,batch,230
35,enterprises_count,Число предприятий и организаций,0.0,0.0,0.0,0.0,neutral,False,,,False,batch,230
35,crime_count,Количество преступлений,0.0,0.0,0.0,0.0,neutral,False,,,False,batch,230
35,air_pollution,Выбросы загрязняющих веществ в атмосферный воздух,0.0,0.0,0.0,0.0,neutral,False,,,False,batch,230
35,wastewater_discharge,Сброс загрязненных сточных вод,0.0,0.0,0.0,0.0,neutral,False,,,False,batch,230
35,mortality_rate,Коэффициент смертности на 1000 человек,0.0,0.0,0.0,0.0,neutral,False,,,False,batch,230
35,birth_rate_per_1000,Коэффициент рождаемости на 1000 человек,0.0,0.0,0.0,0.0,neutral,False,,,False,batch,230
40,population_size,Численность населения,0.0,0.0,0.0,0.0,neutral,False,,,False,neutral_after_error,0
40,divorce_rate,Число зарегистрированных разводов на 1000 населения,0.0,0.0,0.0,0.0,neutral,False,,,False,neutral_after_error,0
40,marriage_rate,Число зарегистрированных браков на 1000 населения,0.0,0.0,0.0,0.0,neutral,False,,,False,neutral_after_error,0
40,international_inflow,Число прибывших в страну,0.0,0.0,0.0,0.0,neutral,False,,,False,neutral_after_error,0
40,international_outflow,Число выбывших из страны,0.0,0.0,0.0,0.0,neutral,False,,,False,neutral_after_error,0
40,internal_arrivals,Число прибытий внутри региона,0.0,0.0,0.0,0.0,neutral,False,,,False,neutral_after_error,0
40,internal_departures,Число выбытий из региона,0.0,0.0,0.0,0.0,neutral,False,,,False,neutral_after_error,0
40,infant_mortality,Коэффициент младенческой смертности,0.0,0.0,0.0,0.0,neutral,False,,,False,neutral_after_error,0
40,life_expectancy,Ожидаемая продолжительность жизни,0.0,0.0,0.0,0.0,neutral,False,,,False,neutral_after_error,0
40,male_population,Число мужчин,0.0,0.0,0.0,0.0,neutral,False,,,False,neutral_after_error,0
40,female_population,Число женщин,0.0,0.0,0.0,0.0,neutral,False,,,False,neutral_after_error,0
40,per_capita_income,Среднедушевые денежные доходы населения,0.0,0.0,0.0,0.0,neutral,False,,,False,neutral_after_error,0
40,real_income_index,Реальные денежные доходы населения,0.0,0.0,0.0,0.0,neutral,False,,,False,neutral_after_error,0
40,unemployment_rate,Уровень безработицы,0.0,0.0,0.0,0.0,neutral,False,,,False,neutral_after_error,0
40,living_wage,Величина прожиточного минимума на душу населения,0.0,0.0,0.0,0.0,neutral,False,,,False,neutral_after_error,0
40,child_living_wage,Величина прожиточного минимума на ребенка,0.0,0.0,0.0,0.0,neutral,False,,,False,neutral_after_error,0
40,hospitals,Число больничных организаций,0.0,0.0,0.0,0.0,neutral,False,,,False,neutral_after_error,0
40,outpatient_clinics,Число амбулаторно-поликлинических организаций,0.0,0.0,0.0,0.0,neutral,False,,,False,neutral_after_error,0
40,abortions,Число абортов,0.0,0.0,0.0,0.0,neutral,False,,,False,neutral_after_error,0
40,qualified_doctors,Численность врачей высшей и первой квалификационных категорий,0.0,0.0,0.0,0.0,neutral,False,,,False,neutral_after_error,0
40,preschool_coverage,Охват детей до 6 лет дошкольным образованием,0.0,0.0,0.0,0.0,neutral,False,,,False,neutral_after_error,0
40,children_benefits,"Численность детей до 18 лет, на которых назначено пособие",0.0,0.0,0.0,0.0,neutral,False,,,False,neutral_after_error,0
40,maternity_capital,"Численность лиц, получивших сертификат на материнский капитал",0.0,0.0,0.0,0.0,neutral,False,,,False,neutral_after_error,0
40,childcare_allowance,Ежемесячное пособие по уходу за первым ребенком,0.0,0.0,0.0,0.0,neutral,False,,,False,neutral_after_error,0
40,large_families_housing,"Многодетные семьи, улучшившие жилищные условия",0.0,0.0,0.0,0.0,neutral,False,,,False,neutral_after_error,0
40,housing_area_per_capita,Общая площадь жилья на одного жителя,0.0,0.0,0.0,0.0,neutral,False,,,False,neutral_after_error,0
40,consumer_price_index,Индексы потребительских цен,0.0,0.0,0.0,0.0,neutral,False,,,False,neutral_after_error,0
40,primary_housing_price_index,Индексы цен на первичном рынке жилья,0.0,0.0,0.0,0.0,neutral,False,,,False,neutral_after_error,0
40,secondary_housing_price_index,Индексы цен на вторичном рынке жилья,0.0,0.0,0.0,0.0,neutral,False,,,False,neutral_after_error,0
40,industrial_production_index,Индексы промышленного производства,0.0,0.0,0.0,0.0,neutral,False,,,False,neutral_after_error,0
40,enterprises_count,Число предприятий и организаций,0.0,0.0,0.0,0.0,neutral,False,,,False,neutral_after_error,0
40,crime_count,Количество преступлений,0.0,0.0,0.0,0.0,neutral,False,,,False,neutral_after_error,0
40,air_pollution,Выбросы загрязняющих веществ в атмосферный воздух,0.0,0.0,0.0,0.0,neutral,False,,,False,neutral_after_error,0
40,wastewater_discharge,Сброс загрязненных сточных вод,0.0,0.0,0.0,0.0,neutral,False,,,False,neutral_after_error,0
40,mortality_rate,Коэффициент смертности на 1000 человек,0.0,0.0,0.0,0.0,neutral,False,,,False,neutral_after_error,0
40,birth_rate_per_1000,Коэффициент рождаемости на 1000 человек,0.0,0.0,0.0,0.0,neutral,False,,,False,neutral_after_error,0
41,population_size,Численность населения,0.0,0.0,0.0,0.0,neutral,False,,,False,batch,254
41,divorce_rate,Число зарегистрированных разводов на 1000 населения,0.0,0.0,0.0,0.0,neutral,False,,,False,batch,254
41,marriage_rate,Число зарегистрированных браков на 1000 населения,0.0,0.0,0.0,0.0,neutral,False,,,False,batch,254
41,international_inflow,Число прибывших в страну,0.0,0.0,0.0,0.0,neutral,False,,,False,batch,254
41,international_outflow,Число выбывших из страны,0.0,0.0,0.0,0.0,neutral,False,,,False,batch,254
41,internal_arrivals,Число прибытий внутри региона,0.0,0.0,0.0,0.0,neutral,False,,,False,batch,254
41,internal_departures,Число выбытий из региона,0.0,0.0,0.0,0.0,neutral,False,,,False,batch,254
41,infant_mortality,Коэффициент младенческой смертности,0.0,0.0,0.0,0.0,neutral,False,,,False,batch,254
41,life_expectancy,Ожидаемая продолжительность жизни,0.0,0.0,0.0,0.0,neutral,False,,,False,batch,254
41,male_population,Число мужчин,0.0,0.0,0.0,0.0,neutral,False,,,False,batch,254
41,female_population,Число женщин,0.0,0.0,0.0,0.0,neutral,False,,,False,batch,254
41,per_capita_income,Среднедушевые денежные доходы населения,0.0,0.0,0.0,0.0,neutral,False,,,False,batch,254
41,real_income_index,Реальные денежные доходы населения,0.0,0.0,0.0,0.0,neutral,False,,,False,batch,254
41,unemployment_rate,Уровень безработицы,0.0,0.0,0.0,0.0,neutral,False,,,False,batch,254
41,living_wage,Величина прожиточного минимума на душу населения,0.0,0.0,0.0,0.0,neutral,False,,,False,batch,254
41,child_living_wage,Величина прожиточного минимума на ребенка,0.0,0.0,0.0,0.0,neutral,False,,,False,batch,254
41,hospitals,Число больничных организаций,0.0,0.0,0.0,0.0,neutral,False,,,False,batch,254
41,outpatient_clinics,Число амбулаторно-поликлинических организаций,0.0,0.0,0.0,0.0,neutral,False,,,False,batch,254
41,abortions,Число абортов,0.0,0.0,0.0,0.0,neutral,False,,,False,batch,254
41,qualified_doctors,Численность врачей высшей и первой квалификационных категорий,0.0,0.0,0.0,0.0,neutral,False,,,False,batch,254
41,preschool_coverage,Охват детей до 6 лет дошкольным образованием,0.0,0.0,0.0,0.0,neutral,False,,,False,batch,254
41,children_benefits,"Численность детей до 18 лет, на которых назначено пособие",0.0,0.0,0.0,0.0,neutral,False,,,False,batch,254
41,maternity_capital,"Численность лиц, получивших сертификат на материнский капитал",0.0,0.0,0.0,0.0,neutral,False,,,False,batch,254
41,childcare_allowance,Ежемесячное пособие по уходу за первым ребенком,0.0,0.0,0.0,0.0,neutral,False,,,False,batch,254
41,large_families_housing,"Многодетные семьи, улучшившие жилищные условия",0.0,0.0,0.0,0.0,neutral,False,,,False,batch,254
41,housing_area_per_capita,Общая площадь жилья на одного жителя,0.0,0.0,0.0,0.0,neutral,False,,,False,batch,254
41,consumer_price_index,Индексы потребительских цен,0.0,0.0,0.0,0.0,neutral,False,,,False,batch,254
41,primary_housing_price_index,Индексы цен на первичном рынке жилья,0.0,0.0,0.0,0.0,neutral,False,,,False,batch,254
41,secondary_housing_price_index,Индексы цен на вторичном рынке жилья,0.0,0.0,0.0,0.0,neutral,False,,,False,batch,254
41,industrial_production_index,Индексы промышленного производства,0.6,0.0,0.0,0.8,neutral,True,военные учения,военные учения влияют на военную промышленность,True,batch,254
41,enterprises_count,Число предприятий и организаций,0.0,0.0,0.0,0.0,neutral,False,,,False,batch,254
41,crime_count,Количество преступлений,0.0,0.0,0.0,0.0,neutral,False,,,False,batch,254
41,air_pollution,Выбросы загрязняющих веществ в атмосферный воздух,0.0,0.0,0.0,0.0,neutral,False,,,False,batch,254
41,wastewater_discharge,Сброс загрязненных сточных вод,0.0,0.0,0.0,0.0,neutral,False,,,False,batch,254
41,mortality_rate,Коэффициент смертности на 1000 человек,0.0,0.0,0.0,0.0,neutral,False,,,False,batch,254
41,birth_rate_per_1000,Коэффициент рождаемости на 1000 человек,0.0,0.0,0.0,0.0,neutral,False,,,False,batch,254
49,population_size,Численность населения,0.0,0.0,0.0,0.0,neutral,False,,,False,batch,249
49,divorce_rate,Число зарегистрированных разводов на 1000 населения,0.0,0.0,0.0,0.0,neutral,False,,,False,batch,249
49,marriage_rate,Число зарегистрированных браков на 1000 населения,0.0,0.0,0.0,0.0,neutral,False,,,False,batch,249
49,international_inflow,Число прибывших в страну,0.3,0.3,0.1,0.7,neutral,True,наращиванию двусторонних связей,двусторонние связи между странами,True,batch,249
49,international_outflow,Число выбывших из страны,0.0,0.0,0.0,0.0,neutral,False,,,False,batch,249
49,internal_arrivals,Число прибытий внутри региона,0.0,0.0,0.0,0.0,neutral,False,,,False,batch,249
49,internal_departures,Число выбытий из региона,0.0,0.0,0.0,0.0,neutral,False,,,False,batch,249
49,infant_mortality,Коэффициент младенческой смертности,0.0,0.0,0.0,0.0,neutral,False,,,False,batch,249
49,life_expectancy,Ожидаемая продолжительность жизни,0.0,0.0,0.0,0.0,neutral,False,,,False,batch,249
49,male_population,Число мужчин,0.0,0.0,0.0,0.0,neutral,False,,,False,batch,249
49,female_population,Число женщин,0.0,0.0,0.0,0.0,neutral,False,,,False,batch,249
49,per_capita_income,Среднедушевые денежные доходы населения,0.0,0.0,0.0,0.0,neutral,False,,,False,batch,249
49,real_income_index,Реальные денежные доходы населения,0.0,0.0,0.0,0.0,neutral,False,,,False,batch,249
49,unemployment_rate,Уровень безработицы,0.0,0.0,0.0,0.0,neutral,False,,,False,batch,249
49,living_wage,Величина прожиточного минимума на душу населения,0.0,0.0,0.0,0.0,neutral,False,,,False,batch,249
49,child_living_wage,Величина прожиточного минимума на ребенка,0.0,0.0,0.0,0.0,neutral,False,,,False,batch,249
49,hospitals,Число больничных организаций,0.0,0.0,0.0,0.0,neutral,False,,,False,batch,249
49,outpatient_clinics,Число амбулаторно-поликлинических организаций,0.0,0.0,0.0,0.0,neutral,False,,,False,batch,249
49,abortions,Число абортов,0.0,0.0,0.0,0.0,neutral,False,,,False,batch,249
49,qualified_doctors,Численность врачей высшей и первой квалификационных категорий,0.0,0.0,0.0,0.0,neutral,False,,,False,batch,249
49,preschool_coverage,Охват детей до 6 лет дошкольным образованием,0.0,0.0,0.0,0.0,neutral,False,,,False,batch,249
49,children_benefits,"Численность детей до 18 лет, на которых назначено пособие",0.0,0.0,0.0,0.0,neutral,False,,,False,batch,249
49,maternity_capital,"Численность лиц, получивших сертификат на материнский капитал",0.0,0.0,0.0,0.0,neutral,False,,,False,batch,249
49,childcare_allowance,Ежемесячное пособие по уходу за первым ребенком,0.0,0.0,0.0,0.0,neutral,False,,,False,batch,249
49,large_families_housing,"Многодетные семьи, улучшившие жилищные условия",0.0,0.0,0.0,0.0,neutral,False,,,False,batch,249
49,housing_area_per_capita,Общая площадь жилья на одного жителя,0.0,0.0,0.0,0.0,neutral,False,,,False,batch,249
49,consumer_price_index,Индексы потребительских цен,0.0,0.0,0.0,0.0,neutral,False,,,False,batch,249
49,primary_housing_price_index,Индексы цен на первичном рынке жилья,0.0,0.0,0.0,0.0,neutral,False,,,False,batch,249
49,secondary_housing_price_index,Индексы цен на вторичном рынке жилья,0.0,0.0,0.0,0.0,neutral,False,,,False,batch,249
49,industrial_production_index,Индексы промышленного производства,0.0,0.0,0.0,0.0,neutral,False,,,False,batch,249
49,enterprises_count,Число предприятий и организаций,0.0,0.0,0.0,0.0,neutral,False,,,False,batch,249
49,crime_count,Количество преступлений,0.0,0.0,0.0,0.0,neutral,False,,,False,batch,249
49,air_pollution,Выбросы загрязняющих веществ в атмосферный воздух,0.0,0.0,0.0,0.0,neutral,False,,,False,batch,249
49,wastewater_discharge,Сброс загрязненных сточных вод,0.0,0.0,0.0,0.0,neutral,False,,,False,batch,249
49,mortality_rate,Коэффициент смертности на 1000 человек,0.0,0.0,0.0,0.0,neutral,False,,,False,batch,249
49,birth_rate_per_1000,Коэффициент рождаемости на 1000 человек,0.0,0.0,0.0,0.0,neutral,False,,,False,batch,249
54,population_size,Численность населения,0.0,0.0,0.0,0.0,neutral,False,,,False,batch,277
54,divorce_rate,Число зарегистрированных разводов на 1000 населения,0.0,0.0,0.0,0.0,neutral,False,,,False,batch,277
54,marriage_rate,Число зарегистрированных браков на 1000 населения,0.0,0.0,0.0,0.0,neutral,False,,,False,batch,277
54,international_inflow,Число прибывших в страну,0.0,0.0,0.0,0.0,neutral,False,,,False,batch,277
54,international_outflow,Число выбывших из страны,0.0,0.0,0.0,0.0,neutral,False,,,False,batch,277
54,internal_arrivals,Число прибытий внутри региона,0.0,0.0,0.0,0.0,neutral,False,,,False,batch,277
54,internal_departures,Число выбытий из региона,0.0,0.0,0.0,0.0,neutral,False,,,False,batch,277
54,infant_mortality,Коэффициент младенческой смертности,0.0,0.0,0.0,0.0,neutral,False,,,False,batch,277
54,life_expectancy,Ожидаемая продолжительность жизни,0.0,0.0,0.0,0.0,neutral,False,,,False,batch,277
54,male_population,Число мужчин,0.0,0.0,0.0,0.0,neutral,False,,,False,batch,277
54,female_population,Число женщин,0.0,0.0,0.0,0.0,neutral,False,,,False,batch,277
54,per_capita_income,Среднедушевые денежные доходы населения,0.0,0.0,0.0,0.0,neutral,False,,,False,batch,277
54,real_income_index,Реальные денежные доходы населения,0.0,0.0,0.0,0.0,neutral,False,,,False,batch,277
54,unemployment_rate,Уровень безработицы,0.0,0.0,0.0,0.0,neutral,False,,,False,batch,277
54,living_wage,Величина прожиточного минимума на душу населения,0.0,0.0,0.0,0.0,neutral,False,,,False,batch,277
54,child_living_wage,Величина прожиточного минимума на ребенка,0.0,0.0,0.0,0.0,neutral,False,,,False,batch,277
54,hospitals,Число больничных организаций,0.0,0.0,0.0,0.0,neutral,False,,,False,batch,277
54,outpatient_clinics,Число амбулаторно-поликлинических организаций,0.0,0.0,0.0,0.0,neutral,False,,,False,batch,277
54,abortions,Число абортов,0.0,0.0,0.0,0.0,neutral,False,,,False,batch,277
54,qualified_doctors,Численность врачей высшей и первой квалификационных категорий,0.0,0.0,0.0,0.0,neutral,False,,,False,batch,277
54,preschool_coverage,Охват детей до 6 лет дошкольным образованием,0.0,0.0,0.0,0.0,neutral,False,,,False,batch,277
54,children_benefits,"Численность детей до 18 лет, на которых назначено пособие",0.0,0.0,0.0,0.0,neutral,False,,,False,batch,277
54,maternity_capital,"Численность лиц, получивших сертификат на материнский капитал",0.0,0.0,0.0,0.0,neutral,False,,,False,batch,277
54,childcare_allowance,Ежемесячное пособие по уходу за первым ребенком,0.0,0.0,0.0,0.0,neutral,False,,,False,batch,277
54,large_families_housing,"Многодетные семьи, улучшившие жилищные условия",0.0,0.0,0.0,0.0,neutral,False,,,False,batch,277
54,housing_area_per_capita,Общая площадь жилья на одного жителя,0.0,0.0,0.0,0.0,neutral,False,,,False,batch,277
54,consumer_price_index,Индексы потребительских цен,0.0,0.0,0.0,0.0,neutral,False,,,False,batch,277
54,primary_housing_price_index,Индексы цен на первичном рынке жилья,0.0,0.0,0.0,0.0,neutral,False,,,False,batch,277
54,secondary_housing_price_index,Индексы цен на вторичном рынке жилья,0.0,0.0,0.0,0.0,neutral,False,,,False,batch,277
54,industrial_production_index,Индексы промышленного производства,0.6,0.0,0.0,0.8,neutral,True,инвестквот на вылов рыбы,инвестиционные квоты связаны с производством флота и заводов,True,batch,277
54,enterprises_count,Число предприятий и организаций,0.0,0.0,0.0,0.0,neutral,False,,,False,batch,277
54,crime_count,Количество преступлений,0.0,0.0,0.0,0.0,neutral,False,,,False,batch,277
54,air_pollution,Выбросы загрязняющих веществ в атмосферный воздух,0.0,0.0,0.0,0.0,neutral,False,,,False,batch,277
54,wastewater_discharge,Сброс загрязненных сточных вод,0.0,0.0,0.0,0.0,neutral,False,,,False,batch,277
54,mortality_rate,Коэффициент смертности на 1000 человек,0.0,0.0,0.0,0.0,neutral,False,,,False,batch,277
54,birth_rate_per_1000,Коэффициент рождаемости на 1000 человек,0.0,0.0,0.0,0.0,neutral,False,,,False,batch,277
56,population_size,Численность населения,0.0,0.0,0.0,0.0,neutral,False,,,False,batch,300
56,divorce_rate,Число зарегистрированных разводов на 1000 населения,0.0,0.0,0.0,0.0,neutral,False,,,False,batch,300
56,marriage_rate,Число зарегистрированных браков на 1000 населения,0.0,0.0,0.0,0.0,neutral,False,,,False,batch,300
56,international_inflow,Число прибывших в страну,0.0,0.0,0.0,0.0,neutral,False,,,False,batch,300
56,international_outflow,Число выбывших из страны,0.0,0.0,0.0,0.0,neutral,False,,,False,batch,300
56,internal_arrivals,Число прибытий внутри региона,0.0,0.0,0.0,0.0,neutral,False,,,False,batch,300
56,internal_departures,Число выбытий из региона,0.0,0.0,0.0,0.0,neutral,False,,,False,batch,300
56,infant_mortality,Коэффициент младенческой смертности,0.0,0.0,0.0,0.0,neutral,False,,,False,batch,300
56,life_expectancy,Ожидаемая продолжительность жизни,0.0,0.0,0.0,0.0,neutral,False,,,False,batch,300
56,male_population,Число мужчин,0.0,0.0,0.0,0.0,neutral,False,,,False,batch,300
56,female_population,Число женщин,0.0,0.0,0.0,0.0,neutral,False,,,False,batch,300
56,per_capita_income,Среднедушевые денежные доходы населения,0.0,0.0,0.0,0.0,neutral,False,,,False,batch,300
56,real_income_index,Реальные денежные доходы населения,0.0,0.0,0.0,0.0,neutral,False,,,False,batch,300
56,unemployment_rate,Уровень безработицы,0.0,0.0,0.0,0.0,neutral,False,,,False,batch,300
56,living_wage,Величина прожиточного минимума на душу населения,0.0,0.0,0.0,0.0,neutral,False,,,False,batch,300
56,child_living_wage,Величина прожиточного минимума на ребенка,0.0,0.0,0.0,0.0,neutral,False,,,False,batch,300
56,hospitals,Число больничных организаций,0.0,0.0,0.0,0.0,neutral,False,,,False,batch,300
56,outpatient_clinics,Число амбулаторно-поликлинических организаций,0.0,0.0,0.0,0.0,neutral,False,,,False,batch,300
56,abortions,Число абортов,0.0,0.0,0.0,0.0,neutral,False,,,False,batch,300
56,qualified_doctors,Численность врачей высшей и первой квалификационных категорий,0.0,0.0,0.0,0.0,neutral,False,,,False,batch,300
56,preschool_coverage,Охват детей до 6 лет дошкольным образованием,0.0,0.0,0.0,0.0,neutral,False,,,False,batch,300
56,children_benefits,"Численность детей до 18 лет, на которых назначено пособие",0.0,0.0,0.0,0.0,neutral,False,,,False,batch,300
56,maternity_capital,"Численность лиц, получивших сертификат на материнский капитал",0.0,0.0,0.0,0.0,neutral,False,,,False,batch,300
56,childcare_allowance,Ежемесячное пособие по уходу за первым ребенком,0.0,0.0,0.0,0.0,neutral,False,,,False,batch,300
56,large_families_housing,"Многодетные семьи, улучшившие жилищные условия",0.0,0.0,0.0,0.0,neutral,False,,,False,batch,300
56,housing_area_per_capita,Общая площадь жилья на одного жителя,0.0,0.0,0.0,0.0,neutral,False,,,False,batch,300
56,consumer_price_index,Индексы потребительских цен,0.0,0.0,0.0,0.0,neutral,False,,,False,batch,300
56,primary_housing_price_index,Индексы цен на первичном рынке жилья,0.0,0.0,0.0,0.0,neutral,False,,,False,batch,300
56,secondary_housing_price_index,Индексы цен на вторичном рынке жилья,0.0,0.0,0.0,0.0,neutral,False,,,False,batch,300
56,industrial_production_index,Индексы промышленного производства,0.3,0.0,0.0,0.7,neutral,True,Российские ледоколы помогают финским судам,помощь судам связана с морской логистикой и промышленной деятельностью,True,batch,300
56,enterprises_count,Число предприятий и организаций,0.0,0.0,0.0,0.0,neutral,False,,,False,batch,300
56,crime_count,Количество преступлений,0.0,0.0,0.0,0.0,neutral,False,,,False,batch,300
56,air_pollution,Выбросы загрязняющих веществ в атмосферный воздух,0.0,0.0,0.0,0.0,neutral,False,,,False,batch,300
56,wastewater_discharge,Сброс загрязненных сточных вод,0.0,0.0,0.0,0.0,neutral,False,,,False,batch,300
56,mortality_rate,Коэффициент смертности на 1000 человек,0.0,0.0,0.0,0.0,neutral,False,,,False,batch,300
56,birth_rate_per_1000,Коэффициент рождаемости на 1000 человек,0.0,0.0,0.0,0.0,neutral,False,,,False,batch,300
57,population_size,Численность населения,0.0,0.0,0.0,0.0,neutral,False,,,False,batch,224
57,divorce_rate,Число зарегистрированных разводов на 1000 населения,0.0,0.0,0.0,0.0,neutral,False,,,False,batch,224
57,marriage_rate,Число зарегистрированных браков на 1000 населения,0.0,0.0,0.0,0.0,neutral,False,,,False,batch,224
57,international_inflow,Число прибывших в страну,0.0,0.0,0.0,0.0,neutral,False,,,False,batch,224
57,international_outflow,Число выбывших из страны,0.0,0.0,0.0,0.0,neutral,False,,,False,batch,224
57,internal_arrivals,Число прибытий внутри региона,0.0,0.0,0.0,0.0,neutral,False,,,False,batch,224
57,internal_departures,Число выбытий из региона,0.0,0.0,0.0,0.0,neutral,False,,,False,batch,224
57,infant_mortality,Коэффициент младенческой смертности,0.0,0.0,0.0,0.0,neutral,False,,,False,batch,224
57,life_expectancy,Ожидаемая продолжительность жизни,0.0,0.0,0.0,0.0,neutral,False,,,False,batch,224
57,male_population,Число мужчин,0.0,0.0,0.0,0.0,neutral,False,,,False,batch,224
57,female_population,Число женщин,0.0,0.0,0.0,0.0,neutral,False,,,False,batch,224
57,per_capita_income,Среднедушевые денежные доходы населения,0.0,0.0,0.0,0.0,neutral,False,,,False,batch,224
57,real_income_index,Реальные денежные доходы населения,0.0,0.0,0.0,0.0,neutral,False,,,False,batch,224
57,unemployment_rate,Уровень безработицы,0.0,0.0,0.0,0.0,neutral,False,,,False,batch,224
57,living_wage,Величина прожиточного минимума на душу населения,0.0,0.0,0.0,0.0,neutral,False,,,False,batch,224
57,child_living_wage,Величина прожиточного минимума на ребенка,0.0,0.0,0.0,0.0,neutral,False,,,False,batch,224
57,hospitals,Число больничных организаций,0.0,0.0,0.0,0.0,neutral,False,,,False,batch,224
57,outpatient_clinics,Число амбулаторно-поликлинических организаций,0.0,0.0,0.0,0.0,neutral,False,,,False,batch,224
57,abortions,Число абортов,0.0,0.0,0.0,0.0,neutral,False,,,False,batch,224
57,qualified_doctors,Численность врачей высшей и первой квалификационных категорий,0.0,0.0,0.0,0.0,neutral,False,,,False,batch,224
57,preschool_coverage,Охват детей до 6 лет дошкольным образованием,0.0,0.0,0.0,0.0,neutral,False,,,False,batch,224
57,children_benefits,"Численность детей до 18 лет, на которых назначено пособие",0.0,0.0,0.0,0.0,neutral,False,,,False,batch,224
57,maternity_capital,"Численность лиц, получивших сертификат на материнский капитал",0.0,0.0,0.0,0.0,neutral,False,,,False,batch,224
57,childcare_allowance,Ежемесячное пособие по уходу за первым ребенком,0.0,0.0,0.0,0.0,neutral,False,,,False,batch,224
57,large_families_housing,"Многодетные семьи, улучшившие жилищные условия",0.0,0.0,0.0,0.0,neutral,False,,,False,batch,224
57,housing_area_per_capita,Общая площадь жилья на одного жителя,0.0,0.0,0.0,0.0,neutral,False,,,False,batch,224
57,consumer_price_index,Индексы потребительских цен,0.0,0.0,0.0,0.0,neutral,False,,,False,batch,224
57,primary_housing_price_index,Индексы цен на первичном рынке жилья,0.0,0.0,0.0,0.0,neutral,False,,,False,batch,224
57,secondary_housing_price_index,Индексы цен на вторичном рынке жилья,0.0,0.0,0.0,0.0,neutral,False,,,False,batch,224
57,industrial_production_index,Индексы промышленного производства,0.0,0.0,0.0,0.0,neutral,False,,,False,batch,224
57,enterprises_count,Число предприятий и организаций,0.0,0.0,0.0,0.0,neutral,False,,,False,batch,224
57,crime_count,Количество преступлений,0.0,0.0,0.0,0.0,neutral,False,,,False,batch,224
57,air_pollution,Выбросы загрязняющих веществ в атмосферный воздух,0.6,0.0,0.3,0.7,neutral,True,Резкое понижение температуры,погода и температура,True,batch,224
57,wastewater_discharge,Сброс загрязненных сточных вод,0.0,0.0,0.0,0.0,neutral,False,,,False,batch,224
57,mortality_rate,Коэффициент смертности на 1000 человек,0.0,0.0,0.0,0.0,neutral,False,,,False,batch,224
57,birth_rate_per_1000,Коэффициент рождаемости на 1000 человек,0.0,0.0,0.0,0.0,neutral,False,,,False,batch,224
61,population_size,Численность населения,0.0,0.0,0.0,0.0,neutral,False,,,False,batch,220
61,divorce_rate,Число зарегистрированных разводов на 1000 населения,0.0,0.0,0.0,0.0,neutral,False,,,False,batch,220
61,marriage_rate,Число зарегистрированных браков на 1000 населения,0.0,0.0,0.0,0.0,neutral,False,,,False,batch,220
61,international_inflow,Число прибывших в страну,0.0,0.0,0.0,0.0,neutral,False,,,False,batch,220
61,international_outflow,Число выбывших из страны,0.0,0.0,0.0,0.0,neutral,False,,,False,batch,220
61,internal_arrivals,Число прибытий внутри региона,0.0,0.0,0.0,0.0,neutral,False,,,False,batch,220
61,internal_departures,Число выбытий из региона,0.0,0.0,0.0,0.0,neutral,False,,,False,batch,220
61,infant_mortality,Коэффициент младенческой смертности,0.0,0.0,0.0,0.0,neutral,False,,,False,batch,220
61,life_expectancy,Ожидаемая продолжительность жизни,0.0,0.0,0.0,0.0,neutral,False,,,False,batch,220
61,male_population,Число мужчин,0.0,0.0,0.0,0.0,neutral,False,,,False,batch,220
61,female_population,Число женщин,0.0,0.0,0.0,0.0,neutral,False,,,False,batch,220
61,per_capita_income,Среднедушевые денежные доходы населения,0.0,0.0,0.0,0.0,neutral,False,,,False,batch,220
61,real_income_index,Реальные денежные доходы населения,0.0,0.0,0.0,0.0,neutral,False,,,False,batch,220
61,unemployment_rate,Уровень безработицы,0.0,0.0,0.0,0.0,neutral,False,,,False,batch,220
61,living_wage,Величина прожиточного минимума на душу населения,0.0,0.0,0.0,0.0,neutral,False,,,False,batch,220
61,child_living_wage,Величина прожиточного минимума на ребенка,0.0,0.0,0.0,0.0,neutral,False,,,False,batch,220
61,hospitals,Число больничных организаций,0.0,0.0,0.0,0.0,neutral,False,,,False,batch,220
61,outpatient_clinics,Число амбулаторно-поликлинических организаций,0.0,0.0,0.0,0.0,neutral,False,,,False,batch,220
61,abortions,Число абортов,0.0,0.0,0.0,0.0,neutral,False,,,False,batch,220
61,qualified_doctors,Численность врачей высшей и первой квалификационных категорий,0.0,0.0,0.0,0.0,neutral,False,,,False,batch,220
61,preschool_coverage,Охват детей до 6 лет дошкольным образованием,0.0,0.0,0.0,0.0,neutral,False,,,False,batch,220
61,children_benefits,"Численность детей до 18 лет, на которых назначено пособие",0.0,0.0,0.0,0.0,neutral,False,,,False,batch,220
61,maternity_capital,"Численность лиц, получивших сертификат на материнский капитал",0.0,0.0,0.0,0.0,neutral,False,,,False,batch,220
61,childcare_allowance,Ежемесячное пособие по уходу за первым ребенком,0.0,0.0,0.0,0.0,neutral,False,,,False,batch,220
61,large_families_housing,"Многодетные семьи, улучшившие жилищные условия",0.0,0.0,0.0,0.0,neutral,False,,,False,batch,220
61,housing_area_per_capita,Общая площадь жилья на одного жителя,0.0,0.0,0.0,0.0,neutral,False,,,False,batch,220
61,consumer_price_index,Индексы потребительских цен,0.0,0.0,0.0,0.0,neutral,False,,,False,batch,220
61,primary_housing_price_index,Индексы цен на первичном рынке жилья,0.0,0.0,0.0,0.0,neutral,False,,,False,batch,220
61,secondary_housing_price_index,Индексы цен на вторичном рынке жилья,0.0,0.0,0.0,0.0,neutral,False,,,False,batch,220
61,industrial_production_index,Индексы промышленного производства,0.0,0.0,0.0,0.0,neutral,False,,,False,batch,220
61,enterprises_count,Число предприятий и организаций,0.0,0.0,0.0,0.0,neutral,False,,,False,batch,220
61,crime_count,Количество преступлений,0.6,-0.5,0.5,0.8,negative,True,трагедия в Одинцове,трагедия -> crime_count,True,batch,220
61,air_pollution,Выбросы загрязняющих веществ в атмосферный воздух,0.0,0.0,0.0,0.0,neutral,False,,,False,batch,220
61,wastewater_discharge,Сброс загрязненных сточных вод,0.0,0.0,0.0,0.0,neutral,False,,,False,batch,220
61,mortality_rate,Коэффициент смертности на 1000 человек,0.0,0.0,0.0,0.0,neutral,False,,,False,batch,220
61,birth_rate_per_1000,Коэффициент рождаемости на 1000 человек,0.0,0.0,0.0,0.0,neutral,False,,,False,batch,220
65,population_size,Численность населения,0.0,0.0,0.0,0.0,neutral,False,,,False,neutral_after_error,0
65,divorce_rate,Число зарегистрированных разводов на 1000 населения,0.0,0.0,0.0,0.0,neutral,False,,,False,neutral_after_error,0
65,marriage_rate,Число зарегистрированных браков на 1000 населения,0.0,0.0,0.0,0.0,neutral,False,,,False,neutral_after_error,0
65,international_inflow,Число прибывших в страну,0.0,0.0,0.0,0.0,neutral,False,,,False,neutral_after_error,0
65,international_outflow,Число выбывших из страны,0.0,0.0,0.0,0.0,neutral,False,,,False,neutral_after_error,0
65,internal_arrivals,Число прибытий внутри региона,0.0,0.0,0.0,0.0,neutral,False,,,False,neutral_after_error,0
65,internal_departures,Число выбытий из региона,0.0,0.0,0.0,0.0,neutral,False,,,False,neutral_after_error,0
65,infant_mortality,Коэффициент младенческой смертности,0.0,0.0,0.0,0.0,neutral,False,,,False,neutral_after_error,0
65,life_expectancy,Ожидаемая продолжительность жизни,0.0,0.0,0.0,0.0,neutral,False,,,False,neutral_after_error,0
65,male_population,Число мужчин,0.0,0.0,0.0,0.0,neutral,False,,,False,neutral_after_error,0
65,female_population,Число женщин,0.0,0.0,0.0,0.0,neutral,False,,,False,neutral_after_error,0
65,per_capita_income,Среднедушевые денежные доходы населения,0.0,0.0,0.0,0.0,neutral,False,,,False,neutral_after_error,0
65,real_income_index,Реальные денежные доходы населения,0.0,0.0,0.0,0.0,neutral,False,,,False,neutral_after_error,0
65,unemployment_rate,Уровень безработицы,0.0,0.0,0.0,0.0,neutral,False,,,False,neutral_after_error,0
65,living_wage,Величина прожиточного минимума на душу населения,0.0,0.0,0.0,0.0,neutral,False,,,False,neutral_after_error,0
65,child_living_wage,Величина прожиточного минимума на ребенка,0.0,0.0,0.0,0.0,neutral,False,,,False,neutral_after_error,0
65,hospitals,Число больничных организаций,0.0,0.0,0.0,0.0,neutral,False,,,False,neutral_after_error,0
65,outpatient_clinics,Число амбулаторно-поликлинических организаций,0.0,0.0,0.0,0.0,neutral,False,,,False,neutral_after_error,0
65,abortions,Число абортов,0.0,0.0,0.0,0.0,neutral,False,,,False,neutral_after_error,0
65,qualified_doctors,Численность врачей высшей и первой квалификационных категорий,0.0,0.0,0.0,0.0,neutral,False,,,False,neutral_after_error,0
65,preschool_coverage,Охват детей до 6 лет дошкольным образованием,0.0,0.0,0.0,0.0,neutral,False,,,False,neutral_after_error,0
65,children_benefits,"Численность детей до 18 лет, на которых назначено пособие",0.0,0.0,0.0,0.0,neutral,False,,,False,neutral_after_error,0
65,maternity_capital,"Численность лиц, получивших сертификат на материнский капитал",0.0,0.0,0.0,0.0,neutral,False,,,False,neutral_after_error,0
65,childcare_allowance,Ежемесячное пособие по уходу за первым ребенком,0.0,0.0,0.0,0.0,neutral,False,,,False,neutral_after_error,0
65,large_families_housing,"Многодетные семьи, улучшившие жилищные условия",0.0,0.0,0.0,0.0,neutral,False,,,False,neutral_after_error,0
65,housing_area_per_capita,Общая площадь жилья на одного жителя,0.0,0.0,0.0,0.0,neutral,False,,,False,neutral_after_error,0
65,consumer_price_index,Индексы потребительских цен,0.0,0.0,0.0,0.0,neutral,False,,,False,neutral_after_error,0
65,primary_housing_price_index,Индексы цен на первичном рынке жилья,0.0,0.0,0.0,0.0,neutral,False,,,False,neutral_after_error,0
65,secondary_housing_price_index,Индексы цен на вторичном рынке жилья,0.0,0.0,0.0,0.0,neutral,False,,,False,neutral_after_error,0
65,industrial_production_index,Индексы промышленного производства,0.0,0.0,0.0,0.0,neutral,False,,,False,neutral_after_error,0
65,enterprises_count,Число предприятий и организаций,0.0,0.0,0.0,0.0,neutral,False,,,False,neutral_after_error,0
65,crime_count,Количество преступлений,0.0,0.0,0.0,0.0,neutral,False,,,False,neutral_after_error,0
65,air_pollution,Выбросы загрязняющих веществ в атмосферный воздух,0.0,0.0,0.0,0.0,neutral,False,,,False,neutral_after_error,0
65,wastewater_discharge,Сброс загрязненных сточных вод,0.0,0.0,0.0,0.0,neutral,False,,,False,neutral_after_error,0
65,mortality_rate,Коэффициент смертности на 1000 человек,0.0,0.0,0.0,0.0,neutral,False,,,False,neutral_after_error,0
65,birth_rate_per_1000,Коэффициент рождаемости на 1000 человек,0.0,0.0,0.0,0.0,neutral,False,,,False,neutral_after_error,0
67,population_size,Численность населения,0.0,0.0,0.0,0.0,neutral,False,,,False,batch,244
67,divorce_rate,Число зарегистрированных разводов на 1000 населения,0.0,0.0,0.0,0.0,neutral,False,,,False,batch,244
67,marriage_rate,Число зарегистрированных браков на 1000 населения,0.0,0.0,0.0,0.0,neutral,False,,,False,batch,244
67,international_inflow,Число прибывших в страну,0.0,0.0,0.0,0.0,neutral,False,,,False,batch,244
67,international_outflow,Число выбывших из страны,0.0,0.0,0.0,0.0,neutral,False,,,False,batch,244
67,internal_arrivals,Число прибытий внутри региона,0.0,0.0,0.0,0.0,neutral,False,,,False,batch,244
67,internal_departures,Число выбытий из региона,0.0,0.0,0.0,0.0,neutral,False,,,False,batch,244
67,infant_mortality,Коэффициент младенческой смертности,0.0,0.0,0.0,0.0,neutral,False,,,False,batch,244
67,life_expectancy,Ожидаемая продолжительность жизни,0.0,0.0,0.0,0.0,neutral,False,,,False,batch,244
67,male_population,Число мужчин,0.0,0.0,0.0,0.0,neutral,False,,,False,batch,244
67,female_population,Число женщин,0.0,0.0,0.0,0.0,neutral,False,,,False,batch,244
67,per_capita_income,Среднедушевые денежные доходы населения,0.0,0.0,0.0,0.0,neutral,False,,,False,batch,244
67,real_income_index,Реальные денежные доходы населения,0.0,0.0,0.0,0.0,neutral,False,,,False,batch,244
67,unemployment_rate,Уровень безработицы,0.0,0.0,0.0,0.0,neutral,False,,,False,batch,244
67,living_wage,Величина прожиточного минимума на душу населения,0.0,0.0,0.0,0.0,neutral,False,,,False,batch,244
67,child_living_wage,Величина прожиточного минимума на ребенка,0.0,0.0,0.0,0.0,neutral,False,,,False,batch,244
67,hospitals,Число больничных организаций,0.0,0.0,0.0,0.0,neutral,False,,,False,batch,244
67,outpatient_clinics,Число амбулаторно-поликлинических организаций,0.0,0.0,0.0,0.0,neutral,False,,,False,batch,244
67,abortions,Число абортов,0.0,0.0,0.0,0.0,neutral,False,,,False,batch,244
67,qualified_doctors,Численность врачей высшей и первой квалификационных категорий,0.0,0.0,0.0,0.0,neutral,False,,,False,batch,244
67,preschool_coverage,Охват детей до 6 лет дошкольным образованием,0.0,0.0,0.0,0.0,neutral,False,,,False,batch,244
67,children_benefits,"Численность детей до 18 лет, на которых назначено пособие",0.0,0.0,0.0,0.0,neutral,False,,,False,batch,244
67,maternity_capital,"Численность лиц, получивших сертификат на материнский капитал",0.0,0.0,0.0,0.0,neutral,False,,,False,batch,244
67,childcare_allowance,Ежемесячное пособие по уходу за первым ребенком,0.0,0.0,0.0,0.0,neutral,False,,,False,batch,244
67,large_families_housing,"Многодетные семьи, улучшившие жилищные условия",0.0,0.0,0.0,0.0,neutral,False,,,False,batch,244
67,housing_area_per_capita,Общая площадь жилья на одного жителя,0.0,0.0,0.0,0.0,neutral,False,,,False,batch,244
67,consumer_price_index,Индексы потребительских цен,0.0,0.0,0.0,0.0,neutral,False,,,False,batch,244
67,primary_housing_price_index,Индексы цен на первичном рынке жилья,0.0,0.0,0.0,0.0,neutral,False,,,False,batch,244
67,secondary_housing_price_index,Индексы цен на вторичном рынке жилья,0.0,0.0,0.0,0.0,neutral,False,,,False,batch,244
67,industrial_production_index,Индексы промышленного производства,0.9,0.0,0.0,0.9,neutral,True,Цены на нефть усилили падение,"нефть, добыча, торговля",True,batch,244
67,enterprises_count,Число предприятий и организаций,0.0,0.0,0.0,0.0,neutral,False,,,False,batch,244
67,crime_count,Количество преступлений,0.0,0.0,0.0,0.0,neutral,False,,,False,batch,244
67,air_pollution,Выбросы загрязняющих веществ в атмосферный воздух,0.0,0.0,0.0,0.0,neutral,False,,,False,batch,244
67,wastewater_discharge,Сброс загрязненных сточных вод,0.0,0.0,0.0,0.0,neutral,False,,,False,batch,244
67,mortality_rate,Коэффициент смертности на 1000 человек,0.0,0.0,0.0,0.0,neutral,False,,,False,batch,244
67,birth_rate_per_1000,Коэффициент рождаемости на 1000 человек,0.0,0.0,0.0,0.0,neutral,False,,,False,batch,244
70,population_size,Численность населения,0.0,0.0,0.0,0.0,neutral,False,,,False,batch,260
70,divorce_rate,Число зарегистрированных разводов на 1000 населения,0.9,0.3,0.2,0.9,neutral,True,Число алиментных соглашений выросло на 21%,увеличение соглашений о разделе имущества,True,batch,260
70,marriage_rate,Число зарегистрированных браков на 1000 населения,0.0,0.0,0.0,0.0,neutral,False,,,False,batch,260
70,international_inflow,Число прибывших в страну,0.0,0.0,0.0,0.0,neutral,False,,,False,batch,260
70,international_outflow,Число выбывших из страны,0.0,0.0,0.0,0.0,neutral,False,,,False,batch,260
70,internal_arrivals,Число прибытий внутри региона,0.0,0.0,0.0,0.0,neutral,False,,,False,batch,260
70,internal_departures,Число выбытий из региона,0.0,0.0,0.0,0.0,neutral,False,,,False,batch,260
70,infant_mortality,Коэффициент младенческой смертности,0.0,0.0,0.0,0.0,neutral,False,,,False,batch,260
70,life_expectancy,Ожидаемая продолжительность жизни,0.0,0.0,0.0,0.0,neutral,False,,,False,batch,260
70,male_population,Число мужчин,0.0,0.0,0.0,0.0,neutral,False,,,False,batch,260
70,female_population,Число женщин,0.0,0.0,0.0,0.0,neutral,False,,,False,batch,260
70,per_capita_income,Среднедушевые денежные доходы населения,0.0,0.0,0.0,0.0,neutral,False,,,False,batch,260
70,real_income_index,Реальные денежные доходы населения,0.0,0.0,0.0,0.0,neutral,False,,,False,batch,260
70,unemployment_rate,Уровень безработицы,0.0,0.0,0.0,0.0,neutral,False,,,False,batch,260
70,living_wage,Величина прожиточного минимума на душу населения,0.0,0.0,0.0,0.0,neutral,False,,,False,batch,260
70,child_living_wage,Величина прожиточного минимума на ребенка,0.0,0.0,0.0,0.0,neutral,False,,,False,batch,260
70,hospitals,Число больничных организаций,0.0,0.0,0.0,0.0,neutral,False,,,False,batch,260
70,outpatient_clinics,Число амбулаторно-поликлинических организаций,0.0,0.0,0.0,0.0,neutral,False,,,False,batch,260
70,abortions,Число абортов,0.0,0.0,0.0,0.0,neutral,False,,,False,batch,260
70,qualified_doctors,Численность врачей высшей и первой квалификационных категорий,0.0,0.0,0.0,0.0,neutral,False,,,False,batch,260
70,preschool_coverage,Охват детей до 6 лет дошкольным образованием,0.0,0.0,0.0,0.0,neutral,False,,,False,batch,260
70,children_benefits,"Численность детей до 18 лет, на которых назначено пособие",0.0,0.0,0.0,0.0,neutral,False,,,False,batch,260
70,maternity_capital,"Численность лиц, получивших сертификат на материнский капитал",0.0,0.0,0.0,0.0,neutral,False,,,False,batch,260
70,childcare_allowance,Ежемесячное пособие по уходу за первым ребенком,0.0,0.0,0.0,0.0,neutral,False,,,False,batch,260
70,large_families_housing,"Многодетные семьи, улучшившие жилищные условия",0.0,0.0,0.0,0.0,neutral,False,,,False,batch,260
70,housing_area_per_capita,Общая площадь жилья на одного жителя,0.0,0.0,0.0,0.0,neutral,False,,,False,batch,260
70,consumer_price_index,Индексы потребительских цен,0.0,0.0,0.0,0.0,neutral,False,,,False,batch,260
70,primary_housing_price_index,Индексы цен на первичном рынке жилья,0.0,0.0,0.0,0.0,neutral,False,,,False,batch,260
70,secondary_housing_price_index,Индексы цен на вторичном рынке жилья,0.0,0.0,0.0,0.0,neutral,False,,,False,batch,260
70,industrial_production_index,Индексы промышленного производства,0.0,0.0,0.0,0.0,neutral,False,,,False,batch,260
70,enterprises_count,Число предприятий и организаций,0.0,0.0,0.0,0.0,neutral,False,,,False,batch,260
70,crime_count,Количество преступлений,0.0,0.0,0.0,0.0,neutral,False,,,False,batch,260
70,air_pollution,Выбросы загрязняющих веществ в атмосферный воздух,0.0,0.0,0.0,0.0,neutral,False,,,False,batch,260
70,wastewater_discharge,Сброс загрязненных сточных вод,0.0,0.0,0.0,0.0,neutral,False,,,False,batch,260
70,mortality_rate,Коэффициент смертности на 1000 человек,0.0,0.0,0.0,0.0,neutral,False,,,False,batch,260
70,birth_rate_per_1000,Коэффициент рождаемости на 1000 человек,0.0,0.0,0.0,0.0,neutral,False,,,False,batch,260
72,population_size,Численность населения,0.0,0.0,0.0,0.0,neutral,False,,,False,batch,253
72,divorce_rate,Число зарегистрированных разводов на 1000 населения,0.0,0.0,0.0,0.0,neutral,False,,,False,batch,253
72,marriage_rate,Число зарегистрированных браков на 1000 населения,0.0,0.0,0.0,0.0,neutral,False,,,False,batch,253
72,international_inflow,Число прибывших в страну,0.0,0.0,0.0,0.0,neutral,False,,,False,batch,253
72,international_outflow,Число выбывших из страны,0.0,0.0,0.0,0.0,neutral,False,,,False,batch,253
72,internal_arrivals,Число прибытий внутри региона,0.0,0.0,0.0,0.0,neutral,False,,,False,batch,253
72,internal_departures,Число выбытий из региона,0.0,0.0,0.0,0.0,neutral,False,,,False,batch,253
72,infant_mortality,Коэффициент младенческой смертности,0.0,0.0,0.0,0.0,neutral,False,,,False,batch,253
72,life_expectancy,Ожидаемая продолжительность жизни,0.0,0.0,0.0,0.0,neutral,False,,,False,batch,253
72,male_population,Число мужчин,0.0,0.0,0.0,0.0,neutral,False,,,False,batch,253
72,female_population,Число женщин,0.0,0.0,0.0,0.0,neutral,False,,,False,batch,253
72,per_capita_income,Среднедушевые денежные доходы населения,0.0,0.0,0.0,0.0,neutral,False,,,False,batch,253
72,real_income_index,Реальные денежные доходы населения,0.0,0.0,0.0,0.0,neutral,False,,,False,batch,253
72,unemployment_rate,Уровень безработицы,0.0,0.0,0.0,0.0,neutral,False,,,False,batch,253
72,living_wage,Величина прожиточного минимума на душу населения,0.0,0.0,0.0,0.0,neutral,False,,,False,batch,253
72,child_living_wage,Величина прожиточного минимума на ребенка,0.0,0.0,0.0,0.0,neutral,False,,,False,batch,253
72,hospitals,Число больничных организаций,0.0,0.0,0.0,0.0,neutral,False,,,False,batch,253
72,outpatient_clinics,Число амбулаторно-поликлинических организаций,0.0,0.0,0.0,0.0,neutral,False,,,False,batch,253
72,abortions,Число абортов,0.0,0.0,0.0,0.0,neutral,False,,,False,batch,253
72,qualified_doctors,Численность врачей высшей и первой квалификационных категорий,0.0,0.0,0.0,0.0,neutral,False,,,False,batch,253
72,preschool_coverage,Охват детей до 6 лет дошкольным образованием,0.0,0.0,0.0,0.0,neutral,False,,,False,batch,253
72,children_benefits,"Численность детей до 18 лет, на которых назначено пособие",0.0,0.0,0.0,0.0,neutral,False,,,False,batch,253
72,maternity_capital,"Численность лиц, получивших сертификат на материнский капитал",0.0,0.0,0.0,0.0,neutral,False,,,False,batch,253
72,childcare_allowance,Ежемесячное пособие по уходу за первым ребенком,0.0,0.0,0.0,0.0,neutral,False,,,False,batch,253
72,large_families_housing,"Многодетные семьи, улучшившие жилищные условия",0.0,0.0,0.0,0.0,neutral,False,,,False,batch,253
72,housing_area_per_capita,Общая площадь жилья на одного жителя,0.0,0.0,0.0,0.0,neutral,False,,,False,batch,253
72,consumer_price_index,Индексы потребительских цен,0.0,0.0,0.0,0.0,neutral,False,,,False,batch,253
72,primary_housing_price_index,Индексы цен на первичном рынке жилья,0.0,0.0,0.0,0.0,neutral,False,,,False,batch,253
72,secondary_housing_price_index,Индексы цен на вторичном рынке жилья,0.0,0.0,0.0,0.0,neutral,False,,,False,batch,253
72,industrial_production_index,Индексы промышленного производства,0.9,0.1,0.2,0.9,neutral,True,поставки авиакомплектующих,поставки двигателей и комплектующих,True,batch,253
72,enterprises_count,Число предприятий и организаций,0.0,0.0,0.0,0.0,neutral,False,,,False,batch,253
72,crime_count,Количество преступлений,0.0,0.0,0.0,0.0,neutral,False,,,False,batch,253
72,air_pollution,Выбросы загрязняющих веществ в атмосферный воздух,0.0,0.0,0.0,0.0,neutral,False,,,False,batch,253
72,wastewater_discharge,Сброс загрязненных сточных вод,0.0,0.0,0.0,0.0,neutral,False,,,False,batch,253
72,mortality_rate,Коэффициент смертности на 1000 человек,0.0,0.0,0.0,0.0,neutral,False,,,False,batch,253
72,birth_rate_per_1000,Коэффициент рождаемости на 1000 человек,0.0,0.0,0.0,0.0,neutral,False,,,False,batch,253
76,population_size,Численность населения,0.0,0.0,0.0,0.0,neutral,False,,,False,batch,236
76,divorce_rate,Число зарегистрированных разводов на 1000 населения,0.0,0.0,0.0,0.0,neutral,False,,,False,batch,236
76,marriage_rate,Число зарегистрированных браков на 1000 населения,0.0,0.0,0.0,0.0,neutral,False,,,False,batch,236
76,international_inflow,Число прибывших в страну,0.0,0.0,0.0,0.0,neutral,False,,,False,batch,236
76,international_outflow,Число выбывших из страны,0.6,0.0,0.0,0.8,neutral,True,Уиткофф и Кушнер отправятся в Израиль,перемещение людей,True,batch,236
76,internal_arrivals,Число прибытий внутри региона,0.0,0.0,0.0,0.0,neutral,False,,,False,batch,236
76,internal_departures,Число выбытий из региона,0.0,0.0,0.0,0.0,neutral,False,,,False,batch,236
76,infant_mortality,Коэффициент младенческой смертности,0.0,0.0,0.0,0.0,neutral,False,,,False,batch,236
76,life_expectancy,Ожидаемая продолжительность жизни,0.0,0.0,0.0,0.0,neutral,False,,,False,batch,236
76,male_population,Число мужчин,0.0,0.0,0.0,0.0,neutral,False,,,False,batch,236
76,female_population,Число женщин,0.0,0.0,0.0,0.0,neutral,False,,,False,batch,236
76,per_capita_income,Среднедушевые денежные доходы населения,0.0,0.0,0.0,0.0,neutral,False,,,False,batch,236
76,real_income_index,Реальные денежные доходы населения,0.0,0.0,0.0,0.0,neutral,False,,,False,batch,236
76,unemployment_rate,Уровень безработицы,0.0,0.0,0.0,0.0,neutral,False,,,False,batch,236
76,living_wage,Величина прожиточного минимума на душу населения,0.0,0.0,0.0,0.0,neutral,False,,,False,batch,236
76,child_living_wage,Величина прожиточного минимума на ребенка,0.0,0.0,0.0,0.0,neutral,False,,,False,batch,236
76,hospitals,Число больничных организаций,0.0,0.0,0.0,0.0,neutral,False,,,False,batch,236
76,outpatient_clinics,Число амбулаторно-поликлинических организаций,0.0,0.0,0.0,0.0,neutral,False,,,False,batch,236
76,abortions,Число абортов,0.0,0.0,0.0,0.0,neutral,False,,,False,batch,236
76,qualified_doctors,Численность врачей высшей и первой квалификационных категорий,0.0,0.0,0.0,0.0,neutral,False,,,False,batch,236
76,preschool_coverage,Охват детей до 6 лет дошкольным образованием,0.0,0.0,0.0,0.0,neutral,False,,,False,batch,236
76,children_benefits,"Численность детей до 18 лет, на которых назначено пособие",0.0,0.0,0.0,0.0,neutral,False,,,False,batch,236
76,maternity_capital,"Численность лиц, получивших сертификат на материнский капитал",0.0,0.0,0.0,0.0,neutral,False,,,False,batch,236
76,childcare_allowance,Ежемесячное пособие по уходу за первым ребенком,0.0,0.0,0.0,0.0,neutral,False,,,False,batch,236
76,large_families_housing,"Многодетные семьи, улучшившие жилищные условия",0.0,0.0,0.0,0.0,neutral,False,,,False,batch,236
76,housing_area_per_capita,Общая площадь жилья на одного жителя,0.0,0.0,0.0,0.0,neutral,False,,,False,batch,236
76,consumer_price_index,Индексы потребительских цен,0.0,0.0,0.0,0.0,neutral,False,,,False,batch,236
76,primary_housing_price_index,Индексы цен на первичном рынке жилья,0.0,0.0,0.0,0.0,neutral,False,,,False,batch,236
76,secondary_housing_price_index,Индексы цен на вторичном рынке жилья,0.0,0.0,0.0,0.0,neutral,False,,,False,batch,236
76,industrial_production_index,Индексы промышленного производства,0.0,0.0,0.0,0.0,neutral,False,,,False,batch,236
76,enterprises_count,Число предприятий и организаций,0.0,0.0,0.0,0.0,neutral,False,,,False,batch,236
76,crime_count,Количество преступлений,0.0,0.0,0.0,0.0,neutral,False,,,False,batch,236
76,air_pollution,Выбросы загрязняющих веществ в атмосферный воздух,0.0,0.0,0.0,0.0,neutral,False,,,False,batch,236
76,wastewater_discharge,Сброс загрязненных сточных вод,0.0,0.0,0.0,0.0,neutral,False,,,False,batch,236
76,mortality_rate,Коэффициент смертности на 1000 человек,0.0,0.0,0.0,0.0,neutral,False,,,False,batch,236
76,birth_rate_per_1000,Коэффициент рождаемости на 1000 человек,0.0,0.0,0.0,0.0,neutral,False,,,False,batch,236
80,population_size,Численность населения,0.0,0.0,0.0,0.0,neutral,False,,,False,batch,256
80,divorce_rate,Число зарегистрированных разводов на 1000 населения,0.0,0.0,0.0,0.0,neutral,False,,,False,batch,256
80,marriage_rate,Число зарегистрированных браков на 1000 населения,0.0,0.0,0.0,0.0,neutral,False,,,False,batch,256
80,international_inflow,Число прибывших в страну,0.0,0.0,0.0,0.0,neutral,False,,,False,batch,256
80,international_outflow,Число выбывших из страны,0.0,0.0,0.0,0.0,neutral,False,,,False,batch,256
80,internal_arrivals,Число прибытий внутри региона,0.0,0.0,0.0,0.0,neutral,False,,,False,batch,256
80,internal_departures,Число выбытий из региона,0.0,0.0,0.0,0.0,neutral,False,,,False,batch,256
80,infant_mortality,Коэффициент младенческой смертности,0.0,0.0,0.0,0.0,neutral,False,,,False,batch,256
80,life_expectancy,Ожидаемая продолжительность жизни,0.0,0.0,0.0,0.0,neutral,False,,,False,batch,256
80,male_population,Число мужчин,0.0,0.0,0.0,0.0,neutral,False,,,False,batch,256
80,female_population,Число женщин,0.0,0.0,0.0,0.0,neutral,False,,,False,batch,256
80,per_capita_income,Среднедушевые денежные доходы населения,0.0,0.0,0.0,0.0,neutral,False,,,False,batch,256
80,real_income_index,Реальные денежные доходы населения,0.0,0.0,0.0,0.0,neutral,False,,,False,batch,256
80,unemployment_rate,Уровень безработицы,0.0,0.0,0.0,0.0,neutral,False,,,False,batch,256
80,living_wage,Величина прожиточного минимума на душу населения,0.0,0.0,0.0,0.0,neutral,False,,,False,batch,256
80,child_living_wage,Величина прожиточного минимума на ребенка,0.0,0.0,0.0,0.0,neutral,False,,,False,batch,256
80,hospitals,Число больничных организаций,0.0,0.0,0.0,0.0,neutral,False,,,False,batch,256
80,outpatient_clinics,Число амбулаторно-поликлинических организаций,0.0,0.0,0.0,0.0,neutral,False,,,False,batch,256
80,abortions,Число абортов,0.0,0.0,0.0,0.0,neutral,False,,,False,batch,256
80,qualified_doctors,Численность врачей высшей и первой квалификационных категорий,0.0,0.0,0.0,0.0,neutral,False,,,False,batch,256
80,preschool_coverage,Охват детей до 6 лет дошкольным образованием,0.0,0.0,0.0,0.0,neutral,False,,,False,batch,256
80,children_benefits,"Численность детей до 18 лет, на которых назначено пособие",0.0,0.0,0.0,0.0,neutral,False,,,False,batch,256
80,maternity_capital,"Численность лиц, получивших сертификат на материнский капитал",0.0,0.0,0.0,0.0,neutral,False,,,False,batch,256
80,childcare_allowance,Ежемесячное пособие по уходу за первым ребенком,0.0,0.0,0.0,0.0,neutral,False,,,False,batch,256
80,large_families_housing,"Многодетные семьи, улучшившие жилищные условия",0.0,0.0,0.0,0.0,neutral,False,,,False,batch,256
80,housing_area_per_capita,Общая площадь жилья на одного жителя,0.0,0.0,0.0,0.0,neutral,False,,,False,batch,256
80,consumer_price_index,Индексы потребительских цен,0.0,0.0,0.0,0.0,neutral,False,,,False,batch,256
80,primary_housing_price_index,Индексы цен на первичном рынке жилья,0.0,0.0,0.0,0.0,neutral,False,,,False,batch,256
80,secondary_housing_price_index,Индексы цен на вторичном рынке жилья,0.0,0.0,0.0,0.0,neutral,False,,,False,batch,256
80,industrial_production_index,Индексы промышленного производства,0.6,0.0,0.0,0.8,neutral,True,взаимодействие в экономической сфере,экономическое взаимодействие,True,batch,256
80,enterprises_count,Число предприятий и организаций,0.0,0.0,0.0,0.0,neutral,False,,,False,batch,256
80,crime_count,Количество преступлений,0.0,0.0,0.0,0.0,neutral,False,,,False,batch,256
80,air_pollution,Выбросы загрязняющих веществ в атмосферный воздух,0.0,0.0,0.0,0.0,neutral,False,,,False,batch,256
80,wastewater_discharge,Сброс загрязненных сточных вод,0.0,0.0,0.0,0.0,neutral,False,,,False,batch,256
80,mortality_rate,Коэффициент смертности на 1000 человек,0.0,0.0,0.0,0.0,neutral,False,,,False,batch,256
80,birth_rate_per_1000,Коэффициент рождаемости на 1000 человек,0.0,0.0,0.0,0.0,neutral,False,,,False,batch,256
81,population_size,Численность населения,0.0,0.0,0.0,0.0,neutral,False,,,False,batch,259
81,divorce_rate,Число зарегистрированных разводов на 1000 населения,0.0,0.0,0.0,0.0,neutral,False,,,False,batch,259
81,marriage_rate,Число зарегистрированных браков на 1000 населения,0.0,0.0,0.0,0.0,neutral,False,,,False,batch,259
81,international_inflow,Число прибывших в страну,0.0,0.0,0.0,0.0,neutral,False,,,False,batch,259
81,international_outflow,Число выбывших из страны,0.0,0.0,0.0,0.0,neutral,False,,,False,batch,259
81,internal_arrivals,Число прибытий внутри региона,0.0,0.0,0.0,0.0,neutral,False,,,False,batch,259
81,internal_departures,Число выбытий из региона,0.0,0.0,0.0,0.0,neutral,False,,,False,batch,259
81,infant_mortality,Коэффициент младенческой смертности,0.0,0.0,0.0,0.0,neutral,False,,,False,batch,259
81,life_expectancy,Ожидаемая продолжительность жизни,0.0,0.0,0.0,0.0,neutral,False,,,False,batch,259
81,male_population,Число мужчин,0.0,0.0,0.0,0.0,neutral,False,,,False,batch,259
81,female_population,Число женщин,0.0,0.0,0.0,0.0,neutral,False,,,False,batch,259
81,per_capita_income,Среднедушевые денежные доходы населения,0.0,0.0,0.0,0.0,neutral,False,,,False,batch,259
81,real_income_index,Реальные денежные доходы населения,0.0,0.0,0.0,0.0,neutral,False,,,False,batch,259
81,unemployment_rate,Уровень безработицы,0.0,0.0,0.0,0.0,neutral,False,,,False,batch,259
81,living_wage,Величина прожиточного минимума на душу населения,0.0,0.0,0.0,0.0,neutral,False,,,False,batch,259
81,child_living_wage,Величина прожиточного минимума на ребенка,0.0,0.0,0.0,0.0,neutral,False,,,False,batch,259
81,hospitals,Число больничных организаций,0.0,0.0,0.0,0.0,neutral,False,,,False,batch,259
81,outpatient_clinics,Число амбулаторно-поликлинических организаций,0.0,0.0,0.0,0.0,neutral,False,,,False,batch,259
81,abortions,Число абортов,0.0,0.0,0.0,0.0,neutral,False,,,False,batch,259
81,qualified_doctors,Численность врачей высшей и первой квалификационных категорий,0.0,0.0,0.0,0.0,neutral,False,,,False,batch,259
81,preschool_coverage,Охват детей до 6 лет дошкольным образованием,0.0,0.0,0.0,0.0,neutral,False,,,False,batch,259
81,children_benefits,"Численность детей до 18 лет, на которых назначено пособие",0.0,0.0,0.0,0.0,neutral,False,,,False,batch,259
81,maternity_capital,"Численность лиц, получивших сертификат на материнский капитал",0.0,0.0,0.0,0.0,neutral,False,,,False,batch,259
81,childcare_allowance,Ежемесячное пособие по уходу за первым ребенком,0.0,0.0,0.0,0.0,neutral,False,,,False,batch,259
81,large_families_housing,"Многодетные семьи, улучшившие жилищные условия",0.0,0.0,0.0,0.0,neutral,False,,,False,batch,259
81,housing_area_per_capita,Общая площадь жилья на одного жителя,0.0,0.0,0.0,0.0,neutral,False,,,False,batch,259
81,consumer_price_index,Индексы потребительских цен,0.0,0.0,0.0,0.0,neutral,False,,,False,batch,259
81,primary_housing_price_index,Индексы цен на первичном рынке жилья,0.0,0.0,0.0,0.0,neutral,False,,,False,batch,259
81,secondary_housing_price_index,Индексы цен на вторичном рынке жилья,0.0,0.0,0.0,0.0,neutral,False,,,False,batch,259
81,industrial_production_index,Индексы промышленного производства,0.0,0.0,0.0,0.0,neutral,False,,,False,batch,259
81,enterprises_count,Число предприятий и организаций,0.0,0.0,0.0,0.0,neutral,False,,,False,batch,259
81,crime_count,Количество преступлений,0.0,0.0,0.0,0.0,neutral,False,,,False,batch,259
81,air_pollution,Выбросы загрязняющих веществ в атмосферный воздух,0.0,0.0,0.0,0.0,neutral,False,,,False,batch,259
81,wastewater_discharge,Сброс загрязненных сточных вод,0.0,0.0,0.0,0.0,neutral,False,,,False,batch,259
81,mortality_rate,Коэффициент смертности на 1000 человек,0.6,-0.5,0.5,0.8,negative,True,рост заболеваемости геморрагической лихорадкой,заболеваемость -> mortality_rate,True,batch,259
81,birth_rate_per_1000,Коэффициент рождаемости на 1000 человек,0.0,0.0,0.0,0.0,neutral,False,,,False,batch,259
83,population_size,Численность населения,0.0,0.0,0.0,0.0,neutral,False,,,False,batch,262
83,divorce_rate,Число зарегистрированных разводов на 1000 населения,0.0,0.0,0.0,0.0,neutral,False,,,False,batch,262
83,marriage_rate,Число зарегистрированных браков на 1000 населения,0.0,0.0,0.0,0.0,neutral,False,,,False,batch,262
83,international_inflow,Число прибывших в страну,0.9,0.0,0.3,0.9,neutral,True,запретили привлекать иностранных граждан к работе,запрет на работу иностранцев,True,batch,262
83,international_outflow,Число выбывших из страны,0.0,0.0,0.0,0.0,neutral,False,,,False,batch,262
83,internal_arrivals,Число прибытий внутри региона,0.0,0.0,0.0,0.0,neutral,False,,,False,batch,262
83,internal_departures,Число выбытий из региона,0.0,0.0,0.0,0.0,neutral,False,,,False,batch,262
83,infant_mortality,Коэффициент младенческой смертности,0.0,0.0,0.0,0.0,neutral,False,,,False,batch,262
83,life_expectancy,Ожидаемая продолжительность жизни,0.0,0.0,0.0,0.0,neutral,False,,,False,batch,262
83,male_population,Число мужчин,0.0,0.0,0.0,0.0,neutral,False,,,False,batch,262
83,female_population,Число женщин,0.0,0.0,0.0,0.0,neutral,False,,,False,batch,262
83,per_capita_income,Среднедушевые денежные доходы населения,0.0,0.0,0.0,0.0,neutral,False,,,False,batch,262
83,real_income_index,Реальные денежные доходы населения,0.0,0.0,0.0,0.0,neutral,False,,,False,batch,262
83,unemployment_rate,Уровень безработицы,0.0,0.0,0.0,0.0,neutral,False,,,False,batch,262
83,living_wage,Величина прожиточного минимума на душу населения,0.0,0.0,0.0,0.0,neutral,False,,,False,batch,262
83,child_living_wage,Величина прожиточного минимума на ребенка,0.0,0.0,0.0,0.0,neutral,False,,,False,batch,262
83,hospitals,Число больничных организаций,0.0,0.0,0.0,0.0,neutral,False,,,False,batch,262
83,outpatient_clinics,Число амбулаторно-поликлинических организаций,0.0,0.0,0.0,0.0,neutral,False,,,False,batch,262
83,abortions,Число абортов,0.0,0.0,0.0,0.0,neutral,False,,,False,batch,262
83,qualified_doctors,Численность врачей высшей и первой квалификационных категорий,0.0,0.0,0.0,0.0,neutral,False,,,False,batch,262
83,preschool_coverage,Охват детей до 6 лет дошкольным образованием,0.0,0.0,0.0,0.0,neutral,False,,,False,batch,262
83,children_benefits,"Численность детей до 18 лет, на которых назначено пособие",0.0,0.0,0.0,0.0,neutral,False,,,False,batch,262
83,maternity_capital,"Численность лиц, получивших сертификат на материнский капитал",0.0,0.0,0.0,0.0,neutral,False,,,False,batch,262
83,childcare_allowance,Ежемесячное пособие по уходу за первым ребенком,0.0,0.0,0.0,0.0,neutral,False,,,False,batch,262
83,large_families_housing,"Многодетные семьи, улучшившие жилищные условия",0.0,0.0,0.0,0.0,neutral,False,,,False,batch,262
83,housing_area_per_capita,Общая площадь жилья на одного жителя,0.0,0.0,0.0,0.0,neutral,False,,,False,batch,262
83,consumer_price_index,Индексы потребительских цен,0.0,0.0,0.0,0.0,neutral,False,,,False,batch,262
83,primary_housing_price_index,Индексы цен на первичном рынке жилья,0.0,0.0,0.0,0.0,neutral,False,,,False,batch,262
83,secondary_housing_price_index,Индексы цен на вторичном рынке жилья,0.0,0.0,0.0,0.0,neutral,False,,,False,batch,262
83,industrial_production_index,Индексы промышленного производства,0.0,0.0,0.0,0.0,neutral,False,,,False,batch,262
83,enterprises_count,Число предприятий и организаций,0.0,0.0,0.0,0.0,neutral,False,,,False,batch,262
83,crime_count,Количество преступлений,0.0,0.0,0.0,0.0,neutral,False,,,False,batch,262
83,air_pollution,Выбросы загрязняющих веществ в атмосферный воздух,0.0,0.0,0.0,0.0,neutral,False,,,False,batch,262
83,wastewater_discharge,Сброс загрязненных сточных вод,0.0,0.0,0.0,0.0,neutral,False,,,False,batch,262
83,mortality_rate,Коэффициент смертности на 1000 человек,0.0,0.0,0.0,0.0,neutral,False,,,False,batch,262
83,birth_rate_per_1000,Коэффициент рождаемости на 1000 человек,0.0,0.0,0.0,0.0,neutral,False,,,False,batch,262
84,population_size,Численность населения,0.0,0.0,0.0,0.0,neutral,False,,,False,batch,414
84,divorce_rate,Число зарегистрированных разводов на 1000 населения,0.0,0.0,0.0,0.0,neutral,False,,,False,batch,414
84,marriage_rate,Число зарегистрированных браков на 1000 населения,0.0,0.0,0.0,0.0,neutral,False,,,False,batch,414
84,international_inflow,Число прибывших в страну,0.0,0.0,0.0,0.0,neutral,False,,,False,batch,414
84,international_outflow,Число выбывших из страны,0.0,0.0,0.0,0.0,neutral,False,,,False,batch,414
84,internal_arrivals,Число прибытий внутри региона,0.0,0.0,0.0,0.0,neutral,False,,,False,batch,414
84,internal_departures,Число выбытий из региона,0.0,0.0,0.0,0.0,neutral,False,,,False,batch,414
84,infant_mortality,Коэффициент младенческой смертности,0.0,0.0,0.0,0.0,neutral,False,,,False,batch,414
84,life_expectancy,Ожидаемая продолжительность жизни,0.0,0.0,0.0,0.0,neutral,False,,,False,batch,414
84,male_population,Число мужчин,0.0,0.0,0.0,0.0,neutral,False,,,False,batch,414
84,female_population,Число женщин,0.0,0.0,0.0,0.0,neutral,False,,,False,batch,414
84,per_capita_income,Среднедушевые денежные доходы населения,0.0,0.0,0.0,0.0,neutral,False,,,False,batch,414
84,real_income_index,Реальные денежные доходы населения,0.0,0.0,0.0,0.0,neutral,False,,,False,batch,414
84,unemployment_rate,Уровень безработицы,0.0,0.0,0.0,0.0,neutral,False,,,False,batch,414
84,living_wage,Величина прожиточного минимума на душу населения,0.0,0.0,0.0,0.0,neutral,False,,,False,batch,414
84,child_living_wage,Величина прожиточного минимума на ребенка,0.0,0.0,0.0,0.0,neutral,False,,,False,batch,414
84,hospitals,Число больничных организаций,0.0,0.0,0.0,0.0,neutral,False,,,False,batch,414
84,outpatient_clinics,Число амбулаторно-поликлинических организаций,0.0,0.0,0.0,0.0,neutral,False,,,False,batch,414
84,abortions,Число абортов,0.0,0.0,0.0,0.0,neutral,False,,,False,batch,414
84,qualified_doctors,Численность врачей высшей и первой квалификационных категорий,0.0,0.0,0.0,0.0,neutral,False,,,False,batch,414
84,preschool_coverage,Охват детей до 6 лет дошкольным образованием,0.0,0.0,0.0,0.0,neutral,False,,,False,batch,414
84,children_benefits,"Численность детей до 18 лет, на которых назначено пособие",0.0,0.0,0.0,0.0,neutral,False,,,False,batch,414
84,maternity_capital,"Численность лиц, получивших сертификат на материнский капитал",0.0,0.0,0.0,0.0,neutral,False,,,False,batch,414
84,childcare_allowance,Ежемесячное пособие по уходу за первым ребенком,0.0,0.0,0.0,0.0,neutral,False,,,False,batch,414
84,large_families_housing,"Многодетные семьи, улучшившие жилищные условия",0.0,0.0,0.0,0.0,neutral,False,,,False,batch,414
84,housing_area_per_capita,Общая площадь жилья на одного жителя,0.0,0.0,0.0,0.0,neutral,False,,,False,batch,414
84,consumer_price_index,Индексы потребительских цен,0.0,0.0,0.0,0.0,neutral,False,,,False,batch,414
84,primary_housing_price_index,Индексы цен на первичном рынке жилья,0.0,0.0,0.0,0.0,neutral,False,,,False,batch,414
84,secondary_housing_price_index,Индексы цен на вторичном рынке жилья,0.0,0.0,0.0,0.0,neutral,False,,,False,batch,414
84,industrial_production_index,Индексы промышленного производства,0.0,0.0,0.0,0.0,neutral,False,,,False,batch,414
84,enterprises_count,Число предприятий и организаций,0.0,0.0,0.0,0.0,neutral,False,,,False,batch,414
84,crime_count,Количество преступлений,0.6,-0.5,0.5,0.8,negative,True,три человека погибли в аварии,авария -> crime_count,True,batch,414
84,air_pollution,Выбросы загрязняющих веществ в атмосферный воздух,0.0,0.0,0.0,0.0,neutral,False,,,False,batch,414
84,wastewater_discharge,Сброс загрязненных сточных вод,0.0,0.0,0.0,0.0,neutral,False,,,False,batch,414
84,mortality_rate,Коэффициент смертности на 1000 человек,0.9,-1.0,0.8,0.9,negative,True,три человека погибли,погибли -> mortality_rate,True,batch,414
84,birth_rate_per_1000,Коэффициент рождаемости на 1000 человек,0.0,0.0,0.0,0.0,neutral,False,,,False,batch,414
89,population_size,Численность населения,0.0,0.0,0.0,0.0,neutral,False,,,False,batch,242
89,divorce_rate,Число зарегистрированных разводов на 1000 населения,0.0,0.0,0.0,0.0,neutral,False,,,False,batch,242
89,marriage_rate,Число зарегистрированных браков на 1000 населения,0.0,0.0,0.0,0.0,neutral,False,,,False,batch,242
89,international_inflow,Число прибывших в страну,0.9,0.0,0.0,0.9,neutral,True,контроль за экзамен для мигрантов,изменения касаются мигрантов,True,batch,242
89,international_outflow,Число выбывших из страны,0.0,0.0,0.0,0.0,neutral,False,,,False,batch,242
89,internal_arrivals,Число прибытий внутри региона,0.0,0.0,0.0,0.0,neutral,False,,,False,batch,242
89,internal_departures,Число выбытий из региона,0.0,0.0,0.0,0.0,neutral,False,,,False,batch,242
89,infant_mortality,Коэффициент младенческой смертности,0.0,0.0,0.0,0.0,neutral,False,,,False,batch,242
89,life_expectancy,Ожидаемая продолжительность жизни,0.0,0.0,0.0,0.0,neutral,False,,,False,batch,242
89,male_population,Число мужчин,0.0,0.0,0.0,0.0,neutral,False,,,False,batch,242
89,female_population,Число женщин,0.0,0.0,0.0,0.0,neutral,False,,,False,batch,242
89,per_capita_income,Среднедушевые денежные доходы населения,0.0,0.0,0.0,0.0,neutral,False,,,False,batch,242
89,real_income_index,Реальные денежные доходы населения,0.0,0.0,0.0,0.0,neutral,False,,,False,batch,242
89,unemployment_rate,Уровень безработицы,0.0,0.0,0.0,0.0,neutral,False,,,False,batch,242
89,living_wage,Величина прожиточного минимума на душу населения,0.0,0.0,0.0,0.0,neutral,False,,,False,batch,242
89,child_living_wage,Величина прожиточного минимума на ребенка,0.0,0.0,0.0,0.0,neutral,False,,,False,batch,242
89,hospitals,Число больничных организаций,0.0,0.0,0.0,0.0,neutral,False,,,False,batch,242
89,outpatient_clinics,Число амбулаторно-поликлинических организаций,0.0,0.0,0.0,0.0,neutral,False,,,False,batch,242
89,abortions,Число абортов,0.0,0.0,0.0,0.0,neutral,False,,,False,batch,242
89,qualified_doctors,Численность врачей высшей и первой квалификационных категорий,0.0,0.0,0.0,0.0,neutral,False,,,False,batch,242
89,preschool_coverage,Охват детей до 6 лет дошкольным образованием,0.0,0.0,0.0,0.0,neutral,False,,,False,batch,242
89,children_benefits,"Численность детей до 18 лет, на которых назначено пособие",0.0,0.0,0.0,0.0,neutral,False,,,False,batch,242
89,maternity_capital,"Численность лиц, получивших сертификат на материнский капитал",0.0,0.0,0.0,0.0,neutral,False,,,False,batch,242
89,childcare_allowance,Ежемесячное пособие по уходу за первым ребенком,0.0,0.0,0.0,0.0,neutral,False,,,False,batch,242
89,large_families_housing,"Многодетные семьи, улучшившие жилищные условия",0.0,0.0,0.0,0.0,neutral,False,,,False,batch,242
89,housing_area_per_capita,Общая площадь жилья на одного жителя,0.0,0.0,0.0,0.0,neutral,False,,,False,batch,242
89,consumer_price_index,Индексы потребительских цен,0.0,0.0,0.0,0.0,neutral,False,,,False,batch,242
89,primary_housing_price_index,Индексы цен на первичном рынке жилья,0.0,0.0,0.0,0.0,neutral,False,,,False,batch,242
89,secondary_housing_price_index,Индексы цен на вторичном рынке жилья,0.0,0.0,0.0,0.0,neutral,False,,,False,batch,242
89,industrial_production_index,Индексы промышленного производства,0.0,0.0,0.0,0.0,neutral,False,,,False,batch,242
89,enterprises_count,Число предприятий и организаций,0.0,0.0,0.0,0.0,neutral,False,,,False,batch,242
89,crime_count,Количество преступлений,0.0,0.0,0.0,0.0,neutral,False,,,False,batch,242
89,air_pollution,Выбросы загрязняющих веществ в атмосферный воздух,0.0,0.0,0.0,0.0,neutral,False,,,False,batch,242
89,wastewater_discharge,Сброс загрязненных сточных вод,0.0,0.0,0.0,0.0,neutral,False,,,False,batch,242
89,mortality_rate,Коэффициент смертности на 1000 человек,0.0,0.0,0.0,0.0,neutral,False,,,False,batch,242
89,birth_rate_per_1000,Коэффициент рождаемости на 1000 человек,0.0,0.0,0.0,0.0,neutral,False,,,False,batch,242
91,population_size,Численность населения,0.0,0.0,0.0,0.0,neutral,False,,,False,batch,214
91,divorce_rate,Число зарегистрированных разводов на 1000 населения,0.0,0.0,0.0,0.0,neutral,False,,,False,batch,214
91,marriage_rate,Число зарегистрированных браков на 1000 населения,0.0,0.0,0.0,0.0,neutral,False,,,False,batch,214
91,international_inflow,Число прибывших в страну,0.0,0.0,0.0,0.0,neutral,False,,,False,batch,214
91,international_outflow,Число выбывших из страны,0.0,0.0,0.0,0.0,neutral,False,,,False,batch,214
91,internal_arrivals,Число прибытий внутри региона,0.0,0.0,0.0,0.0,neutral,False,,,False,batch,214
91,internal_departures,Число выбытий из региона,0.0,0.0,0.0,0.0,neutral,False,,,False,batch,214
91,infant_mortality,Коэффициент младенческой смертности,0.0,0.0,0.0,0.0,neutral,False,,,False,batch,214
91,life_expectancy,Ожидаемая продолжительность жизни,0.0,0.0,0.0,0.0,neutral,False,,,False,batch,214
91,male_population,Число мужчин,0.0,0.0,0.0,0.0,neutral,False,,,False,batch,214
91,female_population,Число женщин,0.0,0.0,0.0,0.0,neutral,False,,,False,batch,214
91,per_capita_income,Среднедушевые денежные доходы населения,0.0,0.0,0.0,0.0,neutral,False,,,False,batch,214
91,real_income_index,Реальные денежные доходы населения,0.0,0.0,0.0,0.0,neutral,False,,,False,batch,214
91,unemployment_rate,Уровень безработицы,0.0,0.0,0.0,0.0,neutral,False,,,False,batch,214
91,living_wage,Величина прожиточного минимума на душу населения,0.0,0.0,0.0,0.0,neutral,False,,,False,batch,214
91,child_living_wage,Величина прожиточного минимума на ребенка,0.0,0.0,0.0,0.0,neutral,False,,,False,batch,214
91,hospitals,Число больничных организаций,0.0,0.0,0.0,0.0,neutral,False,,,False,batch,214
91,outpatient_clinics,Число амбулаторно-поликлинических организаций,0.0,0.0,0.0,0.0,neutral,False,,,False,batch,214
91,abortions,Число абортов,0.0,0.0,0.0,0.0,neutral,False,,,False,batch,214
91,qualified_doctors,Численность врачей высшей и первой квалификационных категорий,0.0,0.0,0.0,0.0,neutral,False,,,False,batch,214
91,preschool_coverage,Охват детей до 6 лет дошкольным образованием,0.0,0.0,0.0,0.0,neutral,False,,,False,batch,214
91,children_benefits,"Численность детей до 18 лет, на которых назначено пособие",0.0,0.0,0.0,0.0,neutral,False,,,False,batch,214
91,maternity_capital,"Численность лиц, получивших сертификат на материнский капитал",0.0,0.0,0.0,0.0,neutral,False,,,False,batch,214
91,childcare_allowance,Ежемесячное пособие по уходу за первым ребенком,0.0,0.0,0.0,0.0,neutral,False,,,False,batch,214
91,large_families_housing,"Многодетные семьи, улучшившие жилищные условия",0.0,0.0,0.0,0.0,neutral,False,,,False,batch,214
91,housing_area_per_capita,Общая площадь жилья на одного жителя,0.0,0.0,0.0,0.0,neutral,False,,,False,batch,214
91,consumer_price_index,Индексы потребительских цен,0.0,0.0,0.0,0.0,neutral,False,,,False,batch,214
91,primary_housing_price_index,Индексы цен на первичном рынке жилья,0.0,0.0,0.0,0.0,neutral,False,,,False,batch,214
91,secondary_housing_price_index,Индексы цен на вторичном рынке жилья,0.0,0.0,0.0,0.0,neutral,False,,,False,batch,214
91,industrial_production_index,Индексы промышленного производства,0.0,0.0,0.0,0.0,neutral,False,,,False,batch,214
91,enterprises_count,Число предприятий и организаций,0.0,0.0,0.0,0.0,neutral,False,,,False,batch,214
91,crime_count,Количество преступлений,0.3,0.0,0.0,0.5,neutral,True,сбито три воздушные цели,воздушные цели,True,batch,214
91,air_pollution,Выбросы загрязняющих веществ в атмосферный воздух,0.0,0.0,0.0,0.0,neutral,False,,,False,batch,214
91,wastewater_discharge,Сброс загрязненных сточных вод,0.0,0.0,0.0,0.0,neutral,False,,,False,batch,214
91,mortality_rate,Коэффициент смертности на 1000 человек,0.0,0.0,0.0,0.0,neutral,False,,,False,batch,214
91,birth_rate_per_1000,Коэффициент рождаемости на 1000 человек,0.0,0.0,0.0,0.0,neutral,False,,,False,batch,214
92,population_size,Численность населения,0.0,0.0,0.0,0.0,neutral,False,,,False,batch,277
92,divorce_rate,Число зарегистрированных разводов на 1000 населения,0.0,0.0,0.0,0.0,neutral,False,,,False,batch,277
92,marriage_rate,Число зарегистрированных браков на 1000 населения,0.0,0.0,0.0,0.0,neutral,False,,,False,batch,277
92,international_inflow,Число прибывших в страну,0.0,0.0,0.0,0.0,neutral,False,,,False,batch,277
92,international_outflow,Число выбывших из страны,0.0,0.0,0.0,0.0,neutral,False,,,False,batch,277
92,internal_arrivals,Число прибытий внутри региона,0.0,0.0,0.0,0.0,neutral,False,,,False,batch,277
92,internal_departures,Число выбытий из региона,0.0,0.0,0.0,0.0,neutral,False,,,False,batch,277
92,infant_mortality,Коэффициент младенческой смертности,0.0,0.0,0.0,0.0,neutral,False,,,False,batch,277
92,life_expectancy,Ожидаемая продолжительность жизни,0.0,0.0,0.0,0.0,neutral,False,,,False,batch,277
92,male_population,Число мужчин,0.0,0.0,0.0,0.0,neutral,False,,,False,batch,277
92,female_population,Число женщин,0.0,0.0,0.0,0.0,neutral,False,,,False,batch,277
92,per_capita_income,Среднедушевые денежные доходы населения,0.0,0.0,0.0,0.0,neutral,False,,,False,batch,277
92,real_income_index,Реальные денежные доходы населения,0.0,0.0,0.0,0.0,neutral,False,,,False,batch,277
92,unemployment_rate,Уровень безработицы,0.0,0.0,0.0,0.0,neutral,False,,,False,batch,277
92,living_wage,Величина прожиточного минимума на душу населения,0.0,0.0,0.0,0.0,neutral,False,,,False,batch,277
92,child_living_wage,Величина прожиточного минимума на ребенка,0.0,0.0,0.0,0.0,neutral,False,,,False,batch,277
92,hospitals,Число больничных организаций,0.0,0.0,0.0,0.0,neutral,False,,,False,batch,277
92,outpatient_clinics,Число амбулаторно-поликлинических организаций,0.0,0.0,0.0,0.0,neutral,False,,,False,batch,277
92,abortions,Число абортов,0.0,0.0,0.0,0.0,neutral,False,,,False,batch,277
92,qualified_doctors,Численность врачей высшей и первой квалификационных категорий,0.0,0.0,0.0,0.0,neutral,False,,,False,batch,277
92,preschool_coverage,Охват детей до 6 лет дошкольным образованием,0.0,0.0,0.0,0.0,neutral,False,,,False,batch,277
92,children_benefits,"Численность детей до 18 лет, на которых назначено пособие",0.0,0.0,0.0,0.0,neutral,False,,,False,batch,277
92,maternity_capital,"Численность лиц, получивших сертификат на материнский капитал",0.0,0.0,0.0,0.0,neutral,False,,,False,batch,277
92,childcare_allowance,Ежемесячное пособие по уходу за первым ребенком,0.0,0.0,0.0,0.0,neutral,False,,,False,batch,277
92,large_families_housing,"Многодетные семьи, улучшившие жилищные условия",0.0,0.0,0.0,0.0,neutral,False,,,False,batch,277
92,housing_area_per_capita,Общая площадь жилья на одного жителя,0.0,0.0,0.0,0.0,neutral,False,,,False,batch,277
92,consumer_price_index,Индексы потребительских цен,0.0,0.0,0.0,0.0,neutral,False,,,False,batch,277
92,primary_housing_price_index,Индексы цен на первичном рынке жилья,0.0,0.0,0.0,0.0,neutral,False,,,False,batch,277
92,secondary_housing_price_index,Индексы цен на вторичном рынке жилья,0.0,0.0,0.0,0.0,neutral,False,,,False,batch,277
92,industrial_production_index,Индексы промышленного производства,0.6,0.0,0.3,0.7,neutral,True,"взыскал с Google Ireland Limited 101,6 млрд руб.","финансовые споры, связанные с компанией",True,batch,277
92,enterprises_count,Число предприятий и организаций,0.0,0.0,0.0,0.0,neutral,False,,,False,batch,277
92,crime_count,Количество преступлений,0.0,0.0,0.0,0.0,neutral,False,,,False,batch,277
92,air_pollution,Выбросы загрязняющих веществ в атмосферный воздух,0.0,0.0,0.0,0.0,neutral,False,,,False,batch,277
92,wastewater_discharge,Сброс загрязненных сточных вод,0.0,0.0,0.0,0.0,neutral,False,,,False,batch,277
92,mortality_rate,Коэффициент смертности на 1000 человек,0.0,0.0,0.0,0.0,neutral,False,,,False,batch,277
92,birth_rate_per_1000,Коэффициент рождаемости на 1000 человек,0.0,0.0,0.0,0.0,neutral,False,,,False,batch,277
93,population_size,Численность населения,0.0,0.0,0.0,0.0,neutral,False,,,False,batch,249
93,divorce_rate,Число зарегистрированных разводов на 1000 населения,0.0,0.0,0.0,0.0,neutral,False,,,False,batch,249
93,marriage_rate,Число зарегистрированных браков на 1000 населения,0.0,0.0,0.0,0.0,neutral,False,,,False,batch,249
93,international_inflow,Число прибывших в страну,0.0,0.0,0.0,0.0,neutral,False,,,False,batch,249
93,international_outflow,Число выбывших из страны,0.0,0.0,0.0,0.0,neutral,False,,,False,batch,249
93,internal_arrivals,Число прибытий внутри региона,0.0,0.0,0.0,0.0,neutral,False,,,False,batch,249
93,internal_departures,Число выбытий из региона,0.0,0.0,0.0,0.0,neutral,False,,,False,batch,249
93,infant_mortality,Коэффициент младенческой смертности,0.0,0.0,0.0,0.0,neutral,False,,,False,batch,249
93,life_expectancy,Ожидаемая продолжительность жизни,0.0,0.0,0.0,0.0,neutral,False,,,False,batch,249
93,male_population,Число мужчин,0.0,0.0,0.0,0.0,neutral,False,,,False,batch,249
93,female_population,Число женщин,0.0,0.0,0.0,0.0,neutral,False,,,False,batch,249
93,per_capita_income,Среднедушевые денежные доходы населения,0.0,0.0,0.0,0.0,neutral,False,,,False,batch,249
93,real_income_index,Реальные денежные доходы населения,0.0,0.0,0.0,0.0,neutral,False,,,False,batch,249
93,unemployment_rate,Уровень безработицы,0.0,0.0,0.0,0.0,neutral,False,,,False,batch,249
93,living_wage,Величина прожиточного минимума на душу населения,0.0,0.0,0.0,0.0,neutral,False,,,False,batch,249
93,child_living_wage,Величина прожиточного минимума на ребенка,0.0,0.0,0.0,0.0,neutral,False,,,False,batch,249
93,hospitals,Число больничных организаций,0.0,0.0,0.0,0.0,neutral,False,,,False,batch,249
93,outpatient_clinics,Число амбулаторно-поликлинических организаций,0.0,0.0,0.0,0.0,neutral,False,,,False,batch,249
93,abortions,Число абортов,0.0,0.0,0.0,0.0,neutral,False,,,False,batch,249
93,qualified_doctors,Численность врачей высшей и первой квалификационных категорий,0.0,0.0,0.0,0.0,neutral,False,,,False,batch,249
93,preschool_coverage,Охват детей до 6 лет дошкольным образованием,0.0,0.0,0.0,0.0,neutral,False,,,False,batch,249
93,children_benefits,"Численность детей до 18 лет, на которых назначено пособие",0.0,0.0,0.0,0.0,neutral,False,,,False,batch,249
93,maternity_capital,"Численность лиц, получивших сертификат на материнский капитал",0.0,0.0,0.0,0.0,neutral,False,,,False,batch,249
93,childcare_allowance,Ежемесячное пособие по уходу за первым ребенком,0.0,0.0,0.0,0.0,neutral,False,,,False,batch,249
93,large_families_housing,"Многодетные семьи, улучшившие жилищные условия",0.0,0.0,0.0,0.0,neutral,False,,,False,batch,249
93,housing_area_per_capita,Общая площадь жилья на одного жителя,0.0,0.0,0.0,0.0,neutral,False,,,False,batch,249
93,consumer_price_index,Индексы потребительских цен,0.0,0.0,0.0,0.0,neutral,False,,,False,batch,249
93,primary_housing_price_index,Индексы цен на первичном рынке жилья,0.0,0.0,0.0,0.0,neutral,False,,,False,batch,249
93,secondary_housing_price_index,Индексы цен на вторичном рынке жилья,0.0,0.0,0.0,0.0,neutral,False,,,False,batch,249
93,industrial_production_index,Индексы промышленного производства,0.0,0.0,0.0,0.0,neutral,False,,,False,batch,249
93,enterprises_count,Число предприятий и организаций,0.0,0.0,0.0,0.0,neutral,False,,,False,batch,249
93,crime_count,Количество преступлений,0.6,-0.5,0.5,0.8,negative,True,Нанесли поражение формированиям...,поражение формирований -> crime_count,True,batch,249
93,air_pollution,Выбросы загрязняющих веществ в атмосферный воздух,0.0,0.0,0.0,0.0,neutral,False,,,False,batch,249
93,wastewater_discharge,Сброс загрязненных сточных вод,0.0,0.0,0.0,0.0,neutral,False,,,False,batch,249
93,mortality_rate,Коэффициент смертности на 1000 человек,0.0,0.0,0.0,0.0,neutral,False,,,False,batch,249
93,birth_rate_per_1000,Коэффициент рождаемости на 1000 человек,0.0,0.0,0.0,0.0,neutral,False,,,False,batch,249
95,population_size,Численность населения,0.0,0.0,0.0,0.0,neutral,False,,,False,batch,232
95,divorce_rate,Число зарегистрированных разводов на 1000 населения,0.0,0.0,0.0,0.0,neutral,False,,,False,batch,232
95,marriage_rate,Число зарегистрированных браков на 1000 населения,0.0,0.0,0.0,0.0,neutral,False,,,False,batch,232
95,international_inflow,Число прибывших в страну,0.0,0.0,0.0,0.0,neutral,False,,,False,batch,232
95,international_outflow,Число выбывших из страны,0.0,0.0,0.0,0.0,neutral,False,,,False,batch,232
95,internal_arrivals,Число прибытий внутри региона,0.0,0.0,0.0,0.0,neutral,False,,,False,batch,232
95,internal_departures,Число выбытий из региона,0.0,0.0,0.0,0.0,neutral,False,,,False,batch,232
95,infant_mortality,Коэффициент младенческой смертности,0.0,0.0,0.0,0.0,neutral,False,,,False,batch,232
95,life_expectancy,Ожидаемая продолжительность жизни,0.0,0.0,0.0,0.0,neutral,False,,,False,batch,232
95,male_population,Число мужчин,0.0,0.0,0.0,0.0,neutral,False,,,False,batch,232
95,female_population,Число женщин,0.0,0.0,0.0,0.0,neutral,False,,,False,batch,232
95,per_capita_income,Среднедушевые денежные доходы населения,0.0,0.0,0.0,0.0,neutral,False,,,False,batch,232
95,real_income_index,Реальные денежные доходы населения,0.0,0.0,0.0,0.0,neutral,False,,,False,batch,232
95,unemployment_rate,Уровень безработицы,0.0,0.0,0.0,0.0,neutral,False,,,False,batch,232
95,living_wage,Величина прожиточного минимума на душу населения,0.0,0.0,0.0,0.0,neutral,False,,,False,batch,232
95,child_living_wage,Величина прожиточного минимума на ребенка,0.0,0.0,0.0,0.0,neutral,False,,,False,batch,232
95,hospitals,Число больничных организаций,0.0,0.0,0.0,0.0,neutral,False,,,False,batch,232
95,outpatient_clinics,Число амбулаторно-поликлинических организаций,0.0,0.0,0.0,0.0,neutral,False,,,False,batch,232
95,abortions,Число абортов,0.0,0.0,0.0,0.0,neutral,False,,,False,batch,232
95,qualified_doctors,Численность врачей высшей и первой квалификационных категорий,0.0,0.0,0.0,0.0,neutral,False,,,False,batch,232
95,preschool_coverage,Охват детей до 6 лет дошкольным образованием,0.0,0.0,0.0,0.0,neutral,False,,,False,batch,232
95,children_benefits,"Численность детей до 18 лет, на которых назначено пособие",0.0,0.0,0.0,0.0,neutral,False,,,False,batch,232
95,maternity_capital,"Численность лиц, получивших сертификат на материнский капитал",0.0,0.0,0.0,0.0,neutral,False,,,False,batch,232
95,childcare_allowance,Ежемесячное пособие по уходу за первым ребенком,0.0,0.0,0.0,0.0,neutral,False,,,False,batch,232
95,large_families_housing,"Многодетные семьи, улучшившие жилищные условия",0.0,0.0,0.0,0.0,neutral,False,,,False,batch,232
95,housing_area_per_capita,Общая площадь жилья на одного жителя,0.0,0.0,0.0,0.0,neutral,False,,,False,batch,232
95,consumer_price_index,Индексы потребительских цен,0.0,0.0,0.0,0.0,neutral,False,,,False,batch,232
95,primary_housing_price_index,Индексы цен на первичном рынке жилья,0.0,0.0,0.0,0.0,neutral,False,,,False,batch,232
95,secondary_housing_price_index,Индексы цен на вторичном рынке жилья,0.0,0.0,0.0,0.0,neutral,False,,,False,batch,232
95,industrial_production_index,Индексы промышленного производства,0.0,0.0,0.0,0.0,neutral,False,,,False,batch,232
95,enterprises_count,Число предприятий и организаций,0.0,0.0,0.0,0.0,neutral,False,,,False,batch,232
95,crime_count,Количество преступлений,0.6,-0.5,0.5,0.8,negative,True,Успешные боевые действия,боевые действия -> crime_count,True,batch,232
95,air_pollution,Выбросы загрязняющих веществ в атмосферный воздух,0.0,0.0,0.0,0.0,neutral,False,,,False,batch,232
95,wastewater_discharge,Сброс загрязненных сточных вод,0.0,0.0,0.0,0.0,neutral,False,,,False,batch,232
95,mortality_rate,Коэффициент смертности на 1000 человек,0.0,0.0,0.0,0.0,neutral,False,,,False,batch,232
95,birth_rate_per_1000,Коэффициент рождаемости на 1000 человек,0.0,0.0,0.0,0.0,neutral,False,,,False,batch,232
96,population_size,Численность населения,0.0,0.0,0.0,0.0,neutral,False,,,False,batch,242
96,divorce_rate,Число зарегистрированных разводов на 1000 населения,0.0,0.0,0.0,0.0,neutral,False,,,False,batch,242
96,marriage_rate,Число зарегистрированных браков на 1000 населения,0.0,0.0,0.0,0.0,neutral,False,,,False,batch,242
96,international_inflow,Число прибывших в страну,0.0,0.0,0.0,0.0,neutral,False,,,False,batch,242
96,international_outflow,Число выбывших из страны,0.0,0.0,0.0,0.0,neutral,False,,,False,batch,242
96,internal_arrivals,Число прибытий внутри региона,0.0,0.0,0.0,0.0,neutral,False,,,False,batch,242
96,internal_departures,Число выбытий из региона,0.0,0.0,0.0,0.0,neutral,False,,,False,batch,242
96,infant_mortality,Коэффициент младенческой смертности,0.0,0.0,0.0,0.0,neutral,False,,,False,batch,242
96,life_expectancy,Ожидаемая продолжительность жизни,0.0,0.0,0.0,0.0,neutral,False,,,False,batch,242
96,male_population,Число мужчин,0.0,0.0,0.0,0.0,neutral,False,,,False,batch,242
96,female_population,Число женщин,0.0,0.0,0.0,0.0,neutral,False,,,False,batch,242
96,per_capita_income,Среднедушевые денежные доходы населения,0.0,0.0,0.0,0.0,neutral,False,,,False,batch,242
96,real_income_index,Реальные денежные доходы населения,0.0,0.0,0.0,0.0,neutral,False,,,False,batch,242
96,unemployment_rate,Уровень безработицы,0.0,0.0,0.0,0.0,neutral,False,,,False,batch,242
96,living_wage,Величина прожиточного минимума на душу населения,0.0,0.0,0.0,0.0,neutral,False,,,False,batch,242
96,child_living_wage,Величина прожиточного минимума на ребенка,0.0,0.0,0.0,0.0,neutral,False,,,False,batch,242
96,hospitals,Число больничных организаций,0.0,0.0,0.0,0.0,neutral,False,,,False,batch,242
96,outpatient_clinics,Число амбулаторно-поликлинических организаций,0.0,0.0,0.0,0.0,neutral,False,,,False,batch,242
96,abortions,Число абортов,0.0,0.0,0.0,0.0,neutral,False,,,False,batch,242
96,qualified_doctors,Численность врачей высшей и первой квалификационных категорий,0.0,0.0,0.0,0.0,neutral,False,,,False,batch,242
96,preschool_coverage,Охват детей до 6 лет дошкольным образованием,0.0,0.0,0.0,0.0,neutral,False,,,False,batch,242
96,children_benefits,"Численность детей до 18 лет, на которых назначено пособие",0.0,0.0,0.0,0.0,neutral,False,,,False,batch,242
96,maternity_capital,"Численность лиц, получивших сертификат на материнский капитал",0.0,0.0,0.0,0.0,neutral,False,,,False,batch,242
96,childcare_allowance,Ежемесячное пособие по уходу за первым ребенком,0.0,0.0,0.0,0.0,neutral,False,,,False,batch,242
96,large_families_housing,"Многодетные семьи, улучшившие жилищные условия",0.0,0.0,0.0,0.0,neutral,False,,,False,batch,242
96,housing_area_per_capita,Общая площадь жилья на одного жителя,0.0,0.0,0.0,0.0,neutral,False,,,False,batch,242
96,consumer_price_index,Индексы потребительских цен,0.0,0.0,0.0,0.0,neutral,False,,,False,batch,242
96,primary_housing_price_index,Индексы цен на первичном рынке жилья,0.0,0.0,0.0,0.0,neutral,False,,,False,batch,242
96,secondary_housing_price_index,Индексы цен на вторичном рынке жилья,0.0,0.0,0.0,0.0,neutral,False,,,False,batch,242
96,industrial_production_index,Индексы промышленного производства,0.0,0.0,0.0,0.0,neutral,False,,,False,batch,242
96,enterprises_count,Число предприятий и организаций,0.0,0.0,0.0,0.0,neutral,False,,,False,batch,242
96,crime_count,Количество преступлений,0.0,0.0,0.0,0.0,neutral,False,,,False,batch,242
96,air_pollution,Выбросы загрязняющих веществ в атмосферный воздух,0.6,0.0,0.0,0.8,neutral,True,"сильный ветер до 20 м/с, до 40 м/с","погода, ветер, загрязнение воздуха",True,batch,242
96,wastewater_discharge,Сброс загрязненных сточных вод,0.0,0.0,0.0,0.0,neutral,False,,,False,batch,242
96,mortality_rate,Коэффициент смертности на 1000 человек,0.0,0.0,0.0,0.0,neutral,False,,,False,batch,242
96,birth_rate_per_1000,Коэффициент рождаемости на 1000 человек,0.0,0.0,0.0,0.0,neutral,False,,,False,batch,242
97,population_size,Численность населения,0.0,0.0,0.0,0.0,neutral,False,,,False,neutral_after_error,0
97,divorce_rate,Число зарегистрированных разводов на 1000 населения,0.0,0.0,0.0,0.0,neutral,False,,,False,neutral_after_error,0
97,marriage_rate,Число зарегистрированных браков на 1000 населения,0.0,0.0,0.0,0.0,neutral,False,,,False,neutral_after_error,0
97,international_inflow,Число прибывших в страну,0.0,0.0,0.0,0.0,neutral,False,,,False,neutral_after_error,0
97,international_outflow,Число выбывших из страны,0.0,0.0,0.0,0.0,neutral,False,,,False,neutral_after_error,0
97,internal_arrivals,Число прибытий внутри региона,0.0,0.0,0.0,0.0,neutral,False,,,False,neutral_after_error,0
97,internal_departures,Число выбытий из региона,0.0,0.0,0.0,0.0,neutral,False,,,False,neutral_after_error,0
97,infant_mortality,Коэффициент младенческой смертности,0.0,0.0,0.0,0.0,neutral,False,,,False,neutral_after_error,0
97,life_expectancy,Ожидаемая продолжительность жизни,0.0,0.0,0.0,0.0,neutral,False,,,False,neutral_after_error,0
97,male_population,Число мужчин,0.0,0.0,0.0,0.0,neutral,False,,,False,neutral_after_error,0
97,female_population,Число женщин,0.0,0.0,0.0,0.0,neutral,False,,,False,neutral_after_error,0
97,per_capita_income,Среднедушевые денежные доходы населения,0.0,0.0,0.0,0.0,neutral,False,,,False,neutral_after_error,0
97,real_income_index,Реальные денежные доходы населения,0.0,0.0,0.0,0.0,neutral,False,,,False,neutral_after_error,0
97,unemployment_rate,Уровень безработицы,0.0,0.0,0.0,0.0,neutral,False,,,False,neutral_after_error,0
97,living_wage,Величина прожиточного минимума на душу населения,0.0,0.0,0.0,0.0,neutral,False,,,False,neutral_after_error,0
97,child_living_wage,Величина прожиточного минимума на ребенка,0.0,0.0,0.0,0.0,neutral,False,,,False,neutral_after_error,0
97,hospitals,Число больничных организаций,0.0,0.0,0.0,0.0,neutral,False,,,False,neutral_after_error,0
97,outpatient_clinics,Число амбулаторно-поликлинических организаций,0.0,0.0,0.0,0.0,neutral,False,,,False,neutral_after_error,0
97,abortions,Число абортов,0.0,0.0,0.0,0.0,neutral,False,,,False,neutral_after_error,0
97,qualified_doctors,Численность врачей высшей и первой квалификационных категорий,0.0,0.0,0.0,0.0,neutral,False,,,False,neutral_after_error,0
97,preschool_coverage,Охват детей до 6 лет дошкольным образованием,0.0,0.0,0.0,0.0,neutral,False,,,False,neutral_after_error,0
97,children_benefits,"Численность детей до 18 лет, на которых назначено пособие",0.0,0.0,0.0,0.0,neutral,False,,,False,neutral_after_error,0
97,maternity_capital,"Численность лиц, получивших сертификат на материнский капитал",0.0,0.0,0.0,0.0,neutral,False,,,False,neutral_after_error,0
97,childcare_allowance,Ежемесячное пособие по уходу за первым ребенком,0.0,0.0,0.0,0.0,neutral,False,,,False,neutral_after_error,0
97,large_families_housing,"Многодетные семьи, улучшившие жилищные условия",0.0,0.0,0.0,0.0,neutral,False,,,False,neutral_after_error,0
97,housing_area_per_capita,Общая площадь жилья на одного жителя,0.0,0.0,0.0,0.0,neutral,False,,,False,neutral_after_error,0
97,consumer_price_index,Индексы потребительских цен,0.0,0.0,0.0,0.0,neutral,False,,,False,neutral_after_error,0
97,primary_housing_price_index,Индексы цен на первичном рынке жилья,0.0,0.0,0.0,0.0,neutral,False,,,False,neutral_after_error,0
97,secondary_housing_price_index,Индексы цен на вторичном рынке жилья,0.0,0.0,0.0,0.0,neutral,False,,,False,neutral_after_error,0
97,industrial_production_index,Индексы промышленного производства,0.0,0.0,0.0,0.0,neutral,False,,,False,neutral_after_error,0
97,enterprises_count,Число предприятий и организаций,0.0,0.0,0.0,0.0,neutral,False,,,False,neutral_after_error,0
97,crime_count,Количество преступлений,0.0,0.0,0.0,0.0,neutral,False,,,False,neutral_after_error,0
97,air_pollution,Выбросы загрязняющих веществ в атмосферный воздух,0.0,0.0,0.0,0.0,neutral,False,,,False,neutral_after_error,0
97,wastewater_discharge,Сброс загрязненных сточных вод,0.0,0.0,0.0,0.0,neutral,False,,,False,neutral_after_error,0
97,mortality_rate,Коэффициент смертности на 1000 человек,0.0,0.0,0.0,0.0,neutral,False,,,False,neutral_after_error,0
97,birth_rate_per_1000,Коэффициент рождаемости на 1000 человек,0.0,0.0,0.0,0.0,neutral,False,,,False,neutral_after_error,0
105,population_size,Численность населения,0.0,0.0,0.0,0.0,neutral,False,,,False,batch,286
105,divorce_rate,Число зарегистрированных разводов на 1000 населения,0.0,0.0,0.0,0.0,neutral,False,,,False,batch,286
105,marriage_rate,Число зарегистрированных браков на 1000 населения,0.0,0.0,0.0,0.0,neutral,False,,,False,batch,286
105,international_inflow,Число прибывших в страну,0.0,0.0,0.0,0.0,neutral,False,,,False,batch,286
105,international_outflow,Число выбывших из страны,0.0,0.0,0.0,0.0,neutral,False,,,False,batch,286
105,internal_arrivals,Число прибытий внутри региона,0.0,0.0,0.0,0.0,neutral,False,,,False,batch,286
105,internal_departures,Число выбытий из региона,0.0,0.0,0.0,0.0,neutral,False,,,False,batch,286
105,infant_mortality,Коэффициент младенческой смертности,0.0,0.0,0.0,0.0,neutral,False,,,False,batch,286
105,life_expectancy,Ожидаемая продолжительность жизни,0.0,0.0,0.0,0.0,neutral,False,,,False,batch,286
105,male_population,Число мужчин,0.0,0.0,0.0,0.0,neutral,False,,,False,batch,286
105,female_population,Число женщин,0.0,0.0,0.0,0.0,neutral,False,,,False,batch,286
105,per_capita_income,Среднедушевые денежные доходы населения,0.0,0.0,0.0,0.0,neutral,False,,,False,batch,286
105,real_income_index,Реальные денежные доходы населения,0.0,0.0,0.0,0.0,neutral,False,,,False,batch,286
105,unemployment_rate,Уровень безработицы,0.0,0.0,0.0,0.0,neutral,False,,,False,batch,286
105,living_wage,Величина прожиточного минимума на душу населения,0.0,0.0,0.0,0.0,neutral,False,,,False,batch,286
105,child_living_wage,Величина прожиточного минимума на ребенка,0.0,0.0,0.0,0.0,neutral,False,,,False,batch,286
105,hospitals,Число больничных организаций,0.0,0.0,0.0,0.0,neutral,False,,,False,batch,286
105,outpatient_clinics,Число амбулаторно-поликлинических организаций,0.0,0.0,0.0,0.0,neutral,False,,,False,batch,286
105,abortions,Число абортов,0.0,0.0,0.0,0.0,neutral,False,,,False,batch,286
105,qualified_doctors,Численность врачей высшей и первой квалификационных категорий,0.0,0.0,0.0,0.0,neutral,False,,,False,batch,286
105,preschool_coverage,Охват детей до 6 лет дошкольным образованием,0.0,0.0,0.0,0.0,neutral,False,,,False,batch,286
105,children_benefits,"Численность детей до 18 лет, на которых назначено пособие",0.0,0.0,0.0,0.0,neutral,False,,,False,batch,286
105,maternity_capital,"Численность лиц, получивших сертификат на материнский капитал",0.0,0.0,0.0,0.0,neutral,False,,,False,batch,286
105,childcare_allowance,Ежемесячное пособие по уходу за первым ребенком,0.0,0.0,0.0,0.0,neutral,False,,,False,batch,286
105,large_families_housing,"Многодетные семьи, улучшившие жилищные условия",0.0,0.0,0.0,0.0,neutral,False,,,False,batch,286
105,housing_area_per_capita,Общая площадь жилья на одного жителя,0.0,0.0,0.0,0.0,neutral,False,,,False,batch,286
105,consumer_price_index,Индексы потребительских цен,0.0,0.0,0.0,0.0,neutral,False,,,False,batch,286
105,primary_housing_price_index,Индексы цен на первичном рынке жилья,0.0,0.0,0.0,0.0,neutral,False,,,False,batch,286
105,secondary_housing_price_index,Индексы цен на вторичном рынке жилья,0.0,0.0,0.0,0.0,neutral,False,,,False,batch,286
105,industrial_production_index,Индексы промышленного производства,0.9,0.0,0.0,0.9,neutral,True,Инвестиции в нефтегазовый сектор достигнут пика,инвестиции в сектор; промышленная деятельность,True,batch,286
105,enterprises_count,Число предприятий и организаций,0.0,0.0,0.0,0.0,neutral,False,,,False,batch,286
105,crime_count,Количество преступлений,0.0,0.0,0.0,0.0,neutral,False,,,False,batch,286
105,air_pollution,Выбросы загрязняющих веществ в атмосферный воздух,0.0,0.0,0.0,0.0,neutral,False,,,False,batch,286
105,wastewater_discharge,Сброс загрязненных сточных вод,0.0,0.0,0.0,0.0,neutral,False,,,False,batch,286
105,mortality_rate,Коэффициент смертности на 1000 человек,0.0,0.0,0.0,0.0,neutral,False,,,False,batch,286
105,birth_rate_per_1000,Коэффициент рождаемости на 1000 человек,0.0,0.0,0.0,0.0,neutral,False,,,False,batch,286
106,population_size,Численность населения,0.0,0.0,0.0,0.0,neutral,False,,,False,batch,270
106,divorce_rate,Число зарегистрированных разводов на 1000 населения,0.0,0.0,0.0,0.0,neutral,False,,,False,batch,270
106,marriage_rate,Число зарегистрированных браков на 1000 населения,0.0,0.0,0.0,0.0,neutral,False,,,False,batch,270
106,international_inflow,Число прибывших в страну,0.3,0.0,0.0,0.7,neutral,True,рассматривается в качестве площадки,переговоры не связаны с физическим перемещением людей,True,batch,270
106,international_outflow,Число выбывших из страны,0.0,0.0,0.0,0.0,neutral,False,,,False,batch,270
106,internal_arrivals,Число прибытий внутри региона,0.0,0.0,0.0,0.0,neutral,False,,,False,batch,270
106,internal_departures,Число выбытий из региона,0.0,0.0,0.0,0.0,neutral,False,,,False,batch,270
106,infant_mortality,Коэффициент младенческой смертности,0.0,0.0,0.0,0.0,neutral,False,,,False,batch,270
106,life_expectancy,Ожидаемая продолжительность жизни,0.0,0.0,0.0,0.0,neutral,False,,,False,batch,270
106,male_population,Число мужчин,0.0,0.0,0.0,0.0,neutral,False,,,False,batch,270
106,female_population,Число женщин,0.0,0.0,0.0,0.0,neutral,False,,,False,batch,270
106,per_capita_income,Среднедушевые денежные доходы населения,0.0,0.0,0.0,0.0,neutral,False,,,False,batch,270
106,real_income_index,Реальные денежные доходы населения,0.0,0.0,0.0,0.0,neutral,False,,,False,batch,270
106,unemployment_rate,Уровень безработицы,0.0,0.0,0.0,0.0,neutral,False,,,False,batch,270
106,living_wage,Величина прожиточного минимума на душу населения,0.0,0.0,0.0,0.0,neutral,False,,,False,batch,270
106,child_living_wage,Величина прожиточного минимума на ребенка,0.0,0.0,0.0,0.0,neutral,False,,,False,batch,270
106,hospitals,Число больничных организаций,0.0,0.0,0.0,0.0,neutral,False,,,False,batch,270
106,outpatient_clinics,Число амбулаторно-поликлинических организаций,0.0,0.0,0.0,0.0,neutral,False,,,False,batch,270
106,abortions,Число абортов,0.0,0.0,0.0,0.0,neutral,False,,,False,batch,270
106,qualified_doctors,Численность врачей высшей и первой квалификационных категорий,0.0,0.0,0.0,0.0,neutral,False,,,False,batch,270
106,preschool_coverage,Охват детей до 6 лет дошкольным образованием,0.0,0.0,0.0,0.0,neutral,False,,,False,batch,270
106,children_benefits,"Численность детей до 18 лет, на которых назначено пособие",0.0,0.0,0.0,0.0,neutral,False,,,False,batch,270
106,maternity_capital,"Численность лиц, получивших сертификат на материнский капитал",0.0,0.0,0.0,0.0,neutral,False,,,False,batch,270
106,childcare_allowance,Ежемесячное пособие по уходу за первым ребенком,0.0,0.0,0.0,0.0,neutral,False,,,False,batch,270
106,large_families_housing,"Многодетные семьи, улучшившие жилищные условия",0.0,0.0,0.0,0.0,neutral,False,,,False,batch,270
106,housing_area_per_capita,Общая площадь жилья на одного жителя,0.0,0.0,0.0,0.0,neutral,False,,,False,batch,270
106,consumer_price_index,Индексы потребительских цен,0.0,0.0,0.0,0.0,neutral,False,,,False,batch,270
106,primary_housing_price_index,Индексы цен на первичном рынке жилья,0.0,0.0,0.0,0.0,neutral,False,,,False,batch,270
106,secondary_housing_price_index,Индексы цен на вторичном рынке жилья,0.0,0.0,0.0,0.0,neutral,False,,,False,batch,270
106,industrial_production_index,Индексы промышленного производства,0.0,0.0,0.0,0.0,neutral,False,,,False,batch,270
106,enterprises_count,Число предприятий и организаций,0.0,0.0,0.0,0.0,neutral,False,,,False,batch,270
106,crime_count,Количество преступлений,0.0,0.0,0.0,0.0,neutral,False,,,False,batch,270
106,air_pollution,Выбросы загрязняющих веществ в атмосферный воздух,0.0,0.0,0.0,0.0,neutral,False,,,False,batch,270
106,wastewater_discharge,Сброс загрязненных сточных вод,0.0,0.0,0.0,0.0,neutral,False,,,False,batch,270
106,mortality_rate,Коэффициент смертности на 1000 человек,0.0,0.0,0.0,0.0,neutral,False,,,False,batch,270
106,birth_rate_per_1000,Коэффициент рождаемости на 1000 человек,0.0,0.0,0.0,0.0,neutral,False,,,False,batch,270
107,population_size,Численность населения,0.0,0.0,0.0,0.0,neutral,False,,,False,batch,251
107,divorce_rate,Число зарегистрированных разводов на 1000 населения,0.0,0.0,0.0,0.0,neutral,False,,,False,batch,251
107,marriage_rate,Число зарегистрированных браков на 1000 населения,0.0,0.0,0.0,0.0,neutral,False,,,False,batch,251
107,international_inflow,Число прибывших в страну,0.0,0.0,0.0,0.0,neutral,False,,,False,batch,251
107,international_outflow,Число выбывших из страны,0.0,0.0,0.0,0.0,neutral,False,,,False,batch,251
107,internal_arrivals,Число прибытий внутри региона,0.0,0.0,0.0,0.0,neutral,False,,,False,batch,251
107,internal_departures,Число выбытий из региона,0.0,0.0,0.0,0.0,neutral,False,,,False,batch,251
107,infant_mortality,Коэффициент младенческой смертности,0.0,0.0,0.0,0.0,neutral,False,,,False,batch,251
107,life_expectancy,Ожидаемая продолжительность жизни,0.0,0.0,0.0,0.0,neutral,False,,,False,batch,251
107,male_population,Число мужчин,0.0,0.0,0.0,0.0,neutral,False,,,False,batch,251
107,female_population,Число женщин,0.0,0.0,0.0,0.0,neutral,False,,,False,batch,251
107,per_capita_income,Среднедушевые денежные доходы населения,0.0,0.0,0.0,0.0,neutral,False,,,False,batch,251
107,real_income_index,Реальные денежные доходы населения,0.0,0.0,0.0,0.0,neutral,False,,,False,batch,251
107,unemployment_rate,Уровень безработицы,0.0,0.0,0.0,0.0,neutral,False,,,False,batch,251
107,living_wage,Величина прожиточного минимума на душу населения,0.0,0.0,0.0,0.0,neutral,False,,,False,batch,251
107,child_living_wage,Величина прожиточного минимума на ребенка,0.0,0.0,0.0,0.0,neutral,False,,,False,batch,251
107,hospitals,Число больничных организаций,0.0,0.0,0.0,0.0,neutral,False,,,False,batch,251
107,outpatient_clinics,Число амбулаторно-поликлинических организаций,0.0,0.0,0.0,0.0,neutral,False,,,False,batch,251
107,abortions,Число абортов,0.0,0.0,0.0,0.0,neutral,False,,,False,batch,251
107,qualified_doctors,Численность врачей высшей и первой квалификационных категорий,0.0,0.0,0.0,0.0,neutral,False,,,False,batch,251
107,preschool_coverage,Охват детей до 6 лет дошкольным образованием,0.0,0.0,0.0,0.0,neutral,False,,,False,batch,251
107,children_benefits,"Численность детей до 18 лет, на которых назначено пособие",0.0,0.0,0.0,0.0,neutral,False,,,False,batch,251
107,maternity_capital,"Численность лиц, получивших сертификат на материнский капитал",0.0,0.0,0.0,0.0,neutral,False,,,False,batch,251
107,childcare_allowance,Ежемесячное пособие по уходу за первым ребенком,0.0,0.0,0.0,0.0,neutral,False,,,False,batch,251
107,large_families_housing,"Многодетные семьи, улучшившие жилищные условия",0.0,0.0,0.0,0.0,neutral,False,,,False,batch,251
107,housing_area_per_capita,Общая площадь жилья на одного жителя,0.0,0.0,0.0,0.0,neutral,False,,,False,batch,251
107,consumer_price_index,Индексы потребительских цен,0.0,0.0,0.0,0.0,neutral,False,,,False,batch,251
107,primary_housing_price_index,Индексы цен на первичном рынке жилья,0.0,0.0,0.0,0.0,neutral,False,,,False,batch,251
107,secondary_housing_price_index,Индексы цен на вторичном рынке жилья,0.0,0.0,0.0,0.0,neutral,False,,,False,batch,251
107,industrial_production_index,Индексы промышленного производства,0.9,0.5,0.2,0.9,positive,True,увеличила выручку от экспорта чая на 11%,рост экспорта чая,True,batch,251
107,enterprises_count,Число предприятий и организаций,0.0,0.0,0.0,0.0,neutral,False,,,False,batch,251
107,crime_count,Количество преступлений,0.0,0.0,0.0,0.0,neutral,False,,,False,batch,251
107,air_pollution,Выбросы загрязняющих веществ в атмосферный воздух,0.0,0.0,0.0,0.0,neutral,False,,,False,batch,251
107,wastewater_discharge,Сброс загрязненных сточных вод,0.0,0.0,0.0,0.0,neutral,False,,,False,batch,251
107,mortality_rate,Коэффициент смертности на 1000 человек,0.0,0.0,0.0,0.0,neutral,False,,,False,batch,251
107,birth_rate_per_1000,Коэффициент рождаемости на 1000 человек,0.0,0.0,0.0,0.0,neutral,False,,,False,batch,251
115,population_size,Численность населения,0.0,0.0,0.0,0.0,neutral,False,,,False,batch,248
115,divorce_rate,Число зарегистрированных разводов на 1000 населения,0.0,0.0,0.0,0.0,neutral,False,,,False,batch,248
115,marriage_rate,Число зарегистрированных браков на 1000 населения,0.0,0.0,0.0,0.0,neutral,False,,,False,batch,248
115,international_inflow,Число прибывших в страну,0.6,0.1,0.1,0.8,neutral,True,встретится в Москве с главой МИД Индонезии,"переговоры, контакты",True,batch,248
115,international_outflow,Число выбывших из страны,0.0,0.0,0.0,0.0,neutral,False,,,False,batch,248
115,internal_arrivals,Число прибытий внутри региона,0.0,0.0,0.0,0.0,neutral,False,,,False,batch,248
115,internal_departures,Число выбытий из региона,0.0,0.0,0.0,0.0,neutral,False,,,False,batch,248
115,infant_mortality,Коэффициент младенческой смертности,0.0,0.0,0.0,0.0,neutral,False,,,False,batch,248
115,life_expectancy,Ожидаемая продолжительность жизни,0.0,0.0,0.0,0.0,neutral,False,,,False,batch,248
115,male_population,Число мужчин,0.0,0.0,0.0,0.0,neutral,False,,,False,batch,248
115,female_population,Число женщин,0.0,0.0,0.0,0.0,neutral,False,,,False,batch,248
115,per_capita_income,Среднедушевые денежные доходы населения,0.0,0.0,0.0,0.0,neutral,False,,,False,batch,248
115,real_income_index,Реальные денежные доходы населения,0.0,0.0,0.0,0.0,neutral,False,,,False,batch,248
115,unemployment_rate,Уровень безработицы,0.0,0.0,0.0,0.0,neutral,False,,,False,batch,248
115,living_wage,Величина прожиточного минимума на душу населения,0.0,0.0,0.0,0.0,neutral,False,,,False,batch,248
115,child_living_wage,Величина прожиточного минимума на ребенка,0.0,0.0,0.0,0.0,neutral,False,,,False,batch,248
115,hospitals,Число больничных организаций,0.0,0.0,0.0,0.0,neutral,False,,,False,batch,248
115,outpatient_clinics,Число амбулаторно-поликлинических организаций,0.0,0.0,0.0,0.0,neutral,False,,,False,batch,248
115,abortions,Число абортов,0.0,0.0,0.0,0.0,neutral,False,,,False,batch,248
115,qualified_doctors,Численность врачей высшей и первой квалификационных категорий,0.0,0.0,0.0,0.0,neutral,False,,,False,batch,248
115,preschool_coverage,Охват детей до 6 лет дошкольным образованием,0.0,0.0,0.0,0.0,neutral,False,,,False,batch,248
115,children_benefits,"Численность детей до 18 лет, на которых назначено пособие",0.0,0.0,0.0,0.0,neutral,False,,,False,batch,248
115,maternity_capital,"Численность лиц, получивших сертификат на материнский капитал",0.0,0.0,0.0,0.0,neutral,False,,,False,batch,248
115,childcare_allowance,Ежемесячное пособие по уходу за первым ребенком,0.0,0.0,0.0,0.0,neutral,False,,,False,batch,248
115,large_families_housing,"Многодетные семьи, улучшившие жилищные условия",0.0,0.0,0.0,0.0,neutral,False,,,False,batch,248
115,housing_area_per_capita,Общая площадь жилья на одного жителя,0.0,0.0,0.0,0.0,neutral,False,,,False,batch,248
115,consumer_price_index,Индексы потребительских цен,0.0,0.0,0.0,0.0,neutral,False,,,False,batch,248
115,primary_housing_price_index,Индексы цен на первичном рынке жилья,0.0,0.0,0.0,0.0,neutral,False,,,False,batch,248
115,secondary_housing_price_index,Индексы цен на вторичном рынке жилья,0.0,0.0,0.0,0.0,neutral,False,,,False,batch,248
115,industrial_production_index,Индексы промышленного производства,0.0,0.0,0.0,0.0,neutral,False,,,False,batch,248
115,enterprises_count,Число предприятий и организаций,0.0,0.0,0.0,0.0,neutral,False,,,False,batch,248
115,crime_count,Количество преступлений,0.0,0.0,0.0,0.0,neutral,False,,,False,batch,248
115,air_pollution,Выбросы загрязняющих веществ в атмосферный воздух,0.0,0.0,0.0,0.0,neutral,False,,,False,batch,248
115,wastewater_discharge,Сброс загрязненных сточных вод,0.0,0.0,0.0,0.0,neutral,False,,,False,batch,248
115,mortality_rate,Коэффициент смертности на 1000 человек,0.0,0.0,0.0,0.0,neutral,False,,,False,batch,248
115,birth_rate_per_1000,Коэффициент рождаемости на 1000 человек,0.0,0.0,0.0,0.0,neutral,False,,,False,batch,248
117,population_size,Численность населения,0.0,0.0,0.0,0.0,neutral,False,,,False,batch,244
117,divorce_rate,Число зарегистрированных разводов на 1000 населения,0.0,0.0,0.0,0.0,neutral,False,,,False,batch,244
117,marriage_rate,Число зарегистрированных браков на 1000 населения,0.0,0.0,0.0,0.0,neutral,False,,,False,batch,244
117,international_inflow,Число прибывших в страну,0.0,0.0,0.0,0.0,neutral,False,,,False,batch,244
117,international_outflow,Число выбывших из страны,0.0,0.0,0.0,0.0,neutral,False,,,False,batch,244
117,internal_arrivals,Число прибытий внутри региона,0.0,0.0,0.0,0.0,neutral,False,,,False,batch,244
117,internal_departures,Число выбытий из региона,0.0,0.0,0.0,0.0,neutral,False,,,False,batch,244
117,infant_mortality,Коэффициент младенческой смертности,0.0,0.0,0.0,0.0,neutral,False,,,False,batch,244
117,life_expectancy,Ожидаемая продолжительность жизни,0.0,0.0,0.0,0.0,neutral,False,,,False,batch,244
117,male_population,Число мужчин,0.0,0.0,0.0,0.0,neutral,False,,,False,batch,244
117,female_population,Число женщин,0.0,0.0,0.0,0.0,neutral,False,,,False,batch,244
117,per_capita_income,Среднедушевые денежные доходы населения,0.0,0.0,0.0,0.0,neutral,False,,,False,batch,244
117,real_income_index,Реальные денежные доходы населения,0.0,0.0,0.0,0.0,neutral,False,,,False,batch,244
117,unemployment_rate,Уровень безработицы,0.0,0.0,0.0,0.0,neutral,False,,,False,batch,244
117,living_wage,Величина прожиточного минимума на душу населения,0.0,0.0,0.0,0.0,neutral,False,,,False,batch,244
117,child_living_wage,Величина прожиточного минимума на ребенка,0.0,0.0,0.0,0.0,neutral,False,,,False,batch,244
117,hospitals,Число больничных организаций,0.0,0.0,0.0,0.0,neutral,False,,,False,batch,244
117,outpatient_clinics,Число амбулаторно-поликлинических организаций,0.0,0.0,0.0,0.0,neutral,False,,,False,batch,244
117,abortions,Число абортов,0.0,0.0,0.0,0.0,neutral,False,,,False,batch,244
117,qualified_doctors,Численность врачей высшей и первой квалификационных категорий,0.0,0.0,0.0,0.0,neutral,False,,,False,batch,244
117,preschool_coverage,Охват детей до 6 лет дошкольным образованием,0.0,0.0,0.0,0.0,neutral,False,,,False,batch,244
117,children_benefits,"Численность детей до 18 лет, на которых назначено пособие",0.0,0.0,0.0,0.0,neutral,False,,,False,batch,244
117,maternity_capital,"Численность лиц, получивших сертификат на материнский капитал",0.0,0.0,0.0,0.0,neutral,False,,,False,batch,244
117,childcare_allowance,Ежемесячное пособие по уходу за первым ребенком,0.0,0.0,0.0,0.0,neutral,False,,,False,batch,244
117,large_families_housing,"Многодетные семьи, улучшившие жилищные условия",0.0,0.0,0.0,0.0,neutral,False,,,False,batch,244
117,housing_area_per_capita,Общая площадь жилья на одного жителя,0.0,0.0,0.0,0.0,neutral,False,,,False,batch,244
117,consumer_price_index,Индексы потребительских цен,0.0,0.0,0.0,0.0,neutral,False,,,False,batch,244
117,primary_housing_price_index,Индексы цен на первичном рынке жилья,0.0,0.0,0.0,0.0,neutral,False,,,False,batch,244
117,secondary_housing_price_index,Индексы цен на вторичном рынке жилья,0.0,0.0,0.0,0.0,neutral,False,,,False,batch,244
117,industrial_production_index,Индексы промышленного производства,0.0,0.0,0.0,0.0,neutral,False,,,False,batch,244
117,enterprises_count,Число предприятий и организаций,0.0,0.0,0.0,0.0,neutral,False,,,False,batch,244
117,crime_count,Количество преступлений,0.9,-0.5,0.5,0.8,negative,True,"задержан, хищение бюджетных средств",хищение средств -> crime_count,True,batch,244
117,air_pollution,Выбросы загрязняющих веществ в атмосферный воздух,0.0,0.0,0.0,0.0,neutral,False,,,False,batch,244
117,wastewater_discharge,Сброс загрязненных сточных вод,0.0,0.0,0.0,0.0,neutral,False,,,False,batch,244
117,mortality_rate,Коэффициент смертности на 1000 человек,0.0,0.0,0.0,0.0,neutral,False,,,False,batch,244
117,birth_rate_per_1000,Коэффициент рождаемости на 1000 человек,0.0,0.0,0.0,0.0,neutral,False,,,False,batch,244
119,population_size,Численность населения,0.0,0.0,0.0,0.0,neutral,False,,,False,batch,242
119,divorce_rate,Число зарегистрированных разводов на 1000 населения,0.0,0.0,0.0,0.0,neutral,False,,,False,batch,242
119,marriage_rate,Число зарегистрированных браков на 1000 населения,0.0,0.0,0.0,0.0,neutral,False,,,False,batch,242
119,international_inflow,Число прибывших в страну,0.0,0.0,0.0,0.0,neutral,False,,,False,batch,242
119,international_outflow,Число выбывших из страны,0.0,0.0,0.0,0.0,neutral,False,,,False,batch,242
119,internal_arrivals,Число прибытий внутри региона,0.0,0.0,0.0,0.0,neutral,False,,,False,batch,242
119,internal_departures,Число выбытий из региона,0.0,0.0,0.0,0.0,neutral,False,,,False,batch,242
119,infant_mortality,Коэффициент младенческой смертности,0.0,0.0,0.0,0.0,neutral,False,,,False,batch,242
119,life_expectancy,Ожидаемая продолжительность жизни,0.0,0.0,0.0,0.0,neutral,False,,,False,batch,242
119,male_population,Число мужчин,0.0,0.0,0.0,0.0,neutral,False,,,False,batch,242
119,female_population,Число женщин,0.0,0.0,0.0,0.0,neutral,False,,,False,batch,242
119,per_capita_income,Среднедушевые денежные доходы населения,0.0,0.0,0.0,0.0,neutral,False,,,False,batch,242
119,real_income_index,Реальные денежные доходы населения,0.0,0.0,0.0,0.0,neutral,False,,,False,batch,242
119,unemployment_rate,Уровень безработицы,0.0,0.0,0.0,0.0,neutral,False,,,False,batch,242
119,living_wage,Величина прожиточного минимума на душу населения,0.0,0.0,0.0,0.0,neutral,False,,,False,batch,242
119,child_living_wage,Величина прожиточного минимума на ребенка,0.0,0.0,0.0,0.0,neutral,False,,,False,batch,242
119,hospitals,Число больничных организаций,0.0,0.0,0.0,0.0,neutral,False,,,False,batch,242
119,outpatient_clinics,Число амбулаторно-поликлинических организаций,0.0,0.0,0.0,0.0,neutral,False,,,False,batch,242
119,abortions,Число абортов,0.0,0.0,0.0,0.0,neutral,False,,,False,batch,242
119,qualified_doctors,Численность врачей высшей и первой квалификационных категорий,0.0,0.0,0.0,0.0,neutral,False,,,False,batch,242
119,preschool_coverage,Охват детей до 6 лет дошкольным образованием,0.0,0.0,0.0,0.0,neutral,False,,,False,batch,242
119,children_benefits,"Численность детей до 18 лет, на которых назначено пособие",0.0,0.0,0.0,0.0,neutral,False,,,False,batch,242
119,maternity_capital,"Численность лиц, получивших сертификат на материнский капитал",0.0,0.0,0.0,0.0,neutral,False,,,False,batch,242
119,childcare_allowance,Ежемесячное пособие по уходу за первым ребенком,0.0,0.0,0.0,0.0,neutral,False,,,False,batch,242
119,large_families_housing,"Многодетные семьи, улучшившие жилищные условия",0.0,0.0,0.0,0.0,neutral,False,,,False,batch,242
119,housing_area_per_capita,Общая площадь жилья на одного жителя,0.0,0.0,0.0,0.0,neutral,False,,,False,batch,242
119,consumer_price_index,Индексы потребительских цен,0.0,0.0,0.0,0.0,neutral,False,,,False,batch,242
119,primary_housing_price_index,Индексы цен на первичном рынке жилья,0.0,0.0,0.0,0.0,neutral,False,,,False,batch,242
119,secondary_housing_price_index,Индексы цен на вторичном рынке жилья,0.0,0.0,0.0,0.0,neutral,False,,,False,batch,242
119,industrial_production_index,Индексы промышленного производства,0.9,0.0,0.0,0.9,neutral,True,снижения добычи угля в 2025 г. на 5-6%,добыча угля,True,batch,242
119,enterprises_count,Число предприятий и организаций,0.0,0.0,0.0,0.0,neutral,False,,,False,batch,242
119,crime_count,Количество преступлений,0.0,0.0,0.0,0.0,neutral,False,,,False,batch,242
119,air_pollution,Выбросы загрязняющих веществ в атмосферный воздух,0.0,0.0,0.0,0.0,neutral,False,,,False,batch,242
119,wastewater_discharge,Сброс загрязненных сточных вод,0.0,0.0,0.0,0.0,neutral,False,,,False,batch,242
119,mortality_rate,Коэффициент смертности на 1000 человек,0.0,0.0,0.0,0.0,neutral,False,,,False,batch,242
119,birth_rate_per_1000,Коэффициент рождаемости на 1000 человек,0.0,0.0,0.0,0.0,neutral,False,,,False,batch,242
120,population_size,Численность населения,0.0,0.0,0.0,0.0,neutral,False,,,False,batch,254
120,divorce_rate,Число зарегистрированных разводов на 1000 населения,0.0,0.0,0.0,0.0,neutral,False,,,False,batch,254
120,marriage_rate,Число зарегистрированных браков на 1000 населения,0.0,0.0,0.0,0.0,neutral,False,,,False,batch,254
120,international_inflow,Число прибывших в страну,0.0,0.0,0.0,0.0,neutral,False,,,False,batch,254
120,international_outflow,Число выбывших из страны,0.0,0.0,0.0,0.0,neutral,False,,,False,batch,254
120,internal_arrivals,Число прибытий внутри региона,0.0,0.0,0.0,0.0,neutral,False,,,False,batch,254
120,internal_departures,Число выбытий из региона,0.0,0.0,0.0,0.0,neutral,False,,,False,batch,254
120,infant_mortality,Коэффициент младенческой смертности,0.0,0.0,0.0,0.0,neutral,False,,,False,batch,254
120,life_expectancy,Ожидаемая продолжительность жизни,0.0,0.0,0.0,0.0,neutral,False,,,False,batch,254
120,male_population,Число мужчин,0.0,0.0,0.0,0.0,neutral,False,,,False,batch,254
120,female_population,Число женщин,0.0,0.0,0.0,0.0,neutral,False,,,False,batch,254
120,per_capita_income,Среднедушевые денежные доходы населения,0.0,0.0,0.0,0.0,neutral,False,,,False,batch,254
120,real_income_index,Реальные денежные доходы населения,0.0,0.0,0.0,0.0,neutral,False,,,False,batch,254
120,unemployment_rate,Уровень безработицы,0.0,0.0,0.0,0.0,neutral,False,,,False,batch,254
120,living_wage,Величина прожиточного минимума на душу населения,0.0,0.0,0.0,0.0,neutral,False,,,False,batch,254
120,child_living_wage,Величина прожиточного минимума на ребенка,0.0,0.0,0.0,0.0,neutral,False,,,False,batch,254
120,hospitals,Число больничных организаций,0.0,0.0,0.0,0.0,neutral,False,,,False,batch,254
120,outpatient_clinics,Число амбулаторно-поликлинических организаций,0.0,0.0,0.0,0.0,neutral,False,,,False,batch,254
120,abortions,Число абортов,0.0,0.0,0.0,0.0,neutral,False,,,False,batch,254
120,qualified_doctors,Численность врачей высшей и первой квалификационных категорий,0.0,0.0,0.0,0.0,neutral,False,,,False,batch,254
120,preschool_coverage,Охват детей до 6 лет дошкольным образованием,0.0,0.0,0.0,0.0,neutral,False,,,False,batch,254
120,children_benefits,"Численность детей до 18 лет, на которых назначено пособие",0.0,0.0,0.0,0.0,neutral,False,,,False,batch,254
120,maternity_capital,"Численность лиц, получивших сертификат на материнский капитал",0.0,0.0,0.0,0.0,neutral,False,,,False,batch,254
120,childcare_allowance,Ежемесячное пособие по уходу за первым ребенком,0.0,0.0,0.0,0.0,neutral,False,,,False,batch,254
120,large_families_housing,"Многодетные семьи, улучшившие жилищные условия",0.0,0.0,0.0,0.0,neutral,False,,,False,batch,254
120,housing_area_per_capita,Общая площадь жилья на одного жителя,0.0,0.0,0.0,0.0,neutral,False,,,False,batch,254
120,consumer_price_index,Индексы потребительских цен,0.0,0.0,0.0,0.0,neutral,False,,,False,batch,254
120,primary_housing_price_index,Индексы цен на первичном рынке жилья,0.0,0.0,0.0,0.0,neutral,False,,,False,batch,254
120,secondary_housing_price_index,Индексы цен на вторичном рынке жилья,0.0,0.0,0.0,0.0,neutral,False,,,False,batch,254
120,industrial_production_index,Индексы промышленного производства,0.6,0.0,0.0,0.8,neutral,True,судов с российской нефтью,нефтяной флот влияет на производство,True,batch,254
120,enterprises_count,Число предприятий и организаций,0.0,0.0,0.0,0.0,neutral,False,,,False,batch,254
120,crime_count,Количество преступлений,0.0,0.0,0.0,0.0,neutral,False,,,False,batch,254
120,air_pollution,Выбросы загрязняющих веществ в атмосферный воздух,0.0,0.0,0.0,0.0,neutral,False,,,False,batch,254
120,wastewater_discharge,Сброс загрязненных сточных вод,0.0,0.0,0.0,0.0,neutral,False,,,False,batch,254
120,mortality_rate,Коэффициент смертности на 1000 человек,0.0,0.0,0.0,0.0,neutral,False,,,False,batch,254
120,birth_rate_per_1000,Коэффициент рождаемости на 1000 человек,0.0,0.0,0.0,0.0,neutral,False,,,False,batch,254
121,population_size,Численность населения,0.0,0.0,0.0,0.0,neutral,False,,,False,batch,261
121,divorce_rate,Число зарегистрированных разводов на 1000 населения,0.0,0.0,0.0,0.0,neutral,False,,,False,batch,261
121,marriage_rate,Число зарегистрированных браков на 1000 населения,0.0,0.0,0.0,0.0,neutral,False,,,False,batch,261
121,international_inflow,Число прибывших в страну,0.0,0.0,0.0,0.0,neutral,False,,,False,batch,261
121,international_outflow,Число выбывших из страны,0.0,0.0,0.0,0.0,neutral,False,,,False,batch,261
121,internal_arrivals,Число прибытий внутри региона,0.0,0.0,0.0,0.0,neutral,False,,,False,batch,261
121,internal_departures,Число выбытий из региона,0.0,0.0,0.0,0.0,neutral,False,,,False,batch,261
121,infant_mortality,Коэффициент младенческой смертности,0.0,0.0,0.0,0.0,neutral,False,,,False,batch,261
121,life_expectancy,Ожидаемая продолжительность жизни,0.0,0.0,0.0,0.0,neutral,False,,,False,batch,261
121,male_population,Число мужчин,0.0,0.0,0.0,0.0,neutral,False,,,False,batch,261
121,female_population,Число женщин,0.0,0.0,0.0,0.0,neutral,False,,,False,batch,261
121,per_capita_income,Среднедушевые денежные доходы населения,0.0,0.0,0.0,0.0,neutral,False,,,False,batch,261
121,real_income_index,Реальные денежные доходы населения,0.0,0.0,0.0,0.0,neutral,False,,,False,batch,261
121,unemployment_rate,Уровень безработицы,0.0,0.0,0.0,0.0,neutral,False,,,False,batch,261
121,living_wage,Величина прожиточного минимума на душу населения,0.0,0.0,0.0,0.0,neutral,False,,,False,batch,261
121,child_living_wage,Величина прожиточного минимума на ребенка,0.0,0.0,0.0,0.0,neutral,False,,,False,batch,261
121,hospitals,Число больничных организаций,0.0,0.0,0.0,0.0,neutral,False,,,False,batch,261
121,outpatient_clinics,Число амбулаторно-поликлинических организаций,0.0,0.0,0.0,0.0,neutral,False,,,False,batch,261
121,abortions,Число абортов,0.0,0.0,0.0,0.0,neutral,False,,,False,batch,261
121,qualified_doctors,Численность врачей высшей и первой квалификационных категорий,0.0,0.0,0.0,0.0,neutral,False,,,False,batch,261
121,preschool_coverage,Охват детей до 6 лет дошкольным образованием,0.0,0.0,0.0,0.0,neutral,False,,,False,batch,261
121,children_benefits,"Численность детей до 18 лет, на которых назначено пособие",0.0,0.0,0.0,0.0,neutral,False,,,False,batch,261
121,maternity_capital,"Численность лиц, получивших сертификат на материнский капитал",0.0,0.0,0.0,0.0,neutral,False,,,False,batch,261
121,childcare_allowance,Ежемесячное пособие по уходу за первым ребенком,0.0,0.0,0.0,0.0,neutral,False,,,False,batch,261
121,large_families_housing,"Многодетные семьи, улучшившие жилищные условия",0.0,0.0,0.0,0.0,neutral,False,,,False,batch,261
121,housing_area_per_capita,Общая площадь жилья на одного жителя,0.0,0.0,0.0,0.0,neutral,False,,,False,batch,261
121,consumer_price_index,Индексы потребительских цен,0.6,0.0,0.0,0.8,neutral,True,регулирование сервисов покупок в рассрочку,регулирование финансовых сервисов,True,batch,261
121,primary_housing_price_index,Индексы цен на первичном рынке жилья,0.0,0.0,0.0,0.0,neutral,False,,,False,batch,261
121,secondary_housing_price_index,Индексы цен на вторичном рынке жилья,0.0,0.0,0.0,0.0,neutral,False,,,False,batch,261
121,industrial_production_index,Индексы промышленного производства,0.0,0.0,0.0,0.0,neutral,False,,,False,batch,261
121,enterprises_count,Число предприятий и организаций,0.0,0.0,0.0,0.0,neutral,False,,,False,batch,261
121,crime_count,Количество преступлений,0.0,0.0,0.0,0.0,neutral,False,,,False,batch,261
121,air_pollution,Выбросы загрязняющих веществ в атмосферный воздух,0.0,0.0,0.0,0.0,neutral,False,,,False,batch,261
121,wastewater_discharge,Сброс загрязненных сточных вод,0.0,0.0,0.0,0.0,neutral,False,,,False,batch,261
121,mortality_rate,Коэффициент смертности на 1000 человек,0.0,0.0,0.0,0.0,neutral,False,,,False,batch,261
121,birth_rate_per_1000,Коэффициент рождаемости на 1000 человек,0.0,0.0,0.0,0.0,neutral,False,,,False,batch,261
122,population_size,Численность населения,0.0,0.0,0.0,0.0,neutral,False,,,False,batch,260
122,divorce_rate,Число зарегистрированных разводов на 1000 населения,0.0,0.0,0.0,0.0,neutral,False,,,False,batch,260
122,marriage_rate,Число зарегистрированных браков на 1000 населения,0.0,0.0,0.0,0.0,neutral,False,,,False,batch,260
122,international_inflow,Число прибывших в страну,0.0,0.0,0.0,0.0,neutral,False,,,False,batch,260
122,international_outflow,Число выбывших из страны,0.0,0.0,0.0,0.0,neutral,False,,,False,batch,260
122,internal_arrivals,Число прибытий внутри региона,0.0,0.0,0.0,0.0,neutral,False,,,False,batch,260
122,internal_departures,Число выбытий из региона,0.0,0.0,0.0,0.0,neutral,False,,,False,batch,260
122,infant_mortality,Коэффициент младенческой смертности,0.0,0.0,0.0,0.0,neutral,False,,,False,batch,260
122,life_expectancy,Ожидаемая продолжительность жизни,0.0,0.0,0.0,0.0,neutral,False,,,False,batch,260
122,male_population,Число мужчин,0.0,0.0,0.0,0.0,neutral,False,,,False,batch,260
122,female_population,Число женщин,0.0,0.0,0.0,0.0,neutral,False,,,False,batch,260
122,per_capita_income,Среднедушевые денежные доходы населения,0.0,0.0,0.0,0.0,neutral,False,,,False,batch,260
122,real_income_index,Реальные денежные доходы населения,0.0,0.0,0.0,0.0,neutral,False,,,False,batch,260
122,unemployment_rate,Уровень безработицы,0.0,0.0,0.0,0.0,neutral,False,,,False,batch,260
122,living_wage,Величина прожиточного минимума на душу населения,0.0,0.0,0.0,0.0,neutral,False,,,False,batch,260
122,child_living_wage,Величина прожиточного минимума на ребенка,0.0,0.0,0.0,0.0,neutral,False,,,False,batch,260
122,hospitals,Число больничных организаций,0.0,0.0,0.0,0.0,neutral,False,,,False,batch,260
122,outpatient_clinics,Число амбулаторно-поликлинических организаций,0.0,0.0,0.0,0.0,neutral,False,,,False,batch,260
122,abortions,Число абортов,0.0,0.0,0.0,0.0,neutral,False,,,False,batch,260
122,qualified_doctors,Численность врачей высшей и первой квалификационных категорий,0.0,0.0,0.0,0.0,neutral,False,,,False,batch,260
122,preschool_coverage,Охват детей до 6 лет дошкольным образованием,0.0,0.0,0.0,0.0,neutral,False,,,False,batch,260
122,children_benefits,"Численность детей до 18 лет, на которых назначено пособие",0.0,0.0,0.0,0.0,neutral,False,,,False,batch,260
122,maternity_capital,"Численность лиц, получивших сертификат на материнский капитал",0.0,0.0,0.0,0.0,neutral,False,,,False,batch,260
122,childcare_allowance,Ежемесячное пособие по уходу за первым ребенком,0.0,0.0,0.0,0.0,neutral,False,,,False,batch,260
122,large_families_housing,"Многодетные семьи, улучшившие жилищные условия",0.0,0.0,0.0,0.0,neutral,False,,,False,batch,260
122,housing_area_per_capita,Общая площадь жилья на одного жителя,0.0,0.0,0.0,0.0,neutral,False,,,False,batch,260
122,consumer_price_index,Индексы потребительских цен,0.0,0.0,0.0,0.0,neutral,False,,,False,batch,260
122,primary_housing_price_index,Индексы цен на первичном рынке жилья,0.0,0.0,0.0,0.0,neutral,False,,,False,batch,260
122,secondary_housing_price_index,Индексы цен на вторичном рынке жилья,0.0,0.0,0.0,0.0,neutral,False,,,False,batch,260
122,industrial_production_index,Индексы промышленного производства,0.0,0.0,0.0,0.0,neutral,False,,,False,batch,260
122,enterprises_count,Число предприятий и организаций,0.0,0.0,0.0,0.0,neutral,False,,,False,batch,260
122,crime_count,Количество преступлений,0.0,0.0,0.0,0.0,neutral,False,,,False,batch,260
122,air_pollution,Выбросы загрязняющих веществ в атмосферный воздух,0.9,0.0,0.0,0.9,neutral,True,Радиационная нагрузка на спутники увеличилась,солнечная вспышка -> загрязнение воздуха,True,batch,260
122,wastewater_discharge,Сброс загрязненных сточных вод,0.0,0.0,0.0,0.0,neutral,False,,,False,batch,260
122,mortality_rate,Коэффициент смертности на 1000 человек,0.0,0.0,0.0,0.0,neutral,False,,,False,batch,260
122,birth_rate_per_1000,Коэффициент рождаемости на 1000 человек,0.0,0.0,0.0,0.0,neutral,False,,,False,batch,260
147,population_size,Численность населения,0.0,0.0,0.0,0.0,neutral,False,,,False,batch,271
147,divorce_rate,Число зарегистрированных разводов на 1000 населения,0.0,0.0,0.0,0.0,neutral,False,,,False,batch,271
147,marriage_rate,Число зарегистрированных браков на 1000 населения,0.0,0.0,0.0,0.0,neutral,False,,,False,batch,271
147,international_inflow,Число прибывших в страну,0.0,0.0,0.0,0.0,neutral,False,,,False,batch,271
147,international_outflow,Число выбывших из страны,0.6,-0.5,0.5,0.8,negative,True,расширяют ограничения против платежных сервисов,санкции влияют на финансовые потоки,True,batch,271
147,internal_arrivals,Число прибытий внутри региона,0.0,0.0,0.0,0.0,neutral,False,,,False,batch,271
147,internal_departures,Число выбытий из региона,0.0,0.0,0.0,0.0,neutral,False,,,False,batch,271
147,infant_mortality,Коэффициент младенческой смертности,0.0,0.0,0.0,0.0,neutral,False,,,False,batch,271
147,life_expectancy,Ожидаемая продолжительность жизни,0.0,0.0,0.0,0.0,neutral,False,,,False,batch,271
147,male_population,Число мужчин,0.0,0.0,0.0,0.0,neutral,False,,,False,batch,271
147,female_population,Число женщин,0.0,0.0,0.0,0.0,neutral,False,,,False,batch,271
147,per_capita_income,Среднедушевые денежные доходы населения,0.0,0.0,0.0,0.0,neutral,False,,,False,batch,271
147,real_income_index,Реальные денежные доходы населения,0.0,0.0,0.0,0.0,neutral,False,,,False,batch,271
147,unemployment_rate,Уровень безработицы,0.0,0.0,0.0,0.0,neutral,False,,,False,batch,271
147,living_wage,Величина прожиточного минимума на душу населения,0.0,0.0,0.0,0.0,neutral,False,,,False,batch,271
147,child_living_wage,Величина прожиточного минимума на ребенка,0.0,0.0,0.0,0.0,neutral,False,,,False,batch,271
147,hospitals,Число больничных организаций,0.0,0.0,0.0,0.0,neutral,False,,,False,batch,271
147,outpatient_clinics,Число амбулаторно-поликлинических организаций,0.0,0.0,0.0,0.0,neutral,False,,,False,batch,271
147,abortions,Число абортов,0.0,0.0,0.0,0.0,neutral,False,,,False,batch,271
147,qualified_doctors,Численность врачей высшей и первой квалификационных категорий,0.0,0.0,0.0,0.0,neutral,False,,,False,batch,271
147,preschool_coverage,Охват детей до 6 лет дошкольным образованием,0.0,0.0,0.0,0.0,neutral,False,,,False,batch,271
147,children_benefits,"Численность детей до 18 лет, на которых назначено пособие",0.0,0.0,0.0,0.0,neutral,False,,,False,batch,271
147,maternity_capital,"Численность лиц, получивших сертификат на материнский капитал",0.0,0.0,0.0,0.0,neutral,False,,,False,batch,271
147,childcare_allowance,Ежемесячное пособие по уходу за первым ребенком,0.0,0.0,0.0,0.0,neutral,False,,,False,batch,271
147,large_families_housing,"Многодетные семьи, улучшившие жилищные условия",0.0,0.0,0.0,0.0,neutral,False,,,False,batch,271
147,housing_area_per_capita,Общая площадь жилья на одного жителя,0.0,0.0,0.0,0.0,neutral,False,,,False,batch,271
147,consumer_price_index,Индексы потребительских цен,0.0,0.0,0.0,0.0,neutral,False,,,False,batch,271
147,primary_housing_price_index,Индексы цен на первичном рынке жилья,0.0,0.0,0.0,0.0,neutral,False,,,False,batch,271
147,secondary_housing_price_index,Индексы цен на вторичном рынке жилья,0.0,0.0,0.0,0.0,neutral,False,,,False,batch,271
147,industrial_production_index,Индексы промышленного производства,0.0,0.0,0.0,0.0,neutral,False,,,False,batch,271
147,enterprises_count,Число предприятий и организаций,0.0,0.0,0.0,0.0,neutral,False,,,False,batch,271
147,crime_count,Количество преступлений,0.0,0.0,0.0,0.0,neutral,False,,,False,batch,271
147,air_pollution,Выбросы загрязняющих веществ в атмосферный воздух,0.0,0.0,0.0,0.0,neutral,False,,,False,batch,271
147,wastewater_discharge,Сброс загрязненных сточных вод,0.0,0.0,0.0,0.0,neutral,False,,,False,batch,271
147,mortality_rate,Коэффициент смертности на 1000 человек,0.0,0.0,0.0,0.0,neutral,False,,,False,batch,271
147,birth_rate_per_1000,Коэффициент рождаемости на 1000 человек,0.0,0.0,0.0,0.0,neutral,False,,,False,batch,271
152,population_size,Численность населения,0.0,0.0,0.0,0.0,neutral,False,,,False,batch,1049
152,divorce_rate,Число зарегистрированных разводов на 1000 населения,0.0,0.0,0.0,0.0,neutral,False,,,False,batch,1049
152,marriage_rate,Число зарегистрированных браков на 1000 населения,0.0,0.0,0.0,0.0,neutral,False,,,False,batch,1049
152,international_inflow,Число прибывших в страну,0.0,0.0,0.0,0.0,neutral,False,,,False,batch,1049
152,international_outflow,Число выбывших из страны,0.0,0.0,0.0,0.0,neutral,False,,,False,batch,1049
152,internal_arrivals,Число прибытий внутри региона,0.0,0.0,0.0,0.0,neutral,False,,,False,batch,1049
152,internal_departures,Число выбытий из региона,0.0,0.0,0.0,0.0,neutral,False,,,False,batch,1049
152,infant_mortality,Коэффициент младенческой смертности,0.0,0.0,0.0,0.0,neutral,False,,,False,batch,1049
152,life_expectancy,Ожидаемая продолжительность жизни,0.0,0.0,0.0,0.0,neutral,False,,,False,batch,1049
152,male_population,Число мужчин,0.0,0.0,0.0,0.0,neutral,False,,,False,batch,1049
152,female_population,Число женщин,0.0,0.0,0.0,0.0,neutral,False,,,False,batch,1049
152,per_capita_income,Среднедушевые денежные доходы населения,0.0,0.0,0.0,0.0,neutral,False,,,False,batch,1049
152,real_income_index,Реальные денежные доходы населения,0.0,0.0,0.0,0.0,neutral,False,,,False,batch,1049
152,unemployment_rate,Уровень безработицы,0.0,0.0,0.0,0.0,neutral,False,,,False,batch,1049
152,living_wage,Величина прожиточного минимума на душу населения,0.0,0.0,0.0,0.0,neutral,False,,,False,batch,1049
152,child_living_wage,Величина прожиточного минимума на ребенка,0.0,0.0,0.0,0.0,neutral,False,,,False,batch,1049
152,hospitals,Число больничных организаций,0.3,0.0,0.3,0.6,neutral,True,на месте работают оперативные службы,оперативное реагирование -> больницы,True,batch,1049
152,outpatient_clinics,Число амбулаторно-поликлинических организаций,0.0,0.0,0.0,0.0,neutral,False,,,False,batch,1049
152,abortions,Число абортов,0.0,0.0,0.0,0.0,neutral,False,,,False,batch,1049
152,qualified_doctors,Численность врачей высшей и первой квалификационных категорий,0.0,0.0,0.0,0.0,neutral,False,,,False,batch,1049
152,preschool_coverage,Охват детей до 6 лет дошкольным образованием,0.0,0.0,0.0,0.0,neutral,False,,,False,batch,1049
152,children_benefits,"Численность детей до 18 лет, на которых назначено пособие",0.0,0.0,0.0,0.0,neutral,False,,,False,batch,1049
152,maternity_capital,"Численность лиц, получивших сертификат на материнский капитал",0.0,0.0,0.0,0.0,neutral,False,,,False,batch,1049
152,childcare_allowance,Ежемесячное пособие по уходу за первым ребенком,0.0,0.0,0.0,0.0,neutral,False,,,False,batch,1049
152,large_families_housing,"Многодетные семьи, улучшившие жилищные условия",0.0,0.0,0.0,0.0,neutral,False,,,False,batch,1049
152,housing_area_per_capita,Общая площадь жилья на одного жителя,0.6,0.0,0.3,0.7,negative,True,повреждения получили жилые здания,повреждения домов -> жилье,True,batch,1049
152,consumer_price_index,Индексы потребительских цен,0.0,0.0,0.0,0.0,neutral,False,,,False,batch,1049
152,primary_housing_price_index,Индексы цен на первичном рынке жилья,0.0,0.0,0.0,0.0,neutral,False,,,False,batch,1049
152,secondary_housing_price_index,Индексы цен на вторичном рынке жилья,0.0,0.0,0.0,0.0,neutral,False,,,False,batch,1049
152,industrial_production_index,Индексы промышленного производства,0.3,0.0,0.0,0.7,neutral,True,повреждения получили здания,повреждения зданий -> промышленность,True,batch,1049
152,enterprises_count,Число предприятий и организаций,0.0,0.0,0.0,0.0,neutral,False,,,False,batch,1049
152,crime_count,Количество преступлений,0.9,-0.5,0.5,0.9,negative,True,массированная атака беспилотников,атака -> crime_count,True,batch,1049
152,air_pollution,Выбросы загрязняющих веществ в атмосферный воздух,0.0,0.0,0.0,0.0,neutral,False,,,False,batch,1049
152,wastewater_discharge,Сброс загрязненных сточных вод,0.0,0.0,0.0,0.0,neutral,False,,,False,batch,1049
152,mortality_rate,Коэффициент смертности на 1000 человек,0.6,-0.5,0.5,0.8,negative,True,легко ранены два человека,пострадавшие -> mortality_rate,True,batch,1049
152,birth_rate_per_1000,Коэффициент рождаемости на 1000 человек,0.0,0.0,0.0,0.0,neutral,False,,,False,batch,1049
157,population_size,Численность населения,0.0,0.0,0.0,0.0,neutral,False,,,False,batch,246
157,divorce_rate,Число зарегистрированных разводов на 1000 населения,0.0,0.0,0.0,0.0,neutral,False,,,False,batch,246
157,marriage_rate,Число зарегистрированных браков на 1000 населения,0.0,0.0,0.0,0.0,neutral,False,,,False,batch,246
157,international_inflow,Число прибывших в страну,0.0,0.0,0.0,0.0,neutral,False,,,False,batch,246
157,international_outflow,Число выбывших из страны,0.0,0.0,0.0,0.0,neutral,False,,,False,batch,246
157,internal_arrivals,Число прибытий внутри региона,0.0,0.0,0.0,0.0,neutral,False,,,False,batch,246
157,internal_departures,Число выбытий из региона,0.0,0.0,0.0,0.0,neutral,False,,,False,batch,246
157,infant_mortality,Коэффициент младенческой смертности,0.0,0.0,0.0,0.0,neutral,False,,,False,batch,246
157,life_expectancy,Ожидаемая продолжительность жизни,0.0,0.0,0.0,0.0,neutral,False,,,False,batch,246
157,male_population,Число мужчин,0.0,0.0,0.0,0.0,neutral,False,,,False,batch,246
157,female_population,Число женщин,0.0,0.0,0.0,0.0,neutral,False,,,False,batch,246
157,per_capita_income,Среднедушевые денежные доходы населения,0.0,0.0,0.0,0.0,neutral,False,,,False,batch,246
157,real_income_index,Реальные денежные доходы населения,0.0,0.0,0.0,0.0,neutral,False,,,False,batch,246
157,unemployment_rate,Уровень безработицы,0.0,0.0,0.0,0.0,neutral,False,,,False,batch,246
157,living_wage,Величина прожиточного минимума на душу населения,0.0,0.0,0.0,0.0,neutral,False,,,False,batch,246
157,child_living_wage,Величина прожиточного минимума на ребенка,0.0,0.0,0.0,0.0,neutral,False,,,False,batch,246
157,hospitals,Число больничных организаций,0.0,0.0,0.0,0.0,neutral,False,,,False,batch,246
157,outpatient_clinics,Число амбулаторно-поликлинических организаций,0.0,0.0,0.0,0.0,neutral,False,,,False,batch,246
157,abortions,Число абортов,0.0,0.0,0.0,0.0,neutral,False,,,False,batch,246
157,qualified_doctors,Численность врачей высшей и первой квалификационных категорий,0.0,0.0,0.0,0.0,neutral,False,,,False,batch,246
157,preschool_coverage,Охват детей до 6 лет дошкольным образованием,0.0,0.0,0.0,0.0,neutral,False,,,False,batch,246
157,children_benefits,"Численность детей до 18 лет, на которых назначено пособие",0.0,0.0,0.0,0.0,neutral,False,,,False,batch,246
157,maternity_capital,"Численность лиц, получивших сертификат на материнский капитал",0.0,0.0,0.0,0.0,neutral,False,,,False,batch,246
157,childcare_allowance,Ежемесячное пособие по уходу за первым ребенком,0.0,0.0,0.0,0.0,neutral,False,,,False,batch,246
157,large_families_housing,"Многодетные семьи, улучшившие жилищные условия",0.0,0.0,0.0,0.0,neutral,False,,,False,batch,246
157,housing_area_per_capita,Общая площадь жилья на одного жителя,0.0,0.0,0.0,0.0,neutral,False,,,False,batch,246
157,consumer_price_index,Индексы потребительских цен,0.6,-0.5,0.5,0.8,negative,True,цены там с большим дисконтом - 50% и более,цены с дисконтом,True,batch,246
157,primary_housing_price_index,Индексы цен на первичном рынке жилья,0.0,0.0,0.0,0.0,neutral,False,,,False,batch,246
157,secondary_housing_price_index,Индексы цен на вторичном рынке жилья,0.0,0.0,0.0,0.0,neutral,False,,,False,batch,246
157,industrial_production_index,Индексы промышленного производства,0.0,0.0,0.0,0.0,neutral,False,,,False,batch,246
157,enterprises_count,Число предприятий и организаций,0.0,0.0,0.0,0.0,neutral,False,,,False,batch,246
157,crime_count,Количество преступлений,0.0,0.0,0.0,0.0,neutral,False,,,False,batch,246
157,air_pollution,Выбросы загрязняющих веществ в атмосферный воздух,0.0,0.0,0.0,0.0,neutral,False,,,False,batch,246
157,wastewater_discharge,Сброс загрязненных сточных вод,0.0,0.0,0.0,0.0,neutral,False,,,False,batch,246
157,mortality_rate,Коэффициент смертности на 1000 человек,0.0,0.0,0.0,0.0,neutral,False,,,False,batch,246
157,birth_rate_per_1000,Коэффициент рождаемости на 1000 человек,0.0,0.0,0.0,0.0,neutral,False,,,False,batch,246
158,population_size,Численность населения,0.0,0.0,0.0,0.0,neutral,False,,,False,batch,264
158,divorce_rate,Число зарегистрированных разводов на 1000 населения,0.0,0.0,0.0,0.0,neutral,False,,,False,batch,264
158,marriage_rate,Число зарегистрированных браков на 1000 населения,0.0,0.0,0.0,0.0,neutral,False,,,False,batch,264
158,international_inflow,Число прибывших в страну,0.0,0.0,0.0,0.0,neutral,False,,,False,batch,264
158,international_outflow,Число выбывших из страны,0.0,0.0,0.0,0.0,neutral,False,,,False,batch,264
158,internal_arrivals,Число прибытий внутри региона,0.0,0.0,0.0,0.0,neutral,False,,,False,batch,264
158,internal_departures,Число выбытий из региона,0.0,0.0,0.0,0.0,neutral,False,,,False,batch,264
158,infant_mortality,Коэффициент младенческой смертности,0.0,0.0,0.0,0.0,neutral,False,,,False,batch,264
158,life_expectancy,Ожидаемая продолжительность жизни,0.0,0.0,0.0,0.0,neutral,False,,,False,batch,264
158,male_population,Число мужчин,0.0,0.0,0.0,0.0,neutral,False,,,False,batch,264
158,female_population,Число женщин,0.0,0.0,0.0,0.0,neutral,False,,,False,batch,264
158,per_capita_income,Среднедушевые денежные доходы населения,0.0,0.0,0.0,0.0,neutral,False,,,False,batch,264
158,real_income_index,Реальные денежные доходы населения,0.0,0.0,0.0,0.0,neutral,False,,,False,batch,264
158,unemployment_rate,Уровень безработицы,0.0,0.0,0.0,0.0,neutral,False,,,False,batch,264
158,living_wage,Величина прожиточного минимума на душу населения,0.0,0.0,0.0,0.0,neutral,False,,,False,batch,264
158,child_living_wage,Величина прожиточного минимума на ребенка,0.0,0.0,0.0,0.0,neutral,False,,,False,batch,264
158,hospitals,Число больничных организаций,0.0,0.0,0.0,0.0,neutral,False,,,False,batch,264
158,outpatient_clinics,Число амбулаторно-поликлинических организаций,0.0,0.0,0.0,0.0,neutral,False,,,False,batch,264
158,abortions,Число абортов,0.0,0.0,0.0,0.0,neutral,False,,,False,batch,264
158,qualified_doctors,Численность врачей высшей и первой квалификационных категорий,0.0,0.0,0.0,0.0,neutral,False,,,False,batch,264
158,preschool_coverage,Охват детей до 6 лет дошкольным образованием,0.0,0.0,0.0,0.0,neutral,False,,,False,batch,264
158,children_benefits,"Численность детей до 18 лет, на которых назначено пособие",0.0,0.0,0.0,0.0,neutral,False,,,False,batch,264
158,maternity_capital,"Численность лиц, получивших сертификат на материнский капитал",0.0,0.0,0.0,0.0,neutral,False,,,False,batch,264
158,childcare_allowance,Ежемесячное пособие по уходу за первым ребенком,0.0,0.0,0.0,0.0,neutral,False,,,False,batch,264
158,large_families_housing,"Многодетные семьи, улучшившие жилищные условия",0.0,0.0,0.0,0.0,neutral,False,,,False,batch,264
158,housing_area_per_capita,Общая площадь жилья на одного жителя,0.0,0.0,0.0,0.0,neutral,False,,,False,batch,264
158,consumer_price_index,Индексы потребительских цен,0.0,0.0,0.0,0.0,neutral,False,,,False,batch,264
158,primary_housing_price_index,Индексы цен на первичном рынке жилья,0.0,0.0,0.0,0.0,neutral,False,,,False,batch,264
158,secondary_housing_price_index,Индексы цен на вторичном рынке жилья,0.0,0.0,0.0,0.0,neutral,False,,,False,batch,264
158,industrial_production_index,Индексы промышленного производства,0.6,0.0,0.3,0.7,neutral,True,Цены на нефть снижаются после заявления Трампа,нефтяной рынок и торговля,True,batch,264
158,enterprises_count,Число предприятий и организаций,0.0,0.0,0.0,0.0,neutral,False,,,False,batch,264
158,crime_count,Количество преступлений,0.0,0.0,0.0,0.0,neutral,False,,,False,batch,264
158,air_pollution,Выбросы загрязняющих веществ в атмосферный воздух,0.0,0.0,0.0,0.0,neutral,False,,,False,batch,264
158,wastewater_discharge,Сброс загрязненных сточных вод,0.0,0.0,0.0,0.0,neutral,False,,,False,batch,264
158,mortality_rate,Коэффициент смертности на 1000 человек,0.0,0.0,0.0,0.0,neutral,False,,,False,batch,264
158,birth_rate_per_1000,Коэффициент рождаемости на 1000 человек,0.0,0.0,0.0,0.0,neutral,False,,,False,batch,264
161,population_size,Численность населения,0.0,0.0,0.0,0.0,neutral,False,,,False,batch,264
161,divorce_rate,Число зарегистрированных разводов на 1000 населения,0.0,0.0,0.0,0.0,neutral,False,,,False,batch,264
161,marriage_rate,Число зарегистрированных браков на 1000 населения,0.0,0.0,0.0,0.0,neutral,False,,,False,batch,264
161,international_inflow,Число прибывших в страну,0.0,0.0,0.0,0.0,neutral,False,,,False,batch,264
161,international_outflow,Число выбывших из страны,0.0,0.0,0.0,0.0,neutral,False,,,False,batch,264
161,internal_arrivals,Число прибытий внутри региона,0.0,0.0,0.0,0.0,neutral,False,,,False,batch,264
161,internal_departures,Число выбытий из региона,0.0,0.0,0.0,0.0,neutral,False,,,False,batch,264
161,infant_mortality,Коэффициент младенческой смертности,0.0,0.0,0.0,0.0,neutral,False,,,False,batch,264
161,life_expectancy,Ожидаемая продолжительность жизни,0.0,0.0,0.0,0.0,neutral,False,,,False,batch,264
161,male_population,Число мужчин,0.0,0.0,0.0,0.0,neutral,False,,,False,batch,264
161,female_population,Число женщин,0.0,0.0,0.0,0.0,neutral,False,,,False,batch,264
161,per_capita_income,Среднедушевые денежные доходы населения,0.0,0.0,0.0,0.0,neutral,False,,,False,batch,264
161,real_income_index,Реальные денежные доходы населения,0.0,0.0,0.0,0.0,neutral,False,,,False,batch,264
161,unemployment_rate,Уровень безработицы,0.0,0.0,0.0,0.0,neutral,False,,,False,batch,264
161,living_wage,Величина прожиточного минимума на душу населения,0.0,0.0,0.0,0.0,neutral,False,,,False,batch,264
161,child_living_wage,Величина прожиточного минимума на ребенка,0.0,0.0,0.0,0.0,neutral,False,,,False,batch,264
161,hospitals,Число больничных организаций,0.0,0.0,0.0,0.0,neutral,False,,,False,batch,264
161,outpatient_clinics,Число амбулаторно-поликлинических организаций,0.0,0.0,0.0,0.0,neutral,False,,,False,batch,264
161,abortions,Число абортов,0.0,0.0,0.0,0.0,neutral,False,,,False,batch,264
161,qualified_doctors,Численность врачей высшей и первой квалификационных категорий,0.0,0.0,0.0,0.0,neutral,False,,,False,batch,264
161,preschool_coverage,Охват детей до 6 лет дошкольным образованием,0.0,0.0,0.0,0.0,neutral,False,,,False,batch,264
161,children_benefits,"Численность детей до 18 лет, на которых назначено пособие",0.0,0.0,0.0,0.0,neutral,False,,,False,batch,264
161,maternity_capital,"Численность лиц, получивших сертификат на материнский капитал",0.0,0.0,0.0,0.0,neutral,False,,,False,batch,264
161,childcare_allowance,Ежемесячное пособие по уходу за первым ребенком,0.0,0.0,0.0,0.0,neutral,False,,,False,batch,264
161,large_families_housing,"Многодетные семьи, улучшившие жилищные условия",0.0,0.0,0.0,0.0,neutral,False,,,False,batch,264
161,housing_area_per_capita,Общая площадь жилья на одного жителя,0.0,0.0,0.0,0.0,neutral,False,,,False,batch,264
161,consumer_price_index,Индексы потребительских цен,0.0,0.0,0.0,0.0,neutral,False,,,False,batch,264
161,primary_housing_price_index,Индексы цен на первичном рынке жилья,0.0,0.0,0.0,0.0,neutral,False,,,False,batch,264
161,secondary_housing_price_index,Индексы цен на вторичном рынке жилья,0.0,0.0,0.0,0.0,neutral,False,,,False,batch,264
161,industrial_production_index,Индексы промышленного производства,0.6,0.0,0.0,0.8,neutral,True,прогноз роста российской экономики,экономический рост влияет на производство,True,batch,264
161,enterprises_count,Число предприятий и организаций,0.0,0.0,0.0,0.0,neutral,False,,,False,batch,264
161,crime_count,Количество преступлений,0.0,0.0,0.0,0.0,neutral,False,,,False,batch,264
161,air_pollution,Выбросы загрязняющих веществ в атмосферный воздух,0.0,0.0,0.0,0.0,neutral,False,,,False,batch,264
161,wastewater_discharge,Сброс загрязненных сточных вод,0.0,0.0,0.0,0.0,neutral,False,,,False,batch,264
161,mortality_rate,Коэффициент смертности на 1000 человек,0.0,0.0,0.0,0.0,neutral,False,,,False,batch,264
161,birth_rate_per_1000,Коэффициент рождаемости на 1000 человек,0.0,0.0,0.0,0.0,neutral,False,,,False,batch,264
167,population_size,Численность населения,0.0,0.0,0.0,0.0,neutral,False,,,False,batch,234
167,divorce_rate,Число зарегистрированных разводов на 1000 населения,0.0,0.0,0.0,0.0,neutral,False,,,False,batch,234
167,marriage_rate,Число зарегистрированных браков на 1000 населения,0.0,0.0,0.0,0.0,neutral,False,,,False,batch,234
167,international_inflow,Число прибывших в страну,0.0,0.0,0.0,0.0,neutral,False,,,False,batch,234
167,international_outflow,Число выбывших из страны,0.0,0.0,0.0,0.0,neutral,False,,,False,batch,234
167,internal_arrivals,Число прибытий внутри региона,0.0,0.0,0.0,0.0,neutral,False,,,False,batch,234
167,internal_departures,Число выбытий из региона,0.0,0.0,0.0,0.0,neutral,False,,,False,batch,234
167,infant_mortality,Коэффициент младенческой смертности,0.0,0.0,0.0,0.0,neutral,False,,,False,batch,234
167,life_expectancy,Ожидаемая продолжительность жизни,0.0,0.0,0.0,0.0,neutral,False,,,False,batch,234
167,male_population,Число мужчин,0.0,0.0,0.0,0.0,neutral,False,,,False,batch,234
167,female_population,Число женщин,0.0,0.0,0.0,0.0,neutral,False,,,False,batch,234
167,per_capita_income,Среднедушевые денежные доходы населения,0.0,0.0,0.0,0.0,neutral,False,,,False,batch,234
167,real_income_index,Реальные денежные доходы населения,0.0,0.0,0.0,0.0,neutral,False,,,False,batch,234
167,unemployment_rate,Уровень безработицы,0.0,0.0,0.0,0.0,neutral,False,,,False,batch,234
167,living_wage,Величина прожиточного минимума на душу населения,0.0,0.0,0.0,0.0,neutral,False,,,False,batch,234
167,child_living_wage,Величина прожиточного минимума на ребенка,0.0,0.0,0.0,0.0,neutral,False,,,False,batch,234
167,hospitals,Число больничных организаций,0.0,0.0,0.0,0.0,neutral,False,,,False,batch,234
167,outpatient_clinics,Число амбулаторно-поликлинических организаций,0.0,0.0,0.0,0.0,neutral,False,,,False,batch,234
167,abortions,Число абортов,0.0,0.0,0.0,0.0,neutral,False,,,False,batch,234
167,qualified_doctors,Численность врачей высшей и первой квалификационных категорий,0.0,0.0,0.0,0.0,neutral,False,,,False,batch,234
167,preschool_coverage,Охват детей до 6 лет дошкольным образованием,0.0,0.0,0.0,0.0,neutral,False,,,False,batch,234
167,children_benefits,"Численность детей до 18 лет, на которых назначено пособие",0.0,0.0,0.0,0.0,neutral,False,,,False,batch,234
167,maternity_capital,"Численность лиц, получивших сертификат на материнский капитал",0.0,0.0,0.0,0.0,neutral,False,,,False,batch,234
167,childcare_allowance,Ежемесячное пособие по уходу за первым ребенком,0.0,0.0,0.0,0.0,neutral,False,,,False,batch,234
167,large_families_housing,"Многодетные семьи, улучшившие жилищные условия",0.0,0.0,0.0,0.0,neutral,False,,,False,batch,234
167,housing_area_per_capita,Общая площадь жилья на одного жителя,0.0,0.0,0.0,0.0,neutral,False,,,False,batch,234
167,consumer_price_index,Индексы потребительских цен,0.0,0.0,0.0,0.0,neutral,False,,,False,batch,234
167,primary_housing_price_index,Индексы цен на первичном рынке жилья,0.0,0.0,0.0,0.0,neutral,False,,,False,batch,234
167,secondary_housing_price_index,Индексы цен на вторичном рынке жилья,0.0,0.0,0.0,0.0,neutral,False,,,False,batch,234
167,industrial_production_index,Индексы промышленного производства,0.3,0.0,0.0,0.7,neutral,True,учения ВВС НАТО по полетам,учения авиации НАТО,True,batch,234
167,enterprises_count,Число предприятий и организаций,0.0,0.0,0.0,0.0,neutral,False,,,False,batch,234
167,crime_count,Количество преступлений,0.0,0.0,0.0,0.0,neutral,False,,,False,batch,234
167,air_pollution,Выбросы загрязняющих веществ в атмосферный воздух,0.0,0.0,0.0,0.0,neutral,False,,,False,batch,234
167,wastewater_discharge,Сброс загрязненных сточных вод,0.0,0.0,0.0,0.0,neutral,False,,,False,batch,234
167,mortality_rate,Коэффициент смертности на 1000 человек,0.0,0.0,0.0,0.0,neutral,False,,,False,batch,234
167,birth_rate_per_1000,Коэффициент рождаемости на 1000 человек,0.0,0.0,0.0,0.0,neutral,False,,,False,batch,234
168,population_size,Численность населения,0.0,0.0,0.0,0.0,neutral,False,,,False,batch,475
168,divorce_rate,Число зарегистрированных разводов на 1000 населения,0.0,0.0,0.0,0.0,neutral,False,,,False,batch,475
168,marriage_rate,Число зарегистрированных браков на 1000 населения,0.0,0.0,0.0,0.0,neutral,False,,,False,batch,475
168,international_inflow,Число прибывших в страну,0.0,0.0,0.0,0.0,neutral,False,,,False,batch,475
168,international_outflow,Число выбывших из страны,0.0,0.0,0.0,0.0,neutral,False,,,False,batch,475
168,internal_arrivals,Число прибытий внутри региона,0.0,0.0,0.0,0.0,neutral,False,,,False,batch,475
168,internal_departures,Число выбытий из региона,0.0,0.0,0.0,0.0,neutral,False,,,False,batch,475
168,infant_mortality,Коэффициент младенческой смертности,0.0,0.0,0.0,0.0,neutral,False,,,False,batch,475
168,life_expectancy,Ожидаемая продолжительность жизни,0.0,0.0,0.0,0.0,neutral,False,,,False,batch,475
168,male_population,Число мужчин,0.0,0.0,0.0,0.0,neutral,False,,,False,batch,475
168,female_population,Число женщин,0.0,0.0,0.0,0.0,neutral,False,,,False,batch,475
168,per_capita_income,Среднедушевые денежные доходы населения,0.0,0.0,0.0,0.0,neutral,False,,,False,batch,475
168,real_income_index,Реальные денежные доходы населения,0.0,0.0,0.0,0.0,neutral,False,,,False,batch,475
168,unemployment_rate,Уровень безработицы,0.0,0.0,0.0,0.0,neutral,False,,,False,batch,475
168,living_wage,Величина прожиточного минимума на душу населения,0.0,0.0,0.0,0.0,neutral,False,,,False,batch,475
168,child_living_wage,Величина прожиточного минимума на ребенка,0.0,0.0,0.0,0.0,neutral,False,,,False,batch,475
168,hospitals,Число больничных организаций,0.0,0.0,0.0,0.0,neutral,False,,,False,batch,475
168,outpatient_clinics,Число амбулаторно-поликлинических организаций,0.0,0.0,0.0,0.0,neutral,False,,,False,batch,475
168,abortions,Число абортов,0.0,0.0,0.0,0.0,neutral,False,,,False,batch,475
168,qualified_doctors,Численность врачей высшей и первой квалификационных категорий,0.0,0.0,0.0,0.0,neutral,False,,,False,batch,475
168,preschool_coverage,Охват детей до 6 лет дошкольным образованием,0.0,0.0,0.0,0.0,neutral,False,,,False,batch,475
168,children_benefits,"Численность детей до 18 лет, на которых назначено пособие",0.0,0.0,0.0,0.0,neutral,False,,,False,batch,475
168,maternity_capital,"Численность лиц, получивших сертификат на материнский капитал",0.0,0.0,0.0,0.0,neutral,False,,,False,batch,475
168,childcare_allowance,Ежемесячное пособие по уходу за первым ребенком,0.0,0.0,0.0,0.0,neutral,False,,,False,batch,475
168,large_families_housing,"Многодетные семьи, улучшившие жилищные условия",0.0,0.0,0.0,0.0,neutral,False,,,False,batch,475
168,housing_area_per_capita,Общая площадь жилья на одного жителя,0.0,0.0,0.0,0.0,neutral,False,,,False,batch,475
168,consumer_price_index,Индексы потребительских цен,0.9,0.0,0.7,0.9,neutral,True,просроченная задолженность за ЖКУ 415 млрд,просроченная задолженность за ЖКУ,True,batch,475
168,primary_housing_price_index,Индексы цен на первичном рынке жилья,0.0,0.0,0.0,0.0,neutral,False,,,False,batch,475
168,secondary_housing_price_index,Индексы цен на вторичном рынке жилья,0.0,0.0,0.0,0.0,neutral,False,,,False,batch,475
168,industrial_production_index,Индексы промышленного производства,0.0,0.0,0.0,0.0,neutral,False,,,False,batch,475
168,enterprises_count,Число предприятий и организаций,0.0,0.0,0.0,0.0,neutral,False,,,False,batch,475
168,crime_count,Количество преступлений,0.0,0.0,0.0,0.0,neutral,False,,,False,batch,475
168,air_pollution,Выбросы загрязняющих веществ в атмосферный воздух,0.0,0.0,0.0,0.0,neutral,False,,,False,batch,475
168,wastewater_discharge,Сброс загрязненных сточных вод,0.0,0.0,0.0,0.0,neutral,False,,,False,batch,475
168,mortality_rate,Коэффициент смертности на 1000 человек,0.0,0.0,0.0,0.0,neutral,False,,,False,batch,475
168,birth_rate_per_1000,Коэффициент рождаемости на 1000 человек,0.0,0.0,0.0,0.0,neutral,False,,,False,batch,475
183,population_size,Численность населения,0.0,0.0,0.0,0.0,neutral,False,,,False,batch,260
183,divorce_rate,Число зарегистрированных разводов на 1000 населения,0.0,0.0,0.0,0.0,neutral,False,,,False,batch,260
183,marriage_rate,Число зарегистрированных браков на 1000 населения,0.0,0.0,0.0,0.0,neutral,False,,,False,batch,260
183,international_inflow,Число прибывших в страну,0.0,0.0,0.0,0.0,neutral,False,,,False,batch,260
183,international_outflow,Число выбывших из страны,0.0,0.0,0.0,0.0,neutral,False,,,False,batch,260
183,internal_arrivals,Число прибытий внутри региона,0.0,0.0,0.0,0.0,neutral,False,,,False,batch,260
183,internal_departures,Число выбытий из региона,0.0,0.0,0.0,0.0,neutral,False,,,False,batch,260
183,infant_mortality,Коэффициент младенческой смертности,0.0,0.0,0.0,0.0,neutral,False,,,False,batch,260
183,life_expectancy,Ожидаемая продолжительность жизни,0.0,0.0,0.0,0.0,neutral,False,,,False,batch,260
183,male_population,Число мужчин,0.0,0.0,0.0,0.0,neutral,False,,,False,batch,260
183,female_population,Число женщин,0.0,0.0,0.0,0.0,neutral,False,,,False,batch,260
183,per_capita_income,Среднедушевые денежные доходы населения,0.0,0.0,0.0,0.0,neutral,False,,,False,batch,260
183,real_income_index,Реальные денежные доходы населения,0.0,0.0,0.0,0.0,neutral,False,,,False,batch,260
183,unemployment_rate,Уровень безработицы,0.0,0.0,0.0,0.0,neutral,False,,,False,batch,260
183,living_wage,Величина прожиточного минимума на душу населения,0.0,0.0,0.0,0.0,neutral,False,,,False,batch,260
183,child_living_wage,Величина прожиточного минимума на ребенка,0.0,0.0,0.0,0.0,neutral,False,,,False,batch,260
183,hospitals,Число больничных организаций,0.0,0.0,0.0,0.0,neutral,False,,,False,batch,260
183,outpatient_clinics,Число амбулаторно-поликлинических организаций,0.0,0.0,0.0,0.0,neutral,False,,,False,batch,260
183,abortions,Число абортов,0.0,0.0,0.0,0.0,neutral,False,,,False,batch,260
183,qualified_doctors,Численность врачей высшей и первой квалификационных категорий,0.0,0.0,0.0,0.0,neutral,False,,,False,batch,260
183,preschool_coverage,Охват детей до 6 лет дошкольным образованием,0.0,0.0,0.0,0.0,neutral,False,,,False,batch,260
183,children_benefits,"Численность детей до 18 лет, на которых назначено пособие",0.0,0.0,0.0,0.0,neutral,False,,,False,batch,260
183,maternity_capital,"Численность лиц, получивших сертификат на материнский капитал",0.0,0.0,0.0,0.0,neutral,False,,,False,batch,260
183,childcare_allowance,Ежемесячное пособие по уходу за первым ребенком,0.0,0.0,0.0,0.0,neutral,False,,,False,batch,260
183,large_families_housing,"Многодетные семьи, улучшившие жилищные условия",0.0,0.0,0.0,0.0,neutral,False,,,False,batch,260
183,housing_area_per_capita,Общая площадь жилья на одного жителя,0.0,0.0,0.0,0.0,neutral,False,,,False,batch,260
183,consumer_price_index,Индексы потребительских цен,0.0,0.0,0.0,0.0,neutral,False,,,False,batch,260
183,primary_housing_price_index,Индексы цен на первичном рынке жилья,0.0,0.0,0.0,0.0,neutral,False,,,False,batch,260
183,secondary_housing_price_index,Индексы цен на вторичном рынке жилья,0.0,0.0,0.0,0.0,neutral,False,,,False,batch,260
183,industrial_production_index,Индексы промышленного производства,0.3,0.0,0.0,0.7,neutral,True,Аэропорт возобновил работу,Возобновление работы инфраструктуры аэропорта,True,batch,260
183,enterprises_count,Число предприятий и организаций,0.0,0.0,0.0,0.0,neutral,False,,,False,batch,260
183,crime_count,Количество преступлений,0.0,0.0,0.0,0.0,neutral,False,,,False,batch,260
183,air_pollution,Выбросы загрязняющих веществ в атмосферный воздух,0.0,0.0,0.0,0.0,neutral,False,,,False,batch,260
183,wastewater_discharge,Сброс загрязненных сточных вод,0.0,0.0,0.0,0.0,neutral,False,,,False,batch,260
183,mortality_rate,Коэффициент смертности на 1000 человек,0.0,0.0,0.0,0.0,neutral,False,,,False,batch,260
183,birth_rate_per_1000,Коэффициент рождаемости на 1000 человек,0.0,0.0,0.0,0.0,neutral,False,,,False,batch,260
187,population_size,Численность населения,0.0,0.0,0.0,0.0,neutral,False,,,False,batch,258
187,divorce_rate,Число зарегистрированных разводов на 1000 населения,0.0,0.0,0.0,0.0,neutral,False,,,False,batch,258
187,marriage_rate,Число зарегистрированных браков на 1000 населения,0.0,0.0,0.0,0.0,neutral,False,,,False,batch,258
187,international_inflow,Число прибывших в страну,0.0,0.0,0.0,0.0,neutral,False,,,False,batch,258
187,international_outflow,Число выбывших из страны,0.0,0.0,0.0,0.0,neutral,False,,,False,batch,258
187,internal_arrivals,Число прибытий внутри региона,0.0,0.0,0.0,0.0,neutral,False,,,False,batch,258
187,internal_departures,Число выбытий из региона,0.0,0.0,0.0,0.0,neutral,False,,,False,batch,258
187,infant_mortality,Коэффициент младенческой смертности,0.0,0.0,0.0,0.0,neutral,False,,,False,batch,258
187,life_expectancy,Ожидаемая продолжительность жизни,0.0,0.0,0.0,0.0,neutral,False,,,False,batch,258
187,male_population,Число мужчин,0.0,0.0,0.0,0.0,neutral,False,,,False,batch,258
187,female_population,Число женщин,0.0,0.0,0.0,0.0,neutral,False,,,False,batch,258
187,per_capita_income,Среднедушевые денежные доходы населения,0.0,0.0,0.0,0.0,neutral,False,,,False,batch,258
187,real_income_index,Реальные денежные доходы населения,0.0,0.0,0.0,0.0,neutral,False,,,False,batch,258
187,unemployment_rate,Уровень безработицы,0.0,0.0,0.0,0.0,neutral,False,,,False,batch,258
187,living_wage,Величина прожиточного минимума на душу населения,0.0,0.0,0.0,0.0,neutral,False,,,False,batch,258
187,child_living_wage,Величина прожиточного минимума на ребенка,0.0,0.0,0.0,0.0,neutral,False,,,False,batch,258
187,hospitals,Число больничных организаций,0.0,0.0,0.0,0.0,neutral,False,,,False,batch,258
187,outpatient_clinics,Число амбулаторно-поликлинических организаций,0.0,0.0,0.0,0.0,neutral,False,,,False,batch,258
187,abortions,Число абортов,0.0,0.0,0.0,0.0,neutral,False,,,False,batch,258
187,qualified_doctors,Численность врачей высшей и первой квалификационных категорий,0.0,0.0,0.0,0.0,neutral,False,,,False,batch,258
187,preschool_coverage,Охват детей до 6 лет дошкольным образованием,0.0,0.0,0.0,0.0,neutral,False,,,False,batch,258
187,children_benefits,"Численность детей до 18 лет, на которых назначено пособие",0.0,0.0,0.0,0.0,neutral,False,,,False,batch,258
187,maternity_capital,"Численность лиц, получивших сертификат на материнский капитал",0.0,0.0,0.0,0.0,neutral,False,,,False,batch,258
187,childcare_allowance,Ежемесячное пособие по уходу за первым ребенком,0.0,0.0,0.0,0.0,neutral,False,,,False,batch,258
187,large_families_housing,"Многодетные семьи, улучшившие жилищные условия",0.0,0.0,0.0,0.0,neutral,False,,,False,batch,258
187,housing_area_per_capita,Общая площадь жилья на одного жителя,0.0,0.0,0.0,0.0,neutral,False,,,False,batch,258
187,consumer_price_index,Индексы потребительских цен,0.0,0.0,0.0,0.0,neutral,False,,,False,batch,258
187,primary_housing_price_index,Индексы цен на первичном рынке жилья,0.0,0.0,0.0,0.0,neutral,False,,,False,batch,258
187,secondary_housing_price_index,Индексы цен на вторичном рынке жилья,0.0,0.0,0.0,0.0,neutral,False,,,False,batch,258
187,industrial_production_index,Индексы промышленного производства,0.6,0.0,0.3,0.8,neutral,True,запрет на импорт нефтепродуктов,влияние на промышленное производство,True,batch,258
187,enterprises_count,Число предприятий и организаций,0.0,0.0,0.0,0.0,neutral,False,,,False,batch,258
187,crime_count,Количество преступлений,0.0,0.0,0.0,0.0,neutral,False,,,False,batch,258
187,air_pollution,Выбросы загрязняющих веществ в атмосферный воздух,0.0,0.0,0.0,0.0,neutral,False,,,False,batch,258
187,wastewater_discharge,Сброс загрязненных сточных вод,0.0,0.0,0.0,0.0,neutral,False,,,False,batch,258
187,mortality_rate,Коэффициент смертности на 1000 человек,0.0,0.0,0.0,0.0,neutral,False,,,False,batch,258
187,birth_rate_per_1000,Коэффициент рождаемости на 1000 человек,0.0,0.0,0.0,0.0,neutral,False,,,False,batch,258
191,population_size,Численность населения,0.0,0.0,0.0,0.0,neutral,False,,,False,batch,257
191,divorce_rate,Число зарегистрированных разводов на 1000 населения,0.0,0.0,0.0,0.0,neutral,False,,,False,batch,257
191,marriage_rate,Число зарегистрированных браков на 1000 населения,0.0,0.0,0.0,0.0,neutral,False,,,False,batch,257
191,international_inflow,Число прибывших в страну,0.0,0.0,0.0,0.0,neutral,False,,,False,batch,257
191,international_outflow,Число выбывших из страны,0.0,0.0,0.0,0.0,neutral,False,,,False,batch,257
191,internal_arrivals,Число прибытий внутри региона,0.0,0.0,0.0,0.0,neutral,False,,,False,batch,257
191,internal_departures,Число выбытий из региона,0.0,0.0,0.0,0.0,neutral,False,,,False,batch,257
191,infant_mortality,Коэффициент младенческой смертности,0.0,0.0,0.0,0.0,neutral,False,,,False,batch,257
191,life_expectancy,Ожидаемая продолжительность жизни,0.0,0.0,0.0,0.0,neutral,False,,,False,batch,257
191,male_population,Число мужчин,0.0,0.0,0.0,0.0,neutral,False,,,False,batch,257
191,female_population,Число женщин,0.0,0.0,0.0,0.0,neutral,False,,,False,batch,257
191,per_capita_income,Среднедушевые денежные доходы населения,0.0,0.0,0.0,0.0,neutral,False,,,False,batch,257
191,real_income_index,Реальные денежные доходы населения,0.0,0.0,0.0,0.0,neutral,False,,,False,batch,257
191,unemployment_rate,Уровень безработицы,0.0,0.0,0.0,0.0,neutral,False,,,False,batch,257
191,living_wage,Величина прожиточного минимума на душу населения,0.0,0.0,0.0,0.0,neutral,False,,,False,batch,257
191,child_living_wage,Величина прожиточного минимума на ребенка,0.0,0.0,0.0,0.0,neutral,False,,,False,batch,257
191,hospitals,Число больничных организаций,0.0,0.0,0.0,0.0,neutral,False,,,False,batch,257
191,outpatient_clinics,Число амбулаторно-поликлинических организаций,0.0,0.0,0.0,0.0,neutral,False,,,False,batch,257
191,abortions,Число абортов,0.0,0.0,0.0,0.0,neutral,False,,,False,batch,257
191,qualified_doctors,Численность врачей высшей и первой квалификационных категорий,0.0,0.0,0.0,0.0,neutral,False,,,False,batch,257
191,preschool_coverage,Охват детей до 6 лет дошкольным образованием,0.0,0.0,0.0,0.0,neutral,False,,,False,batch,257
191,children_benefits,"Численность детей до 18 лет, на которых назначено пособие",0.0,0.0,0.0,0.0,neutral,False,,,False,batch,257
191,maternity_capital,"Численность лиц, получивших сертификат на материнский капитал",0.0,0.0,0.0,0.0,neutral,False,,,False,batch,257
191,childcare_allowance,Ежемесячное пособие по уходу за первым ребенком,0.0,0.0,0.0,0.0,neutral,False,,,False,batch,257
191,large_families_housing,"Многодетные семьи, улучшившие жилищные условия",0.0,0.0,0.0,0.0,neutral,False,,,False,batch,257
191,housing_area_per_capita,Общая площадь жилья на одного жителя,0.0,0.0,0.0,0.0,neutral,False,,,False,batch,257
191,consumer_price_index,Индексы потребительских цен,0.0,0.0,0.0,0.0,neutral,False,,,False,batch,257
191,primary_housing_price_index,Индексы цен на первичном рынке жилья,0.0,0.0,0.0,0.0,neutral,False,,,False,batch,257
191,secondary_housing_price_index,Индексы цен на вторичном рынке жилья,0.0,0.0,0.0,0.0,neutral,False,,,False,batch,257
191,industrial_production_index,Индексы промышленного производства,0.9,0.0,0.5,0.9,negative,True,сократила выпуск стального проката,сокращение производства металла,True,batch,257
191,enterprises_count,Число предприятий и организаций,0.0,0.0,0.0,0.0,neutral,False,,,False,batch,257
191,crime_count,Количество преступлений,0.0,0.0,0.0,0.0,neutral,False,,,False,batch,257
191,air_pollution,Выбросы загрязняющих веществ в атмосферный воздух,0.0,0.0,0.0,0.0,neutral,False,,,False,batch,257
191,wastewater_discharge,Сброс загрязненных сточных вод,0.0,0.0,0.0,0.0,neutral,False,,,False,batch,257
191,mortality_rate,Коэффициент смертности на 1000 человек,0.0,0.0,0.0,0.0,neutral,False,,,False,batch,257
191,birth_rate_per_1000,Коэффициент рождаемости на 1000 человек,0.0,0.0,0.0,0.0,neutral,False,,,False,batch,257
199,population_size,Численность населения,0.0,0.0,0.0,0.0,neutral,False,,,False,batch,269
199,divorce_rate,Число зарегистрированных разводов на 1000 населения,0.0,0.0,0.0,0.0,neutral,False,,,False,batch,269
199,marriage_rate,Число зарегистрированных браков на 1000 населения,0.0,0.0,0.0,0.0,neutral,False,,,False,batch,269
199,international_inflow,Число прибывших в страну,0.0,0.0,0.0,0.0,neutral,False,,,False,batch,269
199,international_outflow,Число выбывших из страны,0.0,0.0,0.0,0.0,neutral,False,,,False,batch,269
199,internal_arrivals,Число прибытий внутри региона,0.0,0.0,0.0,0.0,neutral,False,,,False,batch,269
199,internal_departures,Число выбытий из региона,0.0,0.0,0.0,0.0,neutral,False,,,False,batch,269
199,infant_mortality,Коэффициент младенческой смертности,0.0,0.0,0.0,0.0,neutral,False,,,False,batch,269
199,life_expectancy,Ожидаемая продолжительность жизни,0.0,0.0,0.0,0.0,neutral,False,,,False,batch,269
199,male_population,Число мужчин,0.0,0.0,0.0,0.0,neutral,False,,,False,batch,269
199,female_population,Число женщин,0.0,0.0,0.0,0.0,neutral,False,,,False,batch,269
199,per_capita_income,Среднедушевые денежные доходы населения,0.0,0.0,0.0,0.0,neutral,False,,,False,batch,269
199,real_income_index,Реальные денежные доходы населения,0.0,0.0,0.0,0.0,neutral,False,,,False,batch,269
199,unemployment_rate,Уровень безработицы,0.0,0.0,0.0,0.0,neutral,False,,,False,batch,269
199,living_wage,Величина прожиточного минимума на душу населения,0.0,0.0,0.0,0.0,neutral,False,,,False,batch,269
199,child_living_wage,Величина прожиточного минимума на ребенка,0.0,0.0,0.0,0.0,neutral,False,,,False,batch,269
199,hospitals,Число больничных организаций,0.0,0.0,0.0,0.0,neutral,False,,,False,batch,269
199,outpatient_clinics,Число амбулаторно-поликлинических организаций,0.0,0.0,0.0,0.0,neutral,False,,,False,batch,269
199,abortions,Число абортов,0.0,0.0,0.0,0.0,neutral,False,,,False,batch,269
199,qualified_doctors,Численность врачей высшей и первой квалификационных категорий,0.0,0.0,0.0,0.0,neutral,False,,,False,batch,269
199,preschool_coverage,Охват детей до 6 лет дошкольным образованием,0.0,0.0,0.0,0.0,neutral,False,,,False,batch,269
199,children_benefits,"Численность детей до 18 лет, на которых назначено пособие",0.0,0.0,0.0,0.0,neutral,False,,,False,batch,269
199,maternity_capital,"Численность лиц, получивших сертификат на материнский капитал",0.0,0.0,0.0,0.0,neutral,False,,,False,batch,269
199,childcare_allowance,Ежемесячное пособие по уходу за первым ребенком,0.0,0.0,0.0,0.0,neutral,False,,,False,batch,269
199,large_families_housing,"Многодетные семьи, улучшившие жилищные условия",0.0,0.0,0.0,0.0,neutral,False,,,False,batch,269
199,housing_area_per_capita,Общая площадь жилья на одного жителя,0.0,0.0,0.0,0.0,neutral,False,,,False,batch,269
199,consumer_price_index,Индексы потребительских цен,0.0,0.0,0.0,0.0,neutral,False,,,False,batch,269
199,primary_housing_price_index,Индексы цен на первичном рынке жилья,0.0,0.0,0.0,0.0,neutral,False,,,False,batch,269
199,secondary_housing_price_index,Индексы цен на вторичном рынке жилья,0.0,0.0,0.0,0.0,neutral,False,,,False,batch,269
199,industrial_production_index,Индексы промышленного производства,0.0,0.0,0.0,0.0,neutral,False,,,False,batch,269
199,enterprises_count,Число предприятий и организаций,0.0,0.0,0.0,0.0,neutral,False,,,False,batch,269
199,crime_count,Количество преступлений,0.3,0.0,0.0,0.7,neutral,True,"контрафактные изделия, контрабандные",нелегальная торговля может быть связана с преступностью,True,batch,269
199,air_pollution,Выбросы загрязняющих веществ в атмосферный воздух,0.0,0.0,0.0,0.0,neutral,False,,,False,batch,269
199,wastewater_discharge,Сброс загрязненных сточных вод,0.0,0.0,0.0,0.0,neutral,False,,,False,batch,269
199,mortality_rate,Коэффициент смертности на 1000 человек,0.0,0.0,0.0,0.0,neutral,False,,,False,batch,269
199,birth_rate_per_1000,Коэффициент рождаемости на 1000 человек,0.0,0.0,0.0,0.0,neutral,False,,,False,batch,269
201,population_size,Численность населения,0.0,0.0,0.0,0.0,neutral,False,,,False,batch,251
201,divorce_rate,Число зарегистрированных разводов на 1000 населения,0.0,0.0,0.0,0.0,neutral,False,,,False,batch,251
201,marriage_rate,Число зарегистрированных браков на 1000 населения,0.0,0.0,0.0,0.0,neutral,False,,,False,batch,251
201,international_inflow,Число прибывших в страну,0.0,0.0,0.0,0.0,neutral,False,,,False,batch,251
201,international_outflow,Число выбывших из страны,0.0,0.0,0.0,0.0,neutral,False,,,False,batch,251
201,internal_arrivals,Число прибытий внутри региона,0.0,0.0,0.0,0.0,neutral,False,,,False,batch,251
201,internal_departures,Число выбытий из региона,0.0,0.0,0.0,0.0,neutral,False,,,False,batch,251
201,infant_mortality,Коэффициент младенческой смертности,0.0,0.0,0.0,0.0,neutral,False,,,False,batch,251
201,life_expectancy,Ожидаемая продолжительность жизни,0.0,0.0,0.0,0.0,neutral,False,,,False,batch,251
201,male_population,Число мужчин,0.0,0.0,0.0,0.0,neutral,False,,,False,batch,251
201,female_population,Число женщин,0.0,0.0,0.0,0.0,neutral,False,,,False,batch,251
201,per_capita_income,Среднедушевые денежные доходы населения,0.0,0.0,0.0,0.0,neutral,False,,,False,batch,251
201,real_income_index,Реальные денежные доходы населения,0.0,0.0,0.0,0.0,neutral,False,,,False,batch,251
201,unemployment_rate,Уровень безработицы,0.0,0.0,0.0,0.0,neutral,False,,,False,batch,251
201,living_wage,Величина прожиточного минимума на душу населения,0.0,0.0,0.0,0.0,neutral,False,,,False,batch,251
201,child_living_wage,Величина прожиточного минимума на ребенка,0.0,0.0,0.0,0.0,neutral,False,,,False,batch,251
201,hospitals,Число больничных организаций,0.0,0.0,0.0,0.0,neutral,False,,,False,batch,251
201,outpatient_clinics,Число амбулаторно-поликлинических организаций,0.0,0.0,0.0,0.0,neutral,False,,,False,batch,251
201,abortions,Число абортов,0.0,0.0,0.0,0.0,neutral,False,,,False,batch,251
201,qualified_doctors,Численность врачей высшей и первой квалификационных категорий,0.0,0.0,0.0,0.0,neutral,False,,,False,batch,251
201,preschool_coverage,Охват детей до 6 лет дошкольным образованием,0.0,0.0,0.0,0.0,neutral,False,,,False,batch,251
201,children_benefits,"Численность детей до 18 лет, на которых назначено пособие",0.0,0.0,0.0,0.0,neutral,False,,,False,batch,251
201,maternity_capital,"Численность лиц, получивших сертификат на материнский капитал",0.0,0.0,0.0,0.0,neutral,False,,,False,batch,251
201,childcare_allowance,Ежемесячное пособие по уходу за первым ребенком,0.0,0.0,0.0,0.0,neutral,False,,,False,batch,251
201,large_families_housing,"Многодетные семьи, улучшившие жилищные условия",0.0,0.0,0.0,0.0,neutral,False,,,False,batch,251
201,housing_area_per_capita,Общая площадь жилья на одного жителя,0.0,0.0,0.0,0.0,neutral,False,,,False,batch,251
201,consumer_price_index,Индексы потребительских цен,0.0,0.0,0.0,0.0,neutral,False,,,False,batch,251
201,primary_housing_price_index,Индексы цен на первичном рынке жилья,0.0,0.0,0.0,0.0,neutral,False,,,False,batch,251
201,secondary_housing_price_index,Индексы цен на вторичном рынке жилья,0.0,0.0,0.0,0.0,neutral,False,,,False,batch,251
201,industrial_production_index,Индексы промышленного производства,0.9,0.3,0.2,0.9,positive,True,совместное производство вооружений,производство вооружений,True,batch,251
201,enterprises_count,Число предприятий и организаций,0.0,0.0,0.0,0.0,neutral,False,,,False,batch,251
201,crime_count,Количество преступлений,0.0,0.0,0.0,0.0,neutral,False,,,False,batch,251
201,air_pollution,Выбросы загрязняющих веществ в атмосферный воздух,0.0,0.0,0.0,0.0,neutral,False,,,False,batch,251
201,wastewater_discharge,Сброс загрязненных сточных вод,0.0,0.0,0.0,0.0,neutral,False,,,False,batch,251
201,mortality_rate,Коэффициент смертности на 1000 человек,0.0,0.0,0.0,0.0,neutral,False,,,False,batch,251
201,birth_rate_per_1000,Коэффициент рождаемости на 1000 человек,0.0,0.0,0.0,0.0,neutral,False,,,False,batch,251
204,population_size,Численность населения,0.0,0.0,0.0,0.0,neutral,False,,,False,batch,260
204,divorce_rate,Число зарегистрированных разводов на 1000 населения,0.0,0.0,0.0,0.0,neutral,False,,,False,batch,260
204,marriage_rate,Число зарегистрированных браков на 1000 населения,0.0,0.0,0.0,0.0,neutral,False,,,False,batch,260
204,international_inflow,Число прибывших в страну,0.0,0.0,0.0,0.0,neutral,False,,,False,batch,260
204,international_outflow,Число выбывших из страны,0.0,0.0,0.0,0.0,neutral,False,,,False,batch,260
204,internal_arrivals,Число прибытий внутри региона,0.0,0.0,0.0,0.0,neutral,False,,,False,batch,260
204,internal_departures,Число выбытий из региона,0.0,0.0,0.0,0.0,neutral,False,,,False,batch,260
204,infant_mortality,Коэффициент младенческой смертности,0.0,0.0,0.0,0.0,neutral,False,,,False,batch,260
204,life_expectancy,Ожидаемая продолжительность жизни,0.0,0.0,0.0,0.0,neutral,False,,,False,batch,260
204,male_population,Число мужчин,0.0,0.0,0.0,0.0,neutral,False,,,False,batch,260
204,female_population,Число женщин,0.0,0.0,0.0,0.0,neutral,False,,,False,batch,260
204,per_capita_income,Среднедушевые денежные доходы населения,0.0,0.0,0.0,0.0,neutral,False,,,False,batch,260
204,real_income_index,Реальные денежные доходы населения,0.0,0.0,0.0,0.0,neutral,False,,,False,batch,260
204,unemployment_rate,Уровень безработицы,0.0,0.0,0.0,0.0,neutral,False,,,False,batch,260
204,living_wage,Величина прожиточного минимума на душу населения,0.0,0.0,0.0,0.0,neutral,False,,,False,batch,260
204,child_living_wage,Величина прожиточного минимума на ребенка,0.0,0.0,0.0,0.0,neutral,False,,,False,batch,260
204,hospitals,Число больничных организаций,0.0,0.0,0.0,0.0,neutral,False,,,False,batch,260
204,outpatient_clinics,Число амбулаторно-поликлинических организаций,0.0,0.0,0.0,0.0,neutral,False,,,False,batch,260
204,abortions,Число абортов,0.0,0.0,0.0,0.0,neutral,False,,,False,batch,260
204,qualified_doctors,Численность врачей высшей и первой квалификационных категорий,0.0,0.0,0.0,0.0,neutral,False,,,False,batch,260
204,preschool_coverage,Охват детей до 6 лет дошкольным образованием,0.0,0.0,0.0,0.0,neutral,False,,,False,batch,260
204,children_benefits,"Численность детей до 18 лет, на которых назначено пособие",0.0,0.0,0.0,0.0,neutral,False,,,False,batch,260
204,maternity_capital,"Численность лиц, получивших сертификат на материнский капитал",0.0,0.0,0.0,0.0,neutral,False,,,False,batch,260
204,childcare_allowance,Ежемесячное пособие по уходу за первым ребенком,0.0,0.0,0.0,0.0,neutral,False,,,False,batch,260
204,large_families_housing,"Многодетные семьи, улучшившие жилищные условия",0.0,0.0,0.0,0.0,neutral,False,,,False,batch,260
204,housing_area_per_capita,Общая площадь жилья на одного жителя,0.0,0.0,0.0,0.0,neutral,False,,,False,batch,260
204,consumer_price_index,Индексы потребительских цен,0.0,0.0,0.0,0.0,neutral,False,,,False,batch,260
204,primary_housing_price_index,Индексы цен на первичном рынке жилья,0.0,0.0,0.0,0.0,neutral,False,,,False,batch,260
204,secondary_housing_price_index,Индексы цен на вторичном рынке жилья,0.0,0.0,0.0,0.0,neutral,False,,,False,batch,260
204,industrial_production_index,Индексы промышленного производства,0.9,0.0,0.0,0.9,neutral,True,снизил импорт газа на фоне подорожания СПГ,импорт газа и газопроводы,True,batch,260
204,enterprises_count,Число предприятий и организаций,0.0,0.0,0.0,0.0,neutral,False,,,False,batch,260
204,crime_count,Количество преступлений,0.0,0.0,0.0,0.0,neutral,False,,,False,batch,260
204,air_pollution,Выбросы загрязняющих веществ в атмосферный воздух,0.0,0.0,0.0,0.0,neutral,False,,,False,batch,260
204,wastewater_discharge,Сброс загрязненных сточных вод,0.0,0.0,0.0,0.0,neutral,False,,,False,batch,260
204,mortality_rate,Коэффициент смертности на 1000 человек,0.0,0.0,0.0,0.0,neutral,False,,,False,batch,260
204,birth_rate_per_1000,Коэффициент рождаемости на 1000 человек,0.0,0.0,0.0,0.0,neutral,False,,,False,batch,260
207,population_size,Численность населения,0.0,0.0,0.0,0.0,neutral,False,,,False,batch,661
207,divorce_rate,Число зарегистрированных разводов на 1000 населения,0.0,0.0,0.0,0.0,neutral,False,,,False,batch,661
207,marriage_rate,Число зарегистрированных браков на 1000 населения,0.0,0.0,0.0,0.0,neutral,False,,,False,batch,661
207,international_inflow,Число прибывших в страну,0.0,0.0,0.0,0.0,neutral,False,,,False,batch,661
207,international_outflow,Число выбывших из страны,0.0,0.0,0.0,0.0,neutral,False,,,False,batch,661
207,internal_arrivals,Число прибытий внутри региона,0.0,0.0,0.0,0.0,neutral,False,,,False,batch,661
207,internal_departures,Число выбытий из региона,0.0,0.0,0.0,0.0,neutral,False,,,False,batch,661
207,infant_mortality,Коэффициент младенческой смертности,0.0,0.0,0.0,0.0,neutral,False,,,False,batch,661
207,life_expectancy,Ожидаемая продолжительность жизни,0.0,0.0,0.0,0.0,neutral,False,,,False,batch,661
207,male_population,Число мужчин,0.0,0.0,0.0,0.0,neutral,False,,,False,batch,661
207,female_population,Число женщин,0.0,0.0,0.0,0.0,neutral,False,,,False,batch,661
207,per_capita_income,Среднедушевые денежные доходы населения,0.0,0.0,0.0,0.0,neutral,False,,,False,batch,661
207,real_income_index,Реальные денежные доходы населения,0.0,0.0,0.0,0.0,neutral,False,,,False,batch,661
207,unemployment_rate,Уровень безработицы,0.0,0.0,0.0,0.0,neutral,False,,,False,batch,661
207,living_wage,Величина прожиточного минимума на душу населения,0.0,0.0,0.0,0.0,neutral,False,,,False,batch,661
207,child_living_wage,Величина прожиточного минимума на ребенка,0.0,0.0,0.0,0.0,neutral,False,,,False,batch,661
207,hospitals,Число больничных организаций,0.0,0.0,0.0,0.0,neutral,False,,,False,batch,661
207,outpatient_clinics,Число амбулаторно-поликлинических организаций,0.0,0.0,0.0,0.0,neutral,False,,,False,batch,661
207,abortions,Число абортов,0.0,0.0,0.0,0.0,neutral,False,,,False,batch,661
207,qualified_doctors,Численность врачей высшей и первой квалификационных категорий,0.0,0.0,0.0,0.0,neutral,False,,,False,batch,661
207,preschool_coverage,Охват детей до 6 лет дошкольным образованием,0.0,0.0,0.0,0.0,neutral,False,,,False,batch,661
207,children_benefits,"Численность детей до 18 лет, на которых назначено пособие",0.0,0.0,0.0,0.0,neutral,False,,,False,batch,661
207,maternity_capital,"Численность лиц, получивших сертификат на материнский капитал",0.0,0.0,0.0,0.0,neutral,False,,,False,batch,661
207,childcare_allowance,Ежемесячное пособие по уходу за первым ребенком,0.0,0.0,0.0,0.0,neutral,False,,,False,batch,661
207,large_families_housing,"Многодетные семьи, улучшившие жилищные условия",0.0,0.0,0.0,0.0,neutral,False,,,False,batch,661
207,housing_area_per_capita,Общая площадь жилья на одного жителя,0.0,0.0,0.0,0.0,neutral,False,,,False,batch,661
207,consumer_price_index,Индексы потребительских цен,0.0,0.0,0.0,0.0,neutral,False,,,False,batch,661
207,primary_housing_price_index,Индексы цен на первичном рынке жилья,0.0,0.0,0.0,0.0,neutral,False,,,False,batch,661
207,secondary_housing_price_index,Индексы цен на вторичном рынке жилья,0.0,0.0,0.0,0.0,neutral,False,,,False,batch,661
207,industrial_production_index,Индексы промышленного производства,0.9,0.0,0.3,0.9,neutral,True,вывезли загрязненный мазут,разлив топлива и утилизация нефтепродуктов,True,batch,661
207,enterprises_count,Число предприятий и организаций,0.0,0.0,0.0,0.0,neutral,False,,,False,batch,661
207,crime_count,Количество преступлений,0.0,0.0,0.0,0.0,neutral,False,,,False,batch,661
207,air_pollution,Выбросы загрязняющих веществ в атмосферный воздух,0.9,-0.7,0.7,0.9,negative,True,загрязненного мазутом грунта,выбросы мазута в атмосферу,True,batch,661
207,wastewater_discharge,Сброс загрязненных сточных вод,0.6,-0.5,0.5,0.8,negative,True,загрязненного мазутом грунта,загрязнение грунта и водной среды,True,batch,661
207,mortality_rate,Коэффициент смертности на 1000 человек,0.0,0.0,0.0,0.0,neutral,False,,,False,batch,661
207,birth_rate_per_1000,Коэффициент рождаемости на 1000 человек,0.0,0.0,0.0,0.0,neutral,False,,,False,batch,661
214,population_size,Численность населения,0.0,0.0,0.0,0.0,neutral,False,,,False,batch,220
214,divorce_rate,Число зарегистрированных разводов на 1000 населения,0.0,0.0,0.0,0.0,neutral,False,,,False,batch,220
214,marriage_rate,Число зарегистрированных браков на 1000 населения,0.0,0.0,0.0,0.0,neutral,False,,,False,batch,220
214,international_inflow,Число прибывших в страну,0.0,0.0,0.0,0.0,neutral,False,,,False,batch,220
214,international_outflow,Число выбывших из страны,0.0,0.0,0.0,0.0,neutral,False,,,False,batch,220
214,internal_arrivals,Число прибытий внутри региона,0.0,0.0,0.0,0.0,neutral,False,,,False,batch,220
214,internal_departures,Число выбытий из региона,0.0,0.0,0.0,0.0,neutral,False,,,False,batch,220
214,infant_mortality,Коэффициент младенческой смертности,0.0,0.0,0.0,0.0,neutral,False,,,False,batch,220
214,life_expectancy,Ожидаемая продолжительность жизни,0.0,0.0,0.0,0.0,neutral,False,,,False,batch,220
214,male_population,Число мужчин,0.0,0.0,0.0,0.0,neutral,False,,,False,batch,220
214,female_population,Число женщин,0.0,0.0,0.0,0.0,neutral,False,,,False,batch,220
214,per_capita_income,Среднедушевые денежные доходы населения,0.0,0.0,0.0,0.0,neutral,False,,,False,batch,220
214,real_income_index,Реальные денежные доходы населения,0.0,0.0,0.0,0.0,neutral,False,,,False,batch,220
214,unemployment_rate,Уровень безработицы,0.0,0.0,0.0,0.0,neutral,False,,,False,batch,220
214,living_wage,Величина прожиточного минимума на душу населения,0.0,0.0,0.0,0.0,neutral,False,,,False,batch,220
214,child_living_wage,Величина прожиточного минимума на ребенка,0.0,0.0,0.0,0.0,neutral,False,,,False,batch,220
214,hospitals,Число больничных организаций,0.0,0.0,0.0,0.0,neutral,False,,,False,batch,220
214,outpatient_clinics,Число амбулаторно-поликлинических организаций,0.0,0.0,0.0,0.0,neutral,False,,,False,batch,220
214,abortions,Число абортов,0.0,0.0,0.0,0.0,neutral,False,,,False,batch,220
214,qualified_doctors,Численность врачей высшей и первой квалификационных категорий,0.0,0.0,0.0,0.0,neutral,False,,,False,batch,220
214,preschool_coverage,Охват детей до 6 лет дошкольным образованием,0.0,0.0,0.0,0.0,neutral,False,,,False,batch,220
214,children_benefits,"Численность детей до 18 лет, на которых назначено пособие",0.0,0.0,0.0,0.0,neutral,False,,,False,batch,220
214,maternity_capital,"Численность лиц, получивших сертификат на материнский капитал",0.0,0.0,0.0,0.0,neutral,False,,,False,batch,220
214,childcare_allowance,Ежемесячное пособие по уходу за первым ребенком,0.0,0.0,0.0,0.0,neutral,False,,,False,batch,220
214,large_families_housing,"Многодетные семьи, улучшившие жилищные условия",0.0,0.0,0.0,0.0,neutral,False,,,False,batch,220
214,housing_area_per_capita,Общая площадь жилья на одного жителя,0.0,0.0,0.0,0.0,neutral,False,,,False,batch,220
214,consumer_price_index,Индексы потребительских цен,0.0,0.0,0.0,0.0,neutral,False,,,False,batch,220
214,primary_housing_price_index,Индексы цен на первичном рынке жилья,0.0,0.0,0.0,0.0,neutral,False,,,False,batch,220
214,secondary_housing_price_index,Индексы цен на вторичном рынке жилья,0.0,0.0,0.0,0.0,neutral,False,,,False,batch,220
214,industrial_production_index,Индексы промышленного производства,0.0,0.0,0.0,0.0,neutral,False,,,False,batch,220
214,enterprises_count,Число предприятий и организаций,0.0,0.0,0.0,0.0,neutral,False,,,False,batch,220
214,crime_count,Количество преступлений,0.3,0.0,0.0,0.7,neutral,True,судебные издержки по ОСАГО,судебные издержки,True,batch,220
214,air_pollution,Выбросы загрязняющих веществ в атмосферный воздух,0.0,0.0,0.0,0.0,neutral,False,,,False,batch,220
214,wastewater_discharge,Сброс загрязненных сточных вод,0.0,0.0,0.0,0.0,neutral,False,,,False,batch,220
214,mortality_rate,Коэффициент смертности на 1000 человек,0.0,0.0,0.0,0.0,neutral,False,,,False,batch,220
214,birth_rate_per_1000,Коэффициент рождаемости на 1000 человек,0.0,0.0,0.0,0.0,neutral,False,,,False,batch,220
225,population_size,Численность населения,0.0,0.0,0.0,0.0,neutral,False,,,False,batch,264
225,divorce_rate,Число зарегистрированных разводов на 1000 населения,0.0,0.0,0.0,0.0,neutral,False,,,False,batch,264
225,marriage_rate,Число зарегистрированных браков на 1000 населения,0.0,0.0,0.0,0.0,neutral,False,,,False,batch,264
225,international_inflow,Число прибывших в страну,0.0,0.0,0.0,0.0,neutral,False,,,False,batch,264
225,international_outflow,Число выбывших из страны,0.0,0.0,0.0,0.0,neutral,False,,,False,batch,264
225,internal_arrivals,Число прибытий внутри региона,0.0,0.0,0.0,0.0,neutral,False,,,False,batch,264
225,internal_departures,Число выбытий из региона,0.0,0.0,0.0,0.0,neutral,False,,,False,batch,264
225,infant_mortality,Коэффициент младенческой смертности,0.0,0.0,0.0,0.0,neutral,False,,,False,batch,264
225,life_expectancy,Ожидаемая продолжительность жизни,0.0,0.0,0.0,0.0,neutral,False,,,False,batch,264
225,male_population,Число мужчин,0.0,0.0,0.0,0.0,neutral,False,,,False,batch,264
225,female_population,Число женщин,0.0,0.0,0.0,0.0,neutral,False,,,False,batch,264
225,per_capita_income,Среднедушевые денежные доходы населения,0.0,0.0,0.0,0.0,neutral,False,,,False,batch,264
225,real_income_index,Реальные денежные доходы населения,0.0,0.0,0.0,0.0,neutral,False,,,False,batch,264
225,unemployment_rate,Уровень безработицы,0.0,0.0,0.0,0.0,neutral,False,,,False,batch,264
225,living_wage,Величина прожиточного минимума на душу населения,0.0,0.0,0.0,0.0,neutral,False,,,False,batch,264
225,child_living_wage,Величина прожиточного минимума на ребенка,0.0,0.0,0.0,0.0,neutral,False,,,False,batch,264
225,hospitals,Число больничных организаций,0.0,0.0,0.0,0.0,neutral,False,,,False,batch,264
225,outpatient_clinics,Число амбулаторно-поликлинических организаций,0.0,0.0,0.0,0.0,neutral,False,,,False,batch,264
225,abortions,Число абортов,0.0,0.0,0.0,0.0,neutral,False,,,False,batch,264
225,qualified_doctors,Численность врачей высшей и первой квалификационных категорий,0.0,0.0,0.0,0.0,neutral,False,,,False,batch,264
225,preschool_coverage,Охват детей до 6 лет дошкольным образованием,0.0,0.0,0.0,0.0,neutral,False,,,False,batch,264
225,children_benefits,"Численность детей до 18 лет, на которых назначено пособие",0.0,0.0,0.0,0.0,neutral,False,,,False,batch,264
225,maternity_capital,"Численность лиц, получивших сертификат на материнский капитал",0.0,0.0,0.0,0.0,neutral,False,,,False,batch,264
225,childcare_allowance,Ежемесячное пособие по уходу за первым ребенком,0.0,0.0,0.0,0.0,neutral,False,,,False,batch,264
225,large_families_housing,"Многодетные семьи, улучшившие жилищные условия",0.0,0.0,0.0,0.0,neutral,False,,,False,batch,264
225,housing_area_per_capita,Общая площадь жилья на одного жителя,0.0,0.0,0.0,0.0,neutral,False,,,False,batch,264
225,consumer_price_index,Индексы потребительских цен,0.9,-0.5,0.7,0.9,negative,True,Потребительские цены на бензин выросли,цены на бензин -> consumer_price_index,True,batch,264
225,primary_housing_price_index,Индексы цен на первичном рынке жилья,0.0,0.0,0.0,0.0,neutral,False,,,False,batch,264
225,secondary_housing_price_index,Индексы цен на вторичном рынке жилья,0.0,0.0,0.0,0.0,neutral,False,,,False,batch,264
225,industrial_production_index,Индексы промышленного производства,0.0,0.0,0.0,0.0,neutral,False,,,False,batch,264
225,enterprises_count,Число предприятий и организаций,0.0,0.0,0.0,0.0,neutral,False,,,False,batch,264
225,crime_count,Количество преступлений,0.0,0.0,0.0,0.0,neutral,False,,,False,batch,264
225,air_pollution,Выбросы загрязняющих веществ в атмосферный воздух,0.0,0.0,0.0,0.0,neutral,False,,,False,batch,264
225,wastewater_discharge,Сброс загрязненных сточных вод,0.0,0.0,0.0,0.0,neutral,False,,,False,batch,264
225,mortality_rate,Коэффициент смертности на 1000 человек,0.0,0.0,0.0,0.0,neutral,False,,,False,batch,264
225,birth_rate_per_1000,Коэффициент рождаемости на 1000 человек,0.0,0.0,0.0,0.0,neutral,False,,,False,batch,264
234,population_size,Численность населения,0.0,0.0,0.0,0.0,neutral,False,,,False,batch,234
234,divorce_rate,Число зарегистрированных разводов на 1000 населения,0.0,0.0,0.0,0.0,neutral,False,,,False,batch,234
234,marriage_rate,Число зарегистрированных браков на 1000 населения,0.0,0.0,0.0,0.0,neutral,False,,,False,batch,234
234,international_inflow,Число прибывших в страну,0.0,0.0,0.0,0.0,neutral,False,,,False,batch,234
234,international_outflow,Число выбывших из страны,0.0,0.0,0.0,0.0,neutral,False,,,False,batch,234
234,internal_arrivals,Число прибытий внутри региона,0.0,0.0,0.0,0.0,neutral,False,,,False,batch,234
234,internal_departures,Число выбытий из региона,0.0,0.0,0.0,0.0,neutral,False,,,False,batch,234
234,infant_mortality,Коэффициент младенческой смертности,0.0,0.0,0.0,0.0,neutral,False,,,False,batch,234
234,life_expectancy,Ожидаемая продолжительность жизни,0.0,0.0,0.0,0.0,neutral,False,,,False,batch,234
234,male_population,Число мужчин,0.0,0.0,0.0,0.0,neutral,False,,,False,batch,234
234,female_population,Число женщин,0.0,0.0,0.0,0.0,neutral,False,,,False,batch,234
234,per_capita_income,Среднедушевые денежные доходы населения,0.0,0.0,0.0,0.0,neutral,False,,,False,batch,234
234,real_income_index,Реальные денежные доходы населения,0.0,0.0,0.0,0.0,neutral,False,,,False,batch,234
234,unemployment_rate,Уровень безработицы,0.0,0.0,0.0,0.0,neutral,False,,,False,batch,234
234,living_wage,Величина прожиточного минимума на душу населения,0.0,0.0,0.0,0.0,neutral,False,,,False,batch,234
234,child_living_wage,Величина прожиточного минимума на ребенка,0.0,0.0,0.0,0.0,neutral,False,,,False,batch,234
234,hospitals,Число больничных организаций,0.0,0.0,0.0,0.0,neutral,False,,,False,batch,234
234,outpatient_clinics,Число амбулаторно-поликлинических организаций,0.0,0.0,0.0,0.0,neutral,False,,,False,batch,234
234,abortions,Число абортов,0.0,0.0,0.0,0.0,neutral,False,,,False,batch,234
234,qualified_doctors,Численность врачей высшей и первой квалификационных категорий,0.0,0.0,0.0,0.0,neutral,False,,,False,batch,234
234,preschool_coverage,Охват детей до 6 лет дошкольным образованием,0.0,0.0,0.0,0.0,neutral,False,,,False,batch,234
234,children_benefits,"Численность детей до 18 лет, на которых назначено пособие",0.0,0.0,0.0,0.0,neutral,False,,,False,batch,234
234,maternity_capital,"Численность лиц, получивших сертификат на материнский капитал",0.0,0.0,0.0,0.0,neutral,False,,,False,batch,234
234,childcare_allowance,Ежемесячное пособие по уходу за первым ребенком,0.0,0.0,0.0,0.0,neutral,False,,,False,batch,234
234,large_families_housing,"Многодетные семьи, улучшившие жилищные условия",0.0,0.0,0.0,0.0,neutral,False,,,False,batch,234
234,housing_area_per_capita,Общая площадь жилья на одного жителя,0.0,0.0,0.0,0.0,neutral,False,,,False,batch,234
234,consumer_price_index,Индексы потребительских цен,0.0,0.0,0.0,0.0,neutral,False,,,False,batch,234
234,primary_housing_price_index,Индексы цен на первичном рынке жилья,0.0,0.0,0.0,0.0,neutral,False,,,False,batch,234
234,secondary_housing_price_index,Индексы цен на вторичном рынке жилья,0.0,0.0,0.0,0.0,neutral,False,,,False,batch,234
234,industrial_production_index,Индексы промышленного производства,0.0,0.0,0.0,0.0,neutral,False,,,False,batch,234
234,enterprises_count,Число предприятий и организаций,0.0,0.0,0.0,0.0,neutral,False,,,False,batch,234
234,crime_count,Количество преступлений,0.3,0.0,0.1,0.7,neutral,True,вооруженное столкновение военных,столкновение -> crime_count,True,batch,234
234,air_pollution,Выбросы загрязняющих веществ в атмосферный воздух,0.0,0.0,0.0,0.0,neutral,False,,,False,batch,234
234,wastewater_discharge,Сброс загрязненных сточных вод,0.0,0.0,0.0,0.0,neutral,False,,,False,batch,234
234,mortality_rate,Коэффициент смертности на 1000 человек,0.0,0.0,0.0,0.0,neutral,False,,,False,batch,234
234,birth_rate_per_1000,Коэффициент рождаемости на 1000 человек,0.0,0.0,0.0,0.0,neutral,False,,,False,batch,234
240,population_size,Численность населения,0.0,0.0,0.0,0.0,neutral,False,,,False,batch,275
240,divorce_rate,Число зарегистрированных разводов на 1000 населения,0.0,0.0,0.0,0.0,neutral,False,,,False,batch,275
240,marriage_rate,Число зарегистрированных браков на 1000 населения,0.0,0.0,0.0,0.0,neutral,False,,,False,batch,275
240,international_inflow,Число прибывших в страну,0.0,0.0,0.0,0.0,neutral,False,,,False,batch,275
240,international_outflow,Число выбывших из страны,0.0,0.0,0.0,0.0,neutral,False,,,False,batch,275
240,internal_arrivals,Число прибытий внутри региона,0.0,0.0,0.0,0.0,neutral,False,,,False,batch,275
240,internal_departures,Число выбытий из региона,0.0,0.0,0.0,0.0,neutral,False,,,False,batch,275
240,infant_mortality,Коэффициент младенческой смертности,0.0,0.0,0.0,0.0,neutral,False,,,False,batch,275
240,life_expectancy,Ожидаемая продолжительность жизни,0.0,0.0,0.0,0.0,neutral,False,,,False,batch,275
240,male_population,Число мужчин,0.0,0.0,0.0,0.0,neutral,False,,,False,batch,275
240,female_population,Число женщин,0.0,0.0,0.0,0.0,neutral,False,,,False,batch,275
240,per_capita_income,Среднедушевые денежные доходы населения,0.0,0.0,0.0,0.0,neutral,False,,,False,batch,275
240,real_income_index,Реальные денежные доходы населения,0.0,0.0,0.0,0.0,neutral,False,,,False,batch,275
240,unemployment_rate,Уровень безработицы,0.0,0.0,0.0,0.0,neutral,False,,,False,batch,275
240,living_wage,Величина прожиточного минимума на душу населения,0.0,0.0,0.0,0.0,neutral,False,,,False,batch,275
240,child_living_wage,Величина прожиточного минимума на ребенка,0.0,0.0,0.0,0.0,neutral,False,,,False,batch,275
240,hospitals,Число больничных организаций,0.0,0.0,0.0,0.0,neutral,False,,,False,batch,275
240,outpatient_clinics,Число амбулаторно-поликлинических организаций,0.0,0.0,0.0,0.0,neutral,False,,,False,batch,275
240,abortions,Число абортов,0.0,0.0,0.0,0.0,neutral,False,,,False,batch,275
240,qualified_doctors,Численность врачей высшей и первой квалификационных категорий,0.0,0.0,0.0,0.0,neutral,False,,,False,batch,275
240,preschool_coverage,Охват детей до 6 лет дошкольным образованием,0.0,0.0,0.0,0.0,neutral,False,,,False,batch,275
240,children_benefits,"Численность детей до 18 лет, на которых назначено пособие",0.0,0.0,0.0,0.0,neutral,False,,,False,batch,275
240,maternity_capital,"Численность лиц, получивших сертификат на материнский капитал",0.0,0.0,0.0,0.0,neutral,False,,,False,batch,275
240,childcare_allowance,Ежемесячное пособие по уходу за первым ребенком,0.0,0.0,0.0,0.0,neutral,False,,,False,batch,275
240,large_families_housing,"Многодетные семьи, улучшившие жилищные условия",0.0,0.0,0.0,0.0,neutral,False,,,False,batch,275
240,housing_area_per_capita,Общая площадь жилья на одного жителя,0.0,0.0,0.0,0.0,neutral,False,,,False,batch,275
240,consumer_price_index,Индексы потребительских цен,0.0,0.0,0.0,0.0,neutral,False,,,False,batch,275
240,primary_housing_price_index,Индексы цен на первичном рынке жилья,0.0,0.0,0.0,0.0,neutral,False,,,False,batch,275
240,secondary_housing_price_index,Индексы цен на вторичном рынке жилья,0.0,0.0,0.0,0.0,neutral,False,,,False,batch,275
240,industrial_production_index,Индексы промышленного производства,0.9,0.3,0.2,0.8,positive,True,Объемы собственного производства увеличились на 12%,рост производства драгметаллов,True,batch,275
240,enterprises_count,Число предприятий и организаций,0.0,0.0,0.0,0.0,neutral,False,,,False,batch,275
240,crime_count,Количество преступлений,0.0,0.0,0.0,0.0,neutral,False,,,False,batch,275
240,air_pollution,Выбросы загрязняющих веществ в атмосферный воздух,0.0,0.0,0.0,0.0,neutral,False,,,False,batch,275
240,wastewater_discharge,Сброс загрязненных сточных вод,0.0,0.0,0.0,0.0,neutral,False,,,False,batch,275
240,mortality_rate,Коэффициент смертности на 1000 человек,0.0,0.0,0.0,0.0,neutral,False,,,False,batch,275
240,birth_rate_per_1000,Коэффициент рождаемости на 1000 человек,0.0,0.0,0.0,0.0,neutral,False,,,False,batch,275
243,population_size,Численность населения,0.0,0.0,0.0,0.0,neutral,False,,,False,batch,274
243,divorce_rate,Число зарегистрированных разводов на 1000 населения,0.0,0.0,0.0,0.0,neutral,False,,,False,batch,274
243,marriage_rate,Число зарегистрированных браков на 1000 населения,0.0,0.0,0.0,0.0,neutral,False,,,False,batch,274
243,international_inflow,Число прибывших в страну,0.0,0.0,0.0,0.0,neutral,False,,,False,batch,274
243,international_outflow,Число выбывших из страны,0.0,0.0,0.0,0.0,neutral,False,,,False,batch,274
243,internal_arrivals,Число прибытий внутри региона,0.0,0.0,0.0,0.0,neutral,False,,,False,batch,274
243,internal_departures,Число выбытий из региона,0.0,0.0,0.0,0.0,neutral,False,,,False,batch,274
243,infant_mortality,Коэффициент младенческой смертности,0.0,0.0,0.0,0.0,neutral,False,,,False,batch,274
243,life_expectancy,Ожидаемая продолжительность жизни,0.0,0.0,0.0,0.0,neutral,False,,,False,batch,274
243,male_population,Число мужчин,0.0,0.0,0.0,0.0,neutral,False,,,False,batch,274
243,female_population,Число женщин,0.0,0.0,0.0,0.0,neutral,False,,,False,batch,274
243,per_capita_income,Среднедушевые денежные доходы населения,0.0,0.0,0.0,0.0,neutral,False,,,False,batch,274
243,real_income_index,Реальные денежные доходы населения,0.0,0.0,0.0,0.0,neutral,False,,,False,batch,274
243,unemployment_rate,Уровень безработицы,0.0,0.0,0.0,0.0,neutral,False,,,False,batch,274
243,living_wage,Величина прожиточного минимума на душу населения,0.0,0.0,0.0,0.0,neutral,False,,,False,batch,274
243,child_living_wage,Величина прожиточного минимума на ребенка,0.0,0.0,0.0,0.0,neutral,False,,,False,batch,274
243,hospitals,Число больничных организаций,0.0,0.0,0.0,0.0,neutral,False,,,False,batch,274
243,outpatient_clinics,Число амбулаторно-поликлинических организаций,0.0,0.0,0.0,0.0,neutral,False,,,False,batch,274
243,abortions,Число абортов,0.0,0.0,0.0,0.0,neutral,False,,,False,batch,274
243,qualified_doctors,Численность врачей высшей и первой квалификационных категорий,0.0,0.0,0.0,0.0,neutral,False,,,False,batch,274
243,preschool_coverage,Охват детей до 6 лет дошкольным образованием,0.0,0.0,0.0,0.0,neutral,False,,,False,batch,274
243,children_benefits,"Численность детей до 18 лет, на которых назначено пособие",0.0,0.0,0.0,0.0,neutral,False,,,False,batch,274
243,maternity_capital,"Численность лиц, получивших сертификат на материнский капитал",0.0,0.0,0.0,0.0,neutral,False,,,False,batch,274
243,childcare_allowance,Ежемесячное пособие по уходу за первым ребенком,0.0,0.0,0.0,0.0,neutral,False,,,False,batch,274
243,large_families_housing,"Многодетные семьи, улучшившие жилищные условия",0.0,0.0,0.0,0.0,neutral,False,,,False,batch,274
243,housing_area_per_capita,Общая площадь жилья на одного жителя,0.0,0.0,0.0,0.0,neutral,False,,,False,batch,274
243,consumer_price_index,Индексы потребительских цен,0.0,0.0,0.0,0.0,neutral,False,,,False,batch,274
243,primary_housing_price_index,Индексы цен на первичном рынке жилья,0.0,0.0,0.0,0.0,neutral,False,,,False,batch,274
243,secondary_housing_price_index,Индексы цен на вторичном рынке жилья,0.0,0.0,0.0,0.0,neutral,False,,,False,batch,274
243,industrial_production_index,Индексы промышленного производства,0.6,0.0,0.0,0.8,neutral,True,санкции против нефтяных компаний,санкции против экспортеров влияют на производство,True,batch,274
243,enterprises_count,Число предприятий и организаций,0.0,0.0,0.0,0.0,neutral,False,,,False,batch,274
243,crime_count,Количество преступлений,0.0,0.0,0.0,0.0,neutral,False,,,False,batch,274
243,air_pollution,Выбросы загрязняющих веществ в атмосферный воздух,0.0,0.0,0.0,0.0,neutral,False,,,False,batch,274
243,wastewater_discharge,Сброс загрязненных сточных вод,0.0,0.0,0.0,0.0,neutral,False,,,False,batch,274
243,mortality_rate,Коэффициент смертности на 1000 человек,0.0,0.0,0.0,0.0,neutral,False,,,False,batch,274
243,birth_rate_per_1000,Коэффициент рождаемости на 1000 человек,0.0,0.0,0.0,0.0,neutral,False,,,False,batch,274
247,population_size,Численность населения,0.0,0.0,0.0,0.0,neutral,False,,,False,batch,254
247,divorce_rate,Число зарегистрированных разводов на 1000 населения,0.0,0.0,0.0,0.0,neutral,False,,,False,batch,254
247,marriage_rate,Число зарегистрированных браков на 1000 населения,0.0,0.0,0.0,0.0,neutral,False,,,False,batch,254
247,international_inflow,Число прибывших в страну,0.0,0.0,0.0,0.0,neutral,False,,,False,batch,254
247,international_outflow,Число выбывших из страны,0.0,0.0,0.0,0.0,neutral,False,,,False,batch,254
247,internal_arrivals,Число прибытий внутри региона,0.0,0.0,0.0,0.0,neutral,False,,,False,batch,254
247,internal_departures,Число выбытий из региона,0.0,0.0,0.0,0.0,neutral,False,,,False,batch,254
247,infant_mortality,Коэффициент младенческой смертности,0.0,0.0,0.0,0.0,neutral,False,,,False,batch,254
247,life_expectancy,Ожидаемая продолжительность жизни,0.0,0.0,0.0,0.0,neutral,False,,,False,batch,254
247,male_population,Число мужчин,0.0,0.0,0.0,0.0,neutral,False,,,False,batch,254
247,female_population,Число женщин,0.0,0.0,0.0,0.0,neutral,False,,,False,batch,254
247,per_capita_income,Среднедушевые денежные доходы населения,0.0,0.0,0.0,0.0,neutral,False,,,False,batch,254
247,real_income_index,Реальные денежные доходы населения,0.0,0.0,0.0,0.0,neutral,False,,,False,batch,254
247,unemployment_rate,Уровень безработицы,0.0,0.0,0.0,0.0,neutral,False,,,False,batch,254
247,living_wage,Величина прожиточного минимума на душу населения,0.0,0.0,0.0,0.0,neutral,False,,,False,batch,254
247,child_living_wage,Величина прожиточного минимума на ребенка,0.0,0.0,0.0,0.0,neutral,False,,,False,batch,254
247,hospitals,Число больничных организаций,0.0,0.0,0.0,0.0,neutral,False,,,False,batch,254
247,outpatient_clinics,Число амбулаторно-поликлинических организаций,0.0,0.0,0.0,0.0,neutral,False,,,False,batch,254
247,abortions,Число абортов,0.0,0.0,0.0,0.0,neutral,False,,,False,batch,254
247,qualified_doctors,Численность врачей высшей и первой квалификационных категорий,0.0,0.0,0.0,0.0,neutral,False,,,False,batch,254
247,preschool_coverage,Охват детей до 6 лет дошкольным образованием,0.0,0.0,0.0,0.0,neutral,False,,,False,batch,254
247,children_benefits,"Численность детей до 18 лет, на которых назначено пособие",0.0,0.0,0.0,0.0,neutral,False,,,False,batch,254
247,maternity_capital,"Численность лиц, получивших сертификат на материнский капитал",0.0,0.0,0.0,0.0,neutral,False,,,False,batch,254
247,childcare_allowance,Ежемесячное пособие по уходу за первым ребенком,0.0,0.0,0.0,0.0,neutral,False,,,False,batch,254
247,large_families_housing,"Многодетные семьи, улучшившие жилищные условия",0.0,0.0,0.0,0.0,neutral,False,,,False,batch,254
247,housing_area_per_capita,Общая площадь жилья на одного жителя,0.0,0.0,0.0,0.0,neutral,False,,,False,batch,254
247,consumer_price_index,Индексы потребительских цен,0.0,0.0,0.0,0.0,neutral,False,,,False,batch,254
247,primary_housing_price_index,Индексы цен на первичном рынке жилья,0.0,0.0,0.0,0.0,neutral,False,,,False,batch,254
247,secondary_housing_price_index,Индексы цен на вторичном рынке жилья,0.0,0.0,0.0,0.0,neutral,False,,,False,batch,254
247,industrial_production_index,Индексы промышленного производства,0.6,0.0,0.0,0.8,neutral,True,полезных ископаемых,потенциал для изучения полезных ископаемых,True,batch,254
247,enterprises_count,Число предприятий и организаций,0.0,0.0,0.0,0.0,neutral,False,,,False,batch,254
247,crime_count,Количество преступлений,0.0,0.0,0.0,0.0,neutral,False,,,False,batch,254
247,air_pollution,Выбросы загрязняющих веществ в атмосферный воздух,0.0,0.0,0.0,0.0,neutral,False,,,False,batch,254
247,wastewater_discharge,Сброс загрязненных сточных вод,0.0,0.0,0.0,0.0,neutral,False,,,False,batch,254
247,mortality_rate,Коэффициент смертности на 1000 человек,0.0,0.0,0.0,0.0,neutral,False,,,False,batch,254
247,birth_rate_per_1000,Коэффициент рождаемости на 1000 человек,0.0,0.0,0.0,0.0,neutral,False,,,False,batch,254
255,population_size,Численность населения,0.0,0.0,0.0,0.0,neutral,False,,,False,neutral_after_error,0
255,divorce_rate,Число зарегистрированных разводов на 1000 населения,0.0,0.0,0.0,0.0,neutral,False,,,False,neutral_after_error,0
255,marriage_rate,Число зарегистрированных браков на 1000 населения,0.0,0.0,0.0,0.0,neutral,False,,,False,neutral_after_error,0
255,international_inflow,Число прибывших в страну,0.0,0.0,0.0,0.0,neutral,False,,,False,neutral_after_error,0
255,international_outflow,Число выбывших из страны,0.0,0.0,0.0,0.0,neutral,False,,,False,neutral_after_error,0
255,internal_arrivals,Число прибытий внутри региона,0.0,0.0,0.0,0.0,neutral,False,,,False,neutral_after_error,0
255,internal_departures,Число выбытий из региона,0.0,0.0,0.0,0.0,neutral,False,,,False,neutral_after_error,0
255,infant_mortality,Коэффициент младенческой смертности,0.0,0.0,0.0,0.0,neutral,False,,,False,neutral_after_error,0
255,life_expectancy,Ожидаемая продолжительность жизни,0.0,0.0,0.0,0.0,neutral,False,,,False,neutral_after_error,0
255,male_population,Число мужчин,0.0,0.0,0.0,0.0,neutral,False,,,False,neutral_after_error,0
255,female_population,Число женщин,0.0,0.0,0.0,0.0,neutral,False,,,False,neutral_after_error,0
255,per_capita_income,Среднедушевые денежные доходы населения,0.0,0.0,0.0,0.0,neutral,False,,,False,neutral_after_error,0
255,real_income_index,Реальные денежные доходы населения,0.0,0.0,0.0,0.0,neutral,False,,,False,neutral_after_error,0
255,unemployment_rate,Уровень безработицы,0.0,0.0,0.0,0.0,neutral,False,,,False,neutral_after_error,0
255,living_wage,Величина прожиточного минимума на душу населения,0.0,0.0,0.0,0.0,neutral,False,,,False,neutral_after_error,0
255,child_living_wage,Величина прожиточного минимума на ребенка,0.0,0.0,0.0,0.0,neutral,False,,,False,neutral_after_error,0
255,hospitals,Число больничных организаций,0.0,0.0,0.0,0.0,neutral,False,,,False,neutral_after_error,0
255,outpatient_clinics,Число амбулаторно-поликлинических организаций,0.0,0.0,0.0,0.0,neutral,False,,,False,neutral_after_error,0
255,abortions,Число абортов,0.0,0.0,0.0,0.0,neutral,False,,,False,neutral_after_error,0
255,qualified_doctors,Численность врачей высшей и первой квалификационных категорий,0.0,0.0,0.0,0.0,neutral,False,,,False,neutral_after_error,0
255,preschool_coverage,Охват детей до 6 лет дошкольным образованием,0.0,0.0,0.0,0.0,neutral,False,,,False,neutral_after_error,0
255,children_benefits,"Численность детей до 18 лет, на которых назначено пособие",0.0,0.0,0.0,0.0,neutral,False,,,False,neutral_after_error,0
255,maternity_capital,"Численность лиц, получивших сертификат на материнский капитал",0.0,0.0,0.0,0.0,neutral,False,,,False,neutral_after_error,0
255,childcare_allowance,Ежемесячное пособие по уходу за первым ребенком,0.0,0.0,0.0,0.0,neutral,False,,,False,neutral_after_error,0
255,large_families_housing,"Многодетные семьи, улучшившие жилищные условия",0.0,0.0,0.0,0.0,neutral,False,,,False,neutral_after_error,0
255,housing_area_per_capita,Общая площадь жилья на одного жителя,0.0,0.0,0.0,0.0,neutral,False,,,False,neutral_after_error,0
255,consumer_price_index,Индексы потребительских цен,0.0,0.0,0.0,0.0,neutral,False,,,False,neutral_after_error,0
255,primary_housing_price_index,Индексы цен на первичном рынке жилья,0.0,0.0,0.0,0.0,neutral,False,,,False,neutral_after_error,0
255,secondary_housing_price_index,Индексы цен на вторичном рынке жилья,0.0,0.0,0.0,0.0,neutral,False,,,False,neutral_after_error,0
255,industrial_production_index,Индексы промышленного производства,0.0,0.0,0.0,0.0,neutral,False,,,False,neutral_after_error,0
255,enterprises_count,Число предприятий и организаций,0.0,0.0,0.0,0.0,neutral,False,,,False,neutral_after_error,0
255,crime_count,Количество преступлений,0.0,0.0,0.0,0.0,neutral,False,,,False,neutral_after_error,0
255,air_pollution,Выбросы загрязняющих веществ в атмосферный воздух,0.0,0.0,0.0,0.0,neutral,False,,,False,neutral_after_error,0
255,wastewater_discharge,Сброс загрязненных сточных вод,0.0,0.0,0.0,0.0,neutral,False,,,False,neutral_after_error,0
255,mortality_rate,Коэффициент смертности на 1000 человек,0.0,0.0,0.0,0.0,neutral,False,,,False,neutral_after_error,0
255,birth_rate_per_1000,Коэффициент рождаемости на 1000 человек,0.0,0.0,0.0,0.0,neutral,False,,,False,neutral_after_error,0
262,population_size,Численность населения,0.0,0.0,0.0,0.0,neutral,False,,,False,batch,216
262,divorce_rate,Число зарегистрированных разводов на 1000 населения,0.0,0.0,0.0,0.0,neutral,False,,,False,batch,216
262,marriage_rate,Число зарегистрированных браков на 1000 населения,0.0,0.0,0.0,0.0,neutral,False,,,False,batch,216
262,international_inflow,Число прибывших в страну,0.0,0.0,0.0,0.0,neutral,False,,,False,batch,216
262,international_outflow,Число выбывших из страны,0.0,0.0,0.0,0.0,neutral,False,,,False,batch,216
262,internal_arrivals,Число прибытий внутри региона,0.0,0.0,0.0,0.0,neutral,False,,,False,batch,216
262,internal_departures,Число выбытий из региона,0.0,0.0,0.0,0.0,neutral,False,,,False,batch,216
262,infant_mortality,Коэффициент младенческой смертности,0.0,0.0,0.0,0.0,neutral,False,,,False,batch,216
262,life_expectancy,Ожидаемая продолжительность жизни,0.0,0.0,0.0,0.0,neutral,False,,,False,batch,216
262,male_population,Число мужчин,0.0,0.0,0.0,0.0,neutral,False,,,False,batch,216
262,female_population,Число женщин,0.0,0.0,0.0,0.0,neutral,False,,,False,batch,216
262,per_capita_income,Среднедушевые денежные доходы населения,0.0,0.0,0.0,0.0,neutral,False,,,False,batch,216
262,real_income_index,Реальные денежные доходы населения,0.0,0.0,0.0,0.0,neutral,False,,,False,batch,216
262,unemployment_rate,Уровень безработицы,0.0,0.0,0.0,0.0,neutral,False,,,False,batch,216
262,living_wage,Величина прожиточного минимума на душу населения,0.0,0.0,0.0,0.0,neutral,False,,,False,batch,216
262,child_living_wage,Величина прожиточного минимума на ребенка,0.0,0.0,0.0,0.0,neutral,False,,,False,batch,216
262,hospitals,Число больничных организаций,0.0,0.0,0.0,0.0,neutral,False,,,False,batch,216
262,outpatient_clinics,Число амбулаторно-поликлинических организаций,0.0,0.0,0.0,0.0,neutral,False,,,False,batch,216
262,abortions,Число абортов,0.0,0.0,0.0,0.0,neutral,False,,,False,batch,216
262,qualified_doctors,Численность врачей высшей и первой квалификационных категорий,0.0,0.0,0.0,0.0,neutral,False,,,False,batch,216
262,preschool_coverage,Охват детей до 6 лет дошкольным образованием,0.0,0.0,0.0,0.0,neutral,False,,,False,batch,216
262,children_benefits,"Численность детей до 18 лет, на которых назначено пособие",0.0,0.0,0.0,0.0,neutral,False,,,False,batch,216
262,maternity_capital,"Численность лиц, получивших сертификат на материнский капитал",0.0,0.0,0.0,0.0,neutral,False,,,False,batch,216
262,childcare_allowance,Ежемесячное пособие по уходу за первым ребенком,0.0,0.0,0.0,0.0,neutral,False,,,False,batch,216
262,large_families_housing,"Многодетные семьи, улучшившие жилищные условия",0.0,0.0,0.0,0.0,neutral,False,,,False,batch,216
262,housing_area_per_capita,Общая площадь жилья на одного жителя,0.0,0.0,0.0,0.0,neutral,False,,,False,batch,216
262,consumer_price_index,Индексы потребительских цен,0.0,0.0,0.0,0.0,neutral,False,,,False,batch,216
262,primary_housing_price_index,Индексы цен на первичном рынке жилья,0.0,0.0,0.0,0.0,neutral,False,,,False,batch,216
262,secondary_housing_price_index,Индексы цен на вторичном рынке жилья,0.0,0.0,0.0,0.0,neutral,False,,,False,batch,216
262,industrial_production_index,Индексы промышленного производства,0.0,0.0,0.0,0.0,neutral,False,,,False,batch,216
262,enterprises_count,Число предприятий и организаций,0.0,0.0,0.0,0.0,neutral,False,,,False,batch,216
262,crime_count,Количество преступлений,0.6,-0.5,0.5,0.8,negative,True,нанесен удар ВСУ,удар по формированиям,True,batch,216
262,air_pollution,Выбросы загрязняющих веществ в атмосферный воздух,0.0,0.0,0.0,0.0,neutral,False,,,False,batch,216
262,wastewater_discharge,Сброс загрязненных сточных вод,0.0,0.0,0.0,0.0,neutral,False,,,False,batch,216
262,mortality_rate,Коэффициент смертности на 1000 человек,0.0,0.0,0.0,0.0,neutral,False,,,False,batch,216
262,birth_rate_per_1000,Коэффициент рождаемости на 1000 человек,0.0,0.0,0.0,0.0,neutral,False,,,False,batch,216
265,population_size,Численность населения,0.0,0.0,0.0,0.0,neutral,False,,,False,batch,227
265,divorce_rate,Число зарегистрированных разводов на 1000 населения,0.0,0.0,0.0,0.0,neutral,False,,,False,batch,227
265,marriage_rate,Число зарегистрированных браков на 1000 населения,0.0,0.0,0.0,0.0,neutral,False,,,False,batch,227
265,international_inflow,Число прибывших в страну,0.0,0.0,0.0,0.0,neutral,False,,,False,batch,227
265,international_outflow,Число выбывших из страны,0.0,0.0,0.0,0.0,neutral,False,,,False,batch,227
265,internal_arrivals,Число прибытий внутри региона,0.0,0.0,0.0,0.0,neutral,False,,,False,batch,227
265,internal_departures,Число выбытий из региона,0.0,0.0,0.0,0.0,neutral,False,,,False,batch,227
265,infant_mortality,Коэффициент младенческой смертности,0.0,0.0,0.0,0.0,neutral,False,,,False,batch,227
265,life_expectancy,Ожидаемая продолжительность жизни,0.0,0.0,0.0,0.0,neutral,False,,,False,batch,227
265,male_population,Число мужчин,0.0,0.0,0.0,0.0,neutral,False,,,False,batch,227
265,female_population,Число женщин,0.0,0.0,0.0,0.0,neutral,False,,,False,batch,227
265,per_capita_income,Среднедушевые денежные доходы населения,0.0,0.0,0.0,0.0,neutral,False,,,False,batch,227
265,real_income_index,Реальные денежные доходы населения,0.0,0.0,0.0,0.0,neutral,False,,,False,batch,227
265,unemployment_rate,Уровень безработицы,0.0,0.0,0.0,0.0,neutral,False,,,False,batch,227
265,living_wage,Величина прожиточного минимума на душу населения,0.0,0.0,0.0,0.0,neutral,False,,,False,batch,227
265,child_living_wage,Величина прожиточного минимума на ребенка,0.0,0.0,0.0,0.0,neutral,False,,,False,batch,227
265,hospitals,Число больничных организаций,0.0,0.0,0.0,0.0,neutral,False,,,False,batch,227
265,outpatient_clinics,Число амбулаторно-поликлинических организаций,0.0,0.0,0.0,0.0,neutral,False,,,False,batch,227
265,abortions,Число абортов,0.0,0.0,0.0,0.0,neutral,False,,,False,batch,227
265,qualified_doctors,Численность врачей высшей и первой квалификационных категорий,0.0,0.0,0.0,0.0,neutral,False,,,False,batch,227
265,preschool_coverage,Охват детей до 6 лет дошкольным образованием,0.0,0.0,0.0,0.0,neutral,False,,,False,batch,227
265,children_benefits,"Численность детей до 18 лет, на которых назначено пособие",0.0,0.0,0.0,0.0,neutral,False,,,False,batch,227
265,maternity_capital,"Численность лиц, получивших сертификат на материнский капитал",0.0,0.0,0.0,0.0,neutral,False,,,False,batch,227
265,childcare_allowance,Ежемесячное пособие по уходу за первым ребенком,0.0,0.0,0.0,0.0,neutral,False,,,False,batch,227
265,large_families_housing,"Многодетные семьи, улучшившие жилищные условия",0.0,0.0,0.0,0.0,neutral,False,,,False,batch,227
265,housing_area_per_capita,Общая площадь жилья на одного жителя,0.0,0.0,0.0,0.0,neutral,False,,,False,batch,227
265,consumer_price_index,Индексы потребительских цен,0.0,0.0,0.0,0.0,neutral,False,,,False,batch,227
265,primary_housing_price_index,Индексы цен на первичном рынке жилья,0.0,0.0,0.0,0.0,neutral,False,,,False,batch,227
265,secondary_housing_price_index,Индексы цен на вторичном рынке жилья,0.0,0.0,0.0,0.0,neutral,False,,,False,batch,227
265,industrial_production_index,Индексы промышленного производства,0.0,0.0,0.0,0.0,neutral,False,,,False,batch,227
265,enterprises_count,Число предприятий и организаций,0.0,0.0,0.0,0.0,neutral,False,,,False,batch,227
265,crime_count,Количество преступлений,0.6,-0.5,0.5,0.8,negative,True,кибератака на производителя,атака -> crime_count,True,batch,227
265,air_pollution,Выбросы загрязняющих веществ в атмосферный воздух,0.0,0.0,0.0,0.0,neutral,False,,,False,batch,227
265,wastewater_discharge,Сброс загрязненных сточных вод,0.0,0.0,0.0,0.0,neutral,False,,,False,batch,227
265,mortality_rate,Коэффициент смертности на 1000 человек,0.0,0.0,0.0,0.0,neutral,False,,,False,batch,227
265,birth_rate_per_1000,Коэффициент рождаемости на 1000 человек,0.0,0.0,0.0,0.0,neutral,False,,,False,batch,227
267,population_size,Численность населения,0.0,0.0,0.0,0.0,neutral,False,,,False,batch,248
267,divorce_rate,Число зарегистрированных разводов на 1000 населения,0.0,0.0,0.0,0.0,neutral,False,,,False,batch,248
267,marriage_rate,Число зарегистрированных браков на 1000 населения,0.0,0.0,0.0,0.0,neutral,False,,,False,batch,248
267,international_inflow,Число прибывших в страну,0.0,0.0,0.0,0.0,neutral,False,,,False,batch,248
267,international_outflow,Число выбывших из страны,0.0,0.0,0.0,0.0,neutral,False,,,False,batch,248
267,internal_arrivals,Число прибытий внутри региона,0.0,0.0,0.0,0.0,neutral,False,,,False,batch,248
267,internal_departures,Число выбытий из региона,0.0,0.0,0.0,0.0,neutral,False,,,False,batch,248
267,infant_mortality,Коэффициент младенческой смертности,0.0,0.0,0.0,0.0,neutral,False,,,False,batch,248
267,life_expectancy,Ожидаемая продолжительность жизни,0.0,0.0,0.0,0.0,neutral,False,,,False,batch,248
267,male_population,Число мужчин,0.0,0.0,0.0,0.0,neutral,False,,,False,batch,248
267,female_population,Число женщин,0.0,0.0,0.0,0.0,neutral,False,,,False,batch,248
267,per_capita_income,Среднедушевые денежные доходы населения,0.0,0.0,0.0,0.0,neutral,False,,,False,batch,248
267,real_income_index,Реальные денежные доходы населения,0.0,0.0,0.0,0.0,neutral,False,,,False,batch,248
267,unemployment_rate,Уровень безработицы,0.0,0.0,0.0,0.0,neutral,False,,,False,batch,248
267,living_wage,Величина прожиточного минимума на душу населения,0.0,0.0,0.0,0.0,neutral,False,,,False,batch,248
267,child_living_wage,Величина прожиточного минимума на ребенка,0.0,0.0,0.0,0.0,neutral,False,,,False,batch,248
267,hospitals,Число больничных организаций,0.0,0.0,0.0,0.0,neutral,False,,,False,batch,248
267,outpatient_clinics,Число амбулаторно-поликлинических организаций,0.0,0.0,0.0,0.0,neutral,False,,,False,batch,248
267,abortions,Число абортов,0.0,0.0,0.0,0.0,neutral,False,,,False,batch,248
267,qualified_doctors,Численность врачей высшей и первой квалификационных категорий,0.0,0.0,0.0,0.0,neutral,False,,,False,batch,248
267,preschool_coverage,Охват детей до 6 лет дошкольным образованием,0.0,0.0,0.0,0.0,neutral,False,,,False,batch,248
267,children_benefits,"Численность детей до 18 лет, на которых назначено пособие",0.0,0.0,0.0,0.0,neutral,False,,,False,batch,248
267,maternity_capital,"Численность лиц, получивших сертификат на материнский капитал",0.0,0.0,0.0,0.0,neutral,False,,,False,batch,248
267,childcare_allowance,Ежемесячное пособие по уходу за первым ребенком,0.0,0.0,0.0,0.0,neutral,False,,,False,batch,248
267,large_families_housing,"Многодетные семьи, улучшившие жилищные условия",0.0,0.0,0.0,0.0,neutral,False,,,False,batch,248
267,housing_area_per_capita,Общая площадь жилья на одного жителя,0.0,0.0,0.0,0.0,neutral,False,,,False,batch,248
267,consumer_price_index,Индексы потребительских цен,0.3,0.0,0.0,0.7,neutral,True,доля банков на аукционах ОФЗ упала,финансовые рынки и облигации,True,batch,248
267,primary_housing_price_index,Индексы цен на первичном рынке жилья,0.0,0.0,0.0,0.0,neutral,False,,,False,batch,248
267,secondary_housing_price_index,Индексы цен на вторичном рынке жилья,0.0,0.0,0.0,0.0,neutral,False,,,False,batch,248
267,industrial_production_index,Индексы промышленного производства,0.0,0.0,0.0,0.0,neutral,False,,,False,batch,248
267,enterprises_count,Число предприятий и организаций,0.0,0.0,0.0,0.0,neutral,False,,,False,batch,248
267,crime_count,Количество преступлений,0.0,0.0,0.0,0.0,neutral,False,,,False,batch,248
267,air_pollution,Выбросы загрязняющих веществ в атмосферный воздух,0.0,0.0,0.0,0.0,neutral,False,,,False,batch,248
267,wastewater_discharge,Сброс загрязненных сточных вод,0.0,0.0,0.0,0.0,neutral,False,,,False,batch,248
267,mortality_rate,Коэффициент смертности на 1000 человек,0.0,0.0,0.0,0.0,neutral,False,,,False,batch,248
267,birth_rate_per_1000,Коэффициент рождаемости на 1000 человек,0.0,0.0,0.0,0.0,neutral,False,,,False,batch,248
269,population_size,Численность населения,0.0,0.0,0.0,0.0,neutral,False,,,False,batch,241
269,divorce_rate,Число зарегистрированных разводов на 1000 населения,0.0,0.0,0.0,0.0,neutral,False,,,False,batch,241
269,marriage_rate,Число зарегистрированных браков на 1000 населения,0.0,0.0,0.0,0.0,neutral,False,,,False,batch,241
269,international_inflow,Число прибывших в страну,0.0,0.0,0.0,0.0,neutral,False,,,False,batch,241
269,international_outflow,Число выбывших из страны,0.0,0.0,0.0,0.0,neutral,False,,,False,batch,241
269,internal_arrivals,Число прибытий внутри региона,0.0,0.0,0.0,0.0,neutral,False,,,False,batch,241
269,internal_departures,Число выбытий из региона,0.0,0.0,0.0,0.0,neutral,False,,,False,batch,241
269,infant_mortality,Коэффициент младенческой смертности,0.0,0.0,0.0,0.0,neutral,False,,,False,batch,241
269,life_expectancy,Ожидаемая продолжительность жизни,0.0,0.0,0.0,0.0,neutral,False,,,False,batch,241
269,male_population,Число мужчин,0.0,0.0,0.0,0.0,neutral,False,,,False,batch,241
269,female_population,Число женщин,0.0,0.0,0.0,0.0,neutral,False,,,False,batch,241
269,per_capita_income,Среднедушевые денежные доходы населения,0.0,0.0,0.0,0.0,neutral,False,,,False,batch,241
269,real_income_index,Реальные денежные доходы населения,0.0,0.0,0.0,0.0,neutral,False,,,False,batch,241
269,unemployment_rate,Уровень безработицы,0.0,0.0,0.0,0.0,neutral,False,,,False,batch,241
269,living_wage,Величина прожиточного минимума на душу населения,0.0,0.0,0.0,0.0,neutral,False,,,False,batch,241
269,child_living_wage,Величина прожиточного минимума на ребенка,0.0,0.0,0.0,0.0,neutral,False,,,False,batch,241
269,hospitals,Число больничных организаций,0.0,0.0,0.0,0.0,neutral,False,,,False,batch,241
269,outpatient_clinics,Число амбулаторно-поликлинических организаций,0.0,0.0,0.0,0.0,neutral,False,,,False,batch,241
269,abortions,Число абортов,0.0,0.0,0.0,0.0,neutral,False,,,False,batch,241
269,qualified_doctors,Численность врачей высшей и первой квалификационных категорий,0.0,0.0,0.0,0.0,neutral,False,,,False,batch,241
269,preschool_coverage,Охват детей до 6 лет дошкольным образованием,0.0,0.0,0.0,0.0,neutral,False,,,False,batch,241
269,children_benefits,"Численность детей до 18 лет, на которых назначено пособие",0.0,0.0,0.0,0.0,neutral,False,,,False,batch,241
269,maternity_capital,"Численность лиц, получивших сертификат на материнский капитал",0.0,0.0,0.0,0.0,neutral,False,,,False,batch,241
269,childcare_allowance,Ежемесячное пособие по уходу за первым ребенком,0.0,0.0,0.0,0.0,neutral,False,,,False,batch,241
269,large_families_housing,"Многодетные семьи, улучшившие жилищные условия",0.0,0.0,0.0,0.0,neutral,False,,,False,batch,241
269,housing_area_per_capita,Общая площадь жилья на одного жителя,0.0,0.0,0.0,0.0,neutral,False,,,False,batch,241
269,consumer_price_index,Индексы потребительских цен,0.0,0.0,0.0,0.0,neutral,False,,,False,batch,241
269,primary_housing_price_index,Индексы цен на первичном рынке жилья,0.0,0.0,0.0,0.0,neutral,False,,,False,batch,241
269,secondary_housing_price_index,Индексы цен на вторичном рынке жилья,0.0,0.0,0.0,0.0,neutral,False,,,False,batch,241
269,industrial_production_index,Индексы промышленного производства,0.0,0.0,0.0,0.0,neutral,False,,,False,batch,241
269,enterprises_count,Число предприятий и организаций,0.0,0.0,0.0,0.0,neutral,False,,,False,batch,241
269,crime_count,Количество преступлений,0.0,0.0,0.0,0.0,neutral,False,,,False,batch,241
269,air_pollution,Выбросы загрязняющих веществ в атмосферный воздух,0.9,0.0,0.0,0.9,neutral,True,Шлейф от пепла протянулся на 40 км,вулканическое извержение и пепел,True,batch,241
269,wastewater_discharge,Сброс загрязненных сточных вод,0.0,0.0,0.0,0.0,neutral,False,,,False,batch,241
269,mortality_rate,Коэффициент смертности на 1000 человек,0.0,0.0,0.0,0.0,neutral,False,,,False,batch,241
269,birth_rate_per_1000,Коэффициент рождаемости на 1000 человек,0.0,0.0,0.0,0.0,neutral,False,,,False,batch,241
270,population_size,Численность населения,0.0,0.0,0.0,0.0,neutral,False,,,False,batch,248
270,divorce_rate,Число зарегистрированных разводов на 1000 населения,0.0,0.0,0.0,0.0,neutral,False,,,False,batch,248
270,marriage_rate,Число зарегистрированных браков на 1000 населения,0.0,0.0,0.0,0.0,neutral,False,,,False,batch,248
270,international_inflow,Число прибывших в страну,0.0,0.0,0.0,0.0,neutral,False,,,False,batch,248
270,international_outflow,Число выбывших из страны,0.0,0.0,0.0,0.0,neutral,False,,,False,batch,248
270,internal_arrivals,Число прибытий внутри региона,0.0,0.0,0.0,0.0,neutral,False,,,False,batch,248
270,internal_departures,Число выбытий из региона,0.0,0.0,0.0,0.0,neutral,False,,,False,batch,248
270,infant_mortality,Коэффициент младенческой смертности,0.0,0.0,0.0,0.0,neutral,False,,,False,batch,248
270,life_expectancy,Ожидаемая продолжительность жизни,0.0,0.0,0.0,0.0,neutral,False,,,False,batch,248
270,male_population,Число мужчин,0.0,0.0,0.0,0.0,neutral,False,,,False,batch,248
270,female_population,Число женщин,0.0,0.0,0.0,0.0,neutral,False,,,False,batch,248
270,per_capita_income,Среднедушевые денежные доходы населения,0.0,0.0,0.0,0.0,neutral,False,,,False,batch,248
270,real_income_index,Реальные денежные доходы населения,0.0,0.0,0.0,0.0,neutral,False,,,False,batch,248
270,unemployment_rate,Уровень безработицы,0.0,0.0,0.0,0.0,neutral,False,,,False,batch,248
270,living_wage,Величина прожиточного минимума на душу населения,0.0,0.0,0.0,0.0,neutral,False,,,False,batch,248
270,child_living_wage,Величина прожиточного минимума на ребенка,0.0,0.0,0.0,0.0,neutral,False,,,False,batch,248
270,hospitals,Число больничных организаций,0.0,0.0,0.0,0.0,neutral,False,,,False,batch,248
270,outpatient_clinics,Число амбулаторно-поликлинических организаций,0.0,0.0,0.0,0.0,neutral,False,,,False,batch,248
270,abortions,Число абортов,0.0,0.0,0.0,0.0,neutral,False,,,False,batch,248
270,qualified_doctors,Численность врачей высшей и первой квалификационных категорий,0.0,0.0,0.0,0.0,neutral,False,,,False,batch,248
270,preschool_coverage,Охват детей до 6 лет дошкольным образованием,0.0,0.0,0.0,0.0,neutral,False,,,False,batch,248
270,children_benefits,"Численность детей до 18 лет, на которых назначено пособие",0.0,0.0,0.0,0.0,neutral,False,,,False,batch,248
270,maternity_capital,"Численность лиц, получивших сертификат на материнский капитал",0.0,0.0,0.0,0.0,neutral,False,,,False,batch,248
270,childcare_allowance,Ежемесячное пособие по уходу за первым ребенком,0.0,0.0,0.0,0.0,neutral,False,,,False,batch,248
270,large_families_housing,"Многодетные семьи, улучшившие жилищные условия",0.0,0.0,0.0,0.0,neutral,False,,,False,batch,248
270,housing_area_per_capita,Общая площадь жилья на одного жителя,0.0,0.0,0.0,0.0,neutral,False,,,False,batch,248
270,consumer_price_index,Индексы потребительских цен,0.0,0.0,0.0,0.0,neutral,False,,,False,batch,248
270,primary_housing_price_index,Индексы цен на первичном рынке жилья,0.0,0.0,0.0,0.0,neutral,False,,,False,batch,248
270,secondary_housing_price_index,Индексы цен на вторичном рынке жилья,0.0,0.0,0.0,0.0,neutral,False,,,False,batch,248
270,industrial_production_index,Индексы промышленного производства,0.0,0.0,0.0,0.0,neutral,False,,,False,batch,248
270,enterprises_count,Число предприятий и организаций,0.0,0.0,0.0,0.0,neutral,False,,,False,batch,248
270,crime_count,Количество преступлений,0.3,0.0,0.0,0.7,neutral,True,кладут наличные на счета злоумышленников,угроза безопасности через банкоматы,True,batch,248
270,air_pollution,Выбросы загрязняющих веществ в атмосферный воздух,0.0,0.0,0.0,0.0,neutral,False,,,False,batch,248
270,wastewater_discharge,Сброс загрязненных сточных вод,0.0,0.0,0.0,0.0,neutral,False,,,False,batch,248
270,mortality_rate,Коэффициент смертности на 1000 человек,0.0,0.0,0.0,0.0,neutral,False,,,False,batch,248
270,birth_rate_per_1000,Коэффициент рождаемости на 1000 человек,0.0,0.0,0.0,0.0,neutral,False,,,False,batch,248
271,population_size,Численность населения,0.0,0.0,0.0,0.0,neutral,False,,,False,batch,283
271,divorce_rate,Число зарегистрированных разводов на 1000 населения,0.0,0.0,0.0,0.0,neutral,False,,,False,batch,283
271,marriage_rate,Число зарегистрированных браков на 1000 населения,0.0,0.0,0.0,0.0,neutral,False,,,False,batch,283
271,international_inflow,Число прибывших в страну,0.0,0.0,0.0,0.0,neutral,False,,,False,batch,283
271,international_outflow,Число выбывших из страны,0.0,0.0,0.0,0.0,neutral,False,,,False,batch,283
271,internal_arrivals,Число прибытий внутри региона,0.0,0.0,0.0,0.0,neutral,False,,,False,batch,283
271,internal_departures,Число выбытий из региона,0.0,0.0,0.0,0.0,neutral,False,,,False,batch,283
271,infant_mortality,Коэффициент младенческой смертности,0.0,0.0,0.0,0.0,neutral,False,,,False,batch,283
271,life_expectancy,Ожидаемая продолжительность жизни,0.0,0.0,0.0,0.0,neutral,False,,,False,batch,283
271,male_population,Число мужчин,0.0,0.0,0.0,0.0,neutral,False,,,False,batch,283
271,female_population,Число женщин,0.0,0.0,0.0,0.0,neutral,False,,,False,batch,283
271,per_capita_income,Среднедушевые денежные доходы населения,0.0,0.0,0.0,0.0,neutral,False,,,False,batch,283
271,real_income_index,Реальные денежные доходы населения,0.0,0.0,0.0,0.0,neutral,False,,,False,batch,283
271,unemployment_rate,Уровень безработицы,0.0,0.0,0.0,0.0,neutral,False,,,False,batch,283
271,living_wage,Величина прожиточного минимума на душу населения,0.0,0.0,0.0,0.0,neutral,False,,,False,batch,283
271,child_living_wage,Величина прожиточного минимума на ребенка,0.0,0.0,0.0,0.0,neutral,False,,,False,batch,283
271,hospitals,Число больничных организаций,0.0,0.0,0.0,0.0,neutral,False,,,False,batch,283
271,outpatient_clinics,Число амбулаторно-поликлинических организаций,0.0,0.0,0.0,0.0,neutral,False,,,False,batch,283
271,abortions,Число абортов,0.0,0.0,0.0,0.0,neutral,False,,,False,batch,283
271,qualified_doctors,Численность врачей высшей и первой квалификационных категорий,0.0,0.0,0.0,0.0,neutral,False,,,False,batch,283
271,preschool_coverage,Охват детей до 6 лет дошкольным образованием,0.0,0.0,0.0,0.0,neutral,False,,,False,batch,283
271,children_benefits,"Численность детей до 18 лет, на которых назначено пособие",0.0,0.0,0.0,0.0,neutral,False,,,False,batch,283
271,maternity_capital,"Численность лиц, получивших сертификат на материнский капитал",0.0,0.0,0.0,0.0,neutral,False,,,False,batch,283
271,childcare_allowance,Ежемесячное пособие по уходу за первым ребенком,0.0,0.0,0.0,0.0,neutral,False,,,False,batch,283
271,large_families_housing,"Многодетные семьи, улучшившие жилищные условия",0.0,0.0,0.0,0.0,neutral,False,,,False,batch,283
271,housing_area_per_capita,Общая площадь жилья на одного жителя,0.0,0.0,0.0,0.0,neutral,False,,,False,batch,283
271,consumer_price_index,Индексы потребительских цен,0.0,0.0,0.0,0.0,neutral,False,,,False,batch,283
271,primary_housing_price_index,Индексы цен на первичном рынке жилья,0.0,0.0,0.0,0.0,neutral,False,,,False,batch,283
271,secondary_housing_price_index,Индексы цен на вторичном рынке жилья,0.0,0.0,0.0,0.0,neutral,False,,,False,batch,283
271,industrial_production_index,Индексы промышленного производства,0.9,0.1,0.1,0.9,neutral,True,Экспорт пшеницы может вырасти до 44 млн т,экспорт зерна влияет на промышленное производство,True,batch,283
271,enterprises_count,Число предприятий и организаций,0.0,0.0,0.0,0.0,neutral,False,,,False,batch,283
271,crime_count,Количество преступлений,0.0,0.0,0.0,0.0,neutral,False,,,False,batch,283
271,air_pollution,Выбросы загрязняющих веществ в атмосферный воздух,0.0,0.0,0.0,0.0,neutral,False,,,False,batch,283
271,wastewater_discharge,Сброс загрязненных сточных вод,0.0,0.0,0.0,0.0,neutral,False,,,False,batch,283
271,mortality_rate,Коэффициент смертности на 1000 человек,0.0,0.0,0.0,0.0,neutral,False,,,False,batch,283
271,birth_rate_per_1000,Коэффициент рождаемости на 1000 человек,0.0,0.0,0.0,0.0,neutral,False,,,False,batch,283
273,population_size,Численность населения,0.0,0.0,0.0,0.0,neutral,False,,,False,batch,445
273,divorce_rate,Число зарегистрированных разводов на 1000 населения,0.0,0.0,0.0,0.0,neutral,False,,,False,batch,445
273,marriage_rate,Число зарегистрированных браков на 1000 населения,0.0,0.0,0.0,0.0,neutral,False,,,False,batch,445
273,international_inflow,Число прибывших в страну,0.0,0.0,0.0,0.0,neutral,False,,,False,batch,445
273,international_outflow,Число выбывших из страны,0.0,0.0,0.0,0.0,neutral,False,,,False,batch,445
273,internal_arrivals,Число прибытий внутри региона,0.0,0.0,0.0,0.0,neutral,False,,,False,batch,445
273,internal_departures,Число выбытий из региона,0.0,0.0,0.0,0.0,neutral,False,,,False,batch,445
273,infant_mortality,Коэффициент младенческой смертности,0.0,0.0,0.0,0.0,neutral,False,,,False,batch,445
273,life_expectancy,Ожидаемая продолжительность жизни,0.0,0.0,0.0,0.0,neutral,False,,,False,batch,445
273,male_population,Число мужчин,0.0,0.0,0.0,0.0,neutral,False,,,False,batch,445
273,female_population,Число женщин,0.0,0.0,0.0,0.0,neutral,False,,,False,batch,445
273,per_capita_income,Среднедушевые денежные доходы населения,0.0,0.0,0.0,0.0,neutral,False,,,False,batch,445
273,real_income_index,Реальные денежные доходы населения,0.0,0.0,0.0,0.0,neutral,False,,,False,batch,445
273,unemployment_rate,Уровень безработицы,0.0,0.0,0.0,0.0,neutral,False,,,False,batch,445
273,living_wage,Величина прожиточного минимума на душу населения,0.0,0.0,0.0,0.0,neutral,False,,,False,batch,445
273,child_living_wage,Величина прожиточного минимума на ребенка,0.0,0.0,0.0,0.0,neutral,False,,,False,batch,445
273,hospitals,Число больничных организаций,0.0,0.0,0.0,0.0,neutral,False,,,False,batch,445
273,outpatient_clinics,Число амбулаторно-поликлинических организаций,0.0,0.0,0.0,0.0,neutral,False,,,False,batch,445
273,abortions,Число абортов,0.0,0.0,0.0,0.0,neutral,False,,,False,batch,445
273,qualified_doctors,Численность врачей высшей и первой квалификационных категорий,0.0,0.0,0.0,0.0,neutral,False,,,False,batch,445
273,preschool_coverage,Охват детей до 6 лет дошкольным образованием,0.0,0.0,0.0,0.0,neutral,False,,,False,batch,445
273,children_benefits,"Численность детей до 18 лет, на которых назначено пособие",0.0,0.0,0.0,0.0,neutral,False,,,False,batch,445
273,maternity_capital,"Численность лиц, получивших сертификат на материнский капитал",0.0,0.0,0.0,0.0,neutral,False,,,False,batch,445
273,childcare_allowance,Ежемесячное пособие по уходу за первым ребенком,0.0,0.0,0.0,0.0,neutral,False,,,False,batch,445
273,large_families_housing,"Многодетные семьи, улучшившие жилищные условия",0.0,0.0,0.0,0.0,neutral,False,,,False,batch,445
273,housing_area_per_capita,Общая площадь жилья на одного жителя,0.0,0.0,0.0,0.0,neutral,False,,,False,batch,445
273,consumer_price_index,Индексы потребительских цен,0.0,0.0,0.0,0.0,neutral,False,,,False,batch,445
273,primary_housing_price_index,Индексы цен на первичном рынке жилья,0.0,0.0,0.0,0.0,neutral,False,,,False,batch,445
273,secondary_housing_price_index,Индексы цен на вторичном рынке жилья,0.0,0.0,0.0,0.0,neutral,False,,,False,batch,445
273,industrial_production_index,Индексы промышленного производства,0.6,-0.5,0.4,0.7,negative,True,повреждение выносного причала,атака на инфраструктуру -> промышленность,True,batch,445
273,enterprises_count,Число предприятий и организаций,0.0,0.0,0.0,0.0,neutral,False,,,False,batch,445
273,crime_count,Количество преступлений,0.9,-0.5,0.5,0.8,negative,True,террористическая атака,атака -> crime_count,True,batch,445
273,air_pollution,Выбросы загрязняющих веществ в атмосферный воздух,0.0,0.0,0.0,0.0,neutral,False,,,False,batch,445
273,wastewater_discharge,Сброс загрязненных сточных вод,0.0,0.0,0.0,0.0,neutral,False,,,False,batch,445
273,mortality_rate,Коэффициент смертности на 1000 человек,0.0,0.0,0.0,0.0,neutral,False,,,False,batch,445
273,birth_rate_per_1000,Коэффициент рождаемости на 1000 человек,0.0,0.0,0.0,0.0,neutral,False,,,False,batch,445
274,population_size,Численность населения,0.0,0.0,0.0,0.0,neutral,False,,,False,batch,243
274,divorce_rate,Число зарегистрированных разводов на 1000 населения,0.0,0.0,0.0,0.0,neutral,False,,,False,batch,243
274,marriage_rate,Число зарегистрированных браков на 1000 населения,0.0,0.0,0.0,0.0,neutral,False,,,False,batch,243
274,international_inflow,Число прибывших в страну,0.0,0.0,0.0,0.0,neutral,False,,,False,batch,243
274,international_outflow,Число выбывших из страны,0.0,0.0,0.0,0.0,neutral,False,,,False,batch,243
274,internal_arrivals,Число прибытий внутри региона,0.0,0.0,0.0,0.0,neutral,False,,,False,batch,243
274,internal_departures,Число выбытий из региона,0.0,0.0,0.0,0.0,neutral,False,,,False,batch,243
274,infant_mortality,Коэффициент младенческой смертности,0.0,0.0,0.0,0.0,neutral,False,,,False,batch,243
274,life_expectancy,Ожидаемая продолжительность жизни,0.0,0.0,0.0,0.0,neutral,False,,,False,batch,243
274,male_population,Число мужчин,0.0,0.0,0.0,0.0,neutral,False,,,False,batch,243
274,female_population,Число женщин,0.0,0.0,0.0,0.0,neutral,False,,,False,batch,243
274,per_capita_income,Среднедушевые денежные доходы населения,0.0,0.0,0.0,0.0,neutral,False,,,False,batch,243
274,real_income_index,Реальные денежные доходы населения,0.0,0.0,0.0,0.0,neutral,False,,,False,batch,243
274,unemployment_rate,Уровень безработицы,0.0,0.0,0.0,0.0,neutral,False,,,False,batch,243
274,living_wage,Величина прожиточного минимума на душу населения,0.0,0.0,0.0,0.0,neutral,False,,,False,batch,243
274,child_living_wage,Величина прожиточного минимума на ребенка,0.0,0.0,0.0,0.0,neutral,False,,,False,batch,243
274,hospitals,Число больничных организаций,0.0,0.0,0.0,0.0,neutral,False,,,False,batch,243
274,outpatient_clinics,Число амбулаторно-поликлинических организаций,0.0,0.0,0.0,0.0,neutral,False,,,False,batch,243
274,abortions,Число абортов,0.0,0.0,0.0,0.0,neutral,False,,,False,batch,243
274,qualified_doctors,Численность врачей высшей и первой квалификационных категорий,0.0,0.0,0.0,0.0,neutral,False,,,False,batch,243
274,preschool_coverage,Охват детей до 6 лет дошкольным образованием,0.0,0.0,0.0,0.0,neutral,False,,,False,batch,243
274,children_benefits,"Численность детей до 18 лет, на которых назначено пособие",0.0,0.0,0.0,0.0,neutral,False,,,False,batch,243
274,maternity_capital,"Численность лиц, получивших сертификат на материнский капитал",0.0,0.0,0.0,0.0,neutral,False,,,False,batch,243
274,childcare_allowance,Ежемесячное пособие по уходу за первым ребенком,0.0,0.0,0.0,0.0,neutral,False,,,False,batch,243
274,large_families_housing,"Многодетные семьи, улучшившие жилищные условия",0.0,0.0,0.0,0.0,neutral,False,,,False,batch,243
274,housing_area_per_capita,Общая площадь жилья на одного жителя,0.0,0.0,0.0,0.0,neutral,False,,,False,batch,243
274,consumer_price_index,Индексы потребительских цен,0.0,0.0,0.0,0.0,neutral,False,,,False,batch,243
274,primary_housing_price_index,Индексы цен на первичном рынке жилья,0.0,0.0,0.0,0.0,neutral,False,,,False,batch,243
274,secondary_housing_price_index,Индексы цен на вторичном рынке жилья,0.0,0.0,0.0,0.0,neutral,False,,,False,batch,243
274,industrial_production_index,Индексы промышленного производства,0.6,0.1,0.1,0.8,neutral,True,снижения пошлин на импорт,торговые сделки и импорт,True,batch,243
274,enterprises_count,Число предприятий и организаций,0.0,0.0,0.0,0.0,neutral,False,,,False,batch,243
274,crime_count,Количество преступлений,0.0,0.0,0.0,0.0,neutral,False,,,False,batch,243
274,air_pollution,Выбросы загрязняющих веществ в атмосферный воздух,0.0,0.0,0.0,0.0,neutral,False,,,False,batch,243
274,wastewater_discharge,Сброс загрязненных сточных вод,0.0,0.0,0.0,0.0,neutral,False,,,False,batch,243
274,mortality_rate,Коэффициент смертности на 1000 человек,0.0,0.0,0.0,0.0,neutral,False,,,False,batch,243
274,birth_rate_per_1000,Коэффициент рождаемости на 1000 человек,0.0,0.0,0.0,0.0,neutral,False,,,False,batch,243
275,population_size,Численность населения,0.0,0.0,0.0,0.0,neutral,False,,,False,batch,253
275,divorce_rate,Число зарегистрированных разводов на 1000 населения,0.0,0.0,0.0,0.0,neutral,False,,,False,batch,253
275,marriage_rate,Число зарегистрированных браков на 1000 населения,0.0,0.0,0.0,0.0,neutral,False,,,False,batch,253
275,international_inflow,Число прибывших в страну,0.0,0.0,0.0,0.0,neutral,False,,,False,batch,253
275,international_outflow,Число выбывших из страны,0.0,0.0,0.0,0.0,neutral,False,,,False,batch,253
275,internal_arrivals,Число прибытий внутри региона,0.0,0.0,0.0,0.0,neutral,False,,,False,batch,253
275,internal_departures,Число выбытий из региона,0.0,0.0,0.0,0.0,neutral,False,,,False,batch,253
275,infant_mortality,Коэффициент младенческой смертности,0.0,0.0,0.0,0.0,neutral,False,,,False,batch,253
275,life_expectancy,Ожидаемая продолжительность жизни,0.0,0.0,0.0,0.0,neutral,False,,,False,batch,253
275,male_population,Число мужчин,0.0,0.0,0.0,0.0,neutral,False,,,False,batch,253
275,female_population,Число женщин,0.0,0.0,0.0,0.0,neutral,False,,,False,batch,253
275,per_capita_income,Среднедушевые денежные доходы населения,0.0,0.0,0.0,0.0,neutral,False,,,False,batch,253
275,real_income_index,Реальные денежные доходы населения,0.0,0.0,0.0,0.0,neutral,False,,,False,batch,253
275,unemployment_rate,Уровень безработицы,0.0,0.0,0.0,0.0,neutral,False,,,False,batch,253
275,living_wage,Величина прожиточного минимума на душу населения,0.0,0.0,0.0,0.0,neutral,False,,,False,batch,253
275,child_living_wage,Величина прожиточного минимума на ребенка,0.0,0.0,0.0,0.0,neutral,False,,,False,batch,253
275,hospitals,Число больничных организаций,0.0,0.0,0.0,0.0,neutral,False,,,False,batch,253
275,outpatient_clinics,Число амбулаторно-поликлинических организаций,0.0,0.0,0.0,0.0,neutral,False,,,False,batch,253
275,abortions,Число абортов,0.0,0.0,0.0,0.0,neutral,False,,,False,batch,253
275,qualified_doctors,Численность врачей высшей и первой квалификационных категорий,0.0,0.0,0.0,0.0,neutral,False,,,False,batch,253
275,preschool_coverage,Охват детей до 6 лет дошкольным образованием,0.0,0.0,0.0,0.0,neutral,False,,,False,batch,253
275,children_benefits,"Численность детей до 18 лет, на которых назначено пособие",0.0,0.0,0.0,0.0,neutral,False,,,False,batch,253
275,maternity_capital,"Численность лиц, получивших сертификат на материнский капитал",0.0,0.0,0.0,0.0,neutral,False,,,False,batch,253
275,childcare_allowance,Ежемесячное пособие по уходу за первым ребенком,0.0,0.0,0.0,0.0,neutral,False,,,False,batch,253
275,large_families_housing,"Многодетные семьи, улучшившие жилищные условия",0.0,0.0,0.0,0.0,neutral,False,,,False,batch,253
275,housing_area_per_capita,Общая площадь жилья на одного жителя,0.0,0.0,0.0,0.0,neutral,False,,,False,batch,253
275,consumer_price_index,Индексы потребительских цен,0.0,0.0,0.0,0.0,neutral,False,,,False,batch,253
275,primary_housing_price_index,Индексы цен на первичном рынке жилья,0.0,0.0,0.0,0.0,neutral,False,,,False,batch,253
275,secondary_housing_price_index,Индексы цен на вторичном рынке жилья,0.0,0.0,0.0,0.0,neutral,False,,,False,batch,253
275,industrial_production_index,Индексы промышленного производства,0.0,0.0,0.0,0.0,neutral,False,,,False,batch,253
275,enterprises_count,Число предприятий и организаций,0.0,0.0,0.0,0.0,neutral,False,,,False,batch,253
275,crime_count,Количество преступлений,0.6,-0.5,0.5,0.8,negative,True,возбуждены два уголовных дела по мошенничеству,мошенничество -> crime_count,True,batch,253
275,air_pollution,Выбросы загрязняющих веществ в атмосферный воздух,0.0,0.0,0.0,0.0,neutral,False,,,False,batch,253
275,wastewater_discharge,Сброс загрязненных сточных вод,0.0,0.0,0.0,0.0,neutral,False,,,False,batch,253
275,mortality_rate,Коэффициент смертности на 1000 человек,0.0,0.0,0.0,0.0,neutral,False,,,False,batch,253
275,birth_rate_per_1000,Коэффициент рождаемости на 1000 человек,0.0,0.0,0.0,0.0,neutral,False,,,False,batch,253
278,population_size,Численность населения,0.0,0.0,0.0,0.0,neutral,False,,,False,batch,285
278,divorce_rate,Число зарегистрированных разводов на 1000 населения,0.0,0.0,0.0,0.0,neutral,False,,,False,batch,285
278,marriage_rate,Число зарегистрированных браков на 1000 населения,0.0,0.0,0.0,0.0,neutral,False,,,False,batch,285
278,international_inflow,Число прибывших в страну,0.0,0.0,0.0,0.0,neutral,False,,,False,batch,285
278,international_outflow,Число выбывших из страны,0.0,0.0,0.0,0.0,neutral,False,,,False,batch,285
278,internal_arrivals,Число прибытий внутри региона,0.0,0.0,0.0,0.0,neutral,False,,,False,batch,285
278,internal_departures,Число выбытий из региона,0.0,0.0,0.0,0.0,neutral,False,,,False,batch,285
278,infant_mortality,Коэффициент младенческой смертности,0.0,0.0,0.0,0.0,neutral,False,,,False,batch,285
278,life_expectancy,Ожидаемая продолжительность жизни,0.0,0.0,0.0,0.0,neutral,False,,,False,batch,285
278,male_population,Число мужчин,0.0,0.0,0.0,0.0,neutral,False,,,False,batch,285
278,female_population,Число женщин,0.0,0.0,0.0,0.0,neutral,False,,,False,batch,285
278,per_capita_income,Среднедушевые денежные доходы населения,0.0,0.0,0.0,0.0,neutral,False,,,False,batch,285
278,real_income_index,Реальные денежные доходы населения,0.0,0.0,0.0,0.0,neutral,False,,,False,batch,285
278,unemployment_rate,Уровень безработицы,0.0,0.0,0.0,0.0,neutral,False,,,False,batch,285
278,living_wage,Величина прожиточного минимума на душу населения,0.0,0.0,0.0,0.0,neutral,False,,,False,batch,285
278,child_living_wage,Величина прожиточного минимума на ребенка,0.0,0.0,0.0,0.0,neutral,False,,,False,batch,285
278,hospitals,Число больничных организаций,0.0,0.0,0.0,0.0,neutral,False,,,False,batch,285
278,outpatient_clinics,Число амбулаторно-поликлинических организаций,0.0,0.0,0.0,0.0,neutral,False,,,False,batch,285
278,abortions,Число абортов,0.0,0.0,0.0,0.0,neutral,False,,,False,batch,285
278,qualified_doctors,Численность врачей высшей и первой квалификационных категорий,0.0,0.0,0.0,0.0,neutral,False,,,False,batch,285
278,preschool_coverage,Охват детей до 6 лет дошкольным образованием,0.0,0.0,0.0,0.0,neutral,False,,,False,batch,285
278,children_benefits,"Численность детей до 18 лет, на которых назначено пособие",0.0,0.0,0.0,0.0,neutral,False,,,False,batch,285
278,maternity_capital,"Численность лиц, получивших сертификат на материнский капитал",0.0,0.0,0.0,0.0,neutral,False,,,False,batch,285
278,childcare_allowance,Ежемесячное пособие по уходу за первым ребенком,0.0,0.0,0.0,0.0,neutral,False,,,False,batch,285
278,large_families_housing,"Многодетные семьи, улучшившие жилищные условия",0.0,0.0,0.0,0.0,neutral,False,,,False,batch,285
278,housing_area_per_capita,Общая площадь жилья на одного жителя,0.0,0.0,0.0,0.0,neutral,False,,,False,batch,285
278,consumer_price_index,Индексы потребительских цен,0.9,0.1,0.2,0.9,neutral,True,себестоимость строительства вырастет более чем на 6%,рост стоимости строительства связан с инфляцией,True,batch,285
278,primary_housing_price_index,Индексы цен на первичном рынке жилья,0.0,0.0,0.0,0.0,neutral,False,,,False,batch,285
278,secondary_housing_price_index,Индексы цен на вторичном рынке жилья,0.0,0.0,0.0,0.0,neutral,False,,,False,batch,285
278,industrial_production_index,Индексы промышленного производства,0.0,0.0,0.0,0.0,neutral,False,,,False,batch,285
278,enterprises_count,Число предприятий и организаций,0.0,0.0,0.0,0.0,neutral,False,,,False,batch,285
278,crime_count,Количество преступлений,0.0,0.0,0.0,0.0,neutral,False,,,False,batch,285
278,air_pollution,Выбросы загрязняющих веществ в атмосферный воздух,0.0,0.0,0.0,0.0,neutral,False,,,False,batch,285
278,wastewater_discharge,Сброс загрязненных сточных вод,0.0,0.0,0.0,0.0,neutral,False,,,False,batch,285
278,mortality_rate,Коэффициент смертности на 1000 человек,0.0,0.0,0.0,0.0,neutral,False,,,False,batch,285
278,birth_rate_per_1000,Коэффициент рождаемости на 1000 человек,0.0,0.0,0.0,0.0,neutral,False,,,False,batch,285
282,population_size,Численность населения,0.0,0.0,0.0,0.0,neutral,False,,,False,batch,274
282,divorce_rate,Число зарегистрированных разводов на 1000 населения,0.0,0.0,0.0,0.0,neutral,False,,,False,batch,274
282,marriage_rate,Число зарегистрированных браков на 1000 населения,0.0,0.0,0.0,0.0,neutral,False,,,False,batch,274
282,international_inflow,Число прибывших в страну,0.0,0.0,0.0,0.0,neutral,False,,,False,batch,274
282,international_outflow,Число выбывших из страны,0.0,0.0,0.0,0.0,neutral,False,,,False,batch,274
282,internal_arrivals,Число прибытий внутри региона,0.0,0.0,0.0,0.0,neutral,False,,,False,batch,274
282,internal_departures,Число выбытий из региона,0.0,0.0,0.0,0.0,neutral,False,,,False,batch,274
282,infant_mortality,Коэффициент младенческой смертности,0.0,0.0,0.0,0.0,neutral,False,,,False,batch,274
282,life_expectancy,Ожидаемая продолжительность жизни,0.0,0.0,0.0,0.0,neutral,False,,,False,batch,274
282,male_population,Число мужчин,0.0,0.0,0.0,0.0,neutral,False,,,False,batch,274
282,female_population,Число женщин,0.0,0.0,0.0,0.0,neutral,False,,,False,batch,274
282,per_capita_income,Среднедушевые денежные доходы населения,0.0,0.0,0.0,0.0,neutral,False,,,False,batch,274
282,real_income_index,Реальные денежные доходы населения,0.0,0.0,0.0,0.0,neutral,False,,,False,batch,274
282,unemployment_rate,Уровень безработицы,0.0,0.0,0.0,0.0,neutral,False,,,False,batch,274
282,living_wage,Величина прожиточного минимума на душу населения,0.0,0.0,0.0,0.0,neutral,False,,,False,batch,274
282,child_living_wage,Величина прожиточного минимума на ребенка,0.0,0.0,0.0,0.0,neutral,False,,,False,batch,274
282,hospitals,Число больничных организаций,0.0,0.0,0.0,0.0,neutral,False,,,False,batch,274
282,outpatient_clinics,Число амбулаторно-поликлинических организаций,0.0,0.0,0.0,0.0,neutral,False,,,False,batch,274
282,abortions,Число абортов,0.0,0.0,0.0,0.0,neutral,False,,,False,batch,274
282,qualified_doctors,Численность врачей высшей и первой квалификационных категорий,0.0,0.0,0.0,0.0,neutral,False,,,False,batch,274
282,preschool_coverage,Охват детей до 6 лет дошкольным образованием,0.0,0.0,0.0,0.0,neutral,False,,,False,batch,274
282,children_benefits,"Численность детей до 18 лет, на которых назначено пособие",0.0,0.0,0.0,0.0,neutral,False,,,False,batch,274
282,maternity_capital,"Численность лиц, получивших сертификат на материнский капитал",0.0,0.0,0.0,0.0,neutral,False,,,False,batch,274
282,childcare_allowance,Ежемесячное пособие по уходу за первым ребенком,0.0,0.0,0.0,0.0,neutral,False,,,False,batch,274
282,large_families_housing,"Многодетные семьи, улучшившие жилищные условия",0.0,0.0,0.0,0.0,neutral,False,,,False,batch,274
282,housing_area_per_capita,Общая площадь жилья на одного жителя,0.0,0.0,0.0,0.0,neutral,False,,,False,batch,274
282,consumer_price_index,Индексы потребительских цен,0.0,0.0,0.0,0.0,neutral,False,,,False,batch,274
282,primary_housing_price_index,Индексы цен на первичном рынке жилья,0.0,0.0,0.0,0.0,neutral,False,,,False,batch,274
282,secondary_housing_price_index,Индексы цен на вторичном рынке жилья,0.0,0.0,0.0,0.0,neutral,False,,,False,batch,274
282,industrial_production_index,Индексы промышленного производства,0.9,0.1,0.2,0.9,positive,True,"запуск электромобиля ""Атом"" в серийное производство",производство электромобилей,True,batch,274
282,enterprises_count,Число предприятий и организаций,0.0,0.0,0.0,0.0,neutral,False,,,False,batch,274
282,crime_count,Количество преступлений,0.0,0.0,0.0,0.0,neutral,False,,,False,batch,274
282,air_pollution,Выбросы загрязняющих веществ в атмосферный воздух,0.0,0.0,0.0,0.0,neutral,False,,,False,batch,274
282,wastewater_discharge,Сброс загрязненных сточных вод,0.0,0.0,0.0,0.0,neutral,False,,,False,batch,274
282,mortality_rate,Коэффициент смертности на 1000 человек,0.0,0.0,0.0,0.0,neutral,False,,,False,batch,274
282,birth_rate_per_1000,Коэффициент рождаемости на 1000 человек,0.0,0.0,0.0,0.0,neutral,False,,,False,batch,274
284,population_size,Численность населения,0.0,0.0,0.0,0.0,neutral,False,,,False,batch,280
284,divorce_rate,Число зарегистрированных разводов на 1000 населения,0.0,0.0,0.0,0.0,neutral,False,,,False,batch,280
284,marriage_rate,Число зарегистрированных браков на 1000 населения,0.0,0.0,0.0,0.0,neutral,False,,,False,batch,280
284,international_inflow,Число прибывших в страну,0.0,0.0,0.0,0.0,neutral,False,,,False,batch,280
284,international_outflow,Число выбывших из страны,0.0,0.0,0.0,0.0,neutral,False,,,False,batch,280
284,internal_arrivals,Число прибытий внутри региона,0.0,0.0,0.0,0.0,neutral,False,,,False,batch,280
284,internal_departures,Число выбытий из региона,0.0,0.0,0.0,0.0,neutral,False,,,False,batch,280
284,infant_mortality,Коэффициент младенческой смертности,0.0,0.0,0.0,0.0,neutral,False,,,False,batch,280
284,life_expectancy,Ожидаемая продолжительность жизни,0.0,0.0,0.0,0.0,neutral,False,,,False,batch,280
284,male_population,Число мужчин,0.0,0.0,0.0,0.0,neutral,False,,,False,batch,280
284,female_population,Число женщин,0.0,0.0,0.0,0.0,neutral,False,,,False,batch,280
284,per_capita_income,Среднедушевые денежные доходы населения,0.0,0.0,0.0,0.0,neutral,False,,,False,batch,280
284,real_income_index,Реальные денежные доходы населения,0.0,0.0,0.0,0.0,neutral,False,,,False,batch,280
284,unemployment_rate,Уровень безработицы,0.0,0.0,0.0,0.0,neutral,False,,,False,batch,280
284,living_wage,Величина прожиточного минимума на душу населения,0.0,0.0,0.0,0.0,neutral,False,,,False,batch,280
284,child_living_wage,Величина прожиточного минимума на ребенка,0.0,0.0,0.0,0.0,neutral,False,,,False,batch,280
284,hospitals,Число больничных организаций,0.0,0.0,0.0,0.0,neutral,False,,,False,batch,280
284,outpatient_clinics,Число амбулаторно-поликлинических организаций,0.0,0.0,0.0,0.0,neutral,False,,,False,batch,280
284,abortions,Число абортов,0.0,0.0,0.0,0.0,neutral,False,,,False,batch,280
284,qualified_doctors,Численность врачей высшей и первой квалификационных категорий,0.0,0.0,0.0,0.0,neutral,False,,,False,batch,280
284,preschool_coverage,Охват детей до 6 лет дошкольным образованием,0.0,0.0,0.0,0.0,neutral,False,,,False,batch,280
284,children_benefits,"Численность детей до 18 лет, на которых назначено пособие",0.0,0.0,0.0,0.0,neutral,False,,,False,batch,280
284,maternity_capital,"Численность лиц, получивших сертификат на материнский капитал",0.0,0.0,0.0,0.0,neutral,False,,,False,batch,280
284,childcare_allowance,Ежемесячное пособие по уходу за первым ребенком,0.0,0.0,0.0,0.0,neutral,False,,,False,batch,280
284,large_families_housing,"Многодетные семьи, улучшившие жилищные условия",0.0,0.0,0.0,0.0,neutral,False,,,False,batch,280
284,housing_area_per_capita,Общая площадь жилья на одного жителя,0.0,0.0,0.0,0.0,neutral,False,,,False,batch,280
284,consumer_price_index,Индексы потребительских цен,0.0,0.0,0.0,0.0,neutral,False,,,False,batch,280
284,primary_housing_price_index,Индексы цен на первичном рынке жилья,0.0,0.0,0.0,0.0,neutral,False,,,False,batch,280
284,secondary_housing_price_index,Индексы цен на вторичном рынке жилья,0.0,0.0,0.0,0.0,neutral,False,,,False,batch,280
284,industrial_production_index,Индексы промышленного производства,0.3,0.0,0.0,0.7,neutral,True,Движение автотранспорта по Крымскому мосту восстановлено,восстановление транспортного потока,True,batch,280
284,enterprises_count,Число предприятий и организаций,0.0,0.0,0.0,0.0,neutral,False,,,False,batch,280
284,crime_count,Количество преступлений,0.0,0.0,0.0,0.0,neutral,False,,,False,batch,280
284,air_pollution,Выбросы загрязняющих веществ в атмосферный воздух,0.0,0.0,0.0,0.0,neutral,False,,,False,batch,280
284,wastewater_discharge,Сброс загрязненных сточных вод,0.0,0.0,0.0,0.0,neutral,False,,,False,batch,280
284,mortality_rate,Коэффициент смертности на 1000 человек,0.0,0.0,0.0,0.0,neutral,False,,,False,batch,280
284,birth_rate_per_1000,Коэффициент рождаемости на 1000 человек,0.0,0.0,0.0,0.0,neutral,False,,,False,batch,280
290,population_size,Численность населения,0.0,0.0,0.0,0.0,neutral,False,,,False,neutral_after_error,0
290,divorce_rate,Число зарегистрированных разводов на 1000 населения,0.0,0.0,0.0,0.0,neutral,False,,,False,neutral_after_error,0
290,marriage_rate,Число зарегистрированных браков на 1000 населения,0.0,0.0,0.0,0.0,neutral,False,,,False,neutral_after_error,0
290,international_inflow,Число прибывших в страну,0.0,0.0,0.0,0.0,neutral,False,,,False,neutral_after_error,0
290,international_outflow,Число выбывших из страны,0.0,0.0,0.0,0.0,neutral,False,,,False,neutral_after_error,0
290,internal_arrivals,Число прибытий внутри региона,0.0,0.0,0.0,0.0,neutral,False,,,False,neutral_after_error,0
290,internal_departures,Число выбытий из региона,0.0,0.0,0.0,0.0,neutral,False,,,False,neutral_after_error,0
290,infant_mortality,Коэффициент младенческой смертности,0.0,0.0,0.0,0.0,neutral,False,,,False,neutral_after_error,0
290,life_expectancy,Ожидаемая продолжительность жизни,0.0,0.0,0.0,0.0,neutral,False,,,False,neutral_after_error,0
290,male_population,Число мужчин,0.0,0.0,0.0,0.0,neutral,False,,,False,neutral_after_error,0
290,female_population,Число женщин,0.0,0.0,0.0,0.0,neutral,False,,,False,neutral_after_error,0
290,per_capita_income,Среднедушевые денежные доходы населения,0.0,0.0,0.0,0.0,neutral,False,,,False,neutral_after_error,0
290,real_income_index,Реальные денежные доходы населения,0.0,0.0,0.0,0.0,neutral,False,,,False,neutral_after_error,0
290,unemployment_rate,Уровень безработицы,0.0,0.0,0.0,0.0,neutral,False,,,False,neutral_after_error,0
290,living_wage,Величина прожиточного минимума на душу населения,0.0,0.0,0.0,0.0,neutral,False,,,False,neutral_after_error,0
290,child_living_wage,Величина прожиточного минимума на ребенка,0.0,0.0,0.0,0.0,neutral,False,,,False,neutral_after_error,0
290,hospitals,Число больничных организаций,0.0,0.0,0.0,0.0,neutral,False,,,False,neutral_after_error,0
290,outpatient_clinics,Число амбулаторно-поликлинических организаций,0.0,0.0,0.0,0.0,neutral,False,,,False,neutral_after_error,0
290,abortions,Число абортов,0.0,0.0,0.0,0.0,neutral,False,,,False,neutral_after_error,0
290,qualified_doctors,Численность врачей высшей и первой квалификационных категорий,0.0,0.0,0.0,0.0,neutral,False,,,False,neutral_after_error,0
290,preschool_coverage,Охват детей до 6 лет дошкольным образованием,0.0,0.0,0.0,0.0,neutral,False,,,False,neutral_after_error,0
290,children_benefits,"Численность детей до 18 лет, на которых назначено пособие",0.0,0.0,0.0,0.0,neutral,False,,,False,neutral_after_error,0
290,maternity_capital,"Численность лиц, получивших сертификат на материнский капитал",0.0,0.0,0.0,0.0,neutral,False,,,False,neutral_after_error,0
290,childcare_allowance,Ежемесячное пособие по уходу за первым ребенком,0.0,0.0,0.0,0.0,neutral,False,,,False,neutral_after_error,0
290,large_families_housing,"Многодетные семьи, улучшившие жилищные условия",0.0,0.0,0.0,0.0,neutral,False,,,False,neutral_after_error,0
290,housing_area_per_capita,Общая площадь жилья на одного жителя,0.0,0.0,0.0,0.0,neutral,False,,,False,neutral_after_error,0
290,consumer_price_index,Индексы потребительских цен,0.0,0.0,0.0,0.0,neutral,False,,,False,neutral_after_error,0
290,primary_housing_price_index,Индексы цен на первичном рынке жилья,0.0,0.0,0.0,0.0,neutral,False,,,False,neutral_after_error,0
290,secondary_housing_price_index,Индексы цен на вторичном рынке жилья,0.0,0.0,0.0,0.0,neutral,False,,,False,neutral_after_error,0
290,industrial_production_index,Индексы промышленного производства,0.0,0.0,0.0,0.0,neutral,False,,,False,neutral_after_error,0
290,enterprises_count,Число предприятий и организаций,0.0,0.0,0.0,0.0,neutral,False,,,False,neutral_after_error,0
290,crime_count,Количество преступлений,0.0,0.0,0.0,0.0,neutral,False,,,False,neutral_after_error,0
290,air_pollution,Выбросы загрязняющих веществ в атмосферный воздух,0.0,0.0,0.0,0.0,neutral,False,,,False,neutral_after_error,0
290,wastewater_discharge,Сброс загрязненных сточных вод,0.0,0.0,0.0,0.0,neutral,False,,,False,neutral_after_error,0
290,mortality_rate,Коэффициент смертности на 1000 человек,0.0,0.0,0.0,0.0,neutral,False,,,False,neutral_after_error,0
290,birth_rate_per_1000,Коэффициент рождаемости на 1000 человек,0.0,0.0,0.0,0.0,neutral,False,,,False,neutral_after_error,0
294,population_size,Численность населения,0.0,0.0,0.0,0.0,neutral,False,,,False,batch,257
294,divorce_rate,Число зарегистрированных разводов на 1000 населения,0.0,0.0,0.0,0.0,neutral,False,,,False,batch,257
294,marriage_rate,Число зарегистрированных браков на 1000 населения,0.0,0.0,0.0,0.0,neutral,False,,,False,batch,257
294,international_inflow,Число прибывших в страну,0.9,0.7,0.4,0.9,positive,True,привлечение иностранных туристов,упрощение визового режима для туристов,True,batch,257
294,international_outflow,Число выбывших из страны,0.0,0.0,0.0,0.0,neutral,False,,,False,batch,257
294,internal_arrivals,Число прибытий внутри региона,0.0,0.0,0.0,0.0,neutral,False,,,False,batch,257
294,internal_departures,Число выбытий из региона,0.0,0.0,0.0,0.0,neutral,False,,,False,batch,257
294,infant_mortality,Коэффициент младенческой смертности,0.0,0.0,0.0,0.0,neutral,False,,,False,batch,257
294,life_expectancy,Ожидаемая продолжительность жизни,0.0,0.0,0.0,0.0,neutral,False,,,False,batch,257
294,male_population,Число мужчин,0.0,0.0,0.0,0.0,neutral,False,,,False,batch,257
294,female_population,Число женщин,0.0,0.0,0.0,0.0,neutral,False,,,False,batch,257
294,per_capita_income,Среднедушевые денежные доходы населения,0.0,0.0,0.0,0.0,neutral,False,,,False,batch,257
294,real_income_index,Реальные денежные доходы населения,0.0,0.0,0.0,0.0,neutral,False,,,False,batch,257
294,unemployment_rate,Уровень безработицы,0.0,0.0,0.0,0.0,neutral,False,,,False,batch,257
294,living_wage,Величина прожиточного минимума на душу населения,0.0,0.0,0.0,0.0,neutral,False,,,False,batch,257
294,child_living_wage,Величина прожиточного минимума на ребенка,0.0,0.0,0.0,0.0,neutral,False,,,False,batch,257
294,hospitals,Число больничных организаций,0.0,0.0,0.0,0.0,neutral,False,,,False,batch,257
294,outpatient_clinics,Число амбулаторно-поликлинических организаций,0.0,0.0,0.0,0.0,neutral,False,,,False,batch,257
294,abortions,Число абортов,0.0,0.0,0.0,0.0,neutral,False,,,False,batch,257
294,qualified_doctors,Численность врачей высшей и первой квалификационных категорий,0.0,0.0,0.0,0.0,neutral,False,,,False,batch,257
294,preschool_coverage,Охват детей до 6 лет дошкольным образованием,0.0,0.0,0.0,0.0,neutral,False,,,False,batch,257
294,children_benefits,"Численность детей до 18 лет, на которых назначено пособие",0.0,0.0,0.0,0.0,neutral,False,,,False,batch,257
294,maternity_capital,"Численность лиц, получивших сертификат на материнский капитал",0.0,0.0,0.0,0.0,neutral,False,,,False,batch,257
294,childcare_allowance,Ежемесячное пособие по уходу за первым ребенком,0.0,0.0,0.0,0.0,neutral,False,,,False,batch,257
294,large_families_housing,"Многодетные семьи, улучшившие жилищные условия",0.0,0.0,0.0,0.0,neutral,False,,,False,batch,257
294,housing_area_per_capita,Общая площадь жилья на одного жителя,0.0,0.0,0.0,0.0,neutral,False,,,False,batch,257
294,consumer_price_index,Индексы потребительских цен,0.0,0.0,0.0,0.0,neutral,False,,,False,batch,257
294,primary_housing_price_index,Индексы цен на первичном рынке жилья,0.0,0.0,0.0,0.0,neutral,False,,,False,batch,257
294,secondary_housing_price_index,Индексы цен на вторичном рынке жилья,0.0,0.0,0.0,0.0,neutral,False,,,False,batch,257
294,industrial_production_index,Индексы промышленного производства,0.0,0.0,0.0,0.0,neutral,False,,,False,batch,257
294,enterprises_count,Число предприятий и организаций,0.0,0.0,0.0,0.0,neutral,False,,,False,batch,257
294,crime_count,Количество преступлений,0.0,0.0,0.0,0.0,neutral,False,,,False,batch,257
294,air_pollution,Выбросы загрязняющих веществ в атмосферный воздух,0.0,0.0,0.0,0.0,neutral,False,,,False,batch,257
294,wastewater_discharge,Сброс загрязненных сточных вод,0.0,0.0,0.0,0.0,neutral,False,,,False,batch,257
294,mortality_rate,Коэффициент смертности на 1000 человек,0.0,0.0,0.0,0.0,neutral,False,,,False,batch,257
294,birth_rate_per_1000,Коэффициент рождаемости на 1000 человек,0.0,0.0,0.0,0.0,neutral,False,,,False,batch,257
302,population_size,Численность населения,0.0,0.0,0.0,0.0,neutral,False,,,False,batch,663
302,divorce_rate,Число зарегистрированных разводов на 1000 населения,0.0,0.0,0.0,0.0,neutral,False,,,False,batch,663
302,marriage_rate,Число зарегистрированных браков на 1000 населения,0.0,0.0,0.0,0.0,neutral,False,,,False,batch,663
302,international_inflow,Число прибывших в страну,0.0,0.0,0.0,0.0,neutral,False,,,False,batch,663
302,international_outflow,Число выбывших из страны,0.0,0.0,0.0,0.0,neutral,False,,,False,batch,663
302,internal_arrivals,Число прибытий внутри региона,0.0,0.0,0.0,0.0,neutral,False,,,False,batch,663
302,internal_departures,Число выбытий из региона,0.0,0.0,0.0,0.0,neutral,False,,,False,batch,663
302,infant_mortality,Коэффициент младенческой смертности,0.0,0.0,0.0,0.0,neutral,False,,,False,batch,663
302,life_expectancy,Ожидаемая продолжительность жизни,0.0,0.0,0.0,0.0,neutral,False,,,False,batch,663
302,male_population,Число мужчин,0.0,0.0,0.0,0.0,neutral,False,,,False,batch,663
302,female_population,Число женщин,0.0,0.0,0.0,0.0,neutral,False,,,False,batch,663
302,per_capita_income,Среднедушевые денежные доходы населения,0.0,0.0,0.0,0.0,neutral,False,,,False,batch,663
302,real_income_index,Реальные денежные доходы населения,0.0,0.0,0.0,0.0,neutral,False,,,False,batch,663
302,unemployment_rate,Уровень безработицы,0.0,0.0,0.0,0.0,neutral,False,,,False,batch,663
302,living_wage,Величина прожиточного минимума на душу населения,0.0,0.0,0.0,0.0,neutral,False,,,False,batch,663
302,child_living_wage,Величина прожиточного минимума на ребенка,0.0,0.0,0.0,0.0,neutral,False,,,False,batch,663
302,hospitals,Число больничных организаций,0.0,0.0,0.0,0.0,neutral,False,,,False,batch,663
302,outpatient_clinics,Число амбулаторно-поликлинических организаций,0.0,0.0,0.0,0.0,neutral,False,,,False,batch,663
302,abortions,Число абортов,0.0,0.0,0.0,0.0,neutral,False,,,False,batch,663
302,qualified_doctors,Численность врачей высшей и первой квалификационных категорий,0.0,0.0,0.0,0.0,neutral,False,,,False,batch,663
302,preschool_coverage,Охват детей до 6 лет дошкольным образованием,0.0,0.0,0.0,0.0,neutral,False,,,False,batch,663
302,children_benefits,"Численность детей до 18 лет, на которых назначено пособие",0.0,0.0,0.0,0.0,neutral,False,,,False,batch,663
302,maternity_capital,"Численность лиц, получивших сертификат на материнский капитал",0.0,0.0,0.0,0.0,neutral,False,,,False,batch,663
302,childcare_allowance,Ежемесячное пособие по уходу за первым ребенком,0.0,0.0,0.0,0.0,neutral,False,,,False,batch,663
302,large_families_housing,"Многодетные семьи, улучшившие жилищные условия",0.0,0.0,0.0,0.0,neutral,False,,,False,batch,663
302,housing_area_per_capita,Общая площадь жилья на одного жителя,0.0,0.0,0.0,0.0,neutral,False,,,False,batch,663
302,consumer_price_index,Индексы потребительских цен,0.0,0.0,0.0,0.0,neutral,False,,,False,batch,663
302,primary_housing_price_index,Индексы цен на первичном рынке жилья,0.0,0.0,0.0,0.0,neutral,False,,,False,batch,663
302,secondary_housing_price_index,Индексы цен на вторичном рынке жилья,0.0,0.0,0.0,0.0,neutral,False,,,False,batch,663
302,industrial_production_index,Индексы промышленного производства,0.3,0.0,0.0,0.5,neutral,True,ненадлежащее исполнение обязанностей,контроль за содержанием имущества -> industrial_production_index,True,batch,663
302,enterprises_count,Число предприятий и организаций,0.0,0.0,0.0,0.0,neutral,False,,,False,batch,663
302,crime_count,Количество преступлений,0.6,-0.5,0.5,0.8,negative,True,возбудили дело о халатности,авария -> crime_count,True,batch,663
302,air_pollution,Выбросы загрязняющих веществ в атмосферный воздух,0.0,0.0,0.0,0.0,neutral,False,,,False,batch,663
302,wastewater_discharge,Сброс загрязненных сточных вод,0.0,0.0,0.0,0.0,neutral,False,,,False,batch,663
302,mortality_rate,Коэффициент смертности на 1000 человек,0.9,-0.8,0.8,0.9,negative,True,гибели пяти человек,погибли -> mortality_rate,True,batch,663
302,birth_rate_per_1000,Коэффициент рождаемости на 1000 человек,0.0,0.0,0.0,0.0,neutral,False,,,False,batch,663
305,population_size,Численность населения,0.0,0.0,0.0,0.0,neutral,False,,,False,batch,216
305,divorce_rate,Число зарегистрированных разводов на 1000 населения,0.0,0.0,0.0,0.0,neutral,False,,,False,batch,216
305,marriage_rate,Число зарегистрированных браков на 1000 населения,0.0,0.0,0.0,0.0,neutral,False,,,False,batch,216
305,international_inflow,Число прибывших в страну,0.0,0.0,0.0,0.0,neutral,False,,,False,batch,216
305,international_outflow,Число выбывших из страны,0.0,0.0,0.0,0.0,neutral,False,,,False,batch,216
305,internal_arrivals,Число прибытий внутри региона,0.0,0.0,0.0,0.0,neutral,False,,,False,batch,216
305,internal_departures,Число выбытий из региона,0.0,0.0,0.0,0.0,neutral,False,,,False,batch,216
305,infant_mortality,Коэффициент младенческой смертности,0.0,0.0,0.0,0.0,neutral,False,,,False,batch,216
305,life_expectancy,Ожидаемая продолжительность жизни,0.0,0.0,0.0,0.0,neutral,False,,,False,batch,216
305,male_population,Число мужчин,0.0,0.0,0.0,0.0,neutral,False,,,False,batch,216
305,female_population,Число женщин,0.0,0.0,0.0,0.0,neutral,False,,,False,batch,216
305,per_capita_income,Среднедушевые денежные доходы населения,0.0,0.0,0.0,0.0,neutral,False,,,False,batch,216
305,real_income_index,Реальные денежные доходы населения,0.0,0.0,0.0,0.0,neutral,False,,,False,batch,216
305,unemployment_rate,Уровень безработицы,0.0,0.0,0.0,0.0,neutral,False,,,False,batch,216
305,living_wage,Величина прожиточного минимума на душу населения,0.0,0.0,0.0,0.0,neutral,False,,,False,batch,216
305,child_living_wage,Величина прожиточного минимума на ребенка,0.0,0.0,0.0,0.0,neutral,False,,,False,batch,216
305,hospitals,Число больничных организаций,0.0,0.0,0.0,0.0,neutral,False,,,False,batch,216
305,outpatient_clinics,Число амбулаторно-поликлинических организаций,0.0,0.0,0.0,0.0,neutral,False,,,False,batch,216
305,abortions,Число абортов,0.0,0.0,0.0,0.0,neutral,False,,,False,batch,216
305,qualified_doctors,Численность врачей высшей и первой квалификационных категорий,0.0,0.0,0.0,0.0,neutral,False,,,False,batch,216
305,preschool_coverage,Охват детей до 6 лет дошкольным образованием,0.0,0.0,0.0,0.0,neutral,False,,,False,batch,216
305,children_benefits,"Численность детей до 18 лет, на которых назначено пособие",0.0,0.0,0.0,0.0,neutral,False,,,False,batch,216
305,maternity_capital,"Численность лиц, получивших сертификат на материнский капитал",0.0,0.0,0.0,0.0,neutral,False,,,False,batch,216
305,childcare_allowance,Ежемесячное пособие по уходу за первым ребенком,0.0,0.0,0.0,0.0,neutral,False,,,False,batch,216
305,large_families_housing,"Многодетные семьи, улучшившие жилищные условия",0.0,0.0,0.0,0.0,neutral,False,,,False,batch,216
305,housing_area_per_capita,Общая площадь жилья на одного жителя,0.0,0.0,0.0,0.0,neutral,False,,,False,batch,216
305,consumer_price_index,Индексы потребительских цен,0.0,0.0,0.0,0.0,neutral,False,,,False,batch,216
305,primary_housing_price_index,Индексы цен на первичном рынке жилья,0.0,0.0,0.0,0.0,neutral,False,,,False,batch,216
305,secondary_housing_price_index,Индексы цен на вторичном рынке жилья,0.0,0.0,0.0,0.0,neutral,False,,,False,batch,216
305,industrial_production_index,Индексы промышленного производства,0.0,0.0,0.0,0.0,neutral,False,,,False,batch,216
305,enterprises_count,Число предприятий и организаций,0.0,0.0,0.0,0.0,neutral,False,,,False,batch,216
305,crime_count,Количество преступлений,0.6,-0.5,0.5,0.8,negative,True,сбитых БПЛА,сбитые БПЛА -> crime_count,True,batch,216
305,air_pollution,Выбросы загрязняющих веществ в атмосферный воздух,0.0,0.0,0.0,0.0,neutral,False,,,False,batch,216
305,wastewater_discharge,Сброс загрязненных сточных вод,0.0,0.0,0.0,0.0,neutral,False,,,False,batch,216
305,mortality_rate,Коэффициент смертности на 1000 человек,0.0,0.0,0.0,0.0,neutral,False,,,False,batch,216
305,birth_rate_per_1000,Коэффициент рождаемости на 1000 человек,0.0,0.0,0.0,0.0,neutral,False,,,False,batch,216
306,population_size,Численность населения,0.0,0.0,0.0,0.0,neutral,False,,,False,batch,451
306,divorce_rate,Число зарегистрированных разводов на 1000 населения,0.0,0.0,0.0,0.0,neutral,False,,,False,batch,451
306,marriage_rate,Число зарегистрированных браков на 1000 населения,0.0,0.0,0.0,0.0,neutral,False,,,False,batch,451
306,international_inflow,Число прибывших в страну,0.0,0.0,0.0,0.0,neutral,False,,,False,batch,451
306,international_outflow,Число выбывших из страны,0.0,0.0,0.0,0.0,neutral,False,,,False,batch,451
306,internal_arrivals,Число прибытий внутри региона,0.0,0.0,0.0,0.0,neutral,False,,,False,batch,451
306,internal_departures,Число выбытий из региона,0.0,0.0,0.0,0.0,neutral,False,,,False,batch,451
306,infant_mortality,Коэффициент младенческой смертности,0.0,0.0,0.0,0.0,neutral,False,,,False,batch,451
306,life_expectancy,Ожидаемая продолжительность жизни,0.0,0.0,0.0,0.0,neutral,False,,,False,batch,451
306,male_population,Число мужчин,0.0,0.0,0.0,0.0,neutral,False,,,False,batch,451
306,female_population,Число женщин,0.0,0.0,0.0,0.0,neutral,False,,,False,batch,451
306,per_capita_income,Среднедушевые денежные доходы населения,0.0,0.0,0.0,0.0,neutral,False,,,False,batch,451
306,real_income_index,Реальные денежные доходы населения,0.0,0.0,0.0,0.0,neutral,False,,,False,batch,451
306,unemployment_rate,Уровень безработицы,0.0,0.0,0.0,0.0,neutral,False,,,False,batch,451
306,living_wage,Величина прожиточного минимума на душу населения,0.0,0.0,0.0,0.0,neutral,False,,,False,batch,451
306,child_living_wage,Величина прожиточного минимума на ребенка,0.0,0.0,0.0,0.0,neutral,False,,,False,batch,451
306,hospitals,Число больничных организаций,0.0,0.0,0.0,0.0,neutral,False,,,False,batch,451
306,outpatient_clinics,Число амбулаторно-поликлинических организаций,0.0,0.0,0.0,0.0,neutral,False,,,False,batch,451
306,abortions,Число абортов,0.0,0.0,0.0,0.0,neutral,False,,,False,batch,451
306,qualified_doctors,Численность врачей высшей и первой квалификационных категорий,0.0,0.0,0.0,0.0,neutral,False,,,False,batch,451
306,preschool_coverage,Охват детей до 6 лет дошкольным образованием,0.0,0.0,0.0,0.0,neutral,False,,,False,batch,451
306,children_benefits,"Численность детей до 18 лет, на которых назначено пособие",0.0,0.0,0.0,0.0,neutral,False,,,False,batch,451
306,maternity_capital,"Численность лиц, получивших сертификат на материнский капитал",0.0,0.0,0.0,0.0,neutral,False,,,False,batch,451
306,childcare_allowance,Ежемесячное пособие по уходу за первым ребенком,0.0,0.0,0.0,0.0,neutral,False,,,False,batch,451
306,large_families_housing,"Многодетные семьи, улучшившие жилищные условия",0.0,0.0,0.0,0.0,neutral,False,,,False,batch,451
306,housing_area_per_capita,Общая площадь жилья на одного жителя,0.0,0.0,0.0,0.0,neutral,False,,,False,batch,451
306,consumer_price_index,Индексы потребительских цен,0.0,0.0,0.0,0.0,neutral,False,,,False,batch,451
306,primary_housing_price_index,Индексы цен на первичном рынке жилья,0.0,0.0,0.0,0.0,neutral,False,,,False,batch,451
306,secondary_housing_price_index,Индексы цен на вторичном рынке жилья,0.0,0.0,0.0,0.0,neutral,False,,,False,batch,451
306,industrial_production_index,Индексы промышленного производства,0.6,-0.3,0.4,0.7,negative,True,перевозка казахстанской нефти,нефть/транспорт -> industrial_production_index,True,batch,451
306,enterprises_count,Число предприятий и организаций,0.0,0.0,0.0,0.0,neutral,False,,,False,batch,451
306,crime_count,Количество преступлений,0.6,-0.5,0.5,0.8,negative,True,осудил атаку на танкеры,атака -> crime_count,True,batch,451
306,air_pollution,Выбросы загрязняющих веществ в атмосферный воздух,0.0,0.0,0.0,0.0,neutral,False,,,False,batch,451
306,wastewater_discharge,Сброс загрязненных сточных вод,0.0,0.0,0.0,0.0,neutral,False,,,False,batch,451
306,mortality_rate,Коэффициент смертности на 1000 человек,0.0,0.0,0.0,0.0,neutral,False,,,False,batch,451
306,birth_rate_per_1000,Коэффициент рождаемости на 1000 человек,0.0,0.0,0.0,0.0,neutral,False,,,False,batch,451
308,population_size,Численность населения,0.0,0.0,0.0,0.0,neutral,False,,,False,batch,440
308,divorce_rate,Число зарегистрированных разводов на 1000 населения,0.0,0.0,0.0,0.0,neutral,False,,,False,batch,440
308,marriage_rate,Число зарегистрированных браков на 1000 населения,0.0,0.0,0.0,0.0,neutral,False,,,False,batch,440
308,international_inflow,Число прибывших в страну,0.0,0.0,0.0,0.0,neutral,False,,,False,batch,440
308,international_outflow,Число выбывших из страны,0.0,0.0,0.0,0.0,neutral,False,,,False,batch,440
308,internal_arrivals,Число прибытий внутри региона,0.0,0.0,0.0,0.0,neutral,False,,,False,batch,440
308,internal_departures,Число выбытий из региона,0.0,0.0,0.0,0.0,neutral,False,,,False,batch,440
308,infant_mortality,Коэффициент младенческой смертности,0.0,0.0,0.0,0.0,neutral,False,,,False,batch,440
308,life_expectancy,Ожидаемая продолжительность жизни,0.0,0.0,0.0,0.0,neutral,False,,,False,batch,440
308,male_population,Число мужчин,0.0,0.0,0.0,0.0,neutral,False,,,False,batch,440
308,female_population,Число женщин,0.0,0.0,0.0,0.0,neutral,False,,,False,batch,440
308,per_capita_income,Среднедушевые денежные доходы населения,0.0,0.0,0.0,0.0,neutral,False,,,False,batch,440
308,real_income_index,Реальные денежные доходы населения,0.0,0.0,0.0,0.0,neutral,False,,,False,batch,440
308,unemployment_rate,Уровень безработицы,0.0,0.0,0.0,0.0,neutral,False,,,False,batch,440
308,living_wage,Величина прожиточного минимума на душу населения,0.0,0.0,0.0,0.0,neutral,False,,,False,batch,440
308,child_living_wage,Величина прожиточного минимума на ребенка,0.0,0.0,0.0,0.0,neutral,False,,,False,batch,440
308,hospitals,Число больничных организаций,0.0,0.0,0.0,0.0,neutral,False,,,False,batch,440
308,outpatient_clinics,Число амбулаторно-поликлинических организаций,0.0,0.0,0.0,0.0,neutral,False,,,False,batch,440
308,abortions,Число абортов,0.0,0.0,0.0,0.0,neutral,False,,,False,batch,440
308,qualified_doctors,Численность врачей высшей и первой квалификационных категорий,0.0,0.0,0.0,0.0,neutral,False,,,False,batch,440
308,preschool_coverage,Охват детей до 6 лет дошкольным образованием,0.0,0.0,0.0,0.0,neutral,False,,,False,batch,440
308,children_benefits,"Численность детей до 18 лет, на которых назначено пособие",0.0,0.0,0.0,0.0,neutral,False,,,False,batch,440
308,maternity_capital,"Численность лиц, получивших сертификат на материнский капитал",0.0,0.0,0.0,0.0,neutral,False,,,False,batch,440
308,childcare_allowance,Ежемесячное пособие по уходу за первым ребенком,0.0,0.0,0.0,0.0,neutral,False,,,False,batch,440
308,large_families_housing,"Многодетные семьи, улучшившие жилищные условия",0.0,0.0,0.0,0.0,neutral,False,,,False,batch,440
308,housing_area_per_capita,Общая площадь жилья на одного жителя,0.0,0.0,0.0,0.0,neutral,False,,,False,batch,440
308,consumer_price_index,Индексы потребительских цен,0.0,0.0,0.0,0.0,neutral,False,,,False,batch,440
308,primary_housing_price_index,Индексы цен на первичном рынке жилья,0.0,0.0,0.0,0.0,neutral,False,,,False,batch,440
308,secondary_housing_price_index,Индексы цен на вторичном рынке жилья,0.0,0.0,0.0,0.0,neutral,False,,,False,batch,440
308,industrial_production_index,Индексы промышленного производства,0.0,0.0,0.0,0.0,neutral,False,,,False,batch,440
308,enterprises_count,Число предприятий и организаций,0.0,0.0,0.0,0.0,neutral,False,,,False,batch,440
308,crime_count,Количество преступлений,0.6,-0.5,0.5,0.8,negative,True,пострадали в результате боевых действий,боевые действия -> crime_count,True,batch,440
308,air_pollution,Выбросы загрязняющих веществ в атмосферный воздух,0.0,0.0,0.0,0.0,neutral,False,,,False,batch,440
308,wastewater_discharge,Сброс загрязненных сточных вод,0.0,0.0,0.0,0.0,neutral,False,,,False,batch,440
308,mortality_rate,Коэффициент смертности на 1000 человек,0.6,-0.5,0.5,0.8,negative,True,пять жителей пострадали,пострадали -> mortality_rate,True,batch,440
308,birth_rate_per_1000,Коэффициент рождаемости на 1000 человек,0.0,0.0,0.0,0.0,neutral,False,,,False,batch,440
317,population_size,Численность населения,0.0,0.0,0.0,0.0,neutral,False,,,False,batch,420
317,divorce_rate,Число зарегистрированных разводов на 1000 населения,0.0,0.0,0.0,0.0,neutral,False,,,False,batch,420
317,marriage_rate,Число зарегистрированных браков на 1000 населения,0.0,0.0,0.0,0.0,neutral,False,,,False,batch,420
317,international_inflow,Число прибывших в страну,0.0,0.0,0.0,0.0,neutral,False,,,False,batch,420
317,international_outflow,Число выбывших из страны,0.0,0.0,0.0,0.0,neutral,False,,,False,batch,420
317,internal_arrivals,Число прибытий внутри региона,0.0,0.0,0.0,0.0,neutral,False,,,False,batch,420
317,internal_departures,Число выбытий из региона,0.0,0.0,0.0,0.0,neutral,False,,,False,batch,420
317,infant_mortality,Коэффициент младенческой смертности,0.0,0.0,0.0,0.0,neutral,False,,,False,batch,420
317,life_expectancy,Ожидаемая продолжительность жизни,0.0,0.0,0.0,0.0,neutral,False,,,False,batch,420
317,male_population,Число мужчин,0.0,0.0,0.0,0.0,neutral,False,,,False,batch,420
317,female_population,Число женщин,0.0,0.0,0.0,0.0,neutral,False,,,False,batch,420
317,per_capita_income,Среднедушевые денежные доходы населения,0.0,0.0,0.0,0.0,neutral,False,,,False,batch,420
317,real_income_index,Реальные денежные доходы населения,0.0,0.0,0.0,0.0,neutral,False,,,False,batch,420
317,unemployment_rate,Уровень безработицы,0.0,0.0,0.0,0.0,neutral,False,,,False,batch,420
317,living_wage,Величина прожиточного минимума на душу населения,0.0,0.0,0.0,0.0,neutral,False,,,False,batch,420
317,child_living_wage,Величина прожиточного минимума на ребенка,0.0,0.0,0.0,0.0,neutral,False,,,False,batch,420
317,hospitals,Число больничных организаций,0.0,0.0,0.0,0.0,neutral,False,,,False,batch,420
317,outpatient_clinics,Число амбулаторно-поликлинических организаций,0.0,0.0,0.0,0.0,neutral,False,,,False,batch,420
317,abortions,Число абортов,0.0,0.0,0.0,0.0,neutral,False,,,False,batch,420
317,qualified_doctors,Численность врачей высшей и первой квалификационных категорий,0.0,0.0,0.0,0.0,neutral,False,,,False,batch,420
317,preschool_coverage,Охват детей до 6 лет дошкольным образованием,0.0,0.0,0.0,0.0,neutral,False,,,False,batch,420
317,children_benefits,"Численность детей до 18 лет, на которых назначено пособие",0.0,0.0,0.0,0.0,neutral,False,,,False,batch,420
317,maternity_capital,"Численность лиц, получивших сертификат на материнский капитал",0.0,0.0,0.0,0.0,neutral,False,,,False,batch,420
317,childcare_allowance,Ежемесячное пособие по уходу за первым ребенком,0.0,0.0,0.0,0.0,neutral,False,,,False,batch,420
317,large_families_housing,"Многодетные семьи, улучшившие жилищные условия",0.0,0.0,0.0,0.0,neutral,False,,,False,batch,420
317,housing_area_per_capita,Общая площадь жилья на одного жителя,0.0,0.0,0.0,0.0,neutral,False,,,False,batch,420
317,consumer_price_index,Индексы потребительских цен,0.0,0.0,0.0,0.0,neutral,False,,,False,batch,420
317,primary_housing_price_index,Индексы цен на первичном рынке жилья,0.0,0.0,0.0,0.0,neutral,False,,,False,batch,420
317,secondary_housing_price_index,Индексы цен на вторичном рынке жилья,0.0,0.0,0.0,0.0,neutral,False,,,False,batch,420
317,industrial_production_index,Индексы промышленного производства,0.0,0.0,0.0,0.0,neutral,False,,,False,batch,420
317,enterprises_count,Число предприятий и организаций,0.0,0.0,0.0,0.0,neutral,False,,,False,batch,420
317,crime_count,Количество преступлений,0.6,-0.5,0.5,0.8,negative,True,массированная атака киевского режима,атака -> crime_count,True,batch,420
317,air_pollution,Выбросы загрязняющих веществ в атмосферный воздух,0.0,0.0,0.0,0.0,neutral,False,,,False,batch,420
317,wastewater_discharge,Сброс загрязненных сточных вод,0.0,0.0,0.0,0.0,neutral,False,,,False,batch,420
317,mortality_rate,Коэффициент смертности на 1000 человек,0.3,0.0,0.0,0.7,neutral,True,жертв и пострадавших нет,нет жертв/пострадавших,True,batch,420
317,birth_rate_per_1000,Коэффициент рождаемости на 1000 человек,0.0,0.0,0.0,0.0,neutral,False,,,False,batch,420
319,population_size,Численность населения,0.0,0.0,0.0,0.0,neutral,False,,,False,batch,249
319,divorce_rate,Число зарегистрированных разводов на 1000 населения,0.0,0.0,0.0,0.0,neutral,False,,,False,batch,249
319,marriage_rate,Число зарегистрированных браков на 1000 населения,0.0,0.0,0.0,0.0,neutral,False,,,False,batch,249
319,international_inflow,Число прибывших в страну,0.0,0.0,0.0,0.0,neutral,False,,,False,batch,249
319,international_outflow,Число выбывших из страны,0.0,0.0,0.0,0.0,neutral,False,,,False,batch,249
319,internal_arrivals,Число прибытий внутри региона,0.0,0.0,0.0,0.0,neutral,False,,,False,batch,249
319,internal_departures,Число выбытий из региона,0.0,0.0,0.0,0.0,neutral,False,,,False,batch,249
319,infant_mortality,Коэффициент младенческой смертности,0.0,0.0,0.0,0.0,neutral,False,,,False,batch,249
319,life_expectancy,Ожидаемая продолжительность жизни,0.0,0.0,0.0,0.0,neutral,False,,,False,batch,249
319,male_population,Число мужчин,0.0,0.0,0.0,0.0,neutral,False,,,False,batch,249
319,female_population,Число женщин,0.0,0.0,0.0,0.0,neutral,False,,,False,batch,249
319,per_capita_income,Среднедушевые денежные доходы населения,0.0,0.0,0.0,0.0,neutral,False,,,False,batch,249
319,real_income_index,Реальные денежные доходы населения,0.0,0.0,0.0,0.0,neutral,False,,,False,batch,249
319,unemployment_rate,Уровень безработицы,0.0,0.0,0.0,0.0,neutral,False,,,False,batch,249
319,living_wage,Величина прожиточного минимума на душу населения,0.0,0.0,0.0,0.0,neutral,False,,,False,batch,249
319,child_living_wage,Величина прожиточного минимума на ребенка,0.0,0.0,0.0,0.0,neutral,False,,,False,batch,249
319,hospitals,Число больничных организаций,0.0,0.0,0.0,0.0,neutral,False,,,False,batch,249
319,outpatient_clinics,Число амбулаторно-поликлинических организаций,0.0,0.0,0.0,0.0,neutral,False,,,False,batch,249
319,abortions,Число абортов,0.0,0.0,0.0,0.0,neutral,False,,,False,batch,249
319,qualified_doctors,Численность врачей высшей и первой квалификационных категорий,0.0,0.0,0.0,0.0,neutral,False,,,False,batch,249
319,preschool_coverage,Охват детей до 6 лет дошкольным образованием,0.0,0.0,0.0,0.0,neutral,False,,,False,batch,249
319,children_benefits,"Численность детей до 18 лет, на которых назначено пособие",0.0,0.0,0.0,0.0,neutral,False,,,False,batch,249
319,maternity_capital,"Численность лиц, получивших сертификат на материнский капитал",0.0,0.0,0.0,0.0,neutral,False,,,False,batch,249
319,childcare_allowance,Ежемесячное пособие по уходу за первым ребенком,0.0,0.0,0.0,0.0,neutral,False,,,False,batch,249
319,large_families_housing,"Многодетные семьи, улучшившие жилищные условия",0.0,0.0,0.0,0.0,neutral,False,,,False,batch,249
319,housing_area_per_capita,Общая площадь жилья на одного жителя,0.0,0.0,0.0,0.0,neutral,False,,,False,batch,249
319,consumer_price_index,Индексы потребительских цен,0.0,0.0,0.0,0.0,neutral,False,,,False,batch,249
319,primary_housing_price_index,Индексы цен на первичном рынке жилья,0.0,0.0,0.0,0.0,neutral,False,,,False,batch,249
319,secondary_housing_price_index,Индексы цен на вторичном рынке жилья,0.0,0.0,0.0,0.0,neutral,False,,,False,batch,249
319,industrial_production_index,Индексы промышленного производства,0.3,0.0,0.0,0.7,neutral,True,восстановительные работы на перегоне,восстановительные работы,True,batch,249
319,enterprises_count,Число предприятий и организаций,0.0,0.0,0.0,0.0,neutral,False,,,False,batch,249
319,crime_count,Количество преступлений,0.0,0.0,0.0,0.0,neutral,False,,,False,batch,249
319,air_pollution,Выбросы загрязняющих веществ в атмосферный воздух,0.0,0.0,0.0,0.0,neutral,False,,,False,batch,249
319,wastewater_discharge,Сброс загрязненных сточных вод,0.0,0.0,0.0,0.0,neutral,False,,,False,batch,249
319,mortality_rate,Коэффициент смертности на 1000 человек,0.0,0.0,0.0,0.0,neutral,False,,,False,batch,249
319,birth_rate_per_1000,Коэффициент рождаемости на 1000 человек,0.0,0.0,0.0,0.0,neutral,False,,,False,batch,249
324,population_size,Численность населения,0.0,0.0,0.0,0.0,neutral,False,,,False,batch,271
324,divorce_rate,Число зарегистрированных разводов на 1000 населения,0.0,0.0,0.0,0.0,neutral,False,,,False,batch,271
324,marriage_rate,Число зарегистрированных браков на 1000 населения,0.0,0.0,0.0,0.0,neutral,False,,,False,batch,271
324,international_inflow,Число прибывших в страну,0.0,0.0,0.0,0.0,neutral,False,,,False,batch,271
324,international_outflow,Число выбывших из страны,0.0,0.0,0.0,0.0,neutral,False,,,False,batch,271
324,internal_arrivals,Число прибытий внутри региона,0.0,0.0,0.0,0.0,neutral,False,,,False,batch,271
324,internal_departures,Число выбытий из региона,0.0,0.0,0.0,0.0,neutral,False,,,False,batch,271
324,infant_mortality,Коэффициент младенческой смертности,0.0,0.0,0.0,0.0,neutral,False,,,False,batch,271
324,life_expectancy,Ожидаемая продолжительность жизни,0.0,0.0,0.0,0.0,neutral,False,,,False,batch,271
324,male_population,Число мужчин,0.0,0.0,0.0,0.0,neutral,False,,,False,batch,271
324,female_population,Число женщин,0.0,0.0,0.0,0.0,neutral,False,,,False,batch,271
324,per_capita_income,Среднедушевые денежные доходы населения,0.0,0.0,0.0,0.0,neutral,False,,,False,batch,271
324,real_income_index,Реальные денежные доходы населения,0.0,0.0,0.0,0.0,neutral,False,,,False,batch,271
324,unemployment_rate,Уровень безработицы,0.0,0.0,0.0,0.0,neutral,False,,,False,batch,271
324,living_wage,Величина прожиточного минимума на душу населения,0.0,0.0,0.0,0.0,neutral,False,,,False,batch,271
324,child_living_wage,Величина прожиточного минимума на ребенка,0.0,0.0,0.0,0.0,neutral,False,,,False,batch,271
324,hospitals,Число больничных организаций,0.0,0.0,0.0,0.0,neutral,False,,,False,batch,271
324,outpatient_clinics,Число амбулаторно-поликлинических организаций,0.0,0.0,0.0,0.0,neutral,False,,,False,batch,271
324,abortions,Число абортов,0.0,0.0,0.0,0.0,neutral,False,,,False,batch,271
324,qualified_doctors,Численность врачей высшей и первой квалификационных категорий,0.0,0.0,0.0,0.0,neutral,False,,,False,batch,271
324,preschool_coverage,Охват детей до 6 лет дошкольным образованием,0.0,0.0,0.0,0.0,neutral,False,,,False,batch,271
324,children_benefits,"Численность детей до 18 лет, на которых назначено пособие",0.0,0.0,0.0,0.0,neutral,False,,,False,batch,271
324,maternity_capital,"Численность лиц, получивших сертификат на материнский капитал",0.0,0.0,0.0,0.0,neutral,False,,,False,batch,271
324,childcare_allowance,Ежемесячное пособие по уходу за первым ребенком,0.0,0.0,0.0,0.0,neutral,False,,,False,batch,271
324,large_families_housing,"Многодетные семьи, улучшившие жилищные условия",0.0,0.0,0.0,0.0,neutral,False,,,False,batch,271
324,housing_area_per_capita,Общая площадь жилья на одного жителя,0.0,0.0,0.0,0.0,neutral,False,,,False,batch,271
324,consumer_price_index,Индексы потребительских цен,0.0,0.0,0.0,0.0,neutral,False,,,False,batch,271
324,primary_housing_price_index,Индексы цен на первичном рынке жилья,0.0,0.0,0.0,0.0,neutral,False,,,False,batch,271
324,secondary_housing_price_index,Индексы цен на вторичном рынке жилья,0.0,0.0,0.0,0.0,neutral,False,,,False,batch,271
324,industrial_production_index,Индексы промышленного производства,0.3,0.0,0.0,0.7,neutral,True,отмена рейсов в Дубай и Абу-Даби,"связь с внешними событиями, влияющими на логистику",True,batch,271
324,enterprises_count,Число предприятий и организаций,0.0,0.0,0.0,0.0,neutral,False,,,False,batch,271
324,crime_count,Количество преступлений,0.0,0.0,0.0,0.0,neutral,False,,,False,batch,271
324,air_pollution,Выбросы загрязняющих веществ в атмосферный воздух,0.0,0.0,0.0,0.0,neutral,False,,,False,batch,271
324,wastewater_discharge,Сброс загрязненных сточных вод,0.0,0.0,0.0,0.0,neutral,False,,,False,batch,271
324,mortality_rate,Коэффициент смертности на 1000 человек,0.0,0.0,0.0,0.0,neutral,False,,,False,batch,271
324,birth_rate_per_1000,Коэффициент рождаемости на 1000 человек,0.0,0.0,0.0,0.0,neutral,False,,,False,batch,271
329,population_size,Численность населения,0.0,0.0,0.0,0.0,neutral,False,,,False,batch,245
329,divorce_rate,Число зарегистрированных разводов на 1000 населения,0.0,0.0,0.0,0.0,neutral,False,,,False,batch,245
329,marriage_rate,Число зарегистрированных браков на 1000 населения,0.0,0.0,0.0,0.0,neutral,False,,,False,batch,245
329,international_inflow,Число прибывших в страну,0.0,0.0,0.0,0.0,neutral,False,,,False,batch,245
329,international_outflow,Число выбывших из страны,0.0,0.0,0.0,0.0,neutral,False,,,False,batch,245
329,internal_arrivals,Число прибытий внутри региона,0.0,0.0,0.0,0.0,neutral,False,,,False,batch,245
329,internal_departures,Число выбытий из региона,0.0,0.0,0.0,0.0,neutral,False,,,False,batch,245
329,infant_mortality,Коэффициент младенческой смертности,0.0,0.0,0.0,0.0,neutral,False,,,False,batch,245
329,life_expectancy,Ожидаемая продолжительность жизни,0.0,0.0,0.0,0.0,neutral,False,,,False,batch,245
329,male_population,Число мужчин,0.0,0.0,0.0,0.0,neutral,False,,,False,batch,245
329,female_population,Число женщин,0.0,0.0,0.0,0.0,neutral,False,,,False,batch,245
329,per_capita_income,Среднедушевые денежные доходы населения,0.0,0.0,0.0,0.0,neutral,False,,,False,batch,245
329,real_income_index,Реальные денежные доходы населения,0.0,0.0,0.0,0.0,neutral,False,,,False,batch,245
329,unemployment_rate,Уровень безработицы,0.0,0.0,0.0,0.0,neutral,False,,,False,batch,245
329,living_wage,Величина прожиточного минимума на душу населения,0.0,0.0,0.0,0.0,neutral,False,,,False,batch,245
329,child_living_wage,Величина прожиточного минимума на ребенка,0.0,0.0,0.0,0.0,neutral,False,,,False,batch,245
329,hospitals,Число больничных организаций,0.0,0.0,0.0,0.0,neutral,False,,,False,batch,245
329,outpatient_clinics,Число амбулаторно-поликлинических организаций,0.0,0.0,0.0,0.0,neutral,False,,,False,batch,245
329,abortions,Число абортов,0.0,0.0,0.0,0.0,neutral,False,,,False,batch,245
329,qualified_doctors,Численность врачей высшей и первой квалификационных категорий,0.0,0.0,0.0,0.0,neutral,False,,,False,batch,245
329,preschool_coverage,Охват детей до 6 лет дошкольным образованием,0.0,0.0,0.0,0.0,neutral,False,,,False,batch,245
329,children_benefits,"Численность детей до 18 лет, на которых назначено пособие",0.0,0.0,0.0,0.0,neutral,False,,,False,batch,245
329,maternity_capital,"Численность лиц, получивших сертификат на материнский капитал",0.0,0.0,0.0,0.0,neutral,False,,,False,batch,245
329,childcare_allowance,Ежемесячное пособие по уходу за первым ребенком,0.0,0.0,0.0,0.0,neutral,False,,,False,batch,245
329,large_families_housing,"Многодетные семьи, улучшившие жилищные условия",0.0,0.0,0.0,0.0,neutral,False,,,False,batch,245
329,housing_area_per_capita,Общая площадь жилья на одного жителя,0.0,0.0,0.0,0.0,neutral,False,,,False,batch,245
329,consumer_price_index,Индексы потребительских цен,0.0,0.0,0.0,0.0,neutral,False,,,False,batch,245
329,primary_housing_price_index,Индексы цен на первичном рынке жилья,0.0,0.0,0.0,0.0,neutral,False,,,False,batch,245
329,secondary_housing_price_index,Индексы цен на вторичном рынке жилья,0.0,0.0,0.0,0.0,neutral,False,,,False,batch,245
329,industrial_production_index,Индексы промышленного производства,0.0,0.0,0.0,0.0,neutral,False,,,False,batch,245
329,enterprises_count,Число предприятий и организаций,0.0,0.0,0.0,0.0,neutral,False,,,False,batch,245
329,crime_count,Количество преступлений,0.9,-0.8,0.7,0.9,negative,True,пытавшемуся отравить 70 летчиков,отравление летчиков -> crime_count,True,batch,245
329,air_pollution,Выбросы загрязняющих веществ в атмосферный воздух,0.0,0.0,0.0,0.0,neutral,False,,,False,batch,245
329,wastewater_discharge,Сброс загрязненных сточных вод,0.0,0.0,0.0,0.0,neutral,False,,,False,batch,245
329,mortality_rate,Коэффициент смертности на 1000 человек,0.0,0.0,0.0,0.0,neutral,False,,,False,batch,245
329,birth_rate_per_1000,Коэффициент рождаемости на 1000 человек,0.0,0.0,0.0,0.0,neutral,False,,,False,batch,245
335,population_size,Численность населения,0.0,0.0,0.0,0.0,neutral,False,,,False,batch,252
335,divorce_rate,Число зарегистрированных разводов на 1000 населения,0.0,0.0,0.0,0.0,neutral,False,,,False,batch,252
335,marriage_rate,Число зарегистрированных браков на 1000 населения,0.0,0.0,0.0,0.0,neutral,False,,,False,batch,252
335,international_inflow,Число прибывших в страну,0.0,0.0,0.0,0.0,neutral,False,,,False,batch,252
335,international_outflow,Число выбывших из страны,0.0,0.0,0.0,0.0,neutral,False,,,False,batch,252
335,internal_arrivals,Число прибытий внутри региона,0.0,0.0,0.0,0.0,neutral,False,,,False,batch,252
335,internal_departures,Число выбытий из региона,0.0,0.0,0.0,0.0,neutral,False,,,False,batch,252
335,infant_mortality,Коэффициент младенческой смертности,0.0,0.0,0.0,0.0,neutral,False,,,False,batch,252
335,life_expectancy,Ожидаемая продолжительность жизни,0.0,0.0,0.0,0.0,neutral,False,,,False,batch,252
335,male_population,Число мужчин,0.0,0.0,0.0,0.0,neutral,False,,,False,batch,252
335,female_population,Число женщин,0.0,0.0,0.0,0.0,neutral,False,,,False,batch,252
335,per_capita_income,Среднедушевые денежные доходы населения,0.0,0.0,0.0,0.0,neutral,False,,,False,batch,252
335,real_income_index,Реальные денежные доходы населения,0.0,0.0,0.0,0.0,neutral,False,,,False,batch,252
335,unemployment_rate,Уровень безработицы,0.0,0.0,0.0,0.0,neutral,False,,,False,batch,252
335,living_wage,Величина прожиточного минимума на душу населения,0.0,0.0,0.0,0.0,neutral,False,,,False,batch,252
335,child_living_wage,Величина прожиточного минимума на ребенка,0.0,0.0,0.0,0.0,neutral,False,,,False,batch,252
335,hospitals,Число больничных организаций,0.0,0.0,0.0,0.0,neutral,False,,,False,batch,252
335,outpatient_clinics,Число амбулаторно-поликлинических организаций,0.0,0.0,0.0,0.0,neutral,False,,,False,batch,252
335,abortions,Число абортов,0.0,0.0,0.0,0.0,neutral,False,,,False,batch,252
335,qualified_doctors,Численность врачей высшей и первой квалификационных категорий,0.0,0.0,0.0,0.0,neutral,False,,,False,batch,252
335,preschool_coverage,Охват детей до 6 лет дошкольным образованием,0.0,0.0,0.0,0.0,neutral,False,,,False,batch,252
335,children_benefits,"Численность детей до 18 лет, на которых назначено пособие",0.0,0.0,0.0,0.0,neutral,False,,,False,batch,252
335,maternity_capital,"Численность лиц, получивших сертификат на материнский капитал",0.0,0.0,0.0,0.0,neutral,False,,,False,batch,252
335,childcare_allowance,Ежемесячное пособие по уходу за первым ребенком,0.0,0.0,0.0,0.0,neutral,False,,,False,batch,252
335,large_families_housing,"Многодетные семьи, улучшившие жилищные условия",0.0,0.0,0.0,0.0,neutral,False,,,False,batch,252
335,housing_area_per_capita,Общая площадь жилья на одного жителя,0.0,0.0,0.0,0.0,neutral,False,,,False,batch,252
335,consumer_price_index,Индексы потребительских цен,0.6,-0.5,0.5,0.8,negative,True,"повышение МРОТ, расходы бюджетов",повышение МРОТ влияет на расходы,True,batch,252
335,primary_housing_price_index,Индексы цен на первичном рынке жилья,0.0,0.0,0.0,0.0,neutral,False,,,False,batch,252
335,secondary_housing_price_index,Индексы цен на вторичном рынке жилья,0.0,0.0,0.0,0.0,neutral,False,,,False,batch,252
335,industrial_production_index,Индексы промышленного производства,0.0,0.0,0.0,0.0,neutral,False,,,False,batch,252
335,enterprises_count,Число предприятий и организаций,0.0,0.0,0.0,0.0,neutral,False,,,False,batch,252
335,crime_count,Количество преступлений,0.0,0.0,0.0,0.0,neutral,False,,,False,batch,252
335,air_pollution,Выбросы загрязняющих веществ в атмосферный воздух,0.0,0.0,0.0,0.0,neutral,False,,,False,batch,252
335,wastewater_discharge,Сброс загрязненных сточных вод,0.0,0.0,0.0,0.0,neutral,False,,,False,batch,252
335,mortality_rate,Коэффициент смертности на 1000 человек,0.0,0.0,0.0,0.0,neutral,False,,,False,batch,252
335,birth_rate_per_1000,Коэффициент рождаемости на 1000 человек,0.0,0.0,0.0,0.0,neutral,False,,,False,batch,252
338,population_size,Численность населения,0.0,0.0,0.0,0.0,neutral,False,,,False,neutral_after_error,0
338,divorce_rate,Число зарегистрированных разводов на 1000 населения,0.0,0.0,0.0,0.0,neutral,False,,,False,neutral_after_error,0
338,marriage_rate,Число зарегистрированных браков на 1000 населения,0.0,0.0,0.0,0.0,neutral,False,,,False,neutral_after_error,0
338,international_inflow,Число прибывших в страну,0.0,0.0,0.0,0.0,neutral,False,,,False,neutral_after_error,0
338,international_outflow,Число выбывших из страны,0.0,0.0,0.0,0.0,neutral,False,,,False,neutral_after_error,0
338,internal_arrivals,Число прибытий внутри региона,0.0,0.0,0.0,0.0,neutral,False,,,False,neutral_after_error,0
338,internal_departures,Число выбытий из региона,0.0,0.0,0.0,0.0,neutral,False,,,False,neutral_after_error,0
338,infant_mortality,Коэффициент младенческой смертности,0.0,0.0,0.0,0.0,neutral,False,,,False,neutral_after_error,0
338,life_expectancy,Ожидаемая продолжительность жизни,0.0,0.0,0.0,0.0,neutral,False,,,False,neutral_after_error,0
338,male_population,Число мужчин,0.0,0.0,0.0,0.0,neutral,False,,,False,neutral_after_error,0
338,female_population,Число женщин,0.0,0.0,0.0,0.0,neutral,False,,,False,neutral_after_error,0
338,per_capita_income,Среднедушевые денежные доходы населения,0.0,0.0,0.0,0.0,neutral,False,,,False,neutral_after_error,0
338,real_income_index,Реальные денежные доходы населения,0.0,0.0,0.0,0.0,neutral,False,,,False,neutral_after_error,0
338,unemployment_rate,Уровень безработицы,0.0,0.0,0.0,0.0,neutral,False,,,False,neutral_after_error,0
338,living_wage,Величина прожиточного минимума на душу населения,0.0,0.0,0.0,0.0,neutral,False,,,False,neutral_after_error,0
338,child_living_wage,Величина прожиточного минимума на ребенка,0.0,0.0,0.0,0.0,neutral,False,,,False,neutral_after_error,0
338,hospitals,Число больничных организаций,0.0,0.0,0.0,0.0,neutral,False,,,False,neutral_after_error,0
338,outpatient_clinics,Число амбулаторно-поликлинических организаций,0.0,0.0,0.0,0.0,neutral,False,,,False,neutral_after_error,0
338,abortions,Число абортов,0.0,0.0,0.0,0.0,neutral,False,,,False,neutral_after_error,0
338,qualified_doctors,Численность врачей высшей и первой квалификационных категорий,0.0,0.0,0.0,0.0,neutral,False,,,False,neutral_after_error,0
338,preschool_coverage,Охват детей до 6 лет дошкольным образованием,0.0,0.0,0.0,0.0,neutral,False,,,False,neutral_after_error,0
338,children_benefits,"Численность детей до 18 лет, на которых назначено пособие",0.0,0.0,0.0,0.0,neutral,False,,,False,neutral_after_error,0
338,maternity_capital,"Численность лиц, получивших сертификат на материнский капитал",0.0,0.0,0.0,0.0,neutral,False,,,False,neutral_after_error,0
338,childcare_allowance,Ежемесячное пособие по уходу за первым ребенком,0.0,0.0,0.0,0.0,neutral,False,,,False,neutral_after_error,0
338,large_families_housing,"Многодетные семьи, улучшившие жилищные условия",0.0,0.0,0.0,0.0,neutral,False,,,False,neutral_after_error,0
338,housing_area_per_capita,Общая площадь жилья на одного жителя,0.0,0.0,0.0,0.0,neutral,False,,,False,neutral_after_error,0
338,consumer_price_index,Индексы потребительских цен,0.0,0.0,0.0,0.0,neutral,False,,,False,neutral_after_error,0
338,primary_housing_price_index,Индексы цен на первичном рынке жилья,0.0,0.0,0.0,0.0,neutral,False,,,False,neutral_after_error,0
338,secondary_housing_price_index,Индексы цен на вторичном рынке жилья,0.0,0.0,0.0,0.0,neutral,False,,,False,neutral_after_error,0
338,industrial_production_index,Индексы промышленного производства,0.0,0.0,0.0,0.0,neutral,False,,,False,neutral_after_error,0
338,enterprises_count,Число предприятий и организаций,0.0,0.0,0.0,0.0,neutral,False,,,False,neutral_after_error,0
338,crime_count,Количество преступлений,0.0,0.0,0.0,0.0,neutral,False,,,False,neutral_after_error,0
338,air_pollution,Выбросы загрязняющих веществ в атмосферный воздух,0.0,0.0,0.0,0.0,neutral,False,,,False,neutral_after_error,0
338,wastewater_discharge,Сброс загрязненных сточных вод,0.0,0.0,0.0,0.0,neutral,False,,,False,neutral_after_error,0
338,mortality_rate,Коэффициент смертности на 1000 человек,0.0,0.0,0.0,0.0,neutral,False,,,False,neutral_after_error,0
338,birth_rate_per_1000,Коэффициент рождаемости на 1000 человек,0.0,0.0,0.0,0.0,neutral,False,,,False,neutral_after_error,0
340,population_size,Численность населения,0.0,0.0,0.0,0.0,neutral,False,,,False,batch,270
340,divorce_rate,Число зарегистрированных разводов на 1000 населения,0.0,0.0,0.0,0.0,neutral,False,,,False,batch,270
340,marriage_rate,Число зарегистрированных браков на 1000 населения,0.0,0.0,0.0,0.0,neutral,False,,,False,batch,270
340,international_inflow,Число прибывших в страну,0.0,0.0,0.0,0.0,neutral,False,,,False,batch,270
340,international_outflow,Число выбывших из страны,0.0,0.0,0.0,0.0,neutral,False,,,False,batch,270
340,internal_arrivals,Число прибытий внутри региона,0.0,0.0,0.0,0.0,neutral,False,,,False,batch,270
340,internal_departures,Число выбытий из региона,0.0,0.0,0.0,0.0,neutral,False,,,False,batch,270
340,infant_mortality,Коэффициент младенческой смертности,0.0,0.0,0.0,0.0,neutral,False,,,False,batch,270
340,life_expectancy,Ожидаемая продолжительность жизни,0.0,0.0,0.0,0.0,neutral,False,,,False,batch,270
340,male_population,Число мужчин,0.0,0.0,0.0,0.0,neutral,False,,,False,batch,270
340,female_population,Число женщин,0.0,0.0,0.0,0.0,neutral,False,,,False,batch,270
340,per_capita_income,Среднедушевые денежные доходы населения,0.0,0.0,0.0,0.0,neutral,False,,,False,batch,270
340,real_income_index,Реальные денежные доходы населения,0.0,0.0,0.0,0.0,neutral,False,,,False,batch,270
340,unemployment_rate,Уровень безработицы,0.0,0.0,0.0,0.0,neutral,False,,,False,batch,270
340,living_wage,Величина прожиточного минимума на душу населения,0.0,0.0,0.0,0.0,neutral,False,,,False,batch,270
340,child_living_wage,Величина прожиточного минимума на ребенка,0.0,0.0,0.0,0.0,neutral,False,,,False,batch,270
340,hospitals,Число больничных организаций,0.0,0.0,0.0,0.0,neutral,False,,,False,batch,270
340,outpatient_clinics,Число амбулаторно-поликлинических организаций,0.0,0.0,0.0,0.0,neutral,False,,,False,batch,270
340,abortions,Число абортов,0.0,0.0,0.0,0.0,neutral,False,,,False,batch,270
340,qualified_doctors,Численность врачей высшей и первой квалификационных категорий,0.0,0.0,0.0,0.0,neutral,False,,,False,batch,270
340,preschool_coverage,Охват детей до 6 лет дошкольным образованием,0.0,0.0,0.0,0.0,neutral,False,,,False,batch,270
340,children_benefits,"Численность детей до 18 лет, на которых назначено пособие",0.0,0.0,0.0,0.0,neutral,False,,,False,batch,270
340,maternity_capital,"Численность лиц, получивших сертификат на материнский капитал",0.0,0.0,0.0,0.0,neutral,False,,,False,batch,270
340,childcare_allowance,Ежемесячное пособие по уходу за первым ребенком,0.0,0.0,0.0,0.0,neutral,False,,,False,batch,270
340,large_families_housing,"Многодетные семьи, улучшившие жилищные условия",0.0,0.0,0.0,0.0,neutral,False,,,False,batch,270
340,housing_area_per_capita,Общая площадь жилья на одного жителя,0.0,0.0,0.0,0.0,neutral,False,,,False,batch,270
340,consumer_price_index,Индексы потребительских цен,0.0,0.0,0.0,0.0,neutral,False,,,False,batch,270
340,primary_housing_price_index,Индексы цен на первичном рынке жилья,0.0,0.0,0.0,0.0,neutral,False,,,False,batch,270
340,secondary_housing_price_index,Индексы цен на вторичном рынке жилья,0.0,0.0,0.0,0.0,neutral,False,,,False,batch,270
340,industrial_production_index,Индексы промышленного производства,0.0,0.0,0.0,0.0,neutral,False,,,False,batch,270
340,enterprises_count,Число предприятий и организаций,0.0,0.0,0.0,0.0,neutral,False,,,False,batch,270
340,crime_count,Количество преступлений,0.9,-0.5,0.7,0.9,negative,True,нарушения антикоррупционного законодательства,незаконная деятельность и уклонение от налогов,True,batch,270
340,air_pollution,Выбросы загрязняющих веществ в атмосферный воздух,0.0,0.0,0.0,0.0,neutral,False,,,False,batch,270
340,wastewater_discharge,Сброс загрязненных сточных вод,0.0,0.0,0.0,0.0,neutral,False,,,False,batch,270
340,mortality_rate,Коэффициент смертности на 1000 человек,0.0,0.0,0.0,0.0,neutral,False,,,False,batch,270
340,birth_rate_per_1000,Коэффициент рождаемости на 1000 человек,0.0,0.0,0.0,0.0,neutral,False,,,False,batch,270
341,population_size,Численность населения,0.0,0.0,0.0,0.0,neutral,False,,,False,batch,267
341,divorce_rate,Число зарегистрированных разводов на 1000 населения,0.0,0.0,0.0,0.0,neutral,False,,,False,batch,267
341,marriage_rate,Число зарегистрированных браков на 1000 населения,0.0,0.0,0.0,0.0,neutral,False,,,False,batch,267
341,international_inflow,Число прибывших в страну,0.0,0.0,0.0,0.0,neutral,False,,,False,batch,267
341,international_outflow,Число выбывших из страны,0.0,0.0,0.0,0.0,neutral,False,,,False,batch,267
341,internal_arrivals,Число прибытий внутри региона,0.0,0.0,0.0,0.0,neutral,False,,,False,batch,267
341,internal_departures,Число выбытий из региона,0.0,0.0,0.0,0.0,neutral,False,,,False,batch,267
341,infant_mortality,Коэффициент младенческой смертности,0.0,0.0,0.0,0.0,neutral,False,,,False,batch,267
341,life_expectancy,Ожидаемая продолжительность жизни,0.0,0.0,0.0,0.0,neutral,False,,,False,batch,267
341,male_population,Число мужчин,0.0,0.0,0.0,0.0,neutral,False,,,False,batch,267
341,female_population,Число женщин,0.0,0.0,0.0,0.0,neutral,False,,,False,batch,267
341,per_capita_income,Среднедушевые денежные доходы населения,0.0,0.0,0.0,0.0,neutral,False,,,False,batch,267
341,real_income_index,Реальные денежные доходы населения,0.0,0.0,0.0,0.0,neutral,False,,,False,batch,267
341,unemployment_rate,Уровень безработицы,0.0,0.0,0.0,0.0,neutral,False,,,False,batch,267
341,living_wage,Величина прожиточного минимума на душу населения,0.0,0.0,0.0,0.0,neutral,False,,,False,batch,267
341,child_living_wage,Величина прожиточного минимума на ребенка,0.0,0.0,0.0,0.0,neutral,False,,,False,batch,267
341,hospitals,Число больничных организаций,0.0,0.0,0.0,0.0,neutral,False,,,False,batch,267
341,outpatient_clinics,Число амбулаторно-поликлинических организаций,0.0,0.0,0.0,0.0,neutral,False,,,False,batch,267
341,abortions,Число абортов,0.0,0.0,0.0,0.0,neutral,False,,,False,batch,267
341,qualified_doctors,Численность врачей высшей и первой квалификационных категорий,0.0,0.0,0.0,0.0,neutral,False,,,False,batch,267
341,preschool_coverage,Охват детей до 6 лет дошкольным образованием,0.0,0.0,0.0,0.0,neutral,False,,,False,batch,267
341,children_benefits,"Численность детей до 18 лет, на которых назначено пособие",0.0,0.0,0.0,0.0,neutral,False,,,False,batch,267
341,maternity_capital,"Численность лиц, получивших сертификат на материнский капитал",0.0,0.0,0.0,0.0,neutral,False,,,False,batch,267
341,childcare_allowance,Ежемесячное пособие по уходу за первым ребенком,0.0,0.0,0.0,0.0,neutral,False,,,False,batch,267
341,large_families_housing,"Многодетные семьи, улучшившие жилищные условия",0.0,0.0,0.0,0.0,neutral,False,,,False,batch,267
341,housing_area_per_capita,Общая площадь жилья на одного жителя,0.0,0.0,0.0,0.0,neutral,False,,,False,batch,267
341,consumer_price_index,Индексы потребительских цен,0.0,0.0,0.0,0.0,neutral,False,,,False,batch,267
341,primary_housing_price_index,Индексы цен на первичном рынке жилья,0.0,0.0,0.0,0.0,neutral,False,,,False,batch,267
341,secondary_housing_price_index,Индексы цен на вторичном рынке жилья,0.0,0.0,0.0,0.0,neutral,False,,,False,batch,267
341,industrial_production_index,Индексы промышленного производства,0.9,0.1,0.2,0.8,neutral,True,передача акций NIS Газпрому,энергетическая компания и акционерные отношения,True,batch,267
341,enterprises_count,Число предприятий и организаций,0.0,0.0,0.0,0.0,neutral,False,,,False,batch,267
341,crime_count,Количество преступлений,0.0,0.0,0.0,0.0,neutral,False,,,False,batch,267
341,air_pollution,Выбросы загрязняющих веществ в атмосферный воздух,0.0,0.0,0.0,0.0,neutral,False,,,False,batch,267
341,wastewater_discharge,Сброс загрязненных сточных вод,0.0,0.0,0.0,0.0,neutral,False,,,False,batch,267
341,mortality_rate,Коэффициент смертности на 1000 человек,0.0,0.0,0.0,0.0,neutral,False,,,False,batch,267
341,birth_rate_per_1000,Коэффициент рождаемости на 1000 человек,0.0,0.0,0.0,0.0,neutral,False,,,False,batch,267
343,population_size,Численность населения,0.0,0.0,0.0,0.0,neutral,False,,,False,neutral_after_error,0
343,divorce_rate,Число зарегистрированных разводов на 1000 населения,0.0,0.0,0.0,0.0,neutral,False,,,False,neutral_after_error,0
343,marriage_rate,Число зарегистрированных браков на 1000 населения,0.0,0.0,0.0,0.0,neutral,False,,,False,neutral_after_error,0
343,international_inflow,Число прибывших в страну,0.0,0.0,0.0,0.0,neutral,False,,,False,neutral_after_error,0
343,international_outflow,Число выбывших из страны,0.0,0.0,0.0,0.0,neutral,False,,,False,neutral_after_error,0
343,internal_arrivals,Число прибытий внутри региона,0.0,0.0,0.0,0.0,neutral,False,,,False,neutral_after_error,0
343,internal_departures,Число выбытий из региона,0.0,0.0,0.0,0.0,neutral,False,,,False,neutral_after_error,0
343,infant_mortality,Коэффициент младенческой смертности,0.0,0.0,0.0,0.0,neutral,False,,,False,neutral_after_error,0
343,life_expectancy,Ожидаемая продолжительность жизни,0.0,0.0,0.0,0.0,neutral,False,,,False,neutral_after_error,0
343,male_population,Число мужчин,0.0,0.0,0.0,0.0,neutral,False,,,False,neutral_after_error,0
343,female_population,Число женщин,0.0,0.0,0.0,0.0,neutral,False,,,False,neutral_after_error,0
343,per_capita_income,Среднедушевые денежные доходы населения,0.0,0.0,0.0,0.0,neutral,False,,,False,neutral_after_error,0
343,real_income_index,Реальные денежные доходы населения,0.0,0.0,0.0,0.0,neutral,False,,,False,neutral_after_error,0
343,unemployment_rate,Уровень безработицы,0.0,0.0,0.0,0.0,neutral,False,,,False,neutral_after_error,0
343,living_wage,Величина прожиточного минимума на душу населения,0.0,0.0,0.0,0.0,neutral,False,,,False,neutral_after_error,0
343,child_living_wage,Величина прожиточного минимума на ребенка,0.0,0.0,0.0,0.0,neutral,False,,,False,neutral_after_error,0
343,hospitals,Число больничных организаций,0.0,0.0,0.0,0.0,neutral,False,,,False,neutral_after_error,0
343,outpatient_clinics,Число амбулаторно-поликлинических организаций,0.0,0.0,0.0,0.0,neutral,False,,,False,neutral_after_error,0
343,abortions,Число абортов,0.0,0.0,0.0,0.0,neutral,False,,,False,neutral_after_error,0
343,qualified_doctors,Численность врачей высшей и первой квалификационных категорий,0.0,0.0,0.0,0.0,neutral,False,,,False,neutral_after_error,0
343,preschool_coverage,Охват детей до 6 лет дошкольным образованием,0.0,0.0,0.0,0.0,neutral,False,,,False,neutral_after_error,0
343,children_benefits,"Численность детей до 18 лет, на которых назначено пособие",0.0,0.0,0.0,0.0,neutral,False,,,False,neutral_after_error,0
343,maternity_capital,"Численность лиц, получивших сертификат на материнский капитал",0.0,0.0,0.0,0.0,neutral,False,,,False,neutral_after_error,0
343,childcare_allowance,Ежемесячное пособие по уходу за первым ребенком,0.0,0.0,0.0,0.0,neutral,False,,,False,neutral_after_error,0
343,large_families_housing,"Многодетные семьи, улучшившие жилищные условия",0.0,0.0,0.0,0.0,neutral,False,,,False,neutral_after_error,0
343,housing_area_per_capita,Общая площадь жилья на одного жителя,0.0,0.0,0.0,0.0,neutral,False,,,False,neutral_after_error,0
343,consumer_price_index,Индексы потребительских цен,0.0,0.0,0.0,0.0,neutral,False,,,False,neutral_after_error,0
343,primary_housing_price_index,Индексы цен на первичном рынке жилья,0.0,0.0,0.0,0.0,neutral,False,,,False,neutral_after_error,0
343,secondary_housing_price_index,Индексы цен на вторичном рынке жилья,0.0,0.0,0.0,0.0,neutral,False,,,False,neutral_after_error,0
343,industrial_production_index,Индексы промышленного производства,0.0,0.0,0.0,0.0,neutral,False,,,False,neutral_after_error,0
343,enterprises_count,Число предприятий и организаций,0.0,0.0,0.0,0.0,neutral,False,,,False,neutral_after_error,0
343,crime_count,Количество преступлений,0.0,0.0,0.0,0.0,neutral,False,,,False,neutral_after_error,0
343,air_pollution,Выбросы загрязняющих веществ в атмосферный воздух,0.0,0.0,0.0,0.0,neutral,False,,,False,neutral_after_error,0
343,wastewater_discharge,Сброс загрязненных сточных вод,0.0,0.0,0.0,0.0,neutral,False,,,False,neutral_after_error,0
343,mortality_rate,Коэффициент смертности на 1000 человек,0.0,0.0,0.0,0.0,neutral,False,,,False,neutral_after_error,0
343,birth_rate_per_1000,Коэффициент рождаемости на 1000 человек,0.0,0.0,0.0,0.0,neutral,False,,,False,neutral_after_error,0
349,population_size,Численность населения,0.0,0.0,0.0,0.0,neutral,False,,,False,batch,235
349,divorce_rate,Число зарегистрированных разводов на 1000 населения,0.0,0.0,0.0,0.0,neutral,False,,,False,batch,235
349,marriage_rate,Число зарегистрированных браков на 1000 населения,0.0,0.0,0.0,0.0,neutral,False,,,False,batch,235
349,international_inflow,Число прибывших в страну,0.0,0.0,0.0,0.0,neutral,False,,,False,batch,235
349,international_outflow,Число выбывших из страны,0.3,0.0,0.0,0.7,neutral,True,выстроить общую позицию,переговоры без движения людей,True,batch,235
349,internal_arrivals,Число прибытий внутри региона,0.0,0.0,0.0,0.0,neutral,False,,,False,batch,235
349,internal_departures,Число выбытий из региона,0.0,0.0,0.0,0.0,neutral,False,,,False,batch,235
349,infant_mortality,Коэффициент младенческой смертности,0.0,0.0,0.0,0.0,neutral,False,,,False,batch,235
349,life_expectancy,Ожидаемая продолжительность жизни,0.0,0.0,0.0,0.0,neutral,False,,,False,batch,235
349,male_population,Число мужчин,0.0,0.0,0.0,0.0,neutral,False,,,False,batch,235
349,female_population,Число женщин,0.0,0.0,0.0,0.0,neutral,False,,,False,batch,235
349,per_capita_income,Среднедушевые денежные доходы населения,0.0,0.0,0.0,0.0,neutral,False,,,False,batch,235
349,real_income_index,Реальные денежные доходы населения,0.0,0.0,0.0,0.0,neutral,False,,,False,batch,235
349,unemployment_rate,Уровень безработицы,0.0,0.0,0.0,0.0,neutral,False,,,False,batch,235
349,living_wage,Величина прожиточного минимума на душу населения,0.0,0.0,0.0,0.0,neutral,False,,,False,batch,235
349,child_living_wage,Величина прожиточного минимума на ребенка,0.0,0.0,0.0,0.0,neutral,False,,,False,batch,235
349,hospitals,Число больничных организаций,0.0,0.0,0.0,0.0,neutral,False,,,False,batch,235
349,outpatient_clinics,Число амбулаторно-поликлинических организаций,0.0,0.0,0.0,0.0,neutral,False,,,False,batch,235
349,abortions,Число абортов,0.0,0.0,0.0,0.0,neutral,False,,,False,batch,235
349,qualified_doctors,Численность врачей высшей и первой квалификационных категорий,0.0,0.0,0.0,0.0,neutral,False,,,False,batch,235
349,preschool_coverage,Охват детей до 6 лет дошкольным образованием,0.0,0.0,0.0,0.0,neutral,False,,,False,batch,235
349,children_benefits,"Численность детей до 18 лет, на которых назначено пособие",0.0,0.0,0.0,0.0,neutral,False,,,False,batch,235
349,maternity_capital,"Численность лиц, получивших сертификат на материнский капитал",0.0,0.0,0.0,0.0,neutral,False,,,False,batch,235
349,childcare_allowance,Ежемесячное пособие по уходу за первым ребенком,0.0,0.0,0.0,0.0,neutral,False,,,False,batch,235
349,large_families_housing,"Многодетные семьи, улучшившие жилищные условия",0.0,0.0,0.0,0.0,neutral,False,,,False,batch,235
349,housing_area_per_capita,Общая площадь жилья на одного жителя,0.0,0.0,0.0,0.0,neutral,False,,,False,batch,235
349,consumer_price_index,Индексы потребительских цен,0.0,0.0,0.0,0.0,neutral,False,,,False,batch,235
349,primary_housing_price_index,Индексы цен на первичном рынке жилья,0.0,0.0,0.0,0.0,neutral,False,,,False,batch,235
349,secondary_housing_price_index,Индексы цен на вторичном рынке жилья,0.0,0.0,0.0,0.0,neutral,False,,,False,batch,235
349,industrial_production_index,Индексы промышленного производства,0.0,0.0,0.0,0.0,neutral,False,,,False,batch,235
349,enterprises_count,Число предприятий и организаций,0.0,0.0,0.0,0.0,neutral,False,,,False,batch,235
349,crime_count,Количество преступлений,0.0,0.0,0.0,0.0,neutral,False,,,False,batch,235
349,air_pollution,Выбросы загрязняющих веществ в атмосферный воздух,0.0,0.0,0.0,0.0,neutral,False,,,False,batch,235
349,wastewater_discharge,Сброс загрязненных сточных вод,0.0,0.0,0.0,0.0,neutral,False,,,False,batch,235
349,mortality_rate,Коэффициент смертности на 1000 человек,0.0,0.0,0.0,0.0,neutral,False,,,False,batch,235
349,birth_rate_per_1000,Коэффициент рождаемости на 1000 человек,0.0,0.0,0.0,0.0,neutral,False,,,False,batch,235
351,population_size,Численность населения,0.0,0.0,0.0,0.0,neutral,False,,,False,batch,274
351,divorce_rate,Число зарегистрированных разводов на 1000 населения,0.0,0.0,0.0,0.0,neutral,False,,,False,batch,274
351,marriage_rate,Число зарегистрированных браков на 1000 населения,0.0,0.0,0.0,0.0,neutral,False,,,False,batch,274
351,international_inflow,Число прибывших в страну,0.0,0.0,0.0,0.0,neutral,False,,,False,batch,274
351,international_outflow,Число выбывших из страны,0.0,0.0,0.0,0.0,neutral,False,,,False,batch,274
351,internal_arrivals,Число прибытий внутри региона,0.0,0.0,0.0,0.0,neutral,False,,,False,batch,274
351,internal_departures,Число выбытий из региона,0.0,0.0,0.0,0.0,neutral,False,,,False,batch,274
351,infant_mortality,Коэффициент младенческой смертности,0.0,0.0,0.0,0.0,neutral,False,,,False,batch,274
351,life_expectancy,Ожидаемая продолжительность жизни,0.0,0.0,0.0,0.0,neutral,False,,,False,batch,274
351,male_population,Число мужчин,0.0,0.0,0.0,0.0,neutral,False,,,False,batch,274
351,female_population,Число женщин,0.0,0.0,0.0,0.0,neutral,False,,,False,batch,274
351,per_capita_income,Среднедушевые денежные доходы населения,0.0,0.0,0.0,0.0,neutral,False,,,False,batch,274
351,real_income_index,Реальные денежные доходы населения,0.0,0.0,0.0,0.0,neutral,False,,,False,batch,274
351,unemployment_rate,Уровень безработицы,0.0,0.0,0.0,0.0,neutral,False,,,False,batch,274
351,living_wage,Величина прожиточного минимума на душу населения,0.0,0.0,0.0,0.0,neutral,False,,,False,batch,274
351,child_living_wage,Величина прожиточного минимума на ребенка,0.0,0.0,0.0,0.0,neutral,False,,,False,batch,274
351,hospitals,Число больничных организаций,0.0,0.0,0.0,0.0,neutral,False,,,False,batch,274
351,outpatient_clinics,Число амбулаторно-поликлинических организаций,0.0,0.0,0.0,0.0,neutral,False,,,False,batch,274
351,abortions,Число абортов,0.0,0.0,0.0,0.0,neutral,False,,,False,batch,274
351,qualified_doctors,Численность врачей высшей и первой квалификационных категорий,0.0,0.0,0.0,0.0,neutral,False,,,False,batch,274
351,preschool_coverage,Охват детей до 6 лет дошкольным образованием,0.0,0.0,0.0,0.0,neutral,False,,,False,batch,274
351,children_benefits,"Численность детей до 18 лет, на которых назначено пособие",0.0,0.0,0.0,0.0,neutral,False,,,False,batch,274
351,maternity_capital,"Численность лиц, получивших сертификат на материнский капитал",0.0,0.0,0.0,0.0,neutral,False,,,False,batch,274
351,childcare_allowance,Ежемесячное пособие по уходу за первым ребенком,0.0,0.0,0.0,0.0,neutral,False,,,False,batch,274
351,large_families_housing,"Многодетные семьи, улучшившие жилищные условия",0.0,0.0,0.0,0.0,neutral,False,,,False,batch,274
351,housing_area_per_capita,Общая площадь жилья на одного жителя,0.0,0.0,0.0,0.0,neutral,False,,,False,batch,274
351,consumer_price_index,Индексы потребительских цен,0.0,0.0,0.0,0.0,neutral,False,,,False,batch,274
351,primary_housing_price_index,Индексы цен на первичном рынке жилья,0.0,0.0,0.0,0.0,neutral,False,,,False,batch,274
351,secondary_housing_price_index,Индексы цен на вторичном рынке жилья,0.0,0.0,0.0,0.0,neutral,False,,,False,batch,274
351,industrial_production_index,Индексы промышленного производства,0.6,0.0,0.0,0.8,neutral,True,реализована на российском ПО и оборудовании,программное обеспечение и оборудование,True,batch,274
351,enterprises_count,Число предприятий и организаций,0.0,0.0,0.0,0.0,neutral,False,,,False,batch,274
351,crime_count,Количество преступлений,0.0,0.0,0.0,0.0,neutral,False,,,False,batch,274
351,air_pollution,Выбросы загрязняющих веществ в атмосферный воздух,0.0,0.0,0.0,0.0,neutral,False,,,False,batch,274
351,wastewater_discharge,Сброс загрязненных сточных вод,0.0,0.0,0.0,0.0,neutral,False,,,False,batch,274
351,mortality_rate,Коэффициент смертности на 1000 человек,0.0,0.0,0.0,0.0,neutral,False,,,False,batch,274
351,birth_rate_per_1000,Коэффициент рождаемости на 1000 человек,0.0,0.0,0.0,0.0,neutral,False,,,False,batch,274
352,population_size,Численность населения,0.0,0.0,0.0,0.0,neutral,False,,,False,batch,243
352,divorce_rate,Число зарегистрированных разводов на 1000 населения,0.0,0.0,0.0,0.0,neutral,False,,,False,batch,243
352,marriage_rate,Число зарегистрированных браков на 1000 населения,0.0,0.0,0.0,0.0,neutral,False,,,False,batch,243
352,international_inflow,Число прибывших в страну,0.0,0.0,0.0,0.0,neutral,False,,,False,batch,243
352,international_outflow,Число выбывших из страны,0.0,0.0,0.0,0.0,neutral,False,,,False,batch,243
352,internal_arrivals,Число прибытий внутри региона,0.0,0.0,0.0,0.0,neutral,False,,,False,batch,243
352,internal_departures,Число выбытий из региона,0.0,0.0,0.0,0.0,neutral,False,,,False,batch,243
352,infant_mortality,Коэффициент младенческой смертности,0.0,0.0,0.0,0.0,neutral,False,,,False,batch,243
352,life_expectancy,Ожидаемая продолжительность жизни,0.0,0.0,0.0,0.0,neutral,False,,,False,batch,243
352,male_population,Число мужчин,0.0,0.0,0.0,0.0,neutral,False,,,False,batch,243
352,female_population,Число женщин,0.0,0.0,0.0,0.0,neutral,False,,,False,batch,243
352,per_capita_income,Среднедушевые денежные доходы населения,0.0,0.0,0.0,0.0,neutral,False,,,False,batch,243
352,real_income_index,Реальные денежные доходы населения,0.0,0.0,0.0,0.0,neutral,False,,,False,batch,243
352,unemployment_rate,Уровень безработицы,0.0,0.0,0.0,0.0,neutral,False,,,False,batch,243
352,living_wage,Величина прожиточного минимума на душу населения,0.0,0.0,0.0,0.0,neutral,False,,,False,batch,243
352,child_living_wage,Величина прожиточного минимума на ребенка,0.0,0.0,0.0,0.0,neutral,False,,,False,batch,243
352,hospitals,Число больничных организаций,0.0,0.0,0.0,0.0,neutral,False,,,False,batch,243
352,outpatient_clinics,Число амбулаторно-поликлинических организаций,0.0,0.0,0.0,0.0,neutral,False,,,False,batch,243
352,abortions,Число абортов,0.0,0.0,0.0,0.0,neutral,False,,,False,batch,243
352,qualified_doctors,Численность врачей высшей и первой квалификационных категорий,0.0,0.0,0.0,0.0,neutral,False,,,False,batch,243
352,preschool_coverage,Охват детей до 6 лет дошкольным образованием,0.0,0.0,0.0,0.0,neutral,False,,,False,batch,243
352,children_benefits,"Численность детей до 18 лет, на которых назначено пособие",0.0,0.0,0.0,0.0,neutral,False,,,False,batch,243
352,maternity_capital,"Численность лиц, получивших сертификат на материнский капитал",0.0,0.0,0.0,0.0,neutral,False,,,False,batch,243
352,childcare_allowance,Ежемесячное пособие по уходу за первым ребенком,0.0,0.0,0.0,0.0,neutral,False,,,False,batch,243
352,large_families_housing,"Многодетные семьи, улучшившие жилищные условия",0.0,0.0,0.0,0.0,neutral,False,,,False,batch,243
352,housing_area_per_capita,Общая площадь жилья на одного жителя,0.0,0.0,0.0,0.0,neutral,False,,,False,batch,243
352,consumer_price_index,Индексы потребительских цен,0.0,0.0,0.0,0.0,neutral,False,,,False,batch,243
352,primary_housing_price_index,Индексы цен на первичном рынке жилья,0.0,0.0,0.0,0.0,neutral,False,,,False,batch,243
352,secondary_housing_price_index,Индексы цен на вторичном рынке жилья,0.0,0.0,0.0,0.0,neutral,False,,,False,batch,243
352,industrial_production_index,Индексы промышленного производства,0.0,0.0,0.0,0.0,neutral,False,,,False,batch,243
352,enterprises_count,Число предприятий и организаций,0.0,0.0,0.0,0.0,neutral,False,,,False,batch,243
352,crime_count,Количество преступлений,0.3,0.0,0.0,0.5,neutral,True,риски и вопросы требуют минимизации,"общие риски, связанные с действиями",True,batch,243
352,air_pollution,Выбросы загрязняющих веществ в атмосферный воздух,0.0,0.0,0.0,0.0,neutral,False,,,False,batch,243
352,wastewater_discharge,Сброс загрязненных сточных вод,0.0,0.0,0.0,0.0,neutral,False,,,False,batch,243
352,mortality_rate,Коэффициент смертности на 1000 человек,0.0,0.0,0.0,0.0,neutral,False,,,False,batch,243
352,birth_rate_per_1000,Коэффициент рождаемости на 1000 человек,0.0,0.0,0.0,0.0,neutral,False,,,False,batch,243
353,population_size,Численность населения,0.0,0.0,0.0,0.0,neutral,False,,,False,batch,209
353,divorce_rate,Число зарегистрированных разводов на 1000 населения,0.0,0.0,0.0,0.0,neutral,False,,,False,batch,209
353,marriage_rate,Число зарегистрированных браков на 1000 населения,0.0,0.0,0.0,0.0,neutral,False,,,False,batch,209
353,international_inflow,Число прибывших в страну,0.0,0.0,0.0,0.0,neutral,False,,,False,batch,209
353,international_outflow,Число выбывших из страны,0.0,0.0,0.0,0.0,neutral,False,,,False,batch,209
353,internal_arrivals,Число прибытий внутри региона,0.0,0.0,0.0,0.0,neutral,False,,,False,batch,209
353,internal_departures,Число выбытий из региона,0.0,0.0,0.0,0.0,neutral,False,,,False,batch,209
353,infant_mortality,Коэффициент младенческой смертности,0.0,0.0,0.0,0.0,neutral,False,,,False,batch,209
353,life_expectancy,Ожидаемая продолжительность жизни,0.0,0.0,0.0,0.0,neutral,False,,,False,batch,209
353,male_population,Число мужчин,0.0,0.0,0.0,0.0,neutral,False,,,False,batch,209
353,female_population,Число женщин,0.0,0.0,0.0,0.0,neutral,False,,,False,batch,209
353,per_capita_income,Среднедушевые денежные доходы населения,0.0,0.0,0.0,0.0,neutral,False,,,False,batch,209
353,real_income_index,Реальные денежные доходы населения,0.0,0.0,0.0,0.0,neutral,False,,,False,batch,209
353,unemployment_rate,Уровень безработицы,0.0,0.0,0.0,0.0,neutral,False,,,False,batch,209
353,living_wage,Величина прожиточного минимума на душу населения,0.0,0.0,0.0,0.0,neutral,False,,,False,batch,209
353,child_living_wage,Величина прожиточного минимума на ребенка,0.0,0.0,0.0,0.0,neutral,False,,,False,batch,209
353,hospitals,Число больничных организаций,0.0,0.0,0.0,0.0,neutral,False,,,False,batch,209
353,outpatient_clinics,Число амбулаторно-поликлинических организаций,0.0,0.0,0.0,0.0,neutral,False,,,False,batch,209
353,abortions,Число абортов,0.0,0.0,0.0,0.0,neutral,False,,,False,batch,209
353,qualified_doctors,Численность врачей высшей и первой квалификационных категорий,0.0,0.0,0.0,0.0,neutral,False,,,False,batch,209
353,preschool_coverage,Охват детей до 6 лет дошкольным образованием,0.0,0.0,0.0,0.0,neutral,False,,,False,batch,209
353,children_benefits,"Численность детей до 18 лет, на которых назначено пособие",0.0,0.0,0.0,0.0,neutral,False,,,False,batch,209
353,maternity_capital,"Численность лиц, получивших сертификат на материнский капитал",0.0,0.0,0.0,0.0,neutral,False,,,False,batch,209
353,childcare_allowance,Ежемесячное пособие по уходу за первым ребенком,0.0,0.0,0.0,0.0,neutral,False,,,False,batch,209
353,large_families_housing,"Многодетные семьи, улучшившие жилищные условия",0.0,0.0,0.0,0.0,neutral,False,,,False,batch,209
353,housing_area_per_capita,Общая площадь жилья на одного жителя,0.0,0.0,0.0,0.0,neutral,False,,,False,batch,209
353,consumer_price_index,Индексы потребительских цен,0.0,0.0,0.0,0.0,neutral,False,,,False,batch,209
353,primary_housing_price_index,Индексы цен на первичном рынке жилья,0.0,0.0,0.0,0.0,neutral,False,,,False,batch,209
353,secondary_housing_price_index,Индексы цен на вторичном рынке жилья,0.0,0.0,0.0,0.0,neutral,False,,,False,batch,209
353,industrial_production_index,Индексы промышленного производства,0.0,0.0,0.0,0.0,neutral,False,,,False,batch,209
353,enterprises_count,Число предприятий и организаций,0.0,0.0,0.0,0.0,neutral,False,,,False,batch,209
353,crime_count,Количество преступлений,0.6,-0.5,0.5,0.8,negative,True,сбиты дроны,удар -> crime_count,True,batch,209
353,air_pollution,Выбросы загрязняющих веществ в атмосферный воздух,0.0,0.0,0.0,0.0,neutral,False,,,False,batch,209
353,wastewater_discharge,Сброс загрязненных сточных вод,0.0,0.0,0.0,0.0,neutral,False,,,False,batch,209
353,mortality_rate,Коэффициент смертности на 1000 человек,0.0,0.0,0.0,0.0,neutral,False,,,False,batch,209
353,birth_rate_per_1000,Коэффициент рождаемости на 1000 человек,0.0,0.0,0.0,0.0,neutral,False,,,False,batch,209
355,population_size,Численность населения,0.0,0.0,0.0,0.0,neutral,False,,,False,batch,263
355,divorce_rate,Число зарегистрированных разводов на 1000 населения,0.0,0.0,0.0,0.0,neutral,False,,,False,batch,263
355,marriage_rate,Число зарегистрированных браков на 1000 населения,0.0,0.0,0.0,0.0,neutral,False,,,False,batch,263
355,international_inflow,Число прибывших в страну,0.0,0.0,0.0,0.0,neutral,False,,,False,batch,263
355,international_outflow,Число выбывших из страны,0.0,0.0,0.0,0.0,neutral,False,,,False,batch,263
355,internal_arrivals,Число прибытий внутри региона,0.0,0.0,0.0,0.0,neutral,False,,,False,batch,263
355,internal_departures,Число выбытий из региона,0.0,0.0,0.0,0.0,neutral,False,,,False,batch,263
355,infant_mortality,Коэффициент младенческой смертности,0.0,0.0,0.0,0.0,neutral,False,,,False,batch,263
355,life_expectancy,Ожидаемая продолжительность жизни,0.0,0.0,0.0,0.0,neutral,False,,,False,batch,263
355,male_population,Число мужчин,0.0,0.0,0.0,0.0,neutral,False,,,False,batch,263
355,female_population,Число женщин,0.0,0.0,0.0,0.0,neutral,False,,,False,batch,263
355,per_capita_income,Среднедушевые денежные доходы населения,0.0,0.0,0.0,0.0,neutral,False,,,False,batch,263
355,real_income_index,Реальные денежные доходы населения,0.0,0.0,0.0,0.0,neutral,False,,,False,batch,263
355,unemployment_rate,Уровень безработицы,0.0,0.0,0.0,0.0,neutral,False,,,False,batch,263
355,living_wage,Величина прожиточного минимума на душу населения,0.0,0.0,0.0,0.0,neutral,False,,,False,batch,263
355,child_living_wage,Величина прожиточного минимума на ребенка,0.0,0.0,0.0,0.0,neutral,False,,,False,batch,263
355,hospitals,Число больничных организаций,0.0,0.0,0.0,0.0,neutral,False,,,False,batch,263
355,outpatient_clinics,Число амбулаторно-поликлинических организаций,0.0,0.0,0.0,0.0,neutral,False,,,False,batch,263
355,abortions,Число абортов,0.0,0.0,0.0,0.0,neutral,False,,,False,batch,263
355,qualified_doctors,Численность врачей высшей и первой квалификационных категорий,0.0,0.0,0.0,0.0,neutral,False,,,False,batch,263
355,preschool_coverage,Охват детей до 6 лет дошкольным образованием,0.0,0.0,0.0,0.0,neutral,False,,,False,batch,263
355,children_benefits,"Численность детей до 18 лет, на которых назначено пособие",0.0,0.0,0.0,0.0,neutral,False,,,False,batch,263
355,maternity_capital,"Численность лиц, получивших сертификат на материнский капитал",0.0,0.0,0.0,0.0,neutral,False,,,False,batch,263
355,childcare_allowance,Ежемесячное пособие по уходу за первым ребенком,0.0,0.0,0.0,0.0,neutral,False,,,False,batch,263
355,large_families_housing,"Многодетные семьи, улучшившие жилищные условия",0.0,0.0,0.0,0.0,neutral,False,,,False,batch,263
355,housing_area_per_capita,Общая площадь жилья на одного жителя,0.0,0.0,0.0,0.0,neutral,False,,,False,batch,263
355,consumer_price_index,Индексы потребительских цен,0.0,0.0,0.0,0.0,neutral,False,,,False,batch,263
355,primary_housing_price_index,Индексы цен на первичном рынке жилья,0.0,0.0,0.0,0.0,neutral,False,,,False,batch,263
355,secondary_housing_price_index,Индексы цен на вторичном рынке жилья,0.0,0.0,0.0,0.0,neutral,False,,,False,batch,263
355,industrial_production_index,Индексы промышленного производства,0.6,0.1,0.1,0.8,neutral,True,инфраструктурные кредиты,инфраструктура -> industrial_production_index,True,batch,263
355,enterprises_count,Число предприятий и организаций,0.0,0.0,0.0,0.0,neutral,False,,,False,batch,263
355,crime_count,Количество преступлений,0.0,0.0,0.0,0.0,neutral,False,,,False,batch,263
355,air_pollution,Выбросы загрязняющих веществ в атмосферный воздух,0.0,0.0,0.0,0.0,neutral,False,,,False,batch,263
355,wastewater_discharge,Сброс загрязненных сточных вод,0.0,0.0,0.0,0.0,neutral,False,,,False,batch,263
355,mortality_rate,Коэффициент смертности на 1000 человек,0.0,0.0,0.0,0.0,neutral,False,,,False,batch,263
355,birth_rate_per_1000,Коэффициент рождаемости на 1000 человек,0.0,0.0,0.0,0.0,neutral,False,,,False,batch,263
357,population_size,Численность населения,0.0,0.0,0.0,0.0,neutral,False,,,False,batch,276
357,divorce_rate,Число зарегистрированных разводов на 1000 населения,0.0,0.0,0.0,0.0,neutral,False,,,False,batch,276
357,marriage_rate,Число зарегистрированных браков на 1000 населения,0.0,0.0,0.0,0.0,neutral,False,,,False,batch,276
357,international_inflow,Число прибывших в страну,0.0,0.0,0.0,0.0,neutral,False,,,False,batch,276
357,international_outflow,Число выбывших из страны,0.0,0.0,0.0,0.0,neutral,False,,,False,batch,276
357,internal_arrivals,Число прибытий внутри региона,0.0,0.0,0.0,0.0,neutral,False,,,False,batch,276
357,internal_departures,Число выбытий из региона,0.0,0.0,0.0,0.0,neutral,False,,,False,batch,276
357,infant_mortality,Коэффициент младенческой смертности,0.0,0.0,0.0,0.0,neutral,False,,,False,batch,276
357,life_expectancy,Ожидаемая продолжительность жизни,0.0,0.0,0.0,0.0,neutral,False,,,False,batch,276
357,male_population,Число мужчин,0.0,0.0,0.0,0.0,neutral,False,,,False,batch,276
357,female_population,Число женщин,0.0,0.0,0.0,0.0,neutral,False,,,False,batch,276
357,per_capita_income,Среднедушевые денежные доходы населения,0.0,0.0,0.0,0.0,neutral,False,,,False,batch,276
357,real_income_index,Реальные денежные доходы населения,0.0,0.0,0.0,0.0,neutral,False,,,False,batch,276
357,unemployment_rate,Уровень безработицы,0.0,0.0,0.0,0.0,neutral,False,,,False,batch,276
357,living_wage,Величина прожиточного минимума на душу населения,0.0,0.0,0.0,0.0,neutral,False,,,False,batch,276
357,child_living_wage,Величина прожиточного минимума на ребенка,0.0,0.0,0.0,0.0,neutral,False,,,False,batch,276
357,hospitals,Число больничных организаций,0.0,0.0,0.0,0.0,neutral,False,,,False,batch,276
357,outpatient_clinics,Число амбулаторно-поликлинических организаций,0.0,0.0,0.0,0.0,neutral,False,,,False,batch,276
357,abortions,Число абортов,0.0,0.0,0.0,0.0,neutral,False,,,False,batch,276
357,qualified_doctors,Численность врачей высшей и первой квалификационных категорий,0.0,0.0,0.0,0.0,neutral,False,,,False,batch,276
357,preschool_coverage,Охват детей до 6 лет дошкольным образованием,0.0,0.0,0.0,0.0,neutral,False,,,False,batch,276
357,children_benefits,"Численность детей до 18 лет, на которых назначено пособие",0.0,0.0,0.0,0.0,neutral,False,,,False,batch,276
357,maternity_capital,"Численность лиц, получивших сертификат на материнский капитал",0.0,0.0,0.0,0.0,neutral,False,,,False,batch,276
357,childcare_allowance,Ежемесячное пособие по уходу за первым ребенком,0.0,0.0,0.0,0.0,neutral,False,,,False,batch,276
357,large_families_housing,"Многодетные семьи, улучшившие жилищные условия",0.0,0.0,0.0,0.0,neutral,False,,,False,batch,276
357,housing_area_per_capita,Общая площадь жилья на одного жителя,0.0,0.0,0.0,0.0,neutral,False,,,False,batch,276
357,consumer_price_index,Индексы потребительских цен,0.0,0.0,0.0,0.0,neutral,False,,,False,batch,276
357,primary_housing_price_index,Индексы цен на первичном рынке жилья,0.0,0.0,0.0,0.0,neutral,False,,,False,batch,276
357,secondary_housing_price_index,Индексы цен на вторичном рынке жилья,0.0,0.0,0.0,0.0,neutral,False,,,False,batch,276
357,industrial_production_index,Индексы промышленного производства,0.3,0.0,0.0,0.7,neutral,True,вывел на орбиту группу исследовательских спутников,космические технологии и производство,True,batch,276
357,enterprises_count,Число предприятий и организаций,0.0,0.0,0.0,0.0,neutral,False,,,False,batch,276
357,crime_count,Количество преступлений,0.0,0.0,0.0,0.0,neutral,False,,,False,batch,276
357,air_pollution,Выбросы загрязняющих веществ в атмосферный воздух,0.0,0.0,0.0,0.0,neutral,False,,,False,batch,276
357,wastewater_discharge,Сброс загрязненных сточных вод,0.0,0.0,0.0,0.0,neutral,False,,,False,batch,276
357,mortality_rate,Коэффициент смертности на 1000 человек,0.0,0.0,0.0,0.0,neutral,False,,,False,batch,276
357,birth_rate_per_1000,Коэффициент рождаемости на 1000 человек,0.0,0.0,0.0,0.0,neutral,False,,,False,batch,276
358,population_size,Численность населения,0.0,0.0,0.0,0.0,neutral,False,,,False,batch,267
358,divorce_rate,Число зарегистрированных разводов на 1000 населения,0.0,0.0,0.0,0.0,neutral,False,,,False,batch,267
358,marriage_rate,Число зарегистрированных браков на 1000 населения,0.0,0.0,0.0,0.0,neutral,False,,,False,batch,267
358,international_inflow,Число прибывших в страну,0.0,0.0,0.0,0.0,neutral,False,,,False,batch,267
358,international_outflow,Число выбывших из страны,0.0,0.0,0.0,0.0,neutral,False,,,False,batch,267
358,internal_arrivals,Число прибытий внутри региона,0.0,0.0,0.0,0.0,neutral,False,,,False,batch,267
358,internal_departures,Число выбытий из региона,0.0,0.0,0.0,0.0,neutral,False,,,False,batch,267
358,infant_mortality,Коэффициент младенческой смертности,0.0,0.0,0.0,0.0,neutral,False,,,False,batch,267
358,life_expectancy,Ожидаемая продолжительность жизни,0.0,0.0,0.0,0.0,neutral,False,,,False,batch,267
358,male_population,Число мужчин,0.0,0.0,0.0,0.0,neutral,False,,,False,batch,267
358,female_population,Число женщин,0.0,0.0,0.0,0.0,neutral,False,,,False,batch,267
358,per_capita_income,Среднедушевые денежные доходы населения,0.0,0.0,0.0,0.0,neutral,False,,,False,batch,267
358,real_income_index,Реальные денежные доходы населения,0.0,0.0,0.0,0.0,neutral,False,,,False,batch,267
358,unemployment_rate,Уровень безработицы,0.0,0.0,0.0,0.0,neutral,False,,,False,batch,267
358,living_wage,Величина прожиточного минимума на душу населения,0.0,0.0,0.0,0.0,neutral,False,,,False,batch,267
358,child_living_wage,Величина прожиточного минимума на ребенка,0.0,0.0,0.0,0.0,neutral,False,,,False,batch,267
358,hospitals,Число больничных организаций,0.0,0.0,0.0,0.0,neutral,False,,,False,batch,267
358,outpatient_clinics,Число амбулаторно-поликлинических организаций,0.0,0.0,0.0,0.0,neutral,False,,,False,batch,267
358,abortions,Число абортов,0.0,0.0,0.0,0.0,neutral,False,,,False,batch,267
358,qualified_doctors,Численность врачей высшей и первой квалификационных категорий,0.0,0.0,0.0,0.0,neutral,False,,,False,batch,267
358,preschool_coverage,Охват детей до 6 лет дошкольным образованием,0.0,0.0,0.0,0.0,neutral,False,,,False,batch,267
358,children_benefits,"Численность детей до 18 лет, на которых назначено пособие",0.0,0.0,0.0,0.0,neutral,False,,,False,batch,267
358,maternity_capital,"Численность лиц, получивших сертификат на материнский капитал",0.0,0.0,0.0,0.0,neutral,False,,,False,batch,267
358,childcare_allowance,Ежемесячное пособие по уходу за первым ребенком,0.0,0.0,0.0,0.0,neutral,False,,,False,batch,267
358,large_families_housing,"Многодетные семьи, улучшившие жилищные условия",0.0,0.0,0.0,0.0,neutral,False,,,False,batch,267
358,housing_area_per_capita,Общая площадь жилья на одного жителя,0.0,0.0,0.0,0.0,neutral,False,,,False,batch,267
358,consumer_price_index,Индексы потребительских цен,0.0,0.0,0.0,0.0,neutral,False,,,False,batch,267
358,primary_housing_price_index,Индексы цен на первичном рынке жилья,0.0,0.0,0.0,0.0,neutral,False,,,False,batch,267
358,secondary_housing_price_index,Индексы цен на вторичном рынке жилья,0.0,0.0,0.0,0.0,neutral,False,,,False,batch,267
358,industrial_production_index,Индексы промышленного производства,0.0,0.0,0.0,0.0,neutral,False,,,False,batch,267
358,enterprises_count,Число предприятий и организаций,0.3,0.0,0.0,0.7,neutral,True,встретится с главой Сбербанка,"встреча с руководителем банка, системообразующего банка",True,batch,267
358,crime_count,Количество преступлений,0.0,0.0,0.0,0.0,neutral,False,,,False,batch,267
358,air_pollution,Выбросы загрязняющих веществ в атмосферный воздух,0.0,0.0,0.0,0.0,neutral,False,,,False,batch,267
358,wastewater_discharge,Сброс загрязненных сточных вод,0.0,0.0,0.0,0.0,neutral,False,,,False,batch,267
358,mortality_rate,Коэффициент смертности на 1000 человек,0.0,0.0,0.0,0.0,neutral,False,,,False,batch,267
358,birth_rate_per_1000,Коэффициент рождаемости на 1000 человек,0.0,0.0,0.0,0.0,neutral,False,,,False,batch,267
359,population_size,Численность населения,0.0,0.0,0.0,0.0,neutral,False,,,False,batch,279
359,divorce_rate,Число зарегистрированных разводов на 1000 населения,0.0,0.0,0.0,0.0,neutral,False,,,False,batch,279
359,marriage_rate,Число зарегистрированных браков на 1000 населения,0.0,0.0,0.0,0.0,neutral,False,,,False,batch,279
359,international_inflow,Число прибывших в страну,0.0,0.0,0.0,0.0,neutral,False,,,False,batch,279
359,international_outflow,Число выбывших из страны,0.6,0.0,0.3,0.7,neutral,True,европейские союзники предостерегают Украину от обмена территориями,угроза обмена территориями,True,batch,279
359,internal_arrivals,Число прибытий внутри региона,0.0,0.0,0.0,0.0,neutral,False,,,False,batch,279
359,internal_departures,Число выбытий из региона,0.0,0.0,0.0,0.0,neutral,False,,,False,batch,279
359,infant_mortality,Коэффициент младенческой смертности,0.0,0.0,0.0,0.0,neutral,False,,,False,batch,279
359,life_expectancy,Ожидаемая продолжительность жизни,0.0,0.0,0.0,0.0,neutral,False,,,False,batch,279
359,male_population,Число мужчин,0.0,0.0,0.0,0.0,neutral,False,,,False,batch,279
359,female_population,Число женщин,0.0,0.0,0.0,0.0,neutral,False,,,False,batch,279
359,per_capita_income,Среднедушевые денежные доходы населения,0.0,0.0,0.0,0.0,neutral,False,,,False,batch,279
359,real_income_index,Реальные денежные доходы населения,0.0,0.0,0.0,0.0,neutral,False,,,False,batch,279
359,unemployment_rate,Уровень безработицы,0.0,0.0,0.0,0.0,neutral,False,,,False,batch,279
359,living_wage,Величина прожиточного минимума на душу населения,0.0,0.0,0.0,0.0,neutral,False,,,False,batch,279
359,child_living_wage,Величина прожиточного минимума на ребенка,0.0,0.0,0.0,0.0,neutral,False,,,False,batch,279
359,hospitals,Число больничных организаций,0.0,0.0,0.0,0.0,neutral,False,,,False,batch,279
359,outpatient_clinics,Число амбулаторно-поликлинических организаций,0.0,0.0,0.0,0.0,neutral,False,,,False,batch,279
359,abortions,Число абортов,0.0,0.0,0.0,0.0,neutral,False,,,False,batch,279
359,qualified_doctors,Численность врачей высшей и первой квалификационных категорий,0.0,0.0,0.0,0.0,neutral,False,,,False,batch,279
359,preschool_coverage,Охват детей до 6 лет дошкольным образованием,0.0,0.0,0.0,0.0,neutral,False,,,False,batch,279
359,children_benefits,"Численность детей до 18 лет, на которых назначено пособие",0.0,0.0,0.0,0.0,neutral,False,,,False,batch,279
359,maternity_capital,"Численность лиц, получивших сертификат на материнский капитал",0.0,0.0,0.0,0.0,neutral,False,,,False,batch,279
359,childcare_allowance,Ежемесячное пособие по уходу за первым ребенком,0.0,0.0,0.0,0.0,neutral,False,,,False,batch,279
359,large_families_housing,"Многодетные семьи, улучшившие жилищные условия",0.0,0.0,0.0,0.0,neutral,False,,,False,batch,279
359,housing_area_per_capita,Общая площадь жилья на одного жителя,0.0,0.0,0.0,0.0,neutral,False,,,False,batch,279
359,consumer_price_index,Индексы потребительских цен,0.0,0.0,0.0,0.0,neutral,False,,,False,batch,279
359,primary_housing_price_index,Индексы цен на первичном рынке жилья,0.0,0.0,0.0,0.0,neutral,False,,,False,batch,279
359,secondary_housing_price_index,Индексы цен на вторичном рынке жилья,0.0,0.0,0.0,0.0,neutral,False,,,False,batch,279
359,industrial_production_index,Индексы промышленного производства,0.0,0.0,0.0,0.0,neutral,False,,,False,batch,279
359,enterprises_count,Число предприятий и организаций,0.0,0.0,0.0,0.0,neutral,False,,,False,batch,279
359,crime_count,Количество преступлений,0.0,0.0,0.0,0.0,neutral,False,,,False,batch,279
359,air_pollution,Выбросы загрязняющих веществ в атмосферный воздух,0.0,0.0,0.0,0.0,neutral,False,,,False,batch,279
359,wastewater_discharge,Сброс загрязненных сточных вод,0.0,0.0,0.0,0.0,neutral,False,,,False,batch,279
359,mortality_rate,Коэффициент смертности на 1000 человек,0.0,0.0,0.0,0.0,neutral,False,,,False,batch,279
359,birth_rate_per_1000,Коэффициент рождаемости на 1000 человек,0.0,0.0,0.0,0.0,neutral,False,,,False,batch,279
362,population_size,Численность населения,0.0,0.0,0.0,0.0,neutral,False,,,False,batch,253
362,divorce_rate,Число зарегистрированных разводов на 1000 населения,0.0,0.0,0.0,0.0,neutral,False,,,False,batch,253
362,marriage_rate,Число зарегистрированных браков на 1000 населения,0.0,0.0,0.0,0.0,neutral,False,,,False,batch,253
362,international_inflow,Число прибывших в страну,0.0,0.0,0.0,0.0,neutral,False,,,False,batch,253
362,international_outflow,Число выбывших из страны,0.0,0.0,0.0,0.0,neutral,False,,,False,batch,253
362,internal_arrivals,Число прибытий внутри региона,0.0,0.0,0.0,0.0,neutral,False,,,False,batch,253
362,internal_departures,Число выбытий из региона,0.0,0.0,0.0,0.0,neutral,False,,,False,batch,253
362,infant_mortality,Коэффициент младенческой смертности,0.0,0.0,0.0,0.0,neutral,False,,,False,batch,253
362,life_expectancy,Ожидаемая продолжительность жизни,0.0,0.0,0.0,0.0,neutral,False,,,False,batch,253
362,male_population,Число мужчин,0.0,0.0,0.0,0.0,neutral,False,,,False,batch,253
362,female_population,Число женщин,0.0,0.0,0.0,0.0,neutral,False,,,False,batch,253
362,per_capita_income,Среднедушевые денежные доходы населения,0.0,0.0,0.0,0.0,neutral,False,,,False,batch,253
362,real_income_index,Реальные денежные доходы населения,0.0,0.0,0.0,0.0,neutral,False,,,False,batch,253
362,unemployment_rate,Уровень безработицы,0.0,0.0,0.0,0.0,neutral,False,,,False,batch,253
362,living_wage,Величина прожиточного минимума на душу населения,0.0,0.0,0.0,0.0,neutral,False,,,False,batch,253
362,child_living_wage,Величина прожиточного минимума на ребенка,0.0,0.0,0.0,0.0,neutral,False,,,False,batch,253
362,hospitals,Число больничных организаций,0.0,0.0,0.0,0.0,neutral,False,,,False,batch,253
362,outpatient_clinics,Число амбулаторно-поликлинических организаций,0.0,0.0,0.0,0.0,neutral,False,,,False,batch,253
362,abortions,Число абортов,0.0,0.0,0.0,0.0,neutral,False,,,False,batch,253
362,qualified_doctors,Численность врачей высшей и первой квалификационных категорий,0.0,0.0,0.0,0.0,neutral,False,,,False,batch,253
362,preschool_coverage,Охват детей до 6 лет дошкольным образованием,0.0,0.0,0.0,0.0,neutral,False,,,False,batch,253
362,children_benefits,"Численность детей до 18 лет, на которых назначено пособие",0.0,0.0,0.0,0.0,neutral,False,,,False,batch,253
362,maternity_capital,"Численность лиц, получивших сертификат на материнский капитал",0.0,0.0,0.0,0.0,neutral,False,,,False,batch,253
362,childcare_allowance,Ежемесячное пособие по уходу за первым ребенком,0.0,0.0,0.0,0.0,neutral,False,,,False,batch,253
362,large_families_housing,"Многодетные семьи, улучшившие жилищные условия",0.0,0.0,0.0,0.0,neutral,False,,,False,batch,253
362,housing_area_per_capita,Общая площадь жилья на одного жителя,0.0,0.0,0.0,0.0,neutral,False,,,False,batch,253
362,consumer_price_index,Индексы потребительских цен,0.0,0.0,0.0,0.0,neutral,False,,,False,batch,253
362,primary_housing_price_index,Индексы цен на первичном рынке жилья,0.0,0.0,0.0,0.0,neutral,False,,,False,batch,253
362,secondary_housing_price_index,Индексы цен на вторичном рынке жилья,0.0,0.0,0.0,0.0,neutral,False,,,False,batch,253
362,industrial_production_index,Индексы промышленного производства,0.0,0.0,0.0,0.0,neutral,False,,,False,batch,253
362,enterprises_count,Число предприятий и организаций,0.0,0.0,0.0,0.0,neutral,False,,,False,batch,253
362,crime_count,Количество преступлений,0.3,-0.5,0.5,0.7,negative,True,неуверенность инвесторов в конфликте вокруг Украины,конфликт -> crime_count,True,batch,253
362,air_pollution,Выбросы загрязняющих веществ в атмосферный воздух,0.0,0.0,0.0,0.0,neutral,False,,,False,batch,253
362,wastewater_discharge,Сброс загрязненных сточных вод,0.0,0.0,0.0,0.0,neutral,False,,,False,batch,253
362,mortality_rate,Коэффициент смертности на 1000 человек,0.0,0.0,0.0,0.0,neutral,False,,,False,batch,253
362,birth_rate_per_1000,Коэффициент рождаемости на 1000 человек,0.0,0.0,0.0,0.0,neutral,False,,,False,batch,253
370,population_size,Численность населения,0.0,0.0,0.0,0.0,neutral,False,,,False,batch,230
370,divorce_rate,Число зарегистрированных разводов на 1000 населения,0.0,0.0,0.0,0.0,neutral,False,,,False,batch,230
370,marriage_rate,Число зарегистрированных браков на 1000 населения,0.0,0.0,0.0,0.0,neutral,False,,,False,batch,230
370,international_inflow,Число прибывших в страну,0.0,0.0,0.0,0.0,neutral,False,,,False,batch,230
370,international_outflow,Число выбывших из страны,0.0,0.0,0.0,0.0,neutral,False,,,False,batch,230
370,internal_arrivals,Число прибытий внутри региона,0.0,0.0,0.0,0.0,neutral,False,,,False,batch,230
370,internal_departures,Число выбытий из региона,0.0,0.0,0.0,0.0,neutral,False,,,False,batch,230
370,infant_mortality,Коэффициент младенческой смертности,0.0,0.0,0.0,0.0,neutral,False,,,False,batch,230
370,life_expectancy,Ожидаемая продолжительность жизни,0.0,0.0,0.0,0.0,neutral,False,,,False,batch,230
370,male_population,Число мужчин,0.0,0.0,0.0,0.0,neutral,False,,,False,batch,230
370,female_population,Число женщин,0.0,0.0,0.0,0.0,neutral,False,,,False,batch,230
370,per_capita_income,Среднедушевые денежные доходы населения,0.0,0.0,0.0,0.0,neutral,False,,,False,batch,230
370,real_income_index,Реальные денежные доходы населения,0.0,0.0,0.0,0.0,neutral,False,,,False,batch,230
370,unemployment_rate,Уровень безработицы,0.0,0.0,0.0,0.0,neutral,False,,,False,batch,230
370,living_wage,Величина прожиточного минимума на душу населения,0.0,0.0,0.0,0.0,neutral,False,,,False,batch,230
370,child_living_wage,Величина прожиточного минимума на ребенка,0.0,0.0,0.0,0.0,neutral,False,,,False,batch,230
370,hospitals,Число больничных организаций,0.0,0.0,0.0,0.0,neutral,False,,,False,batch,230
370,outpatient_clinics,Число амбулаторно-поликлинических организаций,0.0,0.0,0.0,0.0,neutral,False,,,False,batch,230
370,abortions,Число абортов,0.0,0.0,0.0,0.0,neutral,False,,,False,batch,230
370,qualified_doctors,Численность врачей высшей и первой квалификационных категорий,0.0,0.0,0.0,0.0,neutral,False,,,False,batch,230
370,preschool_coverage,Охват детей до 6 лет дошкольным образованием,0.0,0.0,0.0,0.0,neutral,False,,,False,batch,230
370,children_benefits,"Численность детей до 18 лет, на которых назначено пособие",0.0,0.0,0.0,0.0,neutral,False,,,False,batch,230
370,maternity_capital,"Численность лиц, получивших сертификат на материнский капитал",0.0,0.0,0.0,0.0,neutral,False,,,False,batch,230
370,childcare_allowance,Ежемесячное пособие по уходу за первым ребенком,0.0,0.0,0.0,0.0,neutral,False,,,False,batch,230
370,large_families_housing,"Многодетные семьи, улучшившие жилищные условия",0.0,0.0,0.0,0.0,neutral,False,,,False,batch,230
370,housing_area_per_capita,Общая площадь жилья на одного жителя,0.0,0.0,0.0,0.0,neutral,False,,,False,batch,230
370,consumer_price_index,Индексы потребительских цен,0.0,0.0,0.0,0.0,neutral,False,,,False,batch,230
370,primary_housing_price_index,Индексы цен на первичном рынке жилья,0.0,0.0,0.0,0.0,neutral,False,,,False,batch,230
370,secondary_housing_price_index,Индексы цен на вторичном рынке жилья,0.0,0.0,0.0,0.0,neutral,False,,,False,batch,230
370,industrial_production_index,Индексы промышленного производства,0.6,0.0,0.0,0.8,neutral,True,уничтожив объекты,авиаудар по объектам,True,batch,230
370,enterprises_count,Число предприятий и организаций,0.0,0.0,0.0,0.0,neutral,False,,,False,batch,230
370,crime_count,Количество преступлений,0.0,0.0,0.0,0.0,neutral,False,,,False,batch,230
370,air_pollution,Выбросы загрязняющих веществ в атмосферный воздух,0.0,0.0,0.0,0.0,neutral,False,,,False,batch,230
370,wastewater_discharge,Сброс загрязненных сточных вод,0.0,0.0,0.0,0.0,neutral,False,,,False,batch,230
370,mortality_rate,Коэффициент смертности на 1000 человек,0.0,0.0,0.0,0.0,neutral,False,,,False,batch,230
370,birth_rate_per_1000,Коэффициент рождаемости на 1000 человек,0.0,0.0,0.0,0.0,neutral,False,,,False,batch,230
376,population_size,Численность населения,0.0,0.0,0.0,0.0,neutral,False,,,False,batch,295
376,divorce_rate,Число зарегистрированных разводов на 1000 населения,0.0,0.0,0.0,0.0,neutral,False,,,False,batch,295
376,marriage_rate,Число зарегистрированных браков на 1000 населения,0.0,0.0,0.0,0.0,neutral,False,,,False,batch,295
376,international_inflow,Число прибывших в страну,0.0,0.0,0.0,0.0,neutral,False,,,False,batch,295
376,international_outflow,Число выбывших из страны,0.0,0.0,0.0,0.0,neutral,False,,,False,batch,295
376,internal_arrivals,Число прибытий внутри региона,0.0,0.0,0.0,0.0,neutral,False,,,False,batch,295
376,internal_departures,Число выбытий из региона,0.0,0.0,0.0,0.0,neutral,False,,,False,batch,295
376,infant_mortality,Коэффициент младенческой смертности,0.0,0.0,0.0,0.0,neutral,False,,,False,batch,295
376,life_expectancy,Ожидаемая продолжительность жизни,0.0,0.0,0.0,0.0,neutral,False,,,False,batch,295
376,male_population,Число мужчин,0.0,0.0,0.0,0.0,neutral,False,,,False,batch,295
376,female_population,Число женщин,0.0,0.0,0.0,0.0,neutral,False,,,False,batch,295
376,per_capita_income,Среднедушевые денежные доходы населения,0.0,0.0,0.0,0.0,neutral,False,,,False,batch,295
376,real_income_index,Реальные денежные доходы населения,0.0,0.0,0.0,0.0,neutral,False,,,False,batch,295
376,unemployment_rate,Уровень безработицы,0.0,0.0,0.0,0.0,neutral,False,,,False,batch,295
376,living_wage,Величина прожиточного минимума на душу населения,0.0,0.0,0.0,0.0,neutral,False,,,False,batch,295
376,child_living_wage,Величина прожиточного минимума на ребенка,0.0,0.0,0.0,0.0,neutral,False,,,False,batch,295
376,hospitals,Число больничных организаций,0.0,0.0,0.0,0.0,neutral,False,,,False,batch,295
376,outpatient_clinics,Число амбулаторно-поликлинических организаций,0.0,0.0,0.0,0.0,neutral,False,,,False,batch,295
376,abortions,Число абортов,0.0,0.0,0.0,0.0,neutral,False,,,False,batch,295
376,qualified_doctors,Численность врачей высшей и первой квалификационных категорий,0.0,0.0,0.0,0.0,neutral,False,,,False,batch,295
376,preschool_coverage,Охват детей до 6 лет дошкольным образованием,0.0,0.0,0.0,0.0,neutral,False,,,False,batch,295
376,children_benefits,"Численность детей до 18 лет, на которых назначено пособие",0.0,0.0,0.0,0.0,neutral,False,,,False,batch,295
376,maternity_capital,"Численность лиц, получивших сертификат на материнский капитал",0.0,0.0,0.0,0.0,neutral,False,,,False,batch,295
376,childcare_allowance,Ежемесячное пособие по уходу за первым ребенком,0.0,0.0,0.0,0.0,neutral,False,,,False,batch,295
376,large_families_housing,"Многодетные семьи, улучшившие жилищные условия",0.0,0.0,0.0,0.0,neutral,False,,,False,batch,295
376,housing_area_per_capita,Общая площадь жилья на одного жителя,0.0,0.0,0.0,0.0,neutral,False,,,False,batch,295
376,consumer_price_index,Индексы потребительских цен,0.0,0.0,0.0,0.0,neutral,False,,,False,batch,295
376,primary_housing_price_index,Индексы цен на первичном рынке жилья,0.0,0.0,0.0,0.0,neutral,False,,,False,batch,295
376,secondary_housing_price_index,Индексы цен на вторичном рынке жилья,0.0,0.0,0.0,0.0,neutral,False,,,False,batch,295
376,industrial_production_index,Индексы промышленного производства,0.9,0.0,0.0,0.9,neutral,True,инспектирование предприятий по выращиванию бананов и производству рыбной продукции,производство товаров,True,batch,295
376,enterprises_count,Число предприятий и организаций,0.0,0.0,0.0,0.0,neutral,False,,,False,batch,295
376,crime_count,Количество преступлений,0.0,0.0,0.0,0.0,neutral,False,,,False,batch,295
376,air_pollution,Выбросы загрязняющих веществ в атмосферный воздух,0.0,0.0,0.0,0.0,neutral,False,,,False,batch,295
376,wastewater_discharge,Сброс загрязненных сточных вод,0.0,0.0,0.0,0.0,neutral,False,,,False,batch,295
376,mortality_rate,Коэффициент смертности на 1000 человек,0.0,0.0,0.0,0.0,neutral,False,,,False,batch,295
376,birth_rate_per_1000,Коэффициент рождаемости на 1000 человек,0.0,0.0,0.0,0.0,neutral,False,,,False,batch,295
377,population_size,Численность населения,0.0,0.0,0.0,0.0,neutral,False,,,False,batch,240
377,divorce_rate,Число зарегистрированных разводов на 1000 населения,0.0,0.0,0.0,0.0,neutral,False,,,False,batch,240
377,marriage_rate,Число зарегистрированных браков на 1000 населения,0.0,0.0,0.0,0.0,neutral,False,,,False,batch,240
377,international_inflow,Число прибывших в страну,0.0,0.0,0.0,0.0,neutral,False,,,False,batch,240
377,international_outflow,Число выбывших из страны,0.0,0.0,0.0,0.0,neutral,False,,,False,batch,240
377,internal_arrivals,Число прибытий внутри региона,0.0,0.0,0.0,0.0,neutral,False,,,False,batch,240
377,internal_departures,Число выбытий из региона,0.0,0.0,0.0,0.0,neutral,False,,,False,batch,240
377,infant_mortality,Коэффициент младенческой смертности,0.0,0.0,0.0,0.0,neutral,False,,,False,batch,240
377,life_expectancy,Ожидаемая продолжительность жизни,0.0,0.0,0.0,0.0,neutral,False,,,False,batch,240
377,male_population,Число мужчин,0.0,0.0,0.0,0.0,neutral,False,,,False,batch,240
377,female_population,Число женщин,0.0,0.0,0.0,0.0,neutral,False,,,False,batch,240
377,per_capita_income,Среднедушевые денежные доходы населения,0.0,0.0,0.0,0.0,neutral,False,,,False,batch,240
377,real_income_index,Реальные денежные доходы населения,0.0,0.0,0.0,0.0,neutral,False,,,False,batch,240
377,unemployment_rate,Уровень безработицы,0.0,0.0,0.0,0.0,neutral,False,,,False,batch,240
377,living_wage,Величина прожиточного минимума на душу населения,0.0,0.0,0.0,0.0,neutral,False,,,False,batch,240
377,child_living_wage,Величина прожиточного минимума на ребенка,0.0,0.0,0.0,0.0,neutral,False,,,False,batch,240
377,hospitals,Число больничных организаций,0.0,0.0,0.0,0.0,neutral,False,,,False,batch,240
377,outpatient_clinics,Число амбулаторно-поликлинических организаций,0.0,0.0,0.0,0.0,neutral,False,,,False,batch,240
377,abortions,Число абортов,0.0,0.0,0.0,0.0,neutral,False,,,False,batch,240
377,qualified_doctors,Численность врачей высшей и первой квалификационных категорий,0.0,0.0,0.0,0.0,neutral,False,,,False,batch,240
377,preschool_coverage,Охват детей до 6 лет дошкольным образованием,0.0,0.0,0.0,0.0,neutral,False,,,False,batch,240
377,children_benefits,"Численность детей до 18 лет, на которых назначено пособие",0.0,0.0,0.0,0.0,neutral,False,,,False,batch,240
377,maternity_capital,"Численность лиц, получивших сертификат на материнский капитал",0.0,0.0,0.0,0.0,neutral,False,,,False,batch,240
377,childcare_allowance,Ежемесячное пособие по уходу за первым ребенком,0.0,0.0,0.0,0.0,neutral,False,,,False,batch,240
377,large_families_housing,"Многодетные семьи, улучшившие жилищные условия",0.0,0.0,0.0,0.0,neutral,False,,,False,batch,240
377,housing_area_per_capita,Общая площадь жилья на одного жителя,0.0,0.0,0.0,0.0,neutral,False,,,False,batch,240
377,consumer_price_index,Индексы потребительских цен,0.0,0.0,0.0,0.0,neutral,False,,,False,batch,240
377,primary_housing_price_index,Индексы цен на первичном рынке жилья,0.0,0.0,0.0,0.0,neutral,False,,,False,batch,240
377,secondary_housing_price_index,Индексы цен на вторичном рынке жилья,0.0,0.0,0.0,0.0,neutral,False,,,False,batch,240
377,industrial_production_index,Индексы промышленного производства,0.0,0.0,0.0,0.0,neutral,False,,,False,batch,240
377,enterprises_count,Число предприятий и организаций,0.0,0.0,0.0,0.0,neutral,False,,,False,batch,240
377,crime_count,Количество преступлений,0.0,0.0,0.0,0.0,neutral,False,,,False,batch,240
377,air_pollution,Выбросы загрязняющих веществ в атмосферный воздух,0.0,0.0,0.0,0.0,neutral,False,,,False,batch,240
377,wastewater_discharge,Сброс загрязненных сточных вод,0.0,0.0,0.0,0.0,neutral,False,,,False,batch,240
377,mortality_rate,Коэффициент смертности на 1000 человек,0.9,-1.0,0.8,0.9,negative,True,Три человека погибли от отравления,погибшие -> mortality_rate,True,batch,240
377,birth_rate_per_1000,Коэффициент рождаемости на 1000 человек,0.0,0.0,0.0,0.0,neutral,False,,,False,batch,240
378,population_size,Численность населения,0.0,0.0,0.0,0.0,neutral,False,,,False,batch,253
378,divorce_rate,Число зарегистрированных разводов на 1000 населения,0.0,0.0,0.0,0.0,neutral,False,,,False,batch,253
378,marriage_rate,Число зарегистрированных браков на 1000 населения,0.0,0.0,0.0,0.0,neutral,False,,,False,batch,253
378,international_inflow,Число прибывших в страну,0.0,0.0,0.0,0.0,neutral,False,,,False,batch,253
378,international_outflow,Число выбывших из страны,0.0,0.0,0.0,0.0,neutral,False,,,False,batch,253
378,internal_arrivals,Число прибытий внутри региона,0.0,0.0,0.0,0.0,neutral,False,,,False,batch,253
378,internal_departures,Число выбытий из региона,0.0,0.0,0.0,0.0,neutral,False,,,False,batch,253
378,infant_mortality,Коэффициент младенческой смертности,0.0,0.0,0.0,0.0,neutral,False,,,False,batch,253
378,life_expectancy,Ожидаемая продолжительность жизни,0.0,0.0,0.0,0.0,neutral,False,,,False,batch,253
378,male_population,Число мужчин,0.0,0.0,0.0,0.0,neutral,False,,,False,batch,253
378,female_population,Число женщин,0.0,0.0,0.0,0.0,neutral,False,,,False,batch,253
378,per_capita_income,Среднедушевые денежные доходы населения,0.0,0.0,0.0,0.0,neutral,False,,,False,batch,253
378,real_income_index,Реальные денежные доходы населения,0.0,0.0,0.0,0.0,neutral,False,,,False,batch,253
378,unemployment_rate,Уровень безработицы,0.0,0.0,0.0,0.0,neutral,False,,,False,batch,253
378,living_wage,Величина прожиточного минимума на душу населения,0.0,0.0,0.0,0.0,neutral,False,,,False,batch,253
378,child_living_wage,Величина прожиточного минимума на ребенка,0.0,0.0,0.0,0.0,neutral,False,,,False,batch,253
378,hospitals,Число больничных организаций,0.0,0.0,0.0,0.0,neutral,False,,,False,batch,253
378,outpatient_clinics,Число амбулаторно-поликлинических организаций,0.0,0.0,0.0,0.0,neutral,False,,,False,batch,253
378,abortions,Число абортов,0.0,0.0,0.0,0.0,neutral,False,,,False,batch,253
378,qualified_doctors,Численность врачей высшей и первой квалификационных категорий,0.0,0.0,0.0,0.0,neutral,False,,,False,batch,253
378,preschool_coverage,Охват детей до 6 лет дошкольным образованием,0.0,0.0,0.0,0.0,neutral,False,,,False,batch,253
378,children_benefits,"Численность детей до 18 лет, на которых назначено пособие",0.0,0.0,0.0,0.0,neutral,False,,,False,batch,253
378,maternity_capital,"Численность лиц, получивших сертификат на материнский капитал",0.0,0.0,0.0,0.0,neutral,False,,,False,batch,253
378,childcare_allowance,Ежемесячное пособие по уходу за первым ребенком,0.0,0.0,0.0,0.0,neutral,False,,,False,batch,253
378,large_families_housing,"Многодетные семьи, улучшившие жилищные условия",0.0,0.0,0.0,0.0,neutral,False,,,False,batch,253
378,housing_area_per_capita,Общая площадь жилья на одного жителя,0.0,0.0,0.0,0.0,neutral,False,,,False,batch,253
378,consumer_price_index,Индексы потребительских цен,0.0,0.0,0.0,0.0,neutral,False,,,False,batch,253
378,primary_housing_price_index,Индексы цен на первичном рынке жилья,0.0,0.0,0.0,0.0,neutral,False,,,False,batch,253
378,secondary_housing_price_index,Индексы цен на вторичном рынке жилья,0.0,0.0,0.0,0.0,neutral,False,,,False,batch,253
378,industrial_production_index,Индексы промышленного производства,0.9,0.0,0.5,0.9,neutral,True,"производство вырастет всего на 0,1%",снижение предложения меди,True,batch,253
378,enterprises_count,Число предприятий и организаций,0.0,0.0,0.0,0.0,neutral,False,,,False,batch,253
378,crime_count,Количество преступлений,0.0,0.0,0.0,0.0,neutral,False,,,False,batch,253
378,air_pollution,Выбросы загрязняющих веществ в атмосферный воздух,0.0,0.0,0.0,0.0,neutral,False,,,False,batch,253
378,wastewater_discharge,Сброс загрязненных сточных вод,0.0,0.0,0.0,0.0,neutral,False,,,False,batch,253
378,mortality_rate,Коэффициент смертности на 1000 человек,0.0,0.0,0.0,0.0,neutral,False,,,False,batch,253
378,birth_rate_per_1000,Коэффициент рождаемости на 1000 человек,0.0,0.0,0.0,0.0,neutral,False,,,False,batch,253
380,population_size,Численность населения,0.0,0.0,0.0,0.0,neutral,False,,,False,batch,280
380,divorce_rate,Число зарегистрированных разводов на 1000 населения,0.0,0.0,0.0,0.0,neutral,False,,,False,batch,280
380,marriage_rate,Число зарегистрированных браков на 1000 населения,0.0,0.0,0.0,0.0,neutral,False,,,False,batch,280
380,international_inflow,Число прибывших в страну,0.0,0.0,0.0,0.0,neutral,False,,,False,batch,280
380,international_outflow,Число выбывших из страны,0.0,0.0,0.0,0.0,neutral,False,,,False,batch,280
380,internal_arrivals,Число прибытий внутри региона,0.0,0.0,0.0,0.0,neutral,False,,,False,batch,280
380,internal_departures,Число выбытий из региона,0.0,0.0,0.0,0.0,neutral,False,,,False,batch,280
380,infant_mortality,Коэффициент младенческой смертности,0.0,0.0,0.0,0.0,neutral,False,,,False,batch,280
380,life_expectancy,Ожидаемая продолжительность жизни,0.0,0.0,0.0,0.0,neutral,False,,,False,batch,280
380,male_population,Число мужчин,0.0,0.0,0.0,0.0,neutral,False,,,False,batch,280
380,female_population,Число женщин,0.0,0.0,0.0,0.0,neutral,False,,,False,batch,280
380,per_capita_income,Среднедушевые денежные доходы населения,0.0,0.0,0.0,0.0,neutral,False,,,False,batch,280
380,real_income_index,Реальные денежные доходы населения,0.0,0.0,0.0,0.0,neutral,False,,,False,batch,280
380,unemployment_rate,Уровень безработицы,0.0,0.0,0.0,0.0,neutral,False,,,False,batch,280
380,living_wage,Величина прожиточного минимума на душу населения,0.0,0.0,0.0,0.0,neutral,False,,,False,batch,280
380,child_living_wage,Величина прожиточного минимума на ребенка,0.0,0.0,0.0,0.0,neutral,False,,,False,batch,280
380,hospitals,Число больничных организаций,0.0,0.0,0.0,0.0,neutral,False,,,False,batch,280
380,outpatient_clinics,Число амбулаторно-поликлинических организаций,0.0,0.0,0.0,0.0,neutral,False,,,False,batch,280
380,abortions,Число абортов,0.0,0.0,0.0,0.0,neutral,False,,,False,batch,280
380,qualified_doctors,Численность врачей высшей и первой квалификационных категорий,0.0,0.0,0.0,0.0,neutral,False,,,False,batch,280
380,preschool_coverage,Охват детей до 6 лет дошкольным образованием,0.0,0.0,0.0,0.0,neutral,False,,,False,batch,280
380,children_benefits,"Численность детей до 18 лет, на которых назначено пособие",0.0,0.0,0.0,0.0,neutral,False,,,False,batch,280
380,maternity_capital,"Численность лиц, получивших сертификат на материнский капитал",0.0,0.0,0.0,0.0,neutral,False,,,False,batch,280
380,childcare_allowance,Ежемесячное пособие по уходу за первым ребенком,0.0,0.0,0.0,0.0,neutral,False,,,False,batch,280
380,large_families_housing,"Многодетные семьи, улучшившие жилищные условия",0.0,0.0,0.0,0.0,neutral,False,,,False,batch,280
380,housing_area_per_capita,Общая площадь жилья на одного жителя,0.0,0.0,0.0,0.0,neutral,False,,,False,batch,280
380,consumer_price_index,Индексы потребительских цен,0.0,0.0,0.0,0.0,neutral,False,,,False,batch,280
380,primary_housing_price_index,Индексы цен на первичном рынке жилья,0.0,0.0,0.0,0.0,neutral,False,,,False,batch,280
380,secondary_housing_price_index,Индексы цен на вторичном рынке жилья,0.0,0.0,0.0,0.0,neutral,False,,,False,batch,280
380,industrial_production_index,Индексы промышленного производства,0.6,-0.5,0.5,0.8,negative,True,ускорил снижение под давлением продаж на фоне рисков санкций,санкции -> промышленность,True,batch,280
380,enterprises_count,Число предприятий и организаций,0.0,0.0,0.0,0.0,neutral,False,,,False,batch,280
380,crime_count,Количество преступлений,0.0,0.0,0.0,0.0,neutral,False,,,False,batch,280
380,air_pollution,Выбросы загрязняющих веществ в атмосферный воздух,0.0,0.0,0.0,0.0,neutral,False,,,False,batch,280
380,wastewater_discharge,Сброс загрязненных сточных вод,0.0,0.0,0.0,0.0,neutral,False,,,False,batch,280
380,mortality_rate,Коэффициент смертности на 1000 человек,0.0,0.0,0.0,0.0,neutral,False,,,False,batch,280
380,birth_rate_per_1000,Коэффициент рождаемости на 1000 человек,0.0,0.0,0.0,0.0,neutral,False,,,False,batch,280
381,population_size,Численность населения,0.0,0.0,0.0,0.0,neutral,False,,,False,batch,853
381,divorce_rate,Число зарегистрированных разводов на 1000 населения,0.0,0.0,0.0,0.0,neutral,False,,,False,batch,853
381,marriage_rate,Число зарегистрированных браков на 1000 населения,0.0,0.0,0.0,0.0,neutral,False,,,False,batch,853
381,international_inflow,Число прибывших в страну,0.0,0.0,0.0,0.0,neutral,False,,,False,batch,853
381,international_outflow,Число выбывших из страны,0.0,0.0,0.0,0.0,neutral,False,,,False,batch,853
381,internal_arrivals,Число прибытий внутри региона,0.0,0.0,0.0,0.0,neutral,False,,,False,batch,853
381,internal_departures,Число выбытий из региона,0.0,0.0,0.0,0.0,neutral,False,,,False,batch,853
381,infant_mortality,Коэффициент младенческой смертности,0.0,0.0,0.0,0.0,neutral,False,,,False,batch,853
381,life_expectancy,Ожидаемая продолжительность жизни,0.3,-0.3,0.4,0.7,negative,True,травмы различной степени тяжести,травмы -> life_expectancy,True,batch,853
381,male_population,Число мужчин,0.0,0.0,0.0,0.0,neutral,False,,,False,batch,853
381,female_population,Число женщин,0.0,0.0,0.0,0.0,neutral,False,,,False,batch,853
381,per_capita_income,Среднедушевые денежные доходы населения,0.0,0.0,0.0,0.0,neutral,False,,,False,batch,853
381,real_income_index,Реальные денежные доходы населения,0.0,0.0,0.0,0.0,neutral,False,,,False,batch,853
381,unemployment_rate,Уровень безработицы,0.0,0.0,0.0,0.0,neutral,False,,,False,batch,853
381,living_wage,Величина прожиточного минимума на душу населения,0.0,0.0,0.0,0.0,neutral,False,,,False,batch,853
381,child_living_wage,Величина прожиточного минимума на ребенка,0.0,0.0,0.0,0.0,neutral,False,,,False,batch,853
381,hospitals,Число больничных организаций,0.8,-0.5,0.6,0.8,negative,True,госпитализирован в медицинское учреждение,госпитализация -> hospitals,True,batch,853
381,outpatient_clinics,Число амбулаторно-поликлинических организаций,0.0,0.0,0.0,0.0,neutral,False,,,False,batch,853
381,abortions,Число абортов,0.0,0.0,0.0,0.0,neutral,False,,,False,batch,853
381,qualified_doctors,Численность врачей высшей и первой квалификационных категорий,0.0,0.0,0.0,0.0,neutral,False,,,False,batch,853
381,preschool_coverage,Охват детей до 6 лет дошкольным образованием,0.0,0.0,0.0,0.0,neutral,False,,,False,batch,853
381,children_benefits,"Численность детей до 18 лет, на которых назначено пособие",0.0,0.0,0.0,0.0,neutral,False,,,False,batch,853
381,maternity_capital,"Численность лиц, получивших сертификат на материнский капитал",0.0,0.0,0.0,0.0,neutral,False,,,False,batch,853
381,childcare_allowance,Ежемесячное пособие по уходу за первым ребенком,0.0,0.0,0.0,0.0,neutral,False,,,False,batch,853
381,large_families_housing,"Многодетные семьи, улучшившие жилищные условия",0.0,0.0,0.0,0.0,neutral,False,,,False,batch,853
381,housing_area_per_capita,Общая площадь жилья на одного жителя,0.0,0.0,0.0,0.0,neutral,False,,,False,batch,853
381,consumer_price_index,Индексы потребительских цен,0.0,0.0,0.0,0.0,neutral,False,,,False,batch,853
381,primary_housing_price_index,Индексы цен на первичном рынке жилья,0.0,0.0,0.0,0.0,neutral,False,,,False,batch,853
381,secondary_housing_price_index,Индексы цен на вторичном рынке жилья,0.0,0.0,0.0,0.0,neutral,False,,,False,batch,853
381,industrial_production_index,Индексы промышленного производства,0.0,0.0,0.0,0.0,neutral,False,,,False,batch,853
381,enterprises_count,Число предприятий и организаций,0.0,0.0,0.0,0.0,neutral,False,,,False,batch,853
381,crime_count,Количество преступлений,0.9,-0.5,0.5,0.9,negative,True,возбуждено уголовное дело по факту гибели,уголовное дело -> crime_count,True,batch,853
381,air_pollution,Выбросы загрязняющих веществ в атмосферный воздух,0.0,0.0,0.0,0.0,neutral,False,,,False,batch,853
381,wastewater_discharge,Сброс загрязненных сточных вод,0.0,0.0,0.0,0.0,neutral,False,,,False,batch,853
381,mortality_rate,Коэффициент смертности на 1000 человек,0.9,-0.8,0.8,0.9,negative,True,погиб 12-летнего подростка,гибель подростка -> mortality_rate,True,batch,853
381,birth_rate_per_1000,Коэффициент рождаемости на 1000 человек,0.0,0.0,0.0,0.0,neutral,False,,,False,batch,853
383,population_size,Численность населения,0.0,0.0,0.0,0.0,neutral,False,,,False,batch,263
383,divorce_rate,Число зарегистрированных разводов на 1000 населения,0.0,0.0,0.0,0.0,neutral,False,,,False,batch,263
383,marriage_rate,Число зарегистрированных браков на 1000 населения,0.0,0.0,0.0,0.0,neutral,False,,,False,batch,263
383,international_inflow,Число прибывших в страну,0.0,0.0,0.0,0.0,neutral,False,,,False,batch,263
383,international_outflow,Число выбывших из страны,0.0,0.0,0.0,0.0,neutral,False,,,False,batch,263
383,internal_arrivals,Число прибытий внутри региона,0.0,0.0,0.0,0.0,neutral,False,,,False,batch,263
383,internal_departures,Число выбытий из региона,0.0,0.0,0.0,0.0,neutral,False,,,False,batch,263
383,infant_mortality,Коэффициент младенческой смертности,0.0,0.0,0.0,0.0,neutral,False,,,False,batch,263
383,life_expectancy,Ожидаемая продолжительность жизни,0.0,0.0,0.0,0.0,neutral,False,,,False,batch,263
383,male_population,Число мужчин,0.0,0.0,0.0,0.0,neutral,False,,,False,batch,263
383,female_population,Число женщин,0.0,0.0,0.0,0.0,neutral,False,,,False,batch,263
383,per_capita_income,Среднедушевые денежные доходы населения,0.0,0.0,0.0,0.0,neutral,False,,,False,batch,263
383,real_income_index,Реальные денежные доходы населения,0.0,0.0,0.0,0.0,neutral,False,,,False,batch,263
383,unemployment_rate,Уровень безработицы,0.0,0.0,0.0,0.0,neutral,False,,,False,batch,263
383,living_wage,Величина прожиточного минимума на душу населения,0.0,0.0,0.0,0.0,neutral,False,,,False,batch,263
383,child_living_wage,Величина прожиточного минимума на ребенка,0.0,0.0,0.0,0.0,neutral,False,,,False,batch,263
383,hospitals,Число больничных организаций,0.0,0.0,0.0,0.0,neutral,False,,,False,batch,263
383,outpatient_clinics,Число амбулаторно-поликлинических организаций,0.0,0.0,0.0,0.0,neutral,False,,,False,batch,263
383,abortions,Число абортов,0.0,0.0,0.0,0.0,neutral,False,,,False,batch,263
383,qualified_doctors,Численность врачей высшей и первой квалификационных категорий,0.0,0.0,0.0,0.0,neutral,False,,,False,batch,263
383,preschool_coverage,Охват детей до 6 лет дошкольным образованием,0.0,0.0,0.0,0.0,neutral,False,,,False,batch,263
383,children_benefits,"Численность детей до 18 лет, на которых назначено пособие",0.0,0.0,0.0,0.0,neutral,False,,,False,batch,263
383,maternity_capital,"Численность лиц, получивших сертификат на материнский капитал",0.0,0.0,0.0,0.0,neutral,False,,,False,batch,263
383,childcare_allowance,Ежемесячное пособие по уходу за первым ребенком,0.0,0.0,0.0,0.0,neutral,False,,,False,batch,263
383,large_families_housing,"Многодетные семьи, улучшившие жилищные условия",0.0,0.0,0.0,0.0,neutral,False,,,False,batch,263
383,housing_area_per_capita,Общая площадь жилья на одного жителя,0.0,0.0,0.0,0.0,neutral,False,,,False,batch,263
383,consumer_price_index,Индексы потребительских цен,0.0,0.0,0.0,0.0,neutral,False,,,False,batch,263
383,primary_housing_price_index,Индексы цен на первичном рынке жилья,0.0,0.0,0.0,0.0,neutral,False,,,False,batch,263
383,secondary_housing_price_index,Индексы цен на вторичном рынке жилья,0.0,0.0,0.0,0.0,neutral,False,,,False,batch,263
383,industrial_production_index,Индексы промышленного производства,0.9,0.1,0.1,0.9,neutral,True,"нефть ускорила рост, Brent подорожала",нефтяные котировки и производство,True,batch,263
383,enterprises_count,Число предприятий и организаций,0.0,0.0,0.0,0.0,neutral,False,,,False,batch,263
383,crime_count,Количество преступлений,0.0,0.0,0.0,0.0,neutral,False,,,False,batch,263
383,air_pollution,Выбросы загрязняющих веществ в атмосферный воздух,0.0,0.0,0.0,0.0,neutral,False,,,False,batch,263
383,wastewater_discharge,Сброс загрязненных сточных вод,0.0,0.0,0.0,0.0,neutral,False,,,False,batch,263
383,mortality_rate,Коэффициент смертности на 1000 человек,0.0,0.0,0.0,0.0,neutral,False,,,False,batch,263
383,birth_rate_per_1000,Коэффициент рождаемости на 1000 человек,0.0,0.0,0.0,0.0,neutral,False,,,False,batch,263
396,population_size,Численность населения,0.0,0.0,0.0,0.0,neutral,False,,,False,batch,254
396,divorce_rate,Число зарегистрированных разводов на 1000 населения,0.0,0.0,0.0,0.0,neutral,False,,,False,batch,254
396,marriage_rate,Число зарегистрированных браков на 1000 населения,0.0,0.0,0.0,0.0,neutral,False,,,False,batch,254
396,international_inflow,Число прибывших в страну,0.0,0.0,0.0,0.0,neutral,False,,,False,batch,254
396,international_outflow,Число выбывших из страны,0.0,0.0,0.0,0.0,neutral,False,,,False,batch,254
396,internal_arrivals,Число прибытий внутри региона,0.0,0.0,0.0,0.0,neutral,False,,,False,batch,254
396,internal_departures,Число выбытий из региона,0.0,0.0,0.0,0.0,neutral,False,,,False,batch,254
396,infant_mortality,Коэффициент младенческой смертности,0.0,0.0,0.0,0.0,neutral,False,,,False,batch,254
396,life_expectancy,Ожидаемая продолжительность жизни,0.0,0.0,0.0,0.0,neutral,False,,,False,batch,254
396,male_population,Число мужчин,0.0,0.0,0.0,0.0,neutral,False,,,False,batch,254
396,female_population,Число женщин,0.0,0.0,0.0,0.0,neutral,False,,,False,batch,254
396,per_capita_income,Среднедушевые денежные доходы населения,0.0,0.0,0.0,0.0,neutral,False,,,False,batch,254
396,real_income_index,Реальные денежные доходы населения,0.0,0.0,0.0,0.0,neutral,False,,,False,batch,254
396,unemployment_rate,Уровень безработицы,0.0,0.0,0.0,0.0,neutral,False,,,False,batch,254
396,living_wage,Величина прожиточного минимума на душу населения,0.0,0.0,0.0,0.0,neutral,False,,,False,batch,254
396,child_living_wage,Величина прожиточного минимума на ребенка,0.0,0.0,0.0,0.0,neutral,False,,,False,batch,254
396,hospitals,Число больничных организаций,0.0,0.0,0.0,0.0,neutral,False,,,False,batch,254
396,outpatient_clinics,Число амбулаторно-поликлинических организаций,0.0,0.0,0.0,0.0,neutral,False,,,False,batch,254
396,abortions,Число абортов,0.0,0.0,0.0,0.0,neutral,False,,,False,batch,254
396,qualified_doctors,Численность врачей высшей и первой квалификационных категорий,0.0,0.0,0.0,0.0,neutral,False,,,False,batch,254
396,preschool_coverage,Охват детей до 6 лет дошкольным образованием,0.0,0.0,0.0,0.0,neutral,False,,,False,batch,254
396,children_benefits,"Численность детей до 18 лет, на которых назначено пособие",0.0,0.0,0.0,0.0,neutral,False,,,False,batch,254
396,maternity_capital,"Численность лиц, получивших сертификат на материнский капитал",0.0,0.0,0.0,0.0,neutral,False,,,False,batch,254
396,childcare_allowance,Ежемесячное пособие по уходу за первым ребенком,0.0,0.0,0.0,0.0,neutral,False,,,False,batch,254
396,large_families_housing,"Многодетные семьи, улучшившие жилищные условия",0.0,0.0,0.0,0.0,neutral,False,,,False,batch,254
396,housing_area_per_capita,Общая площадь жилья на одного жителя,0.0,0.0,0.0,0.0,neutral,False,,,False,batch,254
396,consumer_price_index,Индексы потребительских цен,0.9,-0.7,0.8,0.9,negative,True,поддержание цен на торгах,сговор на торгах повлиял на цены лекарств,True,batch,254
396,primary_housing_price_index,Индексы цен на первичном рынке жилья,0.0,0.0,0.0,0.0,neutral,False,,,False,batch,254
396,secondary_housing_price_index,Индексы цен на вторичном рынке жилья,0.0,0.0,0.0,0.0,neutral,False,,,False,batch,254
396,industrial_production_index,Индексы промышленного производства,0.0,0.0,0.0,0.0,neutral,False,,,False,batch,254
396,enterprises_count,Число предприятий и организаций,0.0,0.0,0.0,0.0,neutral,False,,,False,batch,254
396,crime_count,Количество преступлений,0.0,0.0,0.0,0.0,neutral,False,,,False,batch,254
396,air_pollution,Выбросы загрязняющих веществ в атмосферный воздух,0.0,0.0,0.0,0.0,neutral,False,,,False,batch,254
396,wastewater_discharge,Сброс загрязненных сточных вод,0.0,0.0,0.0,0.0,neutral,False,,,False,batch,254
396,mortality_rate,Коэффициент смертности на 1000 человек,0.0,0.0,0.0,0.0,neutral,False,,,False,batch,254
396,birth_rate_per_1000,Коэффициент рождаемости на 1000 человек,0.0,0.0,0.0,0.0,neutral,False,,,False,batch,254
399,population_size,Численность населения,0.0,0.0,0.0,0.0,neutral,False,,,False,neutral_after_error,0
399,divorce_rate,Число зарегистрированных разводов на 1000 населения,0.0,0.0,0.0,0.0,neutral,False,,,False,neutral_after_error,0
399,marriage_rate,Число зарегистрированных браков на 1000 населения,0.0,0.0,0.0,0.0,neutral,False,,,False,neutral_after_error,0
399,international_inflow,Число прибывших в страну,0.0,0.0,0.0,0.0,neutral,False,,,False,neutral_after_error,0
399,international_outflow,Число выбывших из страны,0.0,0.0,0.0,0.0,neutral,False,,,False,neutral_after_error,0
399,internal_arrivals,Число прибытий внутри региона,0.0,0.0,0.0,0.0,neutral,False,,,False,neutral_after_error,0
399,internal_departures,Число выбытий из региона,0.0,0.0,0.0,0.0,neutral,False,,,False,neutral_after_error,0
399,infant_mortality,Коэффициент младенческой смертности,0.0,0.0,0.0,0.0,neutral,False,,,False,neutral_after_error,0
399,life_expectancy,Ожидаемая продолжительность жизни,0.0,0.0,0.0,0.0,neutral,False,,,False,neutral_after_error,0
399,male_population,Число мужчин,0.0,0.0,0.0,0.0,neutral,False,,,False,neutral_after_error,0
399,female_population,Число женщин,0.0,0.0,0.0,0.0,neutral,False,,,False,neutral_after_error,0
399,per_capita_income,Среднедушевые денежные доходы населения,0.0,0.0,0.0,0.0,neutral,False,,,False,neutral_after_error,0
399,real_income_index,Реальные денежные доходы населения,0.0,0.0,0.0,0.0,neutral,False,,,False,neutral_after_error,0
399,unemployment_rate,Уровень безработицы,0.0,0.0,0.0,0.0,neutral,False,,,False,neutral_after_error,0
399,living_wage,Величина прожиточного минимума на душу населения,0.0,0.0,0.0,0.0,neutral,False,,,False,neutral_after_error,0
399,child_living_wage,Величина прожиточного минимума на ребенка,0.0,0.0,0.0,0.0,neutral,False,,,False,neutral_after_error,0
399,hospitals,Число больничных организаций,0.0,0.0,0.0,0.0,neutral,False,,,False,neutral_after_error,0
399,outpatient_clinics,Число амбулаторно-поликлинических организаций,0.0,0.0,0.0,0.0,neutral,False,,,False,neutral_after_error,0
399,abortions,Число абортов,0.0,0.0,0.0,0.0,neutral,False,,,False,neutral_after_error,0
399,qualified_doctors,Численность врачей высшей и первой квалификационных категорий,0.0,0.0,0.0,0.0,neutral,False,,,False,neutral_after_error,0
399,preschool_coverage,Охват детей до 6 лет дошкольным образованием,0.0,0.0,0.0,0.0,neutral,False,,,False,neutral_after_error,0
399,children_benefits,"Численность детей до 18 лет, на которых назначено пособие",0.0,0.0,0.0,0.0,neutral,False,,,False,neutral_after_error,0
399,maternity_capital,"Численность лиц, получивших сертификат на материнский капитал",0.0,0.0,0.0,0.0,neutral,False,,,False,neutral_after_error,0
399,childcare_allowance,Ежемесячное пособие по уходу за первым ребенком,0.0,0.0,0.0,0.0,neutral,False,,,False,neutral_after_error,0
399,large_families_housing,"Многодетные семьи, улучшившие жилищные условия",0.0,0.0,0.0,0.0,neutral,False,,,False,neutral_after_error,0
399,housing_area_per_capita,Общая площадь жилья на одного жителя,0.0,0.0,0.0,0.0,neutral,False,,,False,neutral_after_error,0
399,consumer_price_index,Индексы потребительских цен,0.0,0.0,0.0,0.0,neutral,False,,,False,neutral_after_error,0
399,primary_housing_price_index,Индексы цен на первичном рынке жилья,0.0,0.0,0.0,0.0,neutral,False,,,False,neutral_after_error,0
399,secondary_housing_price_index,Индексы цен на вторичном рынке жилья,0.0,0.0,0.0,0.0,neutral,False,,,False,neutral_after_error,0
399,industrial_production_index,Индексы промышленного производства,0.0,0.0,0.0,0.0,neutral,False,,,False,neutral_after_error,0
399,enterprises_count,Число предприятий и организаций,0.0,0.0,0.0,0.0,neutral,False,,,False,neutral_after_error,0
399,crime_count,Количество преступлений,0.0,0.0,0.0,0.0,neutral,False,,,False,neutral_after_error,0
399,air_pollution,Выбросы загрязняющих веществ в атмосферный воздух,0.0,0.0,0.0,0.0,neutral,False,,,False,neutral_after_error,0
399,wastewater_discharge,Сброс загрязненных сточных вод,0.0,0.0,0.0,0.0,neutral,False,,,False,neutral_after_error,0
399,mortality_rate,Коэффициент смертности на 1000 человек,0.0,0.0,0.0,0.0,neutral,False,,,False,neutral_after_error,0
399,birth_rate_per_1000,Коэффициент рождаемости на 1000 человек,0.0,0.0,0.0,0.0,neutral,False,,,False,neutral_after_error,0
404,population_size,Численность населения,0.0,0.0,0.0,0.0,neutral,False,,,False,batch,271
404,divorce_rate,Число зарегистрированных разводов на 1000 населения,0.0,0.0,0.0,0.0,neutral,False,,,False,batch,271
404,marriage_rate,Число зарегистрированных браков на 1000 населения,0.0,0.0,0.0,0.0,neutral,False,,,False,batch,271
404,international_inflow,Число прибывших в страну,0.0,0.0,0.0,0.0,neutral,False,,,False,batch,271
404,international_outflow,Число выбывших из страны,0.0,0.0,0.0,0.0,neutral,False,,,False,batch,271
404,internal_arrivals,Число прибытий внутри региона,0.0,0.0,0.0,0.0,neutral,False,,,False,batch,271
404,internal_departures,Число выбытий из региона,0.0,0.0,0.0,0.0,neutral,False,,,False,batch,271
404,infant_mortality,Коэффициент младенческой смертности,0.0,0.0,0.0,0.0,neutral,False,,,False,batch,271
404,life_expectancy,Ожидаемая продолжительность жизни,0.0,0.0,0.0,0.0,neutral,False,,,False,batch,271
404,male_population,Число мужчин,0.0,0.0,0.0,0.0,neutral,False,,,False,batch,271
404,female_population,Число женщин,0.0,0.0,0.0,0.0,neutral,False,,,False,batch,271
404,per_capita_income,Среднедушевые денежные доходы населения,0.0,0.0,0.0,0.0,neutral,False,,,False,batch,271
404,real_income_index,Реальные денежные доходы населения,0.0,0.0,0.0,0.0,neutral,False,,,False,batch,271
404,unemployment_rate,Уровень безработицы,0.0,0.0,0.0,0.0,neutral,False,,,False,batch,271
404,living_wage,Величина прожиточного минимума на душу населения,0.0,0.0,0.0,0.0,neutral,False,,,False,batch,271
404,child_living_wage,Величина прожиточного минимума на ребенка,0.0,0.0,0.0,0.0,neutral,False,,,False,batch,271
404,hospitals,Число больничных организаций,0.0,0.0,0.0,0.0,neutral,False,,,False,batch,271
404,outpatient_clinics,Число амбулаторно-поликлинических организаций,0.0,0.0,0.0,0.0,neutral,False,,,False,batch,271
404,abortions,Число абортов,0.0,0.0,0.0,0.0,neutral,False,,,False,batch,271
404,qualified_doctors,Численность врачей высшей и первой квалификационных категорий,0.0,0.0,0.0,0.0,neutral,False,,,False,batch,271
404,preschool_coverage,Охват детей до 6 лет дошкольным образованием,0.0,0.0,0.0,0.0,neutral,False,,,False,batch,271
404,children_benefits,"Численность детей до 18 лет, на которых назначено пособие",0.0,0.0,0.0,0.0,neutral,False,,,False,batch,271
404,maternity_capital,"Численность лиц, получивших сертификат на материнский капитал",0.0,0.0,0.0,0.0,neutral,False,,,False,batch,271
404,childcare_allowance,Ежемесячное пособие по уходу за первым ребенком,0.0,0.0,0.0,0.0,neutral,False,,,False,batch,271
404,large_families_housing,"Многодетные семьи, улучшившие жилищные условия",0.0,0.0,0.0,0.0,neutral,False,,,False,batch,271
404,housing_area_per_capita,Общая площадь жилья на одного жителя,0.0,0.0,0.0,0.0,neutral,False,,,False,batch,271
404,consumer_price_index,Индексы потребительских цен,0.0,0.0,0.0,0.0,neutral,False,,,False,batch,271
404,primary_housing_price_index,Индексы цен на первичном рынке жилья,0.0,0.0,0.0,0.0,neutral,False,,,False,batch,271
404,secondary_housing_price_index,Индексы цен на вторичном рынке жилья,0.0,0.0,0.0,0.0,neutral,False,,,False,batch,271
404,industrial_production_index,Индексы промышленного производства,0.9,0.1,0.5,0.9,negative,True,резкий рост импорта курятины из Китая,импорт мяса птицы влияет на производство,True,batch,271
404,enterprises_count,Число предприятий и организаций,0.0,0.0,0.0,0.0,neutral,False,,,False,batch,271
404,crime_count,Количество преступлений,0.0,0.0,0.0,0.0,neutral,False,,,False,batch,271
404,air_pollution,Выбросы загрязняющих веществ в атмосферный воздух,0.0,0.0,0.0,0.0,neutral,False,,,False,batch,271
404,wastewater_discharge,Сброс загрязненных сточных вод,0.0,0.0,0.0,0.0,neutral,False,,,False,batch,271
404,mortality_rate,Коэффициент смертности на 1000 человек,0.0,0.0,0.0,0.0,neutral,False,,,False,batch,271
404,birth_rate_per_1000,Коэффициент рождаемости на 1000 человек,0.0,0.0,0.0,0.0,neutral,False,,,False,batch,271
406,population_size,Численность населения,0.0,0.0,0.0,0.0,neutral,False,,,False,batch,1119
406,divorce_rate,Число зарегистрированных разводов на 1000 населения,0.0,0.0,0.0,0.0,neutral,False,,,False,batch,1119
406,marriage_rate,Число зарегистрированных браков на 1000 населения,0.0,0.0,0.0,0.0,neutral,False,,,False,batch,1119
406,international_inflow,Число прибывших в страну,0.0,0.0,0.0,0.0,neutral,False,,,False,batch,1119
406,international_outflow,Число выбывших из страны,0.0,0.0,0.0,0.0,neutral,False,,,False,batch,1119
406,internal_arrivals,Число прибытий внутри региона,0.0,0.0,0.0,0.0,neutral,False,,,False,batch,1119
406,internal_departures,Число выбытий из региона,0.0,0.0,0.0,0.0,neutral,False,,,False,batch,1119
406,infant_mortality,Коэффициент младенческой смертности,0.0,0.0,0.0,0.0,neutral,False,,,False,batch,1119
406,life_expectancy,Ожидаемая продолжительность жизни,0.0,0.0,0.0,0.0,neutral,False,,,False,batch,1119
406,male_population,Число мужчин,0.0,0.0,0.0,0.0,neutral,False,,,False,batch,1119
406,female_population,Число женщин,0.0,0.0,0.0,0.0,neutral,False,,,False,batch,1119
406,per_capita_income,Среднедушевые денежные доходы населения,0.0,0.0,0.0,0.0,neutral,False,,,False,batch,1119
406,real_income_index,Реальные денежные доходы населения,0.0,0.0,0.0,0.0,neutral,False,,,False,batch,1119
406,unemployment_rate,Уровень безработицы,0.0,0.0,0.0,0.0,neutral,False,,,False,batch,1119
406,living_wage,Величина прожиточного минимума на душу населения,0.0,0.0,0.0,0.0,neutral,False,,,False,batch,1119
406,child_living_wage,Величина прожиточного минимума на ребенка,0.0,0.0,0.0,0.0,neutral,False,,,False,batch,1119
406,hospitals,Число больничных организаций,0.0,0.0,0.0,0.0,neutral,False,,,False,batch,1119
406,outpatient_clinics,Число амбулаторно-поликлинических организаций,0.0,0.0,0.0,0.0,neutral,False,,,False,batch,1119
406,abortions,Число абортов,0.0,0.0,0.0,0.0,neutral,False,,,False,batch,1119
406,qualified_doctors,Численность врачей высшей и первой квалификационных категорий,0.0,0.0,0.0,0.0,neutral,False,,,False,batch,1119
406,preschool_coverage,Охват детей до 6 лет дошкольным образованием,0.0,0.0,0.0,0.0,neutral,False,,,False,batch,1119
406,children_benefits,"Численность детей до 18 лет, на которых назначено пособие",0.0,0.0,0.0,0.0,neutral,False,,,False,batch,1119
406,maternity_capital,"Численность лиц, получивших сертификат на материнский капитал",0.0,0.0,0.0,0.0,neutral,False,,,False,batch,1119
406,childcare_allowance,Ежемесячное пособие по уходу за первым ребенком,0.0,0.0,0.0,0.0,neutral,False,,,False,batch,1119
406,large_families_housing,"Многодетные семьи, улучшившие жилищные условия",0.0,0.0,0.0,0.0,neutral,False,,,False,batch,1119
406,housing_area_per_capita,Общая площадь жилья на одного жителя,0.6,0.0,0.4,0.7,negative,True,повреждены частный дом,повреждение дома -> housing_area_per_capita,True,batch,1119
406,consumer_price_index,Индексы потребительских цен,0.0,0.0,0.0,0.0,neutral,False,,,False,batch,1119
406,primary_housing_price_index,Индексы цен на первичном рынке жилья,0.0,0.0,0.0,0.0,neutral,False,,,False,batch,1119
406,secondary_housing_price_index,Индексы цен на вторичном рынке жилья,0.0,0.0,0.0,0.0,neutral,False,,,False,batch,1119
406,industrial_production_index,Индексы промышленного производства,0.3,0.0,0.0,0.7,neutral,True,повреждены коммерческий объект,повреждение объекта -> industrial_production_index,True,batch,1119
406,enterprises_count,Число предприятий и организаций,0.0,0.0,0.0,0.0,neutral,False,,,False,batch,1119
406,crime_count,Количество преступлений,0.6,-0.5,0.5,0.8,negative,True,пострадала в результате атаки дрона,атака -> crime_count,True,batch,1119
406,air_pollution,Выбросы загрязняющих веществ в атмосферный воздух,0.0,0.0,0.0,0.0,neutral,False,,,False,batch,1119
406,wastewater_discharge,Сброс загрязненных сточных вод,0.0,0.0,0.0,0.5,neutral,False,линии газо- и электроснабжения повреждены,повреждение инфраструктуры не связано с водой,True,batch,1119
406,mortality_rate,Коэффициент смертности на 1000 человек,0.6,-0.5,0.5,0.8,negative,True,пострадала женщина получила минно-взрывную травму,пострадала -> mortality_rate,True,batch,1119
406,birth_rate_per_1000,Коэффициент рождаемости на 1000 человек,0.0,0.0,0.0,0.0,neutral,False,,,False,batch,1119
412,population_size,Численность населения,0.0,0.0,0.0,0.0,neutral,False,,,False,batch,242
412,divorce_rate,Число зарегистрированных разводов на 1000 населения,0.0,0.0,0.0,0.0,neutral,False,,,False,batch,242
412,marriage_rate,Число зарегистрированных браков на 1000 населения,0.0,0.0,0.0,0.0,neutral,False,,,False,batch,242
412,international_inflow,Число прибывших в страну,0.0,0.0,0.0,0.0,neutral,False,,,False,batch,242
412,international_outflow,Число выбывших из страны,0.0,0.0,0.0,0.0,neutral,False,,,False,batch,242
412,internal_arrivals,Число прибытий внутри региона,0.0,0.0,0.0,0.0,neutral,False,,,False,batch,242
412,internal_departures,Число выбытий из региона,0.0,0.0,0.0,0.0,neutral,False,,,False,batch,242
412,infant_mortality,Коэффициент младенческой смертности,0.0,0.0,0.0,0.0,neutral,False,,,False,batch,242
412,life_expectancy,Ожидаемая продолжительность жизни,0.0,0.0,0.0,0.0,neutral,False,,,False,batch,242
412,male_population,Число мужчин,0.0,0.0,0.0,0.0,neutral,False,,,False,batch,242
412,female_population,Число женщин,0.0,0.0,0.0,0.0,neutral,False,,,False,batch,242
412,per_capita_income,Среднедушевые денежные доходы населения,0.0,0.0,0.0,0.0,neutral,False,,,False,batch,242
412,real_income_index,Реальные денежные доходы населения,0.0,0.0,0.0,0.0,neutral,False,,,False,batch,242
412,unemployment_rate,Уровень безработицы,0.0,0.0,0.0,0.0,neutral,False,,,False,batch,242
412,living_wage,Величина прожиточного минимума на душу населения,0.0,0.0,0.0,0.0,neutral,False,,,False,batch,242
412,child_living_wage,Величина прожиточного минимума на ребенка,0.0,0.0,0.0,0.0,neutral,False,,,False,batch,242
412,hospitals,Число больничных организаций,0.0,0.0,0.0,0.0,neutral,False,,,False,batch,242
412,outpatient_clinics,Число амбулаторно-поликлинических организаций,0.0,0.0,0.0,0.0,neutral,False,,,False,batch,242
412,abortions,Число абортов,0.0,0.0,0.0,0.0,neutral,False,,,False,batch,242
412,qualified_doctors,Численность врачей высшей и первой квалификационных категорий,0.0,0.0,0.0,0.0,neutral,False,,,False,batch,242
412,preschool_coverage,Охват детей до 6 лет дошкольным образованием,0.0,0.0,0.0,0.0,neutral,False,,,False,batch,242
412,children_benefits,"Численность детей до 18 лет, на которых назначено пособие",0.0,0.0,0.0,0.0,neutral,False,,,False,batch,242
412,maternity_capital,"Численность лиц, получивших сертификат на материнский капитал",0.0,0.0,0.0,0.0,neutral,False,,,False,batch,242
412,childcare_allowance,Ежемесячное пособие по уходу за первым ребенком,0.0,0.0,0.0,0.0,neutral,False,,,False,batch,242
412,large_families_housing,"Многодетные семьи, улучшившие жилищные условия",0.0,0.0,0.0,0.0,neutral,False,,,False,batch,242
412,housing_area_per_capita,Общая площадь жилья на одного жителя,0.0,0.0,0.0,0.0,neutral,False,,,False,batch,242
412,consumer_price_index,Индексы потребительских цен,0.0,0.0,0.0,0.0,neutral,False,,,False,batch,242
412,primary_housing_price_index,Индексы цен на первичном рынке жилья,0.0,0.0,0.0,0.0,neutral,False,,,False,batch,242
412,secondary_housing_price_index,Индексы цен на вторичном рынке жилья,0.0,0.0,0.0,0.0,neutral,False,,,False,batch,242
412,industrial_production_index,Индексы промышленного производства,0.0,0.0,0.0,0.0,neutral,False,,,False,batch,242
412,enterprises_count,Число предприятий и организаций,0.6,0.0,0.0,0.8,neutral,True,"АО ""Петербургский нефтяной терминал""","компания, организация",True,batch,242
412,crime_count,Количество преступлений,0.0,0.0,0.0,0.0,neutral,False,,,False,batch,242
412,air_pollution,Выбросы загрязняющих веществ в атмосферный воздух,0.0,0.0,0.0,0.0,neutral,False,,,False,batch,242
412,wastewater_discharge,Сброс загрязненных сточных вод,0.0,0.0,0.0,0.0,neutral,False,,,False,batch,242
412,mortality_rate,Коэффициент смертности на 1000 человек,0.0,0.0,0.0,0.0,neutral,False,,,False,batch,242
412,birth_rate_per_1000,Коэффициент рождаемости на 1000 человек,0.0,0.0,0.0,0.0,neutral,False,,,False,batch,242
413,population_size,Численность населения,0.0,0.0,0.0,0.0,neutral,False,,,False,batch,246
413,divorce_rate,Число зарегистрированных разводов на 1000 населения,0.0,0.0,0.0,0.0,neutral,False,,,False,batch,246
413,marriage_rate,Число зарегистрированных браков на 1000 населения,0.0,0.0,0.0,0.0,neutral,False,,,False,batch,246
413,international_inflow,Число прибывших в страну,0.0,0.0,0.0,0.0,neutral,False,,,False,batch,246
413,international_outflow,Число выбывших из страны,0.0,0.0,0.0,0.0,neutral,False,,,False,batch,246
413,internal_arrivals,Число прибытий внутри региона,0.0,0.0,0.0,0.0,neutral,False,,,False,batch,246
413,internal_departures,Число выбытий из региона,0.0,0.0,0.0,0.0,neutral,False,,,False,batch,246
413,infant_mortality,Коэффициент младенческой смертности,0.0,0.0,0.0,0.0,neutral,False,,,False,batch,246
413,life_expectancy,Ожидаемая продолжительность жизни,0.0,0.0,0.0,0.0,neutral,False,,,False,batch,246
413,male_population,Число мужчин,0.0,0.0,0.0,0.0,neutral,False,,,False,batch,246
413,female_population,Число женщин,0.0,0.0,0.0,0.0,neutral,False,,,False,batch,246
413,per_capita_income,Среднедушевые денежные доходы населения,0.0,0.0,0.0,0.0,neutral,False,,,False,batch,246
413,real_income_index,Реальные денежные доходы населения,0.0,0.0,0.0,0.0,neutral,False,,,False,batch,246
413,unemployment_rate,Уровень безработицы,0.0,0.0,0.0,0.0,neutral,False,,,False,batch,246
413,living_wage,Величина прожиточного минимума на душу населения,0.0,0.0,0.0,0.0,neutral,False,,,False,batch,246
413,child_living_wage,Величина прожиточного минимума на ребенка,0.0,0.0,0.0,0.0,neutral,False,,,False,batch,246
413,hospitals,Число больничных организаций,0.0,0.0,0.0,0.0,neutral,False,,,False,batch,246
413,outpatient_clinics,Число амбулаторно-поликлинических организаций,0.0,0.0,0.0,0.0,neutral,False,,,False,batch,246
413,abortions,Число абортов,0.0,0.0,0.0,0.0,neutral,False,,,False,batch,246
413,qualified_doctors,Численность врачей высшей и первой квалификационных категорий,0.0,0.0,0.0,0.0,neutral,False,,,False,batch,246
413,preschool_coverage,Охват детей до 6 лет дошкольным образованием,0.0,0.0,0.0,0.0,neutral,False,,,False,batch,246
413,children_benefits,"Численность детей до 18 лет, на которых назначено пособие",0.0,0.0,0.0,0.0,neutral,False,,,False,batch,246
413,maternity_capital,"Численность лиц, получивших сертификат на материнский капитал",0.0,0.0,0.0,0.0,neutral,False,,,False,batch,246
413,childcare_allowance,Ежемесячное пособие по уходу за первым ребенком,0.0,0.0,0.0,0.0,neutral,False,,,False,batch,246
413,large_families_housing,"Многодетные семьи, улучшившие жилищные условия",0.0,0.0,0.0,0.0,neutral,False,,,False,batch,246
413,housing_area_per_capita,Общая площадь жилья на одного жителя,0.0,0.0,0.0,0.0,neutral,False,,,False,batch,246
413,consumer_price_index,Индексы потребительских цен,0.0,0.0,0.0,0.0,neutral,False,,,False,batch,246
413,primary_housing_price_index,Индексы цен на первичном рынке жилья,0.0,0.0,0.0,0.0,neutral,False,,,False,batch,246
413,secondary_housing_price_index,Индексы цен на вторичном рынке жилья,0.0,0.0,0.0,0.0,neutral,False,,,False,batch,246
413,industrial_production_index,Индексы промышленного производства,0.0,0.0,0.0,0.0,neutral,False,,,False,batch,246
413,enterprises_count,Число предприятий и организаций,0.0,0.0,0.0,0.0,neutral,False,,,False,batch,246
413,crime_count,Количество преступлений,0.0,0.0,0.0,0.0,neutral,False,,,False,batch,246
413,air_pollution,Выбросы загрязняющих веществ в атмосферный воздух,0.0,0.0,0.0,0.0,neutral,False,,,False,batch,246
413,wastewater_discharge,Сброс загрязненных сточных вод,0.0,0.0,0.0,0.0,neutral,False,,,False,batch,246
413,mortality_rate,Коэффициент смертности на 1000 человек,0.9,-0.8,0.8,0.9,negative,True,13 человек погибли после опрокидывания,погибшие -> mortality_rate,True,batch,246
413,birth_rate_per_1000,Коэффициент рождаемости на 1000 человек,0.0,0.0,0.0,0.0,neutral,False,,,False,batch,246
421,population_size,Численность населения,0.0,0.0,0.0,0.0,neutral,False,,,False,batch,255
421,divorce_rate,Число зарегистрированных разводов на 1000 населения,0.0,0.0,0.0,0.0,neutral,False,,,False,batch,255
421,marriage_rate,Число зарегистрированных браков на 1000 населения,0.0,0.0,0.0,0.0,neutral,False,,,False,batch,255
421,international_inflow,Число прибывших в страну,0.0,0.0,0.0,0.0,neutral,False,,,False,batch,255
421,international_outflow,Число выбывших из страны,0.0,0.0,0.0,0.0,neutral,False,,,False,batch,255
421,internal_arrivals,Число прибытий внутри региона,0.0,0.0,0.0,0.0,neutral,False,,,False,batch,255
421,internal_departures,Число выбытий из региона,0.0,0.0,0.0,0.0,neutral,False,,,False,batch,255
421,infant_mortality,Коэффициент младенческой смертности,0.0,0.0,0.0,0.0,neutral,False,,,False,batch,255
421,life_expectancy,Ожидаемая продолжительность жизни,0.0,0.0,0.0,0.0,neutral,False,,,False,batch,255
421,male_population,Число мужчин,0.0,0.0,0.0,0.0,neutral,False,,,False,batch,255
421,female_population,Число женщин,0.0,0.0,0.0,0.0,neutral,False,,,False,batch,255
421,per_capita_income,Среднедушевые денежные доходы населения,0.0,0.0,0.0,0.0,neutral,False,,,False,batch,255
421,real_income_index,Реальные денежные доходы населения,0.0,0.0,0.0,0.0,neutral,False,,,False,batch,255
421,unemployment_rate,Уровень безработицы,0.0,0.0,0.0,0.0,neutral,False,,,False,batch,255
421,living_wage,Величина прожиточного минимума на душу населения,0.0,0.0,0.0,0.0,neutral,False,,,False,batch,255
421,child_living_wage,Величина прожиточного минимума на ребенка,0.0,0.0,0.0,0.0,neutral,False,,,False,batch,255
421,hospitals,Число больничных организаций,0.0,0.0,0.0,0.0,neutral,False,,,False,batch,255
421,outpatient_clinics,Число амбулаторно-поликлинических организаций,0.0,0.0,0.0,0.0,neutral,False,,,False,batch,255
421,abortions,Число абортов,0.0,0.0,0.0,0.0,neutral,False,,,False,batch,255
421,qualified_doctors,Численность врачей высшей и первой квалификационных категорий,0.0,0.0,0.0,0.0,neutral,False,,,False,batch,255
421,preschool_coverage,Охват детей до 6 лет дошкольным образованием,0.0,0.0,0.0,0.0,neutral,False,,,False,batch,255
421,children_benefits,"Численность детей до 18 лет, на которых назначено пособие",0.0,0.0,0.0,0.0,neutral,False,,,False,batch,255
421,maternity_capital,"Численность лиц, получивших сертификат на материнский капитал",0.0,0.0,0.0,0.0,neutral,False,,,False,batch,255
421,childcare_allowance,Ежемесячное пособие по уходу за первым ребенком,0.0,0.0,0.0,0.0,neutral,False,,,False,batch,255
421,large_families_housing,"Многодетные семьи, улучшившие жилищные условия",0.0,0.0,0.0,0.0,neutral,False,,,False,batch,255
421,housing_area_per_capita,Общая площадь жилья на одного жителя,0.0,0.0,0.0,0.0,neutral,False,,,False,batch,255
421,consumer_price_index,Индексы потребительских цен,0.0,0.0,0.0,0.0,neutral,False,,,False,batch,255
421,primary_housing_price_index,Индексы цен на первичном рынке жилья,0.0,0.0,0.0,0.0,neutral,False,,,False,batch,255
421,secondary_housing_price_index,Индексы цен на вторичном рынке жилья,0.0,0.0,0.0,0.0,neutral,False,,,False,batch,255
421,industrial_production_index,Индексы промышленного производства,0.6,0.1,0.1,0.8,neutral,True,выплатить дивиденды за 9 месяцев,финансовые результаты компании,True,batch,255
421,enterprises_count,Число предприятий и организаций,0.0,0.0,0.0,0.0,neutral,False,,,False,batch,255
421,crime_count,Количество преступлений,0.0,0.0,0.0,0.0,neutral,False,,,False,batch,255
421,air_pollution,Выбросы загрязняющих веществ в атмосферный воздух,0.0,0.0,0.0,0.0,neutral,False,,,False,batch,255
421,wastewater_discharge,Сброс загрязненных сточных вод,0.0,0.0,0.0,0.0,neutral,False,,,False,batch,255
421,mortality_rate,Коэффициент смертности на 1000 человек,0.0,0.0,0.0,0.0,neutral,False,,,False,batch,255
421,birth_rate_per_1000,Коэффициент рождаемости на 1000 человек,0.0,0.0,0.0,0.0,neutral,False,,,False,batch,255
423,population_size,Численность населения,0.0,0.0,0.0,0.0,neutral,False,,,False,batch,271
423,divorce_rate,Число зарегистрированных разводов на 1000 населения,0.0,0.0,0.0,0.0,neutral,False,,,False,batch,271
423,marriage_rate,Число зарегистрированных браков на 1000 населения,0.0,0.0,0.0,0.0,neutral,False,,,False,batch,271
423,international_inflow,Число прибывших в страну,0.0,0.0,0.0,0.0,neutral,False,,,False,batch,271
423,international_outflow,Число выбывших из страны,0.3,0.0,0.0,0.7,neutral,True,содействовать переговорам по досье,содействие переговорам не является явным выездом людей,True,batch,271
423,internal_arrivals,Число прибытий внутри региона,0.0,0.0,0.0,0.0,neutral,False,,,False,batch,271
423,internal_departures,Число выбытий из региона,0.0,0.0,0.0,0.0,neutral,False,,,False,batch,271
423,infant_mortality,Коэффициент младенческой смертности,0.0,0.0,0.0,0.0,neutral,False,,,False,batch,271
423,life_expectancy,Ожидаемая продолжительность жизни,0.0,0.0,0.0,0.0,neutral,False,,,False,batch,271
423,male_population,Число мужчин,0.0,0.0,0.0,0.0,neutral,False,,,False,batch,271
423,female_population,Число женщин,0.0,0.0,0.0,0.0,neutral,False,,,False,batch,271
423,per_capita_income,Среднедушевые денежные доходы населения,0.0,0.0,0.0,0.0,neutral,False,,,False,batch,271
423,real_income_index,Реальные денежные доходы населения,0.0,0.0,0.0,0.0,neutral,False,,,False,batch,271
423,unemployment_rate,Уровень безработицы,0.0,0.0,0.0,0.0,neutral,False,,,False,batch,271
423,living_wage,Величина прожиточного минимума на душу населения,0.0,0.0,0.0,0.0,neutral,False,,,False,batch,271
423,child_living_wage,Величина прожиточного минимума на ребенка,0.0,0.0,0.0,0.0,neutral,False,,,False,batch,271
423,hospitals,Число больничных организаций,0.0,0.0,0.0,0.0,neutral,False,,,False,batch,271
423,outpatient_clinics,Число амбулаторно-поликлинических организаций,0.0,0.0,0.0,0.0,neutral,False,,,False,batch,271
423,abortions,Число абортов,0.0,0.0,0.0,0.0,neutral,False,,,False,batch,271
423,qualified_doctors,Численность врачей высшей и первой квалификационных категорий,0.0,0.0,0.0,0.0,neutral,False,,,False,batch,271
423,preschool_coverage,Охват детей до 6 лет дошкольным образованием,0.0,0.0,0.0,0.0,neutral,False,,,False,batch,271
423,children_benefits,"Численность детей до 18 лет, на которых назначено пособие",0.0,0.0,0.0,0.0,neutral,False,,,False,batch,271
423,maternity_capital,"Численность лиц, получивших сертификат на материнский капитал",0.0,0.0,0.0,0.0,neutral,False,,,False,batch,271
423,childcare_allowance,Ежемесячное пособие по уходу за первым ребенком,0.0,0.0,0.0,0.0,neutral,False,,,False,batch,271
423,large_families_housing,"Многодетные семьи, улучшившие жилищные условия",0.0,0.0,0.0,0.0,neutral,False,,,False,batch,271
423,housing_area_per_capita,Общая площадь жилья на одного жителя,0.0,0.0,0.0,0.0,neutral,False,,,False,batch,271
423,consumer_price_index,Индексы потребительских цен,0.0,0.0,0.0,0.0,neutral,False,,,False,batch,271
423,primary_housing_price_index,Индексы цен на первичном рынке жилья,0.0,0.0,0.0,0.0,neutral,False,,,False,batch,271
423,secondary_housing_price_index,Индексы цен на вторичном рынке жилья,0.0,0.0,0.0,0.0,neutral,False,,,False,batch,271
423,industrial_production_index,Индексы промышленного производства,0.0,0.0,0.0,0.0,neutral,False,,,False,batch,271
423,enterprises_count,Число предприятий и организаций,0.0,0.0,0.0,0.0,neutral,False,,,False,batch,271
423,crime_count,Количество преступлений,0.0,0.0,0.0,0.0,neutral,False,,,False,batch,271
423,air_pollution,Выбросы загрязняющих веществ в атмосферный воздух,0.0,0.0,0.0,0.0,neutral,False,,,False,batch,271
423,wastewater_discharge,Сброс загрязненных сточных вод,0.0,0.0,0.0,0.0,neutral,False,,,False,batch,271
423,mortality_rate,Коэффициент смертности на 1000 человек,0.0,0.0,0.0,0.0,neutral,False,,,False,batch,271
423,birth_rate_per_1000,Коэффициент рождаемости на 1000 человек,0.0,0.0,0.0,0.0,neutral,False,,,False,batch,271
425,population_size,Численность населения,0.0,0.0,0.0,0.0,neutral,False,,,False,batch,271
425,divorce_rate,Число зарегистрированных разводов на 1000 населения,0.0,0.0,0.0,0.0,neutral,False,,,False,batch,271
425,marriage_rate,Число зарегистрированных браков на 1000 населения,0.0,0.0,0.0,0.0,neutral,False,,,False,batch,271
425,international_inflow,Число прибывших в страну,0.0,0.0,0.0,0.0,neutral,False,,,False,batch,271
425,international_outflow,Число выбывших из страны,0.0,0.0,0.0,0.0,neutral,False,,,False,batch,271
425,internal_arrivals,Число прибытий внутри региона,0.0,0.0,0.0,0.0,neutral,False,,,False,batch,271
425,internal_departures,Число выбытий из региона,0.0,0.0,0.0,0.0,neutral,False,,,False,batch,271
425,infant_mortality,Коэффициент младенческой смертности,0.0,0.0,0.0,0.0,neutral,False,,,False,batch,271
425,life_expectancy,Ожидаемая продолжительность жизни,0.0,0.0,0.0,0.0,neutral,False,,,False,batch,271
425,male_population,Число мужчин,0.0,0.0,0.0,0.0,neutral,False,,,False,batch,271
425,female_population,Число женщин,0.0,0.0,0.0,0.0,neutral,False,,,False,batch,271
425,per_capita_income,Среднедушевые денежные доходы населения,0.0,0.0,0.0,0.0,neutral,False,,,False,batch,271
425,real_income_index,Реальные денежные доходы населения,0.0,0.0,0.0,0.0,neutral,False,,,False,batch,271
425,unemployment_rate,Уровень безработицы,0.0,0.0,0.0,0.0,neutral,False,,,False,batch,271
425,living_wage,Величина прожиточного минимума на душу населения,0.0,0.0,0.0,0.0,neutral,False,,,False,batch,271
425,child_living_wage,Величина прожиточного минимума на ребенка,0.0,0.0,0.0,0.0,neutral,False,,,False,batch,271
425,hospitals,Число больничных организаций,0.0,0.0,0.0,0.0,neutral,False,,,False,batch,271
425,outpatient_clinics,Число амбулаторно-поликлинических организаций,0.0,0.0,0.0,0.0,neutral,False,,,False,batch,271
425,abortions,Число абортов,0.0,0.0,0.0,0.0,neutral,False,,,False,batch,271
425,qualified_doctors,Численность врачей высшей и первой квалификационных категорий,0.0,0.0,0.0,0.0,neutral,False,,,False,batch,271
425,preschool_coverage,Охват детей до 6 лет дошкольным образованием,0.0,0.0,0.0,0.0,neutral,False,,,False,batch,271
425,children_benefits,"Численность детей до 18 лет, на которых назначено пособие",0.0,0.0,0.0,0.0,neutral,False,,,False,batch,271
425,maternity_capital,"Численность лиц, получивших сертификат на материнский капитал",0.0,0.0,0.0,0.0,neutral,False,,,False,batch,271
425,childcare_allowance,Ежемесячное пособие по уходу за первым ребенком,0.0,0.0,0.0,0.0,neutral,False,,,False,batch,271
425,large_families_housing,"Многодетные семьи, улучшившие жилищные условия",0.0,0.0,0.0,0.0,neutral,False,,,False,batch,271
425,housing_area_per_capita,Общая площадь жилья на одного жителя,0.0,0.0,0.0,0.0,neutral,False,,,False,batch,271
425,consumer_price_index,Индексы потребительских цен,0.0,0.0,0.0,0.0,neutral,False,,,False,batch,271
425,primary_housing_price_index,Индексы цен на первичном рынке жилья,0.0,0.0,0.0,0.0,neutral,False,,,False,batch,271
425,secondary_housing_price_index,Индексы цен на вторичном рынке жилья,0.0,0.0,0.0,0.0,neutral,False,,,False,batch,271
425,industrial_production_index,Индексы промышленного производства,0.9,0.0,0.0,0.9,neutral,True,проверил ключевое оборудование энергоблока,промышленное оборудование и эксплуатация,True,batch,271
425,enterprises_count,Число предприятий и организаций,0.0,0.0,0.0,0.0,neutral,False,,,False,batch,271
425,crime_count,Количество преступлений,0.0,0.0,0.0,0.0,neutral,False,,,False,batch,271
425,air_pollution,Выбросы загрязняющих веществ в атмосферный воздух,0.0,0.0,0.0,0.0,neutral,False,,,False,batch,271
425,wastewater_discharge,Сброс загрязненных сточных вод,0.0,0.0,0.0,0.0,neutral,False,,,False,batch,271
425,mortality_rate,Коэффициент смертности на 1000 человек,0.0,0.0,0.0,0.0,neutral,False,,,False,batch,271
425,birth_rate_per_1000,Коэффициент рождаемости на 1000 человек,0.0,0.0,0.0,0.0,neutral,False,,,False,batch,271
430,population_size,Численность населения,0.0,0.0,0.0,0.0,neutral,False,,,False,batch,257
430,divorce_rate,Число зарегистрированных разводов на 1000 населения,0.0,0.0,0.0,0.0,neutral,False,,,False,batch,257
430,marriage_rate,Число зарегистрированных браков на 1000 населения,0.0,0.0,0.0,0.0,neutral,False,,,False,batch,257
430,international_inflow,Число прибывших в страну,0.0,0.0,0.0,0.0,neutral,False,,,False,batch,257
430,international_outflow,Число выбывших из страны,0.6,0.0,0.3,0.7,neutral,True,единственный шанс на урегулирование,переговоры о встрече между странами,True,batch,257
430,internal_arrivals,Число прибытий внутри региона,0.0,0.0,0.0,0.0,neutral,False,,,False,batch,257
430,internal_departures,Число выбытий из региона,0.0,0.0,0.0,0.0,neutral,False,,,False,batch,257
430,infant_mortality,Коэффициент младенческой смертности,0.0,0.0,0.0,0.0,neutral,False,,,False,batch,257
430,life_expectancy,Ожидаемая продолжительность жизни,0.0,0.0,0.0,0.0,neutral,False,,,False,batch,257
430,male_population,Число мужчин,0.0,0.0,0.0,0.0,neutral,False,,,False,batch,257
430,female_population,Число женщин,0.0,0.0,0.0,0.0,neutral,False,,,False,batch,257
430,per_capita_income,Среднедушевые денежные доходы населения,0.0,0.0,0.0,0.0,neutral,False,,,False,batch,257
430,real_income_index,Реальные денежные доходы населения,0.0,0.0,0.0,0.0,neutral,False,,,False,batch,257
430,unemployment_rate,Уровень безработицы,0.0,0.0,0.0,0.0,neutral,False,,,False,batch,257
430,living_wage,Величина прожиточного минимума на душу населения,0.0,0.0,0.0,0.0,neutral,False,,,False,batch,257
430,child_living_wage,Величина прожиточного минимума на ребенка,0.0,0.0,0.0,0.0,neutral,False,,,False,batch,257
430,hospitals,Число больничных организаций,0.0,0.0,0.0,0.0,neutral,False,,,False,batch,257
430,outpatient_clinics,Число амбулаторно-поликлинических организаций,0.0,0.0,0.0,0.0,neutral,False,,,False,batch,257
430,abortions,Число абортов,0.0,0.0,0.0,0.0,neutral,False,,,False,batch,257
430,qualified_doctors,Численность врачей высшей и первой квалификационных категорий,0.0,0.0,0.0,0.0,neutral,False,,,False,batch,257
430,preschool_coverage,Охват детей до 6 лет дошкольным образованием,0.0,0.0,0.0,0.0,neutral,False,,,False,batch,257
430,children_benefits,"Численность детей до 18 лет, на которых назначено пособие",0.0,0.0,0.0,0.0,neutral,False,,,False,batch,257
430,maternity_capital,"Численность лиц, получивших сертификат на материнский капитал",0.0,0.0,0.0,0.0,neutral,False,,,False,batch,257
430,childcare_allowance,Ежемесячное пособие по уходу за первым ребенком,0.0,0.0,0.0,0.0,neutral,False,,,False,batch,257
430,large_families_housing,"Многодетные семьи, улучшившие жилищные условия",0.0,0.0,0.0,0.0,neutral,False,,,False,batch,257
430,housing_area_per_capita,Общая площадь жилья на одного жителя,0.0,0.0,0.0,0.0,neutral,False,,,False,batch,257
430,consumer_price_index,Индексы потребительских цен,0.0,0.0,0.0,0.0,neutral,False,,,False,batch,257
430,primary_housing_price_index,Индексы цен на первичном рынке жилья,0.0,0.0,0.0,0.0,neutral,False,,,False,batch,257
430,secondary_housing_price_index,Индексы цен на вторичном рынке жилья,0.0,0.0,0.0,0.0,neutral,False,,,False,batch,257
430,industrial_production_index,Индексы промышленного производства,0.0,0.0,0.0,0.0,neutral,False,,,False,batch,257
430,enterprises_count,Число предприятий и организаций,0.0,0.0,0.0,0.0,neutral,False,,,False,batch,257
430,crime_count,Количество преступлений,0.0,0.0,0.0,0.0,neutral,False,,,False,batch,257
430,air_pollution,Выбросы загрязняющих веществ в атмосферный воздух,0.0,0.0,0.0,0.0,neutral,False,,,False,batch,257
430,wastewater_discharge,Сброс загрязненных сточных вод,0.0,0.0,0.0,0.0,neutral,False,,,False,batch,257
430,mortality_rate,Коэффициент смертности на 1000 человек,0.0,0.0,0.0,0.0,neutral,False,,,False,batch,257
430,birth_rate_per_1000,Коэффициент рождаемости на 1000 человек,0.0,0.0,0.0,0.0,neutral,False,,,False,batch,257
432,population_size,Численность населения,0.0,0.0,0.0,0.0,neutral,False,,,False,batch,256
432,divorce_rate,Число зарегистрированных разводов на 1000 населения,0.0,0.0,0.0,0.0,neutral,False,,,False,batch,256
432,marriage_rate,Число зарегистрированных браков на 1000 населения,0.0,0.0,0.0,0.0,neutral,False,,,False,batch,256
432,international_inflow,Число прибывших в страну,0.6,0.3,0.1,0.8,positive,True,сотрудничество с США по космосу,международное сотрудничество в космосе,True,batch,256
432,international_outflow,Число выбывших из страны,0.0,0.0,0.0,0.0,neutral,False,,,False,batch,256
432,internal_arrivals,Число прибытий внутри региона,0.0,0.0,0.0,0.0,neutral,False,,,False,batch,256
432,internal_departures,Число выбытий из региона,0.0,0.0,0.0,0.0,neutral,False,,,False,batch,256
432,infant_mortality,Коэффициент младенческой смертности,0.0,0.0,0.0,0.0,neutral,False,,,False,batch,256
432,life_expectancy,Ожидаемая продолжительность жизни,0.0,0.0,0.0,0.0,neutral,False,,,False,batch,256
432,male_population,Число мужчин,0.0,0.0,0.0,0.0,neutral,False,,,False,batch,256
432,female_population,Число женщин,0.0,0.0,0.0,0.0,neutral,False,,,False,batch,256
432,per_capita_income,Среднедушевые денежные доходы населения,0.0,0.0,0.0,0.0,neutral,False,,,False,batch,256
432,real_income_index,Реальные денежные доходы населения,0.0,0.0,0.0,0.0,neutral,False,,,False,batch,256
432,unemployment_rate,Уровень безработицы,0.0,0.0,0.0,0.0,neutral,False,,,False,batch,256
432,living_wage,Величина прожиточного минимума на душу населения,0.0,0.0,0.0,0.0,neutral,False,,,False,batch,256
432,child_living_wage,Величина прожиточного минимума на ребенка,0.0,0.0,0.0,0.0,neutral,False,,,False,batch,256
432,hospitals,Число больничных организаций,0.0,0.0,0.0,0.0,neutral,False,,,False,batch,256
432,outpatient_clinics,Число амбулаторно-поликлинических организаций,0.0,0.0,0.0,0.0,neutral,False,,,False,batch,256
432,abortions,Число абортов,0.0,0.0,0.0,0.0,neutral,False,,,False,batch,256
432,qualified_doctors,Численность врачей высшей и первой квалификационных категорий,0.0,0.0,0.0,0.0,neutral,False,,,False,batch,256
432,preschool_coverage,Охват детей до 6 лет дошкольным образованием,0.0,0.0,0.0,0.0,neutral,False,,,False,batch,256
432,children_benefits,"Численность детей до 18 лет, на которых назначено пособие",0.0,0.0,0.0,0.0,neutral,False,,,False,batch,256
432,maternity_capital,"Численность лиц, получивших сертификат на материнский капитал",0.0,0.0,0.0,0.0,neutral,False,,,False,batch,256
432,childcare_allowance,Ежемесячное пособие по уходу за первым ребенком,0.0,0.0,0.0,0.0,neutral,False,,,False,batch,256
432,large_families_housing,"Многодетные семьи, улучшившие жилищные условия",0.0,0.0,0.0,0.0,neutral,False,,,False,batch,256
432,housing_area_per_capita,Общая площадь жилья на одного жителя,0.0,0.0,0.0,0.0,neutral,False,,,False,batch,256
432,consumer_price_index,Индексы потребительских цен,0.0,0.0,0.0,0.0,neutral,False,,,False,batch,256
432,primary_housing_price_index,Индексы цен на первичном рынке жилья,0.0,0.0,0.0,0.0,neutral,False,,,False,batch,256
432,secondary_housing_price_index,Индексы цен на вторичном рынке жилья,0.0,0.0,0.0,0.0,neutral,False,,,False,batch,256
432,industrial_production_index,Индексы промышленного производства,0.0,0.0,0.0,0.0,neutral,False,,,False,batch,256
432,enterprises_count,Число предприятий и организаций,0.0,0.0,0.0,0.0,neutral,False,,,False,batch,256
432,crime_count,Количество преступлений,0.0,0.0,0.0,0.0,neutral,False,,,False,batch,256
432,air_pollution,Выбросы загрязняющих веществ в атмосферный воздух,0.0,0.0,0.0,0.0,neutral,False,,,False,batch,256
432,wastewater_discharge,Сброс загрязненных сточных вод,0.0,0.0,0.0,0.0,neutral,False,,,False,batch,256
432,mortality_rate,Коэффициент смертности на 1000 человек,0.0,0.0,0.0,0.0,neutral,False,,,False,batch,256
432,birth_rate_per_1000,Коэффициент рождаемости на 1000 человек,0.0,0.0,0.0,0.0,neutral,False,,,False,batch,256
441,population_size,Численность населения,0.0,0.0,0.0,0.0,neutral,False,,,False,batch,231
441,divorce_rate,Число зарегистрированных разводов на 1000 населения,0.0,0.0,0.0,0.0,neutral,False,,,False,batch,231
441,marriage_rate,Число зарегистрированных браков на 1000 населения,0.0,0.0,0.0,0.0,neutral,False,,,False,batch,231
441,international_inflow,Число прибывших в страну,0.0,0.0,0.0,0.0,neutral,False,,,False,batch,231
441,international_outflow,Число выбывших из страны,0.0,0.0,0.0,0.0,neutral,False,,,False,batch,231
441,internal_arrivals,Число прибытий внутри региона,0.0,0.0,0.0,0.0,neutral,False,,,False,batch,231
441,internal_departures,Число выбытий из региона,0.0,0.0,0.0,0.0,neutral,False,,,False,batch,231
441,infant_mortality,Коэффициент младенческой смертности,0.0,0.0,0.0,0.0,neutral,False,,,False,batch,231
441,life_expectancy,Ожидаемая продолжительность жизни,0.0,0.0,0.0,0.0,neutral,False,,,False,batch,231
441,male_population,Число мужчин,0.0,0.0,0.0,0.0,neutral,False,,,False,batch,231
441,female_population,Число женщин,0.0,0.0,0.0,0.0,neutral,False,,,False,batch,231
441,per_capita_income,Среднедушевые денежные доходы населения,0.0,0.0,0.0,0.0,neutral,False,,,False,batch,231
441,real_income_index,Реальные денежные доходы населения,0.0,0.0,0.0,0.0,neutral,False,,,False,batch,231
441,unemployment_rate,Уровень безработицы,0.0,0.0,0.0,0.0,neutral,False,,,False,batch,231
441,living_wage,Величина прожиточного минимума на душу населения,0.0,0.0,0.0,0.0,neutral,False,,,False,batch,231
441,child_living_wage,Величина прожиточного минимума на ребенка,0.0,0.0,0.0,0.0,neutral,False,,,False,batch,231
441,hospitals,Число больничных организаций,0.0,0.0,0.0,0.0,neutral,False,,,False,batch,231
441,outpatient_clinics,Число амбулаторно-поликлинических организаций,0.0,0.0,0.0,0.0,neutral,False,,,False,batch,231
441,abortions,Число абортов,0.0,0.0,0.0,0.0,neutral,False,,,False,batch,231
441,qualified_doctors,Численность врачей высшей и первой квалификационных категорий,0.0,0.0,0.0,0.0,neutral,False,,,False,batch,231
441,preschool_coverage,Охват детей до 6 лет дошкольным образованием,0.0,0.0,0.0,0.0,neutral,False,,,False,batch,231
441,children_benefits,"Численность детей до 18 лет, на которых назначено пособие",0.0,0.0,0.0,0.0,neutral,False,,,False,batch,231
441,maternity_capital,"Численность лиц, получивших сертификат на материнский капитал",0.0,0.0,0.0,0.0,neutral,False,,,False,batch,231
441,childcare_allowance,Ежемесячное пособие по уходу за первым ребенком,0.0,0.0,0.0,0.0,neutral,False,,,False,batch,231
441,large_families_housing,"Многодетные семьи, улучшившие жилищные условия",0.0,0.0,0.0,0.0,neutral,False,,,False,batch,231
441,housing_area_per_capita,Общая площадь жилья на одного жителя,0.0,0.0,0.0,0.0,neutral,False,,,False,batch,231
441,consumer_price_index,Индексы потребительских цен,0.0,0.0,0.0,0.0,neutral,False,,,False,batch,231
441,primary_housing_price_index,Индексы цен на первичном рынке жилья,0.0,0.0,0.0,0.0,neutral,False,,,False,batch,231
441,secondary_housing_price_index,Индексы цен на вторичном рынке жилья,0.0,0.0,0.0,0.0,neutral,False,,,False,batch,231
441,industrial_production_index,Индексы промышленного производства,0.0,0.0,0.0,0.0,neutral,False,,,False,batch,231
441,enterprises_count,Число предприятий и организаций,0.0,0.0,0.0,0.0,neutral,False,,,False,batch,231
441,crime_count,Количество преступлений,0.6,-0.5,0.5,0.8,negative,True,сбитые дроны над Крымом,сбитие дронов как форма атаки,True,batch,231
441,air_pollution,Выбросы загрязняющих веществ в атмосферный воздух,0.0,0.0,0.0,0.0,neutral,False,,,False,batch,231
441,wastewater_discharge,Сброс загрязненных сточных вод,0.0,0.0,0.0,0.0,neutral,False,,,False,batch,231
441,mortality_rate,Коэффициент смертности на 1000 человек,0.0,0.0,0.0,0.0,neutral,False,,,False,batch,231
441,birth_rate_per_1000,Коэффициент рождаемости на 1000 человек,0.0,0.0,0.0,0.0,neutral,False,,,False,batch,231
442,population_size,Численность населения,0.0,0.0,0.0,0.0,neutral,False,,,False,neutral_after_error,0
442,divorce_rate,Число зарегистрированных разводов на 1000 населения,0.0,0.0,0.0,0.0,neutral,False,,,False,neutral_after_error,0
442,marriage_rate,Число зарегистрированных браков на 1000 населения,0.0,0.0,0.0,0.0,neutral,False,,,False,neutral_after_error,0
442,international_inflow,Число прибывших в страну,0.0,0.0,0.0,0.0,neutral,False,,,False,neutral_after_error,0
442,international_outflow,Число выбывших из страны,0.0,0.0,0.0,0.0,neutral,False,,,False,neutral_after_error,0
442,internal_arrivals,Число прибытий внутри региона,0.0,0.0,0.0,0.0,neutral,False,,,False,neutral_after_error,0
442,internal_departures,Число выбытий из региона,0.0,0.0,0.0,0.0,neutral,False,,,False,neutral_after_error,0
442,infant_mortality,Коэффициент младенческой смертности,0.0,0.0,0.0,0.0,neutral,False,,,False,neutral_after_error,0
442,life_expectancy,Ожидаемая продолжительность жизни,0.0,0.0,0.0,0.0,neutral,False,,,False,neutral_after_error,0
442,male_population,Число мужчин,0.0,0.0,0.0,0.0,neutral,False,,,False,neutral_after_error,0
442,female_population,Число женщин,0.0,0.0,0.0,0.0,neutral,False,,,False,neutral_after_error,0
442,per_capita_income,Среднедушевые денежные доходы населения,0.0,0.0,0.0,0.0,neutral,False,,,False,neutral_after_error,0
442,real_income_index,Реальные денежные доходы населения,0.0,0.0,0.0,0.0,neutral,False,,,False,neutral_after_error,0
442,unemployment_rate,Уровень безработицы,0.0,0.0,0.0,0.0,neutral,False,,,False,neutral_after_error,0
442,living_wage,Величина прожиточного минимума на душу населения,0.0,0.0,0.0,0.0,neutral,False,,,False,neutral_after_error,0
442,child_living_wage,Величина прожиточного минимума на ребенка,0.0,0.0,0.0,0.0,neutral,False,,,False,neutral_after_error,0
442,hospitals,Число больничных организаций,0.0,0.0,0.0,0.0,neutral,False,,,False,neutral_after_error,0
442,outpatient_clinics,Число амбулаторно-поликлинических организаций,0.0,0.0,0.0,0.0,neutral,False,,,False,neutral_after_error,0
442,abortions,Число абортов,0.0,0.0,0.0,0.0,neutral,False,,,False,neutral_after_error,0
442,qualified_doctors,Численность врачей высшей и первой квалификационных категорий,0.0,0.0,0.0,0.0,neutral,False,,,False,neutral_after_error,0
442,preschool_coverage,Охват детей до 6 лет дошкольным образованием,0.0,0.0,0.0,0.0,neutral,False,,,False,neutral_after_error,0
442,children_benefits,"Численность детей до 18 лет, на которых назначено пособие",0.0,0.0,0.0,0.0,neutral,False,,,False,neutral_after_error,0
442,maternity_capital,"Численность лиц, получивших сертификат на материнский капитал",0.0,0.0,0.0,0.0,neutral,False,,,False,neutral_after_error,0
442,childcare_allowance,Ежемесячное пособие по уходу за первым ребенком,0.0,0.0,0.0,0.0,neutral,False,,,False,neutral_after_error,0
442,large_families_housing,"Многодетные семьи, улучшившие жилищные условия",0.0,0.0,0.0,0.0,neutral,False,,,False,neutral_after_error,0
442,housing_area_per_capita,Общая площадь жилья на одного жителя,0.0,0.0,0.0,0.0,neutral,False,,,False,neutral_after_error,0
442,consumer_price_index,Индексы потребительских цен,0.0,0.0,0.0,0.0,neutral,False,,,False,neutral_after_error,0
442,primary_housing_price_index,Индексы цен на первичном рынке жилья,0.0,0.0,0.0,0.0,neutral,False,,,False,neutral_after_error,0
442,secondary_housing_price_index,Индексы цен на вторичном рынке жилья,0.0,0.0,0.0,0.0,neutral,False,,,False,neutral_after_error,0
442,industrial_production_index,Индексы промышленного производства,0.0,0.0,0.0,0.0,neutral,False,,,False,neutral_after_error,0
442,enterprises_count,Число предприятий и организаций,0.0,0.0,0.0,0.0,neutral,False,,,False,neutral_after_error,0
442,crime_count,Количество преступлений,0.0,0.0,0.0,0.0,neutral,False,,,False,neutral_after_error,0
442,air_pollution,Выбросы загрязняющих веществ в атмосферный воздух,0.0,0.0,0.0,0.0,neutral,False,,,False,neutral_after_error,0
442,wastewater_discharge,Сброс загрязненных сточных вод,0.0,0.0,0.0,0.0,neutral,False,,,False,neutral_after_error,0
442,mortality_rate,Коэффициент смертности на 1000 человек,0.0,0.0,0.0,0.0,neutral,False,,,False,neutral_after_error,0
442,birth_rate_per_1000,Коэффициент рождаемости на 1000 человек,0.0,0.0,0.0,0.0,neutral,False,,,False,neutral_after_error,0
446,population_size,Численность населения,0.0,0.0,0.0,0.0,neutral,False,,,False,batch,251
446,divorce_rate,Число зарегистрированных разводов на 1000 населения,0.0,0.0,0.0,0.0,neutral,False,,,False,batch,251
446,marriage_rate,Число зарегистрированных браков на 1000 населения,0.0,0.0,0.0,0.0,neutral,False,,,False,batch,251
446,international_inflow,Число прибывших в страну,0.0,0.0,0.0,0.0,neutral,False,,,False,batch,251
446,international_outflow,Число выбывших из страны,0.0,0.0,0.0,0.0,neutral,False,,,False,batch,251
446,internal_arrivals,Число прибытий внутри региона,0.0,0.0,0.0,0.0,neutral,False,,,False,batch,251
446,internal_departures,Число выбытий из региона,0.0,0.0,0.0,0.0,neutral,False,,,False,batch,251
446,infant_mortality,Коэффициент младенческой смертности,0.0,0.0,0.0,0.0,neutral,False,,,False,batch,251
446,life_expectancy,Ожидаемая продолжительность жизни,0.0,0.0,0.0,0.0,neutral,False,,,False,batch,251
446,male_population,Число мужчин,0.0,0.0,0.0,0.0,neutral,False,,,False,batch,251
446,female_population,Число женщин,0.0,0.0,0.0,0.0,neutral,False,,,False,batch,251
446,per_capita_income,Среднедушевые денежные доходы населения,0.0,0.0,0.0,0.0,neutral,False,,,False,batch,251
446,real_income_index,Реальные денежные доходы населения,0.0,0.0,0.0,0.0,neutral,False,,,False,batch,251
446,unemployment_rate,Уровень безработицы,0.0,0.0,0.0,0.0,neutral,False,,,False,batch,251
446,living_wage,Величина прожиточного минимума на душу населения,0.0,0.0,0.0,0.0,neutral,False,,,False,batch,251
446,child_living_wage,Величина прожиточного минимума на ребенка,0.0,0.0,0.0,0.0,neutral,False,,,False,batch,251
446,hospitals,Число больничных организаций,0.0,0.0,0.0,0.0,neutral,False,,,False,batch,251
446,outpatient_clinics,Число амбулаторно-поликлинических организаций,0.0,0.0,0.0,0.0,neutral,False,,,False,batch,251
446,abortions,Число абортов,0.0,0.0,0.0,0.0,neutral,False,,,False,batch,251
446,qualified_doctors,Численность врачей высшей и первой квалификационных категорий,0.0,0.0,0.0,0.0,neutral,False,,,False,batch,251
446,preschool_coverage,Охват детей до 6 лет дошкольным образованием,0.0,0.0,0.0,0.0,neutral,False,,,False,batch,251
446,children_benefits,"Численность детей до 18 лет, на которых назначено пособие",0.0,0.0,0.0,0.0,neutral,False,,,False,batch,251
446,maternity_capital,"Численность лиц, получивших сертификат на материнский капитал",0.0,0.0,0.0,0.0,neutral,False,,,False,batch,251
446,childcare_allowance,Ежемесячное пособие по уходу за первым ребенком,0.0,0.0,0.0,0.0,neutral,False,,,False,batch,251
446,large_families_housing,"Многодетные семьи, улучшившие жилищные условия",0.0,0.0,0.0,0.0,neutral,False,,,False,batch,251
446,housing_area_per_capita,Общая площадь жилья на одного жителя,0.0,0.0,0.0,0.0,neutral,False,,,False,batch,251
446,consumer_price_index,Индексы потребительских цен,0.6,0.1,0.1,0.8,neutral,True,размещение ЦФА на 3 млрд рублей,финансовые инструменты и стоимость,True,batch,251
446,primary_housing_price_index,Индексы цен на первичном рынке жилья,0.0,0.0,0.0,0.0,neutral,False,,,False,batch,251
446,secondary_housing_price_index,Индексы цен на вторичном рынке жилья,0.0,0.0,0.0,0.0,neutral,False,,,False,batch,251
446,industrial_production_index,Индексы промышленного производства,0.0,0.0,0.0,0.0,neutral,False,,,False,batch,251
446,enterprises_count,Число предприятий и организаций,0.0,0.0,0.0,0.0,neutral,False,,,False,batch,251
446,crime_count,Количество преступлений,0.0,0.0,0.0,0.0,neutral,False,,,False,batch,251
446,air_pollution,Выбросы загрязняющих веществ в атмосферный воздух,0.0,0.0,0.0,0.0,neutral,False,,,False,batch,251
446,wastewater_discharge,Сброс загрязненных сточных вод,0.0,0.0,0.0,0.0,neutral,False,,,False,batch,251
446,mortality_rate,Коэффициент смертности на 1000 человек,0.0,0.0,0.0,0.0,neutral,False,,,False,batch,251
446,birth_rate_per_1000,Коэффициент рождаемости на 1000 человек,0.0,0.0,0.0,0.0,neutral,False,,,False,batch,251
447,population_size,Численность населения,0.0,0.0,0.0,0.0,neutral,False,,,False,batch,241
447,divorce_rate,Число зарегистрированных разводов на 1000 населения,0.0,0.0,0.0,0.0,neutral,False,,,False,batch,241
447,marriage_rate,Число зарегистрированных браков на 1000 населения,0.0,0.0,0.0,0.0,neutral,False,,,False,batch,241
447,international_inflow,Число прибывших в страну,0.0,0.0,0.0,0.0,neutral,False,,,False,batch,241
447,international_outflow,Число выбывших из страны,0.0,0.0,0.0,0.0,neutral,False,,,False,batch,241
447,internal_arrivals,Число прибытий внутри региона,0.0,0.0,0.0,0.0,neutral,False,,,False,batch,241
447,internal_departures,Число выбытий из региона,0.0,0.0,0.0,0.0,neutral,False,,,False,batch,241
447,infant_mortality,Коэффициент младенческой смертности,0.0,0.0,0.0,0.0,neutral,False,,,False,batch,241
447,life_expectancy,Ожидаемая продолжительность жизни,0.0,0.0,0.0,0.0,neutral,False,,,False,batch,241
447,male_population,Число мужчин,0.0,0.0,0.0,0.0,neutral,False,,,False,batch,241
447,female_population,Число женщин,0.0,0.0,0.0,0.0,neutral,False,,,False,batch,241
447,per_capita_income,Среднедушевые денежные доходы населения,0.0,0.0,0.0,0.0,neutral,False,,,False,batch,241
447,real_income_index,Реальные денежные доходы населения,0.0,0.0,0.0,0.0,neutral,False,,,False,batch,241
447,unemployment_rate,Уровень безработицы,0.0,0.0,0.0,0.0,neutral,False,,,False,batch,241
447,living_wage,Величина прожиточного минимума на душу населения,0.0,0.0,0.0,0.0,neutral,False,,,False,batch,241
447,child_living_wage,Величина прожиточного минимума на ребенка,0.0,0.0,0.0,0.0,neutral,False,,,False,batch,241
447,hospitals,Число больничных организаций,0.0,0.0,0.0,0.0,neutral,False,,,False,batch,241
447,outpatient_clinics,Число амбулаторно-поликлинических организаций,0.0,0.0,0.0,0.0,neutral,False,,,False,batch,241
447,abortions,Число абортов,0.0,0.0,0.0,0.0,neutral,False,,,False,batch,241
447,qualified_doctors,Численность врачей высшей и первой квалификационных категорий,0.0,0.0,0.0,0.0,neutral,False,,,False,batch,241
447,preschool_coverage,Охват детей до 6 лет дошкольным образованием,0.0,0.0,0.0,0.0,neutral,False,,,False,batch,241
447,children_benefits,"Численность детей до 18 лет, на которых назначено пособие",0.0,0.0,0.0,0.0,neutral,False,,,False,batch,241
447,maternity_capital,"Численность лиц, получивших сертификат на материнский капитал",0.0,0.0,0.0,0.0,neutral,False,,,False,batch,241
447,childcare_allowance,Ежемесячное пособие по уходу за первым ребенком,0.0,0.0,0.0,0.0,neutral,False,,,False,batch,241
447,large_families_housing,"Многодетные семьи, улучшившие жилищные условия",0.0,0.0,0.0,0.0,neutral,False,,,False,batch,241
447,housing_area_per_capita,Общая площадь жилья на одного жителя,0.0,0.0,0.0,0.0,neutral,False,,,False,batch,241
447,consumer_price_index,Индексы потребительских цен,0.0,0.0,0.0,0.0,neutral,False,,,False,batch,241
447,primary_housing_price_index,Индексы цен на первичном рынке жилья,0.0,0.0,0.0,0.0,neutral,False,,,False,batch,241
447,secondary_housing_price_index,Индексы цен на вторичном рынке жилья,0.0,0.0,0.0,0.0,neutral,False,,,False,batch,241
447,industrial_production_index,Индексы промышленного производства,0.0,0.0,0.0,0.0,neutral,False,,,False,batch,241
447,enterprises_count,Число предприятий и организаций,0.0,0.0,0.0,0.0,neutral,False,,,False,batch,241
447,crime_count,Количество преступлений,0.6,-0.5,0.5,0.8,negative,True,"обвинения в коррупции, мошенничество",уголовные дела и обвинения,True,batch,241
447,air_pollution,Выбросы загрязняющих веществ в атмосферный воздух,0.0,0.0,0.0,0.0,neutral,False,,,False,batch,241
447,wastewater_discharge,Сброс загрязненных сточных вод,0.0,0.0,0.0,0.0,neutral,False,,,False,batch,241
447,mortality_rate,Коэффициент смертности на 1000 человек,0.0,0.0,0.0,0.0,neutral,False,,,False,batch,241
447,birth_rate_per_1000,Коэффициент рождаемости на 1000 человек,0.0,0.0,0.0,0.0,neutral,False,,,False,batch,241
455,population_size,Численность населения,0.0,0.0,0.0,0.0,neutral,False,,,False,batch,229
455,divorce_rate,Число зарегистрированных разводов на 1000 населения,0.0,0.0,0.0,0.0,neutral,False,,,False,batch,229
455,marriage_rate,Число зарегистрированных браков на 1000 населения,0.0,0.0,0.0,0.0,neutral,False,,,False,batch,229
455,international_inflow,Число прибывших в страну,0.3,0.0,0.0,0.7,neutral,True,встретился с главами МИД,встреча дипломатическая,True,batch,229
455,international_outflow,Число выбывших из страны,0.0,0.0,0.0,0.0,neutral,False,,,False,batch,229
455,internal_arrivals,Число прибытий внутри региона,0.0,0.0,0.0,0.0,neutral,False,,,False,batch,229
455,internal_departures,Число выбытий из региона,0.0,0.0,0.0,0.0,neutral,False,,,False,batch,229
455,infant_mortality,Коэффициент младенческой смертности,0.0,0.0,0.0,0.0,neutral,False,,,False,batch,229
455,life_expectancy,Ожидаемая продолжительность жизни,0.0,0.0,0.0,0.0,neutral,False,,,False,batch,229
455,male_population,Число мужчин,0.0,0.0,0.0,0.0,neutral,False,,,False,batch,229
455,female_population,Число женщин,0.0,0.0,0.0,0.0,neutral,False,,,False,batch,229
455,per_capita_income,Среднедушевые денежные доходы населения,0.0,0.0,0.0,0.0,neutral,False,,,False,batch,229
455,real_income_index,Реальные денежные доходы населения,0.0,0.0,0.0,0.0,neutral,False,,,False,batch,229
455,unemployment_rate,Уровень безработицы,0.0,0.0,0.0,0.0,neutral,False,,,False,batch,229
455,living_wage,Величина прожиточного минимума на душу населения,0.0,0.0,0.0,0.0,neutral,False,,,False,batch,229
455,child_living_wage,Величина прожиточного минимума на ребенка,0.0,0.0,0.0,0.0,neutral,False,,,False,batch,229
455,hospitals,Число больничных организаций,0.0,0.0,0.0,0.0,neutral,False,,,False,batch,229
455,outpatient_clinics,Число амбулаторно-поликлинических организаций,0.0,0.0,0.0,0.0,neutral,False,,,False,batch,229
455,abortions,Число абортов,0.0,0.0,0.0,0.0,neutral,False,,,False,batch,229
455,qualified_doctors,Численность врачей высшей и первой квалификационных категорий,0.0,0.0,0.0,0.0,neutral,False,,,False,batch,229
455,preschool_coverage,Охват детей до 6 лет дошкольным образованием,0.0,0.0,0.0,0.0,neutral,False,,,False,batch,229
455,children_benefits,"Численность детей до 18 лет, на которых назначено пособие",0.0,0.0,0.0,0.0,neutral,False,,,False,batch,229
455,maternity_capital,"Численность лиц, получивших сертификат на материнский капитал",0.0,0.0,0.0,0.0,neutral,False,,,False,batch,229
455,childcare_allowance,Ежемесячное пособие по уходу за первым ребенком,0.0,0.0,0.0,0.0,neutral,False,,,False,batch,229
455,large_families_housing,"Многодетные семьи, улучшившие жилищные условия",0.0,0.0,0.0,0.0,neutral,False,,,False,batch,229
455,housing_area_per_capita,Общая площадь жилья на одного жителя,0.0,0.0,0.0,0.0,neutral,False,,,False,batch,229
455,consumer_price_index,Индексы потребительских цен,0.0,0.0,0.0,0.0,neutral,False,,,False,batch,229
455,primary_housing_price_index,Индексы цен на первичном рынке жилья,0.0,0.0,0.0,0.0,neutral,False,,,False,batch,229
455,secondary_housing_price_index,Индексы цен на вторичном рынке жилья,0.0,0.0,0.0,0.0,neutral,False,,,False,batch,229
455,industrial_production_index,Индексы промышленного производства,0.0,0.0,0.0,0.0,neutral,False,,,False,batch,229
455,enterprises_count,Число предприятий и организаций,0.0,0.0,0.0,0.0,neutral,False,,,False,batch,229
455,crime_count,Количество преступлений,0.0,0.0,0.0,0.0,neutral,False,,,False,batch,229
455,air_pollution,Выбросы загрязняющих веществ в атмосферный воздух,0.0,0.0,0.0,0.0,neutral,False,,,False,batch,229
455,wastewater_discharge,Сброс загрязненных сточных вод,0.0,0.0,0.0,0.0,neutral,False,,,False,batch,229
455,mortality_rate,Коэффициент смертности на 1000 человек,0.0,0.0,0.0,0.0,neutral,False,,,False,batch,229
455,birth_rate_per_1000,Коэффициент рождаемости на 1000 человек,0.0,0.0,0.0,0.0,neutral,False,,,False,batch,229
466,population_size,Численность населения,0.0,0.0,0.0,0.0,neutral,False,,,False,batch,262
466,divorce_rate,Число зарегистрированных разводов на 1000 населения,0.0,0.0,0.0,0.0,neutral,False,,,False,batch,262
466,marriage_rate,Число зарегистрированных браков на 1000 населения,0.0,0.0,0.0,0.0,neutral,False,,,False,batch,262
466,international_inflow,Число прибывших в страну,0.0,0.0,0.0,0.0,neutral,False,,,False,batch,262
466,international_outflow,Число выбывших из страны,0.0,0.0,0.0,0.0,neutral,False,,,False,batch,262
466,internal_arrivals,Число прибытий внутри региона,0.0,0.0,0.0,0.0,neutral,False,,,False,batch,262
466,internal_departures,Число выбытий из региона,0.0,0.0,0.0,0.0,neutral,False,,,False,batch,262
466,infant_mortality,Коэффициент младенческой смертности,0.0,0.0,0.0,0.0,neutral,False,,,False,batch,262
466,life_expectancy,Ожидаемая продолжительность жизни,0.0,0.0,0.0,0.0,neutral,False,,,False,batch,262
466,male_population,Число мужчин,0.0,0.0,0.0,0.0,neutral,False,,,False,batch,262
466,female_population,Число женщин,0.0,0.0,0.0,0.0,neutral,False,,,False,batch,262
466,per_capita_income,Среднедушевые денежные доходы населения,0.0,0.0,0.0,0.0,neutral,False,,,False,batch,262
466,real_income_index,Реальные денежные доходы населения,0.0,0.0,0.0,0.0,neutral,False,,,False,batch,262
466,unemployment_rate,Уровень безработицы,0.0,0.0,0.0,0.0,neutral,False,,,False,batch,262
466,living_wage,Величина прожиточного минимума на душу населения,0.0,0.0,0.0,0.0,neutral,False,,,False,batch,262
466,child_living_wage,Величина прожиточного минимума на ребенка,0.0,0.0,0.0,0.0,neutral,False,,,False,batch,262
466,hospitals,Число больничных организаций,0.0,0.0,0.0,0.0,neutral,False,,,False,batch,262
466,outpatient_clinics,Число амбулаторно-поликлинических организаций,0.0,0.0,0.0,0.0,neutral,False,,,False,batch,262
466,abortions,Число абортов,0.0,0.0,0.0,0.0,neutral,False,,,False,batch,262
466,qualified_doctors,Численность врачей высшей и первой квалификационных категорий,0.0,0.0,0.0,0.0,neutral,False,,,False,batch,262
466,preschool_coverage,Охват детей до 6 лет дошкольным образованием,0.0,0.0,0.0,0.0,neutral,False,,,False,batch,262
466,children_benefits,"Численность детей до 18 лет, на которых назначено пособие",0.0,0.0,0.0,0.0,neutral,False,,,False,batch,262
466,maternity_capital,"Численность лиц, получивших сертификат на материнский капитал",0.0,0.0,0.0,0.0,neutral,False,,,False,batch,262
466,childcare_allowance,Ежемесячное пособие по уходу за первым ребенком,0.0,0.0,0.0,0.0,neutral,False,,,False,batch,262
466,large_families_housing,"Многодетные семьи, улучшившие жилищные условия",0.0,0.0,0.0,0.0,neutral,False,,,False,batch,262
466,housing_area_per_capita,Общая площадь жилья на одного жителя,0.0,0.0,0.0,0.0,neutral,False,,,False,batch,262
466,consumer_price_index,Индексы потребительских цен,0.0,0.0,0.0,0.0,neutral,False,,,False,batch,262
466,primary_housing_price_index,Индексы цен на первичном рынке жилья,0.0,0.0,0.0,0.0,neutral,False,,,False,batch,262
466,secondary_housing_price_index,Индексы цен на вторичном рынке жилья,0.0,0.0,0.0,0.0,neutral,False,,,False,batch,262
466,industrial_production_index,Индексы промышленного производства,0.9,0.5,0.5,0.9,positive,True,акции оборонных компаний выросли,оборонные компании -> промышленность,True,batch,262
466,enterprises_count,Число предприятий и организаций,0.0,0.0,0.0,0.0,neutral,False,,,False,batch,262
466,crime_count,Количество преступлений,0.0,0.0,0.0,0.0,neutral,False,,,False,batch,262
466,air_pollution,Выбросы загрязняющих веществ в атмосферный воздух,0.0,0.0,0.0,0.0,neutral,False,,,False,batch,262
466,wastewater_discharge,Сброс загрязненных сточных вод,0.0,0.0,0.0,0.0,neutral,False,,,False,batch,262
466,mortality_rate,Коэффициент смертности на 1000 человек,0.0,0.0,0.0,0.0,neutral,False,,,False,batch,262
466,birth_rate_per_1000,Коэффициент рождаемости на 1000 человек,0.0,0.0,0.0,0.0,neutral,False,,,False,batch,262
468,population_size,Численность населения,0.0,0.0,0.0,0.0,neutral,False,,,False,batch,298
468,divorce_rate,Число зарегистрированных разводов на 1000 населения,0.0,0.0,0.0,0.0,neutral,False,,,False,batch,298
468,marriage_rate,Число зарегистрированных браков на 1000 населения,0.0,0.0,0.0,0.0,neutral,False,,,False,batch,298
468,international_inflow,Число прибывших в страну,0.0,0.0,0.0,0.0,neutral,False,,,False,batch,298
468,international_outflow,Число выбывших из страны,0.0,0.0,0.0,0.0,neutral,False,,,False,batch,298
468,internal_arrivals,Число прибытий внутри региона,0.0,0.0,0.0,0.0,neutral,False,,,False,batch,298
468,internal_departures,Число выбытий из региона,0.0,0.0,0.0,0.0,neutral,False,,,False,batch,298
468,infant_mortality,Коэффициент младенческой смертности,0.0,0.0,0.0,0.0,neutral,False,,,False,batch,298
468,life_expectancy,Ожидаемая продолжительность жизни,0.0,0.0,0.0,0.0,neutral,False,,,False,batch,298
468,male_population,Число мужчин,0.0,0.0,0.0,0.0,neutral,False,,,False,batch,298
468,female_population,Число женщин,0.0,0.0,0.0,0.0,neutral,False,,,False,batch,298
468,per_capita_income,Среднедушевые денежные доходы населения,0.0,0.0,0.0,0.0,neutral,False,,,False,batch,298
468,real_income_index,Реальные денежные доходы населения,0.0,0.0,0.0,0.0,neutral,False,,,False,batch,298
468,unemployment_rate,Уровень безработицы,0.0,0.0,0.0,0.0,neutral,False,,,False,batch,298
468,living_wage,Величина прожиточного минимума на душу населения,0.0,0.0,0.0,0.0,neutral,False,,,False,batch,298
468,child_living_wage,Величина прожиточного минимума на ребенка,0.0,0.0,0.0,0.0,neutral,False,,,False,batch,298
468,hospitals,Число больничных организаций,0.0,0.0,0.0,0.0,neutral,False,,,False,batch,298
468,outpatient_clinics,Число амбулаторно-поликлинических организаций,0.0,0.0,0.0,0.0,neutral,False,,,False,batch,298
468,abortions,Число абортов,0.0,0.0,0.0,0.0,neutral,False,,,False,batch,298
468,qualified_doctors,Численность врачей высшей и первой квалификационных категорий,0.0,0.0,0.0,0.0,neutral,False,,,False,batch,298
468,preschool_coverage,Охват детей до 6 лет дошкольным образованием,0.0,0.0,0.0,0.0,neutral,False,,,False,batch,298
468,children_benefits,"Численность детей до 18 лет, на которых назначено пособие",0.0,0.0,0.0,0.0,neutral,False,,,False,batch,298
468,maternity_capital,"Численность лиц, получивших сертификат на материнский капитал",0.0,0.0,0.0,0.0,neutral,False,,,False,batch,298
468,childcare_allowance,Ежемесячное пособие по уходу за первым ребенком,0.0,0.0,0.0,0.0,neutral,False,,,False,batch,298
468,large_families_housing,"Многодетные семьи, улучшившие жилищные условия",0.0,0.0,0.0,0.0,neutral,False,,,False,batch,298
468,housing_area_per_capita,Общая площадь жилья на одного жителя,0.0,0.0,0.0,0.0,neutral,False,,,False,batch,298
468,consumer_price_index,Индексы потребительских цен,0.0,0.0,0.0,0.0,neutral,False,,,False,batch,298
468,primary_housing_price_index,Индексы цен на первичном рынке жилья,0.0,0.0,0.0,0.0,neutral,False,,,False,batch,298
468,secondary_housing_price_index,Индексы цен на вторичном рынке жилья,0.0,0.0,0.0,0.0,neutral,False,,,False,batch,298
468,industrial_production_index,Индексы промышленного производства,0.3,0.0,0.0,0.7,neutral,True,Аэропорт Калуги возобновил работу,Возобновление работы аэропорта влияет на логистику и промышленную активность,True,batch,298
468,enterprises_count,Число предприятий и организаций,0.0,0.0,0.0,0.0,neutral,False,,,False,batch,298
468,crime_count,Количество преступлений,0.0,0.0,0.0,0.0,neutral,False,,,False,batch,298
468,air_pollution,Выбросы загрязняющих веществ в атмосферный воздух,0.0,0.0,0.0,0.0,neutral,False,,,False,batch,298
468,wastewater_discharge,Сброс загрязненных сточных вод,0.0,0.0,0.0,0.0,neutral,False,,,False,batch,298
468,mortality_rate,Коэффициент смертности на 1000 человек,0.0,0.0,0.0,0.0,neutral,False,,,False,batch,298
468,birth_rate_per_1000,Коэффициент рождаемости на 1000 человек,0.0,0.0,0.0,0.0,neutral,False,,,False,batch,298
472,population_size,Численность населения,0.0,0.0,0.0,0.0,neutral,False,,,False,batch,255
472,divorce_rate,Число зарегистрированных разводов на 1000 населения,0.0,0.0,0.0,0.0,neutral,False,,,False,batch,255
472,marriage_rate,Число зарегистрированных браков на 1000 населения,0.0,0.0,0.0,0.0,neutral,False,,,False,batch,255
472,international_inflow,Число прибывших в страну,0.0,0.0,0.0,0.0,neutral,False,,,False,batch,255
472,international_outflow,Число выбывших из страны,0.0,0.0,0.0,0.0,neutral,False,,,False,batch,255
472,internal_arrivals,Число прибытий внутри региона,0.0,0.0,0.0,0.0,neutral,False,,,False,batch,255
472,internal_departures,Число выбытий из региона,0.0,0.0,0.0,0.0,neutral,False,,,False,batch,255
472,infant_mortality,Коэффициент младенческой смертности,0.0,0.0,0.0,0.0,neutral,False,,,False,batch,255
472,life_expectancy,Ожидаемая продолжительность жизни,0.0,0.0,0.0,0.0,neutral,False,,,False,batch,255
472,male_population,Число мужчин,0.0,0.0,0.0,0.0,neutral,False,,,False,batch,255
472,female_population,Число женщин,0.0,0.0,0.0,0.0,neutral,False,,,False,batch,255
472,per_capita_income,Среднедушевые денежные доходы населения,0.0,0.0,0.0,0.0,neutral,False,,,False,batch,255
472,real_income_index,Реальные денежные доходы населения,0.0,0.0,0.0,0.0,neutral,False,,,False,batch,255
472,unemployment_rate,Уровень безработицы,0.0,0.0,0.0,0.0,neutral,False,,,False,batch,255
472,living_wage,Величина прожиточного минимума на душу населения,0.0,0.0,0.0,0.0,neutral,False,,,False,batch,255
472,child_living_wage,Величина прожиточного минимума на ребенка,0.0,0.0,0.0,0.0,neutral,False,,,False,batch,255
472,hospitals,Число больничных организаций,0.0,0.0,0.0,0.0,neutral,False,,,False,batch,255
472,outpatient_clinics,Число амбулаторно-поликлинических организаций,0.0,0.0,0.0,0.0,neutral,False,,,False,batch,255
472,abortions,Число абортов,0.0,0.0,0.0,0.0,neutral,False,,,False,batch,255
472,qualified_doctors,Численность врачей высшей и первой квалификационных категорий,0.0,0.0,0.0,0.0,neutral,False,,,False,batch,255
472,preschool_coverage,Охват детей до 6 лет дошкольным образованием,0.0,0.0,0.0,0.0,neutral,False,,,False,batch,255
472,children_benefits,"Численность детей до 18 лет, на которых назначено пособие",0.0,0.0,0.0,0.0,neutral,False,,,False,batch,255
472,maternity_capital,"Численность лиц, получивших сертификат на материнский капитал",0.0,0.0,0.0,0.0,neutral,False,,,False,batch,255
472,childcare_allowance,Ежемесячное пособие по уходу за первым ребенком,0.0,0.0,0.0,0.0,neutral,False,,,False,batch,255
472,large_families_housing,"Многодетные семьи, улучшившие жилищные условия",0.0,0.0,0.0,0.0,neutral,False,,,False,batch,255
472,housing_area_per_capita,Общая площадь жилья на одного жителя,0.0,0.0,0.0,0.0,neutral,False,,,False,batch,255
472,consumer_price_index,Индексы потребительских цен,0.0,0.0,0.0,0.0,neutral,False,,,False,batch,255
472,primary_housing_price_index,Индексы цен на первичном рынке жилья,0.0,0.0,0.0,0.0,neutral,False,,,False,batch,255
472,secondary_housing_price_index,Индексы цен на вторичном рынке жилья,0.0,0.0,0.0,0.0,neutral,False,,,False,batch,255
472,industrial_production_index,Индексы промышленного производства,0.0,0.0,0.0,0.0,neutral,False,,,False,batch,255
472,enterprises_count,Число предприятий и организаций,0.0,0.0,0.0,0.0,neutral,False,,,False,batch,255
472,crime_count,Количество преступлений,0.9,-0.5,0.7,0.9,negative,True,приготовление к диверсии и хранение взВУ,преступление/диверсия -> crime_count,True,batch,255
472,air_pollution,Выбросы загрязняющих веществ в атмосферный воздух,0.0,0.0,0.0,0.0,neutral,False,,,False,batch,255
472,wastewater_discharge,Сброс загрязненных сточных вод,0.0,0.0,0.0,0.0,neutral,False,,,False,batch,255
472,mortality_rate,Коэффициент смертности на 1000 человек,0.0,0.0,0.0,0.0,neutral,False,,,False,batch,255
472,birth_rate_per_1000,Коэффициент рождаемости на 1000 человек,0.0,0.0,0.0,0.0,neutral,False,,,False,batch,255
479,population_size,Численность населения,0.0,0.0,0.0,0.0,neutral,False,,,False,batch,249
479,divorce_rate,Число зарегистрированных разводов на 1000 населения,0.0,0.0,0.0,0.0,neutral,False,,,False,batch,249
479,marriage_rate,Число зарегистрированных браков на 1000 населения,0.0,0.0,0.0,0.0,neutral,False,,,False,batch,249
479,international_inflow,Число прибывших в страну,0.9,0.1,0.2,0.9,neutral,True,Российские туристы подали заявлений на визы,подача виз туристами,True,batch,249
479,international_outflow,Число выбывших из страны,0.0,0.0,0.0,0.0,neutral,False,,,False,batch,249
479,internal_arrivals,Число прибытий внутри региона,0.0,0.0,0.0,0.0,neutral,False,,,False,batch,249
479,internal_departures,Число выбытий из региона,0.0,0.0,0.0,0.0,neutral,False,,,False,batch,249
479,infant_mortality,Коэффициент младенческой смертности,0.0,0.0,0.0,0.0,neutral,False,,,False,batch,249
479,life_expectancy,Ожидаемая продолжительность жизни,0.0,0.0,0.0,0.0,neutral,False,,,False,batch,249
479,male_population,Число мужчин,0.0,0.0,0.0,0.0,neutral,False,,,False,batch,249
479,female_population,Число женщин,0.0,0.0,0.0,0.0,neutral,False,,,False,batch,249
479,per_capita_income,Среднедушевые денежные доходы населения,0.0,0.0,0.0,0.0,neutral,False,,,False,batch,249
479,real_income_index,Реальные денежные доходы населения,0.0,0.0,0.0,0.0,neutral,False,,,False,batch,249
479,unemployment_rate,Уровень безработицы,0.0,0.0,0.0,0.0,neutral,False,,,False,batch,249
479,living_wage,Величина прожиточного минимума на душу населения,0.0,0.0,0.0,0.0,neutral,False,,,False,batch,249
479,child_living_wage,Величина прожиточного минимума на ребенка,0.0,0.0,0.0,0.0,neutral,False,,,False,batch,249
479,hospitals,Число больничных организаций,0.0,0.0,0.0,0.0,neutral,False,,,False,batch,249
479,outpatient_clinics,Число амбулаторно-поликлинических организаций,0.0,0.0,0.0,0.0,neutral,False,,,False,batch,249
479,abortions,Число абортов,0.0,0.0,0.0,0.0,neutral,False,,,False,batch,249
479,qualified_doctors,Численность врачей высшей и первой квалификационных категорий,0.0,0.0,0.0,0.0,neutral,False,,,False,batch,249
479,preschool_coverage,Охват детей до 6 лет дошкольным образованием,0.0,0.0,0.0,0.0,neutral,False,,,False,batch,249
479,children_benefits,"Численность детей до 18 лет, на которых назначено пособие",0.0,0.0,0.0,0.0,neutral,False,,,False,batch,249
479,maternity_capital,"Численность лиц, получивших сертификат на материнский капитал",0.0,0.0,0.0,0.0,neutral,False,,,False,batch,249
479,childcare_allowance,Ежемесячное пособие по уходу за первым ребенком,0.0,0.0,0.0,0.0,neutral,False,,,False,batch,249
479,large_families_housing,"Многодетные семьи, улучшившие жилищные условия",0.0,0.0,0.0,0.0,neutral,False,,,False,batch,249
479,housing_area_per_capita,Общая площадь жилья на одного жителя,0.0,0.0,0.0,0.0,neutral,False,,,False,batch,249
479,consumer_price_index,Индексы потребительских цен,0.0,0.0,0.0,0.0,neutral,False,,,False,batch,249
479,primary_housing_price_index,Индексы цен на первичном рынке жилья,0.0,0.0,0.0,0.0,neutral,False,,,False,batch,249
479,secondary_housing_price_index,Индексы цен на вторичном рынке жилья,0.0,0.0,0.0,0.0,neutral,False,,,False,batch,249
479,industrial_production_index,Индексы промышленного производства,0.0,0.0,0.0,0.0,neutral,False,,,False,batch,249
479,enterprises_count,Число предприятий и организаций,0.0,0.0,0.0,0.0,neutral,False,,,False,batch,249
479,crime_count,Количество преступлений,0.0,0.0,0.0,0.0,neutral,False,,,False,batch,249
479,air_pollution,Выбросы загрязняющих веществ в атмосферный воздух,0.0,0.0,0.0,0.0,neutral,False,,,False,batch,249
479,wastewater_discharge,Сброс загрязненных сточных вод,0.0,0.0,0.0,0.0,neutral,False,,,False,batch,249
479,mortality_rate,Коэффициент смертности на 1000 человек,0.0,0.0,0.0,0.0,neutral,False,,,False,batch,249
479,birth_rate_per_1000,Коэффициент рождаемости на 1000 человек,0.0,0.0,0.0,0.0,neutral,False,,,False,batch,249
484,population_size,Численность населения,0.0,0.0,0.0,0.0,neutral,False,,,False,batch,222
484,divorce_rate,Число зарегистрированных разводов на 1000 населения,0.0,0.0,0.0,0.0,neutral,False,,,False,batch,222
484,marriage_rate,Число зарегистрированных браков на 1000 населения,0.0,0.0,0.0,0.0,neutral,False,,,False,batch,222
484,international_inflow,Число прибывших в страну,0.0,0.0,0.0,0.0,neutral,False,,,False,batch,222
484,international_outflow,Число выбывших из страны,0.3,0.0,0.0,0.7,neutral,True,отношения с США,отношения между странами,True,batch,222
484,internal_arrivals,Число прибытий внутри региона,0.0,0.0,0.0,0.0,neutral,False,,,False,batch,222
484,internal_departures,Число выбытий из региона,0.0,0.0,0.0,0.0,neutral,False,,,False,batch,222
484,infant_mortality,Коэффициент младенческой смертности,0.0,0.0,0.0,0.0,neutral,False,,,False,batch,222
484,life_expectancy,Ожидаемая продолжительность жизни,0.0,0.0,0.0,0.0,neutral,False,,,False,batch,222
484,male_population,Число мужчин,0.0,0.0,0.0,0.0,neutral,False,,,False,batch,222
484,female_population,Число женщин,0.0,0.0,0.0,0.0,neutral,False,,,False,batch,222
484,per_capita_income,Среднедушевые денежные доходы населения,0.0,0.0,0.0,0.0,neutral,False,,,False,batch,222
484,real_income_index,Реальные денежные доходы населения,0.0,0.0,0.0,0.0,neutral,False,,,False,batch,222
484,unemployment_rate,Уровень безработицы,0.0,0.0,0.0,0.0,neutral,False,,,False,batch,222
484,living_wage,Величина прожиточного минимума на душу населения,0.0,0.0,0.0,0.0,neutral,False,,,False,batch,222
484,child_living_wage,Величина прожиточного минимума на ребенка,0.0,0.0,0.0,0.0,neutral,False,,,False,batch,222
484,hospitals,Число больничных организаций,0.0,0.0,0.0,0.0,neutral,False,,,False,batch,222
484,outpatient_clinics,Число амбулаторно-поликлинических организаций,0.0,0.0,0.0,0.0,neutral,False,,,False,batch,222
484,abortions,Число абортов,0.0,0.0,0.0,0.0,neutral,False,,,False,batch,222
484,qualified_doctors,Численность врачей высшей и первой квалификационных категорий,0.0,0.0,0.0,0.0,neutral,False,,,False,batch,222
484,preschool_coverage,Охват детей до 6 лет дошкольным образованием,0.0,0.0,0.0,0.0,neutral,False,,,False,batch,222
484,children_benefits,"Численность детей до 18 лет, на которых назначено пособие",0.0,0.0,0.0,0.0,neutral,False,,,False,batch,222
484,maternity_capital,"Численность лиц, получивших сертификат на материнский капитал",0.0,0.0,0.0,0.0,neutral,False,,,False,batch,222
484,childcare_allowance,Ежемесячное пособие по уходу за первым ребенком,0.0,0.0,0.0,0.0,neutral,False,,,False,batch,222
484,large_families_housing,"Многодетные семьи, улучшившие жилищные условия",0.0,0.0,0.0,0.0,neutral,False,,,False,batch,222
484,housing_area_per_capita,Общая площадь жилья на одного жителя,0.0,0.0,0.0,0.0,neutral,False,,,False,batch,222
484,consumer_price_index,Индексы потребительских цен,0.0,0.0,0.0,0.0,neutral,False,,,False,batch,222
484,primary_housing_price_index,Индексы цен на первичном рынке жилья,0.0,0.0,0.0,0.0,neutral,False,,,False,batch,222
484,secondary_housing_price_index,Индексы цен на вторичном рынке жилья,0.0,0.0,0.0,0.0,neutral,False,,,False,batch,222
484,industrial_production_index,Индексы промышленного производства,0.0,0.0,0.0,0.0,neutral,False,,,False,batch,222
484,enterprises_count,Число предприятий и организаций,0.0,0.0,0.0,0.0,neutral,False,,,False,batch,222
484,crime_count,Количество преступлений,0.0,0.0,0.0,0.0,neutral,False,,,False,batch,222
484,air_pollution,Выбросы загрязняющих веществ в атмосферный воздух,0.0,0.0,0.0,0.0,neutral,False,,,False,batch,222
484,wastewater_discharge,Сброс загрязненных сточных вод,0.0,0.0,0.0,0.0,neutral,False,,,False,batch,222
484,mortality_rate,Коэффициент смертности на 1000 человек,0.0,0.0,0.0,0.0,neutral,False,,,False,batch,222
484,birth_rate_per_1000,Коэффициент рождаемости на 1000 человек,0.0,0.0,0.0,0.0,neutral,False,,,False,batch,222
486,population_size,Численность населения,0.0,0.0,0.0,0.0,neutral,False,,,False,batch,257
486,divorce_rate,Число зарегистрированных разводов на 1000 населения,0.0,0.0,0.0,0.0,neutral,False,,,False,batch,257
486,marriage_rate,Число зарегистрированных браков на 1000 населения,0.0,0.0,0.0,0.0,neutral,False,,,False,batch,257
486,international_inflow,Число прибывших в страну,0.0,0.0,0.0,0.0,neutral,False,,,False,batch,257
486,international_outflow,Число выбывших из страны,0.0,0.0,0.0,0.0,neutral,False,,,False,batch,257
486,internal_arrivals,Число прибытий внутри региона,0.0,0.0,0.0,0.0,neutral,False,,,False,batch,257
486,internal_departures,Число выбытий из региона,0.0,0.0,0.0,0.0,neutral,False,,,False,batch,257
486,infant_mortality,Коэффициент младенческой смертности,0.0,0.0,0.0,0.0,neutral,False,,,False,batch,257
486,life_expectancy,Ожидаемая продолжительность жизни,0.0,0.0,0.0,0.0,neutral,False,,,False,batch,257
486,male_population,Число мужчин,0.0,0.0,0.0,0.0,neutral,False,,,False,batch,257
486,female_population,Число женщин,0.0,0.0,0.0,0.0,neutral,False,,,False,batch,257
486,per_capita_income,Среднедушевые денежные доходы населения,0.0,0.0,0.0,0.0,neutral,False,,,False,batch,257
486,real_income_index,Реальные денежные доходы населения,0.0,0.0,0.0,0.0,neutral,False,,,False,batch,257
486,unemployment_rate,Уровень безработицы,0.0,0.0,0.0,0.0,neutral,False,,,False,batch,257
486,living_wage,Величина прожиточного минимума на душу населения,0.0,0.0,0.0,0.0,neutral,False,,,False,batch,257
486,child_living_wage,Величина прожиточного минимума на ребенка,0.0,0.0,0.0,0.0,neutral,False,,,False,batch,257
486,hospitals,Число больничных организаций,0.0,0.0,0.0,0.0,neutral,False,,,False,batch,257
486,outpatient_clinics,Число амбулаторно-поликлинических организаций,0.0,0.0,0.0,0.0,neutral,False,,,False,batch,257
486,abortions,Число абортов,0.0,0.0,0.0,0.0,neutral,False,,,False,batch,257
486,qualified_doctors,Численность врачей высшей и первой квалификационных категорий,0.0,0.0,0.0,0.0,neutral,False,,,False,batch,257
486,preschool_coverage,Охват детей до 6 лет дошкольным образованием,0.0,0.0,0.0,0.0,neutral,False,,,False,batch,257
486,children_benefits,"Численность детей до 18 лет, на которых назначено пособие",0.0,0.0,0.0,0.0,neutral,False,,,False,batch,257
486,maternity_capital,"Численность лиц, получивших сертификат на материнский капитал",0.0,0.0,0.0,0.0,neutral,False,,,False,batch,257
486,childcare_allowance,Ежемесячное пособие по уходу за первым ребенком,0.0,0.0,0.0,0.0,neutral,False,,,False,batch,257
486,large_families_housing,"Многодетные семьи, улучшившие жилищные условия",0.0,0.0,0.0,0.0,neutral,False,,,False,batch,257
486,housing_area_per_capita,Общая площадь жилья на одного жителя,0.0,0.0,0.0,0.0,neutral,False,,,False,batch,257
486,consumer_price_index,Индексы потребительских цен,0.0,0.0,0.0,0.0,neutral,False,,,False,batch,257
486,primary_housing_price_index,Индексы цен на первичном рынке жилья,0.0,0.0,0.0,0.0,neutral,False,,,False,batch,257
486,secondary_housing_price_index,Индексы цен на вторичном рынке жилья,0.0,0.0,0.0,0.0,neutral,False,,,False,batch,257
486,industrial_production_index,Индексы промышленного производства,0.3,0.0,0.0,0.7,neutral,True,возобновил прием и выпуск рейсов,аэропорт/транспортная инфраструктура,True,batch,257
486,enterprises_count,Число предприятий и организаций,0.0,0.0,0.0,0.0,neutral,False,,,False,batch,257
486,crime_count,Количество преступлений,0.0,0.0,0.0,0.0,neutral,False,,,False,batch,257
486,air_pollution,Выбросы загрязняющих веществ в атмосферный воздух,0.0,0.0,0.0,0.0,neutral,False,,,False,batch,257
486,wastewater_discharge,Сброс загрязненных сточных вод,0.0,0.0,0.0,0.0,neutral,False,,,False,batch,257
486,mortality_rate,Коэффициент смертности на 1000 человек,0.0,0.0,0.0,0.0,neutral,False,,,False,batch,257
486,birth_rate_per_1000,Коэффициент рождаемости на 1000 человек,0.0,0.0,0.0,0.0,neutral,False,,,False,batch,257
506,population_size,Численность населения,0.0,0.0,0.0,0.0,neutral,False,,,False,batch,250
506,divorce_rate,Число зарегистрированных разводов на 1000 населения,0.0,0.0,0.0,0.0,neutral,False,,,False,batch,250
506,marriage_rate,Число зарегистрированных браков на 1000 населения,0.0,0.0,0.0,0.0,neutral,False,,,False,batch,250
506,international_inflow,Число прибывших в страну,0.0,0.0,0.0,0.0,neutral,False,,,False,batch,250
506,international_outflow,Число выбывших из страны,0.0,0.0,0.0,0.0,neutral,False,,,False,batch,250
506,internal_arrivals,Число прибытий внутри региона,0.0,0.0,0.0,0.0,neutral,False,,,False,batch,250
506,internal_departures,Число выбытий из региона,0.0,0.0,0.0,0.0,neutral,False,,,False,batch,250
506,infant_mortality,Коэффициент младенческой смертности,0.0,0.0,0.0,0.0,neutral,False,,,False,batch,250
506,life_expectancy,Ожидаемая продолжительность жизни,0.0,0.0,0.0,0.0,neutral,False,,,False,batch,250
506,male_population,Число мужчин,0.0,0.0,0.0,0.0,neutral,False,,,False,batch,250
506,female_population,Число женщин,0.0,0.0,0.0,0.0,neutral,False,,,False,batch,250
506,per_capita_income,Среднедушевые денежные доходы населения,0.0,0.0,0.0,0.0,neutral,False,,,False,batch,250
506,real_income_index,Реальные денежные доходы населения,0.0,0.0,0.0,0.0,neutral,False,,,False,batch,250
506,unemployment_rate,Уровень безработицы,0.0,0.0,0.0,0.0,neutral,False,,,False,batch,250
506,living_wage,Величина прожиточного минимума на душу населения,0.0,0.0,0.0,0.0,neutral,False,,,False,batch,250
506,child_living_wage,Величина прожиточного минимума на ребенка,0.0,0.0,0.0,0.0,neutral,False,,,False,batch,250
506,hospitals,Число больничных организаций,0.0,0.0,0.0,0.0,neutral,False,,,False,batch,250
506,outpatient_clinics,Число амбулаторно-поликлинических организаций,0.0,0.0,0.0,0.0,neutral,False,,,False,batch,250
506,abortions,Число абортов,0.0,0.0,0.0,0.0,neutral,False,,,False,batch,250
506,qualified_doctors,Численность врачей высшей и первой квалификационных категорий,0.0,0.0,0.0,0.0,neutral,False,,,False,batch,250
506,preschool_coverage,Охват детей до 6 лет дошкольным образованием,0.0,0.0,0.0,0.0,neutral,False,,,False,batch,250
506,children_benefits,"Численность детей до 18 лет, на которых назначено пособие",0.0,0.0,0.0,0.0,neutral,False,,,False,batch,250
506,maternity_capital,"Численность лиц, получивших сертификат на материнский капитал",0.0,0.0,0.0,0.0,neutral,False,,,False,batch,250
506,childcare_allowance,Ежемесячное пособие по уходу за первым ребенком,0.0,0.0,0.0,0.0,neutral,False,,,False,batch,250
506,large_families_housing,"Многодетные семьи, улучшившие жилищные условия",0.0,0.0,0.0,0.0,neutral,False,,,False,batch,250
506,housing_area_per_capita,Общая площадь жилья на одного жителя,0.0,0.0,0.0,0.0,neutral,False,,,False,batch,250
506,consumer_price_index,Индексы потребительских цен,0.6,0.0,0.0,0.8,neutral,True,проект основных направлений ДКП,ДКП связано с экономикой и ценами,True,batch,250
506,primary_housing_price_index,Индексы цен на первичном рынке жилья,0.0,0.0,0.0,0.0,neutral,False,,,False,batch,250
506,secondary_housing_price_index,Индексы цен на вторичном рынке жилья,0.0,0.0,0.0,0.0,neutral,False,,,False,batch,250
506,industrial_production_index,Индексы промышленного производства,0.0,0.0,0.0,0.0,neutral,False,,,False,batch,250
506,enterprises_count,Число предприятий и организаций,0.0,0.0,0.0,0.0,neutral,False,,,False,batch,250
506,crime_count,Количество преступлений,0.0,0.0,0.0,0.0,neutral,False,,,False,batch,250
506,air_pollution,Выбросы загрязняющих веществ в атмосферный воздух,0.0,0.0,0.0,0.0,neutral,False,,,False,batch,250
506,wastewater_discharge,Сброс загрязненных сточных вод,0.0,0.0,0.0,0.0,neutral,False,,,False,batch,250
506,mortality_rate,Коэффициент смертности на 1000 человек,0.0,0.0,0.0,0.0,neutral,False,,,False,batch,250
506,birth_rate_per_1000,Коэффициент рождаемости на 1000 человек,0.0,0.0,0.0,0.0,neutral,False,,,False,batch,250
512,population_size,Численность населения,0.0,0.0,0.0,0.0,neutral,False,,,False,batch,275
512,divorce_rate,Число зарегистрированных разводов на 1000 населения,0.0,0.0,0.0,0.0,neutral,False,,,False,batch,275
512,marriage_rate,Число зарегистрированных браков на 1000 населения,0.0,0.0,0.0,0.0,neutral,False,,,False,batch,275
512,international_inflow,Число прибывших в страну,0.0,0.0,0.0,0.0,neutral,False,,,False,batch,275
512,international_outflow,Число выбывших из страны,0.0,0.0,0.0,0.0,neutral,False,,,False,batch,275
512,internal_arrivals,Число прибытий внутри региона,0.0,0.0,0.0,0.0,neutral,False,,,False,batch,275
512,internal_departures,Число выбытий из региона,0.0,0.0,0.0,0.0,neutral,False,,,False,batch,275
512,infant_mortality,Коэффициент младенческой смертности,0.0,0.0,0.0,0.0,neutral,False,,,False,batch,275
512,life_expectancy,Ожидаемая продолжительность жизни,0.0,0.0,0.0,0.0,neutral,False,,,False,batch,275
512,male_population,Число мужчин,0.0,0.0,0.0,0.0,neutral,False,,,False,batch,275
512,female_population,Число женщин,0.0,0.0,0.0,0.0,neutral,False,,,False,batch,275
512,per_capita_income,Среднедушевые денежные доходы населения,0.0,0.0,0.0,0.0,neutral,False,,,False,batch,275
512,real_income_index,Реальные денежные доходы населения,0.0,0.0,0.0,0.0,neutral,False,,,False,batch,275
512,unemployment_rate,Уровень безработицы,0.0,0.0,0.0,0.0,neutral,False,,,False,batch,275
512,living_wage,Величина прожиточного минимума на душу населения,0.0,0.0,0.0,0.0,neutral,False,,,False,batch,275
512,child_living_wage,Величина прожиточного минимума на ребенка,0.0,0.0,0.0,0.0,neutral,False,,,False,batch,275
512,hospitals,Число больничных организаций,0.0,0.0,0.0,0.0,neutral,False,,,False,batch,275
512,outpatient_clinics,Число амбулаторно-поликлинических организаций,0.0,0.0,0.0,0.0,neutral,False,,,False,batch,275
512,abortions,Число абортов,0.0,0.0,0.0,0.0,neutral,False,,,False,batch,275
512,qualified_doctors,Численность врачей высшей и первой квалификационных категорий,0.0,0.0,0.0,0.0,neutral,False,,,False,batch,275
512,preschool_coverage,Охват детей до 6 лет дошкольным образованием,0.0,0.0,0.0,0.0,neutral,False,,,False,batch,275
512,children_benefits,"Численность детей до 18 лет, на которых назначено пособие",0.0,0.0,0.0,0.0,neutral,False,,,False,batch,275
512,maternity_capital,"Численность лиц, получивших сертификат на материнский капитал",0.0,0.0,0.0,0.0,neutral,False,,,False,batch,275
512,childcare_allowance,Ежемесячное пособие по уходу за первым ребенком,0.0,0.0,0.0,0.0,neutral,False,,,False,batch,275
512,large_families_housing,"Многодетные семьи, улучшившие жилищные условия",0.0,0.0,0.0,0.0,neutral,False,,,False,batch,275
512,housing_area_per_capita,Общая площадь жилья на одного жителя,0.0,0.0,0.0,0.0,neutral,False,,,False,batch,275
512,consumer_price_index,Индексы потребительских цен,0.0,0.0,0.0,0.0,neutral,False,,,False,batch,275
512,primary_housing_price_index,Индексы цен на первичном рынке жилья,0.0,0.0,0.0,0.0,neutral,False,,,False,batch,275
512,secondary_housing_price_index,Индексы цен на вторичном рынке жилья,0.0,0.0,0.0,0.0,neutral,False,,,False,batch,275
512,industrial_production_index,Индексы промышленного производства,0.3,0.0,0.0,0.7,neutral,True,сертификаты по IT-направлениям,IT-компетенции связаны с навыками и производством знаний,True,batch,275
512,enterprises_count,Число предприятий и организаций,0.0,0.0,0.0,0.0,neutral,False,,,False,batch,275
512,crime_count,Количество преступлений,0.0,0.0,0.0,0.0,neutral,False,,,False,batch,275
512,air_pollution,Выбросы загрязняющих веществ в атмосферный воздух,0.0,0.0,0.0,0.0,neutral,False,,,False,batch,275
512,wastewater_discharge,Сброс загрязненных сточных вод,0.0,0.0,0.0,0.0,neutral,False,,,False,batch,275
512,mortality_rate,Коэффициент смертности на 1000 человек,0.0,0.0,0.0,0.0,neutral,False,,,False,batch,275
512,birth_rate_per_1000,Коэффициент рождаемости на 1000 человек,0.0,0.0,0.0,0.0,neutral,False,,,False,batch,275
516,population_size,Численность населения,0.0,0.0,0.0,0.0,neutral,False,,,False,neutral_after_error,0
516,divorce_rate,Число зарегистрированных разводов на 1000 населения,0.0,0.0,0.0,0.0,neutral,False,,,False,neutral_after_error,0
516,marriage_rate,Число зарегистрированных браков на 1000 населения,0.0,0.0,0.0,0.0,neutral,False,,,False,neutral_after_error,0
516,international_inflow,Число прибывших в страну,0.0,0.0,0.0,0.0,neutral,False,,,False,neutral_after_error,0
516,international_outflow,Число выбывших из страны,0.0,0.0,0.0,0.0,neutral,False,,,False,neutral_after_error,0
516,internal_arrivals,Число прибытий внутри региона,0.0,0.0,0.0,0.0,neutral,False,,,False,neutral_after_error,0
516,internal_departures,Число выбытий из региона,0.0,0.0,0.0,0.0,neutral,False,,,False,neutral_after_error,0
516,infant_mortality,Коэффициент младенческой смертности,0.0,0.0,0.0,0.0,neutral,False,,,False,neutral_after_error,0
516,life_expectancy,Ожидаемая продолжительность жизни,0.0,0.0,0.0,0.0,neutral,False,,,False,neutral_after_error,0
516,male_population,Число мужчин,0.0,0.0,0.0,0.0,neutral,False,,,False,neutral_after_error,0
516,female_population,Число женщин,0.0,0.0,0.0,0.0,neutral,False,,,False,neutral_after_error,0
516,per_capita_income,Среднедушевые денежные доходы населения,0.0,0.0,0.0,0.0,neutral,False,,,False,neutral_after_error,0
516,real_income_index,Реальные денежные доходы населения,0.0,0.0,0.0,0.0,neutral,False,,,False,neutral_after_error,0
516,unemployment_rate,Уровень безработицы,0.0,0.0,0.0,0.0,neutral,False,,,False,neutral_after_error,0
516,living_wage,Величина прожиточного минимума на душу населения,0.0,0.0,0.0,0.0,neutral,False,,,False,neutral_after_error,0
516,child_living_wage,Величина прожиточного минимума на ребенка,0.0,0.0,0.0,0.0,neutral,False,,,False,neutral_after_error,0
516,hospitals,Число больничных организаций,0.0,0.0,0.0,0.0,neutral,False,,,False,neutral_after_error,0
516,outpatient_clinics,Число амбулаторно-поликлинических организаций,0.0,0.0,0.0,0.0,neutral,False,,,False,neutral_after_error,0
516,abortions,Число абортов,0.0,0.0,0.0,0.0,neutral,False,,,False,neutral_after_error,0
516,qualified_doctors,Численность врачей высшей и первой квалификационных категорий,0.0,0.0,0.0,0.0,neutral,False,,,False,neutral_after_error,0
516,preschool_coverage,Охват детей до 6 лет дошкольным образованием,0.0,0.0,0.0,0.0,neutral,False,,,False,neutral_after_error,0
516,children_benefits,"Численность детей до 18 лет, на которых назначено пособие",0.0,0.0,0.0,0.0,neutral,False,,,False,neutral_after_error,0
516,maternity_capital,"Численность лиц, получивших сертификат на материнский капитал",0.0,0.0,0.0,0.0,neutral,False,,,False,neutral_after_error,0
516,childcare_allowance,Ежемесячное пособие по уходу за первым ребенком,0.0,0.0,0.0,0.0,neutral,False,,,False,neutral_after_error,0
516,large_families_housing,"Многодетные семьи, улучшившие жилищные условия",0.0,0.0,0.0,0.0,neutral,False,,,False,neutral_after_error,0
516,housing_area_per_capita,Общая площадь жилья на одного жителя,0.0,0.0,0.0,0.0,neutral,False,,,False,neutral_after_error,0
516,consumer_price_index,Индексы потребительских цен,0.0,0.0,0.0,0.0,neutral,False,,,False,neutral_after_error,0
516,primary_housing_price_index,Индексы цен на первичном рынке жилья,0.0,0.0,0.0,0.0,neutral,False,,,False,neutral_after_error,0
516,secondary_housing_price_index,Индексы цен на вторичном рынке жилья,0.0,0.0,0.0,0.0,neutral,False,,,False,neutral_after_error,0
516,industrial_production_index,Индексы промышленного производства,0.0,0.0,0.0,0.0,neutral,False,,,False,neutral_after_error,0
516,enterprises_count,Число предприятий и организаций,0.0,0.0,0.0,0.0,neutral,False,,,False,neutral_after_error,0
516,crime_count,Количество преступлений,0.0,0.0,0.0,0.0,neutral,False,,,False,neutral_after_error,0
516,air_pollution,Выбросы загрязняющих веществ в атмосферный воздух,0.0,0.0,0.0,0.0,neutral,False,,,False,neutral_after_error,0
516,wastewater_discharge,Сброс загрязненных сточных вод,0.0,0.0,0.0,0.0,neutral,False,,,False,neutral_after_error,0
516,mortality_rate,Коэффициент смертности на 1000 человек,0.0,0.0,0.0,0.0,neutral,False,,,False,neutral_after_error,0
516,birth_rate_per_1000,Коэффициент рождаемости на 1000 человек,0.0,0.0,0.0,0.0,neutral,False,,,False,neutral_after_error,0
522,population_size,Численность населения,0.0,0.0,0.0,0.0,neutral,False,,,False,batch,285
522,divorce_rate,Число зарегистрированных разводов на 1000 населения,0.0,0.0,0.0,0.0,neutral,False,,,False,batch,285
522,marriage_rate,Число зарегистрированных браков на 1000 населения,0.0,0.0,0.0,0.0,neutral,False,,,False,batch,285
522,international_inflow,Число прибывших в страну,0.0,0.0,0.0,0.0,neutral,False,,,False,batch,285
522,international_outflow,Число выбывших из страны,0.0,0.0,0.0,0.0,neutral,False,,,False,batch,285
522,internal_arrivals,Число прибытий внутри региона,0.0,0.0,0.0,0.0,neutral,False,,,False,batch,285
522,internal_departures,Число выбытий из региона,0.0,0.0,0.0,0.0,neutral,False,,,False,batch,285
522,infant_mortality,Коэффициент младенческой смертности,0.0,0.0,0.0,0.0,neutral,False,,,False,batch,285
522,life_expectancy,Ожидаемая продолжительность жизни,0.0,0.0,0.0,0.0,neutral,False,,,False,batch,285
522,male_population,Число мужчин,0.0,0.0,0.0,0.0,neutral,False,,,False,batch,285
522,female_population,Число женщин,0.0,0.0,0.0,0.0,neutral,False,,,False,batch,285
522,per_capita_income,Среднедушевые денежные доходы населения,0.0,0.0,0.0,0.0,neutral,False,,,False,batch,285
522,real_income_index,Реальные денежные доходы населения,0.0,0.0,0.0,0.0,neutral,False,,,False,batch,285
522,unemployment_rate,Уровень безработицы,0.0,0.0,0.0,0.0,neutral,False,,,False,batch,285
522,living_wage,Величина прожиточного минимума на душу населения,0.0,0.0,0.0,0.0,neutral,False,,,False,batch,285
522,child_living_wage,Величина прожиточного минимума на ребенка,0.0,0.0,0.0,0.0,neutral,False,,,False,batch,285
522,hospitals,Число больничных организаций,0.0,0.0,0.0,0.0,neutral,False,,,False,batch,285
522,outpatient_clinics,Число амбулаторно-поликлинических организаций,0.0,0.0,0.0,0.0,neutral,False,,,False,batch,285
522,abortions,Число абортов,0.0,0.0,0.0,0.0,neutral,False,,,False,batch,285
522,qualified_doctors,Численность врачей высшей и первой квалификационных категорий,0.0,0.0,0.0,0.0,neutral,False,,,False,batch,285
522,preschool_coverage,Охват детей до 6 лет дошкольным образованием,0.0,0.0,0.0,0.0,neutral,False,,,False,batch,285
522,children_benefits,"Численность детей до 18 лет, на которых назначено пособие",0.0,0.0,0.0,0.0,neutral,False,,,False,batch,285
522,maternity_capital,"Численность лиц, получивших сертификат на материнский капитал",0.0,0.0,0.0,0.0,neutral,False,,,False,batch,285
522,childcare_allowance,Ежемесячное пособие по уходу за первым ребенком,0.0,0.0,0.0,0.0,neutral,False,,,False,batch,285
522,large_families_housing,"Многодетные семьи, улучшившие жилищные условия",0.0,0.0,0.0,0.0,neutral,False,,,False,batch,285
522,housing_area_per_capita,Общая площадь жилья на одного жителя,0.0,0.0,0.0,0.0,neutral,False,,,False,batch,285
522,consumer_price_index,Индексы потребительских цен,0.0,0.0,0.0,0.0,neutral,False,,,False,batch,285
522,primary_housing_price_index,Индексы цен на первичном рынке жилья,0.0,0.0,0.0,0.0,neutral,False,,,False,batch,285
522,secondary_housing_price_index,Индексы цен на вторичном рынке жилья,0.0,0.0,0.0,0.0,neutral,False,,,False,batch,285
522,industrial_production_index,Индексы промышленного производства,0.3,0.0,0.0,0.7,neutral,True,Почти 1 тыс. сотрудников... были вынуждены изменить планы поездок.,влияние на логистику и поездки,True,batch,285
522,enterprises_count,Число предприятий и организаций,0.0,0.0,0.0,0.0,neutral,False,,,False,batch,285
522,crime_count,Количество преступлений,0.0,0.0,0.0,0.0,neutral,False,,,False,batch,285
522,air_pollution,Выбросы загрязняющих веществ в атмосферный воздух,0.0,0.0,0.0,0.0,neutral,False,,,False,batch,285
522,wastewater_discharge,Сброс загрязненных сточных вод,0.0,0.0,0.0,0.0,neutral,False,,,False,batch,285
522,mortality_rate,Коэффициент смертности на 1000 человек,0.0,0.0,0.0,0.0,neutral,False,,,False,batch,285
522,birth_rate_per_1000,Коэффициент рождаемости на 1000 человек,0.0,0.0,0.0,0.0,neutral,False,,,False,batch,285
524,population_size,Численность населения,0.0,0.0,0.0,0.0,neutral,False,,,False,batch,264
524,divorce_rate,Число зарегистрированных разводов на 1000 населения,0.0,0.0,0.0,0.0,neutral,False,,,False,batch,264
524,marriage_rate,Число зарегистрированных браков на 1000 населения,0.0,0.0,0.0,0.0,neutral,False,,,False,batch,264
524,international_inflow,Число прибывших в страну,0.0,0.0,0.0,0.0,neutral,False,,,False,batch,264
524,international_outflow,Число выбывших из страны,0.0,0.0,0.0,0.0,neutral,False,,,False,batch,264
524,internal_arrivals,Число прибытий внутри региона,0.0,0.0,0.0,0.0,neutral,False,,,False,batch,264
524,internal_departures,Число выбытий из региона,0.0,0.0,0.0,0.0,neutral,False,,,False,batch,264
524,infant_mortality,Коэффициент младенческой смертности,0.0,0.0,0.0,0.0,neutral,False,,,False,batch,264
524,life_expectancy,Ожидаемая продолжительность жизни,0.0,0.0,0.0,0.0,neutral,False,,,False,batch,264
524,male_population,Число мужчин,0.0,0.0,0.0,0.0,neutral,False,,,False,batch,264
524,female_population,Число женщин,0.0,0.0,0.0,0.0,neutral,False,,,False,batch,264
524,per_capita_income,Среднедушевые денежные доходы населения,0.0,0.0,0.0,0.0,neutral,False,,,False,batch,264
524,real_income_index,Реальные денежные доходы населения,0.0,0.0,0.0,0.0,neutral,False,,,False,batch,264
524,unemployment_rate,Уровень безработицы,0.0,0.0,0.0,0.0,neutral,False,,,False,batch,264
524,living_wage,Величина прожиточного минимума на душу населения,0.0,0.0,0.0,0.0,neutral,False,,,False,batch,264
524,child_living_wage,Величина прожиточного минимума на ребенка,0.0,0.0,0.0,0.0,neutral,False,,,False,batch,264
524,hospitals,Число больничных организаций,0.0,0.0,0.0,0.0,neutral,False,,,False,batch,264
524,outpatient_clinics,Число амбулаторно-поликлинических организаций,0.0,0.0,0.0,0.0,neutral,False,,,False,batch,264
524,abortions,Число абортов,0.0,0.0,0.0,0.0,neutral,False,,,False,batch,264
524,qualified_doctors,Численность врачей высшей и первой квалификационных категорий,0.0,0.0,0.0,0.0,neutral,False,,,False,batch,264
524,preschool_coverage,Охват детей до 6 лет дошкольным образованием,0.0,0.0,0.0,0.0,neutral,False,,,False,batch,264
524,children_benefits,"Численность детей до 18 лет, на которых назначено пособие",0.0,0.0,0.0,0.0,neutral,False,,,False,batch,264
524,maternity_capital,"Численность лиц, получивших сертификат на материнский капитал",0.0,0.0,0.0,0.0,neutral,False,,,False,batch,264
524,childcare_allowance,Ежемесячное пособие по уходу за первым ребенком,0.0,0.0,0.0,0.0,neutral,False,,,False,batch,264
524,large_families_housing,"Многодетные семьи, улучшившие жилищные условия",0.0,0.0,0.0,0.0,neutral,False,,,False,batch,264
524,housing_area_per_capita,Общая площадь жилья на одного жителя,0.0,0.0,0.0,0.0,neutral,False,,,False,batch,264
524,consumer_price_index,Индексы потребительских цен,0.0,0.0,0.0,0.0,neutral,False,,,False,batch,264
524,primary_housing_price_index,Индексы цен на первичном рынке жилья,0.0,0.0,0.0,0.0,neutral,False,,,False,batch,264
524,secondary_housing_price_index,Индексы цен на вторичном рынке жилья,0.0,0.0,0.0,0.0,neutral,False,,,False,batch,264
524,industrial_production_index,Индексы промышленного производства,0.3,0.0,0.0,0.7,neutral,True,подтачивание могущества самого доллара,экономические отношения и влияние,True,batch,264
524,enterprises_count,Число предприятий и организаций,0.0,0.0,0.0,0.0,neutral,False,,,False,batch,264
524,crime_count,Количество преступлений,0.0,0.0,0.0,0.0,neutral,False,,,False,batch,264
524,air_pollution,Выбросы загрязняющих веществ в атмосферный воздух,0.0,0.0,0.0,0.0,neutral,False,,,False,batch,264
524,wastewater_discharge,Сброс загрязненных сточных вод,0.0,0.0,0.0,0.0,neutral,False,,,False,batch,264
524,mortality_rate,Коэффициент смертности на 1000 человек,0.0,0.0,0.0,0.0,neutral,False,,,False,batch,264
524,birth_rate_per_1000,Коэффициент рождаемости на 1000 человек,0.0,0.0,0.0,0.0,neutral,False,,,False,batch,264
538,population_size,Численность населения,0.0,0.0,0.0,0.0,neutral,False,,,False,batch,282
538,divorce_rate,Число зарегистрированных разводов на 1000 населения,0.0,0.0,0.0,0.0,neutral,False,,,False,batch,282
538,marriage_rate,Число зарегистрированных браков на 1000 населения,0.0,0.0,0.0,0.0,neutral,False,,,False,batch,282
538,international_inflow,Число прибывших в страну,0.0,0.0,0.0,0.0,neutral,False,,,False,batch,282
538,international_outflow,Число выбывших из страны,0.0,0.0,0.0,0.0,neutral,False,,,False,batch,282
538,internal_arrivals,Число прибытий внутри региона,0.0,0.0,0.0,0.0,neutral,False,,,False,batch,282
538,internal_departures,Число выбытий из региона,0.0,0.0,0.0,0.0,neutral,False,,,False,batch,282
538,infant_mortality,Коэффициент младенческой смертности,0.0,0.0,0.0,0.0,neutral,False,,,False,batch,282
538,life_expectancy,Ожидаемая продолжительность жизни,0.0,0.0,0.0,0.0,neutral,False,,,False,batch,282
538,male_population,Число мужчин,0.0,0.0,0.0,0.0,neutral,False,,,False,batch,282
538,female_population,Число женщин,0.0,0.0,0.0,0.0,neutral,False,,,False,batch,282
538,per_capita_income,Среднедушевые денежные доходы населения,0.0,0.0,0.0,0.0,neutral,False,,,False,batch,282
538,real_income_index,Реальные денежные доходы населения,0.0,0.0,0.0,0.0,neutral,False,,,False,batch,282
538,unemployment_rate,Уровень безработицы,0.0,0.0,0.0,0.0,neutral,False,,,False,batch,282
538,living_wage,Величина прожиточного минимума на душу населения,0.0,0.0,0.0,0.0,neutral,False,,,False,batch,282
538,child_living_wage,Величина прожиточного минимума на ребенка,0.0,0.0,0.0,0.0,neutral,False,,,False,batch,282
538,hospitals,Число больничных организаций,0.0,0.0,0.0,0.0,neutral,False,,,False,batch,282
538,outpatient_clinics,Число амбулаторно-поликлинических организаций,0.0,0.0,0.0,0.0,neutral,False,,,False,batch,282
538,abortions,Число абортов,0.0,0.0,0.0,0.0,neutral,False,,,False,batch,282
538,qualified_doctors,Численность врачей высшей и первой квалификационных категорий,0.0,0.0,0.0,0.0,neutral,False,,,False,batch,282
538,preschool_coverage,Охват детей до 6 лет дошкольным образованием,0.0,0.0,0.0,0.0,neutral,False,,,False,batch,282
538,children_benefits,"Численность детей до 18 лет, на которых назначено пособие",0.0,0.0,0.0,0.0,neutral,False,,,False,batch,282
538,maternity_capital,"Численность лиц, получивших сертификат на материнский капитал",0.0,0.0,0.0,0.0,neutral,False,,,False,batch,282
538,childcare_allowance,Ежемесячное пособие по уходу за первым ребенком,0.0,0.0,0.0,0.0,neutral,False,,,False,batch,282
538,large_families_housing,"Многодетные семьи, улучшившие жилищные условия",0.0,0.0,0.0,0.0,neutral,False,,,False,batch,282
538,housing_area_per_capita,Общая площадь жилья на одного жителя,0.0,0.0,0.0,0.0,neutral,False,,,False,batch,282
538,consumer_price_index,Индексы потребительских цен,0.0,0.0,0.0,0.0,neutral,False,,,False,batch,282
538,primary_housing_price_index,Индексы цен на первичном рынке жилья,0.0,0.0,0.0,0.0,neutral,False,,,False,batch,282
538,secondary_housing_price_index,Индексы цен на вторичном рынке жилья,0.0,0.0,0.0,0.0,neutral,False,,,False,batch,282
538,industrial_production_index,Индексы промышленного производства,0.9,0.0,0.0,0.9,neutral,True,системы преференций для отечественных производителей,"производители, госзакупки, технологии",True,batch,282
538,enterprises_count,Число предприятий и организаций,0.0,0.0,0.0,0.0,neutral,False,,,False,batch,282
538,crime_count,Количество преступлений,0.0,0.0,0.0,0.0,neutral,False,,,False,batch,282
538,air_pollution,Выбросы загрязняющих веществ в атмосферный воздух,0.0,0.0,0.0,0.0,neutral,False,,,False,batch,282
538,wastewater_discharge,Сброс загрязненных сточных вод,0.0,0.0,0.0,0.0,neutral,False,,,False,batch,282
538,mortality_rate,Коэффициент смертности на 1000 человек,0.0,0.0,0.0,0.0,neutral,False,,,False,batch,282
538,birth_rate_per_1000,Коэффициент рождаемости на 1000 человек,0.0,0.0,0.0,0.0,neutral,False,,,False,batch,282
549,population_size,Численность населения,0.0,0.0,0.0,0.0,neutral,False,,,False,batch,280
549,divorce_rate,Число зарегистрированных разводов на 1000 населения,0.0,0.0,0.0,0.0,neutral,False,,,False,batch,280
549,marriage_rate,Число зарегистрированных браков на 1000 населения,0.0,0.0,0.0,0.0,neutral,False,,,False,batch,280
549,international_inflow,Число прибывших в страну,0.0,0.0,0.0,0.0,neutral,False,,,False,batch,280
549,international_outflow,Число выбывших из страны,0.0,0.0,0.0,0.0,neutral,False,,,False,batch,280
549,internal_arrivals,Число прибытий внутри региона,0.0,0.0,0.0,0.0,neutral,False,,,False,batch,280
549,internal_departures,Число выбытий из региона,0.0,0.0,0.0,0.0,neutral,False,,,False,batch,280
549,infant_mortality,Коэффициент младенческой смертности,0.0,0.0,0.0,0.0,neutral,False,,,False,batch,280
549,life_expectancy,Ожидаемая продолжительность жизни,0.0,0.0,0.0,0.0,neutral,False,,,False,batch,280
549,male_population,Число мужчин,0.0,0.0,0.0,0.0,neutral,False,,,False,batch,280
549,female_population,Число женщин,0.0,0.0,0.0,0.0,neutral,False,,,False,batch,280
549,per_capita_income,Среднедушевые денежные доходы населения,0.0,0.0,0.0,0.0,neutral,False,,,False,batch,280
549,real_income_index,Реальные денежные доходы населения,0.0,0.0,0.0,0.0,neutral,False,,,False,batch,280
549,unemployment_rate,Уровень безработицы,0.0,0.0,0.0,0.0,neutral,False,,,False,batch,280
549,living_wage,Величина прожиточного минимума на душу населения,0.0,0.0,0.0,0.0,neutral,False,,,False,batch,280
549,child_living_wage,Величина прожиточного минимума на ребенка,0.0,0.0,0.0,0.0,neutral,False,,,False,batch,280
549,hospitals,Число больничных организаций,0.0,0.0,0.0,0.0,neutral,False,,,False,batch,280
549,outpatient_clinics,Число амбулаторно-поликлинических организаций,0.0,0.0,0.0,0.0,neutral,False,,,False,batch,280
549,abortions,Число абортов,0.0,0.0,0.0,0.0,neutral,False,,,False,batch,280
549,qualified_doctors,Численность врачей высшей и первой квалификационных категорий,0.0,0.0,0.0,0.0,neutral,False,,,False,batch,280
549,preschool_coverage,Охват детей до 6 лет дошкольным образованием,0.0,0.0,0.0,0.0,neutral,False,,,False,batch,280
549,children_benefits,"Численность детей до 18 лет, на которых назначено пособие",0.0,0.0,0.0,0.0,neutral,False,,,False,batch,280
549,maternity_capital,"Численность лиц, получивших сертификат на материнский капитал",0.0,0.0,0.0,0.0,neutral,False,,,False,batch,280
549,childcare_allowance,Ежемесячное пособие по уходу за первым ребенком,0.0,0.0,0.0,0.0,neutral,False,,,False,batch,280
549,large_families_housing,"Многодетные семьи, улучшившие жилищные условия",0.0,0.0,0.0,0.0,neutral,False,,,False,batch,280
549,housing_area_per_capita,Общая площадь жилья на одного жителя,0.0,0.0,0.0,0.0,neutral,False,,,False,batch,280
549,consumer_price_index,Индексы потребительских цен,0.0,0.0,0.0,0.0,neutral,False,,,False,batch,280
549,primary_housing_price_index,Индексы цен на первичном рынке жилья,0.0,0.0,0.0,0.0,neutral,False,,,False,batch,280
549,secondary_housing_price_index,Индексы цен на вторичном рынке жилья,0.0,0.0,0.0,0.0,neutral,False,,,False,batch,280
549,industrial_production_index,Индексы промышленного производства,0.9,0.1,0.1,0.9,neutral,True,объем размещения флоатера на 40 млрд рублей,финансовые операции компании; промышленность,True,batch,280
549,enterprises_count,Число предприятий и организаций,0.0,0.0,0.0,0.0,neutral,False,,,False,batch,280
549,crime_count,Количество преступлений,0.0,0.0,0.0,0.0,neutral,False,,,False,batch,280
549,air_pollution,Выбросы загрязняющих веществ в атмосферный воздух,0.0,0.0,0.0,0.0,neutral,False,,,False,batch,280
549,wastewater_discharge,Сброс загрязненных сточных вод,0.0,0.0,0.0,0.0,neutral,False,,,False,batch,280
549,mortality_rate,Коэффициент смертности на 1000 человек,0.0,0.0,0.0,0.0,neutral,False,,,False,batch,280
549,birth_rate_per_1000,Коэффициент рождаемости на 1000 человек,0.0,0.0,0.0,0.0,neutral,False,,,False,batch,280
555,population_size,Численность населения,0.0,0.0,0.0,0.0,neutral,False,,,False,batch,222
555,divorce_rate,Число зарегистрированных разводов на 1000 населения,0.0,0.0,0.0,0.0,neutral,False,,,False,batch,222
555,marriage_rate,Число зарегистрированных браков на 1000 населения,0.0,0.0,0.0,0.0,neutral,False,,,False,batch,222
555,international_inflow,Число прибывших в страну,0.0,0.0,0.0,0.0,neutral,False,,,False,batch,222
555,international_outflow,Число выбывших из страны,0.0,0.0,0.0,0.0,neutral,False,,,False,batch,222
555,internal_arrivals,Число прибытий внутри региона,0.0,0.0,0.0,0.0,neutral,False,,,False,batch,222
555,internal_departures,Число выбытий из региона,0.0,0.0,0.0,0.0,neutral,False,,,False,batch,222
555,infant_mortality,Коэффициент младенческой смертности,0.0,0.0,0.0,0.0,neutral,False,,,False,batch,222
555,life_expectancy,Ожидаемая продолжительность жизни,0.0,0.0,0.0,0.0,neutral,False,,,False,batch,222
555,male_population,Число мужчин,0.0,0.0,0.0,0.0,neutral,False,,,False,batch,222
555,female_population,Число женщин,0.0,0.0,0.0,0.0,neutral,False,,,False,batch,222
555,per_capita_income,Среднедушевые денежные доходы населения,0.0,0.0,0.0,0.0,neutral,False,,,False,batch,222
555,real_income_index,Реальные денежные доходы населения,0.0,0.0,0.0,0.0,neutral,False,,,False,batch,222
555,unemployment_rate,Уровень безработицы,0.0,0.0,0.0,0.0,neutral,False,,,False,batch,222
555,living_wage,Величина прожиточного минимума на душу населения,0.0,0.0,0.0,0.0,neutral,False,,,False,batch,222
555,child_living_wage,Величина прожиточного минимума на ребенка,0.0,0.0,0.0,0.0,neutral,False,,,False,batch,222
555,hospitals,Число больничных организаций,0.0,0.0,0.0,0.0,neutral,False,,,False,batch,222
555,outpatient_clinics,Число амбулаторно-поликлинических организаций,0.0,0.0,0.0,0.0,neutral,False,,,False,batch,222
555,abortions,Число абортов,0.0,0.0,0.0,0.0,neutral,False,,,False,batch,222
555,qualified_doctors,Численность врачей высшей и первой квалификационных категорий,0.0,0.0,0.0,0.0,neutral,False,,,False,batch,222
555,preschool_coverage,Охват детей до 6 лет дошкольным образованием,0.0,0.0,0.0,0.0,neutral,False,,,False,batch,222
555,children_benefits,"Численность детей до 18 лет, на которых назначено пособие",0.0,0.0,0.0,0.0,neutral,False,,,False,batch,222
555,maternity_capital,"Численность лиц, получивших сертификат на материнский капитал",0.0,0.0,0.0,0.0,neutral,False,,,False,batch,222
555,childcare_allowance,Ежемесячное пособие по уходу за первым ребенком,0.0,0.0,0.0,0.0,neutral,False,,,False,batch,222
555,large_families_housing,"Многодетные семьи, улучшившие жилищные условия",0.0,0.0,0.0,0.0,neutral,False,,,False,batch,222
555,housing_area_per_capita,Общая площадь жилья на одного жителя,0.0,0.0,0.0,0.0,neutral,False,,,False,batch,222
555,consumer_price_index,Индексы потребительских цен,0.0,0.0,0.0,0.0,neutral,False,,,False,batch,222
555,primary_housing_price_index,Индексы цен на первичном рынке жилья,0.0,0.0,0.0,0.0,neutral,False,,,False,batch,222
555,secondary_housing_price_index,Индексы цен на вторичном рынке жилья,0.0,0.0,0.0,0.0,neutral,False,,,False,batch,222
555,industrial_production_index,Индексы промышленного производства,0.0,0.0,0.0,0.0,neutral,False,,,False,batch,222
555,enterprises_count,Число предприятий и организаций,0.0,0.0,0.0,0.0,neutral,False,,,False,batch,222
555,crime_count,Количество преступлений,0.9,-0.5,0.5,0.8,negative,True,назвал пиратством атаки,атака -> crime_count,True,batch,222
555,air_pollution,Выбросы загрязняющих веществ в атмосферный воздух,0.0,0.0,0.0,0.0,neutral,False,,,False,batch,222
555,wastewater_discharge,Сброс загрязненных сточных вод,0.0,0.0,0.0,0.0,neutral,False,,,False,batch,222
555,mortality_rate,Коэффициент смертности на 1000 человек,0.0,0.0,0.0,0.0,neutral,False,,,False,batch,222
555,birth_rate_per_1000,Коэффициент рождаемости на 1000 человек,0.0,0.0,0.0,0.0,neutral,False,,,False,batch,222
558,population_size,Численность населения,0.0,0.0,0.0,0.0,neutral,False,,,False,batch,212
558,divorce_rate,Число зарегистрированных разводов на 1000 населения,0.0,0.0,0.0,0.0,neutral,False,,,False,batch,212
558,marriage_rate,Число зарегистрированных браков на 1000 населения,0.0,0.0,0.0,0.0,neutral,False,,,False,batch,212
558,international_inflow,Число прибывших в страну,0.0,0.0,0.0,0.0,neutral,False,,,False,batch,212
558,international_outflow,Число выбывших из страны,0.0,0.0,0.0,0.0,neutral,False,,,False,batch,212
558,internal_arrivals,Число прибытий внутри региона,0.0,0.0,0.0,0.0,neutral,False,,,False,batch,212
558,internal_departures,Число выбытий из региона,0.0,0.0,0.0,0.0,neutral,False,,,False,batch,212
558,infant_mortality,Коэффициент младенческой смертности,0.0,0.0,0.0,0.0,neutral,False,,,False,batch,212
558,life_expectancy,Ожидаемая продолжительность жизни,0.0,0.0,0.0,0.0,neutral,False,,,False,batch,212
558,male_population,Число мужчин,0.0,0.0,0.0,0.0,neutral,False,,,False,batch,212
558,female_population,Число женщин,0.0,0.0,0.0,0.0,neutral,False,,,False,batch,212
558,per_capita_income,Среднедушевые денежные доходы населения,0.0,0.0,0.0,0.0,neutral,False,,,False,batch,212
558,real_income_index,Реальные денежные доходы населения,0.0,0.0,0.0,0.0,neutral,False,,,False,batch,212
558,unemployment_rate,Уровень безработицы,0.0,0.0,0.0,0.0,neutral,False,,,False,batch,212
558,living_wage,Величина прожиточного минимума на душу населения,0.0,0.0,0.0,0.0,neutral,False,,,False,batch,212
558,child_living_wage,Величина прожиточного минимума на ребенка,0.0,0.0,0.0,0.0,neutral,False,,,False,batch,212
558,hospitals,Число больничных организаций,0.0,0.0,0.0,0.0,neutral,False,,,False,batch,212
558,outpatient_clinics,Число амбулаторно-поликлинических организаций,0.0,0.0,0.0,0.0,neutral,False,,,False,batch,212
558,abortions,Число абортов,0.0,0.0,0.0,0.0,neutral,False,,,False,batch,212
558,qualified_doctors,Численность врачей высшей и первой квалификационных категорий,0.0,0.0,0.0,0.0,neutral,False,,,False,batch,212
558,preschool_coverage,Охват детей до 6 лет дошкольным образованием,0.0,0.0,0.0,0.0,neutral,False,,,False,batch,212
558,children_benefits,"Численность детей до 18 лет, на которых назначено пособие",0.0,0.0,0.0,0.0,neutral,False,,,False,batch,212
558,maternity_capital,"Численность лиц, получивших сертификат на материнский капитал",0.0,0.0,0.0,0.0,neutral,False,,,False,batch,212
558,childcare_allowance,Ежемесячное пособие по уходу за первым ребенком,0.0,0.0,0.0,0.0,neutral,False,,,False,batch,212
558,large_families_housing,"Многодетные семьи, улучшившие жилищные условия",0.0,0.0,0.0,0.0,neutral,False,,,False,batch,212
558,housing_area_per_capita,Общая площадь жилья на одного жителя,0.0,0.0,0.0,0.0,neutral,False,,,False,batch,212
558,consumer_price_index,Индексы потребительских цен,0.0,0.0,0.0,0.0,neutral,False,,,False,batch,212
558,primary_housing_price_index,Индексы цен на первичном рынке жилья,0.0,0.0,0.0,0.0,neutral,False,,,False,batch,212
558,secondary_housing_price_index,Индексы цен на вторичном рынке жилья,0.0,0.0,0.0,0.0,neutral,False,,,False,batch,212
558,industrial_production_index,Индексы промышленного производства,0.0,0.0,0.0,0.0,neutral,False,,,False,batch,212
558,enterprises_count,Число предприятий и организаций,0.0,0.0,0.0,0.0,neutral,False,,,False,batch,212
558,crime_count,Количество преступлений,0.6,-0.5,0.5,0.8,negative,True,атака дронов,атака -> crime_count,True,batch,212
558,air_pollution,Выбросы загрязняющих веществ в атмосферный воздух,0.0,0.0,0.0,0.0,neutral,False,,,False,batch,212
558,wastewater_discharge,Сброс загрязненных сточных вод,0.0,0.0,0.0,0.0,neutral,False,,,False,batch,212
558,mortality_rate,Коэффициент смертности на 1000 человек,0.0,0.0,0.0,0.0,neutral,False,,,False,batch,212
558,birth_rate_per_1000,Коэффициент рождаемости на 1000 человек,0.0,0.0,0.0,0.0,neutral,False,,,False,batch,212
560,population_size,Численность населения,0.0,0.0,0.0,0.0,neutral,False,,,False,batch,470
560,divorce_rate,Число зарегистрированных разводов на 1000 населения,0.0,0.0,0.0,0.0,neutral,False,,,False,batch,470
560,marriage_rate,Число зарегистрированных браков на 1000 населения,0.0,0.0,0.0,0.0,neutral,False,,,False,batch,470
560,international_inflow,Число прибывших в страну,0.0,0.0,0.0,0.0,neutral,False,,,False,batch,470
560,international_outflow,Число выбывших из страны,0.0,0.0,0.0,0.0,neutral,False,,,False,batch,470
560,internal_arrivals,Число прибытий внутри региона,0.0,0.0,0.0,0.0,neutral,False,,,False,batch,470
560,internal_departures,Число выбытий из региона,0.0,0.0,0.0,0.0,neutral,False,,,False,batch,470
560,infant_mortality,Коэффициент младенческой смертности,0.0,0.0,0.0,0.0,neutral,False,,,False,batch,470
560,life_expectancy,Ожидаемая продолжительность жизни,0.0,0.0,0.0,0.0,neutral,False,,,False,batch,470
560,male_population,Число мужчин,0.0,0.0,0.0,0.0,neutral,False,,,False,batch,470
560,female_population,Число женщин,0.0,0.0,0.0,0.0,neutral,False,,,False,batch,470
560,per_capita_income,Среднедушевые денежные доходы населения,0.0,0.0,0.0,0.0,neutral,False,,,False,batch,470
560,real_income_index,Реальные денежные доходы населения,0.0,0.0,0.0,0.0,neutral,False,,,False,batch,470
560,unemployment_rate,Уровень безработицы,0.0,0.0,0.0,0.0,neutral,False,,,False,batch,470
560,living_wage,Величина прожиточного минимума на душу населения,0.0,0.0,0.0,0.0,neutral,False,,,False,batch,470
560,child_living_wage,Величина прожиточного минимума на ребенка,0.0,0.0,0.0,0.0,neutral,False,,,False,batch,470
560,hospitals,Число больничных организаций,0.0,0.0,0.0,0.0,neutral,False,,,False,batch,470
560,outpatient_clinics,Число амбулаторно-поликлинических организаций,0.0,0.0,0.0,0.0,neutral,False,,,False,batch,470
560,abortions,Число абортов,0.0,0.0,0.0,0.0,neutral,False,,,False,batch,470
560,qualified_doctors,Численность врачей высшей и первой квалификационных категорий,0.0,0.0,0.0,0.0,neutral,False,,,False,batch,470
560,preschool_coverage,Охват детей до 6 лет дошкольным образованием,0.0,0.0,0.0,0.0,neutral,False,,,False,batch,470
560,children_benefits,"Численность детей до 18 лет, на которых назначено пособие",0.0,0.0,0.0,0.0,neutral,False,,,False,batch,470
560,maternity_capital,"Численность лиц, получивших сертификат на материнский капитал",0.0,0.0,0.0,0.0,neutral,False,,,False,batch,470
560,childcare_allowance,Ежемесячное пособие по уходу за первым ребенком,0.0,0.0,0.0,0.0,neutral,False,,,False,batch,470
560,large_families_housing,"Многодетные семьи, улучшившие жилищные условия",0.0,0.0,0.0,0.0,neutral,False,,,False,batch,470
560,housing_area_per_capita,Общая площадь жилья на одного жителя,0.0,0.0,0.0,0.0,neutral,False,,,False,batch,470
560,consumer_price_index,Индексы потребительских цен,0.0,0.0,0.0,0.0,neutral,False,,,False,batch,470
560,primary_housing_price_index,Индексы цен на первичном рынке жилья,0.0,0.0,0.0,0.0,neutral,False,,,False,batch,470
560,secondary_housing_price_index,Индексы цен на вторичном рынке жилья,0.0,0.0,0.0,0.0,neutral,False,,,False,batch,470
560,industrial_production_index,Индексы промышленного производства,0.9,-0.5,0.7,0.9,negative,True,"атака на энергообъект, разгерметизация резервуара",атака на инфраструктуру -> промышленность,True,batch,470
560,enterprises_count,Число предприятий и организаций,0.0,0.0,0.0,0.0,neutral,False,,,False,batch,470
560,crime_count,Количество преступлений,0.0,0.0,0.0,0.0,neutral,False,,,False,batch,470
560,air_pollution,Выбросы загрязняющих веществ в атмосферный воздух,0.0,0.0,0.0,0.0,neutral,False,,,False,batch,470
560,wastewater_discharge,Сброс загрязненных сточных вод,0.0,0.0,0.0,0.0,neutral,False,,,False,batch,470
560,mortality_rate,Коэффициент смертности на 1000 человек,0.0,0.0,0.0,0.0,neutral,False,,,False,batch,470
560,birth_rate_per_1000,Коэффициент рождаемости на 1000 человек,0.0,0.0,0.0,0.0,neutral,False,,,False,batch,470
561,population_size,Численность населения,0.0,0.0,0.0,0.0,neutral,False,,,False,batch,246
561,divorce_rate,Число зарегистрированных разводов на 1000 населения,0.0,0.0,0.0,0.0,neutral,False,,,False,batch,246
561,marriage_rate,Число зарегистрированных браков на 1000 населения,0.0,0.0,0.0,0.0,neutral,False,,,False,batch,246
561,international_inflow,Число прибывших в страну,0.6,0.0,0.0,0.8,neutral,True,переговоры с конгрессменами США,переговоры без движения людей,True,batch,246
561,international_outflow,Число выбывших из страны,0.0,0.0,0.0,0.0,neutral,False,,,False,batch,246
561,internal_arrivals,Число прибытий внутри региона,0.0,0.0,0.0,0.0,neutral,False,,,False,batch,246
561,internal_departures,Число выбытий из региона,0.0,0.0,0.0,0.0,neutral,False,,,False,batch,246
561,infant_mortality,Коэффициент младенческой смертности,0.0,0.0,0.0,0.0,neutral,False,,,False,batch,246
561,life_expectancy,Ожидаемая продолжительность жизни,0.0,0.0,0.0,0.0,neutral,False,,,False,batch,246
561,male_population,Число мужчин,0.0,0.0,0.0,0.0,neutral,False,,,False,batch,246
561,female_population,Число женщин,0.0,0.0,0.0,0.0,neutral,False,,,False,batch,246
561,per_capita_income,Среднедушевые денежные доходы населения,0.0,0.0,0.0,0.0,neutral,False,,,False,batch,246
561,real_income_index,Реальные денежные доходы населения,0.0,0.0,0.0,0.0,neutral,False,,,False,batch,246
561,unemployment_rate,Уровень безработицы,0.0,0.0,0.0,0.0,neutral,False,,,False,batch,246
561,living_wage,Величина прожиточного минимума на душу населения,0.0,0.0,0.0,0.0,neutral,False,,,False,batch,246
561,child_living_wage,Величина прожиточного минимума на ребенка,0.0,0.0,0.0,0.0,neutral,False,,,False,batch,246
561,hospitals,Число больничных организаций,0.0,0.0,0.0,0.0,neutral,False,,,False,batch,246
561,outpatient_clinics,Число амбулаторно-поликлинических организаций,0.0,0.0,0.0,0.0,neutral,False,,,False,batch,246
561,abortions,Число абортов,0.0,0.0,0.0,0.0,neutral,False,,,False,batch,246
561,qualified_doctors,Численность врачей высшей и первой квалификационных категорий,0.0,0.0,0.0,0.0,neutral,False,,,False,batch,246
561,preschool_coverage,Охват детей до 6 лет дошкольным образованием,0.0,0.0,0.0,0.0,neutral,False,,,False,batch,246
561,children_benefits,"Численность детей до 18 лет, на которых назначено пособие",0.0,0.0,0.0,0.0,neutral,False,,,False,batch,246
561,maternity_capital,"Численность лиц, получивших сертификат на материнский капитал",0.0,0.0,0.0,0.0,neutral,False,,,False,batch,246
561,childcare_allowance,Ежемесячное пособие по уходу за первым ребенком,0.0,0.0,0.0,0.0,neutral,False,,,False,batch,246
561,large_families_housing,"Многодетные семьи, улучшившие жилищные условия",0.0,0.0,0.0,0.0,neutral,False,,,False,batch,246
561,housing_area_per_capita,Общая площадь жилья на одного жителя,0.0,0.0,0.0,0.0,neutral,False,,,False,batch,246
561,consumer_price_index,Индексы потребительских цен,0.0,0.0,0.0,0.0,neutral,False,,,False,batch,246
561,primary_housing_price_index,Индексы цен на первичном рынке жилья,0.0,0.0,0.0,0.0,neutral,False,,,False,batch,246
561,secondary_housing_price_index,Индексы цен на вторичном рынке жилья,0.0,0.0,0.0,0.0,neutral,False,,,False,batch,246
561,industrial_production_index,Индексы промышленного производства,0.0,0.0,0.0,0.0,neutral,False,,,False,batch,246
561,enterprises_count,Число предприятий и организаций,0.0,0.0,0.0,0.0,neutral,False,,,False,batch,246
561,crime_count,Количество преступлений,0.0,0.0,0.0,0.0,neutral,False,,,False,batch,246
561,air_pollution,Выбросы загрязняющих веществ в атмосферный воздух,0.0,0.0,0.0,0.0,neutral,False,,,False,batch,246
561,wastewater_discharge,Сброс загрязненных сточных вод,0.0,0.0,0.0,0.0,neutral,False,,,False,batch,246
561,mortality_rate,Коэффициент смертности на 1000 человек,0.0,0.0,0.0,0.0,neutral,False,,,False,batch,246
561,birth_rate_per_1000,Коэффициент рождаемости на 1000 человек,0.0,0.0,0.0,0.0,neutral,False,,,False,batch,246
562,population_size,Численность населения,0.0,0.0,0.0,0.0,neutral,False,,,False,batch,276
562,divorce_rate,Число зарегистрированных разводов на 1000 населения,0.0,0.0,0.0,0.0,neutral,False,,,False,batch,276
562,marriage_rate,Число зарегистрированных браков на 1000 населения,0.0,0.0,0.0,0.0,neutral,False,,,False,batch,276
562,international_inflow,Число прибывших в страну,0.0,0.0,0.0,0.0,neutral,False,,,False,batch,276
562,international_outflow,Число выбывших из страны,0.0,0.0,0.0,0.0,neutral,False,,,False,batch,276
562,internal_arrivals,Число прибытий внутри региона,0.0,0.0,0.0,0.0,neutral,False,,,False,batch,276
562,internal_departures,Число выбытий из региона,0.0,0.0,0.0,0.0,neutral,False,,,False,batch,276
562,infant_mortality,Коэффициент младенческой смертности,0.0,0.0,0.0,0.0,neutral,False,,,False,batch,276
562,life_expectancy,Ожидаемая продолжительность жизни,0.0,0.0,0.0,0.0,neutral,False,,,False,batch,276
562,male_population,Число мужчин,0.0,0.0,0.0,0.0,neutral,False,,,False,batch,276
562,female_population,Число женщин,0.0,0.0,0.0,0.0,neutral,False,,,False,batch,276
562,per_capita_income,Среднедушевые денежные доходы населения,0.0,0.0,0.0,0.0,neutral,False,,,False,batch,276
562,real_income_index,Реальные денежные доходы населения,0.0,0.0,0.0,0.0,neutral,False,,,False,batch,276
562,unemployment_rate,Уровень безработицы,0.0,0.0,0.0,0.0,neutral,False,,,False,batch,276
562,living_wage,Величина прожиточного минимума на душу населения,0.0,0.0,0.0,0.0,neutral,False,,,False,batch,276
562,child_living_wage,Величина прожиточного минимума на ребенка,0.0,0.0,0.0,0.0,neutral,False,,,False,batch,276
562,hospitals,Число больничных организаций,0.0,0.0,0.0,0.0,neutral,False,,,False,batch,276
562,outpatient_clinics,Число амбулаторно-поликлинических организаций,0.0,0.0,0.0,0.0,neutral,False,,,False,batch,276
562,abortions,Число абортов,0.0,0.0,0.0,0.0,neutral,False,,,False,batch,276
562,qualified_doctors,Численность врачей высшей и первой квалификационных категорий,0.0,0.0,0.0,0.0,neutral,False,,,False,batch,276
562,preschool_coverage,Охват детей до 6 лет дошкольным образованием,0.0,0.0,0.0,0.0,neutral,False,,,False,batch,276
562,children_benefits,"Численность детей до 18 лет, на которых назначено пособие",0.0,0.0,0.0,0.0,neutral,False,,,False,batch,276
562,maternity_capital,"Численность лиц, получивших сертификат на материнский капитал",0.0,0.0,0.0,0.0,neutral,False,,,False,batch,276
562,childcare_allowance,Ежемесячное пособие по уходу за первым ребенком,0.0,0.0,0.0,0.0,neutral,False,,,False,batch,276
562,large_families_housing,"Многодетные семьи, улучшившие жилищные условия",0.0,0.0,0.0,0.0,neutral,False,,,False,batch,276
562,housing_area_per_capita,Общая площадь жилья на одного жителя,0.0,0.0,0.0,0.0,neutral,False,,,False,batch,276
562,consumer_price_index,Индексы потребительских цен,0.0,0.0,0.0,0.0,neutral,False,,,False,batch,276
562,primary_housing_price_index,Индексы цен на первичном рынке жилья,0.0,0.0,0.0,0.0,neutral,False,,,False,batch,276
562,secondary_housing_price_index,Индексы цен на вторичном рынке жилья,0.0,0.0,0.0,0.0,neutral,False,,,False,batch,276
562,industrial_production_index,Индексы промышленного производства,0.3,0.0,0.0,0.7,neutral,True,"торговлю, пошлины на импорт из КНР",торговые споры и пошлины влияют на промышленность,True,batch,276
562,enterprises_count,Число предприятий и организаций,0.0,0.0,0.0,0.0,neutral,False,,,False,batch,276
562,crime_count,Количество преступлений,0.0,0.0,0.0,0.0,neutral,False,,,False,batch,276
562,air_pollution,Выбросы загрязняющих веществ в атмосферный воздух,0.0,0.0,0.0,0.0,neutral,False,,,False,batch,276
562,wastewater_discharge,Сброс загрязненных сточных вод,0.0,0.0,0.0,0.0,neutral,False,,,False,batch,276
562,mortality_rate,Коэффициент смертности на 1000 человек,0.0,0.0,0.0,0.0,neutral,False,,,False,batch,276
562,birth_rate_per_1000,Коэффициент рождаемости на 1000 человек,0.0,0.0,0.0,0.0,neutral,False,,,False,batch,276
564,population_size,Численность населения,0.0,0.0,0.0,0.0,neutral,False,,,False,batch,244
564,divorce_rate,Число зарегистрированных разводов на 1000 населения,0.0,0.0,0.0,0.0,neutral,False,,,False,batch,244
564,marriage_rate,Число зарегистрированных браков на 1000 населения,0.0,0.0,0.0,0.0,neutral,False,,,False,batch,244
564,international_inflow,Число прибывших в страну,0.0,0.0,0.0,0.0,neutral,False,,,False,batch,244
564,international_outflow,Число выбывших из страны,0.0,0.0,0.0,0.0,neutral,False,,,False,batch,244
564,internal_arrivals,Число прибытий внутри региона,0.0,0.0,0.0,0.0,neutral,False,,,False,batch,244
564,internal_departures,Число выбытий из региона,0.0,0.0,0.0,0.0,neutral,False,,,False,batch,244
564,infant_mortality,Коэффициент младенческой смертности,0.0,0.0,0.0,0.0,neutral,False,,,False,batch,244
564,life_expectancy,Ожидаемая продолжительность жизни,0.0,0.0,0.0,0.0,neutral,False,,,False,batch,244
564,male_population,Число мужчин,0.0,0.0,0.0,0.0,neutral,False,,,False,batch,244
564,female_population,Число женщин,0.0,0.0,0.0,0.0,neutral,False,,,False,batch,244
564,per_capita_income,Среднедушевые денежные доходы населения,0.0,0.0,0.0,0.0,neutral,False,,,False,batch,244
564,real_income_index,Реальные денежные доходы населения,0.0,0.0,0.0,0.0,neutral,False,,,False,batch,244
564,unemployment_rate,Уровень безработицы,0.0,0.0,0.0,0.0,neutral,False,,,False,batch,244
564,living_wage,Величина прожиточного минимума на душу населения,0.0,0.0,0.0,0.0,neutral,False,,,False,batch,244
564,child_living_wage,Величина прожиточного минимума на ребенка,0.0,0.0,0.0,0.0,neutral,False,,,False,batch,244
564,hospitals,Число больничных организаций,0.0,0.0,0.0,0.0,neutral,False,,,False,batch,244
564,outpatient_clinics,Число амбулаторно-поликлинических организаций,0.0,0.0,0.0,0.0,neutral,False,,,False,batch,244
564,abortions,Число абортов,0.0,0.0,0.0,0.0,neutral,False,,,False,batch,244
564,qualified_doctors,Численность врачей высшей и первой квалификационных категорий,0.0,0.0,0.0,0.0,neutral,False,,,False,batch,244
564,preschool_coverage,Охват детей до 6 лет дошкольным образованием,0.0,0.0,0.0,0.0,neutral,False,,,False,batch,244
564,children_benefits,"Численность детей до 18 лет, на которых назначено пособие",0.0,0.0,0.0,0.0,neutral,False,,,False,batch,244
564,maternity_capital,"Численность лиц, получивших сертификат на материнский капитал",0.0,0.0,0.0,0.0,neutral,False,,,False,batch,244
564,childcare_allowance,Ежемесячное пособие по уходу за первым ребенком,0.0,0.0,0.0,0.0,neutral,False,,,False,batch,244
564,large_families_housing,"Многодетные семьи, улучшившие жилищные условия",0.0,0.0,0.0,0.0,neutral,False,,,False,batch,244
564,housing_area_per_capita,Общая площадь жилья на одного жителя,0.0,0.0,0.0,0.0,neutral,False,,,False,batch,244
564,consumer_price_index,Индексы потребительских цен,0.0,0.0,0.0,0.0,neutral,False,,,False,batch,244
564,primary_housing_price_index,Индексы цен на первичном рынке жилья,0.0,0.0,0.0,0.0,neutral,False,,,False,batch,244
564,secondary_housing_price_index,Индексы цен на вторичном рынке жилья,0.0,0.0,0.0,0.0,neutral,False,,,False,batch,244
564,industrial_production_index,Индексы промышленного производства,0.6,0.0,0.0,0.8,neutral,True,экспорт вырос на 472 тысячи б/с,экспорт/импорт нефти,True,batch,244
564,enterprises_count,Число предприятий и организаций,0.0,0.0,0.0,0.0,neutral,False,,,False,batch,244
564,crime_count,Количество преступлений,0.0,0.0,0.0,0.0,neutral,False,,,False,batch,244
564,air_pollution,Выбросы загрязняющих веществ в атмосферный воздух,0.0,0.0,0.0,0.0,neutral,False,,,False,batch,244
564,wastewater_discharge,Сброс загрязненных сточных вод,0.0,0.0,0.0,0.0,neutral,False,,,False,batch,244
564,mortality_rate,Коэффициент смертности на 1000 человек,0.0,0.0,0.0,0.0,neutral,False,,,False,batch,244
564,birth_rate_per_1000,Коэффициент рождаемости на 1000 человек,0.0,0.0,0.0,0.0,neutral,False,,,False,batch,244
568,population_size,Численность населения,0.0,0.0,0.0,0.0,neutral,False,,,False,neutral_after_error,0
568,divorce_rate,Число зарегистрированных разводов на 1000 населения,0.0,0.0,0.0,0.0,neutral,False,,,False,neutral_after_error,0
568,marriage_rate,Число зарегистрированных браков на 1000 населения,0.0,0.0,0.0,0.0,neutral,False,,,False,neutral_after_error,0
568,international_inflow,Число прибывших в страну,0.0,0.0,0.0,0.0,neutral,False,,,False,neutral_after_error,0
568,international_outflow,Число выбывших из страны,0.0,0.0,0.0,0.0,neutral,False,,,False,neutral_after_error,0
568,internal_arrivals,Число прибытий внутри региона,0.0,0.0,0.0,0.0,neutral,False,,,False,neutral_after_error,0
568,internal_departures,Число выбытий из региона,0.0,0.0,0.0,0.0,neutral,False,,,False,neutral_after_error,0
568,infant_mortality,Коэффициент младенческой смертности,0.0,0.0,0.0,0.0,neutral,False,,,False,neutral_after_error,0
568,life_expectancy,Ожидаемая продолжительность жизни,0.0,0.0,0.0,0.0,neutral,False,,,False,neutral_after_error,0
568,male_population,Число мужчин,0.0,0.0,0.0,0.0,neutral,False,,,False,neutral_after_error,0
568,female_population,Число женщин,0.0,0.0,0.0,0.0,neutral,False,,,False,neutral_after_error,0
568,per_capita_income,Среднедушевые денежные доходы населения,0.0,0.0,0.0,0.0,neutral,False,,,False,neutral_after_error,0
568,real_income_index,Реальные денежные доходы населения,0.0,0.0,0.0,0.0,neutral,False,,,False,neutral_after_error,0
568,unemployment_rate,Уровень безработицы,0.0,0.0,0.0,0.0,neutral,False,,,False,neutral_after_error,0
568,living_wage,Величина прожиточного минимума на душу населения,0.0,0.0,0.0,0.0,neutral,False,,,False,neutral_after_error,0
568,child_living_wage,Величина прожиточного минимума на ребенка,0.0,0.0,0.0,0.0,neutral,False,,,False,neutral_after_error,0
568,hospitals,Число больничных организаций,0.0,0.0,0.0,0.0,neutral,False,,,False,neutral_after_error,0
568,outpatient_clinics,Число амбулаторно-поликлинических организаций,0.0,0.0,0.0,0.0,neutral,False,,,False,neutral_after_error,0
568,abortions,Число абортов,0.0,0.0,0.0,0.0,neutral,False,,,False,neutral_after_error,0
568,qualified_doctors,Численность врачей высшей и первой квалификационных категорий,0.0,0.0,0.0,0.0,neutral,False,,,False,neutral_after_error,0
568,preschool_coverage,Охват детей до 6 лет дошкольным образованием,0.0,0.0,0.0,0.0,neutral,False,,,False,neutral_after_error,0
568,children_benefits,"Численность детей до 18 лет, на которых назначено пособие",0.0,0.0,0.0,0.0,neutral,False,,,False,neutral_after_error,0
568,maternity_capital,"Численность лиц, получивших сертификат на материнский капитал",0.0,0.0,0.0,0.0,neutral,False,,,False,neutral_after_error,0
568,childcare_allowance,Ежемесячное пособие по уходу за первым ребенком,0.0,0.0,0.0,0.0,neutral,False,,,False,neutral_after_error,0
568,large_families_housing,"Многодетные семьи, улучшившие жилищные условия",0.0,0.0,0.0,0.0,neutral,False,,,False,neutral_after_error,0
568,housing_area_per_capita,Общая площадь жилья на одного жителя,0.0,0.0,0.0,0.0,neutral,False,,,False,neutral_after_error,0
568,consumer_price_index,Индексы потребительских цен,0.0,0.0,0.0,0.0,neutral,False,,,False,neutral_after_error,0
568,primary_housing_price_index,Индексы цен на первичном рынке жилья,0.0,0.0,0.0,0.0,neutral,False,,,False,neutral_after_error,0
568,secondary_housing_price_index,Индексы цен на вторичном рынке жилья,0.0,0.0,0.0,0.0,neutral,False,,,False,neutral_after_error,0
568,industrial_production_index,Индексы промышленного производства,0.0,0.0,0.0,0.0,neutral,False,,,False,neutral_after_error,0
568,enterprises_count,Число предприятий и организаций,0.0,0.0,0.0,0.0,neutral,False,,,False,neutral_after_error,0
568,crime_count,Количество преступлений,0.0,0.0,0.0,0.0,neutral,False,,,False,neutral_after_error,0
568,air_pollution,Выбросы загрязняющих веществ в атмосферный воздух,0.0,0.0,0.0,0.0,neutral,False,,,False,neutral_after_error,0
568,wastewater_discharge,Сброс загрязненных сточных вод,0.0,0.0,0.0,0.0,neutral,False,,,False,neutral_after_error,0
568,mortality_rate,Коэффициент смертности на 1000 человек,0.0,0.0,0.0,0.0,neutral,False,,,False,neutral_after_error,0
568,birth_rate_per_1000,Коэффициент рождаемости на 1000 человек,0.0,0.0,0.0,0.0,neutral,False,,,False,neutral_after_error,0
569,population_size,Численность населения,0.0,0.0,0.0,0.0,neutral,False,,,False,batch,232
569,divorce_rate,Число зарегистрированных разводов на 1000 населения,0.0,0.0,0.0,0.0,neutral,False,,,False,batch,232
569,marriage_rate,Число зарегистрированных браков на 1000 населения,0.0,0.0,0.0,0.0,neutral,False,,,False,batch,232
569,international_inflow,Число прибывших в страну,0.0,0.0,0.0,0.0,neutral,False,,,False,batch,232
569,international_outflow,Число выбывших из страны,0.0,0.0,0.0,0.0,neutral,False,,,False,batch,232
569,internal_arrivals,Число прибытий внутри региона,0.0,0.0,0.0,0.0,neutral,False,,,False,batch,232
569,internal_departures,Число выбытий из региона,0.0,0.0,0.0,0.0,neutral,False,,,False,batch,232
569,infant_mortality,Коэффициент младенческой смертности,0.0,0.0,0.0,0.0,neutral,False,,,False,batch,232
569,life_expectancy,Ожидаемая продолжительность жизни,0.0,0.0,0.0,0.0,neutral,False,,,False,batch,232
569,male_population,Число мужчин,0.0,0.0,0.0,0.0,neutral,False,,,False,batch,232
569,female_population,Число женщин,0.0,0.0,0.0,0.0,neutral,False,,,False,batch,232
569,per_capita_income,Среднедушевые денежные доходы населения,0.0,0.0,0.0,0.0,neutral,False,,,False,batch,232
569,real_income_index,Реальные денежные доходы населения,0.0,0.0,0.0,0.0,neutral,False,,,False,batch,232
569,unemployment_rate,Уровень безработицы,0.0,0.0,0.0,0.0,neutral,False,,,False,batch,232
569,living_wage,Величина прожиточного минимума на душу населения,0.0,0.0,0.0,0.0,neutral,False,,,False,batch,232
569,child_living_wage,Величина прожиточного минимума на ребенка,0.0,0.0,0.0,0.0,neutral,False,,,False,batch,232
569,hospitals,Число больничных организаций,0.0,0.0,0.0,0.0,neutral,False,,,False,batch,232
569,outpatient_clinics,Число амбулаторно-поликлинических организаций,0.0,0.0,0.0,0.0,neutral,False,,,False,batch,232
569,abortions,Число абортов,0.0,0.0,0.0,0.0,neutral,False,,,False,batch,232
569,qualified_doctors,Численность врачей высшей и первой квалификационных категорий,0.0,0.0,0.0,0.0,neutral,False,,,False,batch,232
569,preschool_coverage,Охват детей до 6 лет дошкольным образованием,0.0,0.0,0.0,0.0,neutral,False,,,False,batch,232
569,children_benefits,"Численность детей до 18 лет, на которых назначено пособие",0.0,0.0,0.0,0.0,neutral,False,,,False,batch,232
569,maternity_capital,"Численность лиц, получивших сертификат на материнский капитал",0.0,0.0,0.0,0.0,neutral,False,,,False,batch,232
569,childcare_allowance,Ежемесячное пособие по уходу за первым ребенком,0.0,0.0,0.0,0.0,neutral,False,,,False,batch,232
569,large_families_housing,"Многодетные семьи, улучшившие жилищные условия",0.0,0.0,0.0,0.0,neutral,False,,,False,batch,232
569,housing_area_per_capita,Общая площадь жилья на одного жителя,0.0,0.0,0.0,0.0,neutral,False,,,False,batch,232
569,consumer_price_index,Индексы потребительских цен,0.0,0.0,0.0,0.0,neutral,False,,,False,batch,232
569,primary_housing_price_index,Индексы цен на первичном рынке жилья,0.0,0.0,0.0,0.0,neutral,False,,,False,batch,232
569,secondary_housing_price_index,Индексы цен на вторичном рынке жилья,0.0,0.0,0.0,0.0,neutral,False,,,False,batch,232
569,industrial_production_index,Индексы промышленного производства,0.0,0.0,0.0,0.0,neutral,False,,,False,batch,232
569,enterprises_count,Число предприятий и организаций,0.0,0.0,0.0,0.0,neutral,False,,,False,batch,232
569,crime_count,Количество преступлений,0.9,-0.5,0.5,0.8,negative,True,"мошенничество, осужденные",мошенничество -> crime_count,True,batch,232
569,air_pollution,Выбросы загрязняющих веществ в атмосферный воздух,0.0,0.0,0.0,0.0,neutral,False,,,False,batch,232
569,wastewater_discharge,Сброс загрязненных сточных вод,0.0,0.0,0.0,0.0,neutral,False,,,False,batch,232
569,mortality_rate,Коэффициент смертности на 1000 человек,0.0,0.0,0.0,0.0,neutral,False,,,False,batch,232
569,birth_rate_per_1000,Коэффициент рождаемости на 1000 человек,0.0,0.0,0.0,0.0,neutral,False,,,False,batch,232
570,population_size,Численность населения,0.0,0.0,0.0,0.0,neutral,False,,,False,batch,284
570,divorce_rate,Число зарегистрированных разводов на 1000 населения,0.0,0.0,0.0,0.0,neutral,False,,,False,batch,284
570,marriage_rate,Число зарегистрированных браков на 1000 населения,0.0,0.0,0.0,0.0,neutral,False,,,False,batch,284
570,international_inflow,Число прибывших в страну,0.3,0.1,0.1,0.7,neutral,True,создание инвестиционной платформы БРИКС,инвестиционная платформа БРИКС связана с движением капитала,True,batch,284
570,international_outflow,Число выбывших из страны,0.0,0.0,0.0,0.0,neutral,False,,,False,batch,284
570,internal_arrivals,Число прибытий внутри региона,0.0,0.0,0.0,0.0,neutral,False,,,False,batch,284
570,internal_departures,Число выбытий из региона,0.0,0.0,0.0,0.0,neutral,False,,,False,batch,284
570,infant_mortality,Коэффициент младенческой смертности,0.0,0.0,0.0,0.0,neutral,False,,,False,batch,284
570,life_expectancy,Ожидаемая продолжительность жизни,0.0,0.0,0.0,0.0,neutral,False,,,False,batch,284
570,male_population,Число мужчин,0.0,0.0,0.0,0.0,neutral,False,,,False,batch,284
570,female_population,Число женщин,0.0,0.0,0.0,0.0,neutral,False,,,False,batch,284
570,per_capita_income,Среднедушевые денежные доходы населения,0.0,0.0,0.0,0.0,neutral,False,,,False,batch,284
570,real_income_index,Реальные денежные доходы населения,0.0,0.0,0.0,0.0,neutral,False,,,False,batch,284
570,unemployment_rate,Уровень безработицы,0.0,0.0,0.0,0.0,neutral,False,,,False,batch,284
570,living_wage,Величина прожиточного минимума на душу населения,0.0,0.0,0.0,0.0,neutral,False,,,False,batch,284
570,child_living_wage,Величина прожиточного минимума на ребенка,0.0,0.0,0.0,0.0,neutral,False,,,False,batch,284
570,hospitals,Число больничных организаций,0.0,0.0,0.0,0.0,neutral,False,,,False,batch,284
570,outpatient_clinics,Число амбулаторно-поликлинических организаций,0.0,0.0,0.0,0.0,neutral,False,,,False,batch,284
570,abortions,Число абортов,0.0,0.0,0.0,0.0,neutral,False,,,False,batch,284
570,qualified_doctors,Численность врачей высшей и первой квалификационных категорий,0.0,0.0,0.0,0.0,neutral,False,,,False,batch,284
570,preschool_coverage,Охват детей до 6 лет дошкольным образованием,0.0,0.0,0.0,0.0,neutral,False,,,False,batch,284
570,children_benefits,"Численность детей до 18 лет, на которых назначено пособие",0.0,0.0,0.0,0.0,neutral,False,,,False,batch,284
570,maternity_capital,"Численность лиц, получивших сертификат на материнский капитал",0.0,0.0,0.0,0.0,neutral,False,,,False,batch,284
570,childcare_allowance,Ежемесячное пособие по уходу за первым ребенком,0.0,0.0,0.0,0.0,neutral,False,,,False,batch,284
570,large_families_housing,"Многодетные семьи, улучшившие жилищные условия",0.0,0.0,0.0,0.0,neutral,False,,,False,batch,284
570,housing_area_per_capita,Общая площадь жилья на одного жителя,0.0,0.0,0.0,0.0,neutral,False,,,False,batch,284
570,consumer_price_index,Индексы потребительских цен,0.0,0.0,0.0,0.0,neutral,False,,,False,batch,284
570,primary_housing_price_index,Индексы цен на первичном рынке жилья,0.0,0.0,0.0,0.0,neutral,False,,,False,batch,284
570,secondary_housing_price_index,Индексы цен на вторичном рынке жилья,0.0,0.0,0.0,0.0,neutral,False,,,False,batch,284
570,industrial_production_index,Индексы промышленного производства,0.0,0.0,0.0,0.0,neutral,False,,,False,batch,284
570,enterprises_count,Число предприятий и организаций,0.0,0.0,0.0,0.0,neutral,False,,,False,batch,284
570,crime_count,Количество преступлений,0.0,0.0,0.0,0.0,neutral,False,,,False,batch,284
570,air_pollution,Выбросы загрязняющих веществ в атмосферный воздух,0.0,0.0,0.0,0.0,neutral,False,,,False,batch,284
570,wastewater_discharge,Сброс загрязненных сточных вод,0.0,0.0,0.0,0.0,neutral,False,,,False,batch,284
570,mortality_rate,Коэффициент смертности на 1000 человек,0.0,0.0,0.0,0.0,neutral,False,,,False,batch,284
570,birth_rate_per_1000,Коэффициент рождаемости на 1000 человек,0.0,0.0,0.0,0.0,neutral,False,,,False,batch,284
572,population_size,Численность населения,0.0,0.0,0.0,0.0,neutral,False,,,False,batch,279
572,divorce_rate,Число зарегистрированных разводов на 1000 населения,0.0,0.0,0.0,0.0,neutral,False,,,False,batch,279
572,marriage_rate,Число зарегистрированных браков на 1000 населения,0.0,0.0,0.0,0.0,neutral,False,,,False,batch,279
572,international_inflow,Число прибывших в страну,0.6,0.0,0.0,0.8,neutral,True,групповые очаги заболевания в основном регистрировались среди трудовых мигрантов,трудовые мигранты,True,batch,279
572,international_outflow,Число выбывших из страны,0.0,0.0,0.0,0.0,neutral,False,,,False,batch,279
572,internal_arrivals,Число прибытий внутри региона,0.0,0.0,0.0,0.0,neutral,False,,,False,batch,279
572,internal_departures,Число выбытий из региона,0.0,0.0,0.0,0.0,neutral,False,,,False,batch,279
572,infant_mortality,Коэффициент младенческой смертности,0.0,0.0,0.0,0.0,neutral,False,,,False,batch,279
572,life_expectancy,Ожидаемая продолжительность жизни,0.0,0.0,0.0,0.0,neutral,False,,,False,batch,279
572,male_population,Число мужчин,0.0,0.0,0.0,0.0,neutral,False,,,False,batch,279
572,female_population,Число женщин,0.0,0.0,0.0,0.0,neutral,False,,,False,batch,279
572,per_capita_income,Среднедушевые денежные доходы населения,0.0,0.0,0.0,0.0,neutral,False,,,False,batch,279
572,real_income_index,Реальные денежные доходы населения,0.0,0.0,0.0,0.0,neutral,False,,,False,batch,279
572,unemployment_rate,Уровень безработицы,0.0,0.0,0.0,0.0,neutral,False,,,False,batch,279
572,living_wage,Величина прожиточного минимума на душу населения,0.0,0.0,0.0,0.0,neutral,False,,,False,batch,279
572,child_living_wage,Величина прожиточного минимума на ребенка,0.0,0.0,0.0,0.0,neutral,False,,,False,batch,279
572,hospitals,Число больничных организаций,0.0,0.0,0.0,0.0,neutral,False,,,False,batch,279
572,outpatient_clinics,Число амбулаторно-поликлинических организаций,0.0,0.0,0.0,0.0,neutral,False,,,False,batch,279
572,abortions,Число абортов,0.0,0.0,0.0,0.0,neutral,False,,,False,batch,279
572,qualified_doctors,Численность врачей высшей и первой квалификационных категорий,0.0,0.0,0.0,0.0,neutral,False,,,False,batch,279
572,preschool_coverage,Охват детей до 6 лет дошкольным образованием,0.0,0.0,0.0,0.0,neutral,False,,,False,batch,279
572,children_benefits,"Численность детей до 18 лет, на которых назначено пособие",0.0,0.0,0.0,0.0,neutral,False,,,False,batch,279
572,maternity_capital,"Численность лиц, получивших сертификат на материнский капитал",0.0,0.0,0.0,0.0,neutral,False,,,False,batch,279
572,childcare_allowance,Ежемесячное пособие по уходу за первым ребенком,0.0,0.0,0.0,0.0,neutral,False,,,False,batch,279
572,large_families_housing,"Многодетные семьи, улучшившие жилищные условия",0.0,0.0,0.0,0.0,neutral,False,,,False,batch,279
572,housing_area_per_capita,Общая площадь жилья на одного жителя,0.0,0.0,0.0,0.0,neutral,False,,,False,batch,279
572,consumer_price_index,Индексы потребительских цен,0.0,0.0,0.0,0.0,neutral,False,,,False,batch,279
572,primary_housing_price_index,Индексы цен на первичном рынке жилья,0.0,0.0,0.0,0.0,neutral,False,,,False,batch,279
572,secondary_housing_price_index,Индексы цен на вторичном рынке жилья,0.0,0.0,0.0,0.0,neutral,False,,,False,batch,279
572,industrial_production_index,Индексы промышленного производства,0.0,0.0,0.0,0.0,neutral,False,,,False,batch,279
572,enterprises_count,Число предприятий и организаций,0.0,0.0,0.0,0.0,neutral,False,,,False,batch,279
572,crime_count,Количество преступлений,0.0,0.0,0.0,0.0,neutral,False,,,False,batch,279
572,air_pollution,Выбросы загрязняющих веществ в атмосферный воздух,0.0,0.0,0.0,0.0,neutral,False,,,False,batch,279
572,wastewater_discharge,Сброс загрязненных сточных вод,0.0,0.0,0.0,0.0,neutral,False,,,False,batch,279
572,mortality_rate,Коэффициент смертности на 1000 человек,0.0,0.0,0.0,0.0,neutral,False,,,False,batch,279
572,birth_rate_per_1000,Коэффициент рождаемости на 1000 человек,0.0,0.0,0.0,0.0,neutral,False,,,False,batch,279
573,population_size,Численность населения,0.0,0.0,0.0,0.0,neutral,False,,,False,batch,258
573,divorce_rate,Число зарегистрированных разводов на 1000 населения,0.0,0.0,0.0,0.0,neutral,False,,,False,batch,258
573,marriage_rate,Число зарегистрированных браков на 1000 населения,0.0,0.0,0.0,0.0,neutral,False,,,False,batch,258
573,international_inflow,Число прибывших в страну,0.0,0.0,0.0,0.0,neutral,False,,,False,batch,258
573,international_outflow,Число выбывших из страны,0.0,0.0,0.0,0.0,neutral,False,,,False,batch,258
573,internal_arrivals,Число прибытий внутри региона,0.0,0.0,0.0,0.0,neutral,False,,,False,batch,258
573,internal_departures,Число выбытий из региона,0.0,0.0,0.0,0.0,neutral,False,,,False,batch,258
573,infant_mortality,Коэффициент младенческой смертности,0.0,0.0,0.0,0.0,neutral,False,,,False,batch,258
573,life_expectancy,Ожидаемая продолжительность жизни,0.0,0.0,0.0,0.0,neutral,False,,,False,batch,258
573,male_population,Число мужчин,0.0,0.0,0.0,0.0,neutral,False,,,False,batch,258
573,female_population,Число женщин,0.0,0.0,0.0,0.0,neutral,False,,,False,batch,258
573,per_capita_income,Среднедушевые денежные доходы населения,0.0,0.0,0.0,0.0,neutral,False,,,False,batch,258
573,real_income_index,Реальные денежные доходы населения,0.0,0.0,0.0,0.0,neutral,False,,,False,batch,258
573,unemployment_rate,Уровень безработицы,0.0,0.0,0.0,0.0,neutral,False,,,False,batch,258
573,living_wage,Величина прожиточного минимума на душу населения,0.0,0.0,0.0,0.0,neutral,False,,,False,batch,258
573,child_living_wage,Величина прожиточного минимума на ребенка,0.0,0.0,0.0,0.0,neutral,False,,,False,batch,258
573,hospitals,Число больничных организаций,0.0,0.0,0.0,0.0,neutral,False,,,False,batch,258
573,outpatient_clinics,Число амбулаторно-поликлинических организаций,0.0,0.0,0.0,0.0,neutral,False,,,False,batch,258
573,abortions,Число абортов,0.0,0.0,0.0,0.0,neutral,False,,,False,batch,258
573,qualified_doctors,Численность врачей высшей и первой квалификационных категорий,0.0,0.0,0.0,0.0,neutral,False,,,False,batch,258
573,preschool_coverage,Охват детей до 6 лет дошкольным образованием,0.0,0.0,0.0,0.0,neutral,False,,,False,batch,258
573,children_benefits,"Численность детей до 18 лет, на которых назначено пособие",0.0,0.0,0.0,0.0,neutral,False,,,False,batch,258
573,maternity_capital,"Численность лиц, получивших сертификат на материнский капитал",0.0,0.0,0.0,0.0,neutral,False,,,False,batch,258
573,childcare_allowance,Ежемесячное пособие по уходу за первым ребенком,0.0,0.0,0.0,0.0,neutral,False,,,False,batch,258
573,large_families_housing,"Многодетные семьи, улучшившие жилищные условия",0.0,0.0,0.0,0.0,neutral,False,,,False,batch,258
573,housing_area_per_capita,Общая площадь жилья на одного жителя,0.0,0.0,0.0,0.0,neutral,False,,,False,batch,258
573,consumer_price_index,Индексы потребительских цен,0.0,0.0,0.0,0.0,neutral,False,,,False,batch,258
573,primary_housing_price_index,Индексы цен на первичном рынке жилья,0.0,0.0,0.0,0.0,neutral,False,,,False,batch,258
573,secondary_housing_price_index,Индексы цен на вторичном рынке жилья,0.0,0.0,0.0,0.0,neutral,False,,,False,batch,258
573,industrial_production_index,Индексы промышленного производства,0.6,0.3,0.1,0.7,neutral,True,"российские алгоритмы, методики, технологии",технологии и разработки,True,batch,258
573,enterprises_count,Число предприятий и организаций,0.0,0.0,0.0,0.0,neutral,False,,,False,batch,258
573,crime_count,Количество преступлений,0.0,0.0,0.0,0.0,neutral,False,,,False,batch,258
573,air_pollution,Выбросы загрязняющих веществ в атмосферный воздух,0.0,0.0,0.0,0.0,neutral,False,,,False,batch,258
573,wastewater_discharge,Сброс загрязненных сточных вод,0.0,0.0,0.0,0.0,neutral,False,,,False,batch,258
573,mortality_rate,Коэффициент смертности на 1000 человек,0.0,0.0,0.0,0.0,neutral,False,,,False,batch,258
573,birth_rate_per_1000,Коэффициент рождаемости на 1000 человек,0.0,0.0,0.0,0.0,neutral,False,,,False,batch,258
577,population_size,Численность населения,0.0,0.0,0.0,0.0,neutral,False,,,False,batch,266
577,divorce_rate,Число зарегистрированных разводов на 1000 населения,0.0,0.0,0.0,0.0,neutral,False,,,False,batch,266
577,marriage_rate,Число зарегистрированных браков на 1000 населения,0.0,0.0,0.0,0.0,neutral,False,,,False,batch,266
577,international_inflow,Число прибывших в страну,0.0,0.0,0.0,0.0,neutral,False,,,False,batch,266
577,international_outflow,Число выбывших из страны,0.0,0.0,0.0,0.0,neutral,False,,,False,batch,266
577,internal_arrivals,Число прибытий внутри региона,0.0,0.0,0.0,0.0,neutral,False,,,False,batch,266
577,internal_departures,Число выбытий из региона,0.0,0.0,0.0,0.0,neutral,False,,,False,batch,266
577,infant_mortality,Коэффициент младенческой смертности,0.0,0.0,0.0,0.0,neutral,False,,,False,batch,266
577,life_expectancy,Ожидаемая продолжительность жизни,0.0,0.0,0.0,0.0,neutral,False,,,False,batch,266
577,male_population,Число мужчин,0.0,0.0,0.0,0.0,neutral,False,,,False,batch,266
577,female_population,Число женщин,0.0,0.0,0.0,0.0,neutral,False,,,False,batch,266
577,per_capita_income,Среднедушевые денежные доходы населения,0.0,0.0,0.0,0.0,neutral,False,,,False,batch,266
577,real_income_index,Реальные денежные доходы населения,0.0,0.0,0.0,0.0,neutral,False,,,False,batch,266
577,unemployment_rate,Уровень безработицы,0.0,0.0,0.0,0.0,neutral,False,,,False,batch,266
577,living_wage,Величина прожиточного минимума на душу населения,0.0,0.0,0.0,0.0,neutral,False,,,False,batch,266
577,child_living_wage,Величина прожиточного минимума на ребенка,0.0,0.0,0.0,0.0,neutral,False,,,False,batch,266
577,hospitals,Число больничных организаций,0.0,0.0,0.0,0.0,neutral,False,,,False,batch,266
577,outpatient_clinics,Число амбулаторно-поликлинических организаций,0.0,0.0,0.0,0.0,neutral,False,,,False,batch,266
577,abortions,Число абортов,0.0,0.0,0.0,0.0,neutral,False,,,False,batch,266
577,qualified_doctors,Численность врачей высшей и первой квалификационных категорий,0.0,0.0,0.0,0.0,neutral,False,,,False,batch,266
577,preschool_coverage,Охват детей до 6 лет дошкольным образованием,0.0,0.0,0.0,0.0,neutral,False,,,False,batch,266
577,children_benefits,"Численность детей до 18 лет, на которых назначено пособие",0.0,0.0,0.0,0.0,neutral,False,,,False,batch,266
577,maternity_capital,"Численность лиц, получивших сертификат на материнский капитал",0.0,0.0,0.0,0.0,neutral,False,,,False,batch,266
577,childcare_allowance,Ежемесячное пособие по уходу за первым ребенком,0.0,0.0,0.0,0.0,neutral,False,,,False,batch,266
577,large_families_housing,"Многодетные семьи, улучшившие жилищные условия",0.0,0.0,0.0,0.0,neutral,False,,,False,batch,266
577,housing_area_per_capita,Общая площадь жилья на одного жителя,0.0,0.0,0.0,0.0,neutral,False,,,False,batch,266
577,consumer_price_index,Индексы потребительских цен,0.0,0.0,0.0,0.0,neutral,False,,,False,batch,266
577,primary_housing_price_index,Индексы цен на первичном рынке жилья,0.0,0.0,0.0,0.0,neutral,False,,,False,batch,266
577,secondary_housing_price_index,Индексы цен на вторичном рынке жилья,0.0,0.0,0.0,0.0,neutral,False,,,False,batch,266
577,industrial_production_index,Индексы промышленного производства,0.3,0.0,0.0,0.7,neutral,True,возобновил работу морского транспорта,транспортная инфраструктура возобновлена,True,batch,266
577,enterprises_count,Число предприятий и организаций,0.0,0.0,0.0,0.0,neutral,False,,,False,batch,266
577,crime_count,Количество преступлений,0.0,0.0,0.0,0.0,neutral,False,,,False,batch,266
577,air_pollution,Выбросы загрязняющих веществ в атмосферный воздух,0.0,0.0,0.0,0.0,neutral,False,,,False,batch,266
577,wastewater_discharge,Сброс загрязненных сточных вод,0.0,0.0,0.0,0.0,neutral,False,,,False,batch,266
577,mortality_rate,Коэффициент смертности на 1000 человек,0.0,0.0,0.0,0.0,neutral,False,,,False,batch,266
577,birth_rate_per_1000,Коэффициент рождаемости на 1000 человек,0.0,0.0,0.0,0.0,neutral,False,,,False,batch,266
583,population_size,Численность населения,0.0,0.0,0.0,0.0,neutral,False,,,False,batch,256
583,divorce_rate,Число зарегистрированных разводов на 1000 населения,0.0,0.0,0.0,0.0,neutral,False,,,False,batch,256
583,marriage_rate,Число зарегистрированных браков на 1000 населения,0.0,0.0,0.0,0.0,neutral,False,,,False,batch,256
583,international_inflow,Число прибывших в страну,0.0,0.0,0.0,0.0,neutral,False,,,False,batch,256
583,international_outflow,Число выбывших из страны,0.9,0.0,0.0,0.9,neutral,True,использование замороженных активов РФ,передача активов (не движение людей),True,batch,256
583,internal_arrivals,Число прибытий внутри региона,0.0,0.0,0.0,0.0,neutral,False,,,False,batch,256
583,internal_departures,Число выбытий из региона,0.0,0.0,0.0,0.0,neutral,False,,,False,batch,256
583,infant_mortality,Коэффициент младенческой смертности,0.0,0.0,0.0,0.0,neutral,False,,,False,batch,256
583,life_expectancy,Ожидаемая продолжительность жизни,0.0,0.0,0.0,0.0,neutral,False,,,False,batch,256
583,male_population,Число мужчин,0.0,0.0,0.0,0.0,neutral,False,,,False,batch,256
583,female_population,Число женщин,0.0,0.0,0.0,0.0,neutral,False,,,False,batch,256
583,per_capita_income,Среднедушевые денежные доходы населения,0.0,0.0,0.0,0.0,neutral,False,,,False,batch,256
583,real_income_index,Реальные денежные доходы населения,0.0,0.0,0.0,0.0,neutral,False,,,False,batch,256
583,unemployment_rate,Уровень безработицы,0.0,0.0,0.0,0.0,neutral,False,,,False,batch,256
583,living_wage,Величина прожиточного минимума на душу населения,0.0,0.0,0.0,0.0,neutral,False,,,False,batch,256
583,child_living_wage,Величина прожиточного минимума на ребенка,0.0,0.0,0.0,0.0,neutral,False,,,False,batch,256
583,hospitals,Число больничных организаций,0.0,0.0,0.0,0.0,neutral,False,,,False,batch,256
583,outpatient_clinics,Число амбулаторно-поликлинических организаций,0.0,0.0,0.0,0.0,neutral,False,,,False,batch,256
583,abortions,Число абортов,0.0,0.0,0.0,0.0,neutral,False,,,False,batch,256
583,qualified_doctors,Численность врачей высшей и первой квалификационных категорий,0.0,0.0,0.0,0.0,neutral,False,,,False,batch,256
583,preschool_coverage,Охват детей до 6 лет дошкольным образованием,0.0,0.0,0.0,0.0,neutral,False,,,False,batch,256
583,children_benefits,"Численность детей до 18 лет, на которых назначено пособие",0.0,0.0,0.0,0.0,neutral,False,,,False,batch,256
583,maternity_capital,"Численность лиц, получивших сертификат на материнский капитал",0.0,0.0,0.0,0.0,neutral,False,,,False,batch,256
583,childcare_allowance,Ежемесячное пособие по уходу за первым ребенком,0.0,0.0,0.0,0.0,neutral,False,,,False,batch,256
583,large_families_housing,"Многодетные семьи, улучшившие жилищные условия",0.0,0.0,0.0,0.0,neutral,False,,,False,batch,256
583,housing_area_per_capita,Общая площадь жилья на одного жителя,0.0,0.0,0.0,0.0,neutral,False,,,False,batch,256
583,consumer_price_index,Индексы потребительских цен,0.0,0.0,0.0,0.0,neutral,False,,,False,batch,256
583,primary_housing_price_index,Индексы цен на первичном рынке жилья,0.0,0.0,0.0,0.0,neutral,False,,,False,batch,256
583,secondary_housing_price_index,Индексы цен на вторичном рынке жилья,0.0,0.0,0.0,0.0,neutral,False,,,False,batch,256
583,industrial_production_index,Индексы промышленного производства,0.0,0.0,0.0,0.0,neutral,False,,,False,batch,256
583,enterprises_count,Число предприятий и организаций,0.0,0.0,0.0,0.0,neutral,False,,,False,batch,256
583,crime_count,Количество преступлений,0.0,0.0,0.0,0.0,neutral,False,,,False,batch,256
583,air_pollution,Выбросы загрязняющих веществ в атмосферный воздух,0.0,0.0,0.0,0.0,neutral,False,,,False,batch,256
583,wastewater_discharge,Сброс загрязненных сточных вод,0.0,0.0,0.0,0.0,neutral,False,,,False,batch,256
583,mortality_rate,Коэффициент смертности на 1000 человек,0.0,0.0,0.0,0.0,neutral,False,,,False,batch,256
583,birth_rate_per_1000,Коэффициент рождаемости на 1000 человек,0.0,0.0,0.0,0.0,neutral,False,,,False,batch,256
591,population_size,Численность населения,0.0,0.0,0.0,0.0,neutral,False,,,False,batch,270
591,divorce_rate,Число зарегистрированных разводов на 1000 населения,0.0,0.0,0.0,0.0,neutral,False,,,False,batch,270
591,marriage_rate,Число зарегистрированных браков на 1000 населения,0.0,0.0,0.0,0.0,neutral,False,,,False,batch,270
591,international_inflow,Число прибывших в страну,0.0,0.0,0.0,0.0,neutral,False,,,False,batch,270
591,international_outflow,Число выбывших из страны,0.0,0.0,0.0,0.0,neutral,False,,,False,batch,270
591,internal_arrivals,Число прибытий внутри региона,0.0,0.0,0.0,0.0,neutral,False,,,False,batch,270
591,internal_departures,Число выбытий из региона,0.0,0.0,0.0,0.0,neutral,False,,,False,batch,270
591,infant_mortality,Коэффициент младенческой смертности,0.0,0.0,0.0,0.0,neutral,False,,,False,batch,270
591,life_expectancy,Ожидаемая продолжительность жизни,0.0,0.0,0.0,0.0,neutral,False,,,False,batch,270
591,male_population,Число мужчин,0.0,0.0,0.0,0.0,neutral,False,,,False,batch,270
591,female_population,Число женщин,0.0,0.0,0.0,0.0,neutral,False,,,False,batch,270
591,per_capita_income,Среднедушевые денежные доходы населения,0.0,0.0,0.0,0.0,neutral,False,,,False,batch,270
591,real_income_index,Реальные денежные доходы населения,0.0,0.0,0.0,0.0,neutral,False,,,False,batch,270
591,unemployment_rate,Уровень безработицы,0.0,0.0,0.0,0.0,neutral,False,,,False,batch,270
591,living_wage,Величина прожиточного минимума на душу населения,0.0,0.0,0.0,0.0,neutral,False,,,False,batch,270
591,child_living_wage,Величина прожиточного минимума на ребенка,0.0,0.0,0.0,0.0,neutral,False,,,False,batch,270
591,hospitals,Число больничных организаций,0.0,0.0,0.0,0.0,neutral,False,,,False,batch,270
591,outpatient_clinics,Число амбулаторно-поликлинических организаций,0.0,0.0,0.0,0.0,neutral,False,,,False,batch,270
591,abortions,Число абортов,0.0,0.0,0.0,0.0,neutral,False,,,False,batch,270
591,qualified_doctors,Численность врачей высшей и первой квалификационных категорий,0.0,0.0,0.0,0.0,neutral,False,,,False,batch,270
591,preschool_coverage,Охват детей до 6 лет дошкольным образованием,0.0,0.0,0.0,0.0,neutral,False,,,False,batch,270
591,children_benefits,"Численность детей до 18 лет, на которых назначено пособие",0.0,0.0,0.0,0.0,neutral,False,,,False,batch,270
591,maternity_capital,"Численность лиц, получивших сертификат на материнский капитал",0.0,0.0,0.0,0.0,neutral,False,,,False,batch,270
591,childcare_allowance,Ежемесячное пособие по уходу за первым ребенком,0.0,0.0,0.0,0.0,neutral,False,,,False,batch,270
591,large_families_housing,"Многодетные семьи, улучшившие жилищные условия",0.0,0.0,0.0,0.0,neutral,False,,,False,batch,270
591,housing_area_per_capita,Общая площадь жилья на одного жителя,0.0,0.0,0.0,0.0,neutral,False,,,False,batch,270
591,consumer_price_index,Индексы потребительских цен,0.0,0.0,0.0,0.0,neutral,False,,,False,batch,270
591,primary_housing_price_index,Индексы цен на первичном рынке жилья,0.0,0.0,0.0,0.0,neutral,False,,,False,batch,270
591,secondary_housing_price_index,Индексы цен на вторичном рынке жилья,0.0,0.0,0.0,0.0,neutral,False,,,False,batch,270
591,industrial_production_index,Индексы промышленного производства,0.9,0.3,0.2,0.8,positive,True,CMA CGM купила долю в производителе биогаза,инвестиции в производство биогаза,True,batch,270
591,enterprises_count,Число предприятий и организаций,0.0,0.0,0.0,0.0,neutral,False,,,False,batch,270
591,crime_count,Количество преступлений,0.0,0.0,0.0,0.0,neutral,False,,,False,batch,270
591,air_pollution,Выбросы загрязняющих веществ в атмосферный воздух,0.0,0.0,0.0,0.0,neutral,False,,,False,batch,270
591,wastewater_discharge,Сброс загрязненных сточных вод,0.0,0.0,0.0,0.0,neutral,False,,,False,batch,270
591,mortality_rate,Коэффициент смертности на 1000 человек,0.0,0.0,0.0,0.0,neutral,False,,,False,batch,270
591,birth_rate_per_1000,Коэффициент рождаемости на 1000 человек,0.0,0.0,0.0,0.0,neutral,False,,,False,batch,270
593,population_size,Численность населения,0.0,0.0,0.0,0.0,neutral,False,,,False,batch,301
593,divorce_rate,Число зарегистрированных разводов на 1000 населения,0.0,0.0,0.0,0.0,neutral,False,,,False,batch,301
593,marriage_rate,Число зарегистрированных браков на 1000 населения,0.0,0.0,0.0,0.0,neutral,False,,,False,batch,301
593,international_inflow,Число прибывших в страну,0.0,0.0,0.0,0.0,neutral,False,,,False,batch,301
593,international_outflow,Число выбывших из страны,0.0,0.0,0.0,0.0,neutral,False,,,False,batch,301
593,internal_arrivals,Число прибытий внутри региона,0.0,0.0,0.0,0.0,neutral,False,,,False,batch,301
593,internal_departures,Число выбытий из региона,0.0,0.0,0.0,0.0,neutral,False,,,False,batch,301
593,infant_mortality,Коэффициент младенческой смертности,0.0,0.0,0.0,0.0,neutral,False,,,False,batch,301
593,life_expectancy,Ожидаемая продолжительность жизни,0.0,0.0,0.0,0.0,neutral,False,,,False,batch,301
593,male_population,Число мужчин,0.0,0.0,0.0,0.0,neutral,False,,,False,batch,301
593,female_population,Число женщин,0.0,0.0,0.0,0.0,neutral,False,,,False,batch,301
593,per_capita_income,Среднедушевые денежные доходы населения,0.0,0.0,0.0,0.0,neutral,False,,,False,batch,301
593,real_income_index,Реальные денежные доходы населения,0.0,0.0,0.0,0.0,neutral,False,,,False,batch,301
593,unemployment_rate,Уровень безработицы,0.0,0.0,0.0,0.0,neutral,False,,,False,batch,301
593,living_wage,Величина прожиточного минимума на душу населения,0.0,0.0,0.0,0.0,neutral,False,,,False,batch,301
593,child_living_wage,Величина прожиточного минимума на ребенка,0.0,0.0,0.0,0.0,neutral,False,,,False,batch,301
593,hospitals,Число больничных организаций,0.0,0.0,0.0,0.0,neutral,False,,,False,batch,301
593,outpatient_clinics,Число амбулаторно-поликлинических организаций,0.0,0.0,0.0,0.0,neutral,False,,,False,batch,301
593,abortions,Число абортов,0.0,0.0,0.0,0.0,neutral,False,,,False,batch,301
593,qualified_doctors,Численность врачей высшей и первой квалификационных категорий,0.0,0.0,0.0,0.0,neutral,False,,,False,batch,301
593,preschool_coverage,Охват детей до 6 лет дошкольным образованием,0.0,0.0,0.0,0.0,neutral,False,,,False,batch,301
593,children_benefits,"Численность детей до 18 лет, на которых назначено пособие",0.0,0.0,0.0,0.0,neutral,False,,,False,batch,301
593,maternity_capital,"Численность лиц, получивших сертификат на материнский капитал",0.0,0.0,0.0,0.0,neutral,False,,,False,batch,301
593,childcare_allowance,Ежемесячное пособие по уходу за первым ребенком,0.0,0.0,0.0,0.0,neutral,False,,,False,batch,301
593,large_families_housing,"Многодетные семьи, улучшившие жилищные условия",0.0,0.0,0.0,0.0,neutral,False,,,False,batch,301
593,housing_area_per_capita,Общая площадь жилья на одного жителя,0.0,0.0,0.0,0.0,neutral,False,,,False,batch,301
593,consumer_price_index,Индексы потребительских цен,0.0,0.0,0.0,0.0,neutral,False,,,False,batch,301
593,primary_housing_price_index,Индексы цен на первичном рынке жилья,0.0,0.0,0.0,0.0,neutral,False,,,False,batch,301
593,secondary_housing_price_index,Индексы цен на вторичном рынке жилья,0.0,0.0,0.0,0.0,neutral,False,,,False,batch,301
593,industrial_production_index,Индексы промышленного производства,0.9,0.0,0.3,0.9,neutral,True,нефтяные компании не планируют создание мощностей,нефтеперерабатывающие мощности -> industrial_production_index,True,batch,301
593,enterprises_count,Число предприятий и организаций,0.0,0.0,0.0,0.0,neutral,False,,,False,batch,301
593,crime_count,Количество преступлений,0.0,0.0,0.0,0.0,neutral,False,,,False,batch,301
593,air_pollution,Выбросы загрязняющих веществ в атмосферный воздух,0.0,0.0,0.0,0.0,neutral,False,,,False,batch,301
593,wastewater_discharge,Сброс загрязненных сточных вод,0.0,0.0,0.0,0.0,neutral,False,,,False,batch,301
593,mortality_rate,Коэффициент смертности на 1000 человек,0.0,0.0,0.0,0.0,neutral,False,,,False,batch,301
593,birth_rate_per_1000,Коэффициент рождаемости на 1000 человек,0.0,0.0,0.0,0.0,neutral,False,,,False,batch,301
596,population_size,Численность населения,0.0,0.0,0.0,0.0,neutral,False,,,False,batch,275
596,divorce_rate,Число зарегистрированных разводов на 1000 населения,0.0,0.0,0.0,0.0,neutral,False,,,False,batch,275
596,marriage_rate,Число зарегистрированных браков на 1000 населения,0.0,0.0,0.0,0.0,neutral,False,,,False,batch,275
596,international_inflow,Число прибывших в страну,0.0,0.0,0.0,0.0,neutral,False,,,False,batch,275
596,international_outflow,Число выбывших из страны,0.0,0.0,0.0,0.0,neutral,False,,,False,batch,275
596,internal_arrivals,Число прибытий внутри региона,0.0,0.0,0.0,0.0,neutral,False,,,False,batch,275
596,internal_departures,Число выбытий из региона,0.0,0.0,0.0,0.0,neutral,False,,,False,batch,275
596,infant_mortality,Коэффициент младенческой смертности,0.0,0.0,0.0,0.0,neutral,False,,,False,batch,275
596,life_expectancy,Ожидаемая продолжительность жизни,0.0,0.0,0.0,0.0,neutral,False,,,False,batch,275
596,male_population,Число мужчин,0.0,0.0,0.0,0.0,neutral,False,,,False,batch,275
596,female_population,Число женщин,0.0,0.0,0.0,0.0,neutral,False,,,False,batch,275
596,per_capita_income,Среднедушевые денежные доходы населения,0.0,0.0,0.0,0.0,neutral,False,,,False,batch,275
596,real_income_index,Реальные денежные доходы населения,0.0,0.0,0.0,0.0,neutral,False,,,False,batch,275
596,unemployment_rate,Уровень безработицы,0.0,0.0,0.0,0.0,neutral,False,,,False,batch,275
596,living_wage,Величина прожиточного минимума на душу населения,0.0,0.0,0.0,0.0,neutral,False,,,False,batch,275
596,child_living_wage,Величина прожиточного минимума на ребенка,0.0,0.0,0.0,0.0,neutral,False,,,False,batch,275
596,hospitals,Число больничных организаций,0.0,0.0,0.0,0.0,neutral,False,,,False,batch,275
596,outpatient_clinics,Число амбулаторно-поликлинических организаций,0.0,0.0,0.0,0.0,neutral,False,,,False,batch,275
596,abortions,Число абортов,0.0,0.0,0.0,0.0,neutral,False,,,False,batch,275
596,qualified_doctors,Численность врачей высшей и первой квалификационных категорий,0.0,0.0,0.0,0.0,neutral,False,,,False,batch,275
596,preschool_coverage,Охват детей до 6 лет дошкольным образованием,0.0,0.0,0.0,0.0,neutral,False,,,False,batch,275
596,children_benefits,"Численность детей до 18 лет, на которых назначено пособие",0.0,0.0,0.0,0.0,neutral,False,,,False,batch,275
596,maternity_capital,"Численность лиц, получивших сертификат на материнский капитал",0.0,0.0,0.0,0.0,neutral,False,,,False,batch,275
596,childcare_allowance,Ежемесячное пособие по уходу за первым ребенком,0.0,0.0,0.0,0.0,neutral,False,,,False,batch,275
596,large_families_housing,"Многодетные семьи, улучшившие жилищные условия",0.0,0.0,0.0,0.0,neutral,False,,,False,batch,275
596,housing_area_per_capita,Общая площадь жилья на одного жителя,0.0,0.0,0.0,0.0,neutral,False,,,False,batch,275
596,consumer_price_index,Индексы потребительских цен,0.9,-0.7,0.8,0.9,negative,True,цены на бензин и дизельное топливо значительно выросли,повышение НДС привело к росту цен,True,batch,275
596,primary_housing_price_index,Индексы цен на первичном рынке жилья,0.0,0.0,0.0,0.0,neutral,False,,,False,batch,275
596,secondary_housing_price_index,Индексы цен на вторичном рынке жилья,0.0,0.0,0.0,0.0,neutral,False,,,False,batch,275
596,industrial_production_index,Индексы промышленного производства,0.0,0.0,0.0,0.0,neutral,False,,,False,batch,275
596,enterprises_count,Число предприятий и организаций,0.0,0.0,0.0,0.0,neutral,False,,,False,batch,275
596,crime_count,Количество преступлений,0.0,0.0,0.0,0.0,neutral,False,,,False,batch,275
596,air_pollution,Выбросы загрязняющих веществ в атмосферный воздух,0.0,0.0,0.0,0.0,neutral,False,,,False,batch,275
596,wastewater_discharge,Сброс загрязненных сточных вод,0.0,0.0,0.0,0.0,neutral,False,,,False,batch,275
596,mortality_rate,Коэффициент смертности на 1000 человек,0.0,0.0,0.0,0.0,neutral,False,,,False,batch,275
596,birth_rate_per_1000,Коэффициент рождаемости на 1000 человек,0.0,0.0,0.0,0.0,neutral,False,,,False,batch,275
599,population_size,Численность населения,0.0,0.0,0.0,0.0,neutral,False,,,False,batch,229
599,divorce_rate,Число зарегистрированных разводов на 1000 населения,0.0,0.0,0.0,0.0,neutral,False,,,False,batch,229
599,marriage_rate,Число зарегистрированных браков на 1000 населения,0.0,0.0,0.0,0.0,neutral,False,,,False,batch,229
599,international_inflow,Число прибывших в страну,0.0,0.0,0.0,0.0,neutral,False,,,False,batch,229
599,international_outflow,Число выбывших из страны,0.0,0.0,0.0,0.0,neutral,False,,,False,batch,229
599,internal_arrivals,Число прибытий внутри региона,0.0,0.0,0.0,0.0,neutral,False,,,False,batch,229
599,internal_departures,Число выбытий из региона,0.0,0.0,0.0,0.0,neutral,False,,,False,batch,229
599,infant_mortality,Коэффициент младенческой смертности,0.0,0.0,0.0,0.0,neutral,False,,,False,batch,229
599,life_expectancy,Ожидаемая продолжительность жизни,0.0,0.0,0.0,0.0,neutral,False,,,False,batch,229
599,male_population,Число мужчин,0.0,0.0,0.0,0.0,neutral,False,,,False,batch,229
599,female_population,Число женщин,0.0,0.0,0.0,0.0,neutral,False,,,False,batch,229
599,per_capita_income,Среднедушевые денежные доходы населения,0.0,0.0,0.0,0.0,neutral,False,,,False,batch,229
599,real_income_index,Реальные денежные доходы населения,0.0,0.0,0.0,0.0,neutral,False,,,False,batch,229
599,unemployment_rate,Уровень безработицы,0.0,0.0,0.0,0.0,neutral,False,,,False,batch,229
599,living_wage,Величина прожиточного минимума на душу населения,0.0,0.0,0.0,0.0,neutral,False,,,False,batch,229
599,child_living_wage,Величина прожиточного минимума на ребенка,0.0,0.0,0.0,0.0,neutral,False,,,False,batch,229
599,hospitals,Число больничных организаций,0.0,0.0,0.0,0.0,neutral,False,,,False,batch,229
599,outpatient_clinics,Число амбулаторно-поликлинических организаций,0.0,0.0,0.0,0.0,neutral,False,,,False,batch,229
599,abortions,Число абортов,0.0,0.0,0.0,0.0,neutral,False,,,False,batch,229
599,qualified_doctors,Численность врачей высшей и первой квалификационных категорий,0.0,0.0,0.0,0.0,neutral,False,,,False,batch,229
599,preschool_coverage,Охват детей до 6 лет дошкольным образованием,0.0,0.0,0.0,0.0,neutral,False,,,False,batch,229
599,children_benefits,"Численность детей до 18 лет, на которых назначено пособие",0.0,0.0,0.0,0.0,neutral,False,,,False,batch,229
599,maternity_capital,"Численность лиц, получивших сертификат на материнский капитал",0.0,0.0,0.0,0.0,neutral,False,,,False,batch,229
599,childcare_allowance,Ежемесячное пособие по уходу за первым ребенком,0.0,0.0,0.0,0.0,neutral,False,,,False,batch,229
599,large_families_housing,"Многодетные семьи, улучшившие жилищные условия",0.0,0.0,0.0,0.0,neutral,False,,,False,batch,229
599,housing_area_per_capita,Общая площадь жилья на одного жителя,0.0,0.0,0.0,0.0,neutral,False,,,False,batch,229
599,consumer_price_index,Индексы потребительских цен,0.9,0.0,0.1,0.9,neutral,True,"инфляция упала до 0,06%",потребительские цены,True,batch,229
599,primary_housing_price_index,Индексы цен на первичном рынке жилья,0.0,0.0,0.0,0.0,neutral,False,,,False,batch,229
599,secondary_housing_price_index,Индексы цен на вторичном рынке жилья,0.0,0.0,0.0,0.0,neutral,False,,,False,batch,229
599,industrial_production_index,Индексы промышленного производства,0.0,0.0,0.0,0.0,neutral,False,,,False,batch,229
599,enterprises_count,Число предприятий и организаций,0.0,0.0,0.0,0.0,neutral,False,,,False,batch,229
599,crime_count,Количество преступлений,0.0,0.0,0.0,0.0,neutral,False,,,False,batch,229
599,air_pollution,Выбросы загрязняющих веществ в атмосферный воздух,0.0,0.0,0.0,0.0,neutral,False,,,False,batch,229
599,wastewater_discharge,Сброс загрязненных сточных вод,0.0,0.0,0.0,0.0,neutral,False,,,False,batch,229
599,mortality_rate,Коэффициент смертности на 1000 человек,0.0,0.0,0.0,0.0,neutral,False,,,False,batch,229
599,birth_rate_per_1000,Коэффициент рождаемости на 1000 человек,0.0,0.0,0.0,0.0,neutral,False,,,False,batch,229
607,population_size,Численность населения,0.0,0.0,0.0,0.0,neutral,False,,,False,batch,219
607,divorce_rate,Число зарегистрированных разводов на 1000 населения,0.0,0.0,0.0,0.0,neutral,False,,,False,batch,219
607,marriage_rate,Число зарегистрированных браков на 1000 населения,0.0,0.0,0.0,0.0,neutral,False,,,False,batch,219
607,international_inflow,Число прибывших в страну,0.0,0.0,0.0,0.0,neutral,False,,,False,batch,219
607,international_outflow,Число выбывших из страны,0.0,0.0,0.0,0.0,neutral,False,,,False,batch,219
607,internal_arrivals,Число прибытий внутри региона,0.0,0.0,0.0,0.0,neutral,False,,,False,batch,219
607,internal_departures,Число выбытий из региона,0.0,0.0,0.0,0.0,neutral,False,,,False,batch,219
607,infant_mortality,Коэффициент младенческой смертности,0.0,0.0,0.0,0.0,neutral,False,,,False,batch,219
607,life_expectancy,Ожидаемая продолжительность жизни,0.0,0.0,0.0,0.0,neutral,False,,,False,batch,219
607,male_population,Число мужчин,0.0,0.0,0.0,0.0,neutral,False,,,False,batch,219
607,female_population,Число женщин,0.0,0.0,0.0,0.0,neutral,False,,,False,batch,219
607,per_capita_income,Среднедушевые денежные доходы населения,0.0,0.0,0.0,0.0,neutral,False,,,False,batch,219
607,real_income_index,Реальные денежные доходы населения,0.0,0.0,0.0,0.0,neutral,False,,,False,batch,219
607,unemployment_rate,Уровень безработицы,0.0,0.0,0.0,0.0,neutral,False,,,False,batch,219
607,living_wage,Величина прожиточного минимума на душу населения,0.0,0.0,0.0,0.0,neutral,False,,,False,batch,219
607,child_living_wage,Величина прожиточного минимума на ребенка,0.0,0.0,0.0,0.0,neutral,False,,,False,batch,219
607,hospitals,Число больничных организаций,0.0,0.0,0.0,0.0,neutral,False,,,False,batch,219
607,outpatient_clinics,Число амбулаторно-поликлинических организаций,0.0,0.0,0.0,0.0,neutral,False,,,False,batch,219
607,abortions,Число абортов,0.0,0.0,0.0,0.0,neutral,False,,,False,batch,219
607,qualified_doctors,Численность врачей высшей и первой квалификационных категорий,0.0,0.0,0.0,0.0,neutral,False,,,False,batch,219
607,preschool_coverage,Охват детей до 6 лет дошкольным образованием,0.0,0.0,0.0,0.0,neutral,False,,,False,batch,219
607,children_benefits,"Численность детей до 18 лет, на которых назначено пособие",0.0,0.0,0.0,0.0,neutral,False,,,False,batch,219
607,maternity_capital,"Численность лиц, получивших сертификат на материнский капитал",0.0,0.0,0.0,0.0,neutral,False,,,False,batch,219
607,childcare_allowance,Ежемесячное пособие по уходу за первым ребенком,0.0,0.0,0.0,0.0,neutral,False,,,False,batch,219
607,large_families_housing,"Многодетные семьи, улучшившие жилищные условия",0.0,0.0,0.0,0.0,neutral,False,,,False,batch,219
607,housing_area_per_capita,Общая площадь жилья на одного жителя,0.0,0.0,0.0,0.0,neutral,False,,,False,batch,219
607,consumer_price_index,Индексы потребительских цен,0.0,0.0,0.0,0.0,neutral,False,,,False,batch,219
607,primary_housing_price_index,Индексы цен на первичном рынке жилья,0.0,0.0,0.0,0.0,neutral,False,,,False,batch,219
607,secondary_housing_price_index,Индексы цен на вторичном рынке жилья,0.0,0.0,0.0,0.0,neutral,False,,,False,batch,219
607,industrial_production_index,Индексы промышленного производства,0.0,0.0,0.0,0.0,neutral,False,,,False,batch,219
607,enterprises_count,Число предприятий и организаций,0.0,0.0,0.0,0.0,neutral,False,,,False,batch,219
607,crime_count,Количество преступлений,0.3,0.0,0.0,0.7,neutral,True,принято в I чтении закона,закон о наказании,True,batch,219
607,air_pollution,Выбросы загрязняющих веществ в атмосферный воздух,0.0,0.0,0.0,0.0,neutral,False,,,False,batch,219
607,wastewater_discharge,Сброс загрязненных сточных вод,0.0,0.0,0.0,0.0,neutral,False,,,False,batch,219
607,mortality_rate,Коэффициент смертности на 1000 человек,0.0,0.0,0.0,0.0,neutral,False,,,False,batch,219
607,birth_rate_per_1000,Коэффициент рождаемости на 1000 человек,0.0,0.0,0.0,0.0,neutral,False,,,False,batch,219
609,population_size,Численность населения,0.0,0.0,0.0,0.0,neutral,False,,,False,batch,260
609,divorce_rate,Число зарегистрированных разводов на 1000 населения,0.0,0.0,0.0,0.0,neutral,False,,,False,batch,260
609,marriage_rate,Число зарегистрированных браков на 1000 населения,0.0,0.0,0.0,0.0,neutral,False,,,False,batch,260
609,international_inflow,Число прибывших в страну,0.0,0.0,0.0,0.0,neutral,False,,,False,batch,260
609,international_outflow,Число выбывших из страны,0.0,0.0,0.0,0.0,neutral,False,,,False,batch,260
609,internal_arrivals,Число прибытий внутри региона,0.0,0.0,0.0,0.0,neutral,False,,,False,batch,260
609,internal_departures,Число выбытий из региона,0.0,0.0,0.0,0.0,neutral,False,,,False,batch,260
609,infant_mortality,Коэффициент младенческой смертности,0.0,0.0,0.0,0.0,neutral,False,,,False,batch,260
609,life_expectancy,Ожидаемая продолжительность жизни,0.0,0.0,0.0,0.0,neutral,False,,,False,batch,260
609,male_population,Число мужчин,0.0,0.0,0.0,0.0,neutral,False,,,False,batch,260
609,female_population,Число женщин,0.0,0.0,0.0,0.0,neutral,False,,,False,batch,260
609,per_capita_income,Среднедушевые денежные доходы населения,0.0,0.0,0.0,0.0,neutral,False,,,False,batch,260
609,real_income_index,Реальные денежные доходы населения,0.0,0.0,0.0,0.0,neutral,False,,,False,batch,260
609,unemployment_rate,Уровень безработицы,0.0,0.0,0.0,0.0,neutral,False,,,False,batch,260
609,living_wage,Величина прожиточного минимума на душу населения,0.0,0.0,0.0,0.0,neutral,False,,,False,batch,260
609,child_living_wage,Величина прожиточного минимума на ребенка,0.0,0.0,0.0,0.0,neutral,False,,,False,batch,260
609,hospitals,Число больничных организаций,0.0,0.0,0.0,0.0,neutral,False,,,False,batch,260
609,outpatient_clinics,Число амбулаторно-поликлинических организаций,0.0,0.0,0.0,0.0,neutral,False,,,False,batch,260
609,abortions,Число абортов,0.0,0.0,0.0,0.0,neutral,False,,,False,batch,260
609,qualified_doctors,Численность врачей высшей и первой квалификационных категорий,0.0,0.0,0.0,0.0,neutral,False,,,False,batch,260
609,preschool_coverage,Охват детей до 6 лет дошкольным образованием,0.0,0.0,0.0,0.0,neutral,False,,,False,batch,260
609,children_benefits,"Численность детей до 18 лет, на которых назначено пособие",0.0,0.0,0.0,0.0,neutral,False,,,False,batch,260
609,maternity_capital,"Численность лиц, получивших сертификат на материнский капитал",0.0,0.0,0.0,0.0,neutral,False,,,False,batch,260
609,childcare_allowance,Ежемесячное пособие по уходу за первым ребенком,0.0,0.0,0.0,0.0,neutral,False,,,False,batch,260
609,large_families_housing,"Многодетные семьи, улучшившие жилищные условия",0.0,0.0,0.0,0.0,neutral,False,,,False,batch,260
609,housing_area_per_capita,Общая площадь жилья на одного жителя,0.0,0.0,0.0,0.0,neutral,False,,,False,batch,260
609,consumer_price_index,Индексы потребительских цен,0.0,0.0,0.0,0.0,neutral,False,,,False,batch,260
609,primary_housing_price_index,Индексы цен на первичном рынке жилья,0.0,0.0,0.0,0.0,neutral,False,,,False,batch,260
609,secondary_housing_price_index,Индексы цен на вторичном рынке жилья,0.0,0.0,0.0,0.0,neutral,False,,,False,batch,260
609,industrial_production_index,Индексы промышленного производства,0.0,0.0,0.0,0.0,neutral,False,,,False,batch,260
609,enterprises_count,Число предприятий и организаций,0.0,0.0,0.0,0.0,neutral,False,,,False,batch,260
609,crime_count,Количество преступлений,0.3,0.0,0.0,0.5,neutral,True,сражаетесь на линии боевого соприкосновения,"военные действия, потенциальная преступность",True,batch,260
609,air_pollution,Выбросы загрязняющих веществ в атмосферный воздух,0.0,0.0,0.0,0.0,neutral,False,,,False,batch,260
609,wastewater_discharge,Сброс загрязненных сточных вод,0.0,0.0,0.0,0.0,neutral,False,,,False,batch,260
609,mortality_rate,Коэффициент смертности на 1000 человек,0.0,0.0,0.0,0.0,neutral,False,,,False,batch,260
609,birth_rate_per_1000,Коэффициент рождаемости на 1000 человек,0.0,0.0,0.0,0.0,neutral,False,,,False,batch,260
613,population_size,Численность населения,0.0,0.0,0.0,0.0,neutral,False,,,False,batch,268
613,divorce_rate,Число зарегистрированных разводов на 1000 населения,0.0,0.0,0.0,0.0,neutral,False,,,False,batch,268
613,marriage_rate,Число зарегистрированных браков на 1000 населения,0.0,0.0,0.0,0.0,neutral,False,,,False,batch,268
613,international_inflow,Число прибывших в страну,0.6,0.0,0.0,0.7,neutral,True,"В ДНР образуется три округа, в ЛНР - два округа",изменение границ регионов (переселение),True,batch,268
613,international_outflow,Число выбывших из страны,0.0,0.0,0.0,0.0,neutral,False,,,False,batch,268
613,internal_arrivals,Число прибытий внутри региона,0.0,0.0,0.0,0.0,neutral,False,,,False,batch,268
613,internal_departures,Число выбытий из региона,0.0,0.0,0.0,0.0,neutral,False,,,False,batch,268
613,infant_mortality,Коэффициент младенческой смертности,0.0,0.0,0.0,0.0,neutral,False,,,False,batch,268
613,life_expectancy,Ожидаемая продолжительность жизни,0.0,0.0,0.0,0.0,neutral,False,,,False,batch,268
613,male_population,Число мужчин,0.0,0.0,0.0,0.0,neutral,False,,,False,batch,268
613,female_population,Число женщин,0.0,0.0,0.0,0.0,neutral,False,,,False,batch,268
613,per_capita_income,Среднедушевые денежные доходы населения,0.0,0.0,0.0,0.0,neutral,False,,,False,batch,268
613,real_income_index,Реальные денежные доходы населения,0.0,0.0,0.0,0.0,neutral,False,,,False,batch,268
613,unemployment_rate,Уровень безработицы,0.0,0.0,0.0,0.0,neutral,False,,,False,batch,268
613,living_wage,Величина прожиточного минимума на душу населения,0.0,0.0,0.0,0.0,neutral,False,,,False,batch,268
613,child_living_wage,Величина прожиточного минимума на ребенка,0.0,0.0,0.0,0.0,neutral,False,,,False,batch,268
613,hospitals,Число больничных организаций,0.0,0.0,0.0,0.0,neutral,False,,,False,batch,268
613,outpatient_clinics,Число амбулаторно-поликлинических организаций,0.0,0.0,0.0,0.0,neutral,False,,,False,batch,268
613,abortions,Число абортов,0.0,0.0,0.0,0.0,neutral,False,,,False,batch,268
613,qualified_doctors,Численность врачей высшей и первой квалификационных категорий,0.0,0.0,0.0,0.0,neutral,False,,,False,batch,268
613,preschool_coverage,Охват детей до 6 лет дошкольным образованием,0.0,0.0,0.0,0.0,neutral,False,,,False,batch,268
613,children_benefits,"Численность детей до 18 лет, на которых назначено пособие",0.0,0.0,0.0,0.0,neutral,False,,,False,batch,268
613,maternity_capital,"Численность лиц, получивших сертификат на материнский капитал",0.0,0.0,0.0,0.0,neutral,False,,,False,batch,268
613,childcare_allowance,Ежемесячное пособие по уходу за первым ребенком,0.0,0.0,0.0,0.0,neutral,False,,,False,batch,268
613,large_families_housing,"Многодетные семьи, улучшившие жилищные условия",0.0,0.0,0.0,0.0,neutral,False,,,False,batch,268
613,housing_area_per_capita,Общая площадь жилья на одного жителя,0.0,0.0,0.0,0.0,neutral,False,,,False,batch,268
613,consumer_price_index,Индексы потребительских цен,0.0,0.0,0.0,0.0,neutral,False,,,False,batch,268
613,primary_housing_price_index,Индексы цен на первичном рынке жилья,0.0,0.0,0.0,0.0,neutral,False,,,False,batch,268
613,secondary_housing_price_index,Индексы цен на вторичном рынке жилья,0.0,0.0,0.0,0.0,neutral,False,,,False,batch,268
613,industrial_production_index,Индексы промышленного производства,0.0,0.0,0.0,0.0,neutral,False,,,False,batch,268
613,enterprises_count,Число предприятий и организаций,0.0,0.0,0.0,0.0,neutral,False,,,False,batch,268
613,crime_count,Количество преступлений,0.0,0.0,0.0,0.0,neutral,False,,,False,batch,268
613,air_pollution,Выбросы загрязняющих веществ в атмосферный воздух,0.0,0.0,0.0,0.0,neutral,False,,,False,batch,268
613,wastewater_discharge,Сброс загрязненных сточных вод,0.0,0.0,0.0,0.0,neutral,False,,,False,batch,268
613,mortality_rate,Коэффициент смертности на 1000 человек,0.0,0.0,0.0,0.0,neutral,False,,,False,batch,268
613,birth_rate_per_1000,Коэффициент рождаемости на 1000 человек,0.0,0.0,0.0,0.0,neutral,False,,,False,batch,268
617,population_size,Численность населения,0.0,0.0,0.0,0.0,neutral,False,,,False,batch,253
617,divorce_rate,Число зарегистрированных разводов на 1000 населения,0.0,0.0,0.0,0.0,neutral,False,,,False,batch,253
617,marriage_rate,Число зарегистрированных браков на 1000 населения,0.0,0.0,0.0,0.0,neutral,False,,,False,batch,253
617,international_inflow,Число прибывших в страну,0.0,0.0,0.0,0.0,neutral,False,,,False,batch,253
617,international_outflow,Число выбывших из страны,0.0,0.0,0.0,0.0,neutral,False,,,False,batch,253
617,internal_arrivals,Число прибытий внутри региона,0.0,0.0,0.0,0.0,neutral,False,,,False,batch,253
617,internal_departures,Число выбытий из региона,0.0,0.0,0.0,0.0,neutral,False,,,False,batch,253
617,infant_mortality,Коэффициент младенческой смертности,0.0,0.0,0.0,0.0,neutral,False,,,False,batch,253
617,life_expectancy,Ожидаемая продолжительность жизни,0.0,0.0,0.0,0.0,neutral,False,,,False,batch,253
617,male_population,Число мужчин,0.0,0.0,0.0,0.0,neutral,False,,,False,batch,253
617,female_population,Число женщин,0.0,0.0,0.0,0.0,neutral,False,,,False,batch,253
617,per_capita_income,Среднедушевые денежные доходы населения,0.0,0.0,0.0,0.0,neutral,False,,,False,batch,253
617,real_income_index,Реальные денежные доходы населения,0.0,0.0,0.0,0.0,neutral,False,,,False,batch,253
617,unemployment_rate,Уровень безработицы,0.0,0.0,0.0,0.0,neutral,False,,,False,batch,253
617,living_wage,Величина прожиточного минимума на душу населения,0.0,0.0,0.0,0.0,neutral,False,,,False,batch,253
617,child_living_wage,Величина прожиточного минимума на ребенка,0.0,0.0,0.0,0.0,neutral,False,,,False,batch,253
617,hospitals,Число больничных организаций,0.0,0.0,0.0,0.0,neutral,False,,,False,batch,253
617,outpatient_clinics,Число амбулаторно-поликлинических организаций,0.0,0.0,0.0,0.0,neutral,False,,,False,batch,253
617,abortions,Число абортов,0.0,0.0,0.0,0.0,neutral,False,,,False,batch,253
617,qualified_doctors,Численность врачей высшей и первой квалификационных категорий,0.0,0.0,0.0,0.0,neutral,False,,,False,batch,253
617,preschool_coverage,Охват детей до 6 лет дошкольным образованием,0.0,0.0,0.0,0.0,neutral,False,,,False,batch,253
617,children_benefits,"Численность детей до 18 лет, на которых назначено пособие",0.0,0.0,0.0,0.0,neutral,False,,,False,batch,253
617,maternity_capital,"Численность лиц, получивших сертификат на материнский капитал",0.0,0.0,0.0,0.0,neutral,False,,,False,batch,253
617,childcare_allowance,Ежемесячное пособие по уходу за первым ребенком,0.0,0.0,0.0,0.0,neutral,False,,,False,batch,253
617,large_families_housing,"Многодетные семьи, улучшившие жилищные условия",0.0,0.0,0.0,0.0,neutral,False,,,False,batch,253
617,housing_area_per_capita,Общая площадь жилья на одного жителя,0.0,0.0,0.0,0.0,neutral,False,,,False,batch,253
617,consumer_price_index,Индексы потребительских цен,0.0,0.0,0.0,0.0,neutral,False,,,False,batch,253
617,primary_housing_price_index,Индексы цен на первичном рынке жилья,0.0,0.0,0.0,0.0,neutral,False,,,False,batch,253
617,secondary_housing_price_index,Индексы цен на вторичном рынке жилья,0.0,0.0,0.0,0.0,neutral,False,,,False,batch,253
617,industrial_production_index,Индексы промышленного производства,0.3,0.0,0.0,0.7,neutral,True,возобновил работу аэропорта,"аэропорт, транспортная инфраструктура",True,batch,253
617,enterprises_count,Число предприятий и организаций,0.0,0.0,0.0,0.0,neutral,False,,,False,batch,253
617,crime_count,Количество преступлений,0.0,0.0,0.0,0.0,neutral,False,,,False,batch,253
617,air_pollution,Выбросы загрязняющих веществ в атмосферный воздух,0.0,0.0,0.0,0.0,neutral,False,,,False,batch,253
617,wastewater_discharge,Сброс загрязненных сточных вод,0.0,0.0,0.0,0.0,neutral,False,,,False,batch,253
617,mortality_rate,Коэффициент смертности на 1000 человек,0.0,0.0,0.0,0.0,neutral,False,,,False,batch,253
617,birth_rate_per_1000,Коэффициент рождаемости на 1000 человек,0.0,0.0,0.0,0.0,neutral,False,,,False,batch,253
624,population_size,Численность населения,0.0,0.0,0.0,0.0,neutral,False,,,False,batch,269
624,divorce_rate,Число зарегистрированных разводов на 1000 населения,0.0,0.0,0.0,0.0,neutral,False,,,False,batch,269
624,marriage_rate,Число зарегистрированных браков на 1000 населения,0.0,0.0,0.0,0.0,neutral,False,,,False,batch,269
624,international_inflow,Число прибывших в страну,0.0,0.0,0.0,0.0,neutral,False,,,False,batch,269
624,international_outflow,Число выбывших из страны,0.0,0.0,0.0,0.0,neutral,False,,,False,batch,269
624,internal_arrivals,Число прибытий внутри региона,0.0,0.0,0.0,0.0,neutral,False,,,False,batch,269
624,internal_departures,Число выбытий из региона,0.0,0.0,0.0,0.0,neutral,False,,,False,batch,269
624,infant_mortality,Коэффициент младенческой смертности,0.0,0.0,0.0,0.0,neutral,False,,,False,batch,269
624,life_expectancy,Ожидаемая продолжительность жизни,0.0,0.0,0.0,0.0,neutral,False,,,False,batch,269
624,male_population,Число мужчин,0.0,0.0,0.0,0.0,neutral,False,,,False,batch,269
624,female_population,Число женщин,0.0,0.0,0.0,0.0,neutral,False,,,False,batch,269
624,per_capita_income,Среднедушевые денежные доходы населения,0.0,0.0,0.0,0.0,neutral,False,,,False,batch,269
624,real_income_index,Реальные денежные доходы населения,0.0,0.0,0.0,0.0,neutral,False,,,False,batch,269
624,unemployment_rate,Уровень безработицы,0.0,0.0,0.0,0.0,neutral,False,,,False,batch,269
624,living_wage,Величина прожиточного минимума на душу населения,0.0,0.0,0.0,0.0,neutral,False,,,False,batch,269
624,child_living_wage,Величина прожиточного минимума на ребенка,0.0,0.0,0.0,0.0,neutral,False,,,False,batch,269
624,hospitals,Число больничных организаций,0.0,0.0,0.0,0.0,neutral,False,,,False,batch,269
624,outpatient_clinics,Число амбулаторно-поликлинических организаций,0.0,0.0,0.0,0.0,neutral,False,,,False,batch,269
624,abortions,Число абортов,0.0,0.0,0.0,0.0,neutral,False,,,False,batch,269
624,qualified_doctors,Численность врачей высшей и первой квалификационных категорий,0.0,0.0,0.0,0.0,neutral,False,,,False,batch,269
624,preschool_coverage,Охват детей до 6 лет дошкольным образованием,0.0,0.0,0.0,0.0,neutral,False,,,False,batch,269
624,children_benefits,"Численность детей до 18 лет, на которых назначено пособие",0.0,0.0,0.0,0.0,neutral,False,,,False,batch,269
624,maternity_capital,"Численность лиц, получивших сертификат на материнский капитал",0.0,0.0,0.0,0.0,neutral,False,,,False,batch,269
624,childcare_allowance,Ежемесячное пособие по уходу за первым ребенком,0.0,0.0,0.0,0.0,neutral,False,,,False,batch,269
624,large_families_housing,"Многодетные семьи, улучшившие жилищные условия",0.0,0.0,0.0,0.0,neutral,False,,,False,batch,269
624,housing_area_per_capita,Общая площадь жилья на одного жителя,0.0,0.0,0.0,0.0,neutral,False,,,False,batch,269
624,consumer_price_index,Индексы потребительских цен,0.0,0.0,0.0,0.0,neutral,False,,,False,batch,269
624,primary_housing_price_index,Индексы цен на первичном рынке жилья,0.0,0.0,0.0,0.0,neutral,False,,,False,batch,269
624,secondary_housing_price_index,Индексы цен на вторичном рынке жилья,0.0,0.0,0.0,0.0,neutral,False,,,False,batch,269
624,industrial_production_index,Индексы промышленного производства,0.3,0.0,0.0,0.7,neutral,True,Аэропорты возобновили работу,восстановление работы аэропортов влияет на логистику,True,batch,269
624,enterprises_count,Число предприятий и организаций,0.0,0.0,0.0,0.0,neutral,False,,,False,batch,269
624,crime_count,Количество преступлений,0.0,0.0,0.0,0.0,neutral,False,,,False,batch,269
624,air_pollution,Выбросы загрязняющих веществ в атмосферный воздух,0.0,0.0,0.0,0.0,neutral,False,,,False,batch,269
624,wastewater_discharge,Сброс загрязненных сточных вод,0.0,0.0,0.0,0.0,neutral,False,,,False,batch,269
624,mortality_rate,Коэффициент смертности на 1000 человек,0.0,0.0,0.0,0.0,neutral,False,,,False,batch,269
624,birth_rate_per_1000,Коэффициент рождаемости на 1000 человек,0.0,0.0,0.0,0.0,neutral,False,,,False,batch,269
625,population_size,Численность населения,0.0,0.0,0.0,0.0,neutral,False,,,False,batch,575
625,divorce_rate,Число зарегистрированных разводов на 1000 населения,0.0,0.0,0.0,0.0,neutral,False,,,False,batch,575
625,marriage_rate,Число зарегистрированных браков на 1000 населения,0.0,0.0,0.0,0.0,neutral,False,,,False,batch,575
625,international_inflow,Число прибывших в страну,0.0,0.0,0.0,0.0,neutral,False,,,False,batch,575
625,international_outflow,Число выбывших из страны,0.0,0.0,0.0,0.0,neutral,False,,,False,batch,575
625,internal_arrivals,Число прибытий внутри региона,0.0,0.0,0.0,0.0,neutral,False,,,False,batch,575
625,internal_departures,Число выбытий из региона,0.0,0.0,0.0,0.0,neutral,False,,,False,batch,575
625,infant_mortality,Коэффициент младенческой смертности,0.0,0.0,0.0,0.0,neutral,False,,,False,batch,575
625,life_expectancy,Ожидаемая продолжительность жизни,0.0,0.0,0.0,0.0,neutral,False,,,False,batch,575
625,male_population,Число мужчин,0.0,0.0,0.0,0.0,neutral,False,,,False,batch,575
625,female_population,Число женщин,0.0,0.0,0.0,0.0,neutral,False,,,False,batch,575
625,per_capita_income,Среднедушевые денежные доходы населения,0.0,0.0,0.0,0.0,neutral,False,,,False,batch,575
625,real_income_index,Реальные денежные доходы населения,0.0,0.0,0.0,0.0,neutral,False,,,False,batch,575
625,unemployment_rate,Уровень безработицы,0.0,0.0,0.0,0.0,neutral,False,,,False,batch,575
625,living_wage,Величина прожиточного минимума на душу населения,0.0,0.0,0.0,0.0,neutral,False,,,False,batch,575
625,child_living_wage,Величина прожиточного минимума на ребенка,0.0,0.0,0.0,0.0,neutral,False,,,False,batch,575
625,hospitals,Число больничных организаций,0.6,-0.5,0.5,0.8,negative,True,госпитализирована,пострадала -> hospitals,True,batch,575
625,outpatient_clinics,Число амбулаторно-поликлинических организаций,0.0,0.0,0.0,0.0,neutral,False,,,False,batch,575
625,abortions,Число абортов,0.0,0.0,0.0,0.0,neutral,False,,,False,batch,575
625,qualified_doctors,Численность врачей высшей и первой квалификационных категорий,0.0,0.0,0.0,0.0,neutral,False,,,False,batch,575
625,preschool_coverage,Охват детей до 6 лет дошкольным образованием,0.0,0.0,0.0,0.0,neutral,False,,,False,batch,575
625,children_benefits,"Численность детей до 18 лет, на которых назначено пособие",0.0,0.0,0.0,0.0,neutral,False,,,False,batch,575
625,maternity_capital,"Численность лиц, получивших сертификат на материнский капитал",0.0,0.0,0.0,0.0,neutral,False,,,False,batch,575
625,childcare_allowance,Ежемесячное пособие по уходу за первым ребенком,0.0,0.0,0.0,0.0,neutral,False,,,False,batch,575
625,large_families_housing,"Многодетные семьи, улучшившие жилищные условия",0.0,0.0,0.0,0.0,neutral,False,,,False,batch,575
625,housing_area_per_capita,Общая площадь жилья на одного жителя,0.0,0.0,0.0,0.0,neutral,False,,,False,batch,575
625,consumer_price_index,Индексы потребительских цен,0.0,0.0,0.0,0.0,neutral,False,,,False,batch,575
625,primary_housing_price_index,Индексы цен на первичном рынке жилья,0.0,0.0,0.0,0.0,neutral,False,,,False,batch,575
625,secondary_housing_price_index,Индексы цен на вторичном рынке жилья,0.0,0.0,0.0,0.0,neutral,False,,,False,batch,575
625,industrial_production_index,Индексы промышленного производства,0.0,0.0,0.0,0.0,neutral,False,,,False,batch,575
625,enterprises_count,Число предприятий и организаций,0.0,0.0,0.0,0.0,neutral,False,,,False,batch,575
625,crime_count,Количество преступлений,0.6,-0.5,0.5,0.8,negative,True,пострадала женщина,атака -> crime_count,True,batch,575
625,air_pollution,Выбросы загрязняющих веществ в атмосферный воздух,0.0,0.0,0.0,0.0,neutral,False,,,False,batch,575
625,wastewater_discharge,Сброс загрязненных сточных вод,0.0,0.0,0.0,0.0,neutral,False,,,False,batch,575
625,mortality_rate,Коэффициент смертности на 1000 человек,0.6,-0.5,0.5,0.8,negative,True,ранения получила,ранения -> mortality_rate,True,batch,575
625,birth_rate_per_1000,Коэффициент рождаемости на 1000 человек,0.0,0.0,0.0,0.0,neutral,False,,,False,batch,575
629,population_size,Численность населения,0.0,0.0,0.0,0.0,neutral,False,,,False,batch,260
629,divorce_rate,Число зарегистрированных разводов на 1000 населения,0.0,0.0,0.0,0.0,neutral,False,,,False,batch,260
629,marriage_rate,Число зарегистрированных браков на 1000 населения,0.0,0.0,0.0,0.0,neutral,False,,,False,batch,260
629,international_inflow,Число прибывших в страну,0.0,0.0,0.0,0.0,neutral,False,,,False,batch,260
629,international_outflow,Число выбывших из страны,0.0,0.0,0.0,0.0,neutral,False,,,False,batch,260
629,internal_arrivals,Число прибытий внутри региона,0.0,0.0,0.0,0.0,neutral,False,,,False,batch,260
629,internal_departures,Число выбытий из региона,0.0,0.0,0.0,0.0,neutral,False,,,False,batch,260
629,infant_mortality,Коэффициент младенческой смертности,0.0,0.0,0.0,0.0,neutral,False,,,False,batch,260
629,life_expectancy,Ожидаемая продолжительность жизни,0.0,0.0,0.0,0.0,neutral,False,,,False,batch,260
629,male_population,Число мужчин,0.0,0.0,0.0,0.0,neutral,False,,,False,batch,260
629,female_population,Число женщин,0.0,0.0,0.0,0.0,neutral,False,,,False,batch,260
629,per_capita_income,Среднедушевые денежные доходы населения,0.0,0.0,0.0,0.0,neutral,False,,,False,batch,260
629,real_income_index,Реальные денежные доходы населения,0.0,0.0,0.0,0.0,neutral,False,,,False,batch,260
629,unemployment_rate,Уровень безработицы,0.0,0.0,0.0,0.0,neutral,False,,,False,batch,260
629,living_wage,Величина прожиточного минимума на душу населения,0.0,0.0,0.0,0.0,neutral,False,,,False,batch,260
629,child_living_wage,Величина прожиточного минимума на ребенка,0.0,0.0,0.0,0.0,neutral,False,,,False,batch,260
629,hospitals,Число больничных организаций,0.0,0.0,0.0,0.0,neutral,False,,,False,batch,260
629,outpatient_clinics,Число амбулаторно-поликлинических организаций,0.0,0.0,0.0,0.0,neutral,False,,,False,batch,260
629,abortions,Число абортов,0.0,0.0,0.0,0.0,neutral,False,,,False,batch,260
629,qualified_doctors,Численность врачей высшей и первой квалификационных категорий,0.0,0.0,0.0,0.0,neutral,False,,,False,batch,260
629,preschool_coverage,Охват детей до 6 лет дошкольным образованием,0.0,0.0,0.0,0.0,neutral,False,,,False,batch,260
629,children_benefits,"Численность детей до 18 лет, на которых назначено пособие",0.0,0.0,0.0,0.0,neutral,False,,,False,batch,260
629,maternity_capital,"Численность лиц, получивших сертификат на материнский капитал",0.0,0.0,0.0,0.0,neutral,False,,,False,batch,260
629,childcare_allowance,Ежемесячное пособие по уходу за первым ребенком,0.0,0.0,0.0,0.0,neutral,False,,,False,batch,260
629,large_families_housing,"Многодетные семьи, улучшившие жилищные условия",0.0,0.0,0.0,0.0,neutral,False,,,False,batch,260
629,housing_area_per_capita,Общая площадь жилья на одного жителя,0.0,0.0,0.0,0.0,neutral,False,,,False,batch,260
629,consumer_price_index,Индексы потребительских цен,0.0,0.0,0.0,0.0,neutral,False,,,False,batch,260
629,primary_housing_price_index,Индексы цен на первичном рынке жилья,0.0,0.0,0.0,0.0,neutral,False,,,False,batch,260
629,secondary_housing_price_index,Индексы цен на вторичном рынке жилья,0.0,0.0,0.0,0.0,neutral,False,,,False,batch,260
629,industrial_production_index,Индексы промышленного производства,0.9,0.1,0.1,0.9,neutral,True,"снизила отгрузки алкогольной продукции на 4,2%",производство алкоголя,True,batch,260
629,enterprises_count,Число предприятий и организаций,0.0,0.0,0.0,0.0,neutral,False,,,False,batch,260
629,crime_count,Количество преступлений,0.0,0.0,0.0,0.0,neutral,False,,,False,batch,260
629,air_pollution,Выбросы загрязняющих веществ в атмосферный воздух,0.0,0.0,0.0,0.0,neutral,False,,,False,batch,260
629,wastewater_discharge,Сброс загрязненных сточных вод,0.0,0.0,0.0,0.0,neutral,False,,,False,batch,260
629,mortality_rate,Коэффициент смертности на 1000 человек,0.0,0.0,0.0,0.0,neutral,False,,,False,batch,260
629,birth_rate_per_1000,Коэффициент рождаемости на 1000 человек,0.0,0.0,0.0,0.0,neutral,False,,,False,batch,260
632,population_size,Численность населения,0.0,0.0,0.0,0.0,neutral,False,,,False,batch,222
632,divorce_rate,Число зарегистрированных разводов на 1000 населения,0.0,0.0,0.0,0.0,neutral,False,,,False,batch,222
632,marriage_rate,Число зарегистрированных браков на 1000 населения,0.0,0.0,0.0,0.0,neutral,False,,,False,batch,222
632,international_inflow,Число прибывших в страну,0.3,0.0,0.0,0.7,neutral,True,примет главу ЦИК,передача руководства ЦИК,True,batch,222
632,international_outflow,Число выбывших из страны,0.0,0.0,0.0,0.0,neutral,False,,,False,batch,222
632,internal_arrivals,Число прибытий внутри региона,0.0,0.0,0.0,0.0,neutral,False,,,False,batch,222
632,internal_departures,Число выбытий из региона,0.0,0.0,0.0,0.0,neutral,False,,,False,batch,222
632,infant_mortality,Коэффициент младенческой смертности,0.0,0.0,0.0,0.0,neutral,False,,,False,batch,222
632,life_expectancy,Ожидаемая продолжительность жизни,0.0,0.0,0.0,0.0,neutral,False,,,False,batch,222
632,male_population,Число мужчин,0.0,0.0,0.0,0.0,neutral,False,,,False,batch,222
632,female_population,Число женщин,0.0,0.0,0.0,0.0,neutral,False,,,False,batch,222
632,per_capita_income,Среднедушевые денежные доходы населения,0.0,0.0,0.0,0.0,neutral,False,,,False,batch,222
632,real_income_index,Реальные денежные доходы населения,0.0,0.0,0.0,0.0,neutral,False,,,False,batch,222
632,unemployment_rate,Уровень безработицы,0.0,0.0,0.0,0.0,neutral,False,,,False,batch,222
632,living_wage,Величина прожиточного минимума на душу населения,0.0,0.0,0.0,0.0,neutral,False,,,False,batch,222
632,child_living_wage,Величина прожиточного минимума на ребенка,0.0,0.0,0.0,0.0,neutral,False,,,False,batch,222
632,hospitals,Число больничных организаций,0.0,0.0,0.0,0.0,neutral,False,,,False,batch,222
632,outpatient_clinics,Число амбулаторно-поликлинических организаций,0.0,0.0,0.0,0.0,neutral,False,,,False,batch,222
632,abortions,Число абортов,0.0,0.0,0.0,0.0,neutral,False,,,False,batch,222
632,qualified_doctors,Численность врачей высшей и первой квалификационных категорий,0.0,0.0,0.0,0.0,neutral,False,,,False,batch,222
632,preschool_coverage,Охват детей до 6 лет дошкольным образованием,0.0,0.0,0.0,0.0,neutral,False,,,False,batch,222
632,children_benefits,"Численность детей до 18 лет, на которых назначено пособие",0.0,0.0,0.0,0.0,neutral,False,,,False,batch,222
632,maternity_capital,"Численность лиц, получивших сертификат на материнский капитал",0.0,0.0,0.0,0.0,neutral,False,,,False,batch,222
632,childcare_allowance,Ежемесячное пособие по уходу за первым ребенком,0.0,0.0,0.0,0.0,neutral,False,,,False,batch,222
632,large_families_housing,"Многодетные семьи, улучшившие жилищные условия",0.0,0.0,0.0,0.0,neutral,False,,,False,batch,222
632,housing_area_per_capita,Общая площадь жилья на одного жителя,0.0,0.0,0.0,0.0,neutral,False,,,False,batch,222
632,consumer_price_index,Индексы потребительских цен,0.0,0.0,0.0,0.0,neutral,False,,,False,batch,222
632,primary_housing_price_index,Индексы цен на первичном рынке жилья,0.0,0.0,0.0,0.0,neutral,False,,,False,batch,222
632,secondary_housing_price_index,Индексы цен на вторичном рынке жилья,0.0,0.0,0.0,0.0,neutral,False,,,False,batch,222
632,industrial_production_index,Индексы промышленного производства,0.0,0.0,0.0,0.0,neutral,False,,,False,batch,222
632,enterprises_count,Число предприятий и организаций,0.0,0.0,0.0,0.0,neutral,False,,,False,batch,222
632,crime_count,Количество преступлений,0.0,0.0,0.0,0.0,neutral,False,,,False,batch,222
632,air_pollution,Выбросы загрязняющих веществ в атмосферный воздух,0.0,0.0,0.0,0.0,neutral,False,,,False,batch,222
632,wastewater_discharge,Сброс загрязненных сточных вод,0.0,0.0,0.0,0.0,neutral,False,,,False,batch,222
632,mortality_rate,Коэффициент смертности на 1000 человек,0.0,0.0,0.0,0.0,neutral,False,,,False,batch,222
632,birth_rate_per_1000,Коэффициент рождаемости на 1000 человек,0.0,0.0,0.0,0.0,neutral,False,,,False,batch,222
654,population_size,Численность населения,0.0,0.0,0.0,0.0,neutral,False,,,False,batch,277
654,divorce_rate,Число зарегистрированных разводов на 1000 населения,0.0,0.0,0.0,0.0,neutral,False,,,False,batch,277
654,marriage_rate,Число зарегистрированных браков на 1000 населения,0.0,0.0,0.0,0.0,neutral,False,,,False,batch,277
654,international_inflow,Число прибывших в страну,0.0,0.0,0.0,0.0,neutral,False,,,False,batch,277
654,international_outflow,Число выбывших из страны,0.0,0.0,0.0,0.0,neutral,False,,,False,batch,277
654,internal_arrivals,Число прибытий внутри региона,0.0,0.0,0.0,0.0,neutral,False,,,False,batch,277
654,internal_departures,Число выбытий из региона,0.0,0.0,0.0,0.0,neutral,False,,,False,batch,277
654,infant_mortality,Коэффициент младенческой смертности,0.0,0.0,0.0,0.0,neutral,False,,,False,batch,277
654,life_expectancy,Ожидаемая продолжительность жизни,0.0,0.0,0.0,0.0,neutral,False,,,False,batch,277
654,male_population,Число мужчин,0.0,0.0,0.0,0.0,neutral,False,,,False,batch,277
654,female_population,Число женщин,0.0,0.0,0.0,0.0,neutral,False,,,False,batch,277
654,per_capita_income,Среднедушевые денежные доходы населения,0.0,0.0,0.0,0.0,neutral,False,,,False,batch,277
654,real_income_index,Реальные денежные доходы населения,0.0,0.0,0.0,0.0,neutral,False,,,False,batch,277
654,unemployment_rate,Уровень безработицы,0.0,0.0,0.0,0.0,neutral,False,,,False,batch,277
654,living_wage,Величина прожиточного минимума на душу населения,0.0,0.0,0.0,0.0,neutral,False,,,False,batch,277
654,child_living_wage,Величина прожиточного минимума на ребенка,0.0,0.0,0.0,0.0,neutral,False,,,False,batch,277
654,hospitals,Число больничных организаций,0.0,0.0,0.0,0.0,neutral,False,,,False,batch,277
654,outpatient_clinics,Число амбулаторно-поликлинических организаций,0.0,0.0,0.0,0.0,neutral,False,,,False,batch,277
654,abortions,Число абортов,0.0,0.0,0.0,0.0,neutral,False,,,False,batch,277
654,qualified_doctors,Численность врачей высшей и первой квалификационных категорий,0.0,0.0,0.0,0.0,neutral,False,,,False,batch,277
654,preschool_coverage,Охват детей до 6 лет дошкольным образованием,0.0,0.0,0.0,0.0,neutral,False,,,False,batch,277
654,children_benefits,"Численность детей до 18 лет, на которых назначено пособие",0.0,0.0,0.0,0.0,neutral,False,,,False,batch,277
654,maternity_capital,"Численность лиц, получивших сертификат на материнский капитал",0.0,0.0,0.0,0.0,neutral,False,,,False,batch,277
654,childcare_allowance,Ежемесячное пособие по уходу за первым ребенком,0.0,0.0,0.0,0.0,neutral,False,,,False,batch,277
654,large_families_housing,"Многодетные семьи, улучшившие жилищные условия",0.0,0.0,0.0,0.0,neutral,False,,,False,batch,277
654,housing_area_per_capita,Общая площадь жилья на одного жителя,0.0,0.0,0.0,0.0,neutral,False,,,False,batch,277
654,consumer_price_index,Индексы потребительских цен,0.0,0.0,0.0,0.0,neutral,False,,,False,batch,277
654,primary_housing_price_index,Индексы цен на первичном рынке жилья,0.0,0.0,0.0,0.0,neutral,False,,,False,batch,277
654,secondary_housing_price_index,Индексы цен на вторичном рынке жилья,0.0,0.0,0.0,0.0,neutral,False,,,False,batch,277
654,industrial_production_index,Индексы промышленного производства,0.6,0.1,0.1,0.8,neutral,True,сохранение статуса научных центров,научные центры влияют на исследования и разработки,True,batch,277
654,enterprises_count,Число предприятий и организаций,0.0,0.0,0.0,0.0,neutral,False,,,False,batch,277
654,crime_count,Количество преступлений,0.0,0.0,0.0,0.0,neutral,False,,,False,batch,277
654,air_pollution,Выбросы загрязняющих веществ в атмосферный воздух,0.0,0.0,0.0,0.0,neutral,False,,,False,batch,277
654,wastewater_discharge,Сброс загрязненных сточных вод,0.0,0.0,0.0,0.0,neutral,False,,,False,batch,277
654,mortality_rate,Коэффициент смертности на 1000 человек,0.0,0.0,0.0,0.0,neutral,False,,,False,batch,277
654,birth_rate_per_1000,Коэффициент рождаемости на 1000 человек,0.0,0.0,0.0,0.0,neutral,False,,,False,batch,277
655,population_size,Численность населения,0.0,0.0,0.0,0.0,neutral,False,,,False,batch,263
655,divorce_rate,Число зарегистрированных разводов на 1000 населения,0.0,0.0,0.0,0.0,neutral,False,,,False,batch,263
655,marriage_rate,Число зарегистрированных браков на 1000 населения,0.0,0.0,0.0,0.0,neutral,False,,,False,batch,263
655,international_inflow,Число прибывших в страну,0.0,0.0,0.0,0.0,neutral,False,,,False,batch,263
655,international_outflow,Число выбывших из страны,0.0,0.0,0.0,0.0,neutral,False,,,False,batch,263
655,internal_arrivals,Число прибытий внутри региона,0.0,0.0,0.0,0.0,neutral,False,,,False,batch,263
655,internal_departures,Число выбытий из региона,0.0,0.0,0.0,0.0,neutral,False,,,False,batch,263
655,infant_mortality,Коэффициент младенческой смертности,0.0,0.0,0.0,0.0,neutral,False,,,False,batch,263
655,life_expectancy,Ожидаемая продолжительность жизни,0.0,0.0,0.0,0.0,neutral,False,,,False,batch,263
655,male_population,Число мужчин,0.0,0.0,0.0,0.0,neutral,False,,,False,batch,263
655,female_population,Число женщин,0.0,0.0,0.0,0.0,neutral,False,,,False,batch,263
655,per_capita_income,Среднедушевые денежные доходы населения,0.0,0.0,0.0,0.0,neutral,False,,,False,batch,263
655,real_income_index,Реальные денежные доходы населения,0.0,0.0,0.0,0.0,neutral,False,,,False,batch,263
655,unemployment_rate,Уровень безработицы,0.0,0.0,0.0,0.0,neutral,False,,,False,batch,263
655,living_wage,Величина прожиточного минимума на душу населения,0.0,0.0,0.0,0.0,neutral,False,,,False,batch,263
655,child_living_wage,Величина прожиточного минимума на ребенка,0.0,0.0,0.0,0.0,neutral,False,,,False,batch,263
655,hospitals,Число больничных организаций,0.0,0.0,0.0,0.0,neutral,False,,,False,batch,263
655,outpatient_clinics,Число амбулаторно-поликлинических организаций,0.0,0.0,0.0,0.0,neutral,False,,,False,batch,263
655,abortions,Число абортов,0.0,0.0,0.0,0.0,neutral,False,,,False,batch,263
655,qualified_doctors,Численность врачей высшей и первой квалификационных категорий,0.0,0.0,0.0,0.0,neutral,False,,,False,batch,263
655,preschool_coverage,Охват детей до 6 лет дошкольным образованием,0.0,0.0,0.0,0.0,neutral,False,,,False,batch,263
655,children_benefits,"Численность детей до 18 лет, на которых назначено пособие",0.0,0.0,0.0,0.0,neutral,False,,,False,batch,263
655,maternity_capital,"Численность лиц, получивших сертификат на материнский капитал",0.0,0.0,0.0,0.0,neutral,False,,,False,batch,263
655,childcare_allowance,Ежемесячное пособие по уходу за первым ребенком,0.0,0.0,0.0,0.0,neutral,False,,,False,batch,263
655,large_families_housing,"Многодетные семьи, улучшившие жилищные условия",0.0,0.0,0.0,0.0,neutral,False,,,False,batch,263
655,housing_area_per_capita,Общая площадь жилья на одного жителя,0.0,0.0,0.0,0.0,neutral,False,,,False,batch,263
655,consumer_price_index,Индексы потребительских цен,0.0,0.0,0.0,0.0,neutral,False,,,False,batch,263
655,primary_housing_price_index,Индексы цен на первичном рынке жилья,0.0,0.0,0.0,0.0,neutral,False,,,False,batch,263
655,secondary_housing_price_index,Индексы цен на вторичном рынке жилья,0.0,0.0,0.0,0.0,neutral,False,,,False,batch,263
655,industrial_production_index,Индексы промышленного производства,0.6,0.0,0.0,0.8,neutral,True,лицензия на операции с дочерними предприятиями,бизнес-операции компании,True,batch,263
655,enterprises_count,Число предприятий и организаций,0.0,0.0,0.0,0.0,neutral,False,,,False,batch,263
655,crime_count,Количество преступлений,0.0,0.0,0.0,0.0,neutral,False,,,False,batch,263
655,air_pollution,Выбросы загрязняющих веществ в атмосферный воздух,0.0,0.0,0.0,0.0,neutral,False,,,False,batch,263
655,wastewater_discharge,Сброс загрязненных сточных вод,0.0,0.0,0.0,0.0,neutral,False,,,False,batch,263
655,mortality_rate,Коэффициент смертности на 1000 человек,0.0,0.0,0.0,0.0,neutral,False,,,False,batch,263
655,birth_rate_per_1000,Коэффициент рождаемости на 1000 человек,0.0,0.0,0.0,0.0,neutral,False,,,False,batch,263
657,population_size,Численность населения,0.0,0.0,0.0,0.0,neutral,False,,,False,batch,275
657,divorce_rate,Число зарегистрированных разводов на 1000 населения,0.0,0.0,0.0,0.0,neutral,False,,,False,batch,275
657,marriage_rate,Число зарегистрированных браков на 1000 населения,0.0,0.0,0.0,0.0,neutral,False,,,False,batch,275
657,international_inflow,Число прибывших в страну,0.0,0.0,0.0,0.0,neutral,False,,,False,batch,275
657,international_outflow,Число выбывших из страны,0.0,0.0,0.0,0.0,neutral,False,,,False,batch,275
657,internal_arrivals,Число прибытий внутри региона,0.0,0.0,0.0,0.0,neutral,False,,,False,batch,275
657,internal_departures,Число выбытий из региона,0.0,0.0,0.0,0.0,neutral,False,,,False,batch,275
657,infant_mortality,Коэффициент младенческой смертности,0.0,0.0,0.0,0.0,neutral,False,,,False,batch,275
657,life_expectancy,Ожидаемая продолжительность жизни,0.0,0.0,0.0,0.0,neutral,False,,,False,batch,275
657,male_population,Число мужчин,0.0,0.0,0.0,0.0,neutral,False,,,False,batch,275
657,female_population,Число женщин,0.0,0.0,0.0,0.0,neutral,False,,,False,batch,275
657,per_capita_income,Среднедушевые денежные доходы населения,0.0,0.0,0.0,0.0,neutral,False,,,False,batch,275
657,real_income_index,Реальные денежные доходы населения,0.0,0.0,0.0,0.0,neutral,False,,,False,batch,275
657,unemployment_rate,Уровень безработицы,0.0,0.0,0.0,0.0,neutral,False,,,False,batch,275
657,living_wage,Величина прожиточного минимума на душу населения,0.0,0.0,0.0,0.0,neutral,False,,,False,batch,275
657,child_living_wage,Величина прожиточного минимума на ребенка,0.0,0.0,0.0,0.0,neutral,False,,,False,batch,275
657,hospitals,Число больничных организаций,0.0,0.0,0.0,0.0,neutral,False,,,False,batch,275
657,outpatient_clinics,Число амбулаторно-поликлинических организаций,0.0,0.0,0.0,0.0,neutral,False,,,False,batch,275
657,abortions,Число абортов,0.0,0.0,0.0,0.0,neutral,False,,,False,batch,275
657,qualified_doctors,Численность врачей высшей и первой квалификационных категорий,0.0,0.0,0.0,0.0,neutral,False,,,False,batch,275
657,preschool_coverage,Охват детей до 6 лет дошкольным образованием,0.0,0.0,0.0,0.0,neutral,False,,,False,batch,275
657,children_benefits,"Численность детей до 18 лет, на которых назначено пособие",0.0,0.0,0.0,0.0,neutral,False,,,False,batch,275
657,maternity_capital,"Численность лиц, получивших сертификат на материнский капитал",0.0,0.0,0.0,0.0,neutral,False,,,False,batch,275
657,childcare_allowance,Ежемесячное пособие по уходу за первым ребенком,0.0,0.0,0.0,0.0,neutral,False,,,False,batch,275
657,large_families_housing,"Многодетные семьи, улучшившие жилищные условия",0.0,0.0,0.0,0.0,neutral,False,,,False,batch,275
657,housing_area_per_capita,Общая площадь жилья на одного жителя,0.0,0.0,0.0,0.0,neutral,False,,,False,batch,275
657,consumer_price_index,Индексы потребительских цен,0.0,0.0,0.0,0.0,neutral,False,,,False,batch,275
657,primary_housing_price_index,Индексы цен на первичном рынке жилья,0.0,0.0,0.0,0.0,neutral,False,,,False,batch,275
657,secondary_housing_price_index,Индексы цен на вторичном рынке жилья,0.0,0.0,0.0,0.0,neutral,False,,,False,batch,275
657,industrial_production_index,Индексы промышленного производства,0.0,0.0,0.0,0.0,neutral,False,,,False,batch,275
657,enterprises_count,Число предприятий и организаций,0.0,0.0,0.0,0.0,neutral,False,,,False,batch,275
657,crime_count,Количество преступлений,0.6,-0.5,0.5,0.8,negative,True,заведено уголовное дело по признакам преступления,уголовное дело по нарушению правил безопасности,True,batch,275
657,air_pollution,Выбросы загрязняющих веществ в атмосферный воздух,0.0,0.0,0.0,0.0,neutral,False,,,False,batch,275
657,wastewater_discharge,Сброс загрязненных сточных вод,0.0,0.0,0.0,0.0,neutral,False,,,False,batch,275
657,mortality_rate,Коэффициент смертности на 1000 человек,0.0,0.0,0.0,0.0,neutral,False,,,False,batch,275
657,birth_rate_per_1000,Коэффициент рождаемости на 1000 человек,0.0,0.0,0.0,0.0,neutral,False,,,False,batch,275
667,population_size,Численность населения,0.0,0.0,0.0,0.0,neutral,False,,,False,batch,326
667,divorce_rate,Число зарегистрированных разводов на 1000 населения,0.0,0.0,0.0,0.0,neutral,False,,,False,batch,326
667,marriage_rate,Число зарегистрированных браков на 1000 населения,0.0,0.0,0.0,0.0,neutral,False,,,False,batch,326
667,international_inflow,Число прибывших в страну,0.0,0.0,0.0,0.0,neutral,False,,,False,batch,326
667,international_outflow,Число выбывших из страны,0.0,0.0,0.0,0.0,neutral,False,,,False,batch,326
667,internal_arrivals,Число прибытий внутри региона,0.0,0.0,0.0,0.0,neutral,False,,,False,batch,326
667,internal_departures,Число выбытий из региона,0.0,0.0,0.0,0.0,neutral,False,,,False,batch,326
667,infant_mortality,Коэффициент младенческой смертности,0.0,0.0,0.0,0.0,neutral,False,,,False,batch,326
667,life_expectancy,Ожидаемая продолжительность жизни,0.0,0.0,0.0,0.0,neutral,False,,,False,batch,326
667,male_population,Число мужчин,0.0,0.0,0.0,0.0,neutral,False,,,False,batch,326
667,female_population,Число женщин,0.0,0.0,0.0,0.0,neutral,False,,,False,batch,326
667,per_capita_income,Среднедушевые денежные доходы населения,0.0,0.0,0.0,0.0,neutral,False,,,False,batch,326
667,real_income_index,Реальные денежные доходы населения,0.0,0.0,0.0,0.0,neutral,False,,,False,batch,326
667,unemployment_rate,Уровень безработицы,0.0,0.0,0.0,0.0,neutral,False,,,False,batch,326
667,living_wage,Величина прожиточного минимума на душу населения,0.0,0.0,0.0,0.0,neutral,False,,,False,batch,326
667,child_living_wage,Величина прожиточного минимума на ребенка,0.0,0.0,0.0,0.0,neutral,False,,,False,batch,326
667,hospitals,Число больничных организаций,0.0,0.0,0.0,0.0,neutral,False,,,False,batch,326
667,outpatient_clinics,Число амбулаторно-поликлинических организаций,0.0,0.0,0.0,0.0,neutral,False,,,False,batch,326
667,abortions,Число абортов,0.0,0.0,0.0,0.0,neutral,False,,,False,batch,326
667,qualified_doctors,Численность врачей высшей и первой квалификационных категорий,0.0,0.0,0.0,0.0,neutral,False,,,False,batch,326
667,preschool_coverage,Охват детей до 6 лет дошкольным образованием,0.0,0.0,0.0,0.0,neutral,False,,,False,batch,326
667,children_benefits,"Численность детей до 18 лет, на которых назначено пособие",0.0,0.0,0.0,0.0,neutral,False,,,False,batch,326
667,maternity_capital,"Численность лиц, получивших сертификат на материнский капитал",0.0,0.0,0.0,0.0,neutral,False,,,False,batch,326
667,childcare_allowance,Ежемесячное пособие по уходу за первым ребенком,0.0,0.0,0.0,0.0,neutral,False,,,False,batch,326
667,large_families_housing,"Многодетные семьи, улучшившие жилищные условия",0.0,0.0,0.0,0.0,neutral,False,,,False,batch,326
667,housing_area_per_capita,Общая площадь жилья на одного жителя,0.0,0.0,0.0,0.0,neutral,False,,,False,batch,326
667,consumer_price_index,Индексы потребительских цен,0.0,0.0,0.0,0.0,neutral,False,,,False,batch,326
667,primary_housing_price_index,Индексы цен на первичном рынке жилья,0.0,0.0,0.0,0.0,neutral,False,,,False,batch,326
667,secondary_housing_price_index,Индексы цен на вторичном рынке жилья,0.0,0.0,0.0,0.0,neutral,False,,,False,batch,326
667,industrial_production_index,Индексы промышленного производства,0.9,0.0,0.0,0.9,neutral,True,"Цена поставок газа по ""Силе Сибири 2"" рассчитывается по той же формуле,",расчет цены на газ и газопровод,True,batch,326
667,enterprises_count,Число предприятий и организаций,0.0,0.0,0.0,0.0,neutral,False,,,False,batch,326
667,crime_count,Количество преступлений,0.0,0.0,0.0,0.0,neutral,False,,,False,batch,326
667,air_pollution,Выбросы загрязняющих веществ в атмосферный воздух,0.0,0.0,0.0,0.0,neutral,False,,,False,batch,326
667,wastewater_discharge,Сброс загрязненных сточных вод,0.0,0.0,0.0,0.0,neutral,False,,,False,batch,326
667,mortality_rate,Коэффициент смертности на 1000 человек,0.0,0.0,0.0,0.0,neutral,False,,,False,batch,326
667,birth_rate_per_1000,Коэффициент рождаемости на 1000 человек,0.0,0.0,0.0,0.0,neutral,False,,,False,batch,326
674,population_size,Численность населения,0.0,0.0,0.0,0.0,neutral,False,,,False,neutral_after_error,0
674,divorce_rate,Число зарегистрированных разводов на 1000 населения,0.0,0.0,0.0,0.0,neutral,False,,,False,neutral_after_error,0
674,marriage_rate,Число зарегистрированных браков на 1000 населения,0.0,0.0,0.0,0.0,neutral,False,,,False,neutral_after_error,0
674,international_inflow,Число прибывших в страну,0.0,0.0,0.0,0.0,neutral,False,,,False,neutral_after_error,0
674,international_outflow,Число выбывших из страны,0.0,0.0,0.0,0.0,neutral,False,,,False,neutral_after_error,0
674,internal_arrivals,Число прибытий внутри региона,0.0,0.0,0.0,0.0,neutral,False,,,False,neutral_after_error,0
674,internal_departures,Число выбытий из региона,0.0,0.0,0.0,0.0,neutral,False,,,False,neutral_after_error,0
674,infant_mortality,Коэффициент младенческой смертности,0.0,0.0,0.0,0.0,neutral,False,,,False,neutral_after_error,0
674,life_expectancy,Ожидаемая продолжительность жизни,0.0,0.0,0.0,0.0,neutral,False,,,False,neutral_after_error,0
674,male_population,Число мужчин,0.0,0.0,0.0,0.0,neutral,False,,,False,neutral_after_error,0
674,female_population,Число женщин,0.0,0.0,0.0,0.0,neutral,False,,,False,neutral_after_error,0
674,per_capita_income,Среднедушевые денежные доходы населения,0.0,0.0,0.0,0.0,neutral,False,,,False,neutral_after_error,0
674,real_income_index,Реальные денежные доходы населения,0.0,0.0,0.0,0.0,neutral,False,,,False,neutral_after_error,0
674,unemployment_rate,Уровень безработицы,0.0,0.0,0.0,0.0,neutral,False,,,False,neutral_after_error,0
674,living_wage,Величина прожиточного минимума на душу населения,0.0,0.0,0.0,0.0,neutral,False,,,False,neutral_after_error,0
674,child_living_wage,Величина прожиточного минимума на ребенка,0.0,0.0,0.0,0.0,neutral,False,,,False,neutral_after_error,0
674,hospitals,Число больничных организаций,0.0,0.0,0.0,0.0,neutral,False,,,False,neutral_after_error,0
674,outpatient_clinics,Число амбулаторно-поликлинических организаций,0.0,0.0,0.0,0.0,neutral,False,,,False,neutral_after_error,0
674,abortions,Число абортов,0.0,0.0,0.0,0.0,neutral,False,,,False,neutral_after_error,0
674,qualified_doctors,Численность врачей высшей и первой квалификационных категорий,0.0,0.0,0.0,0.0,neutral,False,,,False,neutral_after_error,0
674,preschool_coverage,Охват детей до 6 лет дошкольным образованием,0.0,0.0,0.0,0.0,neutral,False,,,False,neutral_after_error,0
674,children_benefits,"Численность детей до 18 лет, на которых назначено пособие",0.0,0.0,0.0,0.0,neutral,False,,,False,neutral_after_error,0
674,maternity_capital,"Численность лиц, получивших сертификат на материнский капитал",0.0,0.0,0.0,0.0,neutral,False,,,False,neutral_after_error,0
674,childcare_allowance,Ежемесячное пособие по уходу за первым ребенком,0.0,0.0,0.0,0.0,neutral,False,,,False,neutral_after_error,0
674,large_families_housing,"Многодетные семьи, улучшившие жилищные условия",0.0,0.0,0.0,0.0,neutral,False,,,False,neutral_after_error,0
674,housing_area_per_capita,Общая площадь жилья на одного жителя,0.0,0.0,0.0,0.0,neutral,False,,,False,neutral_after_error,0
674,consumer_price_index,Индексы потребительских цен,0.0,0.0,0.0,0.0,neutral,False,,,False,neutral_after_error,0
674,primary_housing_price_index,Индексы цен на первичном рынке жилья,0.0,0.0,0.0,0.0,neutral,False,,,False,neutral_after_error,0
674,secondary_housing_price_index,Индексы цен на вторичном рынке жилья,0.0,0.0,0.0,0.0,neutral,False,,,False,neutral_after_error,0
674,industrial_production_index,Индексы промышленного производства,0.0,0.0,0.0,0.0,neutral,False,,,False,neutral_after_error,0
674,enterprises_count,Число предприятий и организаций,0.0,0.0,0.0,0.0,neutral,False,,,False,neutral_after_error,0
674,crime_count,Количество преступлений,0.0,0.0,0.0,0.0,neutral,False,,,False,neutral_after_error,0
674,air_pollution,Выбросы загрязняющих веществ в атмосферный воздух,0.0,0.0,0.0,0.0,neutral,False,,,False,neutral_after_error,0
674,wastewater_discharge,Сброс загрязненных сточных вод,0.0,0.0,0.0,0.0,neutral,False,,,False,neutral_after_error,0
674,mortality_rate,Коэффициент смертности на 1000 человек,0.0,0.0,0.0,0.0,neutral,False,,,False,neutral_after_error,0
674,birth_rate_per_1000,Коэффициент рождаемости на 1000 человек,0.0,0.0,0.0,0.0,neutral,False,,,False,neutral_after_error,0
684,population_size,Численность населения,0.0,0.0,0.0,0.0,neutral,False,,,False,batch,236
684,divorce_rate,Число зарегистрированных разводов на 1000 населения,0.0,0.0,0.0,0.0,neutral,False,,,False,batch,236
684,marriage_rate,Число зарегистрированных браков на 1000 населения,0.0,0.0,0.0,0.0,neutral,False,,,False,batch,236
684,international_inflow,Число прибывших в страну,0.0,0.0,0.0,0.0,neutral,False,,,False,batch,236
684,international_outflow,Число выбывших из страны,0.0,0.0,0.0,0.0,neutral,False,,,False,batch,236
684,internal_arrivals,Число прибытий внутри региона,0.0,0.0,0.0,0.0,neutral,False,,,False,batch,236
684,internal_departures,Число выбытий из региона,0.0,0.0,0.0,0.0,neutral,False,,,False,batch,236
684,infant_mortality,Коэффициент младенческой смертности,0.0,0.0,0.0,0.0,neutral,False,,,False,batch,236
684,life_expectancy,Ожидаемая продолжительность жизни,0.0,0.0,0.0,0.0,neutral,False,,,False,batch,236
684,male_population,Число мужчин,0.0,0.0,0.0,0.0,neutral,False,,,False,batch,236
684,female_population,Число женщин,0.0,0.0,0.0,0.0,neutral,False,,,False,batch,236
684,per_capita_income,Среднедушевые денежные доходы населения,0.0,0.0,0.0,0.0,neutral,False,,,False,batch,236
684,real_income_index,Реальные денежные доходы населения,0.0,0.0,0.0,0.0,neutral,False,,,False,batch,236
684,unemployment_rate,Уровень безработицы,0.0,0.0,0.0,0.0,neutral,False,,,False,batch,236
684,living_wage,Величина прожиточного минимума на душу населения,0.0,0.0,0.0,0.0,neutral,False,,,False,batch,236
684,child_living_wage,Величина прожиточного минимума на ребенка,0.0,0.0,0.0,0.0,neutral,False,,,False,batch,236
684,hospitals,Число больничных организаций,0.0,0.0,0.0,0.0,neutral,False,,,False,batch,236
684,outpatient_clinics,Число амбулаторно-поликлинических организаций,0.0,0.0,0.0,0.0,neutral,False,,,False,batch,236
684,abortions,Число абортов,0.0,0.0,0.0,0.0,neutral,False,,,False,batch,236
684,qualified_doctors,Численность врачей высшей и первой квалификационных категорий,0.0,0.0,0.0,0.0,neutral,False,,,False,batch,236
684,preschool_coverage,Охват детей до 6 лет дошкольным образованием,0.0,0.0,0.0,0.0,neutral,False,,,False,batch,236
684,children_benefits,"Численность детей до 18 лет, на которых назначено пособие",0.0,0.0,0.0,0.0,neutral,False,,,False,batch,236
684,maternity_capital,"Численность лиц, получивших сертификат на материнский капитал",0.0,0.0,0.0,0.0,neutral,False,,,False,batch,236
684,childcare_allowance,Ежемесячное пособие по уходу за первым ребенком,0.0,0.0,0.0,0.0,neutral,False,,,False,batch,236
684,large_families_housing,"Многодетные семьи, улучшившие жилищные условия",0.0,0.0,0.0,0.0,neutral,False,,,False,batch,236
684,housing_area_per_capita,Общая площадь жилья на одного жителя,0.0,0.0,0.0,0.0,neutral,False,,,False,batch,236
684,consumer_price_index,Индексы потребительских цен,0.0,0.0,0.0,0.0,neutral,False,,,False,batch,236
684,primary_housing_price_index,Индексы цен на первичном рынке жилья,0.0,0.0,0.0,0.0,neutral,False,,,False,batch,236
684,secondary_housing_price_index,Индексы цен на вторичном рынке жилья,0.0,0.0,0.0,0.0,neutral,False,,,False,batch,236
684,industrial_production_index,Индексы промышленного производства,0.6,0.3,0.1,0.8,neutral,True,нарастить выручку на 28%,рост выручки клиник,True,batch,236
684,enterprises_count,Число предприятий и организаций,0.0,0.0,0.0,0.0,neutral,False,,,False,batch,236
684,crime_count,Количество преступлений,0.0,0.0,0.0,0.0,neutral,False,,,False,batch,236
684,air_pollution,Выбросы загрязняющих веществ в атмосферный воздух,0.0,0.0,0.0,0.0,neutral,False,,,False,batch,236
684,wastewater_discharge,Сброс загрязненных сточных вод,0.0,0.0,0.0,0.0,neutral,False,,,False,batch,236
684,mortality_rate,Коэффициент смертности на 1000 человек,0.0,0.0,0.0,0.0,neutral,False,,,False,batch,236
684,birth_rate_per_1000,Коэффициент рождаемости на 1000 человек,0.0,0.0,0.0,0.0,neutral,False,,,False,batch,236
686,population_size,Численность населения,0.0,0.0,0.0,0.0,neutral,False,,,False,batch,270
686,divorce_rate,Число зарегистрированных разводов на 1000 населения,0.0,0.0,0.0,0.0,neutral,False,,,False,batch,270
686,marriage_rate,Число зарегистрированных браков на 1000 населения,0.0,0.0,0.0,0.0,neutral,False,,,False,batch,270
686,international_inflow,Число прибывших в страну,0.0,0.0,0.0,0.0,neutral,False,,,False,batch,270
686,international_outflow,Число выбывших из страны,0.0,0.0,0.0,0.0,neutral,False,,,False,batch,270
686,internal_arrivals,Число прибытий внутри региона,0.0,0.0,0.0,0.0,neutral,False,,,False,batch,270
686,internal_departures,Число выбытий из региона,0.0,0.0,0.0,0.0,neutral,False,,,False,batch,270
686,infant_mortality,Коэффициент младенческой смертности,0.0,0.0,0.0,0.0,neutral,False,,,False,batch,270
686,life_expectancy,Ожидаемая продолжительность жизни,0.0,0.0,0.0,0.0,neutral,False,,,False,batch,270
686,male_population,Число мужчин,0.0,0.0,0.0,0.0,neutral,False,,,False,batch,270
686,female_population,Число женщин,0.0,0.0,0.0,0.0,neutral,False,,,False,batch,270
686,per_capita_income,Среднедушевые денежные доходы населения,0.0,0.0,0.0,0.0,neutral,False,,,False,batch,270
686,real_income_index,Реальные денежные доходы населения,0.0,0.0,0.0,0.0,neutral,False,,,False,batch,270
686,unemployment_rate,Уровень безработицы,0.0,0.0,0.0,0.0,neutral,False,,,False,batch,270
686,living_wage,Величина прожиточного минимума на душу населения,0.0,0.0,0.0,0.0,neutral,False,,,False,batch,270
686,child_living_wage,Величина прожиточного минимума на ребенка,0.0,0.0,0.0,0.0,neutral,False,,,False,batch,270
686,hospitals,Число больничных организаций,0.0,0.0,0.0,0.0,neutral,False,,,False,batch,270
686,outpatient_clinics,Число амбулаторно-поликлинических организаций,0.0,0.0,0.0,0.0,neutral,False,,,False,batch,270
686,abortions,Число абортов,0.0,0.0,0.0,0.0,neutral,False,,,False,batch,270
686,qualified_doctors,Численность врачей высшей и первой квалификационных категорий,0.0,0.0,0.0,0.0,neutral,False,,,False,batch,270
686,preschool_coverage,Охват детей до 6 лет дошкольным образованием,0.0,0.0,0.0,0.0,neutral,False,,,False,batch,270
686,children_benefits,"Численность детей до 18 лет, на которых назначено пособие",0.0,0.0,0.0,0.0,neutral,False,,,False,batch,270
686,maternity_capital,"Численность лиц, получивших сертификат на материнский капитал",0.0,0.0,0.0,0.0,neutral,False,,,False,batch,270
686,childcare_allowance,Ежемесячное пособие по уходу за первым ребенком,0.0,0.0,0.0,0.0,neutral,False,,,False,batch,270
686,large_families_housing,"Многодетные семьи, улучшившие жилищные условия",0.0,0.0,0.0,0.0,neutral,False,,,False,batch,270
686,housing_area_per_capita,Общая площадь жилья на одного жителя,0.0,0.0,0.0,0.0,neutral,False,,,False,batch,270
686,consumer_price_index,Индексы потребительских цен,0.0,0.0,0.0,0.0,neutral,False,,,False,batch,270
686,primary_housing_price_index,Индексы цен на первичном рынке жилья,0.0,0.0,0.0,0.0,neutral,False,,,False,batch,270
686,secondary_housing_price_index,Индексы цен на вторичном рынке жилья,0.0,0.0,0.0,0.0,neutral,False,,,False,batch,270
686,industrial_production_index,Индексы промышленного производства,0.9,0.5,0.5,0.9,positive,True,закупки сельхозтехники на 10 млрд руб.,закупки техники влияют на производство,True,batch,270
686,enterprises_count,Число предприятий и организаций,0.0,0.0,0.0,0.0,neutral,False,,,False,batch,270
686,crime_count,Количество преступлений,0.0,0.0,0.0,0.0,neutral,False,,,False,batch,270
686,air_pollution,Выбросы загрязняющих веществ в атмосферный воздух,0.0,0.0,0.0,0.0,neutral,False,,,False,batch,270
686,wastewater_discharge,Сброс загрязненных сточных вод,0.0,0.0,0.0,0.0,neutral,False,,,False,batch,270
686,mortality_rate,Коэффициент смертности на 1000 человек,0.0,0.0,0.0,0.0,neutral,False,,,False,batch,270
686,birth_rate_per_1000,Коэффициент рождаемости на 1000 человек,0.0,0.0,0.0,0.0,neutral,False,,,False,batch,270
689,population_size,Численность населения,0.0,0.0,0.0,0.0,neutral,False,,,False,neutral_after_error,0
689,divorce_rate,Число зарегистрированных разводов на 1000 населения,0.0,0.0,0.0,0.0,neutral,False,,,False,neutral_after_error,0
689,marriage_rate,Число зарегистрированных браков на 1000 населения,0.0,0.0,0.0,0.0,neutral,False,,,False,neutral_after_error,0
689,international_inflow,Число прибывших в страну,0.0,0.0,0.0,0.0,neutral,False,,,False,neutral_after_error,0
689,international_outflow,Число выбывших из страны,0.0,0.0,0.0,0.0,neutral,False,,,False,neutral_after_error,0
689,internal_arrivals,Число прибытий внутри региона,0.0,0.0,0.0,0.0,neutral,False,,,False,neutral_after_error,0
689,internal_departures,Число выбытий из региона,0.0,0.0,0.0,0.0,neutral,False,,,False,neutral_after_error,0
689,infant_mortality,Коэффициент младенческой смертности,0.0,0.0,0.0,0.0,neutral,False,,,False,neutral_after_error,0
689,life_expectancy,Ожидаемая продолжительность жизни,0.0,0.0,0.0,0.0,neutral,False,,,False,neutral_after_error,0
689,male_population,Число мужчин,0.0,0.0,0.0,0.0,neutral,False,,,False,neutral_after_error,0
689,female_population,Число женщин,0.0,0.0,0.0,0.0,neutral,False,,,False,neutral_after_error,0
689,per_capita_income,Среднедушевые денежные доходы населения,0.0,0.0,0.0,0.0,neutral,False,,,False,neutral_after_error,0
689,real_income_index,Реальные денежные доходы населения,0.0,0.0,0.0,0.0,neutral,False,,,False,neutral_after_error,0
689,unemployment_rate,Уровень безработицы,0.0,0.0,0.0,0.0,neutral,False,,,False,neutral_after_error,0
689,living_wage,Величина прожиточного минимума на душу населения,0.0,0.0,0.0,0.0,neutral,False,,,False,neutral_after_error,0
689,child_living_wage,Величина прожиточного минимума на ребенка,0.0,0.0,0.0,0.0,neutral,False,,,False,neutral_after_error,0
689,hospitals,Число больничных организаций,0.0,0.0,0.0,0.0,neutral,False,,,False,neutral_after_error,0
689,outpatient_clinics,Число амбулаторно-поликлинических организаций,0.0,0.0,0.0,0.0,neutral,False,,,False,neutral_after_error,0
689,abortions,Число абортов,0.0,0.0,0.0,0.0,neutral,False,,,False,neutral_after_error,0
689,qualified_doctors,Численность врачей высшей и первой квалификационных категорий,0.0,0.0,0.0,0.0,neutral,False,,,False,neutral_after_error,0
689,preschool_coverage,Охват детей до 6 лет дошкольным образованием,0.0,0.0,0.0,0.0,neutral,False,,,False,neutral_after_error,0
689,children_benefits,"Численность детей до 18 лет, на которых назначено пособие",0.0,0.0,0.0,0.0,neutral,False,,,False,neutral_after_error,0
689,maternity_capital,"Численность лиц, получивших сертификат на материнский капитал",0.0,0.0,0.0,0.0,neutral,False,,,False,neutral_after_error,0
689,childcare_allowance,Ежемесячное пособие по уходу за первым ребенком,0.0,0.0,0.0,0.0,neutral,False,,,False,neutral_after_error,0
689,large_families_housing,"Многодетные семьи, улучшившие жилищные условия",0.0,0.0,0.0,0.0,neutral,False,,,False,neutral_after_error,0
689,housing_area_per_capita,Общая площадь жилья на одного жителя,0.0,0.0,0.0,0.0,neutral,False,,,False,neutral_after_error,0
689,consumer_price_index,Индексы потребительских цен,0.0,0.0,0.0,0.0,neutral,False,,,False,neutral_after_error,0
689,primary_housing_price_index,Индексы цен на первичном рынке жилья,0.0,0.0,0.0,0.0,neutral,False,,,False,neutral_after_error,0
689,secondary_housing_price_index,Индексы цен на вторичном рынке жилья,0.0,0.0,0.0,0.0,neutral,False,,,False,neutral_after_error,0
689,industrial_production_index,Индексы промышленного производства,0.0,0.0,0.0,0.0,neutral,False,,,False,neutral_after_error,0
689,enterprises_count,Число предприятий и организаций,0.0,0.0,0.0,0.0,neutral,False,,,False,neutral_after_error,0
689,crime_count,Количество преступлений,0.0,0.0,0.0,0.0,neutral,False,,,False,neutral_after_error,0
689,air_pollution,Выбросы загрязняющих веществ в атмосферный воздух,0.0,0.0,0.0,0.0,neutral,False,,,False,neutral_after_error,0
689,wastewater_discharge,Сброс загрязненных сточных вод,0.0,0.0,0.0,0.0,neutral,False,,,False,neutral_after_error,0
689,mortality_rate,Коэффициент смертности на 1000 человек,0.0,0.0,0.0,0.0,neutral,False,,,False,neutral_after_error,0
689,birth_rate_per_1000,Коэффициент рождаемости на 1000 человек,0.0,0.0,0.0,0.0,neutral,False,,,False,neutral_after_error,0
694,population_size,Численность населения,0.0,0.0,0.0,0.0,neutral,False,,,False,batch,277
694,divorce_rate,Число зарегистрированных разводов на 1000 населения,0.0,0.0,0.0,0.0,neutral,False,,,False,batch,277
694,marriage_rate,Число зарегистрированных браков на 1000 населения,0.0,0.0,0.0,0.0,neutral,False,,,False,batch,277
694,international_inflow,Число прибывших в страну,0.0,0.0,0.0,0.0,neutral,False,,,False,batch,277
694,international_outflow,Число выбывших из страны,0.0,0.0,0.0,0.0,neutral,False,,,False,batch,277
694,internal_arrivals,Число прибытий внутри региона,0.0,0.0,0.0,0.0,neutral,False,,,False,batch,277
694,internal_departures,Число выбытий из региона,0.0,0.0,0.0,0.0,neutral,False,,,False,batch,277
694,infant_mortality,Коэффициент младенческой смертности,0.0,0.0,0.0,0.0,neutral,False,,,False,batch,277
694,life_expectancy,Ожидаемая продолжительность жизни,0.0,0.0,0.0,0.0,neutral,False,,,False,batch,277
694,male_population,Число мужчин,0.0,0.0,0.0,0.0,neutral,False,,,False,batch,277
694,female_population,Число женщин,0.0,0.0,0.0,0.0,neutral,False,,,False,batch,277
694,per_capita_income,Среднедушевые денежные доходы населения,0.0,0.0,0.0,0.0,neutral,False,,,False,batch,277
694,real_income_index,Реальные денежные доходы населения,0.0,0.0,0.0,0.0,neutral,False,,,False,batch,277
694,unemployment_rate,Уровень безработицы,0.0,0.0,0.0,0.0,neutral,False,,,False,batch,277
694,living_wage,Величина прожиточного минимума на душу населения,0.0,0.0,0.0,0.0,neutral,False,,,False,batch,277
694,child_living_wage,Величина прожиточного минимума на ребенка,0.0,0.0,0.0,0.0,neutral,False,,,False,batch,277
694,hospitals,Число больничных организаций,0.0,0.0,0.0,0.0,neutral,False,,,False,batch,277
694,outpatient_clinics,Число амбулаторно-поликлинических организаций,0.0,0.0,0.0,0.0,neutral,False,,,False,batch,277
694,abortions,Число абортов,0.0,0.0,0.0,0.0,neutral,False,,,False,batch,277
694,qualified_doctors,Численность врачей высшей и первой квалификационных категорий,0.0,0.0,0.0,0.0,neutral,False,,,False,batch,277
694,preschool_coverage,Охват детей до 6 лет дошкольным образованием,0.0,0.0,0.0,0.0,neutral,False,,,False,batch,277
694,children_benefits,"Численность детей до 18 лет, на которых назначено пособие",0.0,0.0,0.0,0.0,neutral,False,,,False,batch,277
694,maternity_capital,"Численность лиц, получивших сертификат на материнский капитал",0.0,0.0,0.0,0.0,neutral,False,,,False,batch,277
694,childcare_allowance,Ежемесячное пособие по уходу за первым ребенком,0.0,0.0,0.0,0.0,neutral,False,,,False,batch,277
694,large_families_housing,"Многодетные семьи, улучшившие жилищные условия",0.0,0.0,0.0,0.0,neutral,False,,,False,batch,277
694,housing_area_per_capita,Общая площадь жилья на одного жителя,0.0,0.0,0.0,0.0,neutral,False,,,False,batch,277
694,consumer_price_index,Индексы потребительских цен,0.0,0.0,0.0,0.0,neutral,False,,,False,batch,277
694,primary_housing_price_index,Индексы цен на первичном рынке жилья,0.0,0.0,0.0,0.0,neutral,False,,,False,batch,277
694,secondary_housing_price_index,Индексы цен на вторичном рынке жилья,0.0,0.0,0.0,0.0,neutral,False,,,False,batch,277
694,industrial_production_index,Индексы промышленного производства,0.9,0.5,0.3,0.9,positive,True,нарастить собственные компетенции в этой сфере,развитие станкостроения и компетенций,True,batch,277
694,enterprises_count,Число предприятий и организаций,0.0,0.0,0.0,0.0,neutral,False,,,False,batch,277
694,crime_count,Количество преступлений,0.0,0.0,0.0,0.0,neutral,False,,,False,batch,277
694,air_pollution,Выбросы загрязняющих веществ в атмосферный воздух,0.0,0.0,0.0,0.0,neutral,False,,,False,batch,277
694,wastewater_discharge,Сброс загрязненных сточных вод,0.0,0.0,0.0,0.0,neutral,False,,,False,batch,277
694,mortality_rate,Коэффициент смертности на 1000 человек,0.0,0.0,0.0,0.0,neutral,False,,,False,batch,277
694,birth_rate_per_1000,Коэффициент рождаемости на 1000 человек,0.0,0.0,0.0,0.0,neutral,False,,,False,batch,277
701,population_size,Численность населения,0.0,0.0,0.0,0.0,neutral,False,,,False,batch,226
701,divorce_rate,Число зарегистрированных разводов на 1000 населения,0.0,0.0,0.0,0.0,neutral,False,,,False,batch,226
701,marriage_rate,Число зарегистрированных браков на 1000 населения,0.0,0.0,0.0,0.0,neutral,False,,,False,batch,226
701,international_inflow,Число прибывших в страну,0.0,0.0,0.0,0.0,neutral,False,,,False,batch,226
701,international_outflow,Число выбывших из страны,0.0,0.0,0.0,0.0,neutral,False,,,False,batch,226
701,internal_arrivals,Число прибытий внутри региона,0.0,0.0,0.0,0.0,neutral,False,,,False,batch,226
701,internal_departures,Число выбытий из региона,0.0,0.0,0.0,0.0,neutral,False,,,False,batch,226
701,infant_mortality,Коэффициент младенческой смертности,0.0,0.0,0.0,0.0,neutral,False,,,False,batch,226
701,life_expectancy,Ожидаемая продолжительность жизни,0.0,0.0,0.0,0.0,neutral,False,,,False,batch,226
701,male_population,Число мужчин,0.0,0.0,0.0,0.0,neutral,False,,,False,batch,226
701,female_population,Число женщин,0.0,0.0,0.0,0.0,neutral,False,,,False,batch,226
701,per_capita_income,Среднедушевые денежные доходы населения,0.0,0.0,0.0,0.0,neutral,False,,,False,batch,226
701,real_income_index,Реальные денежные доходы населения,0.0,0.0,0.0,0.0,neutral,False,,,False,batch,226
701,unemployment_rate,Уровень безработицы,0.0,0.0,0.0,0.0,neutral,False,,,False,batch,226
701,living_wage,Величина прожиточного минимума на душу населения,0.0,0.0,0.0,0.0,neutral,False,,,False,batch,226
701,child_living_wage,Величина прожиточного минимума на ребенка,0.0,0.0,0.0,0.0,neutral,False,,,False,batch,226
701,hospitals,Число больничных организаций,0.0,0.0,0.0,0.0,neutral,False,,,False,batch,226
701,outpatient_clinics,Число амбулаторно-поликлинических организаций,0.0,0.0,0.0,0.0,neutral,False,,,False,batch,226
701,abortions,Число абортов,0.0,0.0,0.0,0.0,neutral,False,,,False,batch,226
701,qualified_doctors,Численность врачей высшей и первой квалификационных категорий,0.0,0.0,0.0,0.0,neutral,False,,,False,batch,226
701,preschool_coverage,Охват детей до 6 лет дошкольным образованием,0.0,0.0,0.0,0.0,neutral,False,,,False,batch,226
701,children_benefits,"Численность детей до 18 лет, на которых назначено пособие",0.0,0.0,0.0,0.0,neutral,False,,,False,batch,226
701,maternity_capital,"Численность лиц, получивших сертификат на материнский капитал",0.0,0.0,0.0,0.0,neutral,False,,,False,batch,226
701,childcare_allowance,Ежемесячное пособие по уходу за первым ребенком,0.0,0.0,0.0,0.0,neutral,False,,,False,batch,226
701,large_families_housing,"Многодетные семьи, улучшившие жилищные условия",0.0,0.0,0.0,0.0,neutral,False,,,False,batch,226
701,housing_area_per_capita,Общая площадь жилья на одного жителя,0.0,0.0,0.0,0.0,neutral,False,,,False,batch,226
701,consumer_price_index,Индексы потребительских цен,0.0,0.0,0.0,0.0,neutral,False,,,False,batch,226
701,primary_housing_price_index,Индексы цен на первичном рынке жилья,0.0,0.0,0.0,0.0,neutral,False,,,False,batch,226
701,secondary_housing_price_index,Индексы цен на вторичном рынке жилья,0.0,0.0,0.0,0.0,neutral,False,,,False,batch,226
701,industrial_production_index,Индексы промышленного производства,0.9,0.0,0.5,0.9,neutral,True,утечка мазута,утечка топлива и судов,True,batch,226
701,enterprises_count,Число предприятий и организаций,0.0,0.0,0.0,0.0,neutral,False,,,False,batch,226
701,crime_count,Количество преступлений,0.0,0.0,0.0,0.0,neutral,False,,,False,batch,226
701,air_pollution,Выбросы загрязняющих веществ в атмосферный воздух,0.0,0.0,0.0,0.0,neutral,False,,,False,batch,226
701,wastewater_discharge,Сброс загрязненных сточных вод,0.0,0.0,0.0,0.0,neutral,False,,,False,batch,226
701,mortality_rate,Коэффициент смертности на 1000 человек,0.0,0.0,0.0,0.0,neutral,False,,,False,batch,226
701,birth_rate_per_1000,Коэффициент рождаемости на 1000 человек,0.0,0.0,0.0,0.0,neutral,False,,,False,batch,226
704,population_size,Численность населения,0.0,0.0,0.0,0.0,neutral,False,,,False,batch,274
704,divorce_rate,Число зарегистрированных разводов на 1000 населения,0.0,0.0,0.0,0.0,neutral,False,,,False,batch,274
704,marriage_rate,Число зарегистрированных браков на 1000 населения,0.0,0.0,0.0,0.0,neutral,False,,,False,batch,274
704,international_inflow,Число прибывших в страну,0.0,0.0,0.0,0.0,neutral,False,,,False,batch,274
704,international_outflow,Число выбывших из страны,0.0,0.0,0.0,0.0,neutral,False,,,False,batch,274
704,internal_arrivals,Число прибытий внутри региона,0.0,0.0,0.0,0.0,neutral,False,,,False,batch,274
704,internal_departures,Число выбытий из региона,0.0,0.0,0.0,0.0,neutral,False,,,False,batch,274
704,infant_mortality,Коэффициент младенческой смертности,0.0,0.0,0.0,0.0,neutral,False,,,False,batch,274
704,life_expectancy,Ожидаемая продолжительность жизни,0.0,0.0,0.0,0.0,neutral,False,,,False,batch,274
704,male_population,Число мужчин,0.0,0.0,0.0,0.0,neutral,False,,,False,batch,274
704,female_population,Число женщин,0.0,0.0,0.0,0.0,neutral,False,,,False,batch,274
704,per_capita_income,Среднедушевые денежные доходы населения,0.0,0.0,0.0,0.0,neutral,False,,,False,batch,274
704,real_income_index,Реальные денежные доходы населения,0.0,0.0,0.0,0.0,neutral,False,,,False,batch,274
704,unemployment_rate,Уровень безработицы,0.0,0.0,0.0,0.0,neutral,False,,,False,batch,274
704,living_wage,Величина прожиточного минимума на душу населения,0.0,0.0,0.0,0.0,neutral,False,,,False,batch,274
704,child_living_wage,Величина прожиточного минимума на ребенка,0.0,0.0,0.0,0.0,neutral,False,,,False,batch,274
704,hospitals,Число больничных организаций,0.0,0.0,0.0,0.0,neutral,False,,,False,batch,274
704,outpatient_clinics,Число амбулаторно-поликлинических организаций,0.0,0.0,0.0,0.0,neutral,False,,,False,batch,274
704,abortions,Число абортов,0.0,0.0,0.0,0.0,neutral,False,,,False,batch,274
704,qualified_doctors,Численность врачей высшей и первой квалификационных категорий,0.0,0.0,0.0,0.0,neutral,False,,,False,batch,274
704,preschool_coverage,Охват детей до 6 лет дошкольным образованием,0.0,0.0,0.0,0.0,neutral,False,,,False,batch,274
704,children_benefits,"Численность детей до 18 лет, на которых назначено пособие",0.0,0.0,0.0,0.0,neutral,False,,,False,batch,274
704,maternity_capital,"Численность лиц, получивших сертификат на материнский капитал",0.0,0.0,0.0,0.0,neutral,False,,,False,batch,274
704,childcare_allowance,Ежемесячное пособие по уходу за первым ребенком,0.0,0.0,0.0,0.0,neutral,False,,,False,batch,274
704,large_families_housing,"Многодетные семьи, улучшившие жилищные условия",0.0,0.0,0.0,0.0,neutral,False,,,False,batch,274
704,housing_area_per_capita,Общая площадь жилья на одного жителя,0.0,0.0,0.0,0.0,neutral,False,,,False,batch,274
704,consumer_price_index,Индексы потребительских цен,0.0,0.0,0.0,0.0,neutral,False,,,False,batch,274
704,primary_housing_price_index,Индексы цен на первичном рынке жилья,0.0,0.0,0.0,0.0,neutral,False,,,False,batch,274
704,secondary_housing_price_index,Индексы цен на вторичном рынке жилья,0.0,0.0,0.0,0.0,neutral,False,,,False,batch,274
704,industrial_production_index,Индексы промышленного производства,0.9,0.1,0.1,0.9,neutral,True,одобрил концессии на разведку и добычу нефти и газа,разведка и добыча нефти и газа,True,batch,274
704,enterprises_count,Число предприятий и организаций,0.0,0.0,0.0,0.0,neutral,False,,,False,batch,274
704,crime_count,Количество преступлений,0.0,0.0,0.0,0.0,neutral,False,,,False,batch,274
704,air_pollution,Выбросы загрязняющих веществ в атмосферный воздух,0.0,0.0,0.0,0.0,neutral,False,,,False,batch,274
704,wastewater_discharge,Сброс загрязненных сточных вод,0.0,0.0,0.0,0.0,neutral,False,,,False,batch,274
704,mortality_rate,Коэффициент смертности на 1000 человек,0.0,0.0,0.0,0.0,neutral,False,,,False,batch,274
704,birth_rate_per_1000,Коэффициент рождаемости на 1000 человек,0.0,0.0,0.0,0.0,neutral,False,,,False,batch,274
706,population_size,Численность населения,0.0,0.0,0.0,0.0,neutral,False,,,False,batch,251
706,divorce_rate,Число зарегистрированных разводов на 1000 населения,0.0,0.0,0.0,0.0,neutral,False,,,False,batch,251
706,marriage_rate,Число зарегистрированных браков на 1000 населения,0.0,0.0,0.0,0.0,neutral,False,,,False,batch,251
706,international_inflow,Число прибывших в страну,0.0,0.0,0.0,0.0,neutral,False,,,False,batch,251
706,international_outflow,Число выбывших из страны,0.0,0.0,0.0,0.0,neutral,False,,,False,batch,251
706,internal_arrivals,Число прибытий внутри региона,0.0,0.0,0.0,0.0,neutral,False,,,False,batch,251
706,internal_departures,Число выбытий из региона,0.0,0.0,0.0,0.0,neutral,False,,,False,batch,251
706,infant_mortality,Коэффициент младенческой смертности,0.0,0.0,0.0,0.0,neutral,False,,,False,batch,251
706,life_expectancy,Ожидаемая продолжительность жизни,0.0,0.0,0.0,0.0,neutral,False,,,False,batch,251
706,male_population,Число мужчин,0.0,0.0,0.0,0.0,neutral,False,,,False,batch,251
706,female_population,Число женщин,0.0,0.0,0.0,0.0,neutral,False,,,False,batch,251
706,per_capita_income,Среднедушевые денежные доходы населения,0.0,0.0,0.0,0.0,neutral,False,,,False,batch,251
706,real_income_index,Реальные денежные доходы населения,0.0,0.0,0.0,0.0,neutral,False,,,False,batch,251
706,unemployment_rate,Уровень безработицы,0.0,0.0,0.0,0.0,neutral,False,,,False,batch,251
706,living_wage,Величина прожиточного минимума на душу населения,0.0,0.0,0.0,0.0,neutral,False,,,False,batch,251
706,child_living_wage,Величина прожиточного минимума на ребенка,0.0,0.0,0.0,0.0,neutral,False,,,False,batch,251
706,hospitals,Число больничных организаций,0.0,0.0,0.0,0.0,neutral,False,,,False,batch,251
706,outpatient_clinics,Число амбулаторно-поликлинических организаций,0.0,0.0,0.0,0.0,neutral,False,,,False,batch,251
706,abortions,Число абортов,0.0,0.0,0.0,0.0,neutral,False,,,False,batch,251
706,qualified_doctors,Численность врачей высшей и первой квалификационных категорий,0.0,0.0,0.0,0.0,neutral,False,,,False,batch,251
706,preschool_coverage,Охват детей до 6 лет дошкольным образованием,0.0,0.0,0.0,0.0,neutral,False,,,False,batch,251
706,children_benefits,"Численность детей до 18 лет, на которых назначено пособие",0.0,0.0,0.0,0.0,neutral,False,,,False,batch,251
706,maternity_capital,"Численность лиц, получивших сертификат на материнский капитал",0.0,0.0,0.0,0.0,neutral,False,,,False,batch,251
706,childcare_allowance,Ежемесячное пособие по уходу за первым ребенком,0.0,0.0,0.0,0.0,neutral,False,,,False,batch,251
706,large_families_housing,"Многодетные семьи, улучшившие жилищные условия",0.0,0.0,0.0,0.0,neutral,False,,,False,batch,251
706,housing_area_per_capita,Общая площадь жилья на одного жителя,0.0,0.0,0.0,0.0,neutral,False,,,False,batch,251
706,consumer_price_index,Индексы потребительских цен,0.0,0.0,0.0,0.0,neutral,False,,,False,batch,251
706,primary_housing_price_index,Индексы цен на первичном рынке жилья,0.0,0.0,0.0,0.0,neutral,False,,,False,batch,251
706,secondary_housing_price_index,Индексы цен на вторичном рынке жилья,0.0,0.0,0.0,0.0,neutral,False,,,False,batch,251
706,industrial_production_index,Индексы промышленного производства,0.0,0.0,0.0,0.0,neutral,False,,,False,batch,251
706,enterprises_count,Число предприятий и организаций,0.6,0.0,0.0,0.8,neutral,True,конкурсное производство,конкурсное производство -> enterprises_count,True,batch,251
706,crime_count,Количество преступлений,0.0,0.0,0.0,0.0,neutral,False,,,False,batch,251
706,air_pollution,Выбросы загрязняющих веществ в атмосферный воздух,0.0,0.0,0.0,0.0,neutral,False,,,False,batch,251
706,wastewater_discharge,Сброс загрязненных сточных вод,0.0,0.0,0.0,0.0,neutral,False,,,False,batch,251
706,mortality_rate,Коэффициент смертности на 1000 человек,0.0,0.0,0.0,0.0,neutral,False,,,False,batch,251
706,birth_rate_per_1000,Коэффициент рождаемости на 1000 человек,0.0,0.0,0.0,0.0,neutral,False,,,False,batch,251
710,population_size,Численность населения,0.0,0.0,0.0,0.0,neutral,False,,,False,batch,268
710,divorce_rate,Число зарегистрированных разводов на 1000 населения,0.0,0.0,0.0,0.0,neutral,False,,,False,batch,268
710,marriage_rate,Число зарегистрированных браков на 1000 населения,0.0,0.0,0.0,0.0,neutral,False,,,False,batch,268
710,international_inflow,Число прибывших в страну,0.0,0.0,0.0,0.0,neutral,False,,,False,batch,268
710,international_outflow,Число выбывших из страны,0.0,0.0,0.0,0.0,neutral,False,,,False,batch,268
710,internal_arrivals,Число прибытий внутри региона,0.0,0.0,0.0,0.0,neutral,False,,,False,batch,268
710,internal_departures,Число выбытий из региона,0.0,0.0,0.0,0.0,neutral,False,,,False,batch,268
710,infant_mortality,Коэффициент младенческой смертности,0.0,0.0,0.0,0.0,neutral,False,,,False,batch,268
710,life_expectancy,Ожидаемая продолжительность жизни,0.0,0.0,0.0,0.0,neutral,False,,,False,batch,268
710,male_population,Число мужчин,0.0,0.0,0.0,0.0,neutral,False,,,False,batch,268
710,female_population,Число женщин,0.0,0.0,0.0,0.0,neutral,False,,,False,batch,268
710,per_capita_income,Среднедушевые денежные доходы населения,0.0,0.0,0.0,0.0,neutral,False,,,False,batch,268
710,real_income_index,Реальные денежные доходы населения,0.0,0.0,0.0,0.0,neutral,False,,,False,batch,268
710,unemployment_rate,Уровень безработицы,0.0,0.0,0.0,0.0,neutral,False,,,False,batch,268
710,living_wage,Величина прожиточного минимума на душу населения,0.0,0.0,0.0,0.0,neutral,False,,,False,batch,268
710,child_living_wage,Величина прожиточного минимума на ребенка,0.0,0.0,0.0,0.0,neutral,False,,,False,batch,268
710,hospitals,Число больничных организаций,0.0,0.0,0.0,0.0,neutral,False,,,False,batch,268
710,outpatient_clinics,Число амбулаторно-поликлинических организаций,0.0,0.0,0.0,0.0,neutral,False,,,False,batch,268
710,abortions,Число абортов,0.0,0.0,0.0,0.0,neutral,False,,,False,batch,268
710,qualified_doctors,Численность врачей высшей и первой квалификационных категорий,0.0,0.0,0.0,0.0,neutral,False,,,False,batch,268
710,preschool_coverage,Охват детей до 6 лет дошкольным образованием,0.0,0.0,0.0,0.0,neutral,False,,,False,batch,268
710,children_benefits,"Численность детей до 18 лет, на которых назначено пособие",0.0,0.0,0.0,0.0,neutral,False,,,False,batch,268
710,maternity_capital,"Численность лиц, получивших сертификат на материнский капитал",0.0,0.0,0.0,0.0,neutral,False,,,False,batch,268
710,childcare_allowance,Ежемесячное пособие по уходу за первым ребенком,0.0,0.0,0.0,0.0,neutral,False,,,False,batch,268
710,large_families_housing,"Многодетные семьи, улучшившие жилищные условия",0.0,0.0,0.0,0.0,neutral,False,,,False,batch,268
710,housing_area_per_capita,Общая площадь жилья на одного жителя,0.0,0.0,0.0,0.0,neutral,False,,,False,batch,268
710,consumer_price_index,Индексы потребительских цен,0.0,0.0,0.0,0.0,neutral,False,,,False,batch,268
710,primary_housing_price_index,Индексы цен на первичном рынке жилья,0.0,0.0,0.0,0.0,neutral,False,,,False,batch,268
710,secondary_housing_price_index,Индексы цен на вторичном рынке жилья,0.0,0.0,0.0,0.0,neutral,False,,,False,batch,268
710,industrial_production_index,Индексы промышленного производства,0.9,-0.5,0.7,0.9,negative,True,удары по ж/д инфраструктуре,"удар по инфраструктуре, связанной с логистикой",True,batch,268
710,enterprises_count,Число предприятий и организаций,0.0,0.0,0.0,0.0,neutral,False,,,False,batch,268
710,crime_count,Количество преступлений,0.0,0.0,0.0,0.0,neutral,False,,,False,batch,268
710,air_pollution,Выбросы загрязняющих веществ в атмосферный воздух,0.0,0.0,0.0,0.0,neutral,False,,,False,batch,268
710,wastewater_discharge,Сброс загрязненных сточных вод,0.0,0.0,0.0,0.0,neutral,False,,,False,batch,268
710,mortality_rate,Коэффициент смертности на 1000 человек,0.0,0.0,0.0,0.0,neutral,False,,,False,batch,268
710,birth_rate_per_1000,Коэффициент рождаемости на 1000 человек,0.0,0.0,0.0,0.0,neutral,False,,,False,batch,268
714,population_size,Численность населения,0.0,0.0,0.0,0.0,neutral,False,,,False,batch,210
714,divorce_rate,Число зарегистрированных разводов на 1000 населения,0.0,0.0,0.0,0.0,neutral,False,,,False,batch,210
714,marriage_rate,Число зарегистрированных браков на 1000 населения,0.0,0.0,0.0,0.0,neutral,False,,,False,batch,210
714,international_inflow,Число прибывших в страну,0.0,0.0,0.0,0.0,neutral,False,,,False,batch,210
714,international_outflow,Число выбывших из страны,0.0,0.0,0.0,0.0,neutral,False,,,False,batch,210
714,internal_arrivals,Число прибытий внутри региона,0.0,0.0,0.0,0.0,neutral,False,,,False,batch,210
714,internal_departures,Число выбытий из региона,0.0,0.0,0.0,0.0,neutral,False,,,False,batch,210
714,infant_mortality,Коэффициент младенческой смертности,0.0,0.0,0.0,0.0,neutral,False,,,False,batch,210
714,life_expectancy,Ожидаемая продолжительность жизни,0.0,0.0,0.0,0.0,neutral,False,,,False,batch,210
714,male_population,Число мужчин,0.0,0.0,0.0,0.0,neutral,False,,,False,batch,210
714,female_population,Число женщин,0.0,0.0,0.0,0.0,neutral,False,,,False,batch,210
714,per_capita_income,Среднедушевые денежные доходы населения,0.0,0.0,0.0,0.0,neutral,False,,,False,batch,210
714,real_income_index,Реальные денежные доходы населения,0.0,0.0,0.0,0.0,neutral,False,,,False,batch,210
714,unemployment_rate,Уровень безработицы,0.0,0.0,0.0,0.0,neutral,False,,,False,batch,210
714,living_wage,Величина прожиточного минимума на душу населения,0.0,0.0,0.0,0.0,neutral,False,,,False,batch,210
714,child_living_wage,Величина прожиточного минимума на ребенка,0.0,0.0,0.0,0.0,neutral,False,,,False,batch,210
714,hospitals,Число больничных организаций,0.0,0.0,0.0,0.0,neutral,False,,,False,batch,210
714,outpatient_clinics,Число амбулаторно-поликлинических организаций,0.0,0.0,0.0,0.0,neutral,False,,,False,batch,210
714,abortions,Число абортов,0.0,0.0,0.0,0.0,neutral,False,,,False,batch,210
714,qualified_doctors,Численность врачей высшей и первой квалификационных категорий,0.0,0.0,0.0,0.0,neutral,False,,,False,batch,210
714,preschool_coverage,Охват детей до 6 лет дошкольным образованием,0.0,0.0,0.0,0.0,neutral,False,,,False,batch,210
714,children_benefits,"Численность детей до 18 лет, на которых назначено пособие",0.0,0.0,0.0,0.0,neutral,False,,,False,batch,210
714,maternity_capital,"Численность лиц, получивших сертификат на материнский капитал",0.0,0.0,0.0,0.0,neutral,False,,,False,batch,210
714,childcare_allowance,Ежемесячное пособие по уходу за первым ребенком,0.0,0.0,0.0,0.0,neutral,False,,,False,batch,210
714,large_families_housing,"Многодетные семьи, улучшившие жилищные условия",0.0,0.0,0.0,0.0,neutral,False,,,False,batch,210
714,housing_area_per_capita,Общая площадь жилья на одного жителя,0.0,0.0,0.0,0.0,neutral,False,,,False,batch,210
714,consumer_price_index,Индексы потребительских цен,0.0,0.0,0.0,0.0,neutral,False,,,False,batch,210
714,primary_housing_price_index,Индексы цен на первичном рынке жилья,0.0,0.0,0.0,0.0,neutral,False,,,False,batch,210
714,secondary_housing_price_index,Индексы цен на вторичном рынке жилья,0.0,0.0,0.0,0.0,neutral,False,,,False,batch,210
714,industrial_production_index,Индексы промышленного производства,0.0,0.0,0.0,0.0,neutral,False,,,False,batch,210
714,enterprises_count,Число предприятий и организаций,0.0,0.0,0.0,0.0,neutral,False,,,False,batch,210
714,crime_count,Количество преступлений,0.3,0.0,0.0,0.5,neutral,True,напасть на Европу,угроза нападения,True,batch,210
714,air_pollution,Выбросы загрязняющих веществ в атмосферный воздух,0.0,0.0,0.0,0.0,neutral,False,,,False,batch,210
714,wastewater_discharge,Сброс загрязненных сточных вод,0.0,0.0,0.0,0.0,neutral,False,,,False,batch,210
714,mortality_rate,Коэффициент смертности на 1000 человек,0.0,0.0,0.0,0.0,neutral,False,,,False,batch,210
714,birth_rate_per_1000,Коэффициент рождаемости на 1000 человек,0.0,0.0,0.0,0.0,neutral,False,,,False,batch,210
715,population_size,Численность населения,0.0,0.0,0.0,0.0,neutral,False,,,False,batch,439
715,divorce_rate,Число зарегистрированных разводов на 1000 населения,0.0,0.0,0.0,0.0,neutral,False,,,False,batch,439
715,marriage_rate,Число зарегистрированных браков на 1000 населения,0.0,0.0,0.0,0.0,neutral,False,,,False,batch,439
715,international_inflow,Число прибывших в страну,0.0,0.0,0.0,0.0,neutral,False,,,False,batch,439
715,international_outflow,Число выбывших из страны,0.0,0.0,0.0,0.0,neutral,False,,,False,batch,439
715,internal_arrivals,Число прибытий внутри региона,0.0,0.0,0.0,0.0,neutral,False,,,False,batch,439
715,internal_departures,Число выбытий из региона,0.0,0.0,0.0,0.0,neutral,False,,,False,batch,439
715,infant_mortality,Коэффициент младенческой смертности,0.0,0.0,0.0,0.0,neutral,False,,,False,batch,439
715,life_expectancy,Ожидаемая продолжительность жизни,0.0,0.0,0.0,0.0,neutral,False,,,False,batch,439
715,male_population,Число мужчин,0.0,0.0,0.0,0.0,neutral,False,,,False,batch,439
715,female_population,Число женщин,0.0,0.0,0.0,0.0,neutral,False,,,False,batch,439
715,per_capita_income,Среднедушевые денежные доходы населения,0.0,0.0,0.0,0.0,neutral,False,,,False,batch,439
715,real_income_index,Реальные денежные доходы населения,0.0,0.0,0.0,0.0,neutral,False,,,False,batch,439
715,unemployment_rate,Уровень безработицы,0.0,0.0,0.0,0.0,neutral,False,,,False,batch,439
715,living_wage,Величина прожиточного минимума на душу населения,0.0,0.0,0.0,0.0,neutral,False,,,False,batch,439
715,child_living_wage,Величина прожиточного минимума на ребенка,0.0,0.0,0.0,0.0,neutral,False,,,False,batch,439
715,hospitals,Число больничных организаций,0.0,0.0,0.0,0.0,neutral,False,,,False,batch,439
715,outpatient_clinics,Число амбулаторно-поликлинических организаций,0.0,0.0,0.0,0.0,neutral,False,,,False,batch,439
715,abortions,Число абортов,0.0,0.0,0.0,0.0,neutral,False,,,False,batch,439
715,qualified_doctors,Численность врачей высшей и первой квалификационных категорий,0.0,0.0,0.0,0.0,neutral,False,,,False,batch,439
715,preschool_coverage,Охват детей до 6 лет дошкольным образованием,0.0,0.0,0.0,0.0,neutral,False,,,False,batch,439
715,children_benefits,"Численность детей до 18 лет, на которых назначено пособие",0.0,0.0,0.0,0.0,neutral,False,,,False,batch,439
715,maternity_capital,"Численность лиц, получивших сертификат на материнский капитал",0.0,0.0,0.0,0.0,neutral,False,,,False,batch,439
715,childcare_allowance,Ежемесячное пособие по уходу за первым ребенком,0.0,0.0,0.0,0.0,neutral,False,,,False,batch,439
715,large_families_housing,"Многодетные семьи, улучшившие жилищные условия",0.0,0.0,0.0,0.0,neutral,False,,,False,batch,439
715,housing_area_per_capita,Общая площадь жилья на одного жителя,0.0,0.0,0.0,0.0,neutral,False,,,False,batch,439
715,consumer_price_index,Индексы потребительских цен,0.0,0.0,0.0,0.0,neutral,False,,,False,batch,439
715,primary_housing_price_index,Индексы цен на первичном рынке жилья,0.0,0.0,0.0,0.0,neutral,False,,,False,batch,439
715,secondary_housing_price_index,Индексы цен на вторичном рынке жилья,0.0,0.0,0.0,0.0,neutral,False,,,False,batch,439
715,industrial_production_index,Индексы промышленного производства,0.3,0.0,0.0,0.7,neutral,True,устранение последствий атаки на объектах,удар по инфраструктуре -> промышленность,True,batch,439
715,enterprises_count,Число предприятий и организаций,0.0,0.0,0.0,0.0,neutral,False,,,False,batch,439
715,crime_count,Количество преступлений,0.6,-0.5,0.5,0.8,negative,True,атака БПЛА,атака -> crime_count,True,batch,439
715,air_pollution,Выбросы загрязняющих веществ в атмосферный воздух,0.0,0.0,0.0,0.0,neutral,False,,,False,batch,439
715,wastewater_discharge,Сброс загрязненных сточных вод,0.0,0.0,0.0,0.0,neutral,False,,,False,batch,439
715,mortality_rate,Коэффициент смертности на 1000 человек,0.0,0.0,0.0,0.0,neutral,False,,,False,batch,439
715,birth_rate_per_1000,Коэффициент рождаемости на 1000 человек,0.0,0.0,0.0,0.0,neutral,False,,,False,batch,439
717,population_size,Численность населения,0.0,0.0,0.0,0.0,neutral,False,,,False,batch,245
717,divorce_rate,Число зарегистрированных разводов на 1000 населения,0.0,0.0,0.0,0.0,neutral,False,,,False,batch,245
717,marriage_rate,Число зарегистрированных браков на 1000 населения,0.0,0.0,0.0,0.0,neutral,False,,,False,batch,245
717,international_inflow,Число прибывших в страну,0.9,0.0,0.0,0.9,neutral,True,"детей иностранцев, подавших заявки",подача документов на обучение,True,batch,245
717,international_outflow,Число выбывших из страны,0.0,0.0,0.0,0.0,neutral,False,,,False,batch,245
717,internal_arrivals,Число прибытий внутри региона,0.0,0.0,0.0,0.0,neutral,False,,,False,batch,245
717,internal_departures,Число выбытий из региона,0.0,0.0,0.0,0.0,neutral,False,,,False,batch,245
717,infant_mortality,Коэффициент младенческой смертности,0.0,0.0,0.0,0.0,neutral,False,,,False,batch,245
717,life_expectancy,Ожидаемая продолжительность жизни,0.0,0.0,0.0,0.0,neutral,False,,,False,batch,245
717,male_population,Число мужчин,0.0,0.0,0.0,0.0,neutral,False,,,False,batch,245
717,female_population,Число женщин,0.0,0.0,0.0,0.0,neutral,False,,,False,batch,245
717,per_capita_income,Среднедушевые денежные доходы населения,0.0,0.0,0.0,0.0,neutral,False,,,False,batch,245
717,real_income_index,Реальные денежные доходы населения,0.0,0.0,0.0,0.0,neutral,False,,,False,batch,245
717,unemployment_rate,Уровень безработицы,0.0,0.0,0.0,0.0,neutral,False,,,False,batch,245
717,living_wage,Величина прожиточного минимума на душу населения,0.0,0.0,0.0,0.0,neutral,False,,,False,batch,245
717,child_living_wage,Величина прожиточного минимума на ребенка,0.0,0.0,0.0,0.0,neutral,False,,,False,batch,245
717,hospitals,Число больничных организаций,0.0,0.0,0.0,0.0,neutral,False,,,False,batch,245
717,outpatient_clinics,Число амбулаторно-поликлинических организаций,0.0,0.0,0.0,0.0,neutral,False,,,False,batch,245
717,abortions,Число абортов,0.0,0.0,0.0,0.0,neutral,False,,,False,batch,245
717,qualified_doctors,Численность врачей высшей и первой квалификационных категорий,0.0,0.0,0.0,0.0,neutral,False,,,False,batch,245
717,preschool_coverage,Охват детей до 6 лет дошкольным образованием,0.0,0.0,0.0,0.0,neutral,False,,,False,batch,245
717,children_benefits,"Численность детей до 18 лет, на которых назначено пособие",0.0,0.0,0.0,0.0,neutral,False,,,False,batch,245
717,maternity_capital,"Численность лиц, получивших сертификат на материнский капитал",0.0,0.0,0.0,0.0,neutral,False,,,False,batch,245
717,childcare_allowance,Ежемесячное пособие по уходу за первым ребенком,0.0,0.0,0.0,0.0,neutral,False,,,False,batch,245
717,large_families_housing,"Многодетные семьи, улучшившие жилищные условия",0.0,0.0,0.0,0.0,neutral,False,,,False,batch,245
717,housing_area_per_capita,Общая площадь жилья на одного жителя,0.0,0.0,0.0,0.0,neutral,False,,,False,batch,245
717,consumer_price_index,Индексы потребительских цен,0.0,0.0,0.0,0.0,neutral,False,,,False,batch,245
717,primary_housing_price_index,Индексы цен на первичном рынке жилья,0.0,0.0,0.0,0.0,neutral,False,,,False,batch,245
717,secondary_housing_price_index,Индексы цен на вторичном рынке жилья,0.0,0.0,0.0,0.0,neutral,False,,,False,batch,245
717,industrial_production_index,Индексы промышленного производства,0.0,0.0,0.0,0.0,neutral,False,,,False,batch,245
717,enterprises_count,Число предприятий и организаций,0.0,0.0,0.0,0.0,neutral,False,,,False,batch,245
717,crime_count,Количество преступлений,0.0,0.0,0.0,0.0,neutral,False,,,False,batch,245
717,air_pollution,Выбросы загрязняющих веществ в атмосферный воздух,0.0,0.0,0.0,0.0,neutral,False,,,False,batch,245
717,wastewater_discharge,Сброс загрязненных сточных вод,0.0,0.0,0.0,0.0,neutral,False,,,False,batch,245
717,mortality_rate,Коэффициент смертности на 1000 человек,0.0,0.0,0.0,0.0,neutral,False,,,False,batch,245
717,birth_rate_per_1000,Коэффициент рождаемости на 1000 человек,0.0,0.0,0.0,0.0,neutral,False,,,False,batch,245
720,population_size,Численность населения,0.0,0.0,0.0,0.0,neutral,False,,,False,batch,252
720,divorce_rate,Число зарегистрированных разводов на 1000 населения,0.0,0.0,0.0,0.0,neutral,False,,,False,batch,252
720,marriage_rate,Число зарегистрированных браков на 1000 населения,0.0,0.0,0.0,0.0,neutral,False,,,False,batch,252
720,international_inflow,Число прибывших в страну,0.0,0.0,0.0,0.0,neutral,False,,,False,batch,252
720,international_outflow,Число выбывших из страны,0.3,0.0,0.0,0.7,neutral,True,заявление сенатора по санкциям,"заявление о санкциях, не движение людей",True,batch,252
720,internal_arrivals,Число прибытий внутри региона,0.0,0.0,0.0,0.0,neutral,False,,,False,batch,252
720,internal_departures,Число выбытий из региона,0.0,0.0,0.0,0.0,neutral,False,,,False,batch,252
720,infant_mortality,Коэффициент младенческой смертности,0.0,0.0,0.0,0.0,neutral,False,,,False,batch,252
720,life_expectancy,Ожидаемая продолжительность жизни,0.0,0.0,0.0,0.0,neutral,False,,,False,batch,252
720,male_population,Число мужчин,0.0,0.0,0.0,0.0,neutral,False,,,False,batch,252
720,female_population,Число женщин,0.0,0.0,0.0,0.0,neutral,False,,,False,batch,252
720,per_capita_income,Среднедушевые денежные доходы населения,0.0,0.0,0.0,0.0,neutral,False,,,False,batch,252
720,real_income_index,Реальные денежные доходы населения,0.0,0.0,0.0,0.0,neutral,False,,,False,batch,252
720,unemployment_rate,Уровень безработицы,0.0,0.0,0.0,0.0,neutral,False,,,False,batch,252
720,living_wage,Величина прожиточного минимума на душу населения,0.0,0.0,0.0,0.0,neutral,False,,,False,batch,252
720,child_living_wage,Величина прожиточного минимума на ребенка,0.0,0.0,0.0,0.0,neutral,False,,,False,batch,252
720,hospitals,Число больничных организаций,0.0,0.0,0.0,0.0,neutral,False,,,False,batch,252
720,outpatient_clinics,Число амбулаторно-поликлинических организаций,0.0,0.0,0.0,0.0,neutral,False,,,False,batch,252
720,abortions,Число абортов,0.0,0.0,0.0,0.0,neutral,False,,,False,batch,252
720,qualified_doctors,Численность врачей высшей и первой квалификационных категорий,0.0,0.0,0.0,0.0,neutral,False,,,False,batch,252
720,preschool_coverage,Охват детей до 6 лет дошкольным образованием,0.0,0.0,0.0,0.0,neutral,False,,,False,batch,252
720,children_benefits,"Численность детей до 18 лет, на которых назначено пособие",0.0,0.0,0.0,0.0,neutral,False,,,False,batch,252
720,maternity_capital,"Численность лиц, получивших сертификат на материнский капитал",0.0,0.0,0.0,0.0,neutral,False,,,False,batch,252
720,childcare_allowance,Ежемесячное пособие по уходу за первым ребенком,0.0,0.0,0.0,0.0,neutral,False,,,False,batch,252
720,large_families_housing,"Многодетные семьи, улучшившие жилищные условия",0.0,0.0,0.0,0.0,neutral,False,,,False,batch,252
720,housing_area_per_capita,Общая площадь жилья на одного жителя,0.0,0.0,0.0,0.0,neutral,False,,,False,batch,252
720,consumer_price_index,Индексы потребительских цен,0.0,0.0,0.0,0.0,neutral,False,,,False,batch,252
720,primary_housing_price_index,Индексы цен на первичном рынке жилья,0.0,0.0,0.0,0.0,neutral,False,,,False,batch,252
720,secondary_housing_price_index,Индексы цен на вторичном рынке жилья,0.0,0.0,0.0,0.0,neutral,False,,,False,batch,252
720,industrial_production_index,Индексы промышленного производства,0.0,0.0,0.0,0.0,neutral,False,,,False,batch,252
720,enterprises_count,Число предприятий и организаций,0.0,0.0,0.0,0.0,neutral,False,,,False,batch,252
720,crime_count,Количество преступлений,0.0,0.0,0.0,0.0,neutral,False,,,False,batch,252
720,air_pollution,Выбросы загрязняющих веществ в атмосферный воздух,0.0,0.0,0.0,0.0,neutral,False,,,False,batch,252
720,wastewater_discharge,Сброс загрязненных сточных вод,0.0,0.0,0.0,0.0,neutral,False,,,False,batch,252
720,mortality_rate,Коэффициент смертности на 1000 человек,0.0,0.0,0.0,0.0,neutral,False,,,False,batch,252
720,birth_rate_per_1000,Коэффициент рождаемости на 1000 человек,0.0,0.0,0.0,0.0,neutral,False,,,False,batch,252
721,population_size,Численность населения,0.0,0.0,0.0,0.0,neutral,False,,,False,batch,246
721,divorce_rate,Число зарегистрированных разводов на 1000 населения,0.0,0.0,0.0,0.0,neutral,False,,,False,batch,246
721,marriage_rate,Число зарегистрированных браков на 1000 населения,0.0,0.0,0.0,0.0,neutral,False,,,False,batch,246
721,international_inflow,Число прибывших в страну,0.0,0.0,0.0,0.0,neutral,False,,,False,batch,246
721,international_outflow,Число выбывших из страны,0.0,0.0,0.0,0.0,neutral,False,,,False,batch,246
721,internal_arrivals,Число прибытий внутри региона,0.0,0.0,0.0,0.0,neutral,False,,,False,batch,246
721,internal_departures,Число выбытий из региона,0.0,0.0,0.0,0.0,neutral,False,,,False,batch,246
721,infant_mortality,Коэффициент младенческой смертности,0.0,0.0,0.0,0.0,neutral,False,,,False,batch,246
721,life_expectancy,Ожидаемая продолжительность жизни,0.0,0.0,0.0,0.0,neutral,False,,,False,batch,246
721,male_population,Число мужчин,0.0,0.0,0.0,0.0,neutral,False,,,False,batch,246
721,female_population,Число женщин,0.0,0.0,0.0,0.0,neutral,False,,,False,batch,246
721,per_capita_income,Среднедушевые денежные доходы населения,0.0,0.0,0.0,0.0,neutral,False,,,False,batch,246
721,real_income_index,Реальные денежные доходы населения,0.0,0.0,0.0,0.0,neutral,False,,,False,batch,246
721,unemployment_rate,Уровень безработицы,0.0,0.0,0.0,0.0,neutral,False,,,False,batch,246
721,living_wage,Величина прожиточного минимума на душу населения,0.0,0.0,0.0,0.0,neutral,False,,,False,batch,246
721,child_living_wage,Величина прожиточного минимума на ребенка,0.0,0.0,0.0,0.0,neutral,False,,,False,batch,246
721,hospitals,Число больничных организаций,0.0,0.0,0.0,0.0,neutral,False,,,False,batch,246
721,outpatient_clinics,Число амбулаторно-поликлинических организаций,0.0,0.0,0.0,0.0,neutral,False,,,False,batch,246
721,abortions,Число абортов,0.0,0.0,0.0,0.0,neutral,False,,,False,batch,246
721,qualified_doctors,Численность врачей высшей и первой квалификационных категорий,0.0,0.0,0.0,0.0,neutral,False,,,False,batch,246
721,preschool_coverage,Охват детей до 6 лет дошкольным образованием,0.0,0.0,0.0,0.0,neutral,False,,,False,batch,246
721,children_benefits,"Численность детей до 18 лет, на которых назначено пособие",0.0,0.0,0.0,0.0,neutral,False,,,False,batch,246
721,maternity_capital,"Численность лиц, получивших сертификат на материнский капитал",0.0,0.0,0.0,0.0,neutral,False,,,False,batch,246
721,childcare_allowance,Ежемесячное пособие по уходу за первым ребенком,0.0,0.0,0.0,0.0,neutral,False,,,False,batch,246
721,large_families_housing,"Многодетные семьи, улучшившие жилищные условия",0.0,0.0,0.0,0.0,neutral,False,,,False,batch,246
721,housing_area_per_capita,Общая площадь жилья на одного жителя,0.0,0.0,0.0,0.0,neutral,False,,,False,batch,246
721,consumer_price_index,Индексы потребительских цен,0.0,0.0,0.0,0.0,neutral,False,,,False,batch,246
721,primary_housing_price_index,Индексы цен на первичном рынке жилья,0.0,0.0,0.0,0.0,neutral,False,,,False,batch,246
721,secondary_housing_price_index,Индексы цен на вторичном рынке жилья,0.0,0.0,0.0,0.0,neutral,False,,,False,batch,246
721,industrial_production_index,Индексы промышленного производства,0.0,0.0,0.0,0.0,neutral,False,,,False,batch,246
721,enterprises_count,Число предприятий и организаций,0.0,0.0,0.0,0.0,neutral,False,,,False,batch,246
721,crime_count,Количество преступлений,0.3,0.0,0.0,0.5,neutral,True,конфликты между владельцами,конфликты с границами могут вести к конфликтам,True,batch,246
721,air_pollution,Выбросы загрязняющих веществ в атмосферный воздух,0.0,0.0,0.0,0.0,neutral,False,,,False,batch,246
721,wastewater_discharge,Сброс загрязненных сточных вод,0.0,0.0,0.0,0.0,neutral,False,,,False,batch,246
721,mortality_rate,Коэффициент смертности на 1000 человек,0.0,0.0,0.0,0.0,neutral,False,,,False,batch,246
721,birth_rate_per_1000,Коэффициент рождаемости на 1000 человек,0.0,0.0,0.0,0.0,neutral,False,,,False,batch,246
723,population_size,Численность населения,0.0,0.0,0.0,0.0,neutral,False,,,False,batch,240
723,divorce_rate,Число зарегистрированных разводов на 1000 населения,0.0,0.0,0.0,0.0,neutral,False,,,False,batch,240
723,marriage_rate,Число зарегистрированных браков на 1000 населения,0.0,0.0,0.0,0.0,neutral,False,,,False,batch,240
723,international_inflow,Число прибывших в страну,0.0,0.0,0.0,0.0,neutral,False,,,False,batch,240
723,international_outflow,Число выбывших из страны,0.0,0.0,0.0,0.0,neutral,False,,,False,batch,240
723,internal_arrivals,Число прибытий внутри региона,0.0,0.0,0.0,0.0,neutral,False,,,False,batch,240
723,internal_departures,Число выбытий из региона,0.0,0.0,0.0,0.0,neutral,False,,,False,batch,240
723,infant_mortality,Коэффициент младенческой смертности,0.0,0.0,0.0,0.0,neutral,False,,,False,batch,240
723,life_expectancy,Ожидаемая продолжительность жизни,0.0,0.0,0.0,0.0,neutral,False,,,False,batch,240
723,male_population,Число мужчин,0.0,0.0,0.0,0.0,neutral,False,,,False,batch,240
723,female_population,Число женщин,0.0,0.0,0.0,0.0,neutral,False,,,False,batch,240
723,per_capita_income,Среднедушевые денежные доходы населения,0.0,0.0,0.0,0.0,neutral,False,,,False,batch,240
723,real_income_index,Реальные денежные доходы населения,0.0,0.0,0.0,0.0,neutral,False,,,False,batch,240
723,unemployment_rate,Уровень безработицы,0.0,0.0,0.0,0.0,neutral,False,,,False,batch,240
723,living_wage,Величина прожиточного минимума на душу населения,0.0,0.0,0.0,0.0,neutral,False,,,False,batch,240
723,child_living_wage,Величина прожиточного минимума на ребенка,0.0,0.0,0.0,0.0,neutral,False,,,False,batch,240
723,hospitals,Число больничных организаций,0.0,0.0,0.0,0.0,neutral,False,,,False,batch,240
723,outpatient_clinics,Число амбулаторно-поликлинических организаций,0.0,0.0,0.0,0.0,neutral,False,,,False,batch,240
723,abortions,Число абортов,0.0,0.0,0.0,0.0,neutral,False,,,False,batch,240
723,qualified_doctors,Численность врачей высшей и первой квалификационных категорий,0.0,0.0,0.0,0.0,neutral,False,,,False,batch,240
723,preschool_coverage,Охват детей до 6 лет дошкольным образованием,0.0,0.0,0.0,0.0,neutral,False,,,False,batch,240
723,children_benefits,"Численность детей до 18 лет, на которых назначено пособие",0.0,0.0,0.0,0.0,neutral,False,,,False,batch,240
723,maternity_capital,"Численность лиц, получивших сертификат на материнский капитал",0.0,0.0,0.0,0.0,neutral,False,,,False,batch,240
723,childcare_allowance,Ежемесячное пособие по уходу за первым ребенком,0.0,0.0,0.0,0.0,neutral,False,,,False,batch,240
723,large_families_housing,"Многодетные семьи, улучшившие жилищные условия",0.0,0.0,0.0,0.0,neutral,False,,,False,batch,240
723,housing_area_per_capita,Общая площадь жилья на одного жителя,0.0,0.0,0.0,0.0,neutral,False,,,False,batch,240
723,consumer_price_index,Индексы потребительских цен,0.0,0.0,0.0,0.0,neutral,False,,,False,batch,240
723,primary_housing_price_index,Индексы цен на первичном рынке жилья,0.0,0.0,0.0,0.0,neutral,False,,,False,batch,240
723,secondary_housing_price_index,Индексы цен на вторичном рынке жилья,0.0,0.0,0.0,0.0,neutral,False,,,False,batch,240
723,industrial_production_index,Индексы промышленного производства,0.0,0.0,0.0,0.0,neutral,False,,,False,batch,240
723,enterprises_count,Число предприятий и организаций,0.0,0.0,0.0,0.0,neutral,False,,,False,batch,240
723,crime_count,Количество преступлений,0.3,0.0,0.0,0.5,neutral,True,Дела будут рассматривать полицию,административные правонарушения,True,batch,240
723,air_pollution,Выбросы загрязняющих веществ в атмосферный воздух,0.0,0.0,0.0,0.0,neutral,False,,,False,batch,240
723,wastewater_discharge,Сброс загрязненных сточных вод,0.0,0.0,0.0,0.0,neutral,False,,,False,batch,240
723,mortality_rate,Коэффициент смертности на 1000 человек,0.0,0.0,0.0,0.0,neutral,False,,,False,batch,240
723,birth_rate_per_1000,Коэффициент рождаемости на 1000 человек,0.0,0.0,0.0,0.0,neutral,False,,,False,batch,240
727,population_size,Численность населения,0.0,0.0,0.0,0.0,neutral,False,,,False,batch,253
727,divorce_rate,Число зарегистрированных разводов на 1000 населения,0.0,0.0,0.0,0.0,neutral,False,,,False,batch,253
727,marriage_rate,Число зарегистрированных браков на 1000 населения,0.0,0.0,0.0,0.0,neutral,False,,,False,batch,253
727,international_inflow,Число прибывших в страну,0.0,0.0,0.0,0.0,neutral,False,,,False,batch,253
727,international_outflow,Число выбывших из страны,0.0,0.0,0.0,0.0,neutral,False,,,False,batch,253
727,internal_arrivals,Число прибытий внутри региона,0.0,0.0,0.0,0.0,neutral,False,,,False,batch,253
727,internal_departures,Число выбытий из региона,0.0,0.0,0.0,0.0,neutral,False,,,False,batch,253
727,infant_mortality,Коэффициент младенческой смертности,0.0,0.0,0.0,0.0,neutral,False,,,False,batch,253
727,life_expectancy,Ожидаемая продолжительность жизни,0.0,0.0,0.0,0.0,neutral,False,,,False,batch,253
727,male_population,Число мужчин,0.0,0.0,0.0,0.0,neutral,False,,,False,batch,253
727,female_population,Число женщин,0.0,0.0,0.0,0.0,neutral,False,,,False,batch,253
727,per_capita_income,Среднедушевые денежные доходы населения,0.0,0.0,0.0,0.0,neutral,False,,,False,batch,253
727,real_income_index,Реальные денежные доходы населения,0.0,0.0,0.0,0.0,neutral,False,,,False,batch,253
727,unemployment_rate,Уровень безработицы,0.0,0.0,0.0,0.0,neutral,False,,,False,batch,253
727,living_wage,Величина прожиточного минимума на душу населения,0.0,0.0,0.0,0.0,neutral,False,,,False,batch,253
727,child_living_wage,Величина прожиточного минимума на ребенка,0.0,0.0,0.0,0.0,neutral,False,,,False,batch,253
727,hospitals,Число больничных организаций,0.0,0.0,0.0,0.0,neutral,False,,,False,batch,253
727,outpatient_clinics,Число амбулаторно-поликлинических организаций,0.0,0.0,0.0,0.0,neutral,False,,,False,batch,253
727,abortions,Число абортов,0.0,0.0,0.0,0.0,neutral,False,,,False,batch,253
727,qualified_doctors,Численность врачей высшей и первой квалификационных категорий,0.0,0.0,0.0,0.0,neutral,False,,,False,batch,253
727,preschool_coverage,Охват детей до 6 лет дошкольным образованием,0.0,0.0,0.0,0.0,neutral,False,,,False,batch,253
727,children_benefits,"Численность детей до 18 лет, на которых назначено пособие",0.0,0.0,0.0,0.0,neutral,False,,,False,batch,253
727,maternity_capital,"Численность лиц, получивших сертификат на материнский капитал",0.0,0.0,0.0,0.0,neutral,False,,,False,batch,253
727,childcare_allowance,Ежемесячное пособие по уходу за первым ребенком,0.0,0.0,0.0,0.0,neutral,False,,,False,batch,253
727,large_families_housing,"Многодетные семьи, улучшившие жилищные условия",0.0,0.0,0.0,0.0,neutral,False,,,False,batch,253
727,housing_area_per_capita,Общая площадь жилья на одного жителя,0.0,0.0,0.0,0.0,neutral,False,,,False,batch,253
727,consumer_price_index,Индексы потребительских цен,0.0,0.0,0.0,0.0,neutral,False,,,False,batch,253
727,primary_housing_price_index,Индексы цен на первичном рынке жилья,0.0,0.0,0.0,0.0,neutral,False,,,False,batch,253
727,secondary_housing_price_index,Индексы цен на вторичном рынке жилья,0.0,0.0,0.0,0.0,neutral,False,,,False,batch,253
727,industrial_production_index,Индексы промышленного производства,0.3,0.0,0.0,0.7,neutral,True,вкладывать деньги в свою экономику,экономическая политика Венгрии,True,batch,253
727,enterprises_count,Число предприятий и организаций,0.0,0.0,0.0,0.0,neutral,False,,,False,batch,253
727,crime_count,Количество преступлений,0.0,0.0,0.0,0.0,neutral,False,,,False,batch,253
727,air_pollution,Выбросы загрязняющих веществ в атмосферный воздух,0.0,0.0,0.0,0.0,neutral,False,,,False,batch,253
727,wastewater_discharge,Сброс загрязненных сточных вод,0.0,0.0,0.0,0.0,neutral,False,,,False,batch,253
727,mortality_rate,Коэффициент смертности на 1000 человек,0.0,0.0,0.0,0.0,neutral,False,,,False,batch,253
727,birth_rate_per_1000,Коэффициент рождаемости на 1000 человек,0.0,0.0,0.0,0.0,neutral,False,,,False,batch,253
728,population_size,Численность населения,0.0,0.0,0.0,0.0,neutral,False,,,False,batch,273
728,divorce_rate,Число зарегистрированных разводов на 1000 населения,0.0,0.0,0.0,0.0,neutral,False,,,False,batch,273
728,marriage_rate,Число зарегистрированных браков на 1000 населения,0.0,0.0,0.0,0.0,neutral,False,,,False,batch,273
728,international_inflow,Число прибывших в страну,0.0,0.0,0.0,0.0,neutral,False,,,False,batch,273
728,international_outflow,Число выбывших из страны,0.0,0.0,0.0,0.0,neutral,False,,,False,batch,273
728,internal_arrivals,Число прибытий внутри региона,0.0,0.0,0.0,0.0,neutral,False,,,False,batch,273
728,internal_departures,Число выбытий из региона,0.0,0.0,0.0,0.0,neutral,False,,,False,batch,273
728,infant_mortality,Коэффициент младенческой смертности,0.0,0.0,0.0,0.0,neutral,False,,,False,batch,273
728,life_expectancy,Ожидаемая продолжительность жизни,0.0,0.0,0.0,0.0,neutral,False,,,False,batch,273
728,male_population,Число мужчин,0.0,0.0,0.0,0.0,neutral,False,,,False,batch,273
728,female_population,Число женщин,0.0,0.0,0.0,0.0,neutral,False,,,False,batch,273
728,per_capita_income,Среднедушевые денежные доходы населения,0.0,0.0,0.0,0.0,neutral,False,,,False,batch,273
728,real_income_index,Реальные денежные доходы населения,0.0,0.0,0.0,0.0,neutral,False,,,False,batch,273
728,unemployment_rate,Уровень безработицы,0.0,0.0,0.0,0.0,neutral,False,,,False,batch,273
728,living_wage,Величина прожиточного минимума на душу населения,0.0,0.0,0.0,0.0,neutral,False,,,False,batch,273
728,child_living_wage,Величина прожиточного минимума на ребенка,0.0,0.0,0.0,0.0,neutral,False,,,False,batch,273
728,hospitals,Число больничных организаций,0.0,0.0,0.0,0.0,neutral,False,,,False,batch,273
728,outpatient_clinics,Число амбулаторно-поликлинических организаций,0.0,0.0,0.0,0.0,neutral,False,,,False,batch,273
728,abortions,Число абортов,0.0,0.0,0.0,0.0,neutral,False,,,False,batch,273
728,qualified_doctors,Численность врачей высшей и первой квалификационных категорий,0.0,0.0,0.0,0.0,neutral,False,,,False,batch,273
728,preschool_coverage,Охват детей до 6 лет дошкольным образованием,0.0,0.0,0.0,0.0,neutral,False,,,False,batch,273
728,children_benefits,"Численность детей до 18 лет, на которых назначено пособие",0.0,0.0,0.0,0.0,neutral,False,,,False,batch,273
728,maternity_capital,"Численность лиц, получивших сертификат на материнский капитал",0.0,0.0,0.0,0.0,neutral,False,,,False,batch,273
728,childcare_allowance,Ежемесячное пособие по уходу за первым ребенком,0.0,0.0,0.0,0.0,neutral,False,,,False,batch,273
728,large_families_housing,"Многодетные семьи, улучшившие жилищные условия",0.0,0.0,0.0,0.0,neutral,False,,,False,batch,273
728,housing_area_per_capita,Общая площадь жилья на одного жителя,0.0,0.0,0.0,0.0,neutral,False,,,False,batch,273
728,consumer_price_index,Индексы потребительских цен,0.0,0.0,0.0,0.0,neutral,False,,,False,batch,273
728,primary_housing_price_index,Индексы цен на первичном рынке жилья,0.0,0.0,0.0,0.0,neutral,False,,,False,batch,273
728,secondary_housing_price_index,Индексы цен на вторичном рынке жилья,0.0,0.0,0.0,0.0,neutral,False,,,False,batch,273
728,industrial_production_index,Индексы промышленного производства,0.3,0.0,0.0,0.7,neutral,True,Ограничения на прием и выпуск воздушных судов сняты,связь с авиационной деятельностью,True,batch,273
728,enterprises_count,Число предприятий и организаций,0.0,0.0,0.0,0.0,neutral,False,,,False,batch,273
728,crime_count,Количество преступлений,0.0,0.0,0.0,0.0,neutral,False,,,False,batch,273
728,air_pollution,Выбросы загрязняющих веществ в атмосферный воздух,0.0,0.0,0.0,0.0,neutral,False,,,False,batch,273
728,wastewater_discharge,Сброс загрязненных сточных вод,0.0,0.0,0.0,0.0,neutral,False,,,False,batch,273
728,mortality_rate,Коэффициент смертности на 1000 человек,0.0,0.0,0.0,0.0,neutral,False,,,False,batch,273
728,birth_rate_per_1000,Коэффициент рождаемости на 1000 человек,0.0,0.0,0.0,0.0,neutral,False,,,False,batch,273
749,population_size,Численность населения,0.0,0.0,0.0,0.0,neutral,False,,,False,batch,267
749,divorce_rate,Число зарегистрированных разводов на 1000 населения,0.0,0.0,0.0,0.0,neutral,False,,,False,batch,267
749,marriage_rate,Число зарегистрированных браков на 1000 населения,0.0,0.0,0.0,0.0,neutral,False,,,False,batch,267
749,international_inflow,Число прибывших в страну,0.0,0.0,0.0,0.0,neutral,False,,,False,batch,267
749,international_outflow,Число выбывших из страны,0.0,0.0,0.0,0.0,neutral,False,,,False,batch,267
749,internal_arrivals,Число прибытий внутри региона,0.0,0.0,0.0,0.0,neutral,False,,,False,batch,267
749,internal_departures,Число выбытий из региона,0.0,0.0,0.0,0.0,neutral,False,,,False,batch,267
749,infant_mortality,Коэффициент младенческой смертности,0.0,0.0,0.0,0.0,neutral,False,,,False,batch,267
749,life_expectancy,Ожидаемая продолжительность жизни,0.0,0.0,0.0,0.0,neutral,False,,,False,batch,267
749,male_population,Число мужчин,0.0,0.0,0.0,0.0,neutral,False,,,False,batch,267
749,female_population,Число женщин,0.0,0.0,0.0,0.0,neutral,False,,,False,batch,267
749,per_capita_income,Среднедушевые денежные доходы населения,0.0,0.0,0.0,0.0,neutral,False,,,False,batch,267
749,real_income_index,Реальные денежные доходы населения,0.0,0.0,0.0,0.0,neutral,False,,,False,batch,267
749,unemployment_rate,Уровень безработицы,0.0,0.0,0.0,0.0,neutral,False,,,False,batch,267
749,living_wage,Величина прожиточного минимума на душу населения,0.0,0.0,0.0,0.0,neutral,False,,,False,batch,267
749,child_living_wage,Величина прожиточного минимума на ребенка,0.0,0.0,0.0,0.0,neutral,False,,,False,batch,267
749,hospitals,Число больничных организаций,0.0,0.0,0.0,0.0,neutral,False,,,False,batch,267
749,outpatient_clinics,Число амбулаторно-поликлинических организаций,0.0,0.0,0.0,0.0,neutral,False,,,False,batch,267
749,abortions,Число абортов,0.0,0.0,0.0,0.0,neutral,False,,,False,batch,267
749,qualified_doctors,Численность врачей высшей и первой квалификационных категорий,0.0,0.0,0.0,0.0,neutral,False,,,False,batch,267
749,preschool_coverage,Охват детей до 6 лет дошкольным образованием,0.0,0.0,0.0,0.0,neutral,False,,,False,batch,267
749,children_benefits,"Численность детей до 18 лет, на которых назначено пособие",0.0,0.0,0.0,0.0,neutral,False,,,False,batch,267
749,maternity_capital,"Численность лиц, получивших сертификат на материнский капитал",0.0,0.0,0.0,0.0,neutral,False,,,False,batch,267
749,childcare_allowance,Ежемесячное пособие по уходу за первым ребенком,0.0,0.0,0.0,0.0,neutral,False,,,False,batch,267
749,large_families_housing,"Многодетные семьи, улучшившие жилищные условия",0.0,0.0,0.0,0.0,neutral,False,,,False,batch,267
749,housing_area_per_capita,Общая площадь жилья на одного жителя,0.0,0.0,0.0,0.0,neutral,False,,,False,batch,267
749,consumer_price_index,Индексы потребительских цен,0.0,0.0,0.0,0.0,neutral,False,,,False,batch,267
749,primary_housing_price_index,Индексы цен на первичном рынке жилья,0.0,0.0,0.0,0.0,neutral,False,,,False,batch,267
749,secondary_housing_price_index,Индексы цен на вторичном рынке жилья,0.0,0.0,0.0,0.0,neutral,False,,,False,batch,267
749,industrial_production_index,Индексы промышленного производства,0.9,0.1,0.2,0.9,neutral,True,производственные мощности ОПК загружены по максимуму,загрузка мощностей ОПК,True,batch,267
749,enterprises_count,Число предприятий и организаций,0.0,0.0,0.0,0.0,neutral,False,,,False,batch,267
749,crime_count,Количество преступлений,0.0,0.0,0.0,0.0,neutral,False,,,False,batch,267
749,air_pollution,Выбросы загрязняющих веществ в атмосферный воздух,0.0,0.0,0.0,0.0,neutral,False,,,False,batch,267
749,wastewater_discharge,Сброс загрязненных сточных вод,0.0,0.0,0.0,0.0,neutral,False,,,False,batch,267
749,mortality_rate,Коэффициент смертности на 1000 человек,0.0,0.0,0.0,0.0,neutral,False,,,False,batch,267
749,birth_rate_per_1000,Коэффициент рождаемости на 1000 человек,0.0,0.0,0.0,0.0,neutral,False,,,False,batch,267
753,population_size,Численность населения,0.0,0.0,0.0,0.0,neutral,False,,,False,batch,241
753,divorce_rate,Число зарегистрированных разводов на 1000 населения,0.0,0.0,0.0,0.0,neutral,False,,,False,batch,241
753,marriage_rate,Число зарегистрированных браков на 1000 населения,0.0,0.0,0.0,0.0,neutral,False,,,False,batch,241
753,international_inflow,Число прибывших в страну,0.0,0.0,0.0,0.0,neutral,False,,,False,batch,241
753,international_outflow,Число выбывших из страны,0.0,0.0,0.0,0.0,neutral,False,,,False,batch,241
753,internal_arrivals,Число прибытий внутри региона,0.0,0.0,0.0,0.0,neutral,False,,,False,batch,241
753,internal_departures,Число выбытий из региона,0.0,0.0,0.0,0.0,neutral,False,,,False,batch,241
753,infant_mortality,Коэффициент младенческой смертности,0.0,0.0,0.0,0.0,neutral,False,,,False,batch,241
753,life_expectancy,Ожидаемая продолжительность жизни,0.0,0.0,0.0,0.0,neutral,False,,,False,batch,241
753,male_population,Число мужчин,0.0,0.0,0.0,0.0,neutral,False,,,False,batch,241
753,female_population,Число женщин,0.0,0.0,0.0,0.0,neutral,False,,,False,batch,241
753,per_capita_income,Среднедушевые денежные доходы населения,0.0,0.0,0.0,0.0,neutral,False,,,False,batch,241
753,real_income_index,Реальные денежные доходы населения,0.0,0.0,0.0,0.0,neutral,False,,,False,batch,241
753,unemployment_rate,Уровень безработицы,0.0,0.0,0.0,0.0,neutral,False,,,False,batch,241
753,living_wage,Величина прожиточного минимума на душу населения,0.0,0.0,0.0,0.0,neutral,False,,,False,batch,241
753,child_living_wage,Величина прожиточного минимума на ребенка,0.0,0.0,0.0,0.0,neutral,False,,,False,batch,241
753,hospitals,Число больничных организаций,0.0,0.0,0.0,0.0,neutral,False,,,False,batch,241
753,outpatient_clinics,Число амбулаторно-поликлинических организаций,0.0,0.0,0.0,0.0,neutral,False,,,False,batch,241
753,abortions,Число абортов,0.0,0.0,0.0,0.0,neutral,False,,,False,batch,241
753,qualified_doctors,Численность врачей высшей и первой квалификационных категорий,0.0,0.0,0.0,0.0,neutral,False,,,False,batch,241
753,preschool_coverage,Охват детей до 6 лет дошкольным образованием,0.0,0.0,0.0,0.0,neutral,False,,,False,batch,241
753,children_benefits,"Численность детей до 18 лет, на которых назначено пособие",0.0,0.0,0.0,0.0,neutral,False,,,False,batch,241
753,maternity_capital,"Численность лиц, получивших сертификат на материнский капитал",0.0,0.0,0.0,0.0,neutral,False,,,False,batch,241
753,childcare_allowance,Ежемесячное пособие по уходу за первым ребенком,0.0,0.0,0.0,0.0,neutral,False,,,False,batch,241
753,large_families_housing,"Многодетные семьи, улучшившие жилищные условия",0.0,0.0,0.0,0.0,neutral,False,,,False,batch,241
753,housing_area_per_capita,Общая площадь жилья на одного жителя,0.0,0.0,0.0,0.0,neutral,False,,,False,batch,241
753,consumer_price_index,Индексы потребительских цен,0.0,0.0,0.0,0.0,neutral,False,,,False,batch,241
753,primary_housing_price_index,Индексы цен на первичном рынке жилья,0.0,0.0,0.0,0.0,neutral,False,,,False,batch,241
753,secondary_housing_price_index,Индексы цен на вторичном рынке жилья,0.0,0.0,0.0,0.0,neutral,False,,,False,batch,241
753,industrial_production_index,Индексы промышленного производства,0.6,0.0,0.0,0.8,neutral,True,закупки российской нефти,"энергоносители, торговля",True,batch,241
753,enterprises_count,Число предприятий и организаций,0.0,0.0,0.0,0.0,neutral,False,,,False,batch,241
753,crime_count,Количество преступлений,0.0,0.0,0.0,0.0,neutral,False,,,False,batch,241
753,air_pollution,Выбросы загрязняющих веществ в атмосферный воздух,0.0,0.0,0.0,0.0,neutral,False,,,False,batch,241
753,wastewater_discharge,Сброс загрязненных сточных вод,0.0,0.0,0.0,0.0,neutral,False,,,False,batch,241
753,mortality_rate,Коэффициент смертности на 1000 человек,0.0,0.0,0.0,0.0,neutral,False,,,False,batch,241
753,birth_rate_per_1000,Коэффициент рождаемости на 1000 человек,0.0,0.0,0.0,0.0,neutral,False,,,False,batch,241
755,population_size,Численность населения,0.0,0.0,0.0,0.0,neutral,False,,,False,batch,280
755,divorce_rate,Число зарегистрированных разводов на 1000 населения,0.0,0.0,0.0,0.0,neutral,False,,,False,batch,280
755,marriage_rate,Число зарегистрированных браков на 1000 населения,0.0,0.0,0.0,0.0,neutral,False,,,False,batch,280
755,international_inflow,Число прибывших в страну,0.0,0.0,0.0,0.0,neutral,False,,,False,batch,280
755,international_outflow,Число выбывших из страны,0.0,0.0,0.0,0.0,neutral,False,,,False,batch,280
755,internal_arrivals,Число прибытий внутри региона,0.0,0.0,0.0,0.0,neutral,False,,,False,batch,280
755,internal_departures,Число выбытий из региона,0.0,0.0,0.0,0.0,neutral,False,,,False,batch,280
755,infant_mortality,Коэффициент младенческой смертности,0.0,0.0,0.0,0.0,neutral,False,,,False,batch,280
755,life_expectancy,Ожидаемая продолжительность жизни,0.0,0.0,0.0,0.0,neutral,False,,,False,batch,280
755,male_population,Число мужчин,0.0,0.0,0.0,0.0,neutral,False,,,False,batch,280
755,female_population,Число женщин,0.0,0.0,0.0,0.0,neutral,False,,,False,batch,280
755,per_capita_income,Среднедушевые денежные доходы населения,0.0,0.0,0.0,0.0,neutral,False,,,False,batch,280
755,real_income_index,Реальные денежные доходы населения,0.0,0.0,0.0,0.0,neutral,False,,,False,batch,280
755,unemployment_rate,Уровень безработицы,0.0,0.0,0.0,0.0,neutral,False,,,False,batch,280
755,living_wage,Величина прожиточного минимума на душу населения,0.0,0.0,0.0,0.0,neutral,False,,,False,batch,280
755,child_living_wage,Величина прожиточного минимума на ребенка,0.0,0.0,0.0,0.0,neutral,False,,,False,batch,280
755,hospitals,Число больничных организаций,0.0,0.0,0.0,0.0,neutral,False,,,False,batch,280
755,outpatient_clinics,Число амбулаторно-поликлинических организаций,0.0,0.0,0.0,0.0,neutral,False,,,False,batch,280
755,abortions,Число абортов,0.0,0.0,0.0,0.0,neutral,False,,,False,batch,280
755,qualified_doctors,Численность врачей высшей и первой квалификационных категорий,0.0,0.0,0.0,0.0,neutral,False,,,False,batch,280
755,preschool_coverage,Охват детей до 6 лет дошкольным образованием,0.0,0.0,0.0,0.0,neutral,False,,,False,batch,280
755,children_benefits,"Численность детей до 18 лет, на которых назначено пособие",0.0,0.0,0.0,0.0,neutral,False,,,False,batch,280
755,maternity_capital,"Численность лиц, получивших сертификат на материнский капитал",0.0,0.0,0.0,0.0,neutral,False,,,False,batch,280
755,childcare_allowance,Ежемесячное пособие по уходу за первым ребенком,0.0,0.0,0.0,0.0,neutral,False,,,False,batch,280
755,large_families_housing,"Многодетные семьи, улучшившие жилищные условия",0.0,0.0,0.0,0.0,neutral,False,,,False,batch,280
755,housing_area_per_capita,Общая площадь жилья на одного жителя,0.0,0.0,0.0,0.0,neutral,False,,,False,batch,280
755,consumer_price_index,Индексы потребительских цен,0.0,0.0,0.0,0.0,neutral,False,,,False,batch,280
755,primary_housing_price_index,Индексы цен на первичном рынке жилья,0.0,0.0,0.0,0.0,neutral,False,,,False,batch,280
755,secondary_housing_price_index,Индексы цен на вторичном рынке жилья,0.0,0.0,0.0,0.0,neutral,False,,,False,batch,280
755,industrial_production_index,Индексы промышленного производства,0.3,0.0,0.0,0.7,neutral,True,МосБиржа изменит время клиринга,Изменение расписания биржи может влиять на торговые объемы,True,batch,280
755,enterprises_count,Число предприятий и организаций,0.0,0.0,0.0,0.0,neutral,False,,,False,batch,280
755,crime_count,Количество преступлений,0.0,0.0,0.0,0.0,neutral,False,,,False,batch,280
755,air_pollution,Выбросы загрязняющих веществ в атмосферный воздух,0.0,0.0,0.0,0.0,neutral,False,,,False,batch,280
755,wastewater_discharge,Сброс загрязненных сточных вод,0.0,0.0,0.0,0.0,neutral,False,,,False,batch,280
755,mortality_rate,Коэффициент смертности на 1000 человек,0.0,0.0,0.0,0.0,neutral,False,,,False,batch,280
755,birth_rate_per_1000,Коэффициент рождаемости на 1000 человек,0.0,0.0,0.0,0.0,neutral,False,,,False,batch,280
757,population_size,Численность населения,0.0,0.0,0.0,0.0,neutral,False,,,False,batch,223
757,divorce_rate,Число зарегистрированных разводов на 1000 населения,0.0,0.0,0.0,0.0,neutral,False,,,False,batch,223
757,marriage_rate,Число зарегистрированных браков на 1000 населения,0.0,0.0,0.0,0.0,neutral,False,,,False,batch,223
757,international_inflow,Число прибывших в страну,0.0,0.0,0.0,0.0,neutral,False,,,False,batch,223
757,international_outflow,Число выбывших из страны,0.0,0.0,0.0,0.0,neutral,False,,,False,batch,223
757,internal_arrivals,Число прибытий внутри региона,0.0,0.0,0.0,0.0,neutral,False,,,False,batch,223
757,internal_departures,Число выбытий из региона,0.0,0.0,0.0,0.0,neutral,False,,,False,batch,223
757,infant_mortality,Коэффициент младенческой смертности,0.0,0.0,0.0,0.0,neutral,False,,,False,batch,223
757,life_expectancy,Ожидаемая продолжительность жизни,0.0,0.0,0.0,0.0,neutral,False,,,False,batch,223
757,male_population,Число мужчин,0.0,0.0,0.0,0.0,neutral,False,,,False,batch,223
757,female_population,Число женщин,0.0,0.0,0.0,0.0,neutral,False,,,False,batch,223
757,per_capita_income,Среднедушевые денежные доходы населения,0.0,0.0,0.0,0.0,neutral,False,,,False,batch,223
757,real_income_index,Реальные денежные доходы населения,0.0,0.0,0.0,0.0,neutral,False,,,False,batch,223
757,unemployment_rate,Уровень безработицы,0.0,0.0,0.0,0.0,neutral,False,,,False,batch,223
757,living_wage,Величина прожиточного минимума на душу населения,0.0,0.0,0.0,0.0,neutral,False,,,False,batch,223
757,child_living_wage,Величина прожиточного минимума на ребенка,0.0,0.0,0.0,0.0,neutral,False,,,False,batch,223
757,hospitals,Число больничных организаций,0.0,0.0,0.0,0.0,neutral,False,,,False,batch,223
757,outpatient_clinics,Число амбулаторно-поликлинических организаций,0.0,0.0,0.0,0.0,neutral,False,,,False,batch,223
757,abortions,Число абортов,0.0,0.0,0.0,0.0,neutral,False,,,False,batch,223
757,qualified_doctors,Численность врачей высшей и первой квалификационных категорий,0.0,0.0,0.0,0.0,neutral,False,,,False,batch,223
757,preschool_coverage,Охват детей до 6 лет дошкольным образованием,0.0,0.0,0.0,0.0,neutral,False,,,False,batch,223
757,children_benefits,"Численность детей до 18 лет, на которых назначено пособие",0.0,0.0,0.0,0.0,neutral,False,,,False,batch,223
757,maternity_capital,"Численность лиц, получивших сертификат на материнский капитал",0.0,0.0,0.0,0.0,neutral,False,,,False,batch,223
757,childcare_allowance,Ежемесячное пособие по уходу за первым ребенком,0.0,0.0,0.0,0.0,neutral,False,,,False,batch,223
757,large_families_housing,"Многодетные семьи, улучшившие жилищные условия",0.0,0.0,0.0,0.0,neutral,False,,,False,batch,223
757,housing_area_per_capita,Общая площадь жилья на одного жителя,0.0,0.0,0.0,0.0,neutral,False,,,False,batch,223
757,consumer_price_index,Индексы потребительских цен,0.0,0.0,0.0,0.0,neutral,False,,,False,batch,223
757,primary_housing_price_index,Индексы цен на первичном рынке жилья,0.0,0.0,0.0,0.0,neutral,False,,,False,batch,223
757,secondary_housing_price_index,Индексы цен на вторичном рынке жилья,0.0,0.0,0.0,0.0,neutral,False,,,False,batch,223
757,industrial_production_index,Индексы промышленного производства,0.0,0.0,0.0,0.0,neutral,False,,,False,batch,223
757,enterprises_count,Число предприятий и организаций,0.0,0.0,0.0,0.0,neutral,False,,,False,batch,223
757,crime_count,Количество преступлений,0.6,-0.5,0.5,0.8,negative,True,БПЛА атаковал автомобиль,атака -> crime_count,True,batch,223
757,air_pollution,Выбросы загрязняющих веществ в атмосферный воздух,0.0,0.0,0.0,0.0,neutral,False,,,False,batch,223
757,wastewater_discharge,Сброс загрязненных сточных вод,0.0,0.0,0.0,0.0,neutral,False,,,False,batch,223
757,mortality_rate,Коэффициент смертности на 1000 человек,0.0,0.0,0.0,0.0,neutral,False,,,False,batch,223
757,birth_rate_per_1000,Коэффициент рождаемости на 1000 человек,0.0,0.0,0.0,0.0,neutral,False,,,False,batch,223
769,population_size,Численность населения,0.0,0.0,0.0,0.0,neutral,False,,,False,batch,247
769,divorce_rate,Число зарегистрированных разводов на 1000 населения,0.0,0.0,0.0,0.0,neutral,False,,,False,batch,247
769,marriage_rate,Число зарегистрированных браков на 1000 населения,0.0,0.0,0.0,0.0,neutral,False,,,False,batch,247
769,international_inflow,Число прибывших в страну,0.0,0.0,0.0,0.0,neutral,False,,,False,batch,247
769,international_outflow,Число выбывших из страны,0.0,0.0,0.0,0.0,neutral,False,,,False,batch,247
769,internal_arrivals,Число прибытий внутри региона,0.0,0.0,0.0,0.0,neutral,False,,,False,batch,247
769,internal_departures,Число выбытий из региона,0.0,0.0,0.0,0.0,neutral,False,,,False,batch,247
769,infant_mortality,Коэффициент младенческой смертности,0.0,0.0,0.0,0.0,neutral,False,,,False,batch,247
769,life_expectancy,Ожидаемая продолжительность жизни,0.0,0.0,0.0,0.0,neutral,False,,,False,batch,247
769,male_population,Число мужчин,0.0,0.0,0.0,0.0,neutral,False,,,False,batch,247
769,female_population,Число женщин,0.0,0.0,0.0,0.0,neutral,False,,,False,batch,247
769,per_capita_income,Среднедушевые денежные доходы населения,0.0,0.0,0.0,0.0,neutral,False,,,False,batch,247
769,real_income_index,Реальные денежные доходы населения,0.0,0.0,0.0,0.0,neutral,False,,,False,batch,247
769,unemployment_rate,Уровень безработицы,0.0,0.0,0.0,0.0,neutral,False,,,False,batch,247
769,living_wage,Величина прожиточного минимума на душу населения,0.0,0.0,0.0,0.0,neutral,False,,,False,batch,247
769,child_living_wage,Величина прожиточного минимума на ребенка,0.0,0.0,0.0,0.0,neutral,False,,,False,batch,247
769,hospitals,Число больничных организаций,0.0,0.0,0.0,0.0,neutral,False,,,False,batch,247
769,outpatient_clinics,Число амбулаторно-поликлинических организаций,0.0,0.0,0.0,0.0,neutral,False,,,False,batch,247
769,abortions,Число абортов,0.0,0.0,0.0,0.0,neutral,False,,,False,batch,247
769,qualified_doctors,Численность врачей высшей и первой квалификационных категорий,0.0,0.0,0.0,0.0,neutral,False,,,False,batch,247
769,preschool_coverage,Охват детей до 6 лет дошкольным образованием,0.0,0.0,0.0,0.0,neutral,False,,,False,batch,247
769,children_benefits,"Численность детей до 18 лет, на которых назначено пособие",0.0,0.0,0.0,0.0,neutral,False,,,False,batch,247
769,maternity_capital,"Численность лиц, получивших сертификат на материнский капитал",0.0,0.0,0.0,0.0,neutral,False,,,False,batch,247
769,childcare_allowance,Ежемесячное пособие по уходу за первым ребенком,0.0,0.0,0.0,0.0,neutral,False,,,False,batch,247
769,large_families_housing,"Многодетные семьи, улучшившие жилищные условия",0.0,0.0,0.0,0.0,neutral,False,,,False,batch,247
769,housing_area_per_capita,Общая площадь жилья на одного жителя,0.0,0.0,0.0,0.0,neutral,False,,,False,batch,247
769,consumer_price_index,Индексы потребительских цен,0.0,0.0,0.0,0.0,neutral,False,,,False,batch,247
769,primary_housing_price_index,Индексы цен на первичном рынке жилья,0.0,0.0,0.0,0.0,neutral,False,,,False,batch,247
769,secondary_housing_price_index,Индексы цен на вторичном рынке жилья,0.0,0.0,0.0,0.0,neutral,False,,,False,batch,247
769,industrial_production_index,Индексы промышленного производства,0.9,0.1,0.1,0.9,neutral,True,СИБУР ищет IPO,Компания ищет публичное размещение акций,True,batch,247
769,enterprises_count,Число предприятий и организаций,0.0,0.0,0.0,0.0,neutral,False,,,False,batch,247
769,crime_count,Количество преступлений,0.0,0.0,0.0,0.0,neutral,False,,,False,batch,247
769,air_pollution,Выбросы загрязняющих веществ в атмосферный воздух,0.0,0.0,0.0,0.0,neutral,False,,,False,batch,247
769,wastewater_discharge,Сброс загрязненных сточных вод,0.0,0.0,0.0,0.0,neutral,False,,,False,batch,247
769,mortality_rate,Коэффициент смертности на 1000 человек,0.0,0.0,0.0,0.0,neutral,False,,,False,batch,247
769,birth_rate_per_1000,Коэффициент рождаемости на 1000 человек,0.0,0.0,0.0,0.0,neutral,False,,,False,batch,247
771,population_size,Численность населения,0.0,0.0,0.0,0.0,neutral,False,,,False,batch,261
771,divorce_rate,Число зарегистрированных разводов на 1000 населения,0.0,0.0,0.0,0.0,neutral,False,,,False,batch,261
771,marriage_rate,Число зарегистрированных браков на 1000 населения,0.0,0.0,0.0,0.0,neutral,False,,,False,batch,261
771,international_inflow,Число прибывших в страну,0.9,0.3,0.2,0.9,positive,True,разрешен заход иностранных туристских судов,расширение доступа для туристов,True,batch,261
771,international_outflow,Число выбывших из страны,0.0,0.0,0.0,0.0,neutral,False,,,False,batch,261
771,internal_arrivals,Число прибытий внутри региона,0.0,0.0,0.0,0.0,neutral,False,,,False,batch,261
771,internal_departures,Число выбытий из региона,0.0,0.0,0.0,0.0,neutral,False,,,False,batch,261
771,infant_mortality,Коэффициент младенческой смертности,0.0,0.0,0.0,0.0,neutral,False,,,False,batch,261
771,life_expectancy,Ожидаемая продолжительность жизни,0.0,0.0,0.0,0.0,neutral,False,,,False,batch,261
771,male_population,Число мужчин,0.0,0.0,0.0,0.0,neutral,False,,,False,batch,261
771,female_population,Число женщин,0.0,0.0,0.0,0.0,neutral,False,,,False,batch,261
771,per_capita_income,Среднедушевые денежные доходы населения,0.0,0.0,0.0,0.0,neutral,False,,,False,batch,261
771,real_income_index,Реальные денежные доходы населения,0.0,0.0,0.0,0.0,neutral,False,,,False,batch,261
771,unemployment_rate,Уровень безработицы,0.0,0.0,0.0,0.0,neutral,False,,,False,batch,261
771,living_wage,Величина прожиточного минимума на душу населения,0.0,0.0,0.0,0.0,neutral,False,,,False,batch,261
771,child_living_wage,Величина прожиточного минимума на ребенка,0.0,0.0,0.0,0.0,neutral,False,,,False,batch,261
771,hospitals,Число больничных организаций,0.0,0.0,0.0,0.0,neutral,False,,,False,batch,261
771,outpatient_clinics,Число амбулаторно-поликлинических организаций,0.0,0.0,0.0,0.0,neutral,False,,,False,batch,261
771,abortions,Число абортов,0.0,0.0,0.0,0.0,neutral,False,,,False,batch,261
771,qualified_doctors,Численность врачей высшей и первой квалификационных категорий,0.0,0.0,0.0,0.0,neutral,False,,,False,batch,261
771,preschool_coverage,Охват детей до 6 лет дошкольным образованием,0.0,0.0,0.0,0.0,neutral,False,,,False,batch,261
771,children_benefits,"Численность детей до 18 лет, на которых назначено пособие",0.0,0.0,0.0,0.0,neutral,False,,,False,batch,261
771,maternity_capital,"Численность лиц, получивших сертификат на материнский капитал",0.0,0.0,0.0,0.0,neutral,False,,,False,batch,261
771,childcare_allowance,Ежемесячное пособие по уходу за первым ребенком,0.0,0.0,0.0,0.0,neutral,False,,,False,batch,261
771,large_families_housing,"Многодетные семьи, улучшившие жилищные условия",0.0,0.0,0.0,0.0,neutral,False,,,False,batch,261
771,housing_area_per_capita,Общая площадь жилья на одного жителя,0.0,0.0,0.0,0.0,neutral,False,,,False,batch,261
771,consumer_price_index,Индексы потребительских цен,0.0,0.0,0.0,0.0,neutral,False,,,False,batch,261
771,primary_housing_price_index,Индексы цен на первичном рынке жилья,0.0,0.0,0.0,0.0,neutral,False,,,False,batch,261
771,secondary_housing_price_index,Индексы цен на вторичном рынке жилья,0.0,0.0,0.0,0.0,neutral,False,,,False,batch,261
771,industrial_production_index,Индексы промышленного производства,0.0,0.0,0.0,0.0,neutral,False,,,False,batch,261
771,enterprises_count,Число предприятий и организаций,0.0,0.0,0.0,0.0,neutral,False,,,False,batch,261
771,crime_count,Количество преступлений,0.0,0.0,0.0,0.0,neutral,False,,,False,batch,261
771,air_pollution,Выбросы загрязняющих веществ в атмосферный воздух,0.0,0.0,0.0,0.0,neutral,False,,,False,batch,261
771,wastewater_discharge,Сброс загрязненных сточных вод,0.0,0.0,0.0,0.0,neutral,False,,,False,batch,261
771,mortality_rate,Коэффициент смертности на 1000 человек,0.0,0.0,0.0,0.0,neutral,False,,,False,batch,261
771,birth_rate_per_1000,Коэффициент рождаемости на 1000 человек,0.0,0.0,0.0,0.0,neutral,False,,,False,batch,261
774,population_size,Численность населения,0.0,0.0,0.0,0.0,neutral,False,,,False,batch,266
774,divorce_rate,Число зарегистрированных разводов на 1000 населения,0.0,0.0,0.0,0.0,neutral,False,,,False,batch,266
774,marriage_rate,Число зарегистрированных браков на 1000 населения,0.0,0.0,0.0,0.0,neutral,False,,,False,batch,266
774,international_inflow,Число прибывших в страну,0.0,0.0,0.0,0.0,neutral,False,,,False,batch,266
774,international_outflow,Число выбывших из страны,0.0,0.0,0.0,0.0,neutral,False,,,False,batch,266
774,internal_arrivals,Число прибытий внутри региона,0.0,0.0,0.0,0.0,neutral,False,,,False,batch,266
774,internal_departures,Число выбытий из региона,0.0,0.0,0.0,0.0,neutral,False,,,False,batch,266
774,infant_mortality,Коэффициент младенческой смертности,0.0,0.0,0.0,0.0,neutral,False,,,False,batch,266
774,life_expectancy,Ожидаемая продолжительность жизни,0.0,0.0,0.0,0.0,neutral,False,,,False,batch,266
774,male_population,Число мужчин,0.0,0.0,0.0,0.0,neutral,False,,,False,batch,266
774,female_population,Число женщин,0.0,0.0,0.0,0.0,neutral,False,,,False,batch,266
774,per_capita_income,Среднедушевые денежные доходы населения,0.0,0.0,0.0,0.0,neutral,False,,,False,batch,266
774,real_income_index,Реальные денежные доходы населения,0.0,0.0,0.0,0.0,neutral,False,,,False,batch,266
774,unemployment_rate,Уровень безработицы,0.0,0.0,0.0,0.0,neutral,False,,,False,batch,266
774,living_wage,Величина прожиточного минимума на душу населения,0.0,0.0,0.0,0.0,neutral,False,,,False,batch,266
774,child_living_wage,Величина прожиточного минимума на ребенка,0.0,0.0,0.0,0.0,neutral,False,,,False,batch,266
774,hospitals,Число больничных организаций,0.0,0.0,0.0,0.0,neutral,False,,,False,batch,266
774,outpatient_clinics,Число амбулаторно-поликлинических организаций,0.0,0.0,0.0,0.0,neutral,False,,,False,batch,266
774,abortions,Число абортов,0.0,0.0,0.0,0.0,neutral,False,,,False,batch,266
774,qualified_doctors,Численность врачей высшей и первой квалификационных категорий,0.0,0.0,0.0,0.0,neutral,False,,,False,batch,266
774,preschool_coverage,Охват детей до 6 лет дошкольным образованием,0.0,0.0,0.0,0.0,neutral,False,,,False,batch,266
774,children_benefits,"Численность детей до 18 лет, на которых назначено пособие",0.0,0.0,0.0,0.0,neutral,False,,,False,batch,266
774,maternity_capital,"Численность лиц, получивших сертификат на материнский капитал",0.0,0.0,0.0,0.0,neutral,False,,,False,batch,266
774,childcare_allowance,Ежемесячное пособие по уходу за первым ребенком,0.0,0.0,0.0,0.0,neutral,False,,,False,batch,266
774,large_families_housing,"Многодетные семьи, улучшившие жилищные условия",0.0,0.0,0.0,0.0,neutral,False,,,False,batch,266
774,housing_area_per_capita,Общая площадь жилья на одного жителя,0.0,0.0,0.0,0.0,neutral,False,,,False,batch,266
774,consumer_price_index,Индексы потребительских цен,0.0,0.0,0.0,0.0,neutral,False,,,False,batch,266
774,primary_housing_price_index,Индексы цен на первичном рынке жилья,0.0,0.0,0.0,0.0,neutral,False,,,False,batch,266
774,secondary_housing_price_index,Индексы цен на вторичном рынке жилья,0.0,0.0,0.0,0.0,neutral,False,,,False,batch,266
774,industrial_production_index,Индексы промышленного производства,0.6,0.0,0.2,0.8,neutral,True,санкций против российской энергетической отрасли,санкции -> промышленность,True,batch,266
774,enterprises_count,Число предприятий и организаций,0.0,0.0,0.0,0.0,neutral,False,,,False,batch,266
774,crime_count,Количество преступлений,0.0,0.0,0.0,0.0,neutral,False,,,False,batch,266
774,air_pollution,Выбросы загрязняющих веществ в атмосферный воздух,0.0,0.0,0.0,0.0,neutral,False,,,False,batch,266
774,wastewater_discharge,Сброс загрязненных сточных вод,0.0,0.0,0.0,0.0,neutral,False,,,False,batch,266
774,mortality_rate,Коэффициент смертности на 1000 человек,0.0,0.0,0.0,0.0,neutral,False,,,False,batch,266
774,birth_rate_per_1000,Коэффициент рождаемости на 1000 человек,0.0,0.0,0.0,0.0,neutral,False,,,False,batch,266
775,population_size,Численность населения,0.0,0.0,0.0,0.0,neutral,False,,,False,batch,239
775,divorce_rate,Число зарегистрированных разводов на 1000 населения,0.0,0.0,0.0,0.0,neutral,False,,,False,batch,239
775,marriage_rate,Число зарегистрированных браков на 1000 населения,0.0,0.0,0.0,0.0,neutral,False,,,False,batch,239
775,international_inflow,Число прибывших в страну,0.0,0.0,0.0,0.0,neutral,False,,,False,batch,239
775,international_outflow,Число выбывших из страны,0.9,0.0,0.0,0.9,neutral,True,Переговоры с Украиной сейчас на паузе,пауза в переговорах,True,batch,239
775,internal_arrivals,Число прибытий внутри региона,0.0,0.0,0.0,0.0,neutral,False,,,False,batch,239
775,internal_departures,Число выбытий из региона,0.0,0.0,0.0,0.0,neutral,False,,,False,batch,239
775,infant_mortality,Коэффициент младенческой смертности,0.0,0.0,0.0,0.0,neutral,False,,,False,batch,239
775,life_expectancy,Ожидаемая продолжительность жизни,0.0,0.0,0.0,0.0,neutral,False,,,False,batch,239
775,male_population,Число мужчин,0.0,0.0,0.0,0.0,neutral,False,,,False,batch,239
775,female_population,Число женщин,0.0,0.0,0.0,0.0,neutral,False,,,False,batch,239
775,per_capita_income,Среднедушевые денежные доходы населения,0.0,0.0,0.0,0.0,neutral,False,,,False,batch,239
775,real_income_index,Реальные денежные доходы населения,0.0,0.0,0.0,0.0,neutral,False,,,False,batch,239
775,unemployment_rate,Уровень безработицы,0.0,0.0,0.0,0.0,neutral,False,,,False,batch,239
775,living_wage,Величина прожиточного минимума на душу населения,0.0,0.0,0.0,0.0,neutral,False,,,False,batch,239
775,child_living_wage,Величина прожиточного минимума на ребенка,0.0,0.0,0.0,0.0,neutral,False,,,False,batch,239
775,hospitals,Число больничных организаций,0.0,0.0,0.0,0.0,neutral,False,,,False,batch,239
775,outpatient_clinics,Число амбулаторно-поликлинических организаций,0.0,0.0,0.0,0.0,neutral,False,,,False,batch,239
775,abortions,Число абортов,0.0,0.0,0.0,0.0,neutral,False,,,False,batch,239
775,qualified_doctors,Численность врачей высшей и первой квалификационных категорий,0.0,0.0,0.0,0.0,neutral,False,,,False,batch,239
775,preschool_coverage,Охват детей до 6 лет дошкольным образованием,0.0,0.0,0.0,0.0,neutral,False,,,False,batch,239
775,children_benefits,"Численность детей до 18 лет, на которых назначено пособие",0.0,0.0,0.0,0.0,neutral,False,,,False,batch,239
775,maternity_capital,"Численность лиц, получивших сертификат на материнский капитал",0.0,0.0,0.0,0.0,neutral,False,,,False,batch,239
775,childcare_allowance,Ежемесячное пособие по уходу за первым ребенком,0.0,0.0,0.0,0.0,neutral,False,,,False,batch,239
775,large_families_housing,"Многодетные семьи, улучшившие жилищные условия",0.0,0.0,0.0,0.0,neutral,False,,,False,batch,239
775,housing_area_per_capita,Общая площадь жилья на одного жителя,0.0,0.0,0.0,0.0,neutral,False,,,False,batch,239
775,consumer_price_index,Индексы потребительских цен,0.0,0.0,0.0,0.0,neutral,False,,,False,batch,239
775,primary_housing_price_index,Индексы цен на первичном рынке жилья,0.0,0.0,0.0,0.0,neutral,False,,,False,batch,239
775,secondary_housing_price_index,Индексы цен на вторичном рынке жилья,0.0,0.0,0.0,0.0,neutral,False,,,False,batch,239
775,industrial_production_index,Индексы промышленного производства,0.0,0.0,0.0,0.0,neutral,False,,,False,batch,239
775,enterprises_count,Число предприятий и организаций,0.0,0.0,0.0,0.0,neutral,False,,,False,batch,239
775,crime_count,Количество преступлений,0.0,0.0,0.0,0.0,neutral,False,,,False,batch,239
775,air_pollution,Выбросы загрязняющих веществ в атмосферный воздух,0.0,0.0,0.0,0.0,neutral,False,,,False,batch,239
775,wastewater_discharge,Сброс загрязненных сточных вод,0.0,0.0,0.0,0.0,neutral,False,,,False,batch,239
775,mortality_rate,Коэффициент смертности на 1000 человек,0.0,0.0,0.0,0.0,neutral,False,,,False,batch,239
775,birth_rate_per_1000,Коэффициент рождаемости на 1000 человек,0.0,0.0,0.0,0.0,neutral,False,,,False,batch,239
778,population_size,Численность населения,0.0,0.0,0.0,0.0,neutral,False,,,False,batch,270
778,divorce_rate,Число зарегистрированных разводов на 1000 населения,0.0,0.0,0.0,0.0,neutral,False,,,False,batch,270
778,marriage_rate,Число зарегистрированных браков на 1000 населения,0.0,0.0,0.0,0.0,neutral,False,,,False,batch,270
778,international_inflow,Число прибывших в страну,0.0,0.0,0.0,0.0,neutral,False,,,False,batch,270
778,international_outflow,Число выбывших из страны,0.0,0.0,0.0,0.0,neutral,False,,,False,batch,270
778,internal_arrivals,Число прибытий внутри региона,0.0,0.0,0.0,0.0,neutral,False,,,False,batch,270
778,internal_departures,Число выбытий из региона,0.0,0.0,0.0,0.0,neutral,False,,,False,batch,270
778,infant_mortality,Коэффициент младенческой смертности,0.0,0.0,0.0,0.0,neutral,False,,,False,batch,270
778,life_expectancy,Ожидаемая продолжительность жизни,0.0,0.0,0.0,0.0,neutral,False,,,False,batch,270
778,male_population,Число мужчин,0.0,0.0,0.0,0.0,neutral,False,,,False,batch,270
778,female_population,Число женщин,0.0,0.0,0.0,0.0,neutral,False,,,False,batch,270
778,per_capita_income,Среднедушевые денежные доходы населения,0.0,0.0,0.0,0.0,neutral,False,,,False,batch,270
778,real_income_index,Реальные денежные доходы населения,0.0,0.0,0.0,0.0,neutral,False,,,False,batch,270
778,unemployment_rate,Уровень безработицы,0.0,0.0,0.0,0.0,neutral,False,,,False,batch,270
778,living_wage,Величина прожиточного минимума на душу населения,0.0,0.0,0.0,0.0,neutral,False,,,False,batch,270
778,child_living_wage,Величина прожиточного минимума на ребенка,0.0,0.0,0.0,0.0,neutral,False,,,False,batch,270
778,hospitals,Число больничных организаций,0.0,0.0,0.0,0.0,neutral,False,,,False,batch,270
778,outpatient_clinics,Число амбулаторно-поликлинических организаций,0.0,0.0,0.0,0.0,neutral,False,,,False,batch,270
778,abortions,Число абортов,0.0,0.0,0.0,0.0,neutral,False,,,False,batch,270
778,qualified_doctors,Численность врачей высшей и первой квалификационных категорий,0.0,0.0,0.0,0.0,neutral,False,,,False,batch,270
778,preschool_coverage,Охват детей до 6 лет дошкольным образованием,0.0,0.0,0.0,0.0,neutral,False,,,False,batch,270
778,children_benefits,"Численность детей до 18 лет, на которых назначено пособие",0.0,0.0,0.0,0.0,neutral,False,,,False,batch,270
778,maternity_capital,"Численность лиц, получивших сертификат на материнский капитал",0.0,0.0,0.0,0.0,neutral,False,,,False,batch,270
778,childcare_allowance,Ежемесячное пособие по уходу за первым ребенком,0.0,0.0,0.0,0.0,neutral,False,,,False,batch,270
778,large_families_housing,"Многодетные семьи, улучшившие жилищные условия",0.0,0.0,0.0,0.0,neutral,False,,,False,batch,270
778,housing_area_per_capita,Общая площадь жилья на одного жителя,0.0,0.0,0.0,0.0,neutral,False,,,False,batch,270
778,consumer_price_index,Индексы потребительских цен,0.0,0.0,0.0,0.0,neutral,False,,,False,batch,270
778,primary_housing_price_index,Индексы цен на первичном рынке жилья,0.0,0.0,0.0,0.0,neutral,False,,,False,batch,270
778,secondary_housing_price_index,Индексы цен на вторичном рынке жилья,0.0,0.0,0.0,0.0,neutral,False,,,False,batch,270
778,industrial_production_index,Индексы промышленного производства,0.0,0.0,0.0,0.0,neutral,False,,,False,batch,270
778,enterprises_count,Число предприятий и организаций,0.0,0.0,0.0,0.0,neutral,False,,,False,batch,270
778,crime_count,Количество преступлений,0.6,-0.5,0.5,0.8,negative,True,сбитых на подлете к Москве БПЛА увеличилось до 19,сбитие дронов является актом насилия/атаки,True,batch,270
778,air_pollution,Выбросы загрязняющих веществ в атмосферный воздух,0.0,0.0,0.0,0.0,neutral,False,,,False,batch,270
778,wastewater_discharge,Сброс загрязненных сточных вод,0.0,0.0,0.0,0.0,neutral,False,,,False,batch,270
778,mortality_rate,Коэффициент смертности на 1000 человек,0.0,0.0,0.0,0.0,neutral,False,,,False,batch,270
778,birth_rate_per_1000,Коэффициент рождаемости на 1000 человек,0.0,0.0,0.0,0.0,neutral,False,,,False,batch,270
780,population_size,Численность населения,0.0,0.0,0.0,0.0,neutral,False,,,False,batch,238
780,divorce_rate,Число зарегистрированных разводов на 1000 населения,0.0,0.0,0.0,0.0,neutral,False,,,False,batch,238
780,marriage_rate,Число зарегистрированных браков на 1000 населения,0.0,0.0,0.0,0.0,neutral,False,,,False,batch,238
780,international_inflow,Число прибывших в страну,0.0,0.0,0.0,0.0,neutral,False,,,False,batch,238
780,international_outflow,Число выбывших из страны,0.0,0.0,0.0,0.0,neutral,False,,,False,batch,238
780,internal_arrivals,Число прибытий внутри региона,0.0,0.0,0.0,0.0,neutral,False,,,False,batch,238
780,internal_departures,Число выбытий из региона,0.0,0.0,0.0,0.0,neutral,False,,,False,batch,238
780,infant_mortality,Коэффициент младенческой смертности,0.0,0.0,0.0,0.0,neutral,False,,,False,batch,238
780,life_expectancy,Ожидаемая продолжительность жизни,0.0,0.0,0.0,0.0,neutral,False,,,False,batch,238
780,male_population,Число мужчин,0.0,0.0,0.0,0.0,neutral,False,,,False,batch,238
780,female_population,Число женщин,0.0,0.0,0.0,0.0,neutral,False,,,False,batch,238
780,per_capita_income,Среднедушевые денежные доходы населения,0.0,0.0,0.0,0.0,neutral,False,,,False,batch,238
780,real_income_index,Реальные денежные доходы населения,0.0,0.0,0.0,0.0,neutral,False,,,False,batch,238
780,unemployment_rate,Уровень безработицы,0.0,0.0,0.0,0.0,neutral,False,,,False,batch,238
780,living_wage,Величина прожиточного минимума на душу населения,0.0,0.0,0.0,0.0,neutral,False,,,False,batch,238
780,child_living_wage,Величина прожиточного минимума на ребенка,0.0,0.0,0.0,0.0,neutral,False,,,False,batch,238
780,hospitals,Число больничных организаций,0.0,0.0,0.0,0.0,neutral,False,,,False,batch,238
780,outpatient_clinics,Число амбулаторно-поликлинических организаций,0.0,0.0,0.0,0.0,neutral,False,,,False,batch,238
780,abortions,Число абортов,0.0,0.0,0.0,0.0,neutral,False,,,False,batch,238
780,qualified_doctors,Численность врачей высшей и первой квалификационных категорий,0.0,0.0,0.0,0.0,neutral,False,,,False,batch,238
780,preschool_coverage,Охват детей до 6 лет дошкольным образованием,0.0,0.0,0.0,0.0,neutral,False,,,False,batch,238
780,children_benefits,"Численность детей до 18 лет, на которых назначено пособие",0.0,0.0,0.0,0.0,neutral,False,,,False,batch,238
780,maternity_capital,"Численность лиц, получивших сертификат на материнский капитал",0.0,0.0,0.0,0.0,neutral,False,,,False,batch,238
780,childcare_allowance,Ежемесячное пособие по уходу за первым ребенком,0.0,0.0,0.0,0.0,neutral,False,,,False,batch,238
780,large_families_housing,"Многодетные семьи, улучшившие жилищные условия",0.0,0.0,0.0,0.0,neutral,False,,,False,batch,238
780,housing_area_per_capita,Общая площадь жилья на одного жителя,0.0,0.0,0.0,0.0,neutral,False,,,False,batch,238
780,consumer_price_index,Индексы потребительских цен,0.0,0.0,0.0,0.0,neutral,False,,,False,batch,238
780,primary_housing_price_index,Индексы цен на первичном рынке жилья,0.0,0.0,0.0,0.0,neutral,False,,,False,batch,238
780,secondary_housing_price_index,Индексы цен на вторичном рынке жилья,0.0,0.0,0.0,0.0,neutral,False,,,False,batch,238
780,industrial_production_index,Индексы промышленного производства,0.6,0.0,0.0,0.8,neutral,True,наращивание добычи странами ОПЕК+,добыча нефти,True,batch,238
780,enterprises_count,Число предприятий и организаций,0.0,0.0,0.0,0.0,neutral,False,,,False,batch,238
780,crime_count,Количество преступлений,0.0,0.0,0.0,0.0,neutral,False,,,False,batch,238
780,air_pollution,Выбросы загрязняющих веществ в атмосферный воздух,0.0,0.0,0.0,0.0,neutral,False,,,False,batch,238
780,wastewater_discharge,Сброс загрязненных сточных вод,0.0,0.0,0.0,0.0,neutral,False,,,False,batch,238
780,mortality_rate,Коэффициент смертности на 1000 человек,0.0,0.0,0.0,0.0,neutral,False,,,False,batch,238
780,birth_rate_per_1000,Коэффициент рождаемости на 1000 человек,0.0,0.0,0.0,0.0,neutral,False,,,False,batch,238
781,population_size,Численность населения,0.0,0.0,0.0,0.0,neutral,False,,,False,batch,220
781,divorce_rate,Число зарегистрированных разводов на 1000 населения,0.0,0.0,0.0,0.0,neutral,False,,,False,batch,220
781,marriage_rate,Число зарегистрированных браков на 1000 населения,0.0,0.0,0.0,0.0,neutral,False,,,False,batch,220
781,international_inflow,Число прибывших в страну,0.0,0.0,0.0,0.0,neutral,False,,,False,batch,220
781,international_outflow,Число выбывших из страны,0.0,0.0,0.0,0.0,neutral,False,,,False,batch,220
781,internal_arrivals,Число прибытий внутри региона,0.0,0.0,0.0,0.0,neutral,False,,,False,batch,220
781,internal_departures,Число выбытий из региона,0.0,0.0,0.0,0.0,neutral,False,,,False,batch,220
781,infant_mortality,Коэффициент младенческой смертности,0.0,0.0,0.0,0.0,neutral,False,,,False,batch,220
781,life_expectancy,Ожидаемая продолжительность жизни,0.0,0.0,0.0,0.0,neutral,False,,,False,batch,220
781,male_population,Число мужчин,0.0,0.0,0.0,0.0,neutral,False,,,False,batch,220
781,female_population,Число женщин,0.0,0.0,0.0,0.0,neutral,False,,,False,batch,220
781,per_capita_income,Среднедушевые денежные доходы населения,0.0,0.0,0.0,0.0,neutral,False,,,False,batch,220
781,real_income_index,Реальные денежные доходы населения,0.0,0.0,0.0,0.0,neutral,False,,,False,batch,220
781,unemployment_rate,Уровень безработицы,0.0,0.0,0.0,0.0,neutral,False,,,False,batch,220
781,living_wage,Величина прожиточного минимума на душу населения,0.0,0.0,0.0,0.0,neutral,False,,,False,batch,220
781,child_living_wage,Величина прожиточного минимума на ребенка,0.0,0.0,0.0,0.0,neutral,False,,,False,batch,220
781,hospitals,Число больничных организаций,0.0,0.0,0.0,0.0,neutral,False,,,False,batch,220
781,outpatient_clinics,Число амбулаторно-поликлинических организаций,0.0,0.0,0.0,0.0,neutral,False,,,False,batch,220
781,abortions,Число абортов,0.0,0.0,0.0,0.0,neutral,False,,,False,batch,220
781,qualified_doctors,Численность врачей высшей и первой квалификационных категорий,0.0,0.0,0.0,0.0,neutral,False,,,False,batch,220
781,preschool_coverage,Охват детей до 6 лет дошкольным образованием,0.0,0.0,0.0,0.0,neutral,False,,,False,batch,220
781,children_benefits,"Численность детей до 18 лет, на которых назначено пособие",0.0,0.0,0.0,0.0,neutral,False,,,False,batch,220
781,maternity_capital,"Численность лиц, получивших сертификат на материнский капитал",0.0,0.0,0.0,0.0,neutral,False,,,False,batch,220
781,childcare_allowance,Ежемесячное пособие по уходу за первым ребенком,0.0,0.0,0.0,0.0,neutral,False,,,False,batch,220
781,large_families_housing,"Многодетные семьи, улучшившие жилищные условия",0.0,0.0,0.0,0.0,neutral,False,,,False,batch,220
781,housing_area_per_capita,Общая площадь жилья на одного жителя,0.0,0.0,0.0,0.0,neutral,False,,,False,batch,220
781,consumer_price_index,Индексы потребительских цен,0.0,0.0,0.0,0.0,neutral,False,,,False,batch,220
781,primary_housing_price_index,Индексы цен на первичном рынке жилья,0.0,0.0,0.0,0.0,neutral,False,,,False,batch,220
781,secondary_housing_price_index,Индексы цен на вторичном рынке жилья,0.0,0.0,0.0,0.0,neutral,False,,,False,batch,220
781,industrial_production_index,Индексы промышленного производства,0.0,0.0,0.0,0.0,neutral,False,,,False,batch,220
781,enterprises_count,Число предприятий и организаций,0.0,0.0,0.0,0.0,neutral,False,,,False,batch,220
781,crime_count,Количество преступлений,0.0,0.0,0.0,0.0,neutral,False,,,False,batch,220
781,air_pollution,Выбросы загрязняющих веществ в атмосферный воздух,0.6,0.0,0.3,0.7,neutral,True,аномальные морозы,погода влияет на экологию,True,batch,220
781,wastewater_discharge,Сброс загрязненных сточных вод,0.0,0.0,0.0,0.0,neutral,False,,,False,batch,220
781,mortality_rate,Коэффициент смертности на 1000 человек,0.0,0.0,0.0,0.0,neutral,False,,,False,batch,220
781,birth_rate_per_1000,Коэффициент рождаемости на 1000 человек,0.0,0.0,0.0,0.0,neutral,False,,,False,batch,220
790,population_size,Численность населения,0.0,0.0,0.0,0.0,neutral,False,,,False,batch,278
790,divorce_rate,Число зарегистрированных разводов на 1000 населения,0.0,0.0,0.0,0.0,neutral,False,,,False,batch,278
790,marriage_rate,Число зарегистрированных браков на 1000 населения,0.0,0.0,0.0,0.0,neutral,False,,,False,batch,278
790,international_inflow,Число прибывших в страну,0.0,0.0,0.0,0.0,neutral,False,,,False,batch,278
790,international_outflow,Число выбывших из страны,0.0,0.0,0.0,0.0,neutral,False,,,False,batch,278
790,internal_arrivals,Число прибытий внутри региона,0.0,0.0,0.0,0.0,neutral,False,,,False,batch,278
790,internal_departures,Число выбытий из региона,0.0,0.0,0.0,0.0,neutral,False,,,False,batch,278
790,infant_mortality,Коэффициент младенческой смертности,0.0,0.0,0.0,0.0,neutral,False,,,False,batch,278
790,life_expectancy,Ожидаемая продолжительность жизни,0.0,0.0,0.0,0.0,neutral,False,,,False,batch,278
790,male_population,Число мужчин,0.0,0.0,0.0,0.0,neutral,False,,,False,batch,278
790,female_population,Число женщин,0.0,0.0,0.0,0.0,neutral,False,,,False,batch,278
790,per_capita_income,Среднедушевые денежные доходы населения,0.0,0.0,0.0,0.0,neutral,False,,,False,batch,278
790,real_income_index,Реальные денежные доходы населения,0.0,0.0,0.0,0.0,neutral,False,,,False,batch,278
790,unemployment_rate,Уровень безработицы,0.0,0.0,0.0,0.0,neutral,False,,,False,batch,278
790,living_wage,Величина прожиточного минимума на душу населения,0.0,0.0,0.0,0.0,neutral,False,,,False,batch,278
790,child_living_wage,Величина прожиточного минимума на ребенка,0.0,0.0,0.0,0.0,neutral,False,,,False,batch,278
790,hospitals,Число больничных организаций,0.0,0.0,0.0,0.0,neutral,False,,,False,batch,278
790,outpatient_clinics,Число амбулаторно-поликлинических организаций,0.0,0.0,0.0,0.0,neutral,False,,,False,batch,278
790,abortions,Число абортов,0.0,0.0,0.0,0.0,neutral,False,,,False,batch,278
790,qualified_doctors,Численность врачей высшей и первой квалификационных категорий,0.0,0.0,0.0,0.0,neutral,False,,,False,batch,278
790,preschool_coverage,Охват детей до 6 лет дошкольным образованием,0.0,0.0,0.0,0.0,neutral,False,,,False,batch,278
790,children_benefits,"Численность детей до 18 лет, на которых назначено пособие",0.0,0.0,0.0,0.0,neutral,False,,,False,batch,278
790,maternity_capital,"Численность лиц, получивших сертификат на материнский капитал",0.0,0.0,0.0,0.0,neutral,False,,,False,batch,278
790,childcare_allowance,Ежемесячное пособие по уходу за первым ребенком,0.0,0.0,0.0,0.0,neutral,False,,,False,batch,278
790,large_families_housing,"Многодетные семьи, улучшившие жилищные условия",0.0,0.0,0.0,0.0,neutral,False,,,False,batch,278
790,housing_area_per_capita,Общая площадь жилья на одного жителя,0.0,0.0,0.0,0.0,neutral,False,,,False,batch,278
790,consumer_price_index,Индексы потребительских цен,0.0,0.0,0.0,0.0,neutral,False,,,False,batch,278
790,primary_housing_price_index,Индексы цен на первичном рынке жилья,0.0,0.0,0.0,0.0,neutral,False,,,False,batch,278
790,secondary_housing_price_index,Индексы цен на вторичном рынке жилья,0.0,0.0,0.0,0.0,neutral,False,,,False,batch,278
790,industrial_production_index,Индексы промышленного производства,0.0,0.0,0.0,0.0,neutral,False,,,False,batch,278
790,enterprises_count,Число предприятий и организаций,0.0,0.0,0.0,0.0,neutral,False,,,False,batch,278
790,crime_count,Количество преступлений,0.0,0.0,0.0,0.0,neutral,False,,,False,batch,278
790,air_pollution,Выбросы загрязняющих веществ в атмосферный воздух,0.0,0.0,0.0,0.0,neutral,False,,,False,batch,278
790,wastewater_discharge,Сброс загрязненных сточных вод,0.9,-0.7,0.8,0.9,negative,True,"утечка на водоводе, водоснабжение приостановлено",утечка на водоводе -> wastewater_discharge,True,batch,278
790,mortality_rate,Коэффициент смертности на 1000 человек,0.0,0.0,0.0,0.0,neutral,False,,,False,batch,278
790,birth_rate_per_1000,Коэффициент рождаемости на 1000 человек,0.0,0.0,0.0,0.0,neutral,False,,,False,batch,278
791,population_size,Численность населения,0.0,0.0,0.0,0.0,neutral,False,,,False,batch,214
791,divorce_rate,Число зарегистрированных разводов на 1000 населения,0.0,0.0,0.0,0.0,neutral,False,,,False,batch,214
791,marriage_rate,Число зарегистрированных браков на 1000 населения,0.0,0.0,0.0,0.0,neutral,False,,,False,batch,214
791,international_inflow,Число прибывших в страну,0.0,0.0,0.0,0.0,neutral,False,,,False,batch,214
791,international_outflow,Число выбывших из страны,0.0,0.0,0.0,0.0,neutral,False,,,False,batch,214
791,internal_arrivals,Число прибытий внутри региона,0.0,0.0,0.0,0.0,neutral,False,,,False,batch,214
791,internal_departures,Число выбытий из региона,0.0,0.0,0.0,0.0,neutral,False,,,False,batch,214
791,infant_mortality,Коэффициент младенческой смертности,0.0,0.0,0.0,0.0,neutral,False,,,False,batch,214
791,life_expectancy,Ожидаемая продолжительность жизни,0.0,0.0,0.0,0.0,neutral,False,,,False,batch,214
791,male_population,Число мужчин,0.0,0.0,0.0,0.0,neutral,False,,,False,batch,214
791,female_population,Число женщин,0.0,0.0,0.0,0.0,neutral,False,,,False,batch,214
791,per_capita_income,Среднедушевые денежные доходы населения,0.0,0.0,0.0,0.0,neutral,False,,,False,batch,214
791,real_income_index,Реальные денежные доходы населения,0.0,0.0,0.0,0.0,neutral,False,,,False,batch,214
791,unemployment_rate,Уровень безработицы,0.0,0.0,0.0,0.0,neutral,False,,,False,batch,214
791,living_wage,Величина прожиточного минимума на душу населения,0.0,0.0,0.0,0.0,neutral,False,,,False,batch,214
791,child_living_wage,Величина прожиточного минимума на ребенка,0.0,0.0,0.0,0.0,neutral,False,,,False,batch,214
791,hospitals,Число больничных организаций,0.0,0.0,0.0,0.0,neutral,False,,,False,batch,214
791,outpatient_clinics,Число амбулаторно-поликлинических организаций,0.0,0.0,0.0,0.0,neutral,False,,,False,batch,214
791,abortions,Число абортов,0.0,0.0,0.0,0.0,neutral,False,,,False,batch,214
791,qualified_doctors,Численность врачей высшей и первой квалификационных категорий,0.0,0.0,0.0,0.0,neutral,False,,,False,batch,214
791,preschool_coverage,Охват детей до 6 лет дошкольным образованием,0.0,0.0,0.0,0.0,neutral,False,,,False,batch,214
791,children_benefits,"Численность детей до 18 лет, на которых назначено пособие",0.0,0.0,0.0,0.0,neutral,False,,,False,batch,214
791,maternity_capital,"Численность лиц, получивших сертификат на материнский капитал",0.0,0.0,0.0,0.0,neutral,False,,,False,batch,214
791,childcare_allowance,Ежемесячное пособие по уходу за первым ребенком,0.0,0.0,0.0,0.0,neutral,False,,,False,batch,214
791,large_families_housing,"Многодетные семьи, улучшившие жилищные условия",0.0,0.0,0.0,0.0,neutral,False,,,False,batch,214
791,housing_area_per_capita,Общая площадь жилья на одного жителя,0.0,0.0,0.0,0.0,neutral,False,,,False,batch,214
791,consumer_price_index,Индексы потребительских цен,0.3,0.0,0.0,0.7,neutral,True,запрет на кредиты,кредиты и займы,True,batch,214
791,primary_housing_price_index,Индексы цен на первичном рынке жилья,0.0,0.0,0.0,0.0,neutral,False,,,False,batch,214
791,secondary_housing_price_index,Индексы цен на вторичном рынке жилья,0.0,0.0,0.0,0.0,neutral,False,,,False,batch,214
791,industrial_production_index,Индексы промышленного производства,0.0,0.0,0.0,0.0,neutral,False,,,False,batch,214
791,enterprises_count,Число предприятий и организаций,0.0,0.0,0.0,0.0,neutral,False,,,False,batch,214
791,crime_count,Количество преступлений,0.0,0.0,0.0,0.0,neutral,False,,,False,batch,214
791,air_pollution,Выбросы загрязняющих веществ в атмосферный воздух,0.0,0.0,0.0,0.0,neutral,False,,,False,batch,214
791,wastewater_discharge,Сброс загрязненных сточных вод,0.0,0.0,0.0,0.0,neutral,False,,,False,batch,214
791,mortality_rate,Коэффициент смертности на 1000 человек,0.0,0.0,0.0,0.0,neutral,False,,,False,batch,214
791,birth_rate_per_1000,Коэффициент рождаемости на 1000 человек,0.0,0.0,0.0,0.0,neutral,False,,,False,batch,214
799,population_size,Численность населения,0.0,0.0,0.0,0.0,neutral,False,,,False,neutral_after_error,0
799,divorce_rate,Число зарегистрированных разводов на 1000 населения,0.0,0.0,0.0,0.0,neutral,False,,,False,neutral_after_error,0
799,marriage_rate,Число зарегистрированных браков на 1000 населения,0.0,0.0,0.0,0.0,neutral,False,,,False,neutral_after_error,0
799,international_inflow,Число прибывших в страну,0.0,0.0,0.0,0.0,neutral,False,,,False,neutral_after_error,0
799,international_outflow,Число выбывших из страны,0.0,0.0,0.0,0.0,neutral,False,,,False,neutral_after_error,0
799,internal_arrivals,Число прибытий внутри региона,0.0,0.0,0.0,0.0,neutral,False,,,False,neutral_after_error,0
799,internal_departures,Число выбытий из региона,0.0,0.0,0.0,0.0,neutral,False,,,False,neutral_after_error,0
799,infant_mortality,Коэффициент младенческой смертности,0.0,0.0,0.0,0.0,neutral,False,,,False,neutral_after_error,0
799,life_expectancy,Ожидаемая продолжительность жизни,0.0,0.0,0.0,0.0,neutral,False,,,False,neutral_after_error,0
799,male_population,Число мужчин,0.0,0.0,0.0,0.0,neutral,False,,,False,neutral_after_error,0
799,female_population,Число женщин,0.0,0.0,0.0,0.0,neutral,False,,,False,neutral_after_error,0
799,per_capita_income,Среднедушевые денежные доходы населения,0.0,0.0,0.0,0.0,neutral,False,,,False,neutral_after_error,0
799,real_income_index,Реальные денежные доходы населения,0.0,0.0,0.0,0.0,neutral,False,,,False,neutral_after_error,0
799,unemployment_rate,Уровень безработицы,0.0,0.0,0.0,0.0,neutral,False,,,False,neutral_after_error,0
799,living_wage,Величина прожиточного минимума на душу населения,0.0,0.0,0.0,0.0,neutral,False,,,False,neutral_after_error,0
799,child_living_wage,Величина прожиточного минимума на ребенка,0.0,0.0,0.0,0.0,neutral,False,,,False,neutral_after_error,0
799,hospitals,Число больничных организаций,0.0,0.0,0.0,0.0,neutral,False,,,False,neutral_after_error,0
799,outpatient_clinics,Число амбулаторно-поликлинических организаций,0.0,0.0,0.0,0.0,neutral,False,,,False,neutral_after_error,0
799,abortions,Число абортов,0.0,0.0,0.0,0.0,neutral,False,,,False,neutral_after_error,0
799,qualified_doctors,Численность врачей высшей и первой квалификационных категорий,0.0,0.0,0.0,0.0,neutral,False,,,False,neutral_after_error,0
799,preschool_coverage,Охват детей до 6 лет дошкольным образованием,0.0,0.0,0.0,0.0,neutral,False,,,False,neutral_after_error,0
799,children_benefits,"Численность детей до 18 лет, на которых назначено пособие",0.0,0.0,0.0,0.0,neutral,False,,,False,neutral_after_error,0
799,maternity_capital,"Численность лиц, получивших сертификат на материнский капитал",0.0,0.0,0.0,0.0,neutral,False,,,False,neutral_after_error,0
799,childcare_allowance,Ежемесячное пособие по уходу за первым ребенком,0.0,0.0,0.0,0.0,neutral,False,,,False,neutral_after_error,0
799,large_families_housing,"Многодетные семьи, улучшившие жилищные условия",0.0,0.0,0.0,0.0,neutral,False,,,False,neutral_after_error,0
799,housing_area_per_capita,Общая площадь жилья на одного жителя,0.0,0.0,0.0,0.0,neutral,False,,,False,neutral_after_error,0
799,consumer_price_index,Индексы потребительских цен,0.0,0.0,0.0,0.0,neutral,False,,,False,neutral_after_error,0
799,primary_housing_price_index,Индексы цен на первичном рынке жилья,0.0,0.0,0.0,0.0,neutral,False,,,False,neutral_after_error,0
799,secondary_housing_price_index,Индексы цен на вторичном рынке жилья,0.0,0.0,0.0,0.0,neutral,False,,,False,neutral_after_error,0
799,industrial_production_index,Индексы промышленного производства,0.0,0.0,0.0,0.0,neutral,False,,,False,neutral_after_error,0
799,enterprises_count,Число предприятий и организаций,0.0,0.0,0.0,0.0,neutral,False,,,False,neutral_after_error,0
799,crime_count,Количество преступлений,0.0,0.0,0.0,0.0,neutral,False,,,False,neutral_after_error,0
799,air_pollution,Выбросы загрязняющих веществ в атмосферный воздух,0.0,0.0,0.0,0.0,neutral,False,,,False,neutral_after_error,0
799,wastewater_discharge,Сброс загрязненных сточных вод,0.0,0.0,0.0,0.0,neutral,False,,,False,neutral_after_error,0
799,mortality_rate,Коэффициент смертности на 1000 человек,0.0,0.0,0.0,0.0,neutral,False,,,False,neutral_after_error,0
799,birth_rate_per_1000,Коэффициент рождаемости на 1000 человек,0.0,0.0,0.0,0.0,neutral,False,,,False,neutral_after_error,0
801,population_size,Численность населения,0.0,0.0,0.0,0.0,neutral,False,,,False,batch,266
801,divorce_rate,Число зарегистрированных разводов на 1000 населения,0.0,0.0,0.0,0.0,neutral,False,,,False,batch,266
801,marriage_rate,Число зарегистрированных браков на 1000 населения,0.0,0.0,0.0,0.0,neutral,False,,,False,batch,266
801,international_inflow,Число прибывших в страну,0.0,0.0,0.0,0.0,neutral,False,,,False,batch,266
801,international_outflow,Число выбывших из страны,0.0,0.0,0.0,0.0,neutral,False,,,False,batch,266
801,internal_arrivals,Число прибытий внутри региона,0.0,0.0,0.0,0.0,neutral,False,,,False,batch,266
801,internal_departures,Число выбытий из региона,0.0,0.0,0.0,0.0,neutral,False,,,False,batch,266
801,infant_mortality,Коэффициент младенческой смертности,0.0,0.0,0.0,0.0,neutral,False,,,False,batch,266
801,life_expectancy,Ожидаемая продолжительность жизни,0.0,0.0,0.0,0.0,neutral,False,,,False,batch,266
801,male_population,Число мужчин,0.0,0.0,0.0,0.0,neutral,False,,,False,batch,266
801,female_population,Число женщин,0.0,0.0,0.0,0.0,neutral,False,,,False,batch,266
801,per_capita_income,Среднедушевые денежные доходы населения,0.0,0.0,0.0,0.0,neutral,False,,,False,batch,266
801,real_income_index,Реальные денежные доходы населения,0.0,0.0,0.0,0.0,neutral,False,,,False,batch,266
801,unemployment_rate,Уровень безработицы,0.0,0.0,0.0,0.0,neutral,False,,,False,batch,266
801,living_wage,Величина прожиточного минимума на душу населения,0.0,0.0,0.0,0.0,neutral,False,,,False,batch,266
801,child_living_wage,Величина прожиточного минимума на ребенка,0.0,0.0,0.0,0.0,neutral,False,,,False,batch,266
801,hospitals,Число больничных организаций,0.0,0.0,0.0,0.0,neutral,False,,,False,batch,266
801,outpatient_clinics,Число амбулаторно-поликлинических организаций,0.0,0.0,0.0,0.0,neutral,False,,,False,batch,266
801,abortions,Число абортов,0.0,0.0,0.0,0.0,neutral,False,,,False,batch,266
801,qualified_doctors,Численность врачей высшей и первой квалификационных категорий,0.0,0.0,0.0,0.0,neutral,False,,,False,batch,266
801,preschool_coverage,Охват детей до 6 лет дошкольным образованием,0.0,0.0,0.0,0.0,neutral,False,,,False,batch,266
801,children_benefits,"Численность детей до 18 лет, на которых назначено пособие",0.0,0.0,0.0,0.0,neutral,False,,,False,batch,266
801,maternity_capital,"Численность лиц, получивших сертификат на материнский капитал",0.0,0.0,0.0,0.0,neutral,False,,,False,batch,266
801,childcare_allowance,Ежемесячное пособие по уходу за первым ребенком,0.0,0.0,0.0,0.0,neutral,False,,,False,batch,266
801,large_families_housing,"Многодетные семьи, улучшившие жилищные условия",0.0,0.0,0.0,0.0,neutral,False,,,False,batch,266
801,housing_area_per_capita,Общая площадь жилья на одного жителя,0.0,0.0,0.0,0.0,neutral,False,,,False,batch,266
801,consumer_price_index,Индексы потребительских цен,0.0,0.0,0.0,0.0,neutral,False,,,False,batch,266
801,primary_housing_price_index,Индексы цен на первичном рынке жилья,0.0,0.0,0.0,0.0,neutral,False,,,False,batch,266
801,secondary_housing_price_index,Индексы цен на вторичном рынке жилья,0.0,0.0,0.0,0.0,neutral,False,,,False,batch,266
801,industrial_production_index,Индексы промышленного производства,0.3,0.1,0.1,0.7,neutral,True,корпоративное кредитование по РСБУ нарастил,кредитование -> промышленность,True,batch,266
801,enterprises_count,Число предприятий и организаций,0.0,0.0,0.0,0.0,neutral,False,,,False,batch,266
801,crime_count,Количество преступлений,0.0,0.0,0.0,0.0,neutral,False,,,False,batch,266
801,air_pollution,Выбросы загрязняющих веществ в атмосферный воздух,0.0,0.0,0.0,0.0,neutral,False,,,False,batch,266
801,wastewater_discharge,Сброс загрязненных сточных вод,0.0,0.0,0.0,0.0,neutral,False,,,False,batch,266
801,mortality_rate,Коэффициент смертности на 1000 человек,0.0,0.0,0.0,0.0,neutral,False,,,False,batch,266
801,birth_rate_per_1000,Коэффициент рождаемости на 1000 человек,0.0,0.0,0.0,0.0,neutral,False,,,False,batch,266
808,population_size,Численность населения,0.0,0.0,0.0,0.0,neutral,False,,,False,batch,685
808,divorce_rate,Число зарегистрированных разводов на 1000 населения,0.0,0.0,0.0,0.0,neutral,False,,,False,batch,685
808,marriage_rate,Число зарегистрированных браков на 1000 населения,0.0,0.0,0.0,0.0,neutral,False,,,False,batch,685
808,international_inflow,Число прибывших в страну,0.0,0.0,0.0,0.0,neutral,False,,,False,batch,685
808,international_outflow,Число выбывших из страны,0.0,0.0,0.0,0.0,neutral,False,,,False,batch,685
808,internal_arrivals,Число прибытий внутри региона,0.0,0.0,0.0,0.0,neutral,False,,,False,batch,685
808,internal_departures,Число выбытий из региона,0.0,0.0,0.0,0.0,neutral,False,,,False,batch,685
808,infant_mortality,Коэффициент младенческой смертности,0.0,0.0,0.0,0.0,neutral,False,,,False,batch,685
808,life_expectancy,Ожидаемая продолжительность жизни,0.0,0.0,0.0,0.0,neutral,False,,,False,batch,685
808,male_population,Число мужчин,0.0,0.0,0.0,0.0,neutral,False,,,False,batch,685
808,female_population,Число женщин,0.0,0.0,0.0,0.0,neutral,False,,,False,batch,685
808,per_capita_income,Среднедушевые денежные доходы населения,0.0,0.0,0.0,0.0,neutral,False,,,False,batch,685
808,real_income_index,Реальные денежные доходы населения,0.0,0.0,0.0,0.0,neutral,False,,,False,batch,685
808,unemployment_rate,Уровень безработицы,0.0,0.0,0.0,0.0,neutral,False,,,False,batch,685
808,living_wage,Величина прожиточного минимума на душу населения,0.0,0.0,0.0,0.0,neutral,False,,,False,batch,685
808,child_living_wage,Величина прожиточного минимума на ребенка,0.0,0.0,0.0,0.0,neutral,False,,,False,batch,685
808,hospitals,Число больничных организаций,0.0,0.0,0.0,0.0,neutral,False,,,False,batch,685
808,outpatient_clinics,Число амбулаторно-поликлинических организаций,0.0,0.0,0.0,0.0,neutral,False,,,False,batch,685
808,abortions,Число абортов,0.0,0.0,0.0,0.0,neutral,False,,,False,batch,685
808,qualified_doctors,Численность врачей высшей и первой квалификационных категорий,0.0,0.0,0.0,0.0,neutral,False,,,False,batch,685
808,preschool_coverage,Охват детей до 6 лет дошкольным образованием,0.0,0.0,0.0,0.0,neutral,False,,,False,batch,685
808,children_benefits,"Численность детей до 18 лет, на которых назначено пособие",0.0,0.0,0.0,0.0,neutral,False,,,False,batch,685
808,maternity_capital,"Численность лиц, получивших сертификат на материнский капитал",0.0,0.0,0.0,0.0,neutral,False,,,False,batch,685
808,childcare_allowance,Ежемесячное пособие по уходу за первым ребенком,0.0,0.0,0.0,0.0,neutral,False,,,False,batch,685
808,large_families_housing,"Многодетные семьи, улучшившие жилищные условия",0.0,0.0,0.0,0.0,neutral,False,,,False,batch,685
808,housing_area_per_capita,Общая площадь жилья на одного жителя,0.0,0.0,0.0,0.0,neutral,False,,,False,batch,685
808,consumer_price_index,Индексы потребительских цен,0.0,0.0,0.0,0.0,neutral,False,,,False,batch,685
808,primary_housing_price_index,Индексы цен на первичном рынке жилья,0.0,0.0,0.0,0.0,neutral,False,,,False,batch,685
808,secondary_housing_price_index,Индексы цен на вторичном рынке жилья,0.0,0.0,0.0,0.0,neutral,False,,,False,batch,685
808,industrial_production_index,Индексы промышленного производства,0.7,-0.5,0.5,0.8,negative,True,объекты энергетики ВПК,энергетика/ВПК -> industrial_production_index,True,batch,685
808,enterprises_count,Число предприятий и организаций,0.0,0.0,0.0,0.0,neutral,False,,,False,batch,685
808,crime_count,Количество преступлений,0.6,-0.5,0.5,0.8,negative,True,массированный удар по заводу,удар -> crime_count,True,batch,685
808,air_pollution,Выбросы загрязняющих веществ в атмосферный воздух,0.0,0.0,0.0,0.0,neutral,False,,,False,batch,685
808,wastewater_discharge,Сброс загрязненных сточных вод,0.0,0.0,0.0,0.0,neutral,False,,,False,batch,685
808,mortality_rate,Коэффициент смертности на 1000 человек,0.0,0.0,0.0,0.0,neutral,False,,,False,batch,685
808,birth_rate_per_1000,Коэффициент рождаемости на 1000 человек,0.0,0.0,0.0,0.0,neutral,False,,,False,batch,685
809,population_size,Численность населения,0.0,0.0,0.0,0.0,neutral,False,,,False,batch,446
809,divorce_rate,Число зарегистрированных разводов на 1000 населения,0.0,0.0,0.0,0.0,neutral,False,,,False,batch,446
809,marriage_rate,Число зарегистрированных браков на 1000 населения,0.0,0.0,0.0,0.0,neutral,False,,,False,batch,446
809,international_inflow,Число прибывших в страну,0.0,0.0,0.0,0.0,neutral,False,,,False,batch,446
809,international_outflow,Число выбывших из страны,0.0,0.0,0.0,0.0,neutral,False,,,False,batch,446
809,internal_arrivals,Число прибытий внутри региона,0.0,0.0,0.0,0.0,neutral,False,,,False,batch,446
809,internal_departures,Число выбытий из региона,0.0,0.0,0.0,0.0,neutral,False,,,False,batch,446
809,infant_mortality,Коэффициент младенческой смертности,0.0,0.0,0.0,0.0,neutral,False,,,False,batch,446
809,life_expectancy,Ожидаемая продолжительность жизни,0.0,0.0,0.0,0.0,neutral,False,,,False,batch,446
809,male_population,Число мужчин,0.0,0.0,0.0,0.0,neutral,False,,,False,batch,446
809,female_population,Число женщин,0.0,0.0,0.0,0.0,neutral,False,,,False,batch,446
809,per_capita_income,Среднедушевые денежные доходы населения,0.0,0.0,0.0,0.0,neutral,False,,,False,batch,446
809,real_income_index,Реальные денежные доходы населения,0.0,0.0,0.0,0.0,neutral,False,,,False,batch,446
809,unemployment_rate,Уровень безработицы,0.0,0.0,0.0,0.0,neutral,False,,,False,batch,446
809,living_wage,Величина прожиточного минимума на душу населения,0.0,0.0,0.0,0.0,neutral,False,,,False,batch,446
809,child_living_wage,Величина прожиточного минимума на ребенка,0.0,0.0,0.0,0.0,neutral,False,,,False,batch,446
809,hospitals,Число больничных организаций,0.0,0.0,0.0,0.0,neutral,False,,,False,batch,446
809,outpatient_clinics,Число амбулаторно-поликлинических организаций,0.0,0.0,0.0,0.0,neutral,False,,,False,batch,446
809,abortions,Число абортов,0.0,0.0,0.0,0.0,neutral,False,,,False,batch,446
809,qualified_doctors,Численность врачей высшей и первой квалификационных категорий,0.0,0.0,0.0,0.0,neutral,False,,,False,batch,446
809,preschool_coverage,Охват детей до 6 лет дошкольным образованием,0.0,0.0,0.0,0.0,neutral,False,,,False,batch,446
809,children_benefits,"Численность детей до 18 лет, на которых назначено пособие",0.0,0.0,0.0,0.0,neutral,False,,,False,batch,446
809,maternity_capital,"Численность лиц, получивших сертификат на материнский капитал",0.0,0.0,0.0,0.0,neutral,False,,,False,batch,446
809,childcare_allowance,Ежемесячное пособие по уходу за первым ребенком,0.0,0.0,0.0,0.0,neutral,False,,,False,batch,446
809,large_families_housing,"Многодетные семьи, улучшившие жилищные условия",0.0,0.0,0.0,0.0,neutral,False,,,False,batch,446
809,housing_area_per_capita,Общая площадь жилья на одного жителя,0.0,0.0,0.0,0.0,neutral,False,,,False,batch,446
809,consumer_price_index,Индексы потребительских цен,0.0,0.0,0.0,0.0,neutral,False,,,False,batch,446
809,primary_housing_price_index,Индексы цен на первичном рынке жилья,0.0,0.0,0.0,0.0,neutral,False,,,False,batch,446
809,secondary_housing_price_index,Индексы цен на вторичном рынке жилья,0.0,0.0,0.0,0.0,neutral,False,,,False,batch,446
809,industrial_production_index,Индексы промышленного производства,0.6,0.0,0.0,0.7,neutral,True,повреждены ЛЭП и здание предприятия,повреждение инфраструктуры предприятия,True,batch,446
809,enterprises_count,Число предприятий и организаций,0.0,0.0,0.0,0.0,neutral,False,,,False,batch,446
809,crime_count,Количество преступлений,0.6,-0.5,0.5,0.8,negative,True,"атаки ВСУ, повреждения",атаки -> crime_count,True,batch,446
809,air_pollution,Выбросы загрязняющих веществ в атмосферный воздух,0.0,0.0,0.0,0.0,neutral,False,,,False,batch,446
809,wastewater_discharge,Сброс загрязненных сточных вод,0.0,0.0,0.0,0.0,neutral,False,,,False,batch,446
809,mortality_rate,Коэффициент смертности на 1000 человек,0.0,0.0,0.0,0.0,neutral,False,,,False,batch,446
809,birth_rate_per_1000,Коэффициент рождаемости на 1000 человек,0.0,0.0,0.0,0.0,neutral,False,,,False,batch,446
813,population_size,Численность населения,0.0,0.0,0.0,0.0,neutral,False,,,False,batch,244
813,divorce_rate,Число зарегистрированных разводов на 1000 населения,0.0,0.0,0.0,0.0,neutral,False,,,False,batch,244
813,marriage_rate,Число зарегистрированных браков на 1000 населения,0.0,0.0,0.0,0.0,neutral,False,,,False,batch,244
813,international_inflow,Число прибывших в страну,0.0,0.0,0.0,0.0,neutral,False,,,False,batch,244
813,international_outflow,Число выбывших из страны,0.0,0.0,0.0,0.0,neutral,False,,,False,batch,244
813,internal_arrivals,Число прибытий внутри региона,0.0,0.0,0.0,0.0,neutral,False,,,False,batch,244
813,internal_departures,Число выбытий из региона,0.0,0.0,0.0,0.0,neutral,False,,,False,batch,244
813,infant_mortality,Коэффициент младенческой смертности,0.0,0.0,0.0,0.0,neutral,False,,,False,batch,244
813,life_expectancy,Ожидаемая продолжительность жизни,0.0,0.0,0.0,0.0,neutral,False,,,False,batch,244
813,male_population,Число мужчин,0.0,0.0,0.0,0.0,neutral,False,,,False,batch,244
813,female_population,Число женщин,0.0,0.0,0.0,0.0,neutral,False,,,False,batch,244
813,per_capita_income,Среднедушевые денежные доходы населения,0.0,0.0,0.0,0.0,neutral,False,,,False,batch,244
813,real_income_index,Реальные денежные доходы населения,0.0,0.0,0.0,0.0,neutral,False,,,False,batch,244
813,unemployment_rate,Уровень безработицы,0.0,0.0,0.0,0.0,neutral,False,,,False,batch,244
813,living_wage,Величина прожиточного минимума на душу населения,0.0,0.0,0.0,0.0,neutral,False,,,False,batch,244
813,child_living_wage,Величина прожиточного минимума на ребенка,0.0,0.0,0.0,0.0,neutral,False,,,False,batch,244
813,hospitals,Число больничных организаций,0.0,0.0,0.0,0.0,neutral,False,,,False,batch,244
813,outpatient_clinics,Число амбулаторно-поликлинических организаций,0.0,0.0,0.0,0.0,neutral,False,,,False,batch,244
813,abortions,Число абортов,0.0,0.0,0.0,0.0,neutral,False,,,False,batch,244
813,qualified_doctors,Численность врачей высшей и первой квалификационных категорий,0.6,0.0,0.0,0.8,neutral,True,дефицит квалифицированных кадров,дефицит кадров в медиаотрасли,True,batch,244
813,preschool_coverage,Охват детей до 6 лет дошкольным образованием,0.0,0.0,0.0,0.0,neutral,False,,,False,batch,244
813,children_benefits,"Численность детей до 18 лет, на которых назначено пособие",0.0,0.0,0.0,0.0,neutral,False,,,False,batch,244
813,maternity_capital,"Численность лиц, получивших сертификат на материнский капитал",0.0,0.0,0.0,0.0,neutral,False,,,False,batch,244
813,childcare_allowance,Ежемесячное пособие по уходу за первым ребенком,0.0,0.0,0.0,0.0,neutral,False,,,False,batch,244
813,large_families_housing,"Многодетные семьи, улучшившие жилищные условия",0.0,0.0,0.0,0.0,neutral,False,,,False,batch,244
813,housing_area_per_capita,Общая площадь жилья на одного жителя,0.0,0.0,0.0,0.0,neutral,False,,,False,batch,244
813,consumer_price_index,Индексы потребительских цен,0.0,0.0,0.0,0.0,neutral,False,,,False,batch,244
813,primary_housing_price_index,Индексы цен на первичном рынке жилья,0.0,0.0,0.0,0.0,neutral,False,,,False,batch,244
813,secondary_housing_price_index,Индексы цен на вторичном рынке жилья,0.0,0.0,0.0,0.0,neutral,False,,,False,batch,244
813,industrial_production_index,Индексы промышленного производства,0.0,0.0,0.0,0.0,neutral,False,,,False,batch,244
813,enterprises_count,Число предприятий и организаций,0.0,0.0,0.0,0.0,neutral,False,,,False,batch,244
813,crime_count,Количество преступлений,0.0,0.0,0.0,0.0,neutral,False,,,False,batch,244
813,air_pollution,Выбросы загрязняющих веществ в атмосферный воздух,0.0,0.0,0.0,0.0,neutral,False,,,False,batch,244
813,wastewater_discharge,Сброс загрязненных сточных вод,0.0,0.0,0.0,0.0,neutral,False,,,False,batch,244
813,mortality_rate,Коэффициент смертности на 1000 человек,0.0,0.0,0.0,0.0,neutral,False,,,False,batch,244
813,birth_rate_per_1000,Коэффициент рождаемости на 1000 человек,0.0,0.0,0.0,0.0,neutral,False,,,False,batch,244
816,population_size,Численность населения,0.0,0.0,0.0,0.0,neutral,False,,,False,batch,273
816,divorce_rate,Число зарегистрированных разводов на 1000 населения,0.0,0.0,0.0,0.0,neutral,False,,,False,batch,273
816,marriage_rate,Число зарегистрированных браков на 1000 населения,0.0,0.0,0.0,0.0,neutral,False,,,False,batch,273
816,international_inflow,Число прибывших в страну,0.0,0.0,0.0,0.0,neutral,False,,,False,batch,273
816,international_outflow,Число выбывших из страны,0.0,0.0,0.0,0.0,neutral,False,,,False,batch,273
816,internal_arrivals,Число прибытий внутри региона,0.0,0.0,0.0,0.0,neutral,False,,,False,batch,273
816,internal_departures,Число выбытий из региона,0.0,0.0,0.0,0.0,neutral,False,,,False,batch,273
816,infant_mortality,Коэффициент младенческой смертности,0.0,0.0,0.0,0.0,neutral,False,,,False,batch,273
816,life_expectancy,Ожидаемая продолжительность жизни,0.0,0.0,0.0,0.0,neutral,False,,,False,batch,273
816,male_population,Число мужчин,0.0,0.0,0.0,0.0,neutral,False,,,False,batch,273
816,female_population,Число женщин,0.0,0.0,0.0,0.0,neutral,False,,,False,batch,273
816,per_capita_income,Среднедушевые денежные доходы населения,0.0,0.0,0.0,0.0,neutral,False,,,False,batch,273
816,real_income_index,Реальные денежные доходы населения,0.0,0.0,0.0,0.0,neutral,False,,,False,batch,273
816,unemployment_rate,Уровень безработицы,0.0,0.0,0.0,0.0,neutral,False,,,False,batch,273
816,living_wage,Величина прожиточного минимума на душу населения,0.0,0.0,0.0,0.0,neutral,False,,,False,batch,273
816,child_living_wage,Величина прожиточного минимума на ребенка,0.0,0.0,0.0,0.0,neutral,False,,,False,batch,273
816,hospitals,Число больничных организаций,0.0,0.0,0.0,0.0,neutral,False,,,False,batch,273
816,outpatient_clinics,Число амбулаторно-поликлинических организаций,0.0,0.0,0.0,0.0,neutral,False,,,False,batch,273
816,abortions,Число абортов,0.0,0.0,0.0,0.0,neutral,False,,,False,batch,273
816,qualified_doctors,Численность врачей высшей и первой квалификационных категорий,0.0,0.0,0.0,0.0,neutral,False,,,False,batch,273
816,preschool_coverage,Охват детей до 6 лет дошкольным образованием,0.0,0.0,0.0,0.0,neutral,False,,,False,batch,273
816,children_benefits,"Численность детей до 18 лет, на которых назначено пособие",0.0,0.0,0.0,0.0,neutral,False,,,False,batch,273
816,maternity_capital,"Численность лиц, получивших сертификат на материнский капитал",0.0,0.0,0.0,0.0,neutral,False,,,False,batch,273
816,childcare_allowance,Ежемесячное пособие по уходу за первым ребенком,0.0,0.0,0.0,0.0,neutral,False,,,False,batch,273
816,large_families_housing,"Многодетные семьи, улучшившие жилищные условия",0.0,0.0,0.0,0.0,neutral,False,,,False,batch,273
816,housing_area_per_capita,Общая площадь жилья на одного жителя,0.0,0.0,0.0,0.0,neutral,False,,,False,batch,273
816,consumer_price_index,Индексы потребительских цен,0.0,0.0,0.0,0.0,neutral,False,,,False,batch,273
816,primary_housing_price_index,Индексы цен на первичном рынке жилья,0.0,0.0,0.0,0.0,neutral,False,,,False,batch,273
816,secondary_housing_price_index,Индексы цен на вторичном рынке жилья,0.0,0.0,0.0,0.0,neutral,False,,,False,batch,273
816,industrial_production_index,Индексы промышленного производства,0.3,0.0,0.0,0.7,neutral,True,Ограничения на прием и выпуск воздушных судов сняты,связь с авиационной деятельностью,True,batch,273
816,enterprises_count,Число предприятий и организаций,0.0,0.0,0.0,0.0,neutral,False,,,False,batch,273
816,crime_count,Количество преступлений,0.0,0.0,0.0,0.0,neutral,False,,,False,batch,273
816,air_pollution,Выбросы загрязняющих веществ в атмосферный воздух,0.0,0.0,0.0,0.0,neutral,False,,,False,batch,273
816,wastewater_discharge,Сброс загрязненных сточных вод,0.0,0.0,0.0,0.0,neutral,False,,,False,batch,273
816,mortality_rate,Коэффициент смертности на 1000 человек,0.0,0.0,0.0,0.0,neutral,False,,,False,batch,273
816,birth_rate_per_1000,Коэффициент рождаемости на 1000 человек,0.0,0.0,0.0,0.0,neutral,False,,,False,batch,273
825,population_size,Численность населения,0.0,0.0,0.0,0.0,neutral,False,,,False,batch,254
825,divorce_rate,Число зарегистрированных разводов на 1000 населения,0.0,0.0,0.0,0.0,neutral,False,,,False,batch,254
825,marriage_rate,Число зарегистрированных браков на 1000 населения,0.0,0.0,0.0,0.0,neutral,False,,,False,batch,254
825,international_inflow,Число прибывших в страну,0.0,0.0,0.0,0.0,neutral,False,,,False,batch,254
825,international_outflow,Число выбывших из страны,0.0,0.0,0.0,0.0,neutral,False,,,False,batch,254
825,internal_arrivals,Число прибытий внутри региона,0.0,0.0,0.0,0.0,neutral,False,,,False,batch,254
825,internal_departures,Число выбытий из региона,0.0,0.0,0.0,0.0,neutral,False,,,False,batch,254
825,infant_mortality,Коэффициент младенческой смертности,0.0,0.0,0.0,0.0,neutral,False,,,False,batch,254
825,life_expectancy,Ожидаемая продолжительность жизни,0.0,0.0,0.0,0.0,neutral,False,,,False,batch,254
825,male_population,Число мужчин,0.0,0.0,0.0,0.0,neutral,False,,,False,batch,254
825,female_population,Число женщин,0.0,0.0,0.0,0.0,neutral,False,,,False,batch,254
825,per_capita_income,Среднедушевые денежные доходы населения,0.0,0.0,0.0,0.0,neutral,False,,,False,batch,254
825,real_income_index,Реальные денежные доходы населения,0.0,0.0,0.0,0.0,neutral,False,,,False,batch,254
825,unemployment_rate,Уровень безработицы,0.0,0.0,0.0,0.0,neutral,False,,,False,batch,254
825,living_wage,Величина прожиточного минимума на душу населения,0.0,0.0,0.0,0.0,neutral,False,,,False,batch,254
825,child_living_wage,Величина прожиточного минимума на ребенка,0.0,0.0,0.0,0.0,neutral,False,,,False,batch,254
825,hospitals,Число больничных организаций,0.0,0.0,0.0,0.0,neutral,False,,,False,batch,254
825,outpatient_clinics,Число амбулаторно-поликлинических организаций,0.0,0.0,0.0,0.0,neutral,False,,,False,batch,254
825,abortions,Число абортов,0.0,0.0,0.0,0.0,neutral,False,,,False,batch,254
825,qualified_doctors,Численность врачей высшей и первой квалификационных категорий,0.0,0.0,0.0,0.0,neutral,False,,,False,batch,254
825,preschool_coverage,Охват детей до 6 лет дошкольным образованием,0.0,0.0,0.0,0.0,neutral,False,,,False,batch,254
825,children_benefits,"Численность детей до 18 лет, на которых назначено пособие",0.0,0.0,0.0,0.0,neutral,False,,,False,batch,254
825,maternity_capital,"Численность лиц, получивших сертификат на материнский капитал",0.0,0.0,0.0,0.0,neutral,False,,,False,batch,254
825,childcare_allowance,Ежемесячное пособие по уходу за первым ребенком,0.0,0.0,0.0,0.0,neutral,False,,,False,batch,254
825,large_families_housing,"Многодетные семьи, улучшившие жилищные условия",0.0,0.0,0.0,0.0,neutral,False,,,False,batch,254
825,housing_area_per_capita,Общая площадь жилья на одного жителя,0.0,0.0,0.0,0.0,neutral,False,,,False,batch,254
825,consumer_price_index,Индексы потребительских цен,0.0,0.0,0.0,0.0,neutral,False,,,False,batch,254
825,primary_housing_price_index,Индексы цен на первичном рынке жилья,0.0,0.0,0.0,0.0,neutral,False,,,False,batch,254
825,secondary_housing_price_index,Индексы цен на вторичном рынке жилья,0.0,0.0,0.0,0.0,neutral,False,,,False,batch,254
825,industrial_production_index,Индексы промышленного производства,0.9,0.0,0.5,0.9,neutral,True,потеря внешнего электроснабжения ЗАЭС,"энергообъект, производство",True,batch,254
825,enterprises_count,Число предприятий и организаций,0.0,0.0,0.0,0.0,neutral,False,,,False,batch,254
825,crime_count,Количество преступлений,0.0,0.0,0.0,0.0,neutral,False,,,False,batch,254
825,air_pollution,Выбросы загрязняющих веществ в атмосферный воздух,0.0,0.0,0.0,0.0,neutral,False,,,False,batch,254
825,wastewater_discharge,Сброс загрязненных сточных вод,0.0,0.0,0.0,0.0,neutral,False,,,False,batch,254
825,mortality_rate,Коэффициент смертности на 1000 человек,0.0,0.0,0.0,0.0,neutral,False,,,False,batch,254
825,birth_rate_per_1000,Коэффициент рождаемости на 1000 человек,0.0,0.0,0.0,0.0,neutral,False,,,False,batch,254
828,population_size,Численность населения,0.0,0.0,0.0,0.0,neutral,False,,,False,batch,227
828,divorce_rate,Число зарегистрированных разводов на 1000 населения,0.0,0.0,0.0,0.0,neutral,False,,,False,batch,227
828,marriage_rate,Число зарегистрированных браков на 1000 населения,0.0,0.0,0.0,0.0,neutral,False,,,False,batch,227
828,international_inflow,Число прибывших в страну,0.0,0.0,0.0,0.0,neutral,False,,,False,batch,227
828,international_outflow,Число выбывших из страны,0.0,0.0,0.0,0.0,neutral,False,,,False,batch,227
828,internal_arrivals,Число прибытий внутри региона,0.0,0.0,0.0,0.0,neutral,False,,,False,batch,227
828,internal_departures,Число выбытий из региона,0.0,0.0,0.0,0.0,neutral,False,,,False,batch,227
828,infant_mortality,Коэффициент младенческой смертности,0.0,0.0,0.0,0.0,neutral,False,,,False,batch,227
828,life_expectancy,Ожидаемая продолжительность жизни,0.0,0.0,0.0,0.0,neutral,False,,,False,batch,227
828,male_population,Число мужчин,0.0,0.0,0.0,0.0,neutral,False,,,False,batch,227
828,female_population,Число женщин,0.0,0.0,0.0,0.0,neutral,False,,,False,batch,227
828,per_capita_income,Среднедушевые денежные доходы населения,0.0,0.0,0.0,0.0,neutral,False,,,False,batch,227
828,real_income_index,Реальные денежные доходы населения,0.0,0.0,0.0,0.0,neutral,False,,,False,batch,227
828,unemployment_rate,Уровень безработицы,0.0,0.0,0.0,0.0,neutral,False,,,False,batch,227
828,living_wage,Величина прожиточного минимума на душу населения,0.0,0.0,0.0,0.0,neutral,False,,,False,batch,227
828,child_living_wage,Величина прожиточного минимума на ребенка,0.0,0.0,0.0,0.0,neutral,False,,,False,batch,227
828,hospitals,Число больничных организаций,0.0,0.0,0.0,0.0,neutral,False,,,False,batch,227
828,outpatient_clinics,Число амбулаторно-поликлинических организаций,0.0,0.0,0.0,0.0,neutral,False,,,False,batch,227
828,abortions,Число абортов,0.0,0.0,0.0,0.0,neutral,False,,,False,batch,227
828,qualified_doctors,Численность врачей высшей и первой квалификационных категорий,0.0,0.0,0.0,0.0,neutral,False,,,False,batch,227
828,preschool_coverage,Охват детей до 6 лет дошкольным образованием,0.0,0.0,0.0,0.0,neutral,False,,,False,batch,227
828,children_benefits,"Численность детей до 18 лет, на которых назначено пособие",0.0,0.0,0.0,0.0,neutral,False,,,False,batch,227
828,maternity_capital,"Численность лиц, получивших сертификат на материнский капитал",0.0,0.0,0.0,0.0,neutral,False,,,False,batch,227
828,childcare_allowance,Ежемесячное пособие по уходу за первым ребенком,0.0,0.0,0.0,0.0,neutral,False,,,False,batch,227
828,large_families_housing,"Многодетные семьи, улучшившие жилищные условия",0.0,0.0,0.0,0.0,neutral,False,,,False,batch,227
828,housing_area_per_capita,Общая площадь жилья на одного жителя,0.0,0.0,0.0,0.0,neutral,False,,,False,batch,227
828,consumer_price_index,Индексы потребительских цен,0.0,0.0,0.0,0.0,neutral,False,,,False,batch,227
828,primary_housing_price_index,Индексы цен на первичном рынке жилья,0.0,0.0,0.0,0.0,neutral,False,,,False,batch,227
828,secondary_housing_price_index,Индексы цен на вторичном рынке жилья,0.0,0.0,0.0,0.0,neutral,False,,,False,batch,227
828,industrial_production_index,Индексы промышленного производства,0.0,0.0,0.0,0.0,neutral,False,,,False,batch,227
828,enterprises_count,Число предприятий и организаций,0.0,0.0,0.0,0.0,neutral,False,,,False,batch,227
828,crime_count,Количество преступлений,0.6,-0.5,0.5,0.8,negative,True,поражение БПЛА над областями,атака -> crime_count,True,batch,227
828,air_pollution,Выбросы загрязняющих веществ в атмосферный воздух,0.0,0.0,0.0,0.0,neutral,False,,,False,batch,227
828,wastewater_discharge,Сброс загрязненных сточных вод,0.0,0.0,0.0,0.0,neutral,False,,,False,batch,227
828,mortality_rate,Коэффициент смертности на 1000 человек,0.0,0.0,0.0,0.0,neutral,False,,,False,batch,227
828,birth_rate_per_1000,Коэффициент рождаемости на 1000 человек,0.0,0.0,0.0,0.0,neutral,False,,,False,batch,227
829,population_size,Численность населения,0.0,0.0,0.0,0.0,neutral,False,,,False,batch,267
829,divorce_rate,Число зарегистрированных разводов на 1000 населения,0.0,0.0,0.0,0.0,neutral,False,,,False,batch,267
829,marriage_rate,Число зарегистрированных браков на 1000 населения,0.0,0.0,0.0,0.0,neutral,False,,,False,batch,267
829,international_inflow,Число прибывших в страну,0.0,0.0,0.0,0.0,neutral,False,,,False,batch,267
829,international_outflow,Число выбывших из страны,0.0,0.0,0.0,0.0,neutral,False,,,False,batch,267
829,internal_arrivals,Число прибытий внутри региона,0.0,0.0,0.0,0.0,neutral,False,,,False,batch,267
829,internal_departures,Число выбытий из региона,0.0,0.0,0.0,0.0,neutral,False,,,False,batch,267
829,infant_mortality,Коэффициент младенческой смертности,0.0,0.0,0.0,0.0,neutral,False,,,False,batch,267
829,life_expectancy,Ожидаемая продолжительность жизни,0.0,0.0,0.0,0.0,neutral,False,,,False,batch,267
829,male_population,Число мужчин,0.0,0.0,0.0,0.0,neutral,False,,,False,batch,267
829,female_population,Число женщин,0.0,0.0,0.0,0.0,neutral,False,,,False,batch,267
829,per_capita_income,Среднедушевые денежные доходы населения,0.0,0.0,0.0,0.0,neutral,False,,,False,batch,267
829,real_income_index,Реальные денежные доходы населения,0.0,0.0,0.0,0.0,neutral,False,,,False,batch,267
829,unemployment_rate,Уровень безработицы,0.0,0.0,0.0,0.0,neutral,False,,,False,batch,267
829,living_wage,Величина прожиточного минимума на душу населения,0.0,0.0,0.0,0.0,neutral,False,,,False,batch,267
829,child_living_wage,Величина прожиточного минимума на ребенка,0.0,0.0,0.0,0.0,neutral,False,,,False,batch,267
829,hospitals,Число больничных организаций,0.0,0.0,0.0,0.0,neutral,False,,,False,batch,267
829,outpatient_clinics,Число амбулаторно-поликлинических организаций,0.0,0.0,0.0,0.0,neutral,False,,,False,batch,267
829,abortions,Число абортов,0.0,0.0,0.0,0.0,neutral,False,,,False,batch,267
829,qualified_doctors,Численность врачей высшей и первой квалификационных категорий,0.6,0.0,0.0,0.8,neutral,True,Минздрав опроверг информацию о переводе справки,Медицинские документы и регулирование,True,batch,267
829,preschool_coverage,Охват детей до 6 лет дошкольным образованием,0.0,0.0,0.0,0.0,neutral,False,,,False,batch,267
829,children_benefits,"Численность детей до 18 лет, на которых назначено пособие",0.0,0.0,0.0,0.0,neutral,False,,,False,batch,267
829,maternity_capital,"Численность лиц, получивших сертификат на материнский капитал",0.0,0.0,0.0,0.0,neutral,False,,,False,batch,267
829,childcare_allowance,Ежемесячное пособие по уходу за первым ребенком,0.0,0.0,0.0,0.0,neutral,False,,,False,batch,267
829,large_families_housing,"Многодетные семьи, улучшившие жилищные условия",0.0,0.0,0.0,0.0,neutral,False,,,False,batch,267
829,housing_area_per_capita,Общая площадь жилья на одного жителя,0.0,0.0,0.0,0.0,neutral,False,,,False,batch,267
829,consumer_price_index,Индексы потребительских цен,0.0,0.0,0.0,0.0,neutral,False,,,False,batch,267
829,primary_housing_price_index,Индексы цен на первичном рынке жилья,0.0,0.0,0.0,0.0,neutral,False,,,False,batch,267
829,secondary_housing_price_index,Индексы цен на вторичном рынке жилья,0.0,0.0,0.0,0.0,neutral,False,,,False,batch,267
829,industrial_production_index,Индексы промышленного производства,0.0,0.0,0.0,0.0,neutral,False,,,False,batch,267
829,enterprises_count,Число предприятий и организаций,0.0,0.0,0.0,0.0,neutral,False,,,False,batch,267
829,crime_count,Количество преступлений,0.0,0.0,0.0,0.0,neutral,False,,,False,batch,267
829,air_pollution,Выбросы загрязняющих веществ в атмосферный воздух,0.0,0.0,0.0,0.0,neutral,False,,,False,batch,267
829,wastewater_discharge,Сброс загрязненных сточных вод,0.0,0.0,0.0,0.0,neutral,False,,,False,batch,267
829,mortality_rate,Коэффициент смертности на 1000 человек,0.0,0.0,0.0,0.0,neutral,False,,,False,batch,267
829,birth_rate_per_1000,Коэффициент рождаемости на 1000 человек,0.0,0.0,0.0,0.0,neutral,False,,,False,batch,267
833,population_size,Численность населения,0.0,0.0,0.0,0.0,neutral,False,,,False,batch,253
833,divorce_rate,Число зарегистрированных разводов на 1000 населения,0.0,0.0,0.0,0.0,neutral,False,,,False,batch,253
833,marriage_rate,Число зарегистрированных браков на 1000 населения,0.0,0.0,0.0,0.0,neutral,False,,,False,batch,253
833,international_inflow,Число прибывших в страну,0.0,0.0,0.0,0.0,neutral,False,,,False,batch,253
833,international_outflow,Число выбывших из страны,0.0,0.0,0.0,0.0,neutral,False,,,False,batch,253
833,internal_arrivals,Число прибытий внутри региона,0.0,0.0,0.0,0.0,neutral,False,,,False,batch,253
833,internal_departures,Число выбытий из региона,0.0,0.0,0.0,0.0,neutral,False,,,False,batch,253
833,infant_mortality,Коэффициент младенческой смертности,0.0,0.0,0.0,0.0,neutral,False,,,False,batch,253
833,life_expectancy,Ожидаемая продолжительность жизни,0.0,0.0,0.0,0.0,neutral,False,,,False,batch,253
833,male_population,Число мужчин,0.0,0.0,0.0,0.0,neutral,False,,,False,batch,253
833,female_population,Число женщин,0.0,0.0,0.0,0.0,neutral,False,,,False,batch,253
833,per_capita_income,Среднедушевые денежные доходы населения,0.0,0.0,0.0,0.0,neutral,False,,,False,batch,253
833,real_income_index,Реальные денежные доходы населения,0.0,0.0,0.0,0.0,neutral,False,,,False,batch,253
833,unemployment_rate,Уровень безработицы,0.0,0.0,0.0,0.0,neutral,False,,,False,batch,253
833,living_wage,Величина прожиточного минимума на душу населения,0.0,0.0,0.0,0.0,neutral,False,,,False,batch,253
833,child_living_wage,Величина прожиточного минимума на ребенка,0.0,0.0,0.0,0.0,neutral,False,,,False,batch,253
833,hospitals,Число больничных организаций,0.0,0.0,0.0,0.0,neutral,False,,,False,batch,253
833,outpatient_clinics,Число амбулаторно-поликлинических организаций,0.0,0.0,0.0,0.0,neutral,False,,,False,batch,253
833,abortions,Число абортов,0.0,0.0,0.0,0.0,neutral,False,,,False,batch,253
833,qualified_doctors,Численность врачей высшей и первой квалификационных категорий,0.0,0.0,0.0,0.0,neutral,False,,,False,batch,253
833,preschool_coverage,Охват детей до 6 лет дошкольным образованием,0.0,0.0,0.0,0.0,neutral,False,,,False,batch,253
833,children_benefits,"Численность детей до 18 лет, на которых назначено пособие",0.0,0.0,0.0,0.0,neutral,False,,,False,batch,253
833,maternity_capital,"Численность лиц, получивших сертификат на материнский капитал",0.0,0.0,0.0,0.0,neutral,False,,,False,batch,253
833,childcare_allowance,Ежемесячное пособие по уходу за первым ребенком,0.0,0.0,0.0,0.0,neutral,False,,,False,batch,253
833,large_families_housing,"Многодетные семьи, улучшившие жилищные условия",0.0,0.0,0.0,0.0,neutral,False,,,False,batch,253
833,housing_area_per_capita,Общая площадь жилья на одного жителя,0.0,0.0,0.0,0.0,neutral,False,,,False,batch,253
833,consumer_price_index,Индексы потребительских цен,0.0,0.0,0.0,0.0,neutral,False,,,False,batch,253
833,primary_housing_price_index,Индексы цен на первичном рынке жилья,0.0,0.0,0.0,0.0,neutral,False,,,False,batch,253
833,secondary_housing_price_index,Индексы цен на вторичном рынке жилья,0.0,0.0,0.0,0.0,neutral,False,,,False,batch,253
833,industrial_production_index,Индексы промышленного производства,0.3,0.0,0.0,0.7,neutral,True,Аэропорт приостановил работу,аэропорт/транспортная инфраструктура,True,batch,253
833,enterprises_count,Число предприятий и организаций,0.0,0.0,0.0,0.0,neutral,False,,,False,batch,253
833,crime_count,Количество преступлений,0.0,0.0,0.0,0.0,neutral,False,,,False,batch,253
833,air_pollution,Выбросы загрязняющих веществ в атмосферный воздух,0.0,0.0,0.0,0.0,neutral,False,,,False,batch,253
833,wastewater_discharge,Сброс загрязненных сточных вод,0.0,0.0,0.0,0.0,neutral,False,,,False,batch,253
833,mortality_rate,Коэффициент смертности на 1000 человек,0.0,0.0,0.0,0.0,neutral,False,,,False,batch,253
833,birth_rate_per_1000,Коэффициент рождаемости на 1000 человек,0.0,0.0,0.0,0.0,neutral,False,,,False,batch,253
837,population_size,Численность населения,0.0,0.0,0.0,0.0,neutral,False,,,False,batch,268
837,divorce_rate,Число зарегистрированных разводов на 1000 населения,0.0,0.0,0.0,0.0,neutral,False,,,False,batch,268
837,marriage_rate,Число зарегистрированных браков на 1000 населения,0.0,0.0,0.0,0.0,neutral,False,,,False,batch,268
837,international_inflow,Число прибывших в страну,0.0,0.0,0.0,0.0,neutral,False,,,False,batch,268
837,international_outflow,Число выбывших из страны,0.0,0.0,0.0,0.0,neutral,False,,,False,batch,268
837,internal_arrivals,Число прибытий внутри региона,0.0,0.0,0.0,0.0,neutral,False,,,False,batch,268
837,internal_departures,Число выбытий из региона,0.0,0.0,0.0,0.0,neutral,False,,,False,batch,268
837,infant_mortality,Коэффициент младенческой смертности,0.0,0.0,0.0,0.0,neutral,False,,,False,batch,268
837,life_expectancy,Ожидаемая продолжительность жизни,0.0,0.0,0.0,0.0,neutral,False,,,False,batch,268
837,male_population,Число мужчин,0.0,0.0,0.0,0.0,neutral,False,,,False,batch,268
837,female_population,Число женщин,0.0,0.0,0.0,0.0,neutral,False,,,False,batch,268
837,per_capita_income,Среднедушевые денежные доходы населения,0.0,0.0,0.0,0.0,neutral,False,,,False,batch,268
837,real_income_index,Реальные денежные доходы населения,0.0,0.0,0.0,0.0,neutral,False,,,False,batch,268
837,unemployment_rate,Уровень безработицы,0.0,0.0,0.0,0.0,neutral,False,,,False,batch,268
837,living_wage,Величина прожиточного минимума на душу населения,0.0,0.0,0.0,0.0,neutral,False,,,False,batch,268
837,child_living_wage,Величина прожиточного минимума на ребенка,0.0,0.0,0.0,0.0,neutral,False,,,False,batch,268
837,hospitals,Число больничных организаций,0.0,0.0,0.0,0.0,neutral,False,,,False,batch,268
837,outpatient_clinics,Число амбулаторно-поликлинических организаций,0.0,0.0,0.0,0.0,neutral,False,,,False,batch,268
837,abortions,Число абортов,0.0,0.0,0.0,0.0,neutral,False,,,False,batch,268
837,qualified_doctors,Численность врачей высшей и первой квалификационных категорий,0.0,0.0,0.0,0.0,neutral,False,,,False,batch,268
837,preschool_coverage,Охват детей до 6 лет дошкольным образованием,0.0,0.0,0.0,0.0,neutral,False,,,False,batch,268
837,children_benefits,"Численность детей до 18 лет, на которых назначено пособие",0.0,0.0,0.0,0.0,neutral,False,,,False,batch,268
837,maternity_capital,"Численность лиц, получивших сертификат на материнский капитал",0.0,0.0,0.0,0.0,neutral,False,,,False,batch,268
837,childcare_allowance,Ежемесячное пособие по уходу за первым ребенком,0.0,0.0,0.0,0.0,neutral,False,,,False,batch,268
837,large_families_housing,"Многодетные семьи, улучшившие жилищные условия",0.0,0.0,0.0,0.0,neutral,False,,,False,batch,268
837,housing_area_per_capita,Общая площадь жилья на одного жителя,0.0,0.0,0.0,0.0,neutral,False,,,False,batch,268
837,consumer_price_index,Индексы потребительских цен,0.0,0.0,0.0,0.0,neutral,False,,,False,batch,268
837,primary_housing_price_index,Индексы цен на первичном рынке жилья,0.0,0.0,0.0,0.0,neutral,False,,,False,batch,268
837,secondary_housing_price_index,Индексы цен на вторичном рынке жилья,0.0,0.0,0.0,0.0,neutral,False,,,False,batch,268
837,industrial_production_index,Индексы промышленного производства,0.9,-0.5,0.7,0.9,negative,True,"ограничения на торговлю, промышленность",санкции затрагивают промышленность,True,batch,268
837,enterprises_count,Число предприятий и организаций,0.0,0.0,0.0,0.0,neutral,False,,,False,batch,268
837,crime_count,Количество преступлений,0.0,0.0,0.0,0.0,neutral,False,,,False,batch,268
837,air_pollution,Выбросы загрязняющих веществ в атмосферный воздух,0.0,0.0,0.0,0.0,neutral,False,,,False,batch,268
837,wastewater_discharge,Сброс загрязненных сточных вод,0.0,0.0,0.0,0.0,neutral,False,,,False,batch,268
837,mortality_rate,Коэффициент смертности на 1000 человек,0.0,0.0,0.0,0.0,neutral,False,,,False,batch,268
837,birth_rate_per_1000,Коэффициент рождаемости на 1000 человек,0.0,0.0,0.0,0.0,neutral,False,,,False,batch,268
839,population_size,Численность населения,0.0,0.0,0.0,0.0,neutral,False,,,False,batch,250
839,divorce_rate,Число зарегистрированных разводов на 1000 населения,0.0,0.0,0.0,0.0,neutral,False,,,False,batch,250
839,marriage_rate,Число зарегистрированных браков на 1000 населения,0.0,0.0,0.0,0.0,neutral,False,,,False,batch,250
839,international_inflow,Число прибывших в страну,0.0,0.0,0.0,0.0,neutral,False,,,False,batch,250
839,international_outflow,Число выбывших из страны,0.0,0.0,0.0,0.0,neutral,False,,,False,batch,250
839,internal_arrivals,Число прибытий внутри региона,0.0,0.0,0.0,0.0,neutral,False,,,False,batch,250
839,internal_departures,Число выбытий из региона,0.0,0.0,0.0,0.0,neutral,False,,,False,batch,250
839,infant_mortality,Коэффициент младенческой смертности,0.0,0.0,0.0,0.0,neutral,False,,,False,batch,250
839,life_expectancy,Ожидаемая продолжительность жизни,0.0,0.0,0.0,0.0,neutral,False,,,False,batch,250
839,male_population,Число мужчин,0.0,0.0,0.0,0.0,neutral,False,,,False,batch,250
839,female_population,Число женщин,0.0,0.0,0.0,0.0,neutral,False,,,False,batch,250
839,per_capita_income,Среднедушевые денежные доходы населения,0.0,0.0,0.0,0.0,neutral,False,,,False,batch,250
839,real_income_index,Реальные денежные доходы населения,0.0,0.0,0.0,0.0,neutral,False,,,False,batch,250
839,unemployment_rate,Уровень безработицы,0.0,0.0,0.0,0.0,neutral,False,,,False,batch,250
839,living_wage,Величина прожиточного минимума на душу населения,0.0,0.0,0.0,0.0,neutral,False,,,False,batch,250
839,child_living_wage,Величина прожиточного минимума на ребенка,0.0,0.0,0.0,0.0,neutral,False,,,False,batch,250
839,hospitals,Число больничных организаций,0.0,0.0,0.0,0.0,neutral,False,,,False,batch,250
839,outpatient_clinics,Число амбулаторно-поликлинических организаций,0.0,0.0,0.0,0.0,neutral,False,,,False,batch,250
839,abortions,Число абортов,0.0,0.0,0.0,0.0,neutral,False,,,False,batch,250
839,qualified_doctors,Численность врачей высшей и первой квалификационных категорий,0.0,0.0,0.0,0.0,neutral,False,,,False,batch,250
839,preschool_coverage,Охват детей до 6 лет дошкольным образованием,0.0,0.0,0.0,0.0,neutral,False,,,False,batch,250
839,children_benefits,"Численность детей до 18 лет, на которых назначено пособие",0.0,0.0,0.0,0.0,neutral,False,,,False,batch,250
839,maternity_capital,"Численность лиц, получивших сертификат на материнский капитал",0.0,0.0,0.0,0.0,neutral,False,,,False,batch,250
839,childcare_allowance,Ежемесячное пособие по уходу за первым ребенком,0.0,0.0,0.0,0.0,neutral,False,,,False,batch,250
839,large_families_housing,"Многодетные семьи, улучшившие жилищные условия",0.0,0.0,0.0,0.0,neutral,False,,,False,batch,250
839,housing_area_per_capita,Общая площадь жилья на одного жителя,0.0,0.0,0.0,0.0,neutral,False,,,False,batch,250
839,consumer_price_index,Индексы потребительских цен,0.0,0.0,0.0,0.0,neutral,False,,,False,batch,250
839,primary_housing_price_index,Индексы цен на первичном рынке жилья,0.0,0.0,0.0,0.0,neutral,False,,,False,batch,250
839,secondary_housing_price_index,Индексы цен на вторичном рынке жилья,0.0,0.0,0.0,0.0,neutral,False,,,False,batch,250
839,industrial_production_index,Индексы промышленного производства,0.0,0.0,0.0,0.0,neutral,False,,,False,batch,250
839,enterprises_count,Число предприятий и организаций,0.0,0.0,0.0,0.0,neutral,False,,,False,batch,250
839,crime_count,Количество преступлений,0.9,-0.5,0.5,0.9,negative,True,внесен в перечень террористов,причастность к экстремистской деятельности,True,batch,250
839,air_pollution,Выбросы загрязняющих веществ в атмосферный воздух,0.0,0.0,0.0,0.0,neutral,False,,,False,batch,250
839,wastewater_discharge,Сброс загрязненных сточных вод,0.0,0.0,0.0,0.0,neutral,False,,,False,batch,250
839,mortality_rate,Коэффициент смертности на 1000 человек,0.0,0.0,0.0,0.0,neutral,False,,,False,batch,250
839,birth_rate_per_1000,Коэффициент рождаемости на 1000 человек,0.0,0.0,0.0,0.0,neutral,False,,,False,batch,250
843,population_size,Численность населения,0.0,0.0,0.0,0.0,neutral,False,,,False,batch,254
843,divorce_rate,Число зарегистрированных разводов на 1000 населения,0.0,0.0,0.0,0.0,neutral,False,,,False,batch,254
843,marriage_rate,Число зарегистрированных браков на 1000 населения,0.0,0.0,0.0,0.0,neutral,False,,,False,batch,254
843,international_inflow,Число прибывших в страну,0.0,0.0,0.0,0.0,neutral,False,,,False,batch,254
843,international_outflow,Число выбывших из страны,0.0,0.0,0.0,0.0,neutral,False,,,False,batch,254
843,internal_arrivals,Число прибытий внутри региона,0.0,0.0,0.0,0.0,neutral,False,,,False,batch,254
843,internal_departures,Число выбытий из региона,0.0,0.0,0.0,0.0,neutral,False,,,False,batch,254
843,infant_mortality,Коэффициент младенческой смертности,0.0,0.0,0.0,0.0,neutral,False,,,False,batch,254
843,life_expectancy,Ожидаемая продолжительность жизни,0.0,0.0,0.0,0.0,neutral,False,,,False,batch,254
843,male_population,Число мужчин,0.0,0.0,0.0,0.0,neutral,False,,,False,batch,254
843,female_population,Число женщин,0.0,0.0,0.0,0.0,neutral,False,,,False,batch,254
843,per_capita_income,Среднедушевые денежные доходы населения,0.0,0.0,0.0,0.0,neutral,False,,,False,batch,254
843,real_income_index,Реальные денежные доходы населения,0.0,0.0,0.0,0.0,neutral,False,,,False,batch,254
843,unemployment_rate,Уровень безработицы,0.0,0.0,0.0,0.0,neutral,False,,,False,batch,254
843,living_wage,Величина прожиточного минимума на душу населения,0.0,0.0,0.0,0.0,neutral,False,,,False,batch,254
843,child_living_wage,Величина прожиточного минимума на ребенка,0.0,0.0,0.0,0.0,neutral,False,,,False,batch,254
843,hospitals,Число больничных организаций,0.0,0.0,0.0,0.0,neutral,False,,,False,batch,254
843,outpatient_clinics,Число амбулаторно-поликлинических организаций,0.0,0.0,0.0,0.0,neutral,False,,,False,batch,254
843,abortions,Число абортов,0.0,0.0,0.0,0.0,neutral,False,,,False,batch,254
843,qualified_doctors,Численность врачей высшей и первой квалификационных категорий,0.0,0.0,0.0,0.0,neutral,False,,,False,batch,254
843,preschool_coverage,Охват детей до 6 лет дошкольным образованием,0.0,0.0,0.0,0.0,neutral,False,,,False,batch,254
843,children_benefits,"Численность детей до 18 лет, на которых назначено пособие",0.0,0.0,0.0,0.0,neutral,False,,,False,batch,254
843,maternity_capital,"Численность лиц, получивших сертификат на материнский капитал",0.0,0.0,0.0,0.0,neutral,False,,,False,batch,254
843,childcare_allowance,Ежемесячное пособие по уходу за первым ребенком,0.0,0.0,0.0,0.0,neutral,False,,,False,batch,254
843,large_families_housing,"Многодетные семьи, улучшившие жилищные условия",0.0,0.0,0.0,0.0,neutral,False,,,False,batch,254
843,housing_area_per_capita,Общая площадь жилья на одного жителя,0.0,0.0,0.0,0.0,neutral,False,,,False,batch,254
843,consumer_price_index,Индексы потребительских цен,0.0,0.0,0.0,0.0,neutral,False,,,False,batch,254
843,primary_housing_price_index,Индексы цен на первичном рынке жилья,0.0,0.0,0.0,0.0,neutral,False,,,False,batch,254
843,secondary_housing_price_index,Индексы цен на вторичном рынке жилья,0.0,0.0,0.0,0.0,neutral,False,,,False,batch,254
843,industrial_production_index,Индексы промышленного производства,0.9,0.3,0.2,0.9,neutral,True,производили более 20 брендов пива,производство пива и напитков,True,batch,254
843,enterprises_count,Число предприятий и организаций,0.0,0.0,0.0,0.0,neutral,False,,,False,batch,254
843,crime_count,Количество преступлений,0.0,0.0,0.0,0.0,neutral,False,,,False,batch,254
843,air_pollution,Выбросы загрязняющих веществ в атмосферный воздух,0.0,0.0,0.0,0.0,neutral,False,,,False,batch,254
843,wastewater_discharge,Сброс загрязненных сточных вод,0.0,0.0,0.0,0.0,neutral,False,,,False,batch,254
843,mortality_rate,Коэффициент смертности на 1000 человек,0.0,0.0,0.0,0.0,neutral,False,,,False,batch,254
843,birth_rate_per_1000,Коэффициент рождаемости на 1000 человек,0.0,0.0,0.0,0.0,neutral,False,,,False,batch,254
847,population_size,Численность населения,0.0,0.0,0.0,0.0,neutral,False,,,False,batch,277
847,divorce_rate,Число зарегистрированных разводов на 1000 населения,0.0,0.0,0.0,0.0,neutral,False,,,False,batch,277
847,marriage_rate,Число зарегистрированных браков на 1000 населения,0.0,0.0,0.0,0.0,neutral,False,,,False,batch,277
847,international_inflow,Число прибывших в страну,0.0,0.0,0.0,0.0,neutral,False,,,False,batch,277
847,international_outflow,Число выбывших из страны,0.0,0.0,0.0,0.0,neutral,False,,,False,batch,277
847,internal_arrivals,Число прибытий внутри региона,0.0,0.0,0.0,0.0,neutral,False,,,False,batch,277
847,internal_departures,Число выбытий из региона,0.0,0.0,0.0,0.0,neutral,False,,,False,batch,277
847,infant_mortality,Коэффициент младенческой смертности,0.0,0.0,0.0,0.0,neutral,False,,,False,batch,277
847,life_expectancy,Ожидаемая продолжительность жизни,0.0,0.0,0.0,0.0,neutral,False,,,False,batch,277
847,male_population,Число мужчин,0.0,0.0,0.0,0.0,neutral,False,,,False,batch,277
847,female_population,Число женщин,0.0,0.0,0.0,0.0,neutral,False,,,False,batch,277
847,per_capita_income,Среднедушевые денежные доходы населения,0.0,0.0,0.0,0.0,neutral,False,,,False,batch,277
847,real_income_index,Реальные денежные доходы населения,0.0,0.0,0.0,0.0,neutral,False,,,False,batch,277
847,unemployment_rate,Уровень безработицы,0.0,0.0,0.0,0.0,neutral,False,,,False,batch,277
847,living_wage,Величина прожиточного минимума на душу населения,0.0,0.0,0.0,0.0,neutral,False,,,False,batch,277
847,child_living_wage,Величина прожиточного минимума на ребенка,0.0,0.0,0.0,0.0,neutral,False,,,False,batch,277
847,hospitals,Число больничных организаций,0.0,0.0,0.0,0.0,neutral,False,,,False,batch,277
847,outpatient_clinics,Число амбулаторно-поликлинических организаций,0.0,0.0,0.0,0.0,neutral,False,,,False,batch,277
847,abortions,Число абортов,0.0,0.0,0.0,0.0,neutral,False,,,False,batch,277
847,qualified_doctors,Численность врачей высшей и первой квалификационных категорий,0.0,0.0,0.0,0.0,neutral,False,,,False,batch,277
847,preschool_coverage,Охват детей до 6 лет дошкольным образованием,0.0,0.0,0.0,0.0,neutral,False,,,False,batch,277
847,children_benefits,"Численность детей до 18 лет, на которых назначено пособие",0.0,0.0,0.0,0.0,neutral,False,,,False,batch,277
847,maternity_capital,"Численность лиц, получивших сертификат на материнский капитал",0.0,0.0,0.0,0.0,neutral,False,,,False,batch,277
847,childcare_allowance,Ежемесячное пособие по уходу за первым ребенком,0.0,0.0,0.0,0.0,neutral,False,,,False,batch,277
847,large_families_housing,"Многодетные семьи, улучшившие жилищные условия",0.0,0.0,0.0,0.0,neutral,False,,,False,batch,277
847,housing_area_per_capita,Общая площадь жилья на одного жителя,0.0,0.0,0.0,0.0,neutral,False,,,False,batch,277
847,consumer_price_index,Индексы потребительских цен,0.0,0.0,0.0,0.0,neutral,False,,,False,batch,277
847,primary_housing_price_index,Индексы цен на первичном рынке жилья,0.0,0.0,0.0,0.0,neutral,False,,,False,batch,277
847,secondary_housing_price_index,Индексы цен на вторичном рынке жилья,0.0,0.0,0.0,0.0,neutral,False,,,False,batch,277
847,industrial_production_index,Индексы промышленного производства,0.6,0.0,0.2,0.7,neutral,True,создание условий для подготовки к военной службе,военная подготовка -> промышленность,True,batch,277
847,enterprises_count,Число предприятий и организаций,0.0,0.0,0.0,0.0,neutral,False,,,False,batch,277
847,crime_count,Количество преступлений,0.0,0.0,0.0,0.0,neutral,False,,,False,batch,277
847,air_pollution,Выбросы загрязняющих веществ в атмосферный воздух,0.0,0.0,0.0,0.0,neutral,False,,,False,batch,277
847,wastewater_discharge,Сброс загрязненных сточных вод,0.0,0.0,0.0,0.0,neutral,False,,,False,batch,277
847,mortality_rate,Коэффициент смертности на 1000 человек,0.0,0.0,0.0,0.0,neutral,False,,,False,batch,277
847,birth_rate_per_1000,Коэффициент рождаемости на 1000 человек,0.0,0.0,0.0,0.0,neutral,False,,,False,batch,277
850,population_size,Численность населения,0.0,0.0,0.0,0.0,neutral,False,,,False,batch,253
850,divorce_rate,Число зарегистрированных разводов на 1000 населения,0.0,0.0,0.0,0.0,neutral,False,,,False,batch,253
850,marriage_rate,Число зарегистрированных браков на 1000 населения,0.0,0.0,0.0,0.0,neutral,False,,,False,batch,253
850,international_inflow,Число прибывших в страну,0.0,0.0,0.0,0.0,neutral,False,,,False,batch,253
850,international_outflow,Число выбывших из страны,0.0,0.0,0.0,0.0,neutral,False,,,False,batch,253
850,internal_arrivals,Число прибытий внутри региона,0.0,0.0,0.0,0.0,neutral,False,,,False,batch,253
850,internal_departures,Число выбытий из региона,0.0,0.0,0.0,0.0,neutral,False,,,False,batch,253
850,infant_mortality,Коэффициент младенческой смертности,0.0,0.0,0.0,0.0,neutral,False,,,False,batch,253
850,life_expectancy,Ожидаемая продолжительность жизни,0.0,0.0,0.0,0.0,neutral,False,,,False,batch,253
850,male_population,Число мужчин,0.0,0.0,0.0,0.0,neutral,False,,,False,batch,253
850,female_population,Число женщин,0.0,0.0,0.0,0.0,neutral,False,,,False,batch,253
850,per_capita_income,Среднедушевые денежные доходы населения,0.0,0.0,0.0,0.0,neutral,False,,,False,batch,253
850,real_income_index,Реальные денежные доходы населения,0.0,0.0,0.0,0.0,neutral,False,,,False,batch,253
850,unemployment_rate,Уровень безработицы,0.0,0.0,0.0,0.0,neutral,False,,,False,batch,253
850,living_wage,Величина прожиточного минимума на душу населения,0.0,0.0,0.0,0.0,neutral,False,,,False,batch,253
850,child_living_wage,Величина прожиточного минимума на ребенка,0.0,0.0,0.0,0.0,neutral,False,,,False,batch,253
850,hospitals,Число больничных организаций,0.0,0.0,0.0,0.0,neutral,False,,,False,batch,253
850,outpatient_clinics,Число амбулаторно-поликлинических организаций,0.0,0.0,0.0,0.0,neutral,False,,,False,batch,253
850,abortions,Число абортов,0.0,0.0,0.0,0.0,neutral,False,,,False,batch,253
850,qualified_doctors,Численность врачей высшей и первой квалификационных категорий,0.0,0.0,0.0,0.0,neutral,False,,,False,batch,253
850,preschool_coverage,Охват детей до 6 лет дошкольным образованием,0.0,0.0,0.0,0.0,neutral,False,,,False,batch,253
850,children_benefits,"Численность детей до 18 лет, на которых назначено пособие",0.0,0.0,0.0,0.0,neutral,False,,,False,batch,253
850,maternity_capital,"Численность лиц, получивших сертификат на материнский капитал",0.0,0.0,0.0,0.0,neutral,False,,,False,batch,253
850,childcare_allowance,Ежемесячное пособие по уходу за первым ребенком,0.0,0.0,0.0,0.0,neutral,False,,,False,batch,253
850,large_families_housing,"Многодетные семьи, улучшившие жилищные условия",0.0,0.0,0.0,0.0,neutral,False,,,False,batch,253
850,housing_area_per_capita,Общая площадь жилья на одного жителя,0.0,0.0,0.0,0.0,neutral,False,,,False,batch,253
850,consumer_price_index,Индексы потребительских цен,0.0,0.0,0.0,0.0,neutral,False,,,False,batch,253
850,primary_housing_price_index,Индексы цен на первичном рынке жилья,0.0,0.0,0.0,0.0,neutral,False,,,False,batch,253
850,secondary_housing_price_index,Индексы цен на вторичном рынке жилья,0.0,0.0,0.0,0.0,neutral,False,,,False,batch,253
850,industrial_production_index,Индексы промышленного производства,0.6,-0.3,0.4,0.8,negative,True,снижение цен на нефть,негативное влияние на спрос на нефть,True,batch,253
850,enterprises_count,Число предприятий и организаций,0.0,0.0,0.0,0.0,neutral,False,,,False,batch,253
850,crime_count,Количество преступлений,0.0,0.0,0.0,0.0,neutral,False,,,False,batch,253
850,air_pollution,Выбросы загрязняющих веществ в атмосферный воздух,0.0,0.0,0.0,0.0,neutral,False,,,False,batch,253
850,wastewater_discharge,Сброс загрязненных сточных вод,0.0,0.0,0.0,0.0,neutral,False,,,False,batch,253
850,mortality_rate,Коэффициент смертности на 1000 человек,0.0,0.0,0.0,0.0,neutral,False,,,False,batch,253
850,birth_rate_per_1000,Коэффициент рождаемости на 1000 человек,0.0,0.0,0.0,0.0,neutral,False,,,False,batch,253
855,population_size,Численность населения,0.0,0.0,0.0,0.0,neutral,False,,,False,neutral_after_error,0
855,divorce_rate,Число зарегистрированных разводов на 1000 населения,0.0,0.0,0.0,0.0,neutral,False,,,False,neutral_after_error,0
855,marriage_rate,Число зарегистрированных браков на 1000 населения,0.0,0.0,0.0,0.0,neutral,False,,,False,neutral_after_error,0
855,international_inflow,Число прибывших в страну,0.0,0.0,0.0,0.0,neutral,False,,,False,neutral_after_error,0
855,international_outflow,Число выбывших из страны,0.0,0.0,0.0,0.0,neutral,False,,,False,neutral_after_error,0
855,internal_arrivals,Число прибытий внутри региона,0.0,0.0,0.0,0.0,neutral,False,,,False,neutral_after_error,0
855,internal_departures,Число выбытий из региона,0.0,0.0,0.0,0.0,neutral,False,,,False,neutral_after_error,0
855,infant_mortality,Коэффициент младенческой смертности,0.0,0.0,0.0,0.0,neutral,False,,,False,neutral_after_error,0
855,life_expectancy,Ожидаемая продолжительность жизни,0.0,0.0,0.0,0.0,neutral,False,,,False,neutral_after_error,0
855,male_population,Число мужчин,0.0,0.0,0.0,0.0,neutral,False,,,False,neutral_after_error,0
855,female_population,Число женщин,0.0,0.0,0.0,0.0,neutral,False,,,False,neutral_after_error,0
855,per_capita_income,Среднедушевые денежные доходы населения,0.0,0.0,0.0,0.0,neutral,False,,,False,neutral_after_error,0
855,real_income_index,Реальные денежные доходы населения,0.0,0.0,0.0,0.0,neutral,False,,,False,neutral_after_error,0
855,unemployment_rate,Уровень безработицы,0.0,0.0,0.0,0.0,neutral,False,,,False,neutral_after_error,0
855,living_wage,Величина прожиточного минимума на душу населения,0.0,0.0,0.0,0.0,neutral,False,,,False,neutral_after_error,0
855,child_living_wage,Величина прожиточного минимума на ребенка,0.0,0.0,0.0,0.0,neutral,False,,,False,neutral_after_error,0
855,hospitals,Число больничных организаций,0.0,0.0,0.0,0.0,neutral,False,,,False,neutral_after_error,0
855,outpatient_clinics,Число амбулаторно-поликлинических организаций,0.0,0.0,0.0,0.0,neutral,False,,,False,neutral_after_error,0
855,abortions,Число абортов,0.0,0.0,0.0,0.0,neutral,False,,,False,neutral_after_error,0
855,qualified_doctors,Численность врачей высшей и первой квалификационных категорий,0.0,0.0,0.0,0.0,neutral,False,,,False,neutral_after_error,0
855,preschool_coverage,Охват детей до 6 лет дошкольным образованием,0.0,0.0,0.0,0.0,neutral,False,,,False,neutral_after_error,0
855,children_benefits,"Численность детей до 18 лет, на которых назначено пособие",0.0,0.0,0.0,0.0,neutral,False,,,False,neutral_after_error,0
855,maternity_capital,"Численность лиц, получивших сертификат на материнский капитал",0.0,0.0,0.0,0.0,neutral,False,,,False,neutral_after_error,0
855,childcare_allowance,Ежемесячное пособие по уходу за первым ребенком,0.0,0.0,0.0,0.0,neutral,False,,,False,neutral_after_error,0
855,large_families_housing,"Многодетные семьи, улучшившие жилищные условия",0.0,0.0,0.0,0.0,neutral,False,,,False,neutral_after_error,0
855,housing_area_per_capita,Общая площадь жилья на одного жителя,0.0,0.0,0.0,0.0,neutral,False,,,False,neutral_after_error,0
855,consumer_price_index,Индексы потребительских цен,0.0,0.0,0.0,0.0,neutral,False,,,False,neutral_after_error,0
855,primary_housing_price_index,Индексы цен на первичном рынке жилья,0.0,0.0,0.0,0.0,neutral,False,,,False,neutral_after_error,0
855,secondary_housing_price_index,Индексы цен на вторичном рынке жилья,0.0,0.0,0.0,0.0,neutral,False,,,False,neutral_after_error,0
855,industrial_production_index,Индексы промышленного производства,0.0,0.0,0.0,0.0,neutral,False,,,False,neutral_after_error,0
855,enterprises_count,Число предприятий и организаций,0.0,0.0,0.0,0.0,neutral,False,,,False,neutral_after_error,0
855,crime_count,Количество преступлений,0.0,0.0,0.0,0.0,neutral,False,,,False,neutral_after_error,0
855,air_pollution,Выбросы загрязняющих веществ в атмосферный воздух,0.0,0.0,0.0,0.0,neutral,False,,,False,neutral_after_error,0
855,wastewater_discharge,Сброс загрязненных сточных вод,0.0,0.0,0.0,0.0,neutral,False,,,False,neutral_after_error,0
855,mortality_rate,Коэффициент смертности на 1000 человек,0.0,0.0,0.0,0.0,neutral,False,,,False,neutral_after_error,0
855,birth_rate_per_1000,Коэффициент рождаемости на 1000 человек,0.0,0.0,0.0,0.0,neutral,False,,,False,neutral_after_error,0
858,population_size,Численность населения,0.0,0.0,0.0,0.0,neutral,False,,,False,batch,234
858,divorce_rate,Число зарегистрированных разводов на 1000 населения,0.0,0.0,0.0,0.0,neutral,False,,,False,batch,234
858,marriage_rate,Число зарегистрированных браков на 1000 населения,0.0,0.0,0.0,0.0,neutral,False,,,False,batch,234
858,international_inflow,Число прибывших в страну,0.0,0.0,0.0,0.0,neutral,False,,,False,batch,234
858,international_outflow,Число выбывших из страны,0.0,0.0,0.0,0.0,neutral,False,,,False,batch,234
858,internal_arrivals,Число прибытий внутри региона,0.0,0.0,0.0,0.0,neutral,False,,,False,batch,234
858,internal_departures,Число выбытий из региона,0.0,0.0,0.0,0.0,neutral,False,,,False,batch,234
858,infant_mortality,Коэффициент младенческой смертности,0.0,0.0,0.0,0.0,neutral,False,,,False,batch,234
858,life_expectancy,Ожидаемая продолжительность жизни,0.0,0.0,0.0,0.0,neutral,False,,,False,batch,234
858,male_population,Число мужчин,0.0,0.0,0.0,0.0,neutral,False,,,False,batch,234
858,female_population,Число женщин,0.0,0.0,0.0,0.0,neutral,False,,,False,batch,234
858,per_capita_income,Среднедушевые денежные доходы населения,0.0,0.0,0.0,0.0,neutral,False,,,False,batch,234
858,real_income_index,Реальные денежные доходы населения,0.0,0.0,0.0,0.0,neutral,False,,,False,batch,234
858,unemployment_rate,Уровень безработицы,0.0,0.0,0.0,0.0,neutral,False,,,False,batch,234
858,living_wage,Величина прожиточного минимума на душу населения,0.0,0.0,0.0,0.0,neutral,False,,,False,batch,234
858,child_living_wage,Величина прожиточного минимума на ребенка,0.0,0.0,0.0,0.0,neutral,False,,,False,batch,234
858,hospitals,Число больничных организаций,0.0,0.0,0.0,0.0,neutral,False,,,False,batch,234
858,outpatient_clinics,Число амбулаторно-поликлинических организаций,0.0,0.0,0.0,0.0,neutral,False,,,False,batch,234
858,abortions,Число абортов,0.0,0.0,0.0,0.0,neutral,False,,,False,batch,234
858,qualified_doctors,Численность врачей высшей и первой квалификационных категорий,0.0,0.0,0.0,0.0,neutral,False,,,False,batch,234
858,preschool_coverage,Охват детей до 6 лет дошкольным образованием,0.0,0.0,0.0,0.0,neutral,False,,,False,batch,234
858,children_benefits,"Численность детей до 18 лет, на которых назначено пособие",0.0,0.0,0.0,0.0,neutral,False,,,False,batch,234
858,maternity_capital,"Численность лиц, получивших сертификат на материнский капитал",0.0,0.0,0.0,0.0,neutral,False,,,False,batch,234
858,childcare_allowance,Ежемесячное пособие по уходу за первым ребенком,0.0,0.0,0.0,0.0,neutral,False,,,False,batch,234
858,large_families_housing,"Многодетные семьи, улучшившие жилищные условия",0.0,0.0,0.0,0.0,neutral,False,,,False,batch,234
858,housing_area_per_capita,Общая площадь жилья на одного жителя,0.0,0.0,0.0,0.0,neutral,False,,,False,batch,234
858,consumer_price_index,Индексы потребительских цен,0.0,0.0,0.0,0.0,neutral,False,,,False,batch,234
858,primary_housing_price_index,Индексы цен на первичном рынке жилья,0.0,0.0,0.0,0.0,neutral,False,,,False,batch,234
858,secondary_housing_price_index,Индексы цен на вторичном рынке жилья,0.0,0.0,0.0,0.0,neutral,False,,,False,batch,234
858,industrial_production_index,Индексы промышленного производства,0.0,0.0,0.0,0.0,neutral,False,,,False,batch,234
858,enterprises_count,Число предприятий и организаций,0.0,0.0,0.0,0.0,neutral,False,,,False,batch,234
858,crime_count,Количество преступлений,0.6,-0.5,0.5,0.8,negative,True,"погибли три человека, 57 пострадали",атака -> crime_count,True,batch,234
858,air_pollution,Выбросы загрязняющих веществ в атмосферный воздух,0.0,0.0,0.0,0.0,neutral,False,,,False,batch,234
858,wastewater_discharge,Сброс загрязненных сточных вод,0.0,0.0,0.0,0.0,neutral,False,,,False,batch,234
858,mortality_rate,Коэффициент смертности на 1000 человек,0.0,0.0,0.0,0.0,neutral,False,,,False,batch,234
858,birth_rate_per_1000,Коэффициент рождаемости на 1000 человек,0.0,0.0,0.0,0.0,neutral,False,,,False,batch,234
859,population_size,Численность населения,0.0,0.0,0.0,0.0,neutral,False,,,False,batch,256
859,divorce_rate,Число зарегистрированных разводов на 1000 населения,0.0,0.0,0.0,0.0,neutral,False,,,False,batch,256
859,marriage_rate,Число зарегистрированных браков на 1000 населения,0.0,0.0,0.0,0.0,neutral,False,,,False,batch,256
859,international_inflow,Число прибывших в страну,0.0,0.0,0.0,0.0,neutral,False,,,False,batch,256
859,international_outflow,Число выбывших из страны,0.0,0.0,0.0,0.0,neutral,False,,,False,batch,256
859,internal_arrivals,Число прибытий внутри региона,0.0,0.0,0.0,0.0,neutral,False,,,False,batch,256
859,internal_departures,Число выбытий из региона,0.0,0.0,0.0,0.0,neutral,False,,,False,batch,256
859,infant_mortality,Коэффициент младенческой смертности,0.0,0.0,0.0,0.0,neutral,False,,,False,batch,256
859,life_expectancy,Ожидаемая продолжительность жизни,0.0,0.0,0.0,0.0,neutral,False,,,False,batch,256
859,male_population,Число мужчин,0.0,0.0,0.0,0.0,neutral,False,,,False,batch,256
859,female_population,Число женщин,0.0,0.0,0.0,0.0,neutral,False,,,False,batch,256
859,per_capita_income,Среднедушевые денежные доходы населения,0.0,0.0,0.0,0.0,neutral,False,,,False,batch,256
859,real_income_index,Реальные денежные доходы населения,0.0,0.0,0.0,0.0,neutral,False,,,False,batch,256
859,unemployment_rate,Уровень безработицы,0.0,0.0,0.0,0.0,neutral,False,,,False,batch,256
859,living_wage,Величина прожиточного минимума на душу населения,0.0,0.0,0.0,0.0,neutral,False,,,False,batch,256
859,child_living_wage,Величина прожиточного минимума на ребенка,0.0,0.0,0.0,0.0,neutral,False,,,False,batch,256
859,hospitals,Число больничных организаций,0.0,0.0,0.0,0.0,neutral,False,,,False,batch,256
859,outpatient_clinics,Число амбулаторно-поликлинических организаций,0.0,0.0,0.0,0.0,neutral,False,,,False,batch,256
859,abortions,Число абортов,0.0,0.0,0.0,0.0,neutral,False,,,False,batch,256
859,qualified_doctors,Численность врачей высшей и первой квалификационных категорий,0.0,0.0,0.0,0.0,neutral,False,,,False,batch,256
859,preschool_coverage,Охват детей до 6 лет дошкольным образованием,0.0,0.0,0.0,0.0,neutral,False,,,False,batch,256
859,children_benefits,"Численность детей до 18 лет, на которых назначено пособие",0.0,0.0,0.0,0.0,neutral,False,,,False,batch,256
859,maternity_capital,"Численность лиц, получивших сертификат на материнский капитал",0.0,0.0,0.0,0.0,neutral,False,,,False,batch,256
859,childcare_allowance,Ежемесячное пособие по уходу за первым ребенком,0.0,0.0,0.0,0.0,neutral,False,,,False,batch,256
859,large_families_housing,"Многодетные семьи, улучшившие жилищные условия",0.0,0.0,0.0,0.0,neutral,False,,,False,batch,256
859,housing_area_per_capita,Общая площадь жилья на одного жителя,0.0,0.0,0.0,0.0,neutral,False,,,False,batch,256
859,consumer_price_index,Индексы потребительских цен,0.0,0.0,0.0,0.0,neutral,False,,,False,batch,256
859,primary_housing_price_index,Индексы цен на первичном рынке жилья,0.0,0.0,0.0,0.0,neutral,False,,,False,batch,256
859,secondary_housing_price_index,Индексы цен на вторичном рынке жилья,0.0,0.0,0.0,0.0,neutral,False,,,False,batch,256
859,industrial_production_index,Индексы промышленного производства,0.6,0.0,0.0,0.8,neutral,True,задействовала авиацию и подлодку,военные учения и применение техники,True,batch,256
859,enterprises_count,Число предприятий и организаций,0.0,0.0,0.0,0.0,neutral,False,,,False,batch,256
859,crime_count,Количество преступлений,0.0,0.0,0.0,0.0,neutral,False,,,False,batch,256
859,air_pollution,Выбросы загрязняющих веществ в атмосферный воздух,0.0,0.0,0.0,0.0,neutral,False,,,False,batch,256
859,wastewater_discharge,Сброс загрязненных сточных вод,0.0,0.0,0.0,0.0,neutral,False,,,False,batch,256
859,mortality_rate,Коэффициент смертности на 1000 человек,0.0,0.0,0.0,0.0,neutral,False,,,False,batch,256
859,birth_rate_per_1000,Коэффициент рождаемости на 1000 человек,0.0,0.0,0.0,0.0,neutral,False,,,False,batch,256
860,population_size,Численность населения,0.0,0.0,0.0,0.0,neutral,False,,,False,batch,272
860,divorce_rate,Число зарегистрированных разводов на 1000 населения,0.0,0.0,0.0,0.0,neutral,False,,,False,batch,272
860,marriage_rate,Число зарегистрированных браков на 1000 населения,0.0,0.0,0.0,0.0,neutral,False,,,False,batch,272
860,international_inflow,Число прибывших в страну,0.0,0.0,0.0,0.0,neutral,False,,,False,batch,272
860,international_outflow,Число выбывших из страны,0.0,0.0,0.0,0.0,neutral,False,,,False,batch,272
860,internal_arrivals,Число прибытий внутри региона,0.0,0.0,0.0,0.0,neutral,False,,,False,batch,272
860,internal_departures,Число выбытий из региона,0.0,0.0,0.0,0.0,neutral,False,,,False,batch,272
860,infant_mortality,Коэффициент младенческой смертности,0.0,0.0,0.0,0.0,neutral,False,,,False,batch,272
860,life_expectancy,Ожидаемая продолжительность жизни,0.0,0.0,0.0,0.0,neutral,False,,,False,batch,272
860,male_population,Число мужчин,0.0,0.0,0.0,0.0,neutral,False,,,False,batch,272
860,female_population,Число женщин,0.0,0.0,0.0,0.0,neutral,False,,,False,batch,272
860,per_capita_income,Среднедушевые денежные доходы населения,0.0,0.0,0.0,0.0,neutral,False,,,False,batch,272
860,real_income_index,Реальные денежные доходы населения,0.0,0.0,0.0,0.0,neutral,False,,,False,batch,272
860,unemployment_rate,Уровень безработицы,0.0,0.0,0.0,0.0,neutral,False,,,False,batch,272
860,living_wage,Величина прожиточного минимума на душу населения,0.0,0.0,0.0,0.0,neutral,False,,,False,batch,272
860,child_living_wage,Величина прожиточного минимума на ребенка,0.0,0.0,0.0,0.0,neutral,False,,,False,batch,272
860,hospitals,Число больничных организаций,0.0,0.0,0.0,0.0,neutral,False,,,False,batch,272
860,outpatient_clinics,Число амбулаторно-поликлинических организаций,0.0,0.0,0.0,0.0,neutral,False,,,False,batch,272
860,abortions,Число абортов,0.0,0.0,0.0,0.0,neutral,False,,,False,batch,272
860,qualified_doctors,Численность врачей высшей и первой квалификационных категорий,0.0,0.0,0.0,0.0,neutral,False,,,False,batch,272
860,preschool_coverage,Охват детей до 6 лет дошкольным образованием,0.0,0.0,0.0,0.0,neutral,False,,,False,batch,272
860,children_benefits,"Численность детей до 18 лет, на которых назначено пособие",0.0,0.0,0.0,0.0,neutral,False,,,False,batch,272
860,maternity_capital,"Численность лиц, получивших сертификат на материнский капитал",0.0,0.0,0.0,0.0,neutral,False,,,False,batch,272
860,childcare_allowance,Ежемесячное пособие по уходу за первым ребенком,0.0,0.0,0.0,0.0,neutral,False,,,False,batch,272
860,large_families_housing,"Многодетные семьи, улучшившие жилищные условия",0.0,0.0,0.0,0.0,neutral,False,,,False,batch,272
860,housing_area_per_capita,Общая площадь жилья на одного жителя,0.0,0.0,0.0,0.0,neutral,False,,,False,batch,272
860,consumer_price_index,Индексы потребительских цен,0.0,0.0,0.0,0.0,neutral,False,,,False,batch,272
860,primary_housing_price_index,Индексы цен на первичном рынке жилья,0.0,0.0,0.0,0.0,neutral,False,,,False,batch,272
860,secondary_housing_price_index,Индексы цен на вторичном рынке жилья,0.0,0.0,0.0,0.0,neutral,False,,,False,batch,272
860,industrial_production_index,Индексы промышленного производства,0.6,0.0,0.0,0.8,neutral,True,обсудят экономические и энергетические вопросы,"энергетика, экономические вопросы",True,batch,272
860,enterprises_count,Число предприятий и организаций,0.0,0.0,0.0,0.0,neutral,False,,,False,batch,272
860,crime_count,Количество преступлений,0.0,0.0,0.0,0.0,neutral,False,,,False,batch,272
860,air_pollution,Выбросы загрязняющих веществ в атмосферный воздух,0.0,0.0,0.0,0.0,neutral,False,,,False,batch,272
860,wastewater_discharge,Сброс загрязненных сточных вод,0.0,0.0,0.0,0.0,neutral,False,,,False,batch,272
860,mortality_rate,Коэффициент смертности на 1000 человек,0.0,0.0,0.0,0.0,neutral,False,,,False,batch,272
860,birth_rate_per_1000,Коэффициент рождаемости на 1000 человек,0.0,0.0,0.0,0.0,neutral,False,,,False,batch,272
863,population_size,Численность населения,0.0,0.0,0.0,0.0,neutral,False,,,False,batch,235
863,divorce_rate,Число зарегистрированных разводов на 1000 населения,0.0,0.0,0.0,0.0,neutral,False,,,False,batch,235
863,marriage_rate,Число зарегистрированных браков на 1000 населения,0.0,0.0,0.0,0.0,neutral,False,,,False,batch,235
863,international_inflow,Число прибывших в страну,0.0,0.0,0.0,0.0,neutral,False,,,False,batch,235
863,international_outflow,Число выбывших из страны,0.0,0.0,0.0,0.0,neutral,False,,,False,batch,235
863,internal_arrivals,Число прибытий внутри региона,0.0,0.0,0.0,0.0,neutral,False,,,False,batch,235
863,internal_departures,Число выбытий из региона,0.0,0.0,0.0,0.0,neutral,False,,,False,batch,235
863,infant_mortality,Коэффициент младенческой смертности,0.0,0.0,0.0,0.0,neutral,False,,,False,batch,235
863,life_expectancy,Ожидаемая продолжительность жизни,0.0,0.0,0.0,0.0,neutral,False,,,False,batch,235
863,male_population,Число мужчин,0.0,0.0,0.0,0.0,neutral,False,,,False,batch,235
863,female_population,Число женщин,0.0,0.0,0.0,0.0,neutral,False,,,False,batch,235
863,per_capita_income,Среднедушевые денежные доходы населения,0.0,0.0,0.0,0.0,neutral,False,,,False,batch,235
863,real_income_index,Реальные денежные доходы населения,0.0,0.0,0.0,0.0,neutral,False,,,False,batch,235
863,unemployment_rate,Уровень безработицы,0.0,0.0,0.0,0.0,neutral,False,,,False,batch,235
863,living_wage,Величина прожиточного минимума на душу населения,0.0,0.0,0.0,0.0,neutral,False,,,False,batch,235
863,child_living_wage,Величина прожиточного минимума на ребенка,0.0,0.0,0.0,0.0,neutral,False,,,False,batch,235
863,hospitals,Число больничных организаций,0.0,0.0,0.0,0.0,neutral,False,,,False,batch,235
863,outpatient_clinics,Число амбулаторно-поликлинических организаций,0.0,0.0,0.0,0.0,neutral,False,,,False,batch,235
863,abortions,Число абортов,0.0,0.0,0.0,0.0,neutral,False,,,False,batch,235
863,qualified_doctors,Численность врачей высшей и первой квалификационных категорий,0.0,0.0,0.0,0.0,neutral,False,,,False,batch,235
863,preschool_coverage,Охват детей до 6 лет дошкольным образованием,0.0,0.0,0.0,0.0,neutral,False,,,False,batch,235
863,children_benefits,"Численность детей до 18 лет, на которых назначено пособие",0.0,0.0,0.0,0.0,neutral,False,,,False,batch,235
863,maternity_capital,"Численность лиц, получивших сертификат на материнский капитал",0.0,0.0,0.0,0.0,neutral,False,,,False,batch,235
863,childcare_allowance,Ежемесячное пособие по уходу за первым ребенком,0.0,0.0,0.0,0.0,neutral,False,,,False,batch,235
863,large_families_housing,"Многодетные семьи, улучшившие жилищные условия",0.0,0.0,0.0,0.0,neutral,False,,,False,batch,235
863,housing_area_per_capita,Общая площадь жилья на одного жителя,0.0,0.0,0.0,0.0,neutral,False,,,False,batch,235
863,consumer_price_index,Индексы потребительских цен,0.0,0.0,0.0,0.0,neutral,False,,,False,batch,235
863,primary_housing_price_index,Индексы цен на первичном рынке жилья,0.0,0.0,0.0,0.0,neutral,False,,,False,batch,235
863,secondary_housing_price_index,Индексы цен на вторичном рынке жилья,0.0,0.0,0.0,0.0,neutral,False,,,False,batch,235
863,industrial_production_index,Индексы промышленного производства,0.9,0.0,0.0,0.9,neutral,True,уровни добычи нефти,решения о добыче нефти,True,batch,235
863,enterprises_count,Число предприятий и организаций,0.0,0.0,0.0,0.0,neutral,False,,,False,batch,235
863,crime_count,Количество преступлений,0.0,0.0,0.0,0.0,neutral,False,,,False,batch,235
863,air_pollution,Выбросы загрязняющих веществ в атмосферный воздух,0.0,0.0,0.0,0.0,neutral,False,,,False,batch,235
863,wastewater_discharge,Сброс загрязненных сточных вод,0.0,0.0,0.0,0.0,neutral,False,,,False,batch,235
863,mortality_rate,Коэффициент смертности на 1000 человек,0.0,0.0,0.0,0.0,neutral,False,,,False,batch,235
863,birth_rate_per_1000,Коэффициент рождаемости на 1000 человек,0.0,0.0,0.0,0.0,neutral,False,,,False,batch,235
864,population_size,Численность населения,0.0,0.0,0.0,0.0,neutral,False,,,False,batch,248
864,divorce_rate,Число зарегистрированных разводов на 1000 населения,0.0,0.0,0.0,0.0,neutral,False,,,False,batch,248
864,marriage_rate,Число зарегистрированных браков на 1000 населения,0.0,0.0,0.0,0.0,neutral,False,,,False,batch,248
864,international_inflow,Число прибывших в страну,0.0,0.0,0.0,0.0,neutral,False,,,False,batch,248
864,international_outflow,Число выбывших из страны,0.0,0.0,0.0,0.0,neutral,False,,,False,batch,248
864,internal_arrivals,Число прибытий внутри региона,0.0,0.0,0.0,0.0,neutral,False,,,False,batch,248
864,internal_departures,Число выбытий из региона,0.0,0.0,0.0,0.0,neutral,False,,,False,batch,248
864,infant_mortality,Коэффициент младенческой смертности,0.0,0.0,0.0,0.0,neutral,False,,,False,batch,248
864,life_expectancy,Ожидаемая продолжительность жизни,0.0,0.0,0.0,0.0,neutral,False,,,False,batch,248
864,male_population,Число мужчин,0.0,0.0,0.0,0.0,neutral,False,,,False,batch,248
864,female_population,Число женщин,0.0,0.0,0.0,0.0,neutral,False,,,False,batch,248
864,per_capita_income,Среднедушевые денежные доходы населения,0.0,0.0,0.0,0.0,neutral,False,,,False,batch,248
864,real_income_index,Реальные денежные доходы населения,0.0,0.0,0.0,0.0,neutral,False,,,False,batch,248
864,unemployment_rate,Уровень безработицы,0.0,0.0,0.0,0.0,neutral,False,,,False,batch,248
864,living_wage,Величина прожиточного минимума на душу населения,0.0,0.0,0.0,0.0,neutral,False,,,False,batch,248
864,child_living_wage,Величина прожиточного минимума на ребенка,0.0,0.0,0.0,0.0,neutral,False,,,False,batch,248
864,hospitals,Число больничных организаций,0.0,0.0,0.0,0.0,neutral,False,,,False,batch,248
864,outpatient_clinics,Число амбулаторно-поликлинических организаций,0.0,0.0,0.0,0.0,neutral,False,,,False,batch,248
864,abortions,Число абортов,0.0,0.0,0.0,0.0,neutral,False,,,False,batch,248
864,qualified_doctors,Численность врачей высшей и первой квалификационных категорий,0.0,0.0,0.0,0.0,neutral,False,,,False,batch,248
864,preschool_coverage,Охват детей до 6 лет дошкольным образованием,0.0,0.0,0.0,0.0,neutral,False,,,False,batch,248
864,children_benefits,"Численность детей до 18 лет, на которых назначено пособие",0.0,0.0,0.0,0.0,neutral,False,,,False,batch,248
864,maternity_capital,"Численность лиц, получивших сертификат на материнский капитал",0.0,0.0,0.0,0.0,neutral,False,,,False,batch,248
864,childcare_allowance,Ежемесячное пособие по уходу за первым ребенком,0.0,0.0,0.0,0.0,neutral,False,,,False,batch,248
864,large_families_housing,"Многодетные семьи, улучшившие жилищные условия",0.0,0.0,0.0,0.0,neutral,False,,,False,batch,248
864,housing_area_per_capita,Общая площадь жилья на одного жителя,0.0,0.0,0.0,0.0,neutral,False,,,False,batch,248
864,consumer_price_index,Индексы потребительских цен,0.6,0.0,0.0,0.8,neutral,True,закон о счетах в рамках ЭПР,финансовые операции и регулирование,True,batch,248
864,primary_housing_price_index,Индексы цен на первичном рынке жилья,0.0,0.0,0.0,0.0,neutral,False,,,False,batch,248
864,secondary_housing_price_index,Индексы цен на вторичном рынке жилья,0.0,0.0,0.0,0.0,neutral,False,,,False,batch,248
864,industrial_production_index,Индексы промышленного производства,0.0,0.0,0.0,0.0,neutral,False,,,False,batch,248
864,enterprises_count,Число предприятий и организаций,0.0,0.0,0.0,0.0,neutral,False,,,False,batch,248
864,crime_count,Количество преступлений,0.0,0.0,0.0,0.0,neutral,False,,,False,batch,248
864,air_pollution,Выбросы загрязняющих веществ в атмосферный воздух,0.0,0.0,0.0,0.0,neutral,False,,,False,batch,248
864,wastewater_discharge,Сброс загрязненных сточных вод,0.0,0.0,0.0,0.0,neutral,False,,,False,batch,248
864,mortality_rate,Коэффициент смертности на 1000 человек,0.0,0.0,0.0,0.0,neutral,False,,,False,batch,248
864,birth_rate_per_1000,Коэффициент рождаемости на 1000 человек,0.0,0.0,0.0,0.0,neutral,False,,,False,batch,248
867,population_size,Численность населения,0.0,0.0,0.0,0.0,neutral,False,,,False,batch,251
867,divorce_rate,Число зарегистрированных разводов на 1000 населения,0.0,0.0,0.0,0.0,neutral,False,,,False,batch,251
867,marriage_rate,Число зарегистрированных браков на 1000 населения,0.0,0.0,0.0,0.0,neutral,False,,,False,batch,251
867,international_inflow,Число прибывших в страну,0.0,0.0,0.0,0.0,neutral,False,,,False,batch,251
867,international_outflow,Число выбывших из страны,0.0,0.0,0.0,0.0,neutral,False,,,False,batch,251
867,internal_arrivals,Число прибытий внутри региона,0.0,0.0,0.0,0.0,neutral,False,,,False,batch,251
867,internal_departures,Число выбытий из региона,0.0,0.0,0.0,0.0,neutral,False,,,False,batch,251
867,infant_mortality,Коэффициент младенческой смертности,0.0,0.0,0.0,0.0,neutral,False,,,False,batch,251
867,life_expectancy,Ожидаемая продолжительность жизни,0.0,0.0,0.0,0.0,neutral,False,,,False,batch,251
867,male_population,Число мужчин,0.0,0.0,0.0,0.0,neutral,False,,,False,batch,251
867,female_population,Число женщин,0.0,0.0,0.0,0.0,neutral,False,,,False,batch,251
867,per_capita_income,Среднедушевые денежные доходы населения,0.0,0.0,0.0,0.0,neutral,False,,,False,batch,251
867,real_income_index,Реальные денежные доходы населения,0.0,0.0,0.0,0.0,neutral,False,,,False,batch,251
867,unemployment_rate,Уровень безработицы,0.0,0.0,0.0,0.0,neutral,False,,,False,batch,251
867,living_wage,Величина прожиточного минимума на душу населения,0.0,0.0,0.0,0.0,neutral,False,,,False,batch,251
867,child_living_wage,Величина прожиточного минимума на ребенка,0.0,0.0,0.0,0.0,neutral,False,,,False,batch,251
867,hospitals,Число больничных организаций,0.0,0.0,0.0,0.0,neutral,False,,,False,batch,251
867,outpatient_clinics,Число амбулаторно-поликлинических организаций,0.0,0.0,0.0,0.0,neutral,False,,,False,batch,251
867,abortions,Число абортов,0.0,0.0,0.0,0.0,neutral,False,,,False,batch,251
867,qualified_doctors,Численность врачей высшей и первой квалификационных категорий,0.0,0.0,0.0,0.0,neutral,False,,,False,batch,251
867,preschool_coverage,Охват детей до 6 лет дошкольным образованием,0.0,0.0,0.0,0.0,neutral,False,,,False,batch,251
867,children_benefits,"Численность детей до 18 лет, на которых назначено пособие",0.0,0.0,0.0,0.0,neutral,False,,,False,batch,251
867,maternity_capital,"Численность лиц, получивших сертификат на материнский капитал",0.0,0.0,0.0,0.0,neutral,False,,,False,batch,251
867,childcare_allowance,Ежемесячное пособие по уходу за первым ребенком,0.0,0.0,0.0,0.0,neutral,False,,,False,batch,251
867,large_families_housing,"Многодетные семьи, улучшившие жилищные условия",0.0,0.0,0.0,0.0,neutral,False,,,False,batch,251
867,housing_area_per_capita,Общая площадь жилья на одного жителя,0.0,0.0,0.0,0.0,neutral,False,,,False,batch,251
867,consumer_price_index,Индексы потребительских цен,0.0,0.0,0.0,0.0,neutral,False,,,False,batch,251
867,primary_housing_price_index,Индексы цен на первичном рынке жилья,0.0,0.0,0.0,0.0,neutral,False,,,False,batch,251
867,secondary_housing_price_index,Индексы цен на вторичном рынке жилья,0.0,0.0,0.0,0.0,neutral,False,,,False,batch,251
867,industrial_production_index,Индексы промышленного производства,0.6,0.0,0.3,0.7,neutral,True,Продажи Lada снижены на 15%,снижение продаж автопроизводителя,True,batch,251
867,enterprises_count,Число предприятий и организаций,0.0,0.0,0.0,0.0,neutral,False,,,False,batch,251
867,crime_count,Количество преступлений,0.0,0.0,0.0,0.0,neutral,False,,,False,batch,251
867,air_pollution,Выбросы загрязняющих веществ в атмосферный воздух,0.0,0.0,0.0,0.0,neutral,False,,,False,batch,251
867,wastewater_discharge,Сброс загрязненных сточных вод,0.0,0.0,0.0,0.0,neutral,False,,,False,batch,251
867,mortality_rate,Коэффициент смертности на 1000 человек,0.0,0.0,0.0,0.0,neutral,False,,,False,batch,251
867,birth_rate_per_1000,Коэффициент рождаемости на 1000 человек,0.0,0.0,0.0,0.0,neutral,False,,,False,batch,251
868,population_size,Численность населения,0.0,0.0,0.0,0.0,neutral,False,,,False,batch,660
868,divorce_rate,Число зарегистрированных разводов на 1000 населения,0.0,0.0,0.0,0.0,neutral,False,,,False,batch,660
868,marriage_rate,Число зарегистрированных браков на 1000 населения,0.0,0.0,0.0,0.0,neutral,False,,,False,batch,660
868,international_inflow,Число прибывших в страну,0.0,0.0,0.0,0.0,neutral,False,,,False,batch,660
868,international_outflow,Число выбывших из страны,0.0,0.0,0.0,0.0,neutral,False,,,False,batch,660
868,internal_arrivals,Число прибытий внутри региона,0.0,0.0,0.0,0.0,neutral,False,,,False,batch,660
868,internal_departures,Число выбытий из региона,0.0,0.0,0.0,0.0,neutral,False,,,False,batch,660
868,infant_mortality,Коэффициент младенческой смертности,0.0,0.0,0.0,0.0,neutral,False,,,False,batch,660
868,life_expectancy,Ожидаемая продолжительность жизни,0.0,0.0,0.0,0.0,neutral,False,,,False,batch,660
868,male_population,Число мужчин,0.0,0.0,0.0,0.0,neutral,False,,,False,batch,660
868,female_population,Число женщин,0.0,0.0,0.0,0.0,neutral,False,,,False,batch,660
868,per_capita_income,Среднедушевые денежные доходы населения,0.0,0.0,0.0,0.0,neutral,False,,,False,batch,660
868,real_income_index,Реальные денежные доходы населения,0.0,0.0,0.0,0.0,neutral,False,,,False,batch,660
868,unemployment_rate,Уровень безработицы,0.0,0.0,0.0,0.0,neutral,False,,,False,batch,660
868,living_wage,Величина прожиточного минимума на душу населения,0.0,0.0,0.0,0.0,neutral,False,,,False,batch,660
868,child_living_wage,Величина прожиточного минимума на ребенка,0.0,0.0,0.0,0.0,neutral,False,,,False,batch,660
868,hospitals,Число больничных организаций,0.0,0.0,0.0,0.0,neutral,False,,,False,batch,660
868,outpatient_clinics,Число амбулаторно-поликлинических организаций,0.0,0.0,0.0,0.0,neutral,False,,,False,batch,660
868,abortions,Число абортов,0.0,0.0,0.0,0.0,neutral,False,,,False,batch,660
868,qualified_doctors,Численность врачей высшей и первой квалификационных категорий,0.0,0.0,0.0,0.0,neutral,False,,,False,batch,660
868,preschool_coverage,Охват детей до 6 лет дошкольным образованием,0.0,0.0,0.0,0.0,neutral,False,,,False,batch,660
868,children_benefits,"Численность детей до 18 лет, на которых назначено пособие",0.0,0.0,0.0,0.0,neutral,False,,,False,batch,660
868,maternity_capital,"Численность лиц, получивших сертификат на материнский капитал",0.0,0.0,0.0,0.0,neutral,False,,,False,batch,660
868,childcare_allowance,Ежемесячное пособие по уходу за первым ребенком,0.0,0.0,0.0,0.0,neutral,False,,,False,batch,660
868,large_families_housing,"Многодетные семьи, улучшившие жилищные условия",0.0,0.0,0.0,0.0,neutral,False,,,False,batch,660
868,housing_area_per_capita,Общая площадь жилья на одного жителя,0.6,0.0,0.4,0.7,neutral,True,пострадали 13 домовладений,пожар -> уничтожение жилья,True,batch,660
868,consumer_price_index,Индексы потребительских цен,0.0,0.0,0.0,0.0,neutral,False,,,False,batch,660
868,primary_housing_price_index,Индексы цен на первичном рынке жилья,0.0,0.0,0.0,0.0,neutral,False,,,False,batch,660
868,secondary_housing_price_index,Индексы цен на вторичном рынке жилья,0.0,0.0,0.0,0.0,neutral,False,,,False,batch,660
868,industrial_production_index,Индексы промышленного производства,0.0,0.0,0.0,0.0,neutral,False,,,False,batch,660
868,enterprises_count,Число предприятий и организаций,0.0,0.0,0.0,0.0,neutral,False,,,False,batch,660
868,crime_count,Количество преступлений,0.3,-0.5,0.5,0.7,negative,True,проверят версию о неосторожном обращении с огнем,пожар -> потенциальное нарушение безопасности,True,batch,660
868,air_pollution,Выбросы загрязняющих веществ в атмосферный воздух,0.0,0.0,0.0,0.0,neutral,False,,,False,batch,660
868,wastewater_discharge,Сброс загрязненных сточных вод,0.0,0.0,0.0,0.0,neutral,False,,,False,batch,660
868,mortality_rate,Коэффициент смертности на 1000 человек,0.6,-0.5,0.5,0.8,negative,True,пострадали 13 домовладений,пожар -> пострадавшие,True,batch,660
868,birth_rate_per_1000,Коэффициент рождаемости на 1000 человек,0.0,0.0,0.0,0.0,neutral,False,,,False,batch,660
872,population_size,Численность населения,0.0,0.0,0.0,0.0,neutral,False,,,False,batch,442
872,divorce_rate,Число зарегистрированных разводов на 1000 населения,0.0,0.0,0.0,0.0,neutral,False,,,False,batch,442
872,marriage_rate,Число зарегистрированных браков на 1000 населения,0.0,0.0,0.0,0.0,neutral,False,,,False,batch,442
872,international_inflow,Число прибывших в страну,0.0,0.0,0.0,0.0,neutral,False,,,False,batch,442
872,international_outflow,Число выбывших из страны,0.0,0.0,0.0,0.0,neutral,False,,,False,batch,442
872,internal_arrivals,Число прибытий внутри региона,0.0,0.0,0.0,0.0,neutral,False,,,False,batch,442
872,internal_departures,Число выбытий из региона,0.0,0.0,0.0,0.0,neutral,False,,,False,batch,442
872,infant_mortality,Коэффициент младенческой смертности,0.0,0.0,0.0,0.0,neutral,False,,,False,batch,442
872,life_expectancy,Ожидаемая продолжительность жизни,0.0,0.0,0.0,0.0,neutral,False,,,False,batch,442
872,male_population,Число мужчин,0.0,0.0,0.0,0.0,neutral,False,,,False,batch,442
872,female_population,Число женщин,0.0,0.0,0.0,0.0,neutral,False,,,False,batch,442
872,per_capita_income,Среднедушевые денежные доходы населения,0.0,0.0,0.0,0.0,neutral,False,,,False,batch,442
872,real_income_index,Реальные денежные доходы населения,0.0,0.0,0.0,0.0,neutral,False,,,False,batch,442
872,unemployment_rate,Уровень безработицы,0.0,0.0,0.0,0.0,neutral,False,,,False,batch,442
872,living_wage,Величина прожиточного минимума на душу населения,0.0,0.0,0.0,0.0,neutral,False,,,False,batch,442
872,child_living_wage,Величина прожиточного минимума на ребенка,0.0,0.0,0.0,0.0,neutral,False,,,False,batch,442
872,hospitals,Число больничных организаций,0.0,0.0,0.0,0.0,neutral,False,,,False,batch,442
872,outpatient_clinics,Число амбулаторно-поликлинических организаций,0.0,0.0,0.0,0.0,neutral,False,,,False,batch,442
872,abortions,Число абортов,0.0,0.0,0.0,0.0,neutral,False,,,False,batch,442
872,qualified_doctors,Численность врачей высшей и первой квалификационных категорий,0.0,0.0,0.0,0.0,neutral,False,,,False,batch,442
872,preschool_coverage,Охват детей до 6 лет дошкольным образованием,0.0,0.0,0.0,0.0,neutral,False,,,False,batch,442
872,children_benefits,"Численность детей до 18 лет, на которых назначено пособие",0.0,0.0,0.0,0.0,neutral,False,,,False,batch,442
872,maternity_capital,"Численность лиц, получивших сертификат на материнский капитал",0.0,0.0,0.0,0.0,neutral,False,,,False,batch,442
872,childcare_allowance,Ежемесячное пособие по уходу за первым ребенком,0.0,0.0,0.0,0.0,neutral,False,,,False,batch,442
872,large_families_housing,"Многодетные семьи, улучшившие жилищные условия",0.0,0.0,0.0,0.0,neutral,False,,,False,batch,442
872,housing_area_per_capita,Общая площадь жилья на одного жителя,0.0,0.0,0.0,0.0,neutral,False,,,False,batch,442
872,consumer_price_index,Индексы потребительских цен,0.0,0.0,0.0,0.0,neutral,False,,,False,batch,442
872,primary_housing_price_index,Индексы цен на первичном рынке жилья,0.0,0.0,0.0,0.0,neutral,False,,,False,batch,442
872,secondary_housing_price_index,Индексы цен на вторичном рынке жилья,0.0,0.0,0.0,0.0,neutral,False,,,False,batch,442
872,industrial_production_index,Индексы промышленного производства,0.7,-0.3,0.4,0.7,negative,True,устранение ущерба на ЗАЭС,ущерб на объекте -> промышленность,True,batch,442
872,enterprises_count,Число предприятий и организаций,0.0,0.0,0.0,0.0,neutral,False,,,False,batch,442
872,crime_count,Количество преступлений,0.6,-0.5,0.5,0.8,negative,True,повреждения на ЗАЭС,военные действия -> crime_count,True,batch,442
872,air_pollution,Выбросы загрязняющих веществ в атмосферный воздух,0.0,0.0,0.0,0.0,neutral,False,,,False,batch,442
872,wastewater_discharge,Сброс загрязненных сточных вод,0.0,0.0,0.0,0.0,neutral,False,,,False,batch,442
872,mortality_rate,Коэффициент смертности на 1000 человек,0.0,0.0,0.0,0.0,neutral,False,,,False,batch,442
872,birth_rate_per_1000,Коэффициент рождаемости на 1000 человек,0.0,0.0,0.0,0.0,neutral,False,,,False,batch,442
887,population_size,Численность населения,0.0,0.0,0.0,0.0,neutral,False,,,False,batch,255
887,divorce_rate,Число зарегистрированных разводов на 1000 населения,0.0,0.0,0.0,0.0,neutral,False,,,False,batch,255
887,marriage_rate,Число зарегистрированных браков на 1000 населения,0.0,0.0,0.0,0.0,neutral,False,,,False,batch,255
887,international_inflow,Число прибывших в страну,0.0,0.0,0.0,0.0,neutral,False,,,False,batch,255
887,international_outflow,Число выбывших из страны,0.0,0.0,0.0,0.0,neutral,False,,,False,batch,255
887,internal_arrivals,Число прибытий внутри региона,0.0,0.0,0.0,0.0,neutral,False,,,False,batch,255
887,internal_departures,Число выбытий из региона,0.0,0.0,0.0,0.0,neutral,False,,,False,batch,255
887,infant_mortality,Коэффициент младенческой смертности,0.0,0.0,0.0,0.0,neutral,False,,,False,batch,255
887,life_expectancy,Ожидаемая продолжительность жизни,0.0,0.0,0.0,0.0,neutral,False,,,False,batch,255
887,male_population,Число мужчин,0.0,0.0,0.0,0.0,neutral,False,,,False,batch,255
887,female_population,Число женщин,0.0,0.0,0.0,0.0,neutral,False,,,False,batch,255
887,per_capita_income,Среднедушевые денежные доходы населения,0.0,0.0,0.0,0.0,neutral,False,,,False,batch,255
887,real_income_index,Реальные денежные доходы населения,0.0,0.0,0.0,0.0,neutral,False,,,False,batch,255
887,unemployment_rate,Уровень безработицы,0.0,0.0,0.0,0.0,neutral,False,,,False,batch,255
887,living_wage,Величина прожиточного минимума на душу населения,0.0,0.0,0.0,0.0,neutral,False,,,False,batch,255
887,child_living_wage,Величина прожиточного минимума на ребенка,0.0,0.0,0.0,0.0,neutral,False,,,False,batch,255
887,hospitals,Число больничных организаций,0.0,0.0,0.0,0.0,neutral,False,,,False,batch,255
887,outpatient_clinics,Число амбулаторно-поликлинических организаций,0.0,0.0,0.0,0.0,neutral,False,,,False,batch,255
887,abortions,Число абортов,0.0,0.0,0.0,0.0,neutral,False,,,False,batch,255
887,qualified_doctors,Численность врачей высшей и первой квалификационных категорий,0.0,0.0,0.0,0.0,neutral,False,,,False,batch,255
887,preschool_coverage,Охват детей до 6 лет дошкольным образованием,0.0,0.0,0.0,0.0,neutral,False,,,False,batch,255
887,children_benefits,"Численность детей до 18 лет, на которых назначено пособие",0.0,0.0,0.0,0.0,neutral,False,,,False,batch,255
887,maternity_capital,"Численность лиц, получивших сертификат на материнский капитал",0.0,0.0,0.0,0.0,neutral,False,,,False,batch,255
887,childcare_allowance,Ежемесячное пособие по уходу за первым ребенком,0.0,0.0,0.0,0.0,neutral,False,,,False,batch,255
887,large_families_housing,"Многодетные семьи, улучшившие жилищные условия",0.0,0.0,0.0,0.0,neutral,False,,,False,batch,255
887,housing_area_per_capita,Общая площадь жилья на одного жителя,0.0,0.0,0.0,0.0,neutral,False,,,False,batch,255
887,consumer_price_index,Индексы потребительских цен,0.0,0.0,0.0,0.0,neutral,False,,,False,batch,255
887,primary_housing_price_index,Индексы цен на первичном рынке жилья,0.0,0.0,0.0,0.0,neutral,False,,,False,batch,255
887,secondary_housing_price_index,Индексы цен на вторичном рынке жилья,0.0,0.0,0.0,0.0,neutral,False,,,False,batch,255
887,industrial_production_index,Индексы промышленного производства,0.6,0.0,0.0,0.7,neutral,True,военная помощь Украине,военная помощь влияет на промышленность,True,batch,255
887,enterprises_count,Число предприятий и организаций,0.0,0.0,0.0,0.0,neutral,False,,,False,batch,255
887,crime_count,Количество преступлений,0.0,0.0,0.0,0.0,neutral,False,,,False,batch,255
887,air_pollution,Выбросы загрязняющих веществ в атмосферный воздух,0.0,0.0,0.0,0.0,neutral,False,,,False,batch,255
887,wastewater_discharge,Сброс загрязненных сточных вод,0.0,0.0,0.0,0.0,neutral,False,,,False,batch,255
887,mortality_rate,Коэффициент смертности на 1000 человек,0.0,0.0,0.0,0.0,neutral,False,,,False,batch,255
887,birth_rate_per_1000,Коэффициент рождаемости на 1000 человек,0.0,0.0,0.0,0.0,neutral,False,,,False,batch,255
890,population_size,Численность населения,0.0,0.0,0.0,0.0,neutral,False,,,False,batch,260
890,divorce_rate,Число зарегистрированных разводов на 1000 населения,0.0,0.0,0.0,0.0,neutral,False,,,False,batch,260
890,marriage_rate,Число зарегистрированных браков на 1000 населения,0.0,0.0,0.0,0.0,neutral,False,,,False,batch,260
890,international_inflow,Число прибывших в страну,0.0,0.0,0.0,0.0,neutral,False,,,False,batch,260
890,international_outflow,Число выбывших из страны,0.0,0.0,0.0,0.0,neutral,False,,,False,batch,260
890,internal_arrivals,Число прибытий внутри региона,0.0,0.0,0.0,0.0,neutral,False,,,False,batch,260
890,internal_departures,Число выбытий из региона,0.0,0.0,0.0,0.0,neutral,False,,,False,batch,260
890,infant_mortality,Коэффициент младенческой смертности,0.0,0.0,0.0,0.0,neutral,False,,,False,batch,260
890,life_expectancy,Ожидаемая продолжительность жизни,0.0,0.0,0.0,0.0,neutral,False,,,False,batch,260
890,male_population,Число мужчин,0.0,0.0,0.0,0.0,neutral,False,,,False,batch,260
890,female_population,Число женщин,0.0,0.0,0.0,0.0,neutral,False,,,False,batch,260
890,per_capita_income,Среднедушевые денежные доходы населения,0.0,0.0,0.0,0.0,neutral,False,,,False,batch,260
890,real_income_index,Реальные денежные доходы населения,0.0,0.0,0.0,0.0,neutral,False,,,False,batch,260
890,unemployment_rate,Уровень безработицы,0.0,0.0,0.0,0.0,neutral,False,,,False,batch,260
890,living_wage,Величина прожиточного минимума на душу населения,0.0,0.0,0.0,0.0,neutral,False,,,False,batch,260
890,child_living_wage,Величина прожиточного минимума на ребенка,0.0,0.0,0.0,0.0,neutral,False,,,False,batch,260
890,hospitals,Число больничных организаций,0.0,0.0,0.0,0.0,neutral,False,,,False,batch,260
890,outpatient_clinics,Число амбулаторно-поликлинических организаций,0.0,0.0,0.0,0.0,neutral,False,,,False,batch,260
890,abortions,Число абортов,0.0,0.0,0.0,0.0,neutral,False,,,False,batch,260
890,qualified_doctors,Численность врачей высшей и первой квалификационных категорий,0.0,0.0,0.0,0.0,neutral,False,,,False,batch,260
890,preschool_coverage,Охват детей до 6 лет дошкольным образованием,0.0,0.0,0.0,0.0,neutral,False,,,False,batch,260
890,children_benefits,"Численность детей до 18 лет, на которых назначено пособие",0.0,0.0,0.0,0.0,neutral,False,,,False,batch,260
890,maternity_capital,"Численность лиц, получивших сертификат на материнский капитал",0.0,0.0,0.0,0.0,neutral,False,,,False,batch,260
890,childcare_allowance,Ежемесячное пособие по уходу за первым ребенком,0.0,0.0,0.0,0.0,neutral,False,,,False,batch,260
890,large_families_housing,"Многодетные семьи, улучшившие жилищные условия",0.0,0.0,0.0,0.0,neutral,False,,,False,batch,260
890,housing_area_per_capita,Общая площадь жилья на одного жителя,0.0,0.0,0.0,0.0,neutral,False,,,False,batch,260
890,consumer_price_index,Индексы потребительских цен,0.0,0.0,0.0,0.0,neutral,False,,,False,batch,260
890,primary_housing_price_index,Индексы цен на первичном рынке жилья,0.0,0.0,0.0,0.0,neutral,False,,,False,batch,260
890,secondary_housing_price_index,Индексы цен на вторичном рынке жилья,0.0,0.0,0.0,0.0,neutral,False,,,False,batch,260
890,industrial_production_index,Индексы промышленного производства,0.0,0.0,0.0,0.0,neutral,False,,,False,batch,260
890,enterprises_count,Число предприятий и организаций,0.0,0.0,0.0,0.0,neutral,False,,,False,batch,260
890,crime_count,Количество преступлений,0.6,-0.5,0.5,0.8,negative,True,Количество пострадавших в ДТП увеличилось до 14,ДТП как потенциальное происшествие,True,batch,260
890,air_pollution,Выбросы загрязняющих веществ в атмосферный воздух,0.0,0.0,0.0,0.0,neutral,False,,,False,batch,260
890,wastewater_discharge,Сброс загрязненных сточных вод,0.0,0.0,0.0,0.0,neutral,False,,,False,batch,260
890,mortality_rate,Коэффициент смертности на 1000 человек,0.0,0.0,0.0,0.0,neutral,False,,,False,batch,260
890,birth_rate_per_1000,Коэффициент рождаемости на 1000 человек,0.0,0.0,0.0,0.0,neutral,False,,,False,batch,260
891,population_size,Численность населения,0.0,0.0,0.0,0.0,neutral,False,,,False,batch,303
891,divorce_rate,Число зарегистрированных разводов на 1000 населения,0.0,0.0,0.0,0.0,neutral,False,,,False,batch,303
891,marriage_rate,Число зарегистрированных браков на 1000 населения,0.0,0.0,0.0,0.0,neutral,False,,,False,batch,303
891,international_inflow,Число прибывших в страну,0.0,0.0,0.0,0.0,neutral,False,,,False,batch,303
891,international_outflow,Число выбывших из страны,0.0,0.0,0.0,0.0,neutral,False,,,False,batch,303
891,internal_arrivals,Число прибытий внутри региона,0.0,0.0,0.0,0.0,neutral,False,,,False,batch,303
891,internal_departures,Число выбытий из региона,0.0,0.0,0.0,0.0,neutral,False,,,False,batch,303
891,infant_mortality,Коэффициент младенческой смертности,0.0,0.0,0.0,0.0,neutral,False,,,False,batch,303
891,life_expectancy,Ожидаемая продолжительность жизни,0.0,0.0,0.0,0.0,neutral,False,,,False,batch,303
891,male_population,Число мужчин,0.0,0.0,0.0,0.0,neutral,False,,,False,batch,303
891,female_population,Число женщин,0.0,0.0,0.0,0.0,neutral,False,,,False,batch,303
891,per_capita_income,Среднедушевые денежные доходы населения,0.0,0.0,0.0,0.0,neutral,False,,,False,batch,303
891,real_income_index,Реальные денежные доходы населения,0.0,0.0,0.0,0.0,neutral,False,,,False,batch,303
891,unemployment_rate,Уровень безработицы,0.0,0.0,0.0,0.0,neutral,False,,,False,batch,303
891,living_wage,Величина прожиточного минимума на душу населения,0.0,0.0,0.0,0.0,neutral,False,,,False,batch,303
891,child_living_wage,Величина прожиточного минимума на ребенка,0.0,0.0,0.0,0.0,neutral,False,,,False,batch,303
891,hospitals,Число больничных организаций,0.0,0.0,0.0,0.0,neutral,False,,,False,batch,303
891,outpatient_clinics,Число амбулаторно-поликлинических организаций,0.0,0.0,0.0,0.0,neutral,False,,,False,batch,303
891,abortions,Число абортов,0.0,0.0,0.0,0.0,neutral,False,,,False,batch,303
891,qualified_doctors,Численность врачей высшей и первой квалификационных категорий,0.0,0.0,0.0,0.0,neutral,False,,,False,batch,303
891,preschool_coverage,Охват детей до 6 лет дошкольным образованием,0.0,0.0,0.0,0.0,neutral,False,,,False,batch,303
891,children_benefits,"Численность детей до 18 лет, на которых назначено пособие",0.0,0.0,0.0,0.0,neutral,False,,,False,batch,303
891,maternity_capital,"Численность лиц, получивших сертификат на материнский капитал",0.0,0.0,0.0,0.0,neutral,False,,,False,batch,303
891,childcare_allowance,Ежемесячное пособие по уходу за первым ребенком,0.0,0.0,0.0,0.0,neutral,False,,,False,batch,303
891,large_families_housing,"Многодетные семьи, улучшившие жилищные условия",0.0,0.0,0.0,0.0,neutral,False,,,False,batch,303
891,housing_area_per_capita,Общая площадь жилья на одного жителя,0.0,0.0,0.0,0.0,neutral,False,,,False,batch,303
891,consumer_price_index,Индексы потребительских цен,0.0,0.0,0.0,0.0,neutral,False,,,False,batch,303
891,primary_housing_price_index,Индексы цен на первичном рынке жилья,0.0,0.0,0.0,0.0,neutral,False,,,False,batch,303
891,secondary_housing_price_index,Индексы цен на вторичном рынке жилья,0.0,0.0,0.0,0.0,neutral,False,,,False,batch,303
891,industrial_production_index,Индексы промышленного производства,0.9,0.0,0.5,0.9,negative,True,Грузооборот морских портов РФ в январе сократился на 7%,Сокращение грузооборота влияет на промышленную логистику,True,batch,303
891,enterprises_count,Число предприятий и организаций,0.0,0.0,0.0,0.0,neutral,False,,,False,batch,303
891,crime_count,Количество преступлений,0.0,0.0,0.0,0.0,neutral,False,,,False,batch,303
891,air_pollution,Выбросы загрязняющих веществ в атмосферный воздух,0.0,0.0,0.0,0.0,neutral,False,,,False,batch,303
891,wastewater_discharge,Сброс загрязненных сточных вод,0.0,0.0,0.0,0.0,neutral,False,,,False,batch,303
891,mortality_rate,Коэффициент смертности на 1000 человек,0.0,0.0,0.0,0.0,neutral,False,,,False,batch,303
891,birth_rate_per_1000,Коэффициент рождаемости на 1000 человек,0.0,0.0,0.0,0.0,neutral,False,,,False,batch,303
892,population_size,Численность населения,0.0,0.0,0.0,0.0,neutral,False,,,False,batch,256
892,divorce_rate,Число зарегистрированных разводов на 1000 населения,0.0,0.0,0.0,0.0,neutral,False,,,False,batch,256
892,marriage_rate,Число зарегистрированных браков на 1000 населения,0.0,0.0,0.0,0.0,neutral,False,,,False,batch,256
892,international_inflow,Число прибывших в страну,0.0,0.0,0.0,0.0,neutral,False,,,False,batch,256
892,international_outflow,Число выбывших из страны,0.0,0.0,0.0,0.0,neutral,False,,,False,batch,256
892,internal_arrivals,Число прибытий внутри региона,0.0,0.0,0.0,0.0,neutral,False,,,False,batch,256
892,internal_departures,Число выбытий из региона,0.0,0.0,0.0,0.0,neutral,False,,,False,batch,256
892,infant_mortality,Коэффициент младенческой смертности,0.0,0.0,0.0,0.0,neutral,False,,,False,batch,256
892,life_expectancy,Ожидаемая продолжительность жизни,0.0,0.0,0.0,0.0,neutral,False,,,False,batch,256
892,male_population,Число мужчин,0.0,0.0,0.0,0.0,neutral,False,,,False,batch,256
892,female_population,Число женщин,0.0,0.0,0.0,0.0,neutral,False,,,False,batch,256
892,per_capita_income,Среднедушевые денежные доходы населения,0.0,0.0,0.0,0.0,neutral,False,,,False,batch,256
892,real_income_index,Реальные денежные доходы населения,0.0,0.0,0.0,0.0,neutral,False,,,False,batch,256
892,unemployment_rate,Уровень безработицы,0.0,0.0,0.0,0.0,neutral,False,,,False,batch,256
892,living_wage,Величина прожиточного минимума на душу населения,0.0,0.0,0.0,0.0,neutral,False,,,False,batch,256
892,child_living_wage,Величина прожиточного минимума на ребенка,0.0,0.0,0.0,0.0,neutral,False,,,False,batch,256
892,hospitals,Число больничных организаций,0.0,0.0,0.0,0.0,neutral,False,,,False,batch,256
892,outpatient_clinics,Число амбулаторно-поликлинических организаций,0.0,0.0,0.0,0.0,neutral,False,,,False,batch,256
892,abortions,Число абортов,0.0,0.0,0.0,0.0,neutral,False,,,False,batch,256
892,qualified_doctors,Численность врачей высшей и первой квалификационных категорий,0.0,0.0,0.0,0.0,neutral,False,,,False,batch,256
892,preschool_coverage,Охват детей до 6 лет дошкольным образованием,0.0,0.0,0.0,0.0,neutral,False,,,False,batch,256
892,children_benefits,"Численность детей до 18 лет, на которых назначено пособие",0.0,0.0,0.0,0.0,neutral,False,,,False,batch,256
892,maternity_capital,"Численность лиц, получивших сертификат на материнский капитал",0.0,0.0,0.0,0.0,neutral,False,,,False,batch,256
892,childcare_allowance,Ежемесячное пособие по уходу за первым ребенком,0.0,0.0,0.0,0.0,neutral,False,,,False,batch,256
892,large_families_housing,"Многодетные семьи, улучшившие жилищные условия",0.0,0.0,0.0,0.0,neutral,False,,,False,batch,256
892,housing_area_per_capita,Общая площадь жилья на одного жителя,0.0,0.0,0.0,0.0,neutral,False,,,False,batch,256
892,consumer_price_index,Индексы потребительских цен,0.0,0.0,0.0,0.0,neutral,False,,,False,batch,256
892,primary_housing_price_index,Индексы цен на первичном рынке жилья,0.0,0.0,0.0,0.0,neutral,False,,,False,batch,256
892,secondary_housing_price_index,Индексы цен на вторичном рынке жилья,0.0,0.0,0.0,0.0,neutral,False,,,False,batch,256
892,industrial_production_index,Индексы промышленного производства,0.0,0.0,0.0,0.0,neutral,False,,,False,batch,256
892,enterprises_count,Число предприятий и организаций,0.0,0.0,0.0,0.0,neutral,False,,,False,batch,256
892,crime_count,Количество преступлений,0.6,-0.5,0.5,0.8,negative,True,повреждения подводной инфраструктуры,повреждения инфраструктуры -> crime_count,True,batch,256
892,air_pollution,Выбросы загрязняющих веществ в атмосферный воздух,0.0,0.0,0.0,0.0,neutral,False,,,False,batch,256
892,wastewater_discharge,Сброс загрязненных сточных вод,0.0,0.0,0.0,0.0,neutral,False,,,False,batch,256
892,mortality_rate,Коэффициент смертности на 1000 человек,0.0,0.0,0.0,0.0,neutral,False,,,False,batch,256
892,birth_rate_per_1000,Коэффициент рождаемости на 1000 человек,0.0,0.0,0.0,0.0,neutral,False,,,False,batch,256
897,population_size,Численность населения,0.0,0.0,0.0,0.0,neutral,False,,,False,batch,450
897,divorce_rate,Число зарегистрированных разводов на 1000 населения,0.0,0.0,0.0,0.0,neutral,False,,,False,batch,450
897,marriage_rate,Число зарегистрированных браков на 1000 населения,0.0,0.0,0.0,0.0,neutral,False,,,False,batch,450
897,international_inflow,Число прибывших в страну,0.0,0.0,0.0,0.0,neutral,False,,,False,batch,450
897,international_outflow,Число выбывших из страны,0.0,0.0,0.0,0.0,neutral,False,,,False,batch,450
897,internal_arrivals,Число прибытий внутри региона,0.0,0.0,0.0,0.0,neutral,False,,,False,batch,450
897,internal_departures,Число выбытий из региона,0.0,0.0,0.0,0.0,neutral,False,,,False,batch,450
897,infant_mortality,Коэффициент младенческой смертности,0.0,0.0,0.0,0.0,neutral,False,,,False,batch,450
897,life_expectancy,Ожидаемая продолжительность жизни,0.0,0.0,0.0,0.0,neutral,False,,,False,batch,450
897,male_population,Число мужчин,0.0,0.0,0.0,0.0,neutral,False,,,False,batch,450
897,female_population,Число женщин,0.0,0.0,0.0,0.0,neutral,False,,,False,batch,450
897,per_capita_income,Среднедушевые денежные доходы населения,0.0,0.0,0.0,0.0,neutral,False,,,False,batch,450
897,real_income_index,Реальные денежные доходы населения,0.0,0.0,0.0,0.0,neutral,False,,,False,batch,450
897,unemployment_rate,Уровень безработицы,0.0,0.0,0.0,0.0,neutral,False,,,False,batch,450
897,living_wage,Величина прожиточного минимума на душу населения,0.0,0.0,0.0,0.0,neutral,False,,,False,batch,450
897,child_living_wage,Величина прожиточного минимума на ребенка,0.0,0.0,0.0,0.0,neutral,False,,,False,batch,450
897,hospitals,Число больничных организаций,0.0,0.0,0.0,0.0,neutral,False,,,False,batch,450
897,outpatient_clinics,Число амбулаторно-поликлинических организаций,0.0,0.0,0.0,0.0,neutral,False,,,False,batch,450
897,abortions,Число абортов,0.0,0.0,0.0,0.0,neutral,False,,,False,batch,450
897,qualified_doctors,Численность врачей высшей и первой квалификационных категорий,0.0,0.0,0.0,0.0,neutral,False,,,False,batch,450
897,preschool_coverage,Охват детей до 6 лет дошкольным образованием,0.0,0.0,0.0,0.0,neutral,False,,,False,batch,450
897,children_benefits,"Численность детей до 18 лет, на которых назначено пособие",0.0,0.0,0.0,0.0,neutral,False,,,False,batch,450
897,maternity_capital,"Численность лиц, получивших сертификат на материнский капитал",0.0,0.0,0.0,0.0,neutral,False,,,False,batch,450
897,childcare_allowance,Ежемесячное пособие по уходу за первым ребенком,0.0,0.0,0.0,0.0,neutral,False,,,False,batch,450
897,large_families_housing,"Многодетные семьи, улучшившие жилищные условия",0.0,0.0,0.0,0.0,neutral,False,,,False,batch,450
897,housing_area_per_capita,Общая площадь жилья на одного жителя,0.0,0.0,0.0,0.0,neutral,False,,,False,batch,450
897,consumer_price_index,Индексы потребительских цен,0.0,0.0,0.0,0.0,neutral,False,,,False,batch,450
897,primary_housing_price_index,Индексы цен на первичном рынке жилья,0.0,0.0,0.0,0.0,neutral,False,,,False,batch,450
897,secondary_housing_price_index,Индексы цен на вторичном рынке жилья,0.0,0.0,0.0,0.0,neutral,False,,,False,batch,450
897,industrial_production_index,Индексы промышленного производства,0.9,0.0,0.5,0.9,negative,True,повреждены четыре танка с нефтепродуктами,"нефтепродукты, повреждение, производство",True,batch,450
897,enterprises_count,Число предприятий и организаций,0.0,0.0,0.0,0.0,neutral,False,,,False,batch,450
897,crime_count,Количество преступлений,0.0,0.0,0.0,0.0,neutral,False,,,False,batch,450
897,air_pollution,Выбросы загрязняющих веществ в атмосферный воздух,0.0,0.0,0.0,0.0,neutral,False,,,False,batch,450
897,wastewater_discharge,Сброс загрязненных сточных вод,0.0,0.0,0.0,0.0,neutral,False,,,False,batch,450
897,mortality_rate,Коэффициент смертности на 1000 человек,0.0,0.0,0.0,0.0,neutral,False,,,False,batch,450
897,birth_rate_per_1000,Коэффициент рождаемости на 1000 человек,0.0,0.0,0.0,0.0,neutral,False,,,False,batch,450
898,population_size,Численность населения,0.0,0.0,0.0,0.0,neutral,False,,,False,batch,266
898,divorce_rate,Число зарегистрированных разводов на 1000 населения,0.0,0.0,0.0,0.0,neutral,False,,,False,batch,266
898,marriage_rate,Число зарегистрированных браков на 1000 населения,0.0,0.0,0.0,0.0,neutral,False,,,False,batch,266
898,international_inflow,Число прибывших в страну,0.0,0.0,0.0,0.0,neutral,False,,,False,batch,266
898,international_outflow,Число выбывших из страны,0.0,0.0,0.0,0.0,neutral,False,,,False,batch,266
898,internal_arrivals,Число прибытий внутри региона,0.0,0.0,0.0,0.0,neutral,False,,,False,batch,266
898,internal_departures,Число выбытий из региона,0.0,0.0,0.0,0.0,neutral,False,,,False,batch,266
898,infant_mortality,Коэффициент младенческой смертности,0.0,0.0,0.0,0.0,neutral,False,,,False,batch,266
898,life_expectancy,Ожидаемая продолжительность жизни,0.0,0.0,0.0,0.0,neutral,False,,,False,batch,266
898,male_population,Число мужчин,0.0,0.0,0.0,0.0,neutral,False,,,False,batch,266
898,female_population,Число женщин,0.0,0.0,0.0,0.0,neutral,False,,,False,batch,266
898,per_capita_income,Среднедушевые денежные доходы населения,0.0,0.0,0.0,0.0,neutral,False,,,False,batch,266
898,real_income_index,Реальные денежные доходы населения,0.0,0.0,0.0,0.0,neutral,False,,,False,batch,266
898,unemployment_rate,Уровень безработицы,0.0,0.0,0.0,0.0,neutral,False,,,False,batch,266
898,living_wage,Величина прожиточного минимума на душу населения,0.0,0.0,0.0,0.0,neutral,False,,,False,batch,266
898,child_living_wage,Величина прожиточного минимума на ребенка,0.0,0.0,0.0,0.0,neutral,False,,,False,batch,266
898,hospitals,Число больничных организаций,0.0,0.0,0.0,0.0,neutral,False,,,False,batch,266
898,outpatient_clinics,Число амбулаторно-поликлинических организаций,0.0,0.0,0.0,0.0,neutral,False,,,False,batch,266
898,abortions,Число абортов,0.0,0.0,0.0,0.0,neutral,False,,,False,batch,266
898,qualified_doctors,Численность врачей высшей и первой квалификационных категорий,0.0,0.0,0.0,0.0,neutral,False,,,False,batch,266
898,preschool_coverage,Охват детей до 6 лет дошкольным образованием,0.0,0.0,0.0,0.0,neutral,False,,,False,batch,266
898,children_benefits,"Численность детей до 18 лет, на которых назначено пособие",0.0,0.0,0.0,0.0,neutral,False,,,False,batch,266
898,maternity_capital,"Численность лиц, получивших сертификат на материнский капитал",0.0,0.0,0.0,0.0,neutral,False,,,False,batch,266
898,childcare_allowance,Ежемесячное пособие по уходу за первым ребенком,0.0,0.0,0.0,0.0,neutral,False,,,False,batch,266
898,large_families_housing,"Многодетные семьи, улучшившие жилищные условия",0.0,0.0,0.0,0.0,neutral,False,,,False,batch,266
898,housing_area_per_capita,Общая площадь жилья на одного жителя,0.0,0.0,0.0,0.0,neutral,False,,,False,batch,266
898,consumer_price_index,Индексы потребительских цен,0.6,0.1,0.1,0.8,neutral,True,"размещение ЦФА на 1,5 млрд рублей","финансовый выпуск, связанный с ценообразованием",True,batch,266
898,primary_housing_price_index,Индексы цен на первичном рынке жилья,0.0,0.0,0.0,0.0,neutral,False,,,False,batch,266
898,secondary_housing_price_index,Индексы цен на вторичном рынке жилья,0.0,0.0,0.0,0.0,neutral,False,,,False,batch,266
898,industrial_production_index,Индексы промышленного производства,0.0,0.0,0.0,0.0,neutral,False,,,False,batch,266
898,enterprises_count,Число предприятий и организаций,0.0,0.0,0.0,0.0,neutral,False,,,False,batch,266
898,crime_count,Количество преступлений,0.0,0.0,0.0,0.0,neutral,False,,,False,batch,266
898,air_pollution,Выбросы загрязняющих веществ в атмосферный воздух,0.0,0.0,0.0,0.0,neutral,False,,,False,batch,266
898,wastewater_discharge,Сброс загрязненных сточных вод,0.0,0.0,0.0,0.0,neutral,False,,,False,batch,266
898,mortality_rate,Коэффициент смертности на 1000 человек,0.0,0.0,0.0,0.0,neutral,False,,,False,batch,266
898,birth_rate_per_1000,Коэффициент рождаемости на 1000 человек,0.0,0.0,0.0,0.0,neutral,False,,,False,batch,266
899,population_size,Численность населения,0.0,0.0,0.0,0.0,neutral,False,,,False,batch,819
899,divorce_rate,Число зарегистрированных разводов на 1000 населения,0.0,0.0,0.0,0.0,neutral,False,,,False,batch,819
899,marriage_rate,Число зарегистрированных браков на 1000 населения,0.0,0.0,0.0,0.0,neutral,False,,,False,batch,819
899,international_inflow,Число прибывших в страну,0.0,0.0,0.0,0.0,neutral,False,,,False,batch,819
899,international_outflow,Число выбывших из страны,0.0,0.0,0.0,0.0,neutral,False,,,False,batch,819
899,internal_arrivals,Число прибытий внутри региона,0.0,0.0,0.0,0.0,neutral,False,,,False,batch,819
899,internal_departures,Число выбытий из региона,0.0,0.0,0.0,0.0,neutral,False,,,False,batch,819
899,infant_mortality,Коэффициент младенческой смертности,0.0,0.0,0.0,0.0,neutral,False,,,False,batch,819
899,life_expectancy,Ожидаемая продолжительность жизни,0.0,0.0,0.0,0.0,neutral,False,,,False,batch,819
899,male_population,Число мужчин,0.0,0.0,0.0,0.0,neutral,False,,,False,batch,819
899,female_population,Число женщин,0.0,0.0,0.0,0.0,neutral,False,,,False,batch,819
899,per_capita_income,Среднедушевые денежные доходы населения,0.0,0.0,0.0,0.0,neutral,False,,,False,batch,819
899,real_income_index,Реальные денежные доходы населения,0.0,0.0,0.0,0.0,neutral,False,,,False,batch,819
899,unemployment_rate,Уровень безработицы,0.0,0.0,0.0,0.0,neutral,False,,,False,batch,819
899,living_wage,Величина прожиточного минимума на душу населения,0.0,0.0,0.0,0.0,neutral,False,,,False,batch,819
899,child_living_wage,Величина прожиточного минимума на ребенка,0.0,0.0,0.0,0.0,neutral,False,,,False,batch,819
899,hospitals,Число больничных организаций,0.0,0.0,0.0,0.0,neutral,False,,,False,batch,819
899,outpatient_clinics,Число амбулаторно-поликлинических организаций,0.0,0.0,0.0,0.0,neutral,False,,,False,batch,819
899,abortions,Число абортов,0.0,0.0,0.0,0.0,neutral,False,,,False,batch,819
899,qualified_doctors,Численность врачей высшей и первой квалификационных категорий,0.0,0.0,0.0,0.0,neutral,False,,,False,batch,819
899,preschool_coverage,Охват детей до 6 лет дошкольным образованием,0.0,0.0,0.0,0.0,neutral,False,,,False,batch,819
899,children_benefits,"Численность детей до 18 лет, на которых назначено пособие",0.0,0.0,0.0,0.0,neutral,False,,,False,batch,819
899,maternity_capital,"Численность лиц, получивших сертификат на материнский капитал",0.0,0.0,0.0,0.0,neutral,False,,,False,batch,819
899,childcare_allowance,Ежемесячное пособие по уходу за первым ребенком,0.0,0.0,0.0,0.0,neutral,False,,,False,batch,819
899,large_families_housing,"Многодетные семьи, улучшившие жилищные условия",0.0,0.0,0.0,0.0,neutral,False,,,False,batch,819
899,housing_area_per_capita,Общая площадь жилья на одного жителя,0.6,0.0,0.4,0.7,negative,True,отключения электроснабжения,отключение электроснабжения домов,True,batch,819
899,consumer_price_index,Индексы потребительских цен,0.0,0.0,0.0,0.0,neutral,False,,,False,batch,819
899,primary_housing_price_index,Индексы цен на первичном рынке жилья,0.0,0.0,0.0,0.0,neutral,False,,,False,batch,819
899,secondary_housing_price_index,Индексы цен на вторичном рынке жилья,0.0,0.0,0.0,0.0,neutral,False,,,False,batch,819
899,industrial_production_index,Индексы промышленного производства,0.6,0.0,0.3,0.7,neutral,True,повреждены энергообъекты,энергообъекты повреждены,True,batch,819
899,enterprises_count,Число предприятий и организаций,0.0,0.0,0.0,0.0,neutral,False,,,False,batch,819
899,crime_count,Количество преступлений,0.6,-0.5,0.5,0.8,negative,True,массированные ракетные атаки ВСУ,атаки нанесли ущерб,True,batch,819
899,air_pollution,Выбросы загрязняющих веществ в атмосферный воздух,0.0,0.0,0.0,0.0,neutral,False,,,False,batch,819
899,wastewater_discharge,Сброс загрязненных сточных вод,0.3,0.0,0.2,0.5,neutral,True,водоотведения,инфраструктура водоотведения,True,batch,819
899,mortality_rate,Коэффициент смертности на 1000 человек,0.0,0.0,0.0,0.0,neutral,False,,,False,batch,819
899,birth_rate_per_1000,Коэффициент рождаемости на 1000 человек,0.0,0.0,0.0,0.0,neutral,False,,,False,batch,819
906,population_size,Численность населения,0.0,0.0,0.0,0.0,neutral,False,,,False,batch,266
906,divorce_rate,Число зарегистрированных разводов на 1000 населения,0.0,0.0,0.0,0.0,neutral,False,,,False,batch,266
906,marriage_rate,Число зарегистрированных браков на 1000 населения,0.0,0.0,0.0,0.0,neutral,False,,,False,batch,266
906,international_inflow,Число прибывших в страну,0.0,0.0,0.0,0.0,neutral,False,,,False,batch,266
906,international_outflow,Число выбывших из страны,0.0,0.0,0.0,0.0,neutral,False,,,False,batch,266
906,internal_arrivals,Число прибытий внутри региона,0.0,0.0,0.0,0.0,neutral,False,,,False,batch,266
906,internal_departures,Число выбытий из региона,0.0,0.0,0.0,0.0,neutral,False,,,False,batch,266
906,infant_mortality,Коэффициент младенческой смертности,0.0,0.0,0.0,0.0,neutral,False,,,False,batch,266
906,life_expectancy,Ожидаемая продолжительность жизни,0.9,0.0,0.0,0.9,neutral,True,старение населения станет вызовом,старение населения влияет на продолжительность жизни,True,batch,266
906,male_population,Число мужчин,0.0,0.0,0.0,0.0,neutral,False,,,False,batch,266
906,female_population,Число женщин,0.0,0.0,0.0,0.0,neutral,False,,,False,batch,266
906,per_capita_income,Среднедушевые денежные доходы населения,0.0,0.0,0.0,0.0,neutral,False,,,False,batch,266
906,real_income_index,Реальные денежные доходы населения,0.0,0.0,0.0,0.0,neutral,False,,,False,batch,266
906,unemployment_rate,Уровень безработицы,0.0,0.0,0.0,0.0,neutral,False,,,False,batch,266
906,living_wage,Величина прожиточного минимума на душу населения,0.0,0.0,0.0,0.0,neutral,False,,,False,batch,266
906,child_living_wage,Величина прожиточного минимума на ребенка,0.0,0.0,0.0,0.0,neutral,False,,,False,batch,266
906,hospitals,Число больничных организаций,0.0,0.0,0.0,0.0,neutral,False,,,False,batch,266
906,outpatient_clinics,Число амбулаторно-поликлинических организаций,0.0,0.0,0.0,0.0,neutral,False,,,False,batch,266
906,abortions,Число абортов,0.0,0.0,0.0,0.0,neutral,False,,,False,batch,266
906,qualified_doctors,Численность врачей высшей и первой квалификационных категорий,0.0,0.0,0.0,0.0,neutral,False,,,False,batch,266
906,preschool_coverage,Охват детей до 6 лет дошкольным образованием,0.0,0.0,0.0,0.0,neutral,False,,,False,batch,266
906,children_benefits,"Численность детей до 18 лет, на которых назначено пособие",0.0,0.0,0.0,0.0,neutral,False,,,False,batch,266
906,maternity_capital,"Численность лиц, получивших сертификат на материнский капитал",0.0,0.0,0.0,0.0,neutral,False,,,False,batch,266
906,childcare_allowance,Ежемесячное пособие по уходу за первым ребенком,0.0,0.0,0.0,0.0,neutral,False,,,False,batch,266
906,large_families_housing,"Многодетные семьи, улучшившие жилищные условия",0.0,0.0,0.0,0.0,neutral,False,,,False,batch,266
906,housing_area_per_capita,Общая площадь жилья на одного жителя,0.0,0.0,0.0,0.0,neutral,False,,,False,batch,266
906,consumer_price_index,Индексы потребительских цен,0.0,0.0,0.0,0.0,neutral,False,,,False,batch,266
906,primary_housing_price_index,Индексы цен на первичном рынке жилья,0.0,0.0,0.0,0.0,neutral,False,,,False,batch,266
906,secondary_housing_price_index,Индексы цен на вторичном рынке жилья,0.0,0.0,0.0,0.0,neutral,False,,,False,batch,266
906,industrial_production_index,Индексы промышленного производства,0.0,0.0,0.0,0.0,neutral,False,,,False,batch,266
906,enterprises_count,Число предприятий и организаций,0.0,0.0,0.0,0.0,neutral,False,,,False,batch,266
906,crime_count,Количество преступлений,0.0,0.0,0.0,0.0,neutral,False,,,False,batch,266
906,air_pollution,Выбросы загрязняющих веществ в атмосферный воздух,0.0,0.0,0.0,0.0,neutral,False,,,False,batch,266
906,wastewater_discharge,Сброс загрязненных сточных вод,0.0,0.0,0.0,0.0,neutral,False,,,False,batch,266
906,mortality_rate,Коэффициент смертности на 1000 человек,0.0,0.0,0.0,0.0,neutral,False,,,False,batch,266
906,birth_rate_per_1000,Коэффициент рождаемости на 1000 человек,0.0,0.0,0.0,0.0,neutral,False,,,False,batch,266
928,population_size,Численность населения,0.0,0.0,0.0,0.0,neutral,False,,,False,batch,246
928,divorce_rate,Число зарегистрированных разводов на 1000 населения,0.0,0.0,0.0,0.0,neutral,False,,,False,batch,246
928,marriage_rate,Число зарегистрированных браков на 1000 населения,0.0,0.0,0.0,0.0,neutral,False,,,False,batch,246
928,international_inflow,Число прибывших в страну,0.0,0.0,0.0,0.0,neutral,False,,,False,batch,246
928,international_outflow,Число выбывших из страны,0.0,0.0,0.0,0.0,neutral,False,,,False,batch,246
928,internal_arrivals,Число прибытий внутри региона,0.0,0.0,0.0,0.0,neutral,False,,,False,batch,246
928,internal_departures,Число выбытий из региона,0.0,0.0,0.0,0.0,neutral,False,,,False,batch,246
928,infant_mortality,Коэффициент младенческой смертности,0.0,0.0,0.0,0.0,neutral,False,,,False,batch,246
928,life_expectancy,Ожидаемая продолжительность жизни,0.0,0.0,0.0,0.0,neutral,False,,,False,batch,246
928,male_population,Число мужчин,0.0,0.0,0.0,0.0,neutral,False,,,False,batch,246
928,female_population,Число женщин,0.0,0.0,0.0,0.0,neutral,False,,,False,batch,246
928,per_capita_income,Среднедушевые денежные доходы населения,0.0,0.0,0.0,0.0,neutral,False,,,False,batch,246
928,real_income_index,Реальные денежные доходы населения,0.0,0.0,0.0,0.0,neutral,False,,,False,batch,246
928,unemployment_rate,Уровень безработицы,0.0,0.0,0.0,0.0,neutral,False,,,False,batch,246
928,living_wage,Величина прожиточного минимума на душу населения,0.0,0.0,0.0,0.0,neutral,False,,,False,batch,246
928,child_living_wage,Величина прожиточного минимума на ребенка,0.0,0.0,0.0,0.0,neutral,False,,,False,batch,246
928,hospitals,Число больничных организаций,0.0,0.0,0.0,0.0,neutral,False,,,False,batch,246
928,outpatient_clinics,Число амбулаторно-поликлинических организаций,0.0,0.0,0.0,0.0,neutral,False,,,False,batch,246
928,abortions,Число абортов,0.0,0.0,0.0,0.0,neutral,False,,,False,batch,246
928,qualified_doctors,Численность врачей высшей и первой квалификационных категорий,0.0,0.0,0.0,0.0,neutral,False,,,False,batch,246
928,preschool_coverage,Охват детей до 6 лет дошкольным образованием,0.0,0.0,0.0,0.0,neutral,False,,,False,batch,246
928,children_benefits,"Численность детей до 18 лет, на которых назначено пособие",0.0,0.0,0.0,0.0,neutral,False,,,False,batch,246
928,maternity_capital,"Численность лиц, получивших сертификат на материнский капитал",0.0,0.0,0.0,0.0,neutral,False,,,False,batch,246
928,childcare_allowance,Ежемесячное пособие по уходу за первым ребенком,0.0,0.0,0.0,0.0,neutral,False,,,False,batch,246
928,large_families_housing,"Многодетные семьи, улучшившие жилищные условия",0.0,0.0,0.0,0.0,neutral,False,,,False,batch,246
928,housing_area_per_capita,Общая площадь жилья на одного жителя,0.0,0.0,0.0,0.0,neutral,False,,,False,batch,246
928,consumer_price_index,Индексы потребительских цен,0.0,0.0,0.0,0.0,neutral,False,,,False,batch,246
928,primary_housing_price_index,Индексы цен на первичном рынке жилья,0.0,0.0,0.0,0.0,neutral,False,,,False,batch,246
928,secondary_housing_price_index,Индексы цен на вторичном рынке жилья,0.0,0.0,0.0,0.0,neutral,False,,,False,batch,246
928,industrial_production_index,Индексы промышленного производства,0.6,0.0,0.0,0.8,neutral,True,падение котировок нефти,нефть влияет на промышленность,True,batch,246
928,enterprises_count,Число предприятий и организаций,0.0,0.0,0.0,0.0,neutral,False,,,False,batch,246
928,crime_count,Количество преступлений,0.0,0.0,0.0,0.0,neutral,False,,,False,batch,246
928,air_pollution,Выбросы загрязняющих веществ в атмосферный воздух,0.0,0.0,0.0,0.0,neutral,False,,,False,batch,246
928,wastewater_discharge,Сброс загрязненных сточных вод,0.0,0.0,0.0,0.0,neutral,False,,,False,batch,246
928,mortality_rate,Коэффициент смертности на 1000 человек,0.0,0.0,0.0,0.0,neutral,False,,,False,batch,246
928,birth_rate_per_1000,Коэффициент рождаемости на 1000 человек,0.0,0.0,0.0,0.0,neutral,False,,,False,batch,246
935,population_size,Численность населения,0.0,0.0,0.0,0.0,neutral,False,,,False,neutral_after_error,0
935,divorce_rate,Число зарегистрированных разводов на 1000 населения,0.0,0.0,0.0,0.0,neutral,False,,,False,neutral_after_error,0
935,marriage_rate,Число зарегистрированных браков на 1000 населения,0.0,0.0,0.0,0.0,neutral,False,,,False,neutral_after_error,0
935,international_inflow,Число прибывших в страну,0.0,0.0,0.0,0.0,neutral,False,,,False,neutral_after_error,0
935,international_outflow,Число выбывших из страны,0.0,0.0,0.0,0.0,neutral,False,,,False,neutral_after_error,0
935,internal_arrivals,Число прибытий внутри региона,0.0,0.0,0.0,0.0,neutral,False,,,False,neutral_after_error,0
935,internal_departures,Число выбытий из региона,0.0,0.0,0.0,0.0,neutral,False,,,False,neutral_after_error,0
935,infant_mortality,Коэффициент младенческой смертности,0.0,0.0,0.0,0.0,neutral,False,,,False,neutral_after_error,0
935,life_expectancy,Ожидаемая продолжительность жизни,0.0,0.0,0.0,0.0,neutral,False,,,False,neutral_after_error,0
935,male_population,Число мужчин,0.0,0.0,0.0,0.0,neutral,False,,,False,neutral_after_error,0
935,female_population,Число женщин,0.0,0.0,0.0,0.0,neutral,False,,,False,neutral_after_error,0
935,per_capita_income,Среднедушевые денежные доходы населения,0.0,0.0,0.0,0.0,neutral,False,,,False,neutral_after_error,0
935,real_income_index,Реальные денежные доходы населения,0.0,0.0,0.0,0.0,neutral,False,,,False,neutral_after_error,0
935,unemployment_rate,Уровень безработицы,0.0,0.0,0.0,0.0,neutral,False,,,False,neutral_after_error,0
935,living_wage,Величина прожиточного минимума на душу населения,0.0,0.0,0.0,0.0,neutral,False,,,False,neutral_after_error,0
935,child_living_wage,Величина прожиточного минимума на ребенка,0.0,0.0,0.0,0.0,neutral,False,,,False,neutral_after_error,0
935,hospitals,Число больничных организаций,0.0,0.0,0.0,0.0,neutral,False,,,False,neutral_after_error,0
935,outpatient_clinics,Число амбулаторно-поликлинических организаций,0.0,0.0,0.0,0.0,neutral,False,,,False,neutral_after_error,0
935,abortions,Число абортов,0.0,0.0,0.0,0.0,neutral,False,,,False,neutral_after_error,0
935,qualified_doctors,Численность врачей высшей и первой квалификационных категорий,0.0,0.0,0.0,0.0,neutral,False,,,False,neutral_after_error,0
935,preschool_coverage,Охват детей до 6 лет дошкольным образованием,0.0,0.0,0.0,0.0,neutral,False,,,False,neutral_after_error,0
935,children_benefits,"Численность детей до 18 лет, на которых назначено пособие",0.0,0.0,0.0,0.0,neutral,False,,,False,neutral_after_error,0
935,maternity_capital,"Численность лиц, получивших сертификат на материнский капитал",0.0,0.0,0.0,0.0,neutral,False,,,False,neutral_after_error,0
935,childcare_allowance,Ежемесячное пособие по уходу за первым ребенком,0.0,0.0,0.0,0.0,neutral,False,,,False,neutral_after_error,0
935,large_families_housing,"Многодетные семьи, улучшившие жилищные условия",0.0,0.0,0.0,0.0,neutral,False,,,False,neutral_after_error,0
935,housing_area_per_capita,Общая площадь жилья на одного жителя,0.0,0.0,0.0,0.0,neutral,False,,,False,neutral_after_error,0
935,consumer_price_index,Индексы потребительских цен,0.0,0.0,0.0,0.0,neutral,False,,,False,neutral_after_error,0
935,primary_housing_price_index,Индексы цен на первичном рынке жилья,0.0,0.0,0.0,0.0,neutral,False,,,False,neutral_after_error,0
935,secondary_housing_price_index,Индексы цен на вторичном рынке жилья,0.0,0.0,0.0,0.0,neutral,False,,,False,neutral_after_error,0
935,industrial_production_index,Индексы промышленного производства,0.0,0.0,0.0,0.0,neutral,False,,,False,neutral_after_error,0
935,enterprises_count,Число предприятий и организаций,0.0,0.0,0.0,0.0,neutral,False,,,False,neutral_after_error,0
935,crime_count,Количество преступлений,0.0,0.0,0.0,0.0,neutral,False,,,False,neutral_after_error,0
935,air_pollution,Выбросы загрязняющих веществ в атмосферный воздух,0.0,0.0,0.0,0.0,neutral,False,,,False,neutral_after_error,0
935,wastewater_discharge,Сброс загрязненных сточных вод,0.0,0.0,0.0,0.0,neutral,False,,,False,neutral_after_error,0
935,mortality_rate,Коэффициент смертности на 1000 человек,0.0,0.0,0.0,0.0,neutral,False,,,False,neutral_after_error,0
935,birth_rate_per_1000,Коэффициент рождаемости на 1000 человек,0.0,0.0,0.0,0.0,neutral,False,,,False,neutral_after_error,0
939,population_size,Численность населения,0.0,0.0,0.0,0.0,neutral,False,,,False,batch,274
939,divorce_rate,Число зарегистрированных разводов на 1000 населения,0.0,0.0,0.0,0.0,neutral,False,,,False,batch,274
939,marriage_rate,Число зарегистрированных браков на 1000 населения,0.0,0.0,0.0,0.0,neutral,False,,,False,batch,274
939,international_inflow,Число прибывших в страну,0.0,0.0,0.0,0.0,neutral,False,,,False,batch,274
939,international_outflow,Число выбывших из страны,0.0,0.0,0.0,0.0,neutral,False,,,False,batch,274
939,internal_arrivals,Число прибытий внутри региона,0.0,0.0,0.0,0.0,neutral,False,,,False,batch,274
939,internal_departures,Число выбытий из региона,0.0,0.0,0.0,0.0,neutral,False,,,False,batch,274
939,infant_mortality,Коэффициент младенческой смертности,0.0,0.0,0.0,0.0,neutral,False,,,False,batch,274
939,life_expectancy,Ожидаемая продолжительность жизни,0.0,0.0,0.0,0.0,neutral,False,,,False,batch,274
939,male_population,Число мужчин,0.0,0.0,0.0,0.0,neutral,False,,,False,batch,274
939,female_population,Число женщин,0.0,0.0,0.0,0.0,neutral,False,,,False,batch,274
939,per_capita_income,Среднедушевые денежные доходы населения,0.0,0.0,0.0,0.0,neutral,False,,,False,batch,274
939,real_income_index,Реальные денежные доходы населения,0.0,0.0,0.0,0.0,neutral,False,,,False,batch,274
939,unemployment_rate,Уровень безработицы,0.0,0.0,0.0,0.0,neutral,False,,,False,batch,274
939,living_wage,Величина прожиточного минимума на душу населения,0.0,0.0,0.0,0.0,neutral,False,,,False,batch,274
939,child_living_wage,Величина прожиточного минимума на ребенка,0.0,0.0,0.0,0.0,neutral,False,,,False,batch,274
939,hospitals,Число больничных организаций,0.0,0.0,0.0,0.0,neutral,False,,,False,batch,274
939,outpatient_clinics,Число амбулаторно-поликлинических организаций,0.0,0.0,0.0,0.0,neutral,False,,,False,batch,274
939,abortions,Число абортов,0.0,0.0,0.0,0.0,neutral,False,,,False,batch,274
939,qualified_doctors,Численность врачей высшей и первой квалификационных категорий,0.0,0.0,0.0,0.0,neutral,False,,,False,batch,274
939,preschool_coverage,Охват детей до 6 лет дошкольным образованием,0.0,0.0,0.0,0.0,neutral,False,,,False,batch,274
939,children_benefits,"Численность детей до 18 лет, на которых назначено пособие",0.0,0.0,0.0,0.0,neutral,False,,,False,batch,274
939,maternity_capital,"Численность лиц, получивших сертификат на материнский капитал",0.0,0.0,0.0,0.0,neutral,False,,,False,batch,274
939,childcare_allowance,Ежемесячное пособие по уходу за первым ребенком,0.0,0.0,0.0,0.0,neutral,False,,,False,batch,274
939,large_families_housing,"Многодетные семьи, улучшившие жилищные условия",0.0,0.0,0.0,0.0,neutral,False,,,False,batch,274
939,housing_area_per_capita,Общая площадь жилья на одного жителя,0.0,0.0,0.0,0.0,neutral,False,,,False,batch,274
939,consumer_price_index,Индексы потребительских цен,0.0,0.0,0.0,0.0,neutral,False,,,False,batch,274
939,primary_housing_price_index,Индексы цен на первичном рынке жилья,0.0,0.0,0.0,0.0,neutral,False,,,False,batch,274
939,secondary_housing_price_index,Индексы цен на вторичном рынке жилья,0.0,0.0,0.0,0.0,neutral,False,,,False,batch,274
939,industrial_production_index,Индексы промышленного производства,0.9,-0.5,0.7,0.9,negative,True,возгорание на объектах ТЭК после атаки БПЛА,атака на ТЭК повлекла за собой пожар,True,batch,274
939,enterprises_count,Число предприятий и организаций,0.0,0.0,0.0,0.0,neutral,False,,,False,batch,274
939,crime_count,Количество преступлений,0.0,0.0,0.0,0.0,neutral,False,,,False,batch,274
939,air_pollution,Выбросы загрязняющих веществ в атмосферный воздух,0.0,0.0,0.0,0.0,neutral,False,,,False,batch,274
939,wastewater_discharge,Сброс загрязненных сточных вод,0.0,0.0,0.0,0.0,neutral,False,,,False,batch,274
939,mortality_rate,Коэффициент смертности на 1000 человек,0.0,0.0,0.0,0.0,neutral,False,,,False,batch,274
939,birth_rate_per_1000,Коэффициент рождаемости на 1000 человек,0.0,0.0,0.0,0.0,neutral,False,,,False,batch,274
943,population_size,Численность населения,0.0,0.0,0.0,0.0,neutral,False,,,False,batch,223
943,divorce_rate,Число зарегистрированных разводов на 1000 населения,0.0,0.0,0.0,0.0,neutral,False,,,False,batch,223
943,marriage_rate,Число зарегистрированных браков на 1000 населения,0.0,0.0,0.0,0.0,neutral,False,,,False,batch,223
943,international_inflow,Число прибывших в страну,0.0,0.0,0.0,0.0,neutral,False,,,False,batch,223
943,international_outflow,Число выбывших из страны,0.0,0.0,0.0,0.0,neutral,False,,,False,batch,223
943,internal_arrivals,Число прибытий внутри региона,0.0,0.0,0.0,0.0,neutral,False,,,False,batch,223
943,internal_departures,Число выбытий из региона,0.0,0.0,0.0,0.0,neutral,False,,,False,batch,223
943,infant_mortality,Коэффициент младенческой смертности,0.0,0.0,0.0,0.0,neutral,False,,,False,batch,223
943,life_expectancy,Ожидаемая продолжительность жизни,0.0,0.0,0.0,0.0,neutral,False,,,False,batch,223
943,male_population,Число мужчин,0.0,0.0,0.0,0.0,neutral,False,,,False,batch,223
943,female_population,Число женщин,0.0,0.0,0.0,0.0,neutral,False,,,False,batch,223
943,per_capita_income,Среднедушевые денежные доходы населения,0.0,0.0,0.0,0.0,neutral,False,,,False,batch,223
943,real_income_index,Реальные денежные доходы населения,0.0,0.0,0.0,0.0,neutral,False,,,False,batch,223
943,unemployment_rate,Уровень безработицы,0.0,0.0,0.0,0.0,neutral,False,,,False,batch,223
943,living_wage,Величина прожиточного минимума на душу населения,0.0,0.0,0.0,0.0,neutral,False,,,False,batch,223
943,child_living_wage,Величина прожиточного минимума на ребенка,0.0,0.0,0.0,0.0,neutral,False,,,False,batch,223
943,hospitals,Число больничных организаций,0.0,0.0,0.0,0.0,neutral,False,,,False,batch,223
943,outpatient_clinics,Число амбулаторно-поликлинических организаций,0.0,0.0,0.0,0.0,neutral,False,,,False,batch,223
943,abortions,Число абортов,0.0,0.0,0.0,0.0,neutral,False,,,False,batch,223
943,qualified_doctors,Численность врачей высшей и первой квалификационных категорий,0.0,0.0,0.0,0.0,neutral,False,,,False,batch,223
943,preschool_coverage,Охват детей до 6 лет дошкольным образованием,0.0,0.0,0.0,0.0,neutral,False,,,False,batch,223
943,children_benefits,"Численность детей до 18 лет, на которых назначено пособие",0.0,0.0,0.0,0.0,neutral,False,,,False,batch,223
943,maternity_capital,"Численность лиц, получивших сертификат на материнский капитал",0.0,0.0,0.0,0.0,neutral,False,,,False,batch,223
943,childcare_allowance,Ежемесячное пособие по уходу за первым ребенком,0.0,0.0,0.0,0.0,neutral,False,,,False,batch,223
943,large_families_housing,"Многодетные семьи, улучшившие жилищные условия",0.0,0.0,0.0,0.0,neutral,False,,,False,batch,223
943,housing_area_per_capita,Общая площадь жилья на одного жителя,0.0,0.0,0.0,0.0,neutral,False,,,False,batch,223
943,consumer_price_index,Индексы потребительских цен,0.9,0.0,0.0,0.9,neutral,True,"Инфляция ускорилась до 10,20%",инфляция,True,batch,223
943,primary_housing_price_index,Индексы цен на первичном рынке жилья,0.0,0.0,0.0,0.0,neutral,False,,,False,batch,223
943,secondary_housing_price_index,Индексы цен на вторичном рынке жилья,0.0,0.0,0.0,0.0,neutral,False,,,False,batch,223
943,industrial_production_index,Индексы промышленного производства,0.0,0.0,0.0,0.0,neutral,False,,,False,batch,223
943,enterprises_count,Число предприятий и организаций,0.0,0.0,0.0,0.0,neutral,False,,,False,batch,223
943,crime_count,Количество преступлений,0.0,0.0,0.0,0.0,neutral,False,,,False,batch,223
943,air_pollution,Выбросы загрязняющих веществ в атмосферный воздух,0.0,0.0,0.0,0.0,neutral,False,,,False,batch,223
943,wastewater_discharge,Сброс загрязненных сточных вод,0.0,0.0,0.0,0.0,neutral,False,,,False,batch,223
943,mortality_rate,Коэффициент смертности на 1000 человек,0.0,0.0,0.0,0.0,neutral,False,,,False,batch,223
943,birth_rate_per_1000,Коэффициент рождаемости на 1000 человек,0.0,0.0,0.0,0.0,neutral,False,,,False,batch,223
946,population_size,Численность населения,0.0,0.0,0.0,0.0,neutral,False,,,False,batch,224
946,divorce_rate,Число зарегистрированных разводов на 1000 населения,0.0,0.0,0.0,0.0,neutral,False,,,False,batch,224
946,marriage_rate,Число зарегистрированных браков на 1000 населения,0.0,0.0,0.0,0.0,neutral,False,,,False,batch,224
946,international_inflow,Число прибывших в страну,0.0,0.0,0.0,0.0,neutral,False,,,False,batch,224
946,international_outflow,Число выбывших из страны,0.9,0.0,0.7,0.9,negative,True,запретил выезжать из РФ,запрет на выезд,True,batch,224
946,internal_arrivals,Число прибытий внутри региона,0.0,0.0,0.0,0.0,neutral,False,,,False,batch,224
946,internal_departures,Число выбытий из региона,0.0,0.0,0.0,0.0,neutral,False,,,False,batch,224
946,infant_mortality,Коэффициент младенческой смертности,0.0,0.0,0.0,0.0,neutral,False,,,False,batch,224
946,life_expectancy,Ожидаемая продолжительность жизни,0.0,0.0,0.0,0.0,neutral,False,,,False,batch,224
946,male_population,Число мужчин,0.0,0.0,0.0,0.0,neutral,False,,,False,batch,224
946,female_population,Число женщин,0.0,0.0,0.0,0.0,neutral,False,,,False,batch,224
946,per_capita_income,Среднедушевые денежные доходы населения,0.0,0.0,0.0,0.0,neutral,False,,,False,batch,224
946,real_income_index,Реальные денежные доходы населения,0.0,0.0,0.0,0.0,neutral,False,,,False,batch,224
946,unemployment_rate,Уровень безработицы,0.0,0.0,0.0,0.0,neutral,False,,,False,batch,224
946,living_wage,Величина прожиточного минимума на душу населения,0.0,0.0,0.0,0.0,neutral,False,,,False,batch,224
946,child_living_wage,Величина прожиточного минимума на ребенка,0.0,0.0,0.0,0.0,neutral,False,,,False,batch,224
946,hospitals,Число больничных организаций,0.0,0.0,0.0,0.0,neutral,False,,,False,batch,224
946,outpatient_clinics,Число амбулаторно-поликлинических организаций,0.0,0.0,0.0,0.0,neutral,False,,,False,batch,224
946,abortions,Число абортов,0.0,0.0,0.0,0.0,neutral,False,,,False,batch,224
946,qualified_doctors,Численность врачей высшей и первой квалификационных категорий,0.0,0.0,0.0,0.0,neutral,False,,,False,batch,224
946,preschool_coverage,Охват детей до 6 лет дошкольным образованием,0.0,0.0,0.0,0.0,neutral,False,,,False,batch,224
946,children_benefits,"Численность детей до 18 лет, на которых назначено пособие",0.0,0.0,0.0,0.0,neutral,False,,,False,batch,224
946,maternity_capital,"Численность лиц, получивших сертификат на материнский капитал",0.0,0.0,0.0,0.0,neutral,False,,,False,batch,224
946,childcare_allowance,Ежемесячное пособие по уходу за первым ребенком,0.0,0.0,0.0,0.0,neutral,False,,,False,batch,224
946,large_families_housing,"Многодетные семьи, улучшившие жилищные условия",0.0,0.0,0.0,0.0,neutral,False,,,False,batch,224
946,housing_area_per_capita,Общая площадь жилья на одного жителя,0.0,0.0,0.0,0.0,neutral,False,,,False,batch,224
946,consumer_price_index,Индексы потребительских цен,0.0,0.0,0.0,0.0,neutral,False,,,False,batch,224
946,primary_housing_price_index,Индексы цен на первичном рынке жилья,0.0,0.0,0.0,0.0,neutral,False,,,False,batch,224
946,secondary_housing_price_index,Индексы цен на вторичном рынке жилья,0.0,0.0,0.0,0.0,neutral,False,,,False,batch,224
946,industrial_production_index,Индексы промышленного производства,0.0,0.0,0.0,0.0,neutral,False,,,False,batch,224
946,enterprises_count,Число предприятий и организаций,0.0,0.0,0.0,0.0,neutral,False,,,False,batch,224
946,crime_count,Количество преступлений,0.0,0.0,0.0,0.0,neutral,False,,,False,batch,224
946,air_pollution,Выбросы загрязняющих веществ в атмосферный воздух,0.0,0.0,0.0,0.0,neutral,False,,,False,batch,224
946,wastewater_discharge,Сброс загрязненных сточных вод,0.0,0.0,0.0,0.0,neutral,False,,,False,batch,224
946,mortality_rate,Коэффициент смертности на 1000 человек,0.0,0.0,0.0,0.0,neutral,False,,,False,batch,224
946,birth_rate_per_1000,Коэффициент рождаемости на 1000 человек,0.0,0.0,0.0,0.0,neutral,False,,,False,batch,224
949,population_size,Численность населения,0.0,0.0,0.0,0.0,neutral,False,,,False,batch,237
949,divorce_rate,Число зарегистрированных разводов на 1000 населения,0.0,0.0,0.0,0.0,neutral,False,,,False,batch,237
949,marriage_rate,Число зарегистрированных браков на 1000 населения,0.0,0.0,0.0,0.0,neutral,False,,,False,batch,237
949,international_inflow,Число прибывших в страну,0.0,0.0,0.0,0.0,neutral,False,,,False,batch,237
949,international_outflow,Число выбывших из страны,0.0,0.0,0.0,0.0,neutral,False,,,False,batch,237
949,internal_arrivals,Число прибытий внутри региона,0.0,0.0,0.0,0.0,neutral,False,,,False,batch,237
949,internal_departures,Число выбытий из региона,0.0,0.0,0.0,0.0,neutral,False,,,False,batch,237
949,infant_mortality,Коэффициент младенческой смертности,0.0,0.0,0.0,0.0,neutral,False,,,False,batch,237
949,life_expectancy,Ожидаемая продолжительность жизни,0.0,0.0,0.0,0.0,neutral,False,,,False,batch,237
949,male_population,Число мужчин,0.0,0.0,0.0,0.0,neutral,False,,,False,batch,237
949,female_population,Число женщин,0.0,0.0,0.0,0.0,neutral,False,,,False,batch,237
949,per_capita_income,Среднедушевые денежные доходы населения,0.0,0.0,0.0,0.0,neutral,False,,,False,batch,237
949,real_income_index,Реальные денежные доходы населения,0.0,0.0,0.0,0.0,neutral,False,,,False,batch,237
949,unemployment_rate,Уровень безработицы,0.0,0.0,0.0,0.0,neutral,False,,,False,batch,237
949,living_wage,Величина прожиточного минимума на душу населения,0.0,0.0,0.0,0.0,neutral,False,,,False,batch,237
949,child_living_wage,Величина прожиточного минимума на ребенка,0.0,0.0,0.0,0.0,neutral,False,,,False,batch,237
949,hospitals,Число больничных организаций,0.0,0.0,0.0,0.0,neutral,False,,,False,batch,237
949,outpatient_clinics,Число амбулаторно-поликлинических организаций,0.0,0.0,0.0,0.0,neutral,False,,,False,batch,237
949,abortions,Число абортов,0.0,0.0,0.0,0.0,neutral,False,,,False,batch,237
949,qualified_doctors,Численность врачей высшей и первой квалификационных категорий,0.0,0.0,0.0,0.0,neutral,False,,,False,batch,237
949,preschool_coverage,Охват детей до 6 лет дошкольным образованием,0.0,0.0,0.0,0.0,neutral,False,,,False,batch,237
949,children_benefits,"Численность детей до 18 лет, на которых назначено пособие",0.0,0.0,0.0,0.0,neutral,False,,,False,batch,237
949,maternity_capital,"Численность лиц, получивших сертификат на материнский капитал",0.0,0.0,0.0,0.0,neutral,False,,,False,batch,237
949,childcare_allowance,Ежемесячное пособие по уходу за первым ребенком,0.0,0.0,0.0,0.0,neutral,False,,,False,batch,237
949,large_families_housing,"Многодетные семьи, улучшившие жилищные условия",0.0,0.0,0.0,0.0,neutral,False,,,False,batch,237
949,housing_area_per_capita,Общая площадь жилья на одного жителя,0.0,0.0,0.0,0.0,neutral,False,,,False,batch,237
949,consumer_price_index,Индексы потребительских цен,0.0,0.0,0.0,0.0,neutral,False,,,False,batch,237
949,primary_housing_price_index,Индексы цен на первичном рынке жилья,0.0,0.0,0.0,0.0,neutral,False,,,False,batch,237
949,secondary_housing_price_index,Индексы цен на вторичном рынке жилья,0.0,0.0,0.0,0.0,neutral,False,,,False,batch,237
949,industrial_production_index,Индексы промышленного производства,0.0,0.0,0.0,0.0,neutral,False,,,False,batch,237
949,enterprises_count,Число предприятий и организаций,0.0,0.0,0.0,0.0,neutral,False,,,False,batch,237
949,crime_count,Количество преступлений,0.0,0.0,0.0,0.0,neutral,False,,,False,batch,237
949,air_pollution,Выбросы загрязняющих веществ в атмосферный воздух,0.0,0.0,0.0,0.0,neutral,False,,,False,batch,237
949,wastewater_discharge,Сброс загрязненных сточных вод,0.0,0.0,0.0,0.0,neutral,False,,,False,batch,237
949,mortality_rate,Коэффициент смертности на 1000 человек,0.9,-0.8,0.7,0.9,negative,True,одна женщина погибла,погибшая туристка -> mortality_rate,True,batch,237
949,birth_rate_per_1000,Коэффициент рождаемости на 1000 человек,0.0,0.0,0.0,0.0,neutral,False,,,False,batch,237
957,population_size,Численность населения,0.0,0.0,0.0,0.0,neutral,False,,,False,batch,277
957,divorce_rate,Число зарегистрированных разводов на 1000 населения,0.0,0.0,0.0,0.0,neutral,False,,,False,batch,277
957,marriage_rate,Число зарегистрированных браков на 1000 населения,0.0,0.0,0.0,0.0,neutral,False,,,False,batch,277
957,international_inflow,Число прибывших в страну,0.0,0.0,0.0,0.0,neutral,False,,,False,batch,277
957,international_outflow,Число выбывших из страны,0.9,0.1,0.1,0.9,neutral,True,снятие ограничений для спортсменов из РФ и РБ,снятие ограничений на участие в соревнованиях,True,batch,277
957,internal_arrivals,Число прибытий внутри региона,0.0,0.0,0.0,0.0,neutral,False,,,False,batch,277
957,internal_departures,Число выбытий из региона,0.0,0.0,0.0,0.0,neutral,False,,,False,batch,277
957,infant_mortality,Коэффициент младенческой смертности,0.0,0.0,0.0,0.0,neutral,False,,,False,batch,277
957,life_expectancy,Ожидаемая продолжительность жизни,0.0,0.0,0.0,0.0,neutral,False,,,False,batch,277
957,male_population,Число мужчин,0.0,0.0,0.0,0.0,neutral,False,,,False,batch,277
957,female_population,Число женщин,0.0,0.0,0.0,0.0,neutral,False,,,False,batch,277
957,per_capita_income,Среднедушевые денежные доходы населения,0.0,0.0,0.0,0.0,neutral,False,,,False,batch,277
957,real_income_index,Реальные денежные доходы населения,0.0,0.0,0.0,0.0,neutral,False,,,False,batch,277
957,unemployment_rate,Уровень безработицы,0.0,0.0,0.0,0.0,neutral,False,,,False,batch,277
957,living_wage,Величина прожиточного минимума на душу населения,0.0,0.0,0.0,0.0,neutral,False,,,False,batch,277
957,child_living_wage,Величина прожиточного минимума на ребенка,0.0,0.0,0.0,0.0,neutral,False,,,False,batch,277
957,hospitals,Число больничных организаций,0.0,0.0,0.0,0.0,neutral,False,,,False,batch,277
957,outpatient_clinics,Число амбулаторно-поликлинических организаций,0.0,0.0,0.0,0.0,neutral,False,,,False,batch,277
957,abortions,Число абортов,0.0,0.0,0.0,0.0,neutral,False,,,False,batch,277
957,qualified_doctors,Численность врачей высшей и первой квалификационных категорий,0.0,0.0,0.0,0.0,neutral,False,,,False,batch,277
957,preschool_coverage,Охват детей до 6 лет дошкольным образованием,0.0,0.0,0.0,0.0,neutral,False,,,False,batch,277
957,children_benefits,"Численность детей до 18 лет, на которых назначено пособие",0.0,0.0,0.0,0.0,neutral,False,,,False,batch,277
957,maternity_capital,"Численность лиц, получивших сертификат на материнский капитал",0.0,0.0,0.0,0.0,neutral,False,,,False,batch,277
957,childcare_allowance,Ежемесячное пособие по уходу за первым ребенком,0.0,0.0,0.0,0.0,neutral,False,,,False,batch,277
957,large_families_housing,"Многодетные семьи, улучшившие жилищные условия",0.0,0.0,0.0,0.0,neutral,False,,,False,batch,277
957,housing_area_per_capita,Общая площадь жилья на одного жителя,0.0,0.0,0.0,0.0,neutral,False,,,False,batch,277
957,consumer_price_index,Индексы потребительских цен,0.0,0.0,0.0,0.0,neutral,False,,,False,batch,277
957,primary_housing_price_index,Индексы цен на первичном рынке жилья,0.0,0.0,0.0,0.0,neutral,False,,,False,batch,277
957,secondary_housing_price_index,Индексы цен на вторичном рынке жилья,0.0,0.0,0.0,0.0,neutral,False,,,False,batch,277
957,industrial_production_index,Индексы промышленного производства,0.0,0.0,0.0,0.0,neutral,False,,,False,batch,277
957,enterprises_count,Число предприятий и организаций,0.0,0.0,0.0,0.0,neutral,False,,,False,batch,277
957,crime_count,Количество преступлений,0.0,0.0,0.0,0.0,neutral,False,,,False,batch,277
957,air_pollution,Выбросы загрязняющих веществ в атмосферный воздух,0.0,0.0,0.0,0.0,neutral,False,,,False,batch,277
957,wastewater_discharge,Сброс загрязненных сточных вод,0.0,0.0,0.0,0.0,neutral,False,,,False,batch,277
957,mortality_rate,Коэффициент смертности на 1000 человек,0.0,0.0,0.0,0.0,neutral,False,,,False,batch,277
957,birth_rate_per_1000,Коэффициент рождаемости на 1000 человек,0.0,0.0,0.0,0.0,neutral,False,,,False,batch,277
959,population_size,Численность населения,0.0,0.0,0.0,0.0,neutral,False,,,False,batch,230
959,divorce_rate,Число зарегистрированных разводов на 1000 населения,0.0,0.0,0.0,0.0,neutral,False,,,False,batch,230
959,marriage_rate,Число зарегистрированных браков на 1000 населения,0.0,0.0,0.0,0.0,neutral,False,,,False,batch,230
959,international_inflow,Число прибывших в страну,0.0,0.0,0.0,0.0,neutral,False,,,False,batch,230
959,international_outflow,Число выбывших из страны,0.0,0.0,0.0,0.0,neutral,False,,,False,batch,230
959,internal_arrivals,Число прибытий внутри региона,0.0,0.0,0.0,0.0,neutral,False,,,False,batch,230
959,internal_departures,Число выбытий из региона,0.0,0.0,0.0,0.0,neutral,False,,,False,batch,230
959,infant_mortality,Коэффициент младенческой смертности,0.0,0.0,0.0,0.0,neutral,False,,,False,batch,230
959,life_expectancy,Ожидаемая продолжительность жизни,0.0,0.0,0.0,0.0,neutral,False,,,False,batch,230
959,male_population,Число мужчин,0.0,0.0,0.0,0.0,neutral,False,,,False,batch,230
959,female_population,Число женщин,0.0,0.0,0.0,0.0,neutral,False,,,False,batch,230
959,per_capita_income,Среднедушевые денежные доходы населения,0.0,0.0,0.0,0.0,neutral,False,,,False,batch,230
959,real_income_index,Реальные денежные доходы населения,0.0,0.0,0.0,0.0,neutral,False,,,False,batch,230
959,unemployment_rate,Уровень безработицы,0.0,0.0,0.0,0.0,neutral,False,,,False,batch,230
959,living_wage,Величина прожиточного минимума на душу населения,0.0,0.0,0.0,0.0,neutral,False,,,False,batch,230
959,child_living_wage,Величина прожиточного минимума на ребенка,0.0,0.0,0.0,0.0,neutral,False,,,False,batch,230
959,hospitals,Число больничных организаций,0.0,0.0,0.0,0.0,neutral,False,,,False,batch,230
959,outpatient_clinics,Число амбулаторно-поликлинических организаций,0.0,0.0,0.0,0.0,neutral,False,,,False,batch,230
959,abortions,Число абортов,0.0,0.0,0.0,0.0,neutral,False,,,False,batch,230
959,qualified_doctors,Численность врачей высшей и первой квалификационных категорий,0.0,0.0,0.0,0.0,neutral,False,,,False,batch,230
959,preschool_coverage,Охват детей до 6 лет дошкольным образованием,0.0,0.0,0.0,0.0,neutral,False,,,False,batch,230
959,children_benefits,"Численность детей до 18 лет, на которых назначено пособие",0.0,0.0,0.0,0.0,neutral,False,,,False,batch,230
959,maternity_capital,"Численность лиц, получивших сертификат на материнский капитал",0.0,0.0,0.0,0.0,neutral,False,,,False,batch,230
959,childcare_allowance,Ежемесячное пособие по уходу за первым ребенком,0.0,0.0,0.0,0.0,neutral,False,,,False,batch,230
959,large_families_housing,"Многодетные семьи, улучшившие жилищные условия",0.0,0.0,0.0,0.0,neutral,False,,,False,batch,230
959,housing_area_per_capita,Общая площадь жилья на одного жителя,0.0,0.0,0.0,0.0,neutral,False,,,False,batch,230
959,consumer_price_index,Индексы потребительских цен,0.0,0.0,0.0,0.0,neutral,False,,,False,batch,230
959,primary_housing_price_index,Индексы цен на первичном рынке жилья,0.0,0.0,0.0,0.0,neutral,False,,,False,batch,230
959,secondary_housing_price_index,Индексы цен на вторичном рынке жилья,0.0,0.0,0.0,0.0,neutral,False,,,False,batch,230
959,industrial_production_index,Индексы промышленного производства,0.0,0.0,0.0,0.0,neutral,False,,,False,batch,230
959,enterprises_count,Число предприятий и организаций,0.0,0.0,0.0,0.0,neutral,False,,,False,batch,230
959,crime_count,Количество преступлений,0.9,-0.8,0.7,0.9,negative,True,фигурант дела о фейках,фейки об армии -> crime_count,True,batch,230
959,air_pollution,Выбросы загрязняющих веществ в атмосферный воздух,0.0,0.0,0.0,0.0,neutral,False,,,False,batch,230
959,wastewater_discharge,Сброс загрязненных сточных вод,0.0,0.0,0.0,0.0,neutral,False,,,False,batch,230
959,mortality_rate,Коэффициент смертности на 1000 человек,0.0,0.0,0.0,0.0,neutral,False,,,False,batch,230
959,birth_rate_per_1000,Коэффициент рождаемости на 1000 человек,0.0,0.0,0.0,0.0,neutral,False,,,False,batch,230
966,population_size,Численность населения,0.0,0.0,0.0,0.0,neutral,False,,,False,batch,259
966,divorce_rate,Число зарегистрированных разводов на 1000 населения,0.0,0.0,0.0,0.0,neutral,False,,,False,batch,259
966,marriage_rate,Число зарегистрированных браков на 1000 населения,0.0,0.0,0.0,0.0,neutral,False,,,False,batch,259
966,international_inflow,Число прибывших в страну,0.0,0.0,0.0,0.0,neutral,False,,,False,batch,259
966,international_outflow,Число выбывших из страны,0.0,0.0,0.0,0.0,neutral,False,,,False,batch,259
966,internal_arrivals,Число прибытий внутри региона,0.0,0.0,0.0,0.0,neutral,False,,,False,batch,259
966,internal_departures,Число выбытий из региона,0.0,0.0,0.0,0.0,neutral,False,,,False,batch,259
966,infant_mortality,Коэффициент младенческой смертности,0.0,0.0,0.0,0.0,neutral,False,,,False,batch,259
966,life_expectancy,Ожидаемая продолжительность жизни,0.0,0.0,0.0,0.0,neutral,False,,,False,batch,259
966,male_population,Число мужчин,0.0,0.0,0.0,0.0,neutral,False,,,False,batch,259
966,female_population,Число женщин,0.0,0.0,0.0,0.0,neutral,False,,,False,batch,259
966,per_capita_income,Среднедушевые денежные доходы населения,0.0,0.0,0.0,0.0,neutral,False,,,False,batch,259
966,real_income_index,Реальные денежные доходы населения,0.0,0.0,0.0,0.0,neutral,False,,,False,batch,259
966,unemployment_rate,Уровень безработицы,0.0,0.0,0.0,0.0,neutral,False,,,False,batch,259
966,living_wage,Величина прожиточного минимума на душу населения,0.0,0.0,0.0,0.0,neutral,False,,,False,batch,259
966,child_living_wage,Величина прожиточного минимума на ребенка,0.0,0.0,0.0,0.0,neutral,False,,,False,batch,259
966,hospitals,Число больничных организаций,0.0,0.0,0.0,0.0,neutral,False,,,False,batch,259
966,outpatient_clinics,Число амбулаторно-поликлинических организаций,0.0,0.0,0.0,0.0,neutral,False,,,False,batch,259
966,abortions,Число абортов,0.0,0.0,0.0,0.0,neutral,False,,,False,batch,259
966,qualified_doctors,Численность врачей высшей и первой квалификационных категорий,0.0,0.0,0.0,0.0,neutral,False,,,False,batch,259
966,preschool_coverage,Охват детей до 6 лет дошкольным образованием,0.0,0.0,0.0,0.0,neutral,False,,,False,batch,259
966,children_benefits,"Численность детей до 18 лет, на которых назначено пособие",0.0,0.0,0.0,0.0,neutral,False,,,False,batch,259
966,maternity_capital,"Численность лиц, получивших сертификат на материнский капитал",0.0,0.0,0.0,0.0,neutral,False,,,False,batch,259
966,childcare_allowance,Ежемесячное пособие по уходу за первым ребенком,0.0,0.0,0.0,0.0,neutral,False,,,False,batch,259
966,large_families_housing,"Многодетные семьи, улучшившие жилищные условия",0.0,0.0,0.0,0.0,neutral,False,,,False,batch,259
966,housing_area_per_capita,Общая площадь жилья на одного жителя,0.0,0.0,0.0,0.0,neutral,False,,,False,batch,259
966,consumer_price_index,Индексы потребительских цен,0.0,0.0,0.0,0.0,neutral,False,,,False,batch,259
966,primary_housing_price_index,Индексы цен на первичном рынке жилья,0.0,0.0,0.0,0.0,neutral,False,,,False,batch,259
966,secondary_housing_price_index,Индексы цен на вторичном рынке жилья,0.0,0.0,0.0,0.0,neutral,False,,,False,batch,259
966,industrial_production_index,Индексы промышленного производства,0.6,0.3,0.1,0.8,positive,True,ArcelorMittal увеличила выручку,корпоративные результаты и прибыль,True,batch,259
966,enterprises_count,Число предприятий и организаций,0.0,0.0,0.0,0.0,neutral,False,,,False,batch,259
966,crime_count,Количество преступлений,0.0,0.0,0.0,0.0,neutral,False,,,False,batch,259
966,air_pollution,Выбросы загрязняющих веществ в атмосферный воздух,0.0,0.0,0.0,0.0,neutral,False,,,False,batch,259
966,wastewater_discharge,Сброс загрязненных сточных вод,0.0,0.0,0.0,0.0,neutral,False,,,False,batch,259
966,mortality_rate,Коэффициент смертности на 1000 человек,0.0,0.0,0.0,0.0,neutral,False,,,False,batch,259
966,birth_rate_per_1000,Коэффициент рождаемости на 1000 человек,0.0,0.0,0.0,0.0,neutral,False,,,False,batch,259
968,population_size,Численность населения,0.0,0.0,0.0,0.0,neutral,False,,,False,batch,255
968,divorce_rate,Число зарегистрированных разводов на 1000 населения,0.0,0.0,0.0,0.0,neutral,False,,,False,batch,255
968,marriage_rate,Число зарегистрированных браков на 1000 населения,0.0,0.0,0.0,0.0,neutral,False,,,False,batch,255
968,international_inflow,Число прибывших в страну,0.0,0.0,0.0,0.0,neutral,False,,,False,batch,255
968,international_outflow,Число выбывших из страны,0.3,0.0,0.0,0.7,neutral,True,поддерживает урегулирование конфликта,дипломатическое решение кризиса,True,batch,255
968,internal_arrivals,Число прибытий внутри региона,0.0,0.0,0.0,0.0,neutral,False,,,False,batch,255
968,internal_departures,Число выбытий из региона,0.0,0.0,0.0,0.0,neutral,False,,,False,batch,255
968,infant_mortality,Коэффициент младенческой смертности,0.0,0.0,0.0,0.0,neutral,False,,,False,batch,255
968,life_expectancy,Ожидаемая продолжительность жизни,0.0,0.0,0.0,0.0,neutral,False,,,False,batch,255
968,male_population,Число мужчин,0.0,0.0,0.0,0.0,neutral,False,,,False,batch,255
968,female_population,Число женщин,0.0,0.0,0.0,0.0,neutral,False,,,False,batch,255
968,per_capita_income,Среднедушевые денежные доходы населения,0.0,0.0,0.0,0.0,neutral,False,,,False,batch,255
968,real_income_index,Реальные денежные доходы населения,0.0,0.0,0.0,0.0,neutral,False,,,False,batch,255
968,unemployment_rate,Уровень безработицы,0.0,0.0,0.0,0.0,neutral,False,,,False,batch,255
968,living_wage,Величина прожиточного минимума на душу населения,0.0,0.0,0.0,0.0,neutral,False,,,False,batch,255
968,child_living_wage,Величина прожиточного минимума на ребенка,0.0,0.0,0.0,0.0,neutral,False,,,False,batch,255
968,hospitals,Число больничных организаций,0.0,0.0,0.0,0.0,neutral,False,,,False,batch,255
968,outpatient_clinics,Число амбулаторно-поликлинических организаций,0.0,0.0,0.0,0.0,neutral,False,,,False,batch,255
968,abortions,Число абортов,0.0,0.0,0.0,0.0,neutral,False,,,False,batch,255
968,qualified_doctors,Численность врачей высшей и первой квалификационных категорий,0.0,0.0,0.0,0.0,neutral,False,,,False,batch,255
968,preschool_coverage,Охват детей до 6 лет дошкольным образованием,0.0,0.0,0.0,0.0,neutral,False,,,False,batch,255
968,children_benefits,"Численность детей до 18 лет, на которых назначено пособие",0.0,0.0,0.0,0.0,neutral,False,,,False,batch,255
968,maternity_capital,"Численность лиц, получивших сертификат на материнский капитал",0.0,0.0,0.0,0.0,neutral,False,,,False,batch,255
968,childcare_allowance,Ежемесячное пособие по уходу за первым ребенком,0.0,0.0,0.0,0.0,neutral,False,,,False,batch,255
968,large_families_housing,"Многодетные семьи, улучшившие жилищные условия",0.0,0.0,0.0,0.0,neutral,False,,,False,batch,255
968,housing_area_per_capita,Общая площадь жилья на одного жителя,0.0,0.0,0.0,0.0,neutral,False,,,False,batch,255
968,consumer_price_index,Индексы потребительских цен,0.0,0.0,0.0,0.0,neutral,False,,,False,batch,255
968,primary_housing_price_index,Индексы цен на первичном рынке жилья,0.0,0.0,0.0,0.0,neutral,False,,,False,batch,255
968,secondary_housing_price_index,Индексы цен на вторичном рынке жилья,0.0,0.0,0.0,0.0,neutral,False,,,False,batch,255
968,industrial_production_index,Индексы промышленного производства,0.0,0.0,0.0,0.0,neutral,False,,,False,batch,255
968,enterprises_count,Число предприятий и организаций,0.0,0.0,0.0,0.0,neutral,False,,,False,batch,255
968,crime_count,Количество преступлений,0.0,0.0,0.0,0.0,neutral,False,,,False,batch,255
968,air_pollution,Выбросы загрязняющих веществ в атмосферный воздух,0.0,0.0,0.0,0.0,neutral,False,,,False,batch,255
968,wastewater_discharge,Сброс загрязненных сточных вод,0.0,0.0,0.0,0.0,neutral,False,,,False,batch,255
968,mortality_rate,Коэффициент смертности на 1000 человек,0.0,0.0,0.0,0.0,neutral,False,,,False,batch,255
968,birth_rate_per_1000,Коэффициент рождаемости на 1000 человек,0.0,0.0,0.0,0.0,neutral,False,,,False,batch,255
978,population_size,Численность населения,0.0,0.0,0.0,0.0,neutral,False,,,False,batch,261
978,divorce_rate,Число зарегистрированных разводов на 1000 населения,0.0,0.0,0.0,0.0,neutral,False,,,False,batch,261
978,marriage_rate,Число зарегистрированных браков на 1000 населения,0.0,0.0,0.0,0.0,neutral,False,,,False,batch,261
978,international_inflow,Число прибывших в страну,0.0,0.0,0.0,0.0,neutral,False,,,False,batch,261
978,international_outflow,Число выбывших из страны,0.0,0.0,0.0,0.0,neutral,False,,,False,batch,261
978,internal_arrivals,Число прибытий внутри региона,0.0,0.0,0.0,0.0,neutral,False,,,False,batch,261
978,internal_departures,Число выбытий из региона,0.0,0.0,0.0,0.0,neutral,False,,,False,batch,261
978,infant_mortality,Коэффициент младенческой смертности,0.0,0.0,0.0,0.0,neutral,False,,,False,batch,261
978,life_expectancy,Ожидаемая продолжительность жизни,0.0,0.0,0.0,0.0,neutral,False,,,False,batch,261
978,male_population,Число мужчин,0.0,0.0,0.0,0.0,neutral,False,,,False,batch,261
978,female_population,Число женщин,0.0,0.0,0.0,0.0,neutral,False,,,False,batch,261
978,per_capita_income,Среднедушевые денежные доходы населения,0.0,0.0,0.0,0.0,neutral,False,,,False,batch,261
978,real_income_index,Реальные денежные доходы населения,0.0,0.0,0.0,0.0,neutral,False,,,False,batch,261
978,unemployment_rate,Уровень безработицы,0.0,0.0,0.0,0.0,neutral,False,,,False,batch,261
978,living_wage,Величина прожиточного минимума на душу населения,0.0,0.0,0.0,0.0,neutral,False,,,False,batch,261
978,child_living_wage,Величина прожиточного минимума на ребенка,0.0,0.0,0.0,0.0,neutral,False,,,False,batch,261
978,hospitals,Число больничных организаций,0.0,0.0,0.0,0.0,neutral,False,,,False,batch,261
978,outpatient_clinics,Число амбулаторно-поликлинических организаций,0.0,0.0,0.0,0.0,neutral,False,,,False,batch,261
978,abortions,Число абортов,0.0,0.0,0.0,0.0,neutral,False,,,False,batch,261
978,qualified_doctors,Численность врачей высшей и первой квалификационных категорий,0.0,0.0,0.0,0.0,neutral,False,,,False,batch,261
978,preschool_coverage,Охват детей до 6 лет дошкольным образованием,0.0,0.0,0.0,0.0,neutral,False,,,False,batch,261
978,children_benefits,"Численность детей до 18 лет, на которых назначено пособие",0.0,0.0,0.0,0.0,neutral,False,,,False,batch,261
978,maternity_capital,"Численность лиц, получивших сертификат на материнский капитал",0.0,0.0,0.0,0.0,neutral,False,,,False,batch,261
978,childcare_allowance,Ежемесячное пособие по уходу за первым ребенком,0.0,0.0,0.0,0.0,neutral,False,,,False,batch,261
978,large_families_housing,"Многодетные семьи, улучшившие жилищные условия",0.0,0.0,0.0,0.0,neutral,False,,,False,batch,261
978,housing_area_per_capita,Общая площадь жилья на одного жителя,0.0,0.0,0.0,0.0,neutral,False,,,False,batch,261
978,consumer_price_index,Индексы потребительских цен,0.0,0.0,0.0,0.0,neutral,False,,,False,batch,261
978,primary_housing_price_index,Индексы цен на первичном рынке жилья,0.0,0.0,0.0,0.0,neutral,False,,,False,batch,261
978,secondary_housing_price_index,Индексы цен на вторичном рынке жилья,0.0,0.0,0.0,0.0,neutral,False,,,False,batch,261
978,industrial_production_index,Индексы промышленного производства,0.6,0.0,0.3,0.8,neutral,True,Цены на нефть остаются в плюсе,нефтяные цены влияют на промышленность,True,batch,261
978,enterprises_count,Число предприятий и организаций,0.0,0.0,0.0,0.0,neutral,False,,,False,batch,261
978,crime_count,Количество преступлений,0.0,0.0,0.0,0.0,neutral,False,,,False,batch,261
978,air_pollution,Выбросы загрязняющих веществ в атмосферный воздух,0.0,0.0,0.0,0.0,neutral,False,,,False,batch,261
978,wastewater_discharge,Сброс загрязненных сточных вод,0.0,0.0,0.0,0.0,neutral,False,,,False,batch,261
978,mortality_rate,Коэффициент смертности на 1000 человек,0.0,0.0,0.0,0.0,neutral,False,,,False,batch,261
978,birth_rate_per_1000,Коэффициент рождаемости на 1000 человек,0.0,0.0,0.0,0.0,neutral,False,,,False,batch,261
979,population_size,Численность населения,0.0,0.0,0.0,0.0,neutral,False,,,False,batch,245
979,divorce_rate,Число зарегистрированных разводов на 1000 населения,0.0,0.0,0.0,0.0,neutral,False,,,False,batch,245
979,marriage_rate,Число зарегистрированных браков на 1000 населения,0.0,0.0,0.0,0.0,neutral,False,,,False,batch,245
979,international_inflow,Число прибывших в страну,0.0,0.0,0.0,0.0,neutral,False,,,False,batch,245
979,international_outflow,Число выбывших из страны,0.0,0.0,0.0,0.0,neutral,False,,,False,batch,245
979,internal_arrivals,Число прибытий внутри региона,0.0,0.0,0.0,0.0,neutral,False,,,False,batch,245
979,internal_departures,Число выбытий из региона,0.0,0.0,0.0,0.0,neutral,False,,,False,batch,245
979,infant_mortality,Коэффициент младенческой смертности,0.0,0.0,0.0,0.0,neutral,False,,,False,batch,245
979,life_expectancy,Ожидаемая продолжительность жизни,0.0,0.0,0.0,0.0,neutral,False,,,False,batch,245
979,male_population,Число мужчин,0.0,0.0,0.0,0.0,neutral,False,,,False,batch,245
979,female_population,Число женщин,0.0,0.0,0.0,0.0,neutral,False,,,False,batch,245
979,per_capita_income,Среднедушевые денежные доходы населения,0.0,0.0,0.0,0.0,neutral,False,,,False,batch,245
979,real_income_index,Реальные денежные доходы населения,0.0,0.0,0.0,0.0,neutral,False,,,False,batch,245
979,unemployment_rate,Уровень безработицы,0.0,0.0,0.0,0.0,neutral,False,,,False,batch,245
979,living_wage,Величина прожиточного минимума на душу населения,0.0,0.0,0.0,0.0,neutral,False,,,False,batch,245
979,child_living_wage,Величина прожиточного минимума на ребенка,0.0,0.0,0.0,0.0,neutral,False,,,False,batch,245
979,hospitals,Число больничных организаций,0.0,0.0,0.0,0.0,neutral,False,,,False,batch,245
979,outpatient_clinics,Число амбулаторно-поликлинических организаций,0.0,0.0,0.0,0.0,neutral,False,,,False,batch,245
979,abortions,Число абортов,0.0,0.0,0.0,0.0,neutral,False,,,False,batch,245
979,qualified_doctors,Численность врачей высшей и первой квалификационных категорий,0.0,0.0,0.0,0.0,neutral,False,,,False,batch,245
979,preschool_coverage,Охват детей до 6 лет дошкольным образованием,0.0,0.0,0.0,0.0,neutral,False,,,False,batch,245
979,children_benefits,"Численность детей до 18 лет, на которых назначено пособие",0.0,0.0,0.0,0.0,neutral,False,,,False,batch,245
979,maternity_capital,"Численность лиц, получивших сертификат на материнский капитал",0.0,0.0,0.0,0.0,neutral,False,,,False,batch,245
979,childcare_allowance,Ежемесячное пособие по уходу за первым ребенком,0.0,0.0,0.0,0.0,neutral,False,,,False,batch,245
979,large_families_housing,"Многодетные семьи, улучшившие жилищные условия",0.0,0.0,0.0,0.0,neutral,False,,,False,batch,245
979,housing_area_per_capita,Общая площадь жилья на одного жителя,0.0,0.0,0.0,0.0,neutral,False,,,False,batch,245
979,consumer_price_index,Индексы потребительских цен,0.0,0.0,0.0,0.0,neutral,False,,,False,batch,245
979,primary_housing_price_index,Индексы цен на первичном рынке жилья,0.0,0.0,0.0,0.0,neutral,False,,,False,batch,245
979,secondary_housing_price_index,Индексы цен на вторичном рынке жилья,0.0,0.0,0.0,0.0,neutral,False,,,False,batch,245
979,industrial_production_index,Индексы промышленного производства,0.0,0.0,0.0,0.0,neutral,False,,,False,batch,245
979,enterprises_count,Число предприятий и организаций,0.0,0.0,0.0,0.0,neutral,False,,,False,batch,245
979,crime_count,Количество преступлений,0.9,-0.5,0.5,0.9,negative,True,уничтожено 31 беспилотник,уничтожение дронов является актом насилия,True,batch,245
979,air_pollution,Выбросы загрязняющих веществ в атмосферный воздух,0.0,0.0,0.0,0.0,neutral,False,,,False,batch,245
979,wastewater_discharge,Сброс загрязненных сточных вод,0.0,0.0,0.0,0.0,neutral,False,,,False,batch,245
979,mortality_rate,Коэффициент смертности на 1000 человек,0.0,0.0,0.0,0.0,neutral,False,,,False,batch,245
979,birth_rate_per_1000,Коэффициент рождаемости на 1000 человек,0.0,0.0,0.0,0.0,neutral,False,,,False,batch,245
990,population_size,Численность населения,0.0,0.0,0.0,0.0,neutral,False,,,False,batch,276
990,divorce_rate,Число зарегистрированных разводов на 1000 населения,0.0,0.0,0.0,0.0,neutral,False,,,False,batch,276
990,marriage_rate,Число зарегистрированных браков на 1000 населения,0.0,0.0,0.0,0.0,neutral,False,,,False,batch,276
990,international_inflow,Число прибывших в страну,0.0,0.0,0.0,0.0,neutral,False,,,False,batch,276
990,international_outflow,Число выбывших из страны,0.0,0.0,0.0,0.0,neutral,False,,,False,batch,276
990,internal_arrivals,Число прибытий внутри региона,0.0,0.0,0.0,0.0,neutral,False,,,False,batch,276
990,internal_departures,Число выбытий из региона,0.0,0.0,0.0,0.0,neutral,False,,,False,batch,276
990,infant_mortality,Коэффициент младенческой смертности,0.0,0.0,0.0,0.0,neutral,False,,,False,batch,276
990,life_expectancy,Ожидаемая продолжительность жизни,0.0,0.0,0.0,0.0,neutral,False,,,False,batch,276
990,male_population,Число мужчин,0.0,0.0,0.0,0.0,neutral,False,,,False,batch,276
990,female_population,Число женщин,0.0,0.0,0.0,0.0,neutral,False,,,False,batch,276
990,per_capita_income,Среднедушевые денежные доходы населения,0.0,0.0,0.0,0.0,neutral,False,,,False,batch,276
990,real_income_index,Реальные денежные доходы населения,0.0,0.0,0.0,0.0,neutral,False,,,False,batch,276
990,unemployment_rate,Уровень безработицы,0.0,0.0,0.0,0.0,neutral,False,,,False,batch,276
990,living_wage,Величина прожиточного минимума на душу населения,0.0,0.0,0.0,0.0,neutral,False,,,False,batch,276
990,child_living_wage,Величина прожиточного минимума на ребенка,0.0,0.0,0.0,0.0,neutral,False,,,False,batch,276
990,hospitals,Число больничных организаций,0.0,0.0,0.0,0.0,neutral,False,,,False,batch,276
990,outpatient_clinics,Число амбулаторно-поликлинических организаций,0.0,0.0,0.0,0.0,neutral,False,,,False,batch,276
990,abortions,Число абортов,0.0,0.0,0.0,0.0,neutral,False,,,False,batch,276
990,qualified_doctors,Численность врачей высшей и первой квалификационных категорий,0.0,0.0,0.0,0.0,neutral,False,,,False,batch,276
990,preschool_coverage,Охват детей до 6 лет дошкольным образованием,0.0,0.0,0.0,0.0,neutral,False,,,False,batch,276
990,children_benefits,"Численность детей до 18 лет, на которых назначено пособие",0.0,0.0,0.0,0.0,neutral,False,,,False,batch,276
990,maternity_capital,"Численность лиц, получивших сертификат на материнский капитал",0.0,0.0,0.0,0.0,neutral,False,,,False,batch,276
990,childcare_allowance,Ежемесячное пособие по уходу за первым ребенком,0.0,0.0,0.0,0.0,neutral,False,,,False,batch,276
990,large_families_housing,"Многодетные семьи, улучшившие жилищные условия",0.0,0.0,0.0,0.0,neutral,False,,,False,batch,276
990,housing_area_per_capita,Общая площадь жилья на одного жителя,0.0,0.0,0.0,0.0,neutral,False,,,False,batch,276
990,consumer_price_index,Индексы потребительских цен,0.0,0.0,0.0,0.0,neutral,False,,,False,batch,276
990,primary_housing_price_index,Индексы цен на первичном рынке жилья,0.0,0.0,0.0,0.0,neutral,False,,,False,batch,276
990,secondary_housing_price_index,Индексы цен на вторичном рынке жилья,0.0,0.0,0.0,0.0,neutral,False,,,False,batch,276
990,industrial_production_index,Индексы промышленного производства,0.9,0.5,0.3,0.9,positive,True,увеличила скорректированную EBITDA на 28%,рост выручки связан с продажами удобрений,True,batch,276
990,enterprises_count,Число предприятий и организаций,0.0,0.0,0.0,0.0,neutral,False,,,False,batch,276
990,crime_count,Количество преступлений,0.0,0.0,0.0,0.0,neutral,False,,,False,batch,276
990,air_pollution,Выбросы загрязняющих веществ в атмосферный воздух,0.0,0.0,0.0,0.0,neutral,False,,,False,batch,276
990,wastewater_discharge,Сброс загрязненных сточных вод,0.0,0.0,0.0,0.0,neutral,False,,,False,batch,276
990,mortality_rate,Коэффициент смертности на 1000 человек,0.0,0.0,0.0,0.0,neutral,False,,,False,batch,276
990,birth_rate_per_1000,Коэффициент рождаемости на 1000 человек,0.0,0.0,0.0,0.0,neutral,False,,,False,batch,276
