run_id,file_name,model,prompt,n_news,n_rows,complete_36x_rows,json_errors,threshold,scope,gold_pairs,pred_pairs,tp_pairs,fp_pairs_vs_scope,fn_pairs,mean_pred_labels,micro_precision,micro_recall,micro_f1,macro_f1_supported,sample_f1,any_precision,any_recall,any_f1,gold_news,pred_any_news,missed_all_scope_news,false_relevant_news
v4_social_signal_experiment_v4_prompt_think_true_gemma4_e4b_direct_core_gold_fewshot_v5_think_ctx16384_tok16384_n237,v4_social_signal_experiment_v4_prompt_think_true_gemma4_e4b_direct_core_gold_fewshot_v5_think_ctx16384_tok16384_n237.csv,gemma4:e4b,direct_core_gold_fewshot_v5,237,8532,True,1,default,all,681,467,339,128,342,1.970464135021097,0.7259100642398287,0.4977973568281938,0.5905923344947736,0.3651404277581621,0.5697910387783804,1.0,0.9620253164556962,0.9806451612903225,237,228,9,0
v4_social_signal_experiment_v4_prompt_think_true_gemma4_e4b_direct_core_gold_fewshot_v5_think_ctx16384_tok16384_n237,v4_social_signal_experiment_v4_prompt_think_true_gemma4_e4b_direct_core_gold_fewshot_v5_think_ctx16384_tok16384_n237.csv,gemma4:e4b,direct_core_gold_fewshot_v5,237,8532,True,1,0.05,all,681,467,339,128,342,1.970464135021097,0.7259100642398287,0.4977973568281938,0.5905923344947736,0.3651404277581621,0.5697910387783804,1.0,0.9620253164556962,0.9806451612903225,237,228,9,0
v4_social_signal_experiment_v4_prompt_think_true_gemma4_e4b_direct_core_gold_fewshot_v5_think_ctx16384_tok16384_n237,v4_social_signal_experiment_v4_prompt_think_true_gemma4_e4b_direct_core_gold_fewshot_v5_think_ctx16384_tok16384_n237.csv,gemma4:e4b,direct_core_gold_fewshot_v5,237,8532,True,1,0.10,all,681,467,339,128,342,1.970464135021097,0.7259100642398287,0.4977973568281938,0.5905923344947736,0.3651404277581621,0.5697910387783804,1.0,0.9620253164556962,0.9806451612903225,237,228,9,0
v4_social_signal_experiment_v4_prompt_think_true_gemma4_e4b_direct_core_gold_fewshot_v5_think_ctx16384_tok16384_n237,v4_social_signal_experiment_v4_prompt_think_true_gemma4_e4b_direct_core_gold_fewshot_v5_think_ctx16384_tok16384_n237.csv,gemma4:e4b,direct_core_gold_fewshot_v5,237,8532,True,1,0.15,all,681,467,339,128,342,1.970464135021097,0.7259100642398287,0.4977973568281938,0.5905923344947736,0.3651404277581621,0.5697910387783804,1.0,0.9620253164556962,0.9806451612903225,237,228,9,0
v4_social_signal_experiment_v4_prompt_think_true_gemma4_e4b_direct_core_gold_fewshot_v5_think_ctx16384_tok16384_n237,v4_social_signal_experiment_v4_prompt_think_true_gemma4_e4b_direct_core_gold_fewshot_v5_think_ctx16384_tok16384_n237.csv,gemma4:e4b,direct_core_gold_fewshot_v5,237,8532,True,1,0.20,all,681,467,339,128,342,1.970464135021097,0.7259100642398287,0.4977973568281938,0.5905923344947736,0.3651404277581621,0.5697910387783804,1.0,0.9620253164556962,0.9806451612903225,237,228,9,0
v4_social_signal_experiment_v4_prompt_think_true_gemma4_e4b_direct_core_gold_fewshot_v5_think_ctx16384_tok16384_n237,v4_social_signal_experiment_v4_prompt_think_true_gemma4_e4b_direct_core_gold_fewshot_v5_think_ctx16384_tok16384_n237.csv,gemma4:e4b,direct_core_gold_fewshot_v5,237,8532,True,1,0.25,all,681,467,339,128,342,1.970464135021097,0.7259100642398287,0.4977973568281938,0.5905923344947736,0.3651404277581621,0.5697910387783804,1.0,0.9620253164556962,0.9806451612903225,237,228,9,0
v4_social_signal_experiment_v4_prompt_think_true_gemma4_e4b_direct_core_gold_fewshot_v5_think_ctx16384_tok16384_n237,v4_social_signal_experiment_v4_prompt_think_true_gemma4_e4b_direct_core_gold_fewshot_v5_think_ctx16384_tok16384_n237.csv,gemma4:e4b,direct_core_gold_fewshot_v5,237,8532,True,1,0.30,all,681,467,339,128,342,1.970464135021097,0.7259100642398287,0.4977973568281938,0.5905923344947736,0.3651404277581621,0.5697910387783804,1.0,0.9620253164556962,0.9806451612903225,237,228,9,0
v4_social_signal_experiment_v4_prompt_think_true_gemma4_e4b_direct_core_gold_fewshot_v5_think_ctx16384_tok16384_n237,v4_social_signal_experiment_v4_prompt_think_true_gemma4_e4b_direct_core_gold_fewshot_v5_think_ctx16384_tok16384_n237.csv,gemma4:e4b,direct_core_gold_fewshot_v5,237,8532,True,1,0.35,all,681,467,339,128,342,1.970464135021097,0.7259100642398287,0.4977973568281938,0.5905923344947736,0.3651404277581621,0.5697910387783804,1.0,0.9620253164556962,0.9806451612903225,237,228,9,0
v4_social_signal_experiment_v4_prompt_think_true_gemma4_e4b_direct_core_gold_fewshot_v5_think_ctx16384_tok16384_n237,v4_social_signal_experiment_v4_prompt_think_true_gemma4_e4b_direct_core_gold_fewshot_v5_think_ctx16384_tok16384_n237.csv,gemma4:e4b,direct_core_gold_fewshot_v5,237,8532,True,1,0.40,all,681,467,339,128,342,1.970464135021097,0.7259100642398287,0.4977973568281938,0.5905923344947736,0.3651404277581621,0.5697910387783804,1.0,0.9620253164556962,0.9806451612903225,237,228,9,0
v4_social_signal_experiment_v4_prompt_think_true_gemma4_e4b_direct_core_gold_fewshot_v5_think_ctx16384_tok16384_n237,v4_social_signal_experiment_v4_prompt_think_true_gemma4_e4b_direct_core_gold_fewshot_v5_think_ctx16384_tok16384_n237.csv,gemma4:e4b,direct_core_gold_fewshot_v5,237,8532,True,1,0.45,all,681,467,339,128,342,1.970464135021097,0.7259100642398287,0.4977973568281938,0.5905923344947736,0.3651404277581621,0.5697910387783804,1.0,0.9620253164556962,0.9806451612903225,237,228,9,0
v4_social_signal_experiment_v4_prompt_think_true_gemma4_e4b_direct_core_gold_fewshot_v5_think_ctx16384_tok16384_n237,v4_social_signal_experiment_v4_prompt_think_true_gemma4_e4b_direct_core_gold_fewshot_v5_think_ctx16384_tok16384_n237.csv,gemma4:e4b,direct_core_gold_fewshot_v5,237,8532,True,1,0.50,all,681,467,339,128,342,1.970464135021097,0.7259100642398287,0.4977973568281938,0.5905923344947736,0.3651404277581621,0.5697910387783804,1.0,0.9620253164556962,0.9806451612903225,237,228,9,0
v4_social_signal_experiment_v4_prompt_think_true_gemma4_e4b_direct_core_gold_fewshot_v5_think_ctx16384_tok16384_n237,v4_social_signal_experiment_v4_prompt_think_true_gemma4_e4b_direct_core_gold_fewshot_v5_think_ctx16384_tok16384_n237.csv,gemma4:e4b,direct_core_gold_fewshot_v5,237,8532,True,1,0.55,all,681,467,339,128,342,1.970464135021097,0.7259100642398287,0.4977973568281938,0.5905923344947736,0.3651404277581621,0.5697910387783804,1.0,0.9620253164556962,0.9806451612903225,237,228,9,0
v4_social_signal_experiment_v4_prompt_think_true_gemma4_e4b_direct_core_gold_fewshot_v5_think_ctx16384_tok16384_n237,v4_social_signal_experiment_v4_prompt_think_true_gemma4_e4b_direct_core_gold_fewshot_v5_think_ctx16384_tok16384_n237.csv,gemma4:e4b,direct_core_gold_fewshot_v5,237,8532,True,1,0.60,all,681,467,339,128,342,1.970464135021097,0.7259100642398287,0.4977973568281938,0.5905923344947736,0.3651404277581621,0.5697910387783804,1.0,0.9620253164556962,0.9806451612903225,237,228,9,0
v4_social_signal_experiment_v4_prompt_think_true_gemma4_e4b_direct_core_gold_fewshot_v5_think_ctx16384_tok16384_n237,v4_social_signal_experiment_v4_prompt_think_true_gemma4_e4b_direct_core_gold_fewshot_v5_think_ctx16384_tok16384_n237.csv,gemma4:e4b,direct_core_gold_fewshot_v5,237,8532,True,1,0.65,all,681,459,336,123,345,1.9367088607594938,0.7320261437908496,0.4933920704845815,0.5894736842105263,0.32793944865296454,0.5671589310829817,1.0,0.9620253164556962,0.9806451612903225,237,228,9,0
v4_social_signal_experiment_v4_prompt_think_true_gemma4_e4b_direct_core_gold_fewshot_v5_think_ctx16384_tok16384_n237,v4_social_signal_experiment_v4_prompt_think_true_gemma4_e4b_direct_core_gold_fewshot_v5_think_ctx16384_tok16384_n237.csv,gemma4:e4b,direct_core_gold_fewshot_v5,237,8532,True,1,0.70,all,681,459,336,123,345,1.9367088607594938,0.7320261437908496,0.4933920704845815,0.5894736842105263,0.32793944865296454,0.5671589310829817,1.0,0.9620253164556962,0.9806451612903225,237,228,9,0
v4_social_signal_experiment_v4_prompt_think_true_gemma4_e4b_direct_core_gold_fewshot_v5_think_ctx16384_tok16384_n237,v4_social_signal_experiment_v4_prompt_think_true_gemma4_e4b_direct_core_gold_fewshot_v5_think_ctx16384_tok16384_n237.csv,gemma4:e4b,direct_core_gold_fewshot_v5,237,8532,True,1,0.75,all,681,440,330,110,351,1.8565400843881856,0.75,0.4845814977973568,0.5887600356824264,0.33223078809713713,0.5680073793997845,1.0,0.9620253164556962,0.9806451612903225,237,228,9,0
v4_social_signal_experiment_v4_prompt_think_true_gemma4_e4b_direct_core_clean_fewshot_v6_think_ctx16384_tok16384_n237,v4_social_signal_experiment_v4_prompt_think_true_gemma4_e4b_direct_core_clean_fewshot_v6_think_ctx16384_tok16384_n237.csv,gemma4:e4b,direct_core_clean_fewshot_v6,237,8532,True,2,default,all,681,382,302,80,379,1.6118143459915613,0.7905759162303665,0.4434654919236417,0.5682031984948259,0.29524162816785476,0.5712778782399036,1.0,0.9704641350210971,0.9850107066381156,237,230,7,0
v4_social_signal_experiment_v4_prompt_think_true_gemma4_e4b_direct_core_clean_fewshot_v6_think_ctx16384_tok16384_n237,v4_social_signal_experiment_v4_prompt_think_true_gemma4_e4b_direct_core_clean_fewshot_v6_think_ctx16384_tok16384_n237.csv,gemma4:e4b,direct_core_clean_fewshot_v6,237,8532,True,2,0.05,all,681,382,302,80,379,1.6118143459915613,0.7905759162303665,0.4434654919236417,0.5682031984948259,0.29524162816785476,0.5712778782399036,1.0,0.9704641350210971,0.9850107066381156,237,230,7,0
v4_social_signal_experiment_v4_prompt_think_true_gemma4_e4b_direct_core_clean_fewshot_v6_think_ctx16384_tok16384_n237,v4_social_signal_experiment_v4_prompt_think_true_gemma4_e4b_direct_core_clean_fewshot_v6_think_ctx16384_tok16384_n237.csv,gemma4:e4b,direct_core_clean_fewshot_v6,237,8532,True,2,0.10,all,681,382,302,80,379,1.6118143459915613,0.7905759162303665,0.4434654919236417,0.5682031984948259,0.29524162816785476,0.5712778782399036,1.0,0.9704641350210971,0.9850107066381156,237,230,7,0
v4_social_signal_experiment_v4_prompt_think_true_gemma4_e4b_direct_core_clean_fewshot_v6_think_ctx16384_tok16384_n237,v4_social_signal_experiment_v4_prompt_think_true_gemma4_e4b_direct_core_clean_fewshot_v6_think_ctx16384_tok16384_n237.csv,gemma4:e4b,direct_core_clean_fewshot_v6,237,8532,True,2,0.15,all,681,382,302,80,379,1.6118143459915613,0.7905759162303665,0.4434654919236417,0.5682031984948259,0.29524162816785476,0.5712778782399036,1.0,0.9704641350210971,0.9850107066381156,237,230,7,0
v4_social_signal_experiment_v4_prompt_think_true_gemma4_e4b_direct_core_clean_fewshot_v6_think_ctx16384_tok16384_n237,v4_social_signal_experiment_v4_prompt_think_true_gemma4_e4b_direct_core_clean_fewshot_v6_think_ctx16384_tok16384_n237.csv,gemma4:e4b,direct_core_clean_fewshot_v6,237,8532,True,2,0.20,all,681,382,302,80,379,1.6118143459915613,0.7905759162303665,0.4434654919236417,0.5682031984948259,0.29524162816785476,0.5712778782399036,1.0,0.9704641350210971,0.9850107066381156,237,230,7,0
v4_social_signal_experiment_v4_prompt_think_true_gemma4_e4b_direct_core_clean_fewshot_v6_think_ctx16384_tok16384_n237,v4_social_signal_experiment_v4_prompt_think_true_gemma4_e4b_direct_core_clean_fewshot_v6_think_ctx16384_tok16384_n237.csv,gemma4:e4b,direct_core_clean_fewshot_v6,237,8532,True,2,0.25,all,681,382,302,80,379,1.6118143459915613,0.7905759162303665,0.4434654919236417,0.5682031984948259,0.29524162816785476,0.5712778782399036,1.0,0.9704641350210971,0.9850107066381156,237,230,7,0
v4_social_signal_experiment_v4_prompt_think_true_gemma4_e4b_direct_core_clean_fewshot_v6_think_ctx16384_tok16384_n237,v4_social_signal_experiment_v4_prompt_think_true_gemma4_e4b_direct_core_clean_fewshot_v6_think_ctx16384_tok16384_n237.csv,gemma4:e4b,direct_core_clean_fewshot_v6,237,8532,True,2,0.30,all,681,382,302,80,379,1.6118143459915613,0.7905759162303665,0.4434654919236417,0.5682031984948259,0.29524162816785476,0.5712778782399036,1.0,0.9704641350210971,0.9850107066381156,237,230,7,0
v4_social_signal_experiment_v4_prompt_think_true_gemma4_e4b_direct_core_clean_fewshot_v6_think_ctx16384_tok16384_n237,v4_social_signal_experiment_v4_prompt_think_true_gemma4_e4b_direct_core_clean_fewshot_v6_think_ctx16384_tok16384_n237.csv,gemma4:e4b,direct_core_clean_fewshot_v6,237,8532,True,2,0.35,all,681,382,302,80,379,1.6118143459915613,0.7905759162303665,0.4434654919236417,0.5682031984948259,0.29524162816785476,0.5712778782399036,1.0,0.9704641350210971,0.9850107066381156,237,230,7,0
v4_social_signal_experiment_v4_prompt_think_true_gemma4_e4b_direct_core_clean_fewshot_v6_think_ctx16384_tok16384_n237,v4_social_signal_experiment_v4_prompt_think_true_gemma4_e4b_direct_core_clean_fewshot_v6_think_ctx16384_tok16384_n237.csv,gemma4:e4b,direct_core_clean_fewshot_v6,237,8532,True,2,0.40,all,681,382,302,80,379,1.6118143459915613,0.7905759162303665,0.4434654919236417,0.5682031984948259,0.29524162816785476,0.5712778782399036,1.0,0.9704641350210971,0.9850107066381156,237,230,7,0
v4_social_signal_experiment_v4_prompt_think_true_gemma4_e4b_direct_core_clean_fewshot_v6_think_ctx16384_tok16384_n237,v4_social_signal_experiment_v4_prompt_think_true_gemma4_e4b_direct_core_clean_fewshot_v6_think_ctx16384_tok16384_n237.csv,gemma4:e4b,direct_core_clean_fewshot_v6,237,8532,True,2,0.45,all,681,382,302,80,379,1.6118143459915613,0.7905759162303665,0.4434654919236417,0.5682031984948259,0.29524162816785476,0.5712778782399036,1.0,0.9704641350210971,0.9850107066381156,237,230,7,0
v4_social_signal_experiment_v4_prompt_think_true_gemma4_e4b_direct_core_clean_fewshot_v6_think_ctx16384_tok16384_n237,v4_social_signal_experiment_v4_prompt_think_true_gemma4_e4b_direct_core_clean_fewshot_v6_think_ctx16384_tok16384_n237.csv,gemma4:e4b,direct_core_clean_fewshot_v6,237,8532,True,2,0.50,all,681,382,302,80,379,1.6118143459915613,0.7905759162303665,0.4434654919236417,0.5682031984948259,0.29524162816785476,0.5712778782399036,1.0,0.9704641350210971,0.9850107066381156,237,230,7,0
v4_social_signal_experiment_v4_prompt_think_true_gemma4_e4b_direct_core_clean_fewshot_v6_think_ctx16384_tok16384_n237,v4_social_signal_experiment_v4_prompt_think_true_gemma4_e4b_direct_core_clean_fewshot_v6_think_ctx16384_tok16384_n237.csv,gemma4:e4b,direct_core_clean_fewshot_v6,237,8532,True,2,0.55,all,681,382,302,80,379,1.6118143459915613,0.7905759162303665,0.4434654919236417,0.5682031984948259,0.29524162816785476,0.5712778782399036,1.0,0.9704641350210971,0.9850107066381156,237,230,7,0
v4_social_signal_experiment_v4_prompt_think_true_gemma4_e4b_direct_core_clean_fewshot_v6_think_ctx16384_tok16384_n237,v4_social_signal_experiment_v4_prompt_think_true_gemma4_e4b_direct_core_clean_fewshot_v6_think_ctx16384_tok16384_n237.csv,gemma4:e4b,direct_core_clean_fewshot_v6,237,8532,True,2,0.60,all,681,382,302,80,379,1.6118143459915613,0.7905759162303665,0.4434654919236417,0.5682031984948259,0.29524162816785476,0.5712778782399036,1.0,0.9704641350210971,0.9850107066381156,237,230,7,0
v4_social_signal_experiment_v4_prompt_think_true_gemma4_e4b_direct_core_clean_fewshot_v6_think_ctx16384_tok16384_n237,v4_social_signal_experiment_v4_prompt_think_true_gemma4_e4b_direct_core_clean_fewshot_v6_think_ctx16384_tok16384_n237.csv,gemma4:e4b,direct_core_clean_fewshot_v6,237,8532,True,2,0.65,all,681,380,300,80,381,1.6033755274261603,0.7894736842105263,0.44052863436123346,0.5655042412818096,0.2938593899435113,0.5688868796463734,1.0,0.9704641350210971,0.9850107066381156,237,230,7,0
v4_social_signal_experiment_v4_prompt_think_true_gemma4_e4b_direct_core_clean_fewshot_v6_think_ctx16384_tok16384_n237,v4_social_signal_experiment_v4_prompt_think_true_gemma4_e4b_direct_core_clean_fewshot_v6_think_ctx16384_tok16384_n237.csv,gemma4:e4b,direct_core_clean_fewshot_v6,237,8532,True,2,0.70,all,681,380,300,80,381,1.6033755274261603,0.7894736842105263,0.44052863436123346,0.5655042412818096,0.2938593899435113,0.5688868796463734,1.0,0.9704641350210971,0.9850107066381156,237,230,7,0
v4_social_signal_experiment_v4_prompt_think_true_gemma4_e4b_direct_core_balanced_v8_think_ctx16384_tok16384_n237,v4_social_signal_experiment_v4_prompt_think_true_gemma4_e4b_direct_core_balanced_v8_think_ctx16384_tok16384_n237.csv,gemma4:e4b,direct_core_balanced_v8,237,8532,True,2,default,all,681,371,296,75,385,1.5654008438818565,0.7978436657681941,0.434654919236417,0.5627376425855514,0.2748621864194308,0.5606657290201594,1.0,0.9324894514767933,0.9650655021834061,237,221,16,0
v4_social_signal_experiment_v4_prompt_think_true_gemma4_e4b_direct_core_balanced_v8_think_ctx16384_tok16384_n237,v4_social_signal_experiment_v4_prompt_think_true_gemma4_e4b_direct_core_balanced_v8_think_ctx16384_tok16384_n237.csv,gemma4:e4b,direct_core_balanced_v8,237,8532,True,2,0.05,all,681,371,296,75,385,1.5654008438818565,0.7978436657681941,0.434654919236417,0.5627376425855514,0.2748621864194308,0.5606657290201594,1.0,0.9324894514767933,0.9650655021834061,237,221,16,0
v4_social_signal_experiment_v4_prompt_think_true_gemma4_e4b_direct_core_balanced_v8_think_ctx16384_tok16384_n237,v4_social_signal_experiment_v4_prompt_think_true_gemma4_e4b_direct_core_balanced_v8_think_ctx16384_tok16384_n237.csv,gemma4:e4b,direct_core_balanced_v8,237,8532,True,2,0.10,all,681,371,296,75,385,1.5654008438818565,0.7978436657681941,0.434654919236417,0.5627376425855514,0.2748621864194308,0.5606657290201594,1.0,0.9324894514767933,0.9650655021834061,237,221,16,0
v4_social_signal_experiment_v4_prompt_think_true_gemma4_e4b_direct_core_balanced_v8_think_ctx16384_tok16384_n237,v4_social_signal_experiment_v4_prompt_think_true_gemma4_e4b_direct_core_balanced_v8_think_ctx16384_tok16384_n237.csv,gemma4:e4b,direct_core_balanced_v8,237,8532,True,2,0.15,all,681,371,296,75,385,1.5654008438818565,0.7978436657681941,0.434654919236417,0.5627376425855514,0.2748621864194308,0.5606657290201594,1.0,0.9324894514767933,0.9650655021834061,237,221,16,0
v4_social_signal_experiment_v4_prompt_think_true_gemma4_e4b_direct_core_balanced_v8_think_ctx16384_tok16384_n237,v4_social_signal_experiment_v4_prompt_think_true_gemma4_e4b_direct_core_balanced_v8_think_ctx16384_tok16384_n237.csv,gemma4:e4b,direct_core_balanced_v8,237,8532,True,2,0.20,all,681,371,296,75,385,1.5654008438818565,0.7978436657681941,0.434654919236417,0.5627376425855514,0.2748621864194308,0.5606657290201594,1.0,0.9324894514767933,0.9650655021834061,237,221,16,0
v4_social_signal_experiment_v4_prompt_think_true_gemma4_e4b_direct_core_balanced_v8_think_ctx16384_tok16384_n237,v4_social_signal_experiment_v4_prompt_think_true_gemma4_e4b_direct_core_balanced_v8_think_ctx16384_tok16384_n237.csv,gemma4:e4b,direct_core_balanced_v8,237,8532,True,2,0.25,all,681,371,296,75,385,1.5654008438818565,0.7978436657681941,0.434654919236417,0.5627376425855514,0.2748621864194308,0.5606657290201594,1.0,0.9324894514767933,0.9650655021834061,237,221,16,0
v4_social_signal_experiment_v4_prompt_think_true_gemma4_e4b_direct_core_balanced_v8_think_ctx16384_tok16384_n237,v4_social_signal_experiment_v4_prompt_think_true_gemma4_e4b_direct_core_balanced_v8_think_ctx16384_tok16384_n237.csv,gemma4:e4b,direct_core_balanced_v8,237,8532,True,2,0.30,all,681,371,296,75,385,1.5654008438818565,0.7978436657681941,0.434654919236417,0.5627376425855514,0.2748621864194308,0.5606657290201594,1.0,0.9324894514767933,0.9650655021834061,237,221,16,0
v4_social_signal_experiment_v4_prompt_think_true_gemma4_e4b_direct_core_balanced_v8_think_ctx16384_tok16384_n237,v4_social_signal_experiment_v4_prompt_think_true_gemma4_e4b_direct_core_balanced_v8_think_ctx16384_tok16384_n237.csv,gemma4:e4b,direct_core_balanced_v8,237,8532,True,2,0.35,all,681,371,296,75,385,1.5654008438818565,0.7978436657681941,0.434654919236417,0.5627376425855514,0.2748621864194308,0.5606657290201594,1.0,0.9324894514767933,0.9650655021834061,237,221,16,0
v4_social_signal_experiment_v4_prompt_think_true_gemma4_e4b_direct_core_balanced_v8_think_ctx16384_tok16384_n237,v4_social_signal_experiment_v4_prompt_think_true_gemma4_e4b_direct_core_balanced_v8_think_ctx16384_tok16384_n237.csv,gemma4:e4b,direct_core_balanced_v8,237,8532,True,2,0.40,all,681,371,296,75,385,1.5654008438818565,0.7978436657681941,0.434654919236417,0.5627376425855514,0.2748621864194308,0.5606657290201594,1.0,0.9324894514767933,0.9650655021834061,237,221,16,0
v4_social_signal_experiment_v4_prompt_think_true_gemma4_e4b_direct_core_balanced_v8_think_ctx16384_tok16384_n237,v4_social_signal_experiment_v4_prompt_think_true_gemma4_e4b_direct_core_balanced_v8_think_ctx16384_tok16384_n237.csv,gemma4:e4b,direct_core_balanced_v8,237,8532,True,2,0.45,all,681,371,296,75,385,1.5654008438818565,0.7978436657681941,0.434654919236417,0.5627376425855514,0.2748621864194308,0.5606657290201594,1.0,0.9324894514767933,0.9650655021834061,237,221,16,0
v4_social_signal_experiment_v4_prompt_think_true_gemma4_e4b_direct_core_balanced_v8_think_ctx16384_tok16384_n237,v4_social_signal_experiment_v4_prompt_think_true_gemma4_e4b_direct_core_balanced_v8_think_ctx16384_tok16384_n237.csv,gemma4:e4b,direct_core_balanced_v8,237,8532,True,2,0.50,all,681,371,296,75,385,1.5654008438818565,0.7978436657681941,0.434654919236417,0.5627376425855514,0.2748621864194308,0.5606657290201594,1.0,0.9324894514767933,0.9650655021834061,237,221,16,0
v4_social_signal_experiment_v4_prompt_think_true_gemma4_e4b_direct_core_balanced_v8_think_ctx16384_tok16384_n237,v4_social_signal_experiment_v4_prompt_think_true_gemma4_e4b_direct_core_balanced_v8_think_ctx16384_tok16384_n237.csv,gemma4:e4b,direct_core_balanced_v8,237,8532,True,2,0.55,all,681,371,296,75,385,1.5654008438818565,0.7978436657681941,0.434654919236417,0.5627376425855514,0.2748621864194308,0.5606657290201594,1.0,0.9324894514767933,0.9650655021834061,237,221,16,0
v4_social_signal_experiment_v4_prompt_think_true_gemma4_e4b_direct_core_balanced_v8_think_ctx16384_tok16384_n237,v4_social_signal_experiment_v4_prompt_think_true_gemma4_e4b_direct_core_balanced_v8_think_ctx16384_tok16384_n237.csv,gemma4:e4b,direct_core_balanced_v8,237,8532,True,2,0.60,all,681,371,296,75,385,1.5654008438818565,0.7978436657681941,0.434654919236417,0.5627376425855514,0.2748621864194308,0.5606657290201594,1.0,0.9324894514767933,0.9650655021834061,237,221,16,0
v4_social_signal_experiment_v4_prompt_think_true_gemma4_e4b_direct_core_balanced_v8_think_ctx16384_tok16384_n237,v4_social_signal_experiment_v4_prompt_think_true_gemma4_e4b_direct_core_balanced_v8_think_ctx16384_tok16384_n237.csv,gemma4:e4b,direct_core_balanced_v8,237,8532,True,2,0.65,all,681,367,294,73,387,1.5485232067510548,0.8010899182561307,0.43171806167400884,0.5610687022900763,0.27507150429459176,0.5588775031813007,1.0,0.9324894514767933,0.9650655021834061,237,221,16,0
v4_social_signal_experiment_v4_prompt_think_true_gemma4_e4b_direct_core_balanced_v8_think_ctx16384_tok16384_n237,v4_social_signal_experiment_v4_prompt_think_true_gemma4_e4b_direct_core_balanced_v8_think_ctx16384_tok16384_n237.csv,gemma4:e4b,direct_core_balanced_v8,237,8532,True,2,0.70,all,681,367,294,73,387,1.5485232067510548,0.8010899182561307,0.43171806167400884,0.5610687022900763,0.27507150429459176,0.5588775031813007,1.0,0.9324894514767933,0.9650655021834061,237,221,16,0
v4_social_signal_experiment_v4_prompt_think_true_gemma4_e4b_direct_core_targeted_v7_think_ctx16384_tok16384_n237,v4_social_signal_experiment_v4_prompt_think_true_gemma4_e4b_direct_core_targeted_v7_think_ctx16384_tok16384_n237.csv,gemma4:e4b,direct_core_targeted_v7,237,8532,True,3,default,all,681,351,286,65,395,1.481012658227848,0.8148148148148148,0.4199706314243759,0.5542635658914729,0.3324538330739562,0.5497573687447105,1.0,0.9367088607594937,0.9673202614379085,237,222,15,0
v4_social_signal_experiment_v4_prompt_think_true_gemma4_e4b_direct_core_targeted_v7_think_ctx16384_tok16384_n237,v4_social_signal_experiment_v4_prompt_think_true_gemma4_e4b_direct_core_targeted_v7_think_ctx16384_tok16384_n237.csv,gemma4:e4b,direct_core_targeted_v7,237,8532,True,3,0.05,all,681,351,286,65,395,1.481012658227848,0.8148148148148148,0.4199706314243759,0.5542635658914729,0.3324538330739562,0.5497573687447105,1.0,0.9367088607594937,0.9673202614379085,237,222,15,0
v4_social_signal_experiment_v4_prompt_think_true_gemma4_e4b_direct_core_targeted_v7_think_ctx16384_tok16384_n237,v4_social_signal_experiment_v4_prompt_think_true_gemma4_e4b_direct_core_targeted_v7_think_ctx16384_tok16384_n237.csv,gemma4:e4b,direct_core_targeted_v7,237,8532,True,3,0.10,all,681,351,286,65,395,1.481012658227848,0.8148148148148148,0.4199706314243759,0.5542635658914729,0.3324538330739562,0.5497573687447105,1.0,0.9367088607594937,0.9673202614379085,237,222,15,0
v4_social_signal_experiment_v4_prompt_think_true_gemma4_e4b_direct_core_targeted_v7_think_ctx16384_tok16384_n237,v4_social_signal_experiment_v4_prompt_think_true_gemma4_e4b_direct_core_targeted_v7_think_ctx16384_tok16384_n237.csv,gemma4:e4b,direct_core_targeted_v7,237,8532,True,3,0.15,all,681,351,286,65,395,1.481012658227848,0.8148148148148148,0.4199706314243759,0.5542635658914729,0.3324538330739562,0.5497573687447105,1.0,0.9367088607594937,0.9673202614379085,237,222,15,0
v4_social_signal_experiment_v4_prompt_think_true_gemma4_e4b_direct_core_targeted_v7_think_ctx16384_tok16384_n237,v4_social_signal_experiment_v4_prompt_think_true_gemma4_e4b_direct_core_targeted_v7_think_ctx16384_tok16384_n237.csv,gemma4:e4b,direct_core_targeted_v7,237,8532,True,3,0.20,all,681,351,286,65,395,1.481012658227848,0.8148148148148148,0.4199706314243759,0.5542635658914729,0.3324538330739562,0.5497573687447105,1.0,0.9367088607594937,0.9673202614379085,237,222,15,0
v4_social_signal_experiment_v4_prompt_think_true_gemma4_e4b_direct_core_targeted_v7_think_ctx16384_tok16384_n237,v4_social_signal_experiment_v4_prompt_think_true_gemma4_e4b_direct_core_targeted_v7_think_ctx16384_tok16384_n237.csv,gemma4:e4b,direct_core_targeted_v7,237,8532,True,3,0.25,all,681,351,286,65,395,1.481012658227848,0.8148148148148148,0.4199706314243759,0.5542635658914729,0.3324538330739562,0.5497573687447105,1.0,0.9367088607594937,0.9673202614379085,237,222,15,0
v4_social_signal_experiment_v4_prompt_think_true_gemma4_e4b_direct_core_targeted_v7_think_ctx16384_tok16384_n237,v4_social_signal_experiment_v4_prompt_think_true_gemma4_e4b_direct_core_targeted_v7_think_ctx16384_tok16384_n237.csv,gemma4:e4b,direct_core_targeted_v7,237,8532,True,3,0.30,all,681,351,286,65,395,1.481012658227848,0.8148148148148148,0.4199706314243759,0.5542635658914729,0.3324538330739562,0.5497573687447105,1.0,0.9367088607594937,0.9673202614379085,237,222,15,0
v4_social_signal_experiment_v4_prompt_think_true_gemma4_e4b_direct_core_targeted_v7_think_ctx16384_tok16384_n237,v4_social_signal_experiment_v4_prompt_think_true_gemma4_e4b_direct_core_targeted_v7_think_ctx16384_tok16384_n237.csv,gemma4:e4b,direct_core_targeted_v7,237,8532,True,3,0.35,all,681,351,286,65,395,1.481012658227848,0.8148148148148148,0.4199706314243759,0.5542635658914729,0.3324538330739562,0.5497573687447105,1.0,0.9367088607594937,0.9673202614379085,237,222,15,0
v4_social_signal_experiment_v4_prompt_think_true_gemma4_e4b_direct_core_targeted_v7_think_ctx16384_tok16384_n237,v4_social_signal_experiment_v4_prompt_think_true_gemma4_e4b_direct_core_targeted_v7_think_ctx16384_tok16384_n237.csv,gemma4:e4b,direct_core_targeted_v7,237,8532,True,3,0.40,all,681,351,286,65,395,1.481012658227848,0.8148148148148148,0.4199706314243759,0.5542635658914729,0.3324538330739562,0.5497573687447105,1.0,0.9367088607594937,0.9673202614379085,237,222,15,0
v4_social_signal_experiment_v4_prompt_think_true_gemma4_e4b_direct_core_targeted_v7_think_ctx16384_tok16384_n237,v4_social_signal_experiment_v4_prompt_think_true_gemma4_e4b_direct_core_targeted_v7_think_ctx16384_tok16384_n237.csv,gemma4:e4b,direct_core_targeted_v7,237,8532,True,3,0.45,all,681,351,286,65,395,1.481012658227848,0.8148148148148148,0.4199706314243759,0.5542635658914729,0.3324538330739562,0.5497573687447105,1.0,0.9367088607594937,0.9673202614379085,237,222,15,0
v4_social_signal_experiment_v4_prompt_think_true_gemma4_e4b_direct_core_targeted_v7_think_ctx16384_tok16384_n237,v4_social_signal_experiment_v4_prompt_think_true_gemma4_e4b_direct_core_targeted_v7_think_ctx16384_tok16384_n237.csv,gemma4:e4b,direct_core_targeted_v7,237,8532,True,3,0.50,all,681,351,286,65,395,1.481012658227848,0.8148148148148148,0.4199706314243759,0.5542635658914729,0.3324538330739562,0.5497573687447105,1.0,0.9367088607594937,0.9673202614379085,237,222,15,0
v4_social_signal_experiment_v4_prompt_think_true_gemma4_e4b_direct_core_targeted_v7_think_ctx16384_tok16384_n237,v4_social_signal_experiment_v4_prompt_think_true_gemma4_e4b_direct_core_targeted_v7_think_ctx16384_tok16384_n237.csv,gemma4:e4b,direct_core_targeted_v7,237,8532,True,3,0.55,all,681,351,286,65,395,1.481012658227848,0.8148148148148148,0.4199706314243759,0.5542635658914729,0.3324538330739562,0.5497573687447105,1.0,0.9367088607594937,0.9673202614379085,237,222,15,0
v4_social_signal_experiment_v4_prompt_think_true_gemma4_e4b_direct_core_targeted_v7_think_ctx16384_tok16384_n237,v4_social_signal_experiment_v4_prompt_think_true_gemma4_e4b_direct_core_targeted_v7_think_ctx16384_tok16384_n237.csv,gemma4:e4b,direct_core_targeted_v7,237,8532,True,3,0.60,all,681,351,286,65,395,1.481012658227848,0.8148148148148148,0.4199706314243759,0.5542635658914729,0.3324538330739562,0.5497573687447105,1.0,0.9367088607594937,0.9673202614379085,237,222,15,0
v4_social_signal_experiment_v4_prompt_think_true_gemma4_e4b_direct_core_targeted_v7_think_ctx16384_tok16384_n237,v4_social_signal_experiment_v4_prompt_think_true_gemma4_e4b_direct_core_targeted_v7_think_ctx16384_tok16384_n237.csv,gemma4:e4b,direct_core_targeted_v7,237,8532,True,3,0.65,all,681,348,284,64,397,1.4683544303797469,0.8160919540229885,0.4170337738619677,0.5519922254616132,0.2946184934802502,0.5480696050316304,1.0,0.9367088607594937,0.9673202614379085,237,222,15,0
v4_social_signal_experiment_v4_prompt_think_true_gemma4_e4b_direct_core_targeted_v7_think_ctx16384_tok16384_n237,v4_social_signal_experiment_v4_prompt_think_true_gemma4_e4b_direct_core_targeted_v7_think_ctx16384_tok16384_n237.csv,gemma4:e4b,direct_core_targeted_v7,237,8532,True,3,0.70,all,681,348,284,64,397,1.4683544303797469,0.8160919540229885,0.4170337738619677,0.5519922254616132,0.2946184934802502,0.5480696050316304,1.0,0.9367088607594937,0.9673202614379085,237,222,15,0
v4_social_signal_experiment_v4_prompt_think_true_gemma4_e4b_direct_core_balanced_v8_think_ctx16384_tok16384_n237,v4_social_signal_experiment_v4_prompt_think_true_gemma4_e4b_direct_core_balanced_v8_think_ctx16384_tok16384_n237.csv,gemma4:e4b,direct_core_balanced_v8,237,8532,True,2,0.75,all,681,341,280,61,401,1.4388185654008439,0.8211143695014663,0.4111600587371512,0.547945205479452,0.2522727827875182,0.5498091219610207,1.0,0.919831223628692,0.9582417582417583,237,218,19,0
v4_social_signal_experiment_v4_prompt_think_true_gemma4_e4b_direct_core_targeted_v7_think_ctx16384_tok16384_n237,v4_social_signal_experiment_v4_prompt_think_true_gemma4_e4b_direct_core_targeted_v7_think_ctx16384_tok16384_n237.csv,gemma4:e4b,direct_core_targeted_v7,237,8532,True,3,0.75,all,681,315,267,48,414,1.3291139240506329,0.8476190476190476,0.3920704845814978,0.536144578313253,0.2634071729423341,0.5153959729909097,1.0,0.8734177215189873,0.9324324324324325,237,207,30,0
v4_social_signal_experiment_v4_prompt_think_true_gemma4_e4b_direct_core_gold_fewshot_v5_think_ctx16384_tok16384_n237,v4_social_signal_experiment_v4_prompt_think_true_gemma4_e4b_direct_core_gold_fewshot_v5_think_ctx16384_tok16384_n237.csv,gemma4:e4b,direct_core_gold_fewshot_v5,237,8532,True,1,0.80,all,681,327,269,58,412,1.379746835443038,0.8226299694189603,0.39500734214390604,0.5337301587301587,0.30594884768194497,0.4842140513026588,1.0,0.810126582278481,0.8951048951048951,237,192,45,0
v4_social_signal_experiment_v4_prompt_think_true_gemma4_e4b_direct_core_balanced_v8_think_ctx16384_tok16384_n237,v4_social_signal_experiment_v4_prompt_think_true_gemma4_e4b_direct_core_balanced_v8_think_ctx16384_tok16384_n237.csv,gemma4:e4b,direct_core_balanced_v8,237,8532,True,2,0.80,all,681,303,260,43,421,1.2784810126582278,0.858085808580858,0.38179148311306904,0.5284552845528455,0.20675880165489757,0.5244692251021364,1.0,0.8565400843881856,0.9227272727272727,237,203,34,0
v4_social_signal_experiment_v4_prompt_think_true_gemma4_e4b_gold_mimic_broad_v1_think_ctx16384_tok16384_n237,v4_social_signal_experiment_v4_prompt_think_true_gemma4_e4b_gold_mimic_broad_v1_think_ctx16384_tok16384_n237.csv,gemma4:e4b,gold_mimic_broad_v1,237,8532,True,3,default,all,681,464,301,163,380,1.9578059071729959,0.6487068965517241,0.4419970631424376,0.525764192139738,0.3373073569290187,0.527555238947644,1.0,0.9873417721518988,0.9936305732484076,237,234,3,0
v4_social_signal_experiment_v4_prompt_think_true_gemma4_e4b_gold_mimic_broad_v1_think_ctx16384_tok16384_n237,v4_social_signal_experiment_v4_prompt_think_true_gemma4_e4b_gold_mimic_broad_v1_think_ctx16384_tok16384_n237.csv,gemma4:e4b,gold_mimic_broad_v1,237,8532,True,3,0.05,all,681,464,301,163,380,1.9578059071729959,0.6487068965517241,0.4419970631424376,0.525764192139738,0.3373073569290187,0.527555238947644,1.0,0.9873417721518988,0.9936305732484076,237,234,3,0
v4_social_signal_experiment_v4_prompt_think_true_gemma4_e4b_gold_mimic_broad_v1_think_ctx16384_tok16384_n237,v4_social_signal_experiment_v4_prompt_think_true_gemma4_e4b_gold_mimic_broad_v1_think_ctx16384_tok16384_n237.csv,gemma4:e4b,gold_mimic_broad_v1,237,8532,True,3,0.10,all,681,464,301,163,380,1.9578059071729959,0.6487068965517241,0.4419970631424376,0.525764192139738,0.3373073569290187,0.527555238947644,1.0,0.9873417721518988,0.9936305732484076,237,234,3,0
v4_social_signal_experiment_v4_prompt_think_true_gemma4_e4b_gold_mimic_broad_v1_think_ctx16384_tok16384_n237,v4_social_signal_experiment_v4_prompt_think_true_gemma4_e4b_gold_mimic_broad_v1_think_ctx16384_tok16384_n237.csv,gemma4:e4b,gold_mimic_broad_v1,237,8532,True,3,0.15,all,681,464,301,163,380,1.9578059071729959,0.6487068965517241,0.4419970631424376,0.525764192139738,0.3373073569290187,0.527555238947644,1.0,0.9873417721518988,0.9936305732484076,237,234,3,0
v4_social_signal_experiment_v4_prompt_think_true_gemma4_e4b_gold_mimic_broad_v1_think_ctx16384_tok16384_n237,v4_social_signal_experiment_v4_prompt_think_true_gemma4_e4b_gold_mimic_broad_v1_think_ctx16384_tok16384_n237.csv,gemma4:e4b,gold_mimic_broad_v1,237,8532,True,3,0.20,all,681,464,301,163,380,1.9578059071729959,0.6487068965517241,0.4419970631424376,0.525764192139738,0.3373073569290187,0.527555238947644,1.0,0.9873417721518988,0.9936305732484076,237,234,3,0
v4_social_signal_experiment_v4_prompt_think_true_gemma4_e4b_gold_mimic_broad_v1_think_ctx16384_tok16384_n237,v4_social_signal_experiment_v4_prompt_think_true_gemma4_e4b_gold_mimic_broad_v1_think_ctx16384_tok16384_n237.csv,gemma4:e4b,gold_mimic_broad_v1,237,8532,True,3,0.25,all,681,464,301,163,380,1.9578059071729959,0.6487068965517241,0.4419970631424376,0.525764192139738,0.3373073569290187,0.527555238947644,1.0,0.9873417721518988,0.9936305732484076,237,234,3,0
v4_social_signal_experiment_v4_prompt_think_true_gemma4_e4b_gold_mimic_broad_v1_think_ctx16384_tok16384_n237,v4_social_signal_experiment_v4_prompt_think_true_gemma4_e4b_gold_mimic_broad_v1_think_ctx16384_tok16384_n237.csv,gemma4:e4b,gold_mimic_broad_v1,237,8532,True,3,0.30,all,681,464,301,163,380,1.9578059071729959,0.6487068965517241,0.4419970631424376,0.525764192139738,0.3373073569290187,0.527555238947644,1.0,0.9873417721518988,0.9936305732484076,237,234,3,0
v4_social_signal_experiment_v4_prompt_think_true_gemma4_e4b_gold_mimic_broad_v1_think_ctx16384_tok16384_n237,v4_social_signal_experiment_v4_prompt_think_true_gemma4_e4b_gold_mimic_broad_v1_think_ctx16384_tok16384_n237.csv,gemma4:e4b,gold_mimic_broad_v1,237,8532,True,3,0.35,all,681,464,301,163,380,1.9578059071729959,0.6487068965517241,0.4419970631424376,0.525764192139738,0.3373073569290187,0.527555238947644,1.0,0.9873417721518988,0.9936305732484076,237,234,3,0
v4_social_signal_experiment_v4_prompt_think_true_gemma4_e4b_gold_mimic_broad_v1_think_ctx16384_tok16384_n237,v4_social_signal_experiment_v4_prompt_think_true_gemma4_e4b_gold_mimic_broad_v1_think_ctx16384_tok16384_n237.csv,gemma4:e4b,gold_mimic_broad_v1,237,8532,True,3,0.40,all,681,464,301,163,380,1.9578059071729959,0.6487068965517241,0.4419970631424376,0.525764192139738,0.3373073569290187,0.527555238947644,1.0,0.9873417721518988,0.9936305732484076,237,234,3,0
v4_social_signal_experiment_v4_prompt_think_true_gemma4_e4b_gold_mimic_broad_v1_think_ctx16384_tok16384_n237,v4_social_signal_experiment_v4_prompt_think_true_gemma4_e4b_gold_mimic_broad_v1_think_ctx16384_tok16384_n237.csv,gemma4:e4b,gold_mimic_broad_v1,237,8532,True,3,0.45,all,681,464,301,163,380,1.9578059071729959,0.6487068965517241,0.4419970631424376,0.525764192139738,0.3373073569290187,0.527555238947644,1.0,0.9873417721518988,0.9936305732484076,237,234,3,0
v4_social_signal_experiment_v4_prompt_think_true_gemma4_e4b_gold_mimic_broad_v1_think_ctx16384_tok16384_n237,v4_social_signal_experiment_v4_prompt_think_true_gemma4_e4b_gold_mimic_broad_v1_think_ctx16384_tok16384_n237.csv,gemma4:e4b,gold_mimic_broad_v1,237,8532,True,3,0.50,all,681,464,301,163,380,1.9578059071729959,0.6487068965517241,0.4419970631424376,0.525764192139738,0.3373073569290187,0.527555238947644,1.0,0.9873417721518988,0.9936305732484076,237,234,3,0
v4_social_signal_experiment_v4_prompt_think_true_gemma4_e4b_gold_mimic_broad_v1_think_ctx16384_tok16384_n237,v4_social_signal_experiment_v4_prompt_think_true_gemma4_e4b_gold_mimic_broad_v1_think_ctx16384_tok16384_n237.csv,gemma4:e4b,gold_mimic_broad_v1,237,8532,True,3,0.55,all,681,464,301,163,380,1.9578059071729959,0.6487068965517241,0.4419970631424376,0.525764192139738,0.3373073569290187,0.527555238947644,1.0,0.9873417721518988,0.9936305732484076,237,234,3,0
v4_social_signal_experiment_v4_prompt_think_true_gemma4_e4b_gold_mimic_broad_v1_think_ctx16384_tok16384_n237,v4_social_signal_experiment_v4_prompt_think_true_gemma4_e4b_gold_mimic_broad_v1_think_ctx16384_tok16384_n237.csv,gemma4:e4b,gold_mimic_broad_v1,237,8532,True,3,0.60,all,681,464,301,163,380,1.9578059071729959,0.6487068965517241,0.4419970631424376,0.525764192139738,0.3373073569290187,0.527555238947644,1.0,0.9873417721518988,0.9936305732484076,237,234,3,0
v4_social_signal_experiment_v4_prompt_think_true_gemma4_e4b_gold_mimic_broad_v1_think_ctx16384_tok16384_n237,v4_social_signal_experiment_v4_prompt_think_true_gemma4_e4b_gold_mimic_broad_v1_think_ctx16384_tok16384_n237.csv,gemma4:e4b,gold_mimic_broad_v1,237,8532,True,3,0.65,all,681,464,301,163,380,1.9578059071729959,0.6487068965517241,0.4419970631424376,0.525764192139738,0.3373073569290187,0.527555238947644,1.0,0.9873417721518988,0.9936305732484076,237,234,3,0
v4_social_signal_experiment_v4_prompt_think_true_gemma4_e4b_gold_mimic_broad_v1_think_ctx16384_tok16384_n237,v4_social_signal_experiment_v4_prompt_think_true_gemma4_e4b_gold_mimic_broad_v1_think_ctx16384_tok16384_n237.csv,gemma4:e4b,gold_mimic_broad_v1,237,8532,True,3,0.70,all,681,464,301,163,380,1.9578059071729959,0.6487068965517241,0.4419970631424376,0.525764192139738,0.3373073569290187,0.527555238947644,1.0,0.9873417721518988,0.9936305732484076,237,234,3,0
v4_social_signal_experiment_v4_prompt_think_true_gemma4_e4b_gold_mimic_broad_v1_think_ctx16384_tok16384_n237,v4_social_signal_experiment_v4_prompt_think_true_gemma4_e4b_gold_mimic_broad_v1_think_ctx16384_tok16384_n237.csv,gemma4:e4b,gold_mimic_broad_v1,237,8532,True,3,0.75,all,681,446,293,153,388,1.8818565400843883,0.6569506726457399,0.4302496328928047,0.5199645075421473,0.3338212315871982,0.5231516491010162,1.0,0.9873417721518988,0.9936305732484076,237,234,3,0
v4_social_signal_experiment_v4_prompt_think_true_gemma4_e4b_direct_core_targeted_v7_think_ctx16384_tok16384_n237,v4_social_signal_experiment_v4_prompt_think_true_gemma4_e4b_direct_core_targeted_v7_think_ctx16384_tok16384_n237.csv,gemma4:e4b,direct_core_targeted_v7,237,8532,True,3,0.80,all,681,288,250,38,431,1.2151898734177216,0.8680555555555556,0.3671071953010279,0.5159958720330238,0.21335368834204027,0.4901352281099116,1.0,0.8354430379746836,0.9103448275862069,237,198,39,0
v4_social_signal_experiment_v4_prompt_think_true_gemma4_e4b_direct_core_clean_fewshot_v6_think_ctx16384_tok16384_n237,v4_social_signal_experiment_v4_prompt_think_true_gemma4_e4b_direct_core_clean_fewshot_v6_think_ctx16384_tok16384_n237.csv,gemma4:e4b,direct_core_clean_fewshot_v6,237,8532,True,2,0.75,all,681,298,248,50,433,1.2573839662447257,0.8322147651006712,0.3641703377386197,0.5066394279877426,0.22769263720535196,0.46962695063960885,1.0,0.7932489451476793,0.8847058823529412,237,188,49,0
v4_social_signal_experiment_v4_prompt_think_true_gemma4_e4b_direct_core_gold_calibrated_v4_think_ctx16384_tok16384_n237,v4_social_signal_experiment_v4_prompt_think_true_gemma4_e4b_direct_core_gold_calibrated_v4_think_ctx16384_tok16384_n237.csv,gemma4:e4b,direct_core_gold_calibrated_v4,237,8532,True,0,default,all,681,360,263,97,418,1.518987341772152,0.7305555555555555,0.38619676945668135,0.505283381364073,0.3390928127246803,0.4995521824635749,1.0,0.9704641350210971,0.9850107066381156,237,230,7,0
v4_social_signal_experiment_v4_prompt_think_true_gemma4_e4b_direct_core_gold_calibrated_v4_think_ctx16384_tok16384_n237,v4_social_signal_experiment_v4_prompt_think_true_gemma4_e4b_direct_core_gold_calibrated_v4_think_ctx16384_tok16384_n237.csv,gemma4:e4b,direct_core_gold_calibrated_v4,237,8532,True,0,0.05,all,681,360,263,97,418,1.518987341772152,0.7305555555555555,0.38619676945668135,0.505283381364073,0.3390928127246803,0.4995521824635749,1.0,0.9704641350210971,0.9850107066381156,237,230,7,0
v4_social_signal_experiment_v4_prompt_think_true_gemma4_e4b_direct_core_gold_calibrated_v4_think_ctx16384_tok16384_n237,v4_social_signal_experiment_v4_prompt_think_true_gemma4_e4b_direct_core_gold_calibrated_v4_think_ctx16384_tok16384_n237.csv,gemma4:e4b,direct_core_gold_calibrated_v4,237,8532,True,0,0.10,all,681,360,263,97,418,1.518987341772152,0.7305555555555555,0.38619676945668135,0.505283381364073,0.3390928127246803,0.4995521824635749,1.0,0.9704641350210971,0.9850107066381156,237,230,7,0
v4_social_signal_experiment_v4_prompt_think_true_gemma4_e4b_direct_core_gold_calibrated_v4_think_ctx16384_tok16384_n237,v4_social_signal_experiment_v4_prompt_think_true_gemma4_e4b_direct_core_gold_calibrated_v4_think_ctx16384_tok16384_n237.csv,gemma4:e4b,direct_core_gold_calibrated_v4,237,8532,True,0,0.15,all,681,360,263,97,418,1.518987341772152,0.7305555555555555,0.38619676945668135,0.505283381364073,0.3390928127246803,0.4995521824635749,1.0,0.9704641350210971,0.9850107066381156,237,230,7,0
v4_social_signal_experiment_v4_prompt_think_true_gemma4_e4b_direct_core_gold_calibrated_v4_think_ctx16384_tok16384_n237,v4_social_signal_experiment_v4_prompt_think_true_gemma4_e4b_direct_core_gold_calibrated_v4_think_ctx16384_tok16384_n237.csv,gemma4:e4b,direct_core_gold_calibrated_v4,237,8532,True,0,0.20,all,681,360,263,97,418,1.518987341772152,0.7305555555555555,0.38619676945668135,0.505283381364073,0.3390928127246803,0.4995521824635749,1.0,0.9704641350210971,0.9850107066381156,237,230,7,0
v4_social_signal_experiment_v4_prompt_think_true_gemma4_e4b_direct_core_gold_calibrated_v4_think_ctx16384_tok16384_n237,v4_social_signal_experiment_v4_prompt_think_true_gemma4_e4b_direct_core_gold_calibrated_v4_think_ctx16384_tok16384_n237.csv,gemma4:e4b,direct_core_gold_calibrated_v4,237,8532,True,0,0.25,all,681,360,263,97,418,1.518987341772152,0.7305555555555555,0.38619676945668135,0.505283381364073,0.3390928127246803,0.4995521824635749,1.0,0.9704641350210971,0.9850107066381156,237,230,7,0
v4_social_signal_experiment_v4_prompt_think_true_gemma4_e4b_direct_core_gold_calibrated_v4_think_ctx16384_tok16384_n237,v4_social_signal_experiment_v4_prompt_think_true_gemma4_e4b_direct_core_gold_calibrated_v4_think_ctx16384_tok16384_n237.csv,gemma4:e4b,direct_core_gold_calibrated_v4,237,8532,True,0,0.30,all,681,360,263,97,418,1.518987341772152,0.7305555555555555,0.38619676945668135,0.505283381364073,0.3390928127246803,0.4995521824635749,1.0,0.9704641350210971,0.9850107066381156,237,230,7,0
v4_social_signal_experiment_v4_prompt_think_true_gemma4_e4b_direct_core_gold_calibrated_v4_think_ctx16384_tok16384_n237,v4_social_signal_experiment_v4_prompt_think_true_gemma4_e4b_direct_core_gold_calibrated_v4_think_ctx16384_tok16384_n237.csv,gemma4:e4b,direct_core_gold_calibrated_v4,237,8532,True,0,0.35,all,681,360,263,97,418,1.518987341772152,0.7305555555555555,0.38619676945668135,0.505283381364073,0.3390928127246803,0.4995521824635749,1.0,0.9704641350210971,0.9850107066381156,237,230,7,0
v4_social_signal_experiment_v4_prompt_think_true_gemma4_e4b_direct_core_gold_calibrated_v4_think_ctx16384_tok16384_n237,v4_social_signal_experiment_v4_prompt_think_true_gemma4_e4b_direct_core_gold_calibrated_v4_think_ctx16384_tok16384_n237.csv,gemma4:e4b,direct_core_gold_calibrated_v4,237,8532,True,0,0.40,all,681,360,263,97,418,1.518987341772152,0.7305555555555555,0.38619676945668135,0.505283381364073,0.3390928127246803,0.4995521824635749,1.0,0.9704641350210971,0.9850107066381156,237,230,7,0
v4_social_signal_experiment_v4_prompt_think_true_gemma4_e4b_direct_core_gold_calibrated_v4_think_ctx16384_tok16384_n237,v4_social_signal_experiment_v4_prompt_think_true_gemma4_e4b_direct_core_gold_calibrated_v4_think_ctx16384_tok16384_n237.csv,gemma4:e4b,direct_core_gold_calibrated_v4,237,8532,True,0,0.45,all,681,360,263,97,418,1.518987341772152,0.7305555555555555,0.38619676945668135,0.505283381364073,0.3390928127246803,0.4995521824635749,1.0,0.9704641350210971,0.9850107066381156,237,230,7,0
v4_social_signal_experiment_v4_prompt_think_true_gemma4_e4b_direct_core_gold_calibrated_v4_think_ctx16384_tok16384_n237,v4_social_signal_experiment_v4_prompt_think_true_gemma4_e4b_direct_core_gold_calibrated_v4_think_ctx16384_tok16384_n237.csv,gemma4:e4b,direct_core_gold_calibrated_v4,237,8532,True,0,0.50,all,681,360,263,97,418,1.518987341772152,0.7305555555555555,0.38619676945668135,0.505283381364073,0.3390928127246803,0.4995521824635749,1.0,0.9704641350210971,0.9850107066381156,237,230,7,0
v4_social_signal_experiment_v4_prompt_think_true_gemma4_e4b_direct_core_gold_calibrated_v4_think_ctx16384_tok16384_n237,v4_social_signal_experiment_v4_prompt_think_true_gemma4_e4b_direct_core_gold_calibrated_v4_think_ctx16384_tok16384_n237.csv,gemma4:e4b,direct_core_gold_calibrated_v4,237,8532,True,0,0.55,all,681,360,263,97,418,1.518987341772152,0.7305555555555555,0.38619676945668135,0.505283381364073,0.3390928127246803,0.4995521824635749,1.0,0.9704641350210971,0.9850107066381156,237,230,7,0
v4_social_signal_experiment_v4_prompt_think_true_gemma4_e4b_direct_core_gold_calibrated_v4_think_ctx16384_tok16384_n237,v4_social_signal_experiment_v4_prompt_think_true_gemma4_e4b_direct_core_gold_calibrated_v4_think_ctx16384_tok16384_n237.csv,gemma4:e4b,direct_core_gold_calibrated_v4,237,8532,True,0,0.60,all,681,360,263,97,418,1.518987341772152,0.7305555555555555,0.38619676945668135,0.505283381364073,0.3390928127246803,0.4995521824635749,1.0,0.9704641350210971,0.9850107066381156,237,230,7,0
v4_social_signal_experiment_v4_prompt_think_true_gemma4_e4b_direct_core_gold_calibrated_v4_think_ctx16384_tok16384_n237,v4_social_signal_experiment_v4_prompt_think_true_gemma4_e4b_direct_core_gold_calibrated_v4_think_ctx16384_tok16384_n237.csv,gemma4:e4b,direct_core_gold_calibrated_v4,237,8532,True,0,0.70,all,681,350,260,90,421,1.4767932489451476,0.7428571428571429,0.38179148311306904,0.504364694471387,0.30391866871844675,0.4970004444687989,1.0,0.9578059071729957,0.978448275862069,237,227,10,0
v4_social_signal_experiment_v4_prompt_think_true_gemma4_e4b_direct_core_gold_calibrated_v4_think_ctx16384_tok16384_n237,v4_social_signal_experiment_v4_prompt_think_true_gemma4_e4b_direct_core_gold_calibrated_v4_think_ctx16384_tok16384_n237.csv,gemma4:e4b,direct_core_gold_calibrated_v4,237,8532,True,0,0.65,all,681,351,260,91,421,1.481012658227848,0.7407407407407407,0.38179148311306904,0.5038759689922481,0.3037231489150838,0.49559397470789873,1.0,0.9578059071729957,0.978448275862069,237,227,10,0
v4_social_signal_experiment_v4_prompt_think_true_gemma4_e4b_gold_mimic_broad_v1_think_ctx16384_tok16384_n237,v4_social_signal_experiment_v4_prompt_think_true_gemma4_e4b_gold_mimic_broad_v1_think_ctx16384_tok16384_n237.csv,gemma4:e4b,gold_mimic_broad_v1,237,8532,True,3,0.80,all,681,395,271,124,410,1.6666666666666667,0.6860759493670886,0.39794419970631423,0.5037174721189591,0.31495178637228455,0.4890012238113504,1.0,0.9240506329113924,0.9605263157894737,237,219,18,0
v4_social_signal_experiment_v4_prompt_think_true_gemma4_e4b_direct_core_recall_v2_think_ctx16384_tok16384_n237,v4_social_signal_experiment_v4_prompt_think_true_gemma4_e4b_direct_core_recall_v2_think_ctx16384_tok16384_n237.csv,gemma4:e4b,direct_core_recall_v2,237,8532,True,2,default,all,681,304,243,61,438,1.2827004219409284,0.7993421052631579,0.3568281938325991,0.4934010152284264,0.2571157421051741,0.46974598303712234,1.0,0.869198312236287,0.9300225733634312,237,206,31,0
v4_social_signal_experiment_v4_prompt_think_true_gemma4_e4b_direct_core_recall_v2_think_ctx16384_tok16384_n237,v4_social_signal_experiment_v4_prompt_think_true_gemma4_e4b_direct_core_recall_v2_think_ctx16384_tok16384_n237.csv,gemma4:e4b,direct_core_recall_v2,237,8532,True,2,0.05,all,681,304,243,61,438,1.2827004219409284,0.7993421052631579,0.3568281938325991,0.4934010152284264,0.2571157421051741,0.46974598303712234,1.0,0.869198312236287,0.9300225733634312,237,206,31,0
v4_social_signal_experiment_v4_prompt_think_true_gemma4_e4b_direct_core_recall_v2_think_ctx16384_tok16384_n237,v4_social_signal_experiment_v4_prompt_think_true_gemma4_e4b_direct_core_recall_v2_think_ctx16384_tok16384_n237.csv,gemma4:e4b,direct_core_recall_v2,237,8532,True,2,0.10,all,681,304,243,61,438,1.2827004219409284,0.7993421052631579,0.3568281938325991,0.4934010152284264,0.2571157421051741,0.46974598303712234,1.0,0.869198312236287,0.9300225733634312,237,206,31,0
v4_social_signal_experiment_v4_prompt_think_true_gemma4_e4b_direct_core_recall_v2_think_ctx16384_tok16384_n237,v4_social_signal_experiment_v4_prompt_think_true_gemma4_e4b_direct_core_recall_v2_think_ctx16384_tok16384_n237.csv,gemma4:e4b,direct_core_recall_v2,237,8532,True,2,0.15,all,681,304,243,61,438,1.2827004219409284,0.7993421052631579,0.3568281938325991,0.4934010152284264,0.2571157421051741,0.46974598303712234,1.0,0.869198312236287,0.9300225733634312,237,206,31,0
v4_social_signal_experiment_v4_prompt_think_true_gemma4_e4b_direct_core_recall_v2_think_ctx16384_tok16384_n237,v4_social_signal_experiment_v4_prompt_think_true_gemma4_e4b_direct_core_recall_v2_think_ctx16384_tok16384_n237.csv,gemma4:e4b,direct_core_recall_v2,237,8532,True,2,0.20,all,681,304,243,61,438,1.2827004219409284,0.7993421052631579,0.3568281938325991,0.4934010152284264,0.2571157421051741,0.46974598303712234,1.0,0.869198312236287,0.9300225733634312,237,206,31,0
v4_social_signal_experiment_v4_prompt_think_true_gemma4_e4b_direct_core_recall_v2_think_ctx16384_tok16384_n237,v4_social_signal_experiment_v4_prompt_think_true_gemma4_e4b_direct_core_recall_v2_think_ctx16384_tok16384_n237.csv,gemma4:e4b,direct_core_recall_v2,237,8532,True,2,0.25,all,681,304,243,61,438,1.2827004219409284,0.7993421052631579,0.3568281938325991,0.4934010152284264,0.2571157421051741,0.46974598303712234,1.0,0.869198312236287,0.9300225733634312,237,206,31,0
v4_social_signal_experiment_v4_prompt_think_true_gemma4_e4b_direct_core_recall_v2_think_ctx16384_tok16384_n237,v4_social_signal_experiment_v4_prompt_think_true_gemma4_e4b_direct_core_recall_v2_think_ctx16384_tok16384_n237.csv,gemma4:e4b,direct_core_recall_v2,237,8532,True,2,0.30,all,681,304,243,61,438,1.2827004219409284,0.7993421052631579,0.3568281938325991,0.4934010152284264,0.2571157421051741,0.46974598303712234,1.0,0.869198312236287,0.9300225733634312,237,206,31,0
v4_social_signal_experiment_v4_prompt_think_true_gemma4_e4b_direct_core_recall_v2_think_ctx16384_tok16384_n237,v4_social_signal_experiment_v4_prompt_think_true_gemma4_e4b_direct_core_recall_v2_think_ctx16384_tok16384_n237.csv,gemma4:e4b,direct_core_recall_v2,237,8532,True,2,0.35,all,681,304,243,61,438,1.2827004219409284,0.7993421052631579,0.3568281938325991,0.4934010152284264,0.2571157421051741,0.46974598303712234,1.0,0.869198312236287,0.9300225733634312,237,206,31,0
v4_social_signal_experiment_v4_prompt_think_true_gemma4_e4b_direct_core_recall_v2_think_ctx16384_tok16384_n237,v4_social_signal_experiment_v4_prompt_think_true_gemma4_e4b_direct_core_recall_v2_think_ctx16384_tok16384_n237.csv,gemma4:e4b,direct_core_recall_v2,237,8532,True,2,0.40,all,681,304,243,61,438,1.2827004219409284,0.7993421052631579,0.3568281938325991,0.4934010152284264,0.2571157421051741,0.46974598303712234,1.0,0.869198312236287,0.9300225733634312,237,206,31,0
v4_social_signal_experiment_v4_prompt_think_true_gemma4_e4b_direct_core_recall_v2_think_ctx16384_tok16384_n237,v4_social_signal_experiment_v4_prompt_think_true_gemma4_e4b_direct_core_recall_v2_think_ctx16384_tok16384_n237.csv,gemma4:e4b,direct_core_recall_v2,237,8532,True,2,0.45,all,681,304,243,61,438,1.2827004219409284,0.7993421052631579,0.3568281938325991,0.4934010152284264,0.2571157421051741,0.46974598303712234,1.0,0.869198312236287,0.9300225733634312,237,206,31,0
v4_social_signal_experiment_v4_prompt_think_true_gemma4_e4b_direct_core_recall_v2_think_ctx16384_tok16384_n237,v4_social_signal_experiment_v4_prompt_think_true_gemma4_e4b_direct_core_recall_v2_think_ctx16384_tok16384_n237.csv,gemma4:e4b,direct_core_recall_v2,237,8532,True,2,0.50,all,681,304,243,61,438,1.2827004219409284,0.7993421052631579,0.3568281938325991,0.4934010152284264,0.2571157421051741,0.46974598303712234,1.0,0.869198312236287,0.9300225733634312,237,206,31,0
v4_social_signal_experiment_v4_prompt_think_true_gemma4_e4b_direct_core_recall_v2_think_ctx16384_tok16384_n237,v4_social_signal_experiment_v4_prompt_think_true_gemma4_e4b_direct_core_recall_v2_think_ctx16384_tok16384_n237.csv,gemma4:e4b,direct_core_recall_v2,237,8532,True,2,0.55,all,681,304,243,61,438,1.2827004219409284,0.7993421052631579,0.3568281938325991,0.4934010152284264,0.2571157421051741,0.46974598303712234,1.0,0.869198312236287,0.9300225733634312,237,206,31,0
v4_social_signal_experiment_v4_prompt_think_true_gemma4_e4b_direct_core_recall_v2_think_ctx16384_tok16384_n237,v4_social_signal_experiment_v4_prompt_think_true_gemma4_e4b_direct_core_recall_v2_think_ctx16384_tok16384_n237.csv,gemma4:e4b,direct_core_recall_v2,237,8532,True,2,0.60,all,681,304,243,61,438,1.2827004219409284,0.7993421052631579,0.3568281938325991,0.4934010152284264,0.2571157421051741,0.46974598303712234,1.0,0.869198312236287,0.9300225733634312,237,206,31,0
v4_social_signal_experiment_v4_prompt_think_true_gemma4_e4b_direct_core_filtered_v3_think_ctx16384_tok16384_n237,v4_social_signal_experiment_v4_prompt_think_true_gemma4_e4b_direct_core_filtered_v3_think_ctx16384_tok16384_n237.csv,gemma4:e4b,direct_core_filtered_v3,237,8532,True,0,0.65,all,681,295,240,55,441,1.2447257383966244,0.8135593220338984,0.3524229074889868,0.4918032786885246,0.20137630393240502,0.48561047485098124,1.0,0.9113924050632911,0.9536423841059603,237,216,21,0
v4_social_signal_experiment_v4_prompt_think_true_gemma4_e4b_direct_core_filtered_v3_think_ctx16384_tok16384_n237,v4_social_signal_experiment_v4_prompt_think_true_gemma4_e4b_direct_core_filtered_v3_think_ctx16384_tok16384_n237.csv,gemma4:e4b,direct_core_filtered_v3,237,8532,True,0,0.70,all,681,295,240,55,441,1.2447257383966244,0.8135593220338984,0.3524229074889868,0.4918032786885246,0.20137630393240502,0.48561047485098124,1.0,0.9113924050632911,0.9536423841059603,237,216,21,0
v4_social_signal_experiment_v4_prompt_think_true_gemma4_e4b_direct_core_filtered_v3_think_ctx16384_tok16384_n237,v4_social_signal_experiment_v4_prompt_think_true_gemma4_e4b_direct_core_filtered_v3_think_ctx16384_tok16384_n237.csv,gemma4:e4b,direct_core_filtered_v3,237,8532,True,0,default,all,681,297,240,57,441,1.2531645569620253,0.8080808080808081,0.3524229074889868,0.49079754601226994,0.2004369587901613,0.48490723997053115,1.0,0.9113924050632911,0.9536423841059603,237,216,21,0
v4_social_signal_experiment_v4_prompt_think_true_gemma4_e4b_direct_core_filtered_v3_think_ctx16384_tok16384_n237,v4_social_signal_experiment_v4_prompt_think_true_gemma4_e4b_direct_core_filtered_v3_think_ctx16384_tok16384_n237.csv,gemma4:e4b,direct_core_filtered_v3,237,8532,True,0,0.05,all,681,297,240,57,441,1.2531645569620253,0.8080808080808081,0.3524229074889868,0.49079754601226994,0.2004369587901613,0.48490723997053115,1.0,0.9113924050632911,0.9536423841059603,237,216,21,0
v4_social_signal_experiment_v4_prompt_think_true_gemma4_e4b_direct_core_filtered_v3_think_ctx16384_tok16384_n237,v4_social_signal_experiment_v4_prompt_think_true_gemma4_e4b_direct_core_filtered_v3_think_ctx16384_tok16384_n237.csv,gemma4:e4b,direct_core_filtered_v3,237,8532,True,0,0.10,all,681,297,240,57,441,1.2531645569620253,0.8080808080808081,0.3524229074889868,0.49079754601226994,0.2004369587901613,0.48490723997053115,1.0,0.9113924050632911,0.9536423841059603,237,216,21,0
v4_social_signal_experiment_v4_prompt_think_true_gemma4_e4b_direct_core_filtered_v3_think_ctx16384_tok16384_n237,v4_social_signal_experiment_v4_prompt_think_true_gemma4_e4b_direct_core_filtered_v3_think_ctx16384_tok16384_n237.csv,gemma4:e4b,direct_core_filtered_v3,237,8532,True,0,0.15,all,681,297,240,57,441,1.2531645569620253,0.8080808080808081,0.3524229074889868,0.49079754601226994,0.2004369587901613,0.48490723997053115,1.0,0.9113924050632911,0.9536423841059603,237,216,21,0
v4_social_signal_experiment_v4_prompt_think_true_gemma4_e4b_direct_core_filtered_v3_think_ctx16384_tok16384_n237,v4_social_signal_experiment_v4_prompt_think_true_gemma4_e4b_direct_core_filtered_v3_think_ctx16384_tok16384_n237.csv,gemma4:e4b,direct_core_filtered_v3,237,8532,True,0,0.20,all,681,297,240,57,441,1.2531645569620253,0.8080808080808081,0.3524229074889868,0.49079754601226994,0.2004369587901613,0.48490723997053115,1.0,0.9113924050632911,0.9536423841059603,237,216,21,0
v4_social_signal_experiment_v4_prompt_think_true_gemma4_e4b_direct_core_filtered_v3_think_ctx16384_tok16384_n237,v4_social_signal_experiment_v4_prompt_think_true_gemma4_e4b_direct_core_filtered_v3_think_ctx16384_tok16384_n237.csv,gemma4:e4b,direct_core_filtered_v3,237,8532,True,0,0.25,all,681,297,240,57,441,1.2531645569620253,0.8080808080808081,0.3524229074889868,0.49079754601226994,0.2004369587901613,0.48490723997053115,1.0,0.9113924050632911,0.9536423841059603,237,216,21,0
v4_social_signal_experiment_v4_prompt_think_true_gemma4_e4b_direct_core_filtered_v3_think_ctx16384_tok16384_n237,v4_social_signal_experiment_v4_prompt_think_true_gemma4_e4b_direct_core_filtered_v3_think_ctx16384_tok16384_n237.csv,gemma4:e4b,direct_core_filtered_v3,237,8532,True,0,0.30,all,681,297,240,57,441,1.2531645569620253,0.8080808080808081,0.3524229074889868,0.49079754601226994,0.2004369587901613,0.48490723997053115,1.0,0.9113924050632911,0.9536423841059603,237,216,21,0
v4_social_signal_experiment_v4_prompt_think_true_gemma4_e4b_direct_core_filtered_v3_think_ctx16384_tok16384_n237,v4_social_signal_experiment_v4_prompt_think_true_gemma4_e4b_direct_core_filtered_v3_think_ctx16384_tok16384_n237.csv,gemma4:e4b,direct_core_filtered_v3,237,8532,True,0,0.35,all,681,297,240,57,441,1.2531645569620253,0.8080808080808081,0.3524229074889868,0.49079754601226994,0.2004369587901613,0.48490723997053115,1.0,0.9113924050632911,0.9536423841059603,237,216,21,0
v4_social_signal_experiment_v4_prompt_think_true_gemma4_e4b_direct_core_filtered_v3_think_ctx16384_tok16384_n237,v4_social_signal_experiment_v4_prompt_think_true_gemma4_e4b_direct_core_filtered_v3_think_ctx16384_tok16384_n237.csv,gemma4:e4b,direct_core_filtered_v3,237,8532,True,0,0.40,all,681,297,240,57,441,1.2531645569620253,0.8080808080808081,0.3524229074889868,0.49079754601226994,0.2004369587901613,0.48490723997053115,1.0,0.9113924050632911,0.9536423841059603,237,216,21,0
v4_social_signal_experiment_v4_prompt_think_true_gemma4_e4b_direct_core_filtered_v3_think_ctx16384_tok16384_n237,v4_social_signal_experiment_v4_prompt_think_true_gemma4_e4b_direct_core_filtered_v3_think_ctx16384_tok16384_n237.csv,gemma4:e4b,direct_core_filtered_v3,237,8532,True,0,0.45,all,681,297,240,57,441,1.2531645569620253,0.8080808080808081,0.3524229074889868,0.49079754601226994,0.2004369587901613,0.48490723997053115,1.0,0.9113924050632911,0.9536423841059603,237,216,21,0
v4_social_signal_experiment_v4_prompt_think_true_gemma4_e4b_direct_core_filtered_v3_think_ctx16384_tok16384_n237,v4_social_signal_experiment_v4_prompt_think_true_gemma4_e4b_direct_core_filtered_v3_think_ctx16384_tok16384_n237.csv,gemma4:e4b,direct_core_filtered_v3,237,8532,True,0,0.50,all,681,297,240,57,441,1.2531645569620253,0.8080808080808081,0.3524229074889868,0.49079754601226994,0.2004369587901613,0.48490723997053115,1.0,0.9113924050632911,0.9536423841059603,237,216,21,0
v4_social_signal_experiment_v4_prompt_think_true_gemma4_e4b_direct_core_filtered_v3_think_ctx16384_tok16384_n237,v4_social_signal_experiment_v4_prompt_think_true_gemma4_e4b_direct_core_filtered_v3_think_ctx16384_tok16384_n237.csv,gemma4:e4b,direct_core_filtered_v3,237,8532,True,0,0.55,all,681,297,240,57,441,1.2531645569620253,0.8080808080808081,0.3524229074889868,0.49079754601226994,0.2004369587901613,0.48490723997053115,1.0,0.9113924050632911,0.9536423841059603,237,216,21,0
v4_social_signal_experiment_v4_prompt_think_true_gemma4_e4b_direct_core_filtered_v3_think_ctx16384_tok16384_n237,v4_social_signal_experiment_v4_prompt_think_true_gemma4_e4b_direct_core_filtered_v3_think_ctx16384_tok16384_n237.csv,gemma4:e4b,direct_core_filtered_v3,237,8532,True,0,0.60,all,681,297,240,57,441,1.2531645569620253,0.8080808080808081,0.3524229074889868,0.49079754601226994,0.2004369587901613,0.48490723997053115,1.0,0.9113924050632911,0.9536423841059603,237,216,21,0
v4_social_signal_experiment_v4_prompt_think_true_gemma4_e4b_direct_core_recall_v2_think_ctx16384_tok16384_n237,v4_social_signal_experiment_v4_prompt_think_true_gemma4_e4b_direct_core_recall_v2_think_ctx16384_tok16384_n237.csv,gemma4:e4b,direct_core_recall_v2,237,8532,True,2,0.65,all,681,298,240,58,441,1.2573839662447257,0.8053691275167785,0.3524229074889868,0.4902962206332993,0.2567409832338835,0.4659485146826919,1.0,0.8649789029535865,0.9276018099547512,237,205,32,0
v4_social_signal_experiment_v4_prompt_think_true_gemma4_e4b_direct_core_recall_v2_think_ctx16384_tok16384_n237,v4_social_signal_experiment_v4_prompt_think_true_gemma4_e4b_direct_core_recall_v2_think_ctx16384_tok16384_n237.csv,gemma4:e4b,direct_core_recall_v2,237,8532,True,2,0.70,all,681,298,240,58,441,1.2573839662447257,0.8053691275167785,0.3524229074889868,0.4902962206332993,0.2567409832338835,0.4659485146826919,1.0,0.8649789029535865,0.9276018099547512,237,205,32,0
v4_social_signal_experiment_v4_prompt_think_true_gemma4_e4b_direct_core_gold_fewshot_v5_think_ctx16384_tok16384_n237,v4_social_signal_experiment_v4_prompt_think_true_gemma4_e4b_direct_core_gold_fewshot_v5_think_ctx16384_tok16384_n237.csv,gemma4:e4b,direct_core_gold_fewshot_v5,237,8532,True,1,0.85,all,681,275,232,43,449,1.160337552742616,0.8436363636363636,0.3406754772393539,0.48535564853556484,0.24816956791110237,0.4462962962962963,1.0,0.759493670886076,0.8633093525179856,237,180,57,0
v4_social_signal_experiment_v4_prompt_think_true_gemma4_e4b_direct_core_clean_fewshot_v6_think_ctx16384_tok16384_n237,v4_social_signal_experiment_v4_prompt_think_true_gemma4_e4b_direct_core_clean_fewshot_v6_think_ctx16384_tok16384_n237.csv,gemma4:e4b,direct_core_clean_fewshot_v6,237,8532,True,2,0.80,all,681,255,221,34,460,1.0759493670886076,0.8666666666666667,0.3245227606461087,0.4722222222222222,0.17913142922904043,0.4422677650525752,1.0,0.759493670886076,0.8633093525179856,237,180,57,0
v4_social_signal_experiment_v4_prompt_think_true_gemma4_e4b_direct_core_gold_calibrated_v4_think_ctx16384_tok16384_n237,v4_social_signal_experiment_v4_prompt_think_true_gemma4_e4b_direct_core_gold_calibrated_v4_think_ctx16384_tok16384_n237.csv,gemma4:e4b,direct_core_gold_calibrated_v4,237,8532,True,0,0.75,all,681,294,228,66,453,1.240506329113924,0.7755102040816326,0.33480176211453744,0.4676923076923077,0.2943479098944673,0.43167570825798673,1.0,0.7932489451476793,0.8847058823529412,237,188,49,0
v4_social_signal_experiment_v4_prompt_think_true_gemma4_e4b_direct_core_filtered_v3_think_ctx16384_tok16384_n237,v4_social_signal_experiment_v4_prompt_think_true_gemma4_e4b_direct_core_filtered_v3_think_ctx16384_tok16384_n237.csv,gemma4:e4b,direct_core_filtered_v3,237,8532,True,0,0.75,all,681,259,219,40,462,1.0928270042194093,0.8455598455598455,0.32158590308370044,0.46595744680851064,0.1872780811075209,0.4324358716763779,1.0,0.7932489451476793,0.8847058823529412,237,188,49,0
v4_social_signal_experiment_v4_prompt_think_true_gemma4_e4b_direct_core_recall_v2_think_ctx16384_tok16384_n237,v4_social_signal_experiment_v4_prompt_think_true_gemma4_e4b_direct_core_recall_v2_think_ctx16384_tok16384_n237.csv,gemma4:e4b,direct_core_recall_v2,237,8532,True,2,0.75,all,681,242,210,32,471,1.021097046413502,0.8677685950413223,0.30837004405286345,0.4550379198266522,0.23437006500861712,0.4177629215603899,1.0,0.7383966244725738,0.8495145631067961,237,175,62,0
v4_social_signal_experiment_v4_prompt_think_true_gemma4_e4b_direct_core_recall_v2_think_ctx16384_tok16384_n237,v4_social_signal_experiment_v4_prompt_think_true_gemma4_e4b_direct_core_recall_v2_think_ctx16384_tok16384_n237.csv,gemma4:e4b,direct_core_recall_v2,237,8532,True,2,0.80,all,681,239,208,31,473,1.0084388185654007,0.8702928870292888,0.3054331864904552,0.45217391304347826,0.2338821694250062,0.41643682150011263,1.0,0.7383966244725738,0.8495145631067961,237,175,62,0
v4_social_signal_experiment_v4_prompt_think_true_gemma4_e4b_direct_core_targeted_v7_think_ctx16384_tok16384_n237,v4_social_signal_experiment_v4_prompt_think_true_gemma4_e4b_direct_core_targeted_v7_think_ctx16384_tok16384_n237.csv,gemma4:e4b,direct_core_targeted_v7,237,8532,True,3,0.85,all,681,226,202,24,479,0.9535864978902954,0.8938053097345132,0.2966226138032305,0.4454244762954796,0.1692561154516924,0.3985171181373713,1.0,0.6666666666666666,0.8,237,158,79,0
v4_social_signal_experiment_v4_prompt_think_true_gemma4_e4b_gold_mimic_broad_v1_think_ctx16384_tok16384_n237,v4_social_signal_experiment_v4_prompt_think_true_gemma4_e4b_gold_mimic_broad_v1_think_ctx16384_tok16384_n237.csv,gemma4:e4b,gold_mimic_broad_v1,237,8532,True,3,0.85,all,681,279,213,66,468,1.1772151898734178,0.7634408602150538,0.31277533039647576,0.44375,0.24893508617710486,0.4188272112322745,1.0,0.7763713080168776,0.8741092636579573,237,184,53,0
v4_social_signal_experiment_v4_prompt_think_true_gemma4_e4b_direct_core_filtered_v3_think_ctx16384_tok16384_n237,v4_social_signal_experiment_v4_prompt_think_true_gemma4_e4b_direct_core_filtered_v3_think_ctx16384_tok16384_n237.csv,gemma4:e4b,direct_core_filtered_v3,237,8532,True,0,0.80,all,681,226,199,27,482,0.9535864978902954,0.8805309734513275,0.2922173274596182,0.4388092613009923,0.1793403296162571,0.3991996517312973,1.0,0.70042194092827,0.8238213399503722,237,166,71,0
v4_social_signal_experiment_v4_prompt_think_true_gemma4_e4b_direct_core_recall_v2_think_ctx16384_tok16384_n237,v4_social_signal_experiment_v4_prompt_think_true_gemma4_e4b_direct_core_recall_v2_think_ctx16384_tok16384_n237.csv,gemma4:e4b,direct_core_recall_v2,237,8532,True,2,0.85,all,681,225,197,28,484,0.9493670886075949,0.8755555555555555,0.28928046989721,0.434878587196468,0.2148352799491922,0.4060243788091889,1.0,0.729957805907173,0.8439024390243902,237,173,64,0
v4_social_signal_experiment_v4_prompt_think_true_gemma4_e4b_direct_core_balanced_v8_think_ctx16384_tok16384_n237,v4_social_signal_experiment_v4_prompt_think_true_gemma4_e4b_direct_core_balanced_v8_think_ctx16384_tok16384_n237.csv,gemma4:e4b,direct_core_balanced_v8,237,8532,True,2,0.85,all,681,220,194,26,487,0.9282700421940928,0.8818181818181818,0.28487518355359764,0.4306326304106548,0.1546056923326458,0.38576451677717505,1.0,0.6497890295358649,0.7877237851662404,237,154,83,0
v4_social_signal_experiment_v4_prompt_think_true_gemma4_e4b_direct_core_clean_fewshot_v6_think_ctx16384_tok16384_n237,v4_social_signal_experiment_v4_prompt_think_true_gemma4_e4b_direct_core_clean_fewshot_v6_think_ctx16384_tok16384_n237.csv,gemma4:e4b,direct_core_clean_fewshot_v6,237,8532,True,2,0.85,all,681,217,190,27,491,0.9156118143459916,0.8755760368663594,0.2790014684287812,0.42316258351893093,0.14606641758835967,0.3874857678655147,1.0,0.6835443037974683,0.8120300751879699,237,162,75,0
v4_social_signal_experiment_v4_prompt_think_true_gemma4_e4b_direct_business_migration_fixed_think_ctx16384_tok16384_n237,v4_social_signal_experiment_v4_prompt_think_true_gemma4_e4b_direct_business_migration_fixed_think_ctx16384_tok16384_n237.csv,gemma4:e4b,direct_business_migration_fixed,237,8532,True,2,default,all,681,274,200,74,481,1.1561181434599157,0.7299270072992701,0.2936857562408223,0.418848167539267,0.22291429719030895,0.4014265621860559,1.0,0.8945147679324894,0.9443207126948775,237,212,25,0
v4_social_signal_experiment_v4_prompt_think_true_gemma4_e4b_direct_business_migration_fixed_think_ctx16384_tok16384_n237,v4_social_signal_experiment_v4_prompt_think_true_gemma4_e4b_direct_business_migration_fixed_think_ctx16384_tok16384_n237.csv,gemma4:e4b,direct_business_migration_fixed,237,8532,True,2,0.05,all,681,274,200,74,481,1.1561181434599157,0.7299270072992701,0.2936857562408223,0.418848167539267,0.22291429719030895,0.4014265621860559,1.0,0.8945147679324894,0.9443207126948775,237,212,25,0
v4_social_signal_experiment_v4_prompt_think_true_gemma4_e4b_direct_business_migration_fixed_think_ctx16384_tok16384_n237,v4_social_signal_experiment_v4_prompt_think_true_gemma4_e4b_direct_business_migration_fixed_think_ctx16384_tok16384_n237.csv,gemma4:e4b,direct_business_migration_fixed,237,8532,True,2,0.10,all,681,274,200,74,481,1.1561181434599157,0.7299270072992701,0.2936857562408223,0.418848167539267,0.22291429719030895,0.4014265621860559,1.0,0.8945147679324894,0.9443207126948775,237,212,25,0
v4_social_signal_experiment_v4_prompt_think_true_gemma4_e4b_direct_business_migration_fixed_think_ctx16384_tok16384_n237,v4_social_signal_experiment_v4_prompt_think_true_gemma4_e4b_direct_business_migration_fixed_think_ctx16384_tok16384_n237.csv,gemma4:e4b,direct_business_migration_fixed,237,8532,True,2,0.15,all,681,274,200,74,481,1.1561181434599157,0.7299270072992701,0.2936857562408223,0.418848167539267,0.22291429719030895,0.4014265621860559,1.0,0.8945147679324894,0.9443207126948775,237,212,25,0
v4_social_signal_experiment_v4_prompt_think_true_gemma4_e4b_direct_business_migration_fixed_think_ctx16384_tok16384_n237,v4_social_signal_experiment_v4_prompt_think_true_gemma4_e4b_direct_business_migration_fixed_think_ctx16384_tok16384_n237.csv,gemma4:e4b,direct_business_migration_fixed,237,8532,True,2,0.20,all,681,274,200,74,481,1.1561181434599157,0.7299270072992701,0.2936857562408223,0.418848167539267,0.22291429719030895,0.4014265621860559,1.0,0.8945147679324894,0.9443207126948775,237,212,25,0
v4_social_signal_experiment_v4_prompt_think_true_gemma4_e4b_direct_business_migration_fixed_think_ctx16384_tok16384_n237,v4_social_signal_experiment_v4_prompt_think_true_gemma4_e4b_direct_business_migration_fixed_think_ctx16384_tok16384_n237.csv,gemma4:e4b,direct_business_migration_fixed,237,8532,True,2,0.25,all,681,274,200,74,481,1.1561181434599157,0.7299270072992701,0.2936857562408223,0.418848167539267,0.22291429719030895,0.4014265621860559,1.0,0.8945147679324894,0.9443207126948775,237,212,25,0
v4_social_signal_experiment_v4_prompt_think_true_gemma4_e4b_direct_business_migration_fixed_think_ctx16384_tok16384_n237,v4_social_signal_experiment_v4_prompt_think_true_gemma4_e4b_direct_business_migration_fixed_think_ctx16384_tok16384_n237.csv,gemma4:e4b,direct_business_migration_fixed,237,8532,True,2,0.30,all,681,274,200,74,481,1.1561181434599157,0.7299270072992701,0.2936857562408223,0.418848167539267,0.22291429719030895,0.4014265621860559,1.0,0.8945147679324894,0.9443207126948775,237,212,25,0
v4_social_signal_experiment_v4_prompt_think_true_gemma4_e4b_direct_business_migration_fixed_think_ctx16384_tok16384_n237,v4_social_signal_experiment_v4_prompt_think_true_gemma4_e4b_direct_business_migration_fixed_think_ctx16384_tok16384_n237.csv,gemma4:e4b,direct_business_migration_fixed,237,8532,True,2,0.35,all,681,274,200,74,481,1.1561181434599157,0.7299270072992701,0.2936857562408223,0.418848167539267,0.22291429719030895,0.4014265621860559,1.0,0.8945147679324894,0.9443207126948775,237,212,25,0
v4_social_signal_experiment_v4_prompt_think_true_gemma4_e4b_direct_business_migration_fixed_think_ctx16384_tok16384_n237,v4_social_signal_experiment_v4_prompt_think_true_gemma4_e4b_direct_business_migration_fixed_think_ctx16384_tok16384_n237.csv,gemma4:e4b,direct_business_migration_fixed,237,8532,True,2,0.40,all,681,274,200,74,481,1.1561181434599157,0.7299270072992701,0.2936857562408223,0.418848167539267,0.22291429719030895,0.4014265621860559,1.0,0.8945147679324894,0.9443207126948775,237,212,25,0
v4_social_signal_experiment_v4_prompt_think_true_gemma4_e4b_direct_business_migration_fixed_think_ctx16384_tok16384_n237,v4_social_signal_experiment_v4_prompt_think_true_gemma4_e4b_direct_business_migration_fixed_think_ctx16384_tok16384_n237.csv,gemma4:e4b,direct_business_migration_fixed,237,8532,True,2,0.45,all,681,274,200,74,481,1.1561181434599157,0.7299270072992701,0.2936857562408223,0.418848167539267,0.22291429719030895,0.4014265621860559,1.0,0.8945147679324894,0.9443207126948775,237,212,25,0
v4_social_signal_experiment_v4_prompt_think_true_gemma4_e4b_direct_business_migration_fixed_think_ctx16384_tok16384_n237,v4_social_signal_experiment_v4_prompt_think_true_gemma4_e4b_direct_business_migration_fixed_think_ctx16384_tok16384_n237.csv,gemma4:e4b,direct_business_migration_fixed,237,8532,True,2,0.50,all,681,274,200,74,481,1.1561181434599157,0.7299270072992701,0.2936857562408223,0.418848167539267,0.22291429719030895,0.4014265621860559,1.0,0.8945147679324894,0.9443207126948775,237,212,25,0
v4_social_signal_experiment_v4_prompt_think_true_gemma4_e4b_direct_business_migration_fixed_think_ctx16384_tok16384_n237,v4_social_signal_experiment_v4_prompt_think_true_gemma4_e4b_direct_business_migration_fixed_think_ctx16384_tok16384_n237.csv,gemma4:e4b,direct_business_migration_fixed,237,8532,True,2,0.55,all,681,274,200,74,481,1.1561181434599157,0.7299270072992701,0.2936857562408223,0.418848167539267,0.22291429719030895,0.4014265621860559,1.0,0.8945147679324894,0.9443207126948775,237,212,25,0
v4_social_signal_experiment_v4_prompt_think_true_gemma4_e4b_direct_business_migration_fixed_think_ctx16384_tok16384_n237,v4_social_signal_experiment_v4_prompt_think_true_gemma4_e4b_direct_business_migration_fixed_think_ctx16384_tok16384_n237.csv,gemma4:e4b,direct_business_migration_fixed,237,8532,True,2,0.60,all,681,274,200,74,481,1.1561181434599157,0.7299270072992701,0.2936857562408223,0.418848167539267,0.22291429719030895,0.4014265621860559,1.0,0.8945147679324894,0.9443207126948775,237,212,25,0
v4_social_signal_experiment_v4_prompt_think_true_gemma4_e4b_direct_business_migration_fixed_think_ctx16384_tok16384_n237,v4_social_signal_experiment_v4_prompt_think_true_gemma4_e4b_direct_business_migration_fixed_think_ctx16384_tok16384_n237.csv,gemma4:e4b,direct_business_migration_fixed,237,8532,True,2,0.65,all,681,268,198,70,483,1.130801687763713,0.7388059701492538,0.2907488986784141,0.4172813487881981,0.22259491211973775,0.3985767865514701,1.0,0.890295358649789,0.9419642857142857,237,211,26,0
v4_social_signal_experiment_v4_prompt_think_true_gemma4_e4b_direct_business_migration_fixed_think_ctx16384_tok16384_n237,v4_social_signal_experiment_v4_prompt_think_true_gemma4_e4b_direct_business_migration_fixed_think_ctx16384_tok16384_n237.csv,gemma4:e4b,direct_business_migration_fixed,237,8532,True,2,0.70,all,681,268,198,70,483,1.130801687763713,0.7388059701492538,0.2907488986784141,0.4172813487881981,0.22259491211973775,0.3985767865514701,1.0,0.890295358649789,0.9419642857142857,237,211,26,0
v4_social_signal_experiment_v4_prompt_think_true_gemma4_e4b_direct_core_gold_calibrated_v4_think_ctx16384_tok16384_n237,v4_social_signal_experiment_v4_prompt_think_true_gemma4_e4b_direct_core_gold_calibrated_v4_think_ctx16384_tok16384_n237.csv,gemma4:e4b,direct_core_gold_calibrated_v4,237,8532,True,0,0.80,all,681,233,190,43,491,0.9831223628691983,0.8154506437768241,0.2790014684287812,0.41575492341356673,0.20206559995427287,0.37035027794521463,1.0,0.6751054852320675,0.8060453400503779,237,160,77,0
v4_social_signal_experiment_v4_prompt_think_true_gemma4_e4b_direct_business_migration_fixed_think_ctx16384_tok16384_n237,v4_social_signal_experiment_v4_prompt_think_true_gemma4_e4b_direct_business_migration_fixed_think_ctx16384_tok16384_n237.csv,gemma4:e4b,direct_business_migration_fixed,237,8532,True,2,0.75,all,681,224,180,44,501,0.9451476793248945,0.8035714285714286,0.2643171806167401,0.39779005524861877,0.2075542746939819,0.3698345723662179,1.0,0.7763713080168776,0.8741092636579573,237,184,53,0
v4_social_signal_experiment_v4_prompt_think_true_gemma4_e4b_direct_business_migration_fixed_think_ctx16384_tok16384_n237,v4_social_signal_experiment_v4_prompt_think_true_gemma4_e4b_direct_business_migration_fixed_think_ctx16384_tok16384_n237.csv,gemma4:e4b,direct_business_migration_fixed,237,8532,True,2,0.80,all,681,217,174,43,507,0.9156118143459916,0.8018433179723502,0.2555066079295154,0.38752783964365256,0.20439716835168228,0.36013327975353293,1.0,0.7679324894514767,0.8687350835322196,237,182,55,0
v4_social_signal_experiment_v4_prompt_think_true_gemma4_e4b_direct_core_clean_fewshot_v6_think_ctx16384_tok16384_n237,v4_social_signal_experiment_v4_prompt_think_true_gemma4_e4b_direct_core_clean_fewshot_v6_think_ctx16384_tok16384_n237.csv,gemma4:e4b,direct_core_clean_fewshot_v6,237,8532,True,2,0.90,all,681,186,167,19,514,0.7848101265822784,0.8978494623655914,0.24522760646108663,0.38523644752018454,0.12684141941967877,0.36308016877637134,1.0,0.6497890295358649,0.7877237851662404,237,154,83,0
v4_social_signal_experiment_v4_prompt_think_true_gemma4_e4b_direct_business_migration_fixed_think_ctx16384_tok16384_n237,v4_social_signal_experiment_v4_prompt_think_true_gemma4_e4b_direct_business_migration_fixed_think_ctx16384_tok16384_n237.csv,gemma4:e4b,direct_business_migration_fixed,237,8532,True,2,0.85,all,681,213,172,41,509,0.8987341772151899,0.8075117370892019,0.2525697503671072,0.38478747203579416,0.20399330288082204,0.3584455160404527,1.0,0.7637130801687764,0.8660287081339713,237,181,56,0
v4_social_signal_experiment_v4_prompt_think_true_gemma4_e4b_direct_core_gold_calibrated_v4_think_ctx16384_tok16384_n237,v4_social_signal_experiment_v4_prompt_think_true_gemma4_e4b_direct_core_gold_calibrated_v4_think_ctx16384_tok16384_n237.csv,gemma4:e4b,direct_core_gold_calibrated_v4,237,8532,True,0,0.85,all,681,207,170,37,511,0.8734177215189873,0.821256038647343,0.24963289280469897,0.38288288288288286,0.1672370574015766,0.3399604848971937,1.0,0.6160337552742616,0.762402088772846,237,146,91,0
v4_social_signal_experiment_v4_prompt_think_true_gemma4_e4b_direct_core_balanced_v8_think_ctx16384_tok16384_n237,v4_social_signal_experiment_v4_prompt_think_true_gemma4_e4b_direct_core_balanced_v8_think_ctx16384_tok16384_n237.csv,gemma4:e4b,direct_core_balanced_v8,237,8532,True,2,0.90,all,681,182,165,17,516,0.7679324894514767,0.9065934065934066,0.2422907488986784,0.3823870220162225,0.13568037031290062,0.3460886745696872,1.0,0.5822784810126582,0.736,237,138,99,0
v4_social_signal_experiment_v4_prompt_think_true_gemma4_e4b_direct_core_gold_fewshot_v5_think_ctx16384_tok16384_n237,v4_social_signal_experiment_v4_prompt_think_true_gemma4_e4b_direct_core_gold_fewshot_v5_think_ctx16384_tok16384_n237.csv,gemma4:e4b,direct_core_gold_fewshot_v5,237,8532,True,1,0.90,all,681,183,165,18,516,0.7721518987341772,0.9016393442622951,0.2422907488986784,0.3819444444444444,0.15089282494765588,0.35050231062889287,1.0,0.6118143459915611,0.7591623036649214,237,145,92,0
v4_social_signal_experiment_v4_prompt_think_true_gemma4_e4b_direct_brief_thinking_think_ctx16384_tok16384_n237,v4_social_signal_experiment_v4_prompt_think_true_gemma4_e4b_direct_brief_thinking_think_ctx16384_tok16384_n237.csv,gemma4:e4b,direct_brief_thinking,237,8532,True,5,default,all,681,293,184,109,497,1.2362869198312236,0.6279863481228669,0.2701908957415565,0.37782340862423,0.25425178858544456,0.3695407967559866,1.0,0.9451476793248945,0.9718004338394793,237,224,13,0
v4_social_signal_experiment_v4_prompt_think_true_gemma4_e4b_direct_brief_thinking_think_ctx16384_tok16384_n237,v4_social_signal_experiment_v4_prompt_think_true_gemma4_e4b_direct_brief_thinking_think_ctx16384_tok16384_n237.csv,gemma4:e4b,direct_brief_thinking,237,8532,True,5,0.05,all,681,293,184,109,497,1.2362869198312236,0.6279863481228669,0.2701908957415565,0.37782340862423,0.25425178858544456,0.3695407967559866,1.0,0.9451476793248945,0.9718004338394793,237,224,13,0
v4_social_signal_experiment_v4_prompt_think_true_gemma4_e4b_direct_brief_thinking_think_ctx16384_tok16384_n237,v4_social_signal_experiment_v4_prompt_think_true_gemma4_e4b_direct_brief_thinking_think_ctx16384_tok16384_n237.csv,gemma4:e4b,direct_brief_thinking,237,8532,True,5,0.10,all,681,293,184,109,497,1.2362869198312236,0.6279863481228669,0.2701908957415565,0.37782340862423,0.25425178858544456,0.3695407967559866,1.0,0.9451476793248945,0.9718004338394793,237,224,13,0
v4_social_signal_experiment_v4_prompt_think_true_gemma4_e4b_direct_brief_thinking_think_ctx16384_tok16384_n237,v4_social_signal_experiment_v4_prompt_think_true_gemma4_e4b_direct_brief_thinking_think_ctx16384_tok16384_n237.csv,gemma4:e4b,direct_brief_thinking,237,8532,True,5,0.15,all,681,293,184,109,497,1.2362869198312236,0.6279863481228669,0.2701908957415565,0.37782340862423,0.25425178858544456,0.3695407967559866,1.0,0.9451476793248945,0.9718004338394793,237,224,13,0
v4_social_signal_experiment_v4_prompt_think_true_gemma4_e4b_direct_brief_thinking_think_ctx16384_tok16384_n237,v4_social_signal_experiment_v4_prompt_think_true_gemma4_e4b_direct_brief_thinking_think_ctx16384_tok16384_n237.csv,gemma4:e4b,direct_brief_thinking,237,8532,True,5,0.20,all,681,293,184,109,497,1.2362869198312236,0.6279863481228669,0.2701908957415565,0.37782340862423,0.25425178858544456,0.3695407967559866,1.0,0.9451476793248945,0.9718004338394793,237,224,13,0
v4_social_signal_experiment_v4_prompt_think_true_gemma4_e4b_direct_brief_thinking_think_ctx16384_tok16384_n237,v4_social_signal_experiment_v4_prompt_think_true_gemma4_e4b_direct_brief_thinking_think_ctx16384_tok16384_n237.csv,gemma4:e4b,direct_brief_thinking,237,8532,True,5,0.25,all,681,293,184,109,497,1.2362869198312236,0.6279863481228669,0.2701908957415565,0.37782340862423,0.25425178858544456,0.3695407967559866,1.0,0.9451476793248945,0.9718004338394793,237,224,13,0
v4_social_signal_experiment_v4_prompt_think_true_gemma4_e4b_direct_brief_thinking_think_ctx16384_tok16384_n237,v4_social_signal_experiment_v4_prompt_think_true_gemma4_e4b_direct_brief_thinking_think_ctx16384_tok16384_n237.csv,gemma4:e4b,direct_brief_thinking,237,8532,True,5,0.30,all,681,293,184,109,497,1.2362869198312236,0.6279863481228669,0.2701908957415565,0.37782340862423,0.25425178858544456,0.3695407967559866,1.0,0.9451476793248945,0.9718004338394793,237,224,13,0
v4_social_signal_experiment_v4_prompt_think_true_gemma4_e4b_direct_brief_thinking_think_ctx16384_tok16384_n237,v4_social_signal_experiment_v4_prompt_think_true_gemma4_e4b_direct_brief_thinking_think_ctx16384_tok16384_n237.csv,gemma4:e4b,direct_brief_thinking,237,8532,True,5,0.35,all,681,293,184,109,497,1.2362869198312236,0.6279863481228669,0.2701908957415565,0.37782340862423,0.25425178858544456,0.3695407967559866,1.0,0.9451476793248945,0.9718004338394793,237,224,13,0
v4_social_signal_experiment_v4_prompt_think_true_gemma4_e4b_direct_brief_thinking_think_ctx16384_tok16384_n237,v4_social_signal_experiment_v4_prompt_think_true_gemma4_e4b_direct_brief_thinking_think_ctx16384_tok16384_n237.csv,gemma4:e4b,direct_brief_thinking,237,8532,True,5,0.40,all,681,293,184,109,497,1.2362869198312236,0.6279863481228669,0.2701908957415565,0.37782340862423,0.25425178858544456,0.3695407967559866,1.0,0.9451476793248945,0.9718004338394793,237,224,13,0
v4_social_signal_experiment_v4_prompt_think_true_gemma4_e4b_direct_brief_thinking_think_ctx16384_tok16384_n237,v4_social_signal_experiment_v4_prompt_think_true_gemma4_e4b_direct_brief_thinking_think_ctx16384_tok16384_n237.csv,gemma4:e4b,direct_brief_thinking,237,8532,True,5,0.45,all,681,293,184,109,497,1.2362869198312236,0.6279863481228669,0.2701908957415565,0.37782340862423,0.25425178858544456,0.3695407967559866,1.0,0.9451476793248945,0.9718004338394793,237,224,13,0
v4_social_signal_experiment_v4_prompt_think_true_gemma4_e4b_direct_brief_thinking_think_ctx16384_tok16384_n237,v4_social_signal_experiment_v4_prompt_think_true_gemma4_e4b_direct_brief_thinking_think_ctx16384_tok16384_n237.csv,gemma4:e4b,direct_brief_thinking,237,8532,True,5,0.50,all,681,293,184,109,497,1.2362869198312236,0.6279863481228669,0.2701908957415565,0.37782340862423,0.25425178858544456,0.3695407967559866,1.0,0.9451476793248945,0.9718004338394793,237,224,13,0
v4_social_signal_experiment_v4_prompt_think_true_gemma4_e4b_direct_brief_thinking_think_ctx16384_tok16384_n237,v4_social_signal_experiment_v4_prompt_think_true_gemma4_e4b_direct_brief_thinking_think_ctx16384_tok16384_n237.csv,gemma4:e4b,direct_brief_thinking,237,8532,True,5,0.55,all,681,293,184,109,497,1.2362869198312236,0.6279863481228669,0.2701908957415565,0.37782340862423,0.25425178858544456,0.3695407967559866,1.0,0.9451476793248945,0.9718004338394793,237,224,13,0
v4_social_signal_experiment_v4_prompt_think_true_gemma4_e4b_direct_brief_thinking_think_ctx16384_tok16384_n237,v4_social_signal_experiment_v4_prompt_think_true_gemma4_e4b_direct_brief_thinking_think_ctx16384_tok16384_n237.csv,gemma4:e4b,direct_brief_thinking,237,8532,True,5,0.60,all,681,293,184,109,497,1.2362869198312236,0.6279863481228669,0.2701908957415565,0.37782340862423,0.25425178858544456,0.3695407967559866,1.0,0.9451476793248945,0.9718004338394793,237,224,13,0
v4_social_signal_experiment_v4_prompt_think_true_gemma4_e4b_direct_brief_thinking_think_ctx16384_tok16384_n237,v4_social_signal_experiment_v4_prompt_think_true_gemma4_e4b_direct_brief_thinking_think_ctx16384_tok16384_n237.csv,gemma4:e4b,direct_brief_thinking,237,8532,True,5,0.65,all,681,286,182,104,499,1.2067510548523206,0.6363636363636364,0.26725403817914833,0.3764219234746639,0.25485065016230096,0.36758178530330426,1.0,0.9367088607594937,0.9673202614379085,237,222,15,0
v4_social_signal_experiment_v4_prompt_think_true_gemma4_e4b_direct_brief_thinking_think_ctx16384_tok16384_n237,v4_social_signal_experiment_v4_prompt_think_true_gemma4_e4b_direct_brief_thinking_think_ctx16384_tok16384_n237.csv,gemma4:e4b,direct_brief_thinking,237,8532,True,5,0.70,all,681,286,182,104,499,1.2067510548523206,0.6363636363636364,0.26725403817914833,0.3764219234746639,0.25485065016230096,0.36758178530330426,1.0,0.9367088607594937,0.9673202614379085,237,222,15,0
v4_social_signal_experiment_v4_prompt_think_true_gemma4_e4b_direct_core_targeted_v7_think_ctx16384_tok16384_n237,v4_social_signal_experiment_v4_prompt_think_true_gemma4_e4b_direct_core_targeted_v7_think_ctx16384_tok16384_n237.csv,gemma4:e4b,direct_core_targeted_v7,237,8532,True,3,0.90,all,681,173,159,14,522,0.729957805907173,0.9190751445086706,0.23348017621145375,0.37236533957845436,0.1422224831352056,0.33669546580938986,1.0,0.5738396624472574,0.7292225201072386,237,136,101,0
v4_social_signal_experiment_v4_prompt_think_true_gemma4_e4b_direct_core_filtered_v3_think_ctx16384_tok16384_n237,v4_social_signal_experiment_v4_prompt_think_true_gemma4_e4b_direct_core_filtered_v3_think_ctx16384_tok16384_n237.csv,gemma4:e4b,direct_core_filtered_v3,237,8532,True,0,0.85,all,681,174,159,15,522,0.7341772151898734,0.9137931034482759,0.23348017621145375,0.3719298245614035,0.1375961302830438,0.3178454222758019,1.0,0.5485232067510548,0.7084468664850136,237,130,107,0
v4_social_signal_experiment_v4_prompt_think_true_gemma4_e4b_gold_mimic_broad_v1_think_ctx16384_tok16384_n237,v4_social_signal_experiment_v4_prompt_think_true_gemma4_e4b_gold_mimic_broad_v1_think_ctx16384_tok16384_n237.csv,gemma4:e4b,gold_mimic_broad_v1,237,8532,True,3,0.90,all,681,199,161,38,520,0.8396624472573839,0.8090452261306532,0.23641703377386197,0.3659090909090909,0.20480184020180478,0.3324727077891635,1.0,0.6329113924050633,0.7751937984496124,237,150,87,0
v4_social_signal_experiment_v4_prompt_think_true_gemma4_e4b_direct_brief_thinking_think_ctx16384_tok16384_n237,v4_social_signal_experiment_v4_prompt_think_true_gemma4_e4b_direct_brief_thinking_think_ctx16384_tok16384_n237.csv,gemma4:e4b,direct_brief_thinking,237,8532,True,5,0.75,all,681,213,153,60,528,0.8987341772151899,0.7183098591549296,0.22466960352422907,0.3422818791946309,0.25117261375593447,0.32199450807045743,1.0,0.7510548523206751,0.8578313253012049,237,178,59,0
v4_social_signal_experiment_v4_prompt_think_true_gemma4_e4b_direct_brief_thinking_think_ctx16384_tok16384_n237,v4_social_signal_experiment_v4_prompt_think_true_gemma4_e4b_direct_brief_thinking_think_ctx16384_tok16384_n237.csv,gemma4:e4b,direct_brief_thinking,237,8532,True,5,0.80,all,681,213,153,60,528,0.8987341772151899,0.7183098591549296,0.22466960352422907,0.3422818791946309,0.25117261375593447,0.32199450807045743,1.0,0.7510548523206751,0.8578313253012049,237,178,59,0
v4_social_signal_experiment_v4_prompt_think_true_gemma4_e4b_direct_brief_thinking_think_ctx16384_tok16384_n237,v4_social_signal_experiment_v4_prompt_think_true_gemma4_e4b_direct_brief_thinking_think_ctx16384_tok16384_n237.csv,gemma4:e4b,direct_brief_thinking,237,8532,True,5,0.85,all,681,206,148,58,533,0.869198312236287,0.7184466019417476,0.2173274596182085,0.3337091319052988,0.24545952281221026,0.31316053847699415,1.0,0.7341772151898734,0.8467153284671532,237,174,63,0
v4_social_signal_experiment_v4_prompt_think_true_gemma4_e4b_direct_core_filtered_v3_think_ctx16384_tok16384_n237,v4_social_signal_experiment_v4_prompt_think_true_gemma4_e4b_direct_core_filtered_v3_think_ctx16384_tok16384_n237.csv,gemma4:e4b,direct_core_filtered_v3,237,8532,True,0,0.90,all,681,142,131,11,550,0.5991561181434599,0.9225352112676056,0.19236417033773862,0.3183475091130012,0.09896390118043998,0.271033420400509,1.0,0.4978902953586498,0.6647887323943662,237,118,119,0
v4_social_signal_experiment_v4_prompt_think_true_gemma4_e4b_direct_core_gold_calibrated_v4_think_ctx16384_tok16384_n237,v4_social_signal_experiment_v4_prompt_think_true_gemma4_e4b_direct_core_gold_calibrated_v4_think_ctx16384_tok16384_n237.csv,gemma4:e4b,direct_core_gold_calibrated_v4,237,8532,True,0,0.90,all,681,157,133,24,548,0.6624472573839663,0.8471337579617835,0.19530102790014683,0.31742243436754175,0.11519957230441848,0.28328310227044406,1.0,0.5316455696202531,0.6942148760330579,237,126,111,0
v4_social_signal_experiment_v4_prompt_think_true_gemma4_e2b_direct_core_recall_v2_think_ctx16384_tok16384_n237,v4_social_signal_experiment_v4_prompt_think_true_gemma4_e2b_direct_core_recall_v2_think_ctx16384_tok16384_n237.csv,gemma4:e2b,direct_core_recall_v2,237,8532,True,10,default,all,681,169,124,45,557,0.7130801687763713,0.7337278106508875,0.18208516886930984,0.2917647058823529,0.19677288521420377,0.28013863773357445,1.0,0.6497890295358649,0.7877237851662404,237,154,83,0
v4_social_signal_experiment_v4_prompt_think_true_gemma4_e2b_direct_core_recall_v2_think_ctx16384_tok16384_n237,v4_social_signal_experiment_v4_prompt_think_true_gemma4_e2b_direct_core_recall_v2_think_ctx16384_tok16384_n237.csv,gemma4:e2b,direct_core_recall_v2,237,8532,True,10,0.05,all,681,169,124,45,557,0.7130801687763713,0.7337278106508875,0.18208516886930984,0.2917647058823529,0.19677288521420377,0.28013863773357445,1.0,0.6497890295358649,0.7877237851662404,237,154,83,0
v4_social_signal_experiment_v4_prompt_think_true_gemma4_e2b_direct_core_recall_v2_think_ctx16384_tok16384_n237,v4_social_signal_experiment_v4_prompt_think_true_gemma4_e2b_direct_core_recall_v2_think_ctx16384_tok16384_n237.csv,gemma4:e2b,direct_core_recall_v2,237,8532,True,10,0.10,all,681,169,124,45,557,0.7130801687763713,0.7337278106508875,0.18208516886930984,0.2917647058823529,0.19677288521420377,0.28013863773357445,1.0,0.6497890295358649,0.7877237851662404,237,154,83,0
v4_social_signal_experiment_v4_prompt_think_true_gemma4_e2b_direct_core_recall_v2_think_ctx16384_tok16384_n237,v4_social_signal_experiment_v4_prompt_think_true_gemma4_e2b_direct_core_recall_v2_think_ctx16384_tok16384_n237.csv,gemma4:e2b,direct_core_recall_v2,237,8532,True,10,0.15,all,681,169,124,45,557,0.7130801687763713,0.7337278106508875,0.18208516886930984,0.2917647058823529,0.19677288521420377,0.28013863773357445,1.0,0.6497890295358649,0.7877237851662404,237,154,83,0
v4_social_signal_experiment_v4_prompt_think_true_gemma4_e2b_direct_core_recall_v2_think_ctx16384_tok16384_n237,v4_social_signal_experiment_v4_prompt_think_true_gemma4_e2b_direct_core_recall_v2_think_ctx16384_tok16384_n237.csv,gemma4:e2b,direct_core_recall_v2,237,8532,True,10,0.20,all,681,169,124,45,557,0.7130801687763713,0.7337278106508875,0.18208516886930984,0.2917647058823529,0.19677288521420377,0.28013863773357445,1.0,0.6497890295358649,0.7877237851662404,237,154,83,0
v4_social_signal_experiment_v4_prompt_think_true_gemma4_e2b_direct_core_recall_v2_think_ctx16384_tok16384_n237,v4_social_signal_experiment_v4_prompt_think_true_gemma4_e2b_direct_core_recall_v2_think_ctx16384_tok16384_n237.csv,gemma4:e2b,direct_core_recall_v2,237,8532,True,10,0.25,all,681,169,124,45,557,0.7130801687763713,0.7337278106508875,0.18208516886930984,0.2917647058823529,0.19677288521420377,0.28013863773357445,1.0,0.6497890295358649,0.7877237851662404,237,154,83,0
v4_social_signal_experiment_v4_prompt_think_true_gemma4_e2b_direct_core_recall_v2_think_ctx16384_tok16384_n237,v4_social_signal_experiment_v4_prompt_think_true_gemma4_e2b_direct_core_recall_v2_think_ctx16384_tok16384_n237.csv,gemma4:e2b,direct_core_recall_v2,237,8532,True,10,0.30,all,681,169,124,45,557,0.7130801687763713,0.7337278106508875,0.18208516886930984,0.2917647058823529,0.19677288521420377,0.28013863773357445,1.0,0.6497890295358649,0.7877237851662404,237,154,83,0
v4_social_signal_experiment_v4_prompt_think_true_gemma4_e2b_direct_core_recall_v2_think_ctx16384_tok16384_n237,v4_social_signal_experiment_v4_prompt_think_true_gemma4_e2b_direct_core_recall_v2_think_ctx16384_tok16384_n237.csv,gemma4:e2b,direct_core_recall_v2,237,8532,True,10,0.35,all,681,169,124,45,557,0.7130801687763713,0.7337278106508875,0.18208516886930984,0.2917647058823529,0.19677288521420377,0.28013863773357445,1.0,0.6497890295358649,0.7877237851662404,237,154,83,0
v4_social_signal_experiment_v4_prompt_think_true_gemma4_e2b_direct_core_recall_v2_think_ctx16384_tok16384_n237,v4_social_signal_experiment_v4_prompt_think_true_gemma4_e2b_direct_core_recall_v2_think_ctx16384_tok16384_n237.csv,gemma4:e2b,direct_core_recall_v2,237,8532,True,10,0.40,all,681,169,124,45,557,0.7130801687763713,0.7337278106508875,0.18208516886930984,0.2917647058823529,0.19677288521420377,0.28013863773357445,1.0,0.6497890295358649,0.7877237851662404,237,154,83,0
v4_social_signal_experiment_v4_prompt_think_true_gemma4_e2b_direct_core_recall_v2_think_ctx16384_tok16384_n237,v4_social_signal_experiment_v4_prompt_think_true_gemma4_e2b_direct_core_recall_v2_think_ctx16384_tok16384_n237.csv,gemma4:e2b,direct_core_recall_v2,237,8532,True,10,0.45,all,681,169,124,45,557,0.7130801687763713,0.7337278106508875,0.18208516886930984,0.2917647058823529,0.19677288521420377,0.28013863773357445,1.0,0.6497890295358649,0.7877237851662404,237,154,83,0
v4_social_signal_experiment_v4_prompt_think_true_gemma4_e2b_direct_core_recall_v2_think_ctx16384_tok16384_n237,v4_social_signal_experiment_v4_prompt_think_true_gemma4_e2b_direct_core_recall_v2_think_ctx16384_tok16384_n237.csv,gemma4:e2b,direct_core_recall_v2,237,8532,True,10,0.50,all,681,169,124,45,557,0.7130801687763713,0.7337278106508875,0.18208516886930984,0.2917647058823529,0.19677288521420377,0.28013863773357445,1.0,0.6497890295358649,0.7877237851662404,237,154,83,0
v4_social_signal_experiment_v4_prompt_think_true_gemma4_e2b_direct_core_recall_v2_think_ctx16384_tok16384_n237,v4_social_signal_experiment_v4_prompt_think_true_gemma4_e2b_direct_core_recall_v2_think_ctx16384_tok16384_n237.csv,gemma4:e2b,direct_core_recall_v2,237,8532,True,10,0.55,all,681,169,124,45,557,0.7130801687763713,0.7337278106508875,0.18208516886930984,0.2917647058823529,0.19677288521420377,0.28013863773357445,1.0,0.6497890295358649,0.7877237851662404,237,154,83,0
v4_social_signal_experiment_v4_prompt_think_true_gemma4_e2b_direct_core_recall_v2_think_ctx16384_tok16384_n237,v4_social_signal_experiment_v4_prompt_think_true_gemma4_e2b_direct_core_recall_v2_think_ctx16384_tok16384_n237.csv,gemma4:e2b,direct_core_recall_v2,237,8532,True,10,0.60,all,681,169,124,45,557,0.7130801687763713,0.7337278106508875,0.18208516886930984,0.2917647058823529,0.19677288521420377,0.28013863773357445,1.0,0.6497890295358649,0.7877237851662404,237,154,83,0
v4_social_signal_experiment_v4_prompt_think_true_gemma4_e2b_direct_core_recall_v2_think_ctx16384_tok16384_n237,v4_social_signal_experiment_v4_prompt_think_true_gemma4_e2b_direct_core_recall_v2_think_ctx16384_tok16384_n237.csv,gemma4:e2b,direct_core_recall_v2,237,8532,True,10,0.65,all,681,162,119,43,562,0.6835443037974683,0.7345679012345679,0.17474302496328928,0.2823250296559905,0.19386076407006977,0.2671287924452481,1.0,0.620253164556962,0.765625,237,147,90,0
v4_social_signal_experiment_v4_prompt_think_true_gemma4_e2b_direct_core_recall_v2_think_ctx16384_tok16384_n237,v4_social_signal_experiment_v4_prompt_think_true_gemma4_e2b_direct_core_recall_v2_think_ctx16384_tok16384_n237.csv,gemma4:e2b,direct_core_recall_v2,237,8532,True,10,0.80,all,681,136,107,29,574,0.5738396624472574,0.7867647058823529,0.15712187958883994,0.26193390452876375,0.18385957406499903,0.2394816154309825,1.0,0.5147679324894515,0.6796657381615598,237,122,115,0
v4_social_signal_experiment_v4_prompt_think_true_gemma4_e2b_direct_core_recall_v2_think_ctx16384_tok16384_n237,v4_social_signal_experiment_v4_prompt_think_true_gemma4_e2b_direct_core_recall_v2_think_ctx16384_tok16384_n237.csv,gemma4:e2b,direct_core_recall_v2,237,8532,True,10,0.70,all,681,138,107,31,574,0.5822784810126582,0.7753623188405797,0.15712187958883994,0.2612942612942613,0.18299304928543075,0.2394816154309825,1.0,0.5232067510548524,0.6869806094182825,237,124,113,0
v4_social_signal_experiment_v4_prompt_think_true_gemma4_e2b_direct_core_recall_v2_think_ctx16384_tok16384_n237,v4_social_signal_experiment_v4_prompt_think_true_gemma4_e2b_direct_core_recall_v2_think_ctx16384_tok16384_n237.csv,gemma4:e2b,direct_core_recall_v2,237,8532,True,10,0.75,all,681,138,107,31,574,0.5822784810126582,0.7753623188405797,0.15712187958883994,0.2612942612942613,0.18299304928543075,0.2394816154309825,1.0,0.5232067510548524,0.6869806094182825,237,124,113,0
v4_social_signal_experiment_v4_prompt_think_true_gemma4_e2b_direct_core_recall_v2_think_ctx16384_tok16384_n237,v4_social_signal_experiment_v4_prompt_think_true_gemma4_e2b_direct_core_recall_v2_think_ctx16384_tok16384_n237.csv,gemma4:e2b,direct_core_recall_v2,237,8532,True,10,0.85,all,681,135,106,29,575,0.569620253164557,0.7851851851851852,0.15565345080763582,0.25980392156862747,0.1833566906490491,0.23847699417319668,1.0,0.5147679324894515,0.6796657381615598,237,122,115,0
v4_social_signal_experiment_v4_prompt_think_true_gemma4_e4b_direct_core_recall_v2_think_ctx16384_tok16384_n237,v4_social_signal_experiment_v4_prompt_think_true_gemma4_e4b_direct_core_recall_v2_think_ctx16384_tok16384_n237.csv,gemma4:e4b,direct_core_recall_v2,237,8532,True,2,0.90,all,681,108,102,6,579,0.45569620253164556,0.9444444444444444,0.14977973568281938,0.2585551330798479,0.08973939168082615,0.2090717299578059,1.0,0.38396624472573837,0.5548780487804879,237,91,146,0
v4_social_signal_experiment_v4_prompt_think_true_gemma4_e4b_direct_core_gold_fewshot_v5_think_ctx16384_tok16384_n237,v4_social_signal_experiment_v4_prompt_think_true_gemma4_e4b_direct_core_gold_fewshot_v5_think_ctx16384_tok16384_n237.csv,gemma4:e4b,direct_core_gold_fewshot_v5,237,8532,True,1,0.95,all,681,107,98,9,583,0.45147679324894513,0.9158878504672897,0.14390602055800295,0.24873096446700507,0.09719328654370203,0.22336749045609805,1.0,0.43037974683544306,0.6017699115044248,237,102,135,0
v4_social_signal_experiment_v4_prompt_think_true_gemma4_e4b_direct_core_targeted_v7_think_ctx16384_tok16384_n237,v4_social_signal_experiment_v4_prompt_think_true_gemma4_e4b_direct_core_targeted_v7_think_ctx16384_tok16384_n237.csv,gemma4:e4b,direct_core_targeted_v7,237,8532,True,3,0.95,all,681,88,81,7,600,0.37130801687763715,0.9204545454545454,0.11894273127753303,0.2106631989596879,0.07239615289029376,0.18081173397629094,1.0,0.3670886075949367,0.5370370370370371,237,87,150,0
v4_social_signal_experiment_v4_prompt_think_true_gemma4_e4b_direct_core_clean_fewshot_v6_think_ctx16384_tok16384_n237,v4_social_signal_experiment_v4_prompt_think_true_gemma4_e4b_direct_core_clean_fewshot_v6_think_ctx16384_tok16384_n237.csv,gemma4:e4b,direct_core_clean_fewshot_v6,237,8532,True,2,0.95,all,681,83,76,7,605,0.350210970464135,0.9156626506024096,0.11160058737151249,0.19895287958115182,0.06412851775170615,0.17088607594936708,1.0,0.350210970464135,0.51875,237,83,154,0
v4_social_signal_experiment_v4_prompt_think_true_gemma4_e4b_direct_core_gold_calibrated_v4_think_ctx16384_tok16384_n237,v4_social_signal_experiment_v4_prompt_think_true_gemma4_e4b_direct_core_gold_calibrated_v4_think_ctx16384_tok16384_n237.csv,gemma4:e4b,direct_core_gold_calibrated_v4,237,8532,True,0,0.95,all,681,85,75,10,606,0.35864978902953587,0.8823529411764706,0.11013215859030837,0.195822454308094,0.05814909086284818,0.17489451476793247,1.0,0.35443037974683544,0.5233644859813084,237,84,153,0
v4_social_signal_experiment_v4_prompt_think_true_gemma4_e4b_direct_core_filtered_v3_think_ctx16384_tok16384_n237,v4_social_signal_experiment_v4_prompt_think_true_gemma4_e4b_direct_core_filtered_v3_think_ctx16384_tok16384_n237.csv,gemma4:e4b,direct_core_filtered_v3,237,8532,True,0,0.95,all,681,80,74,6,607,0.33755274261603374,0.925,0.10866372980910426,0.19448094612352168,0.061898084946764374,0.1638235885071328,1.0,0.3291139240506329,0.49523809523809526,237,78,159,0
v4_social_signal_experiment_v4_prompt_think_true_gemma4_e4b_direct_core_balanced_v8_think_ctx16384_tok16384_n237,v4_social_signal_experiment_v4_prompt_think_true_gemma4_e4b_direct_core_balanced_v8_think_ctx16384_tok16384_n237.csv,gemma4:e4b,direct_core_balanced_v8,237,8532,True,2,0.95,all,681,73,69,4,612,0.3080168776371308,0.9452054794520548,0.1013215859030837,0.1830238726790451,0.060994254115598646,0.1494775969459514,1.0,0.2742616033755274,0.4304635761589404,237,65,172,0
v4_social_signal_experiment_v4_prompt_think_true_gemma4_e4b_direct_business_migration_fixed_think_ctx16384_tok16384_n237,v4_social_signal_experiment_v4_prompt_think_true_gemma4_e4b_direct_business_migration_fixed_think_ctx16384_tok16384_n237.csv,gemma4:e4b,direct_business_migration_fixed,237,8532,True,2,0.90,all,681,74,69,5,612,0.31223628691983124,0.9324324324324325,0.1013215859030837,0.1827814569536424,0.07198260361090712,0.14176210568615633,1.0,0.2869198312236287,0.4459016393442623,237,68,169,0
v4_social_signal_experiment_v4_prompt_think_true_gemma4_e4b_direct_brief_thinking_think_ctx16384_tok16384_n237,v4_social_signal_experiment_v4_prompt_think_true_gemma4_e4b_direct_brief_thinking_think_ctx16384_tok16384_n237.csv,gemma4:e4b,direct_brief_thinking,237,8532,True,5,0.90,all,681,73,58,15,623,0.3080168776371308,0.7945205479452054,0.08516886930983847,0.15384615384615385,0.11011470852925893,0.11823052709128659,1.0,0.2911392405063291,0.45098039215686275,237,69,168,0
v4_social_signal_experiment_v4_prompt_think_true_gemma4_e2b_direct_core_recall_v2_think_ctx16384_tok16384_n237,v4_social_signal_experiment_v4_prompt_think_true_gemma4_e2b_direct_core_recall_v2_think_ctx16384_tok16384_n237.csv,gemma4:e2b,direct_core_recall_v2,237,8532,True,10,0.90,all,681,42,41,1,640,0.17721518987341772,0.9761904761904762,0.06020558002936858,0.11341632088520055,0.059781549036774226,0.09537874221418526,1.0,0.1729957805907173,0.2949640287769784,237,41,196,0
v4_social_signal_experiment_v4_prompt_think_true_gemma4_e4b_direct_business_migration_fixed_think_ctx16384_tok16384_n237,v4_social_signal_experiment_v4_prompt_think_true_gemma4_e4b_direct_business_migration_fixed_think_ctx16384_tok16384_n237.csv,gemma4:e4b,direct_business_migration_fixed,237,8532,True,2,0.95,all,681,38,38,0,643,0.16033755274261605,1.0,0.055800293685756244,0.10570236439499305,0.028211766417924382,0.08306208559373116,1.0,0.16033755274261605,0.27636363636363637,237,38,199,0
v4_social_signal_experiment_v4_prompt_think_true_gemma4_e4b_direct_core_recall_v2_think_ctx16384_tok16384_n237,v4_social_signal_experiment_v4_prompt_think_true_gemma4_e4b_direct_core_recall_v2_think_ctx16384_tok16384_n237.csv,gemma4:e4b,direct_core_recall_v2,237,8532,True,2,0.95,all,681,41,38,3,643,0.1729957805907173,0.926829268292683,0.055800293685756244,0.10526315789473684,0.03204294514620442,0.08637733574442436,1.0,0.1729957805907173,0.2949640287769784,237,41,196,0
v4_social_signal_experiment_v4_prompt_think_true_gemma4_e2b_direct_core_recall_v2_think_ctx16384_tok16384_n237,v4_social_signal_experiment_v4_prompt_think_true_gemma4_e2b_direct_core_recall_v2_think_ctx16384_tok16384_n237.csv,gemma4:e2b,direct_core_recall_v2,237,8532,True,10,0.95,all,681,30,29,1,652,0.12658227848101267,0.9666666666666667,0.042584434654919234,0.08157524613220815,0.048752613776192825,0.06864577054450473,1.0,0.12658227848101267,0.2247191011235955,237,30,207,0
v4_social_signal_experiment_v4_prompt_think_true_gemma4_e4b_direct_brief_thinking_think_ctx16384_tok16384_n237,v4_social_signal_experiment_v4_prompt_think_true_gemma4_e4b_direct_brief_thinking_think_ctx16384_tok16384_n237.csv,gemma4:e4b,direct_brief_thinking,237,8532,True,5,0.95,all,681,15,13,2,668,0.06329113924050633,0.8666666666666667,0.01908957415565345,0.03735632183908046,0.012700566797258908,0.03116335141651597,1.0,0.06329113924050633,0.11904761904761904,237,15,222,0
v4_social_signal_experiment_v4_prompt_think_true_gemma4_e4b_gold_mimic_broad_v1_think_ctx16384_tok16384_n237,v4_social_signal_experiment_v4_prompt_think_true_gemma4_e4b_gold_mimic_broad_v1_think_ctx16384_tok16384_n237.csv,gemma4:e4b,gold_mimic_broad_v1,237,8532,True,3,0.95,all,681,7,7,0,674,0.029535864978902954,1.0,0.010279001468428781,0.020348837209302327,0.0064746227709190675,0.014567008237894315,1.0,0.029535864978902954,0.05737704918032787,237,7,230,0
v4_social_signal_experiment_v4_prompt_think_true_gemma4_e4b_direct_core_gold_fewshot_v5_think_ctx16384_tok16384_n237,v4_social_signal_experiment_v4_prompt_think_true_gemma4_e4b_direct_core_gold_fewshot_v5_think_ctx16384_tok16384_n237.csv,gemma4:e4b,direct_core_gold_fewshot_v5,237,8532,True,1,0.75,context,279,440,115,325,164,1.8565400843881856,0.26136363636363635,0.4121863799283154,0.3198887343532684,0.23028889915306405,0.2461188132074208,0.631578947368421,0.972972972972973,0.7659574468085106,148,228,4,84
v4_social_signal_experiment_v4_prompt_think_true_gemma4_e4b_direct_core_gold_fewshot_v5_think_ctx16384_tok16384_n237,v4_social_signal_experiment_v4_prompt_think_true_gemma4_e4b_direct_core_gold_fewshot_v5_think_ctx16384_tok16384_n237.csv,gemma4:e4b,direct_core_gold_fewshot_v5,237,8532,True,1,0.65,context,279,459,116,343,163,1.9367088607594938,0.25272331154684097,0.4157706093189964,0.3143631436314363,0.22728932267814053,0.24322550398499762,0.631578947368421,0.972972972972973,0.7659574468085106,148,228,4,84
v4_social_signal_experiment_v4_prompt_think_true_gemma4_e4b_direct_core_gold_fewshot_v5_think_ctx16384_tok16384_n237,v4_social_signal_experiment_v4_prompt_think_true_gemma4_e4b_direct_core_gold_fewshot_v5_think_ctx16384_tok16384_n237.csv,gemma4:e4b,direct_core_gold_fewshot_v5,237,8532,True,1,0.70,context,279,459,116,343,163,1.9367088607594938,0.25272331154684097,0.4157706093189964,0.3143631436314363,0.22728932267814053,0.24322550398499762,0.631578947368421,0.972972972972973,0.7659574468085106,148,228,4,84
v4_social_signal_experiment_v4_prompt_think_true_gemma4_e4b_direct_core_gold_fewshot_v5_think_ctx16384_tok16384_n237,v4_social_signal_experiment_v4_prompt_think_true_gemma4_e4b_direct_core_gold_fewshot_v5_think_ctx16384_tok16384_n237.csv,gemma4:e4b,direct_core_gold_fewshot_v5,237,8532,True,1,default,context,279,467,117,350,162,1.970464135021097,0.2505353319057816,0.41935483870967744,0.3136729222520107,0.2274020605438307,0.2446319737458978,0.631578947368421,0.972972972972973,0.7659574468085106,148,228,4,84
v4_social_signal_experiment_v4_prompt_think_true_gemma4_e4b_direct_core_gold_fewshot_v5_think_ctx16384_tok16384_n237,v4_social_signal_experiment_v4_prompt_think_true_gemma4_e4b_direct_core_gold_fewshot_v5_think_ctx16384_tok16384_n237.csv,gemma4:e4b,direct_core_gold_fewshot_v5,237,8532,True,1,0.05,context,279,467,117,350,162,1.970464135021097,0.2505353319057816,0.41935483870967744,0.3136729222520107,0.2274020605438307,0.2446319737458978,0.631578947368421,0.972972972972973,0.7659574468085106,148,228,4,84
v4_social_signal_experiment_v4_prompt_think_true_gemma4_e4b_direct_core_gold_fewshot_v5_think_ctx16384_tok16384_n237,v4_social_signal_experiment_v4_prompt_think_true_gemma4_e4b_direct_core_gold_fewshot_v5_think_ctx16384_tok16384_n237.csv,gemma4:e4b,direct_core_gold_fewshot_v5,237,8532,True,1,0.10,context,279,467,117,350,162,1.970464135021097,0.2505353319057816,0.41935483870967744,0.3136729222520107,0.2274020605438307,0.2446319737458978,0.631578947368421,0.972972972972973,0.7659574468085106,148,228,4,84
v4_social_signal_experiment_v4_prompt_think_true_gemma4_e4b_direct_core_gold_fewshot_v5_think_ctx16384_tok16384_n237,v4_social_signal_experiment_v4_prompt_think_true_gemma4_e4b_direct_core_gold_fewshot_v5_think_ctx16384_tok16384_n237.csv,gemma4:e4b,direct_core_gold_fewshot_v5,237,8532,True,1,0.15,context,279,467,117,350,162,1.970464135021097,0.2505353319057816,0.41935483870967744,0.3136729222520107,0.2274020605438307,0.2446319737458978,0.631578947368421,0.972972972972973,0.7659574468085106,148,228,4,84
v4_social_signal_experiment_v4_prompt_think_true_gemma4_e4b_direct_core_gold_fewshot_v5_think_ctx16384_tok16384_n237,v4_social_signal_experiment_v4_prompt_think_true_gemma4_e4b_direct_core_gold_fewshot_v5_think_ctx16384_tok16384_n237.csv,gemma4:e4b,direct_core_gold_fewshot_v5,237,8532,True,1,0.20,context,279,467,117,350,162,1.970464135021097,0.2505353319057816,0.41935483870967744,0.3136729222520107,0.2274020605438307,0.2446319737458978,0.631578947368421,0.972972972972973,0.7659574468085106,148,228,4,84
v4_social_signal_experiment_v4_prompt_think_true_gemma4_e4b_direct_core_gold_fewshot_v5_think_ctx16384_tok16384_n237,v4_social_signal_experiment_v4_prompt_think_true_gemma4_e4b_direct_core_gold_fewshot_v5_think_ctx16384_tok16384_n237.csv,gemma4:e4b,direct_core_gold_fewshot_v5,237,8532,True,1,0.25,context,279,467,117,350,162,1.970464135021097,0.2505353319057816,0.41935483870967744,0.3136729222520107,0.2274020605438307,0.2446319737458978,0.631578947368421,0.972972972972973,0.7659574468085106,148,228,4,84
v4_social_signal_experiment_v4_prompt_think_true_gemma4_e4b_direct_core_gold_fewshot_v5_think_ctx16384_tok16384_n237,v4_social_signal_experiment_v4_prompt_think_true_gemma4_e4b_direct_core_gold_fewshot_v5_think_ctx16384_tok16384_n237.csv,gemma4:e4b,direct_core_gold_fewshot_v5,237,8532,True,1,0.30,context,279,467,117,350,162,1.970464135021097,0.2505353319057816,0.41935483870967744,0.3136729222520107,0.2274020605438307,0.2446319737458978,0.631578947368421,0.972972972972973,0.7659574468085106,148,228,4,84
v4_social_signal_experiment_v4_prompt_think_true_gemma4_e4b_direct_core_gold_fewshot_v5_think_ctx16384_tok16384_n237,v4_social_signal_experiment_v4_prompt_think_true_gemma4_e4b_direct_core_gold_fewshot_v5_think_ctx16384_tok16384_n237.csv,gemma4:e4b,direct_core_gold_fewshot_v5,237,8532,True,1,0.35,context,279,467,117,350,162,1.970464135021097,0.2505353319057816,0.41935483870967744,0.3136729222520107,0.2274020605438307,0.2446319737458978,0.631578947368421,0.972972972972973,0.7659574468085106,148,228,4,84
v4_social_signal_experiment_v4_prompt_think_true_gemma4_e4b_direct_core_gold_fewshot_v5_think_ctx16384_tok16384_n237,v4_social_signal_experiment_v4_prompt_think_true_gemma4_e4b_direct_core_gold_fewshot_v5_think_ctx16384_tok16384_n237.csv,gemma4:e4b,direct_core_gold_fewshot_v5,237,8532,True,1,0.40,context,279,467,117,350,162,1.970464135021097,0.2505353319057816,0.41935483870967744,0.3136729222520107,0.2274020605438307,0.2446319737458978,0.631578947368421,0.972972972972973,0.7659574468085106,148,228,4,84
v4_social_signal_experiment_v4_prompt_think_true_gemma4_e4b_direct_core_gold_fewshot_v5_think_ctx16384_tok16384_n237,v4_social_signal_experiment_v4_prompt_think_true_gemma4_e4b_direct_core_gold_fewshot_v5_think_ctx16384_tok16384_n237.csv,gemma4:e4b,direct_core_gold_fewshot_v5,237,8532,True,1,0.45,context,279,467,117,350,162,1.970464135021097,0.2505353319057816,0.41935483870967744,0.3136729222520107,0.2274020605438307,0.2446319737458978,0.631578947368421,0.972972972972973,0.7659574468085106,148,228,4,84
v4_social_signal_experiment_v4_prompt_think_true_gemma4_e4b_direct_core_gold_fewshot_v5_think_ctx16384_tok16384_n237,v4_social_signal_experiment_v4_prompt_think_true_gemma4_e4b_direct_core_gold_fewshot_v5_think_ctx16384_tok16384_n237.csv,gemma4:e4b,direct_core_gold_fewshot_v5,237,8532,True,1,0.50,context,279,467,117,350,162,1.970464135021097,0.2505353319057816,0.41935483870967744,0.3136729222520107,0.2274020605438307,0.2446319737458978,0.631578947368421,0.972972972972973,0.7659574468085106,148,228,4,84
v4_social_signal_experiment_v4_prompt_think_true_gemma4_e4b_direct_core_gold_fewshot_v5_think_ctx16384_tok16384_n237,v4_social_signal_experiment_v4_prompt_think_true_gemma4_e4b_direct_core_gold_fewshot_v5_think_ctx16384_tok16384_n237.csv,gemma4:e4b,direct_core_gold_fewshot_v5,237,8532,True,1,0.55,context,279,467,117,350,162,1.970464135021097,0.2505353319057816,0.41935483870967744,0.3136729222520107,0.2274020605438307,0.2446319737458978,0.631578947368421,0.972972972972973,0.7659574468085106,148,228,4,84
v4_social_signal_experiment_v4_prompt_think_true_gemma4_e4b_direct_core_gold_fewshot_v5_think_ctx16384_tok16384_n237,v4_social_signal_experiment_v4_prompt_think_true_gemma4_e4b_direct_core_gold_fewshot_v5_think_ctx16384_tok16384_n237.csv,gemma4:e4b,direct_core_gold_fewshot_v5,237,8532,True,1,0.60,context,279,467,117,350,162,1.970464135021097,0.2505353319057816,0.41935483870967744,0.3136729222520107,0.2274020605438307,0.2446319737458978,0.631578947368421,0.972972972972973,0.7659574468085106,148,228,4,84
v4_social_signal_experiment_v4_prompt_think_true_gemma4_e4b_direct_core_clean_fewshot_v6_think_ctx16384_tok16384_n237,v4_social_signal_experiment_v4_prompt_think_true_gemma4_e4b_direct_core_clean_fewshot_v6_think_ctx16384_tok16384_n237.csv,gemma4:e4b,direct_core_clean_fewshot_v6,237,8532,True,2,default,context,279,382,98,284,181,1.6118143459915613,0.25654450261780104,0.35125448028673834,0.29652042360060515,0.20970459184314721,0.21972741276538743,0.6347826086956522,0.9864864864864865,0.7724867724867724,148,230,2,84
v4_social_signal_experiment_v4_prompt_think_true_gemma4_e4b_direct_core_clean_fewshot_v6_think_ctx16384_tok16384_n237,v4_social_signal_experiment_v4_prompt_think_true_gemma4_e4b_direct_core_clean_fewshot_v6_think_ctx16384_tok16384_n237.csv,gemma4:e4b,direct_core_clean_fewshot_v6,237,8532,True,2,0.05,context,279,382,98,284,181,1.6118143459915613,0.25654450261780104,0.35125448028673834,0.29652042360060515,0.20970459184314721,0.21972741276538743,0.6347826086956522,0.9864864864864865,0.7724867724867724,148,230,2,84
v4_social_signal_experiment_v4_prompt_think_true_gemma4_e4b_direct_core_clean_fewshot_v6_think_ctx16384_tok16384_n237,v4_social_signal_experiment_v4_prompt_think_true_gemma4_e4b_direct_core_clean_fewshot_v6_think_ctx16384_tok16384_n237.csv,gemma4:e4b,direct_core_clean_fewshot_v6,237,8532,True,2,0.10,context,279,382,98,284,181,1.6118143459915613,0.25654450261780104,0.35125448028673834,0.29652042360060515,0.20970459184314721,0.21972741276538743,0.6347826086956522,0.9864864864864865,0.7724867724867724,148,230,2,84
v4_social_signal_experiment_v4_prompt_think_true_gemma4_e4b_direct_core_clean_fewshot_v6_think_ctx16384_tok16384_n237,v4_social_signal_experiment_v4_prompt_think_true_gemma4_e4b_direct_core_clean_fewshot_v6_think_ctx16384_tok16384_n237.csv,gemma4:e4b,direct_core_clean_fewshot_v6,237,8532,True,2,0.15,context,279,382,98,284,181,1.6118143459915613,0.25654450261780104,0.35125448028673834,0.29652042360060515,0.20970459184314721,0.21972741276538743,0.6347826086956522,0.9864864864864865,0.7724867724867724,148,230,2,84
v4_social_signal_experiment_v4_prompt_think_true_gemma4_e4b_direct_core_clean_fewshot_v6_think_ctx16384_tok16384_n237,v4_social_signal_experiment_v4_prompt_think_true_gemma4_e4b_direct_core_clean_fewshot_v6_think_ctx16384_tok16384_n237.csv,gemma4:e4b,direct_core_clean_fewshot_v6,237,8532,True,2,0.20,context,279,382,98,284,181,1.6118143459915613,0.25654450261780104,0.35125448028673834,0.29652042360060515,0.20970459184314721,0.21972741276538743,0.6347826086956522,0.9864864864864865,0.7724867724867724,148,230,2,84
v4_social_signal_experiment_v4_prompt_think_true_gemma4_e4b_direct_core_clean_fewshot_v6_think_ctx16384_tok16384_n237,v4_social_signal_experiment_v4_prompt_think_true_gemma4_e4b_direct_core_clean_fewshot_v6_think_ctx16384_tok16384_n237.csv,gemma4:e4b,direct_core_clean_fewshot_v6,237,8532,True,2,0.25,context,279,382,98,284,181,1.6118143459915613,0.25654450261780104,0.35125448028673834,0.29652042360060515,0.20970459184314721,0.21972741276538743,0.6347826086956522,0.9864864864864865,0.7724867724867724,148,230,2,84
v4_social_signal_experiment_v4_prompt_think_true_gemma4_e4b_direct_core_clean_fewshot_v6_think_ctx16384_tok16384_n237,v4_social_signal_experiment_v4_prompt_think_true_gemma4_e4b_direct_core_clean_fewshot_v6_think_ctx16384_tok16384_n237.csv,gemma4:e4b,direct_core_clean_fewshot_v6,237,8532,True,2,0.30,context,279,382,98,284,181,1.6118143459915613,0.25654450261780104,0.35125448028673834,0.29652042360060515,0.20970459184314721,0.21972741276538743,0.6347826086956522,0.9864864864864865,0.7724867724867724,148,230,2,84
v4_social_signal_experiment_v4_prompt_think_true_gemma4_e4b_direct_core_clean_fewshot_v6_think_ctx16384_tok16384_n237,v4_social_signal_experiment_v4_prompt_think_true_gemma4_e4b_direct_core_clean_fewshot_v6_think_ctx16384_tok16384_n237.csv,gemma4:e4b,direct_core_clean_fewshot_v6,237,8532,True,2,0.35,context,279,382,98,284,181,1.6118143459915613,0.25654450261780104,0.35125448028673834,0.29652042360060515,0.20970459184314721,0.21972741276538743,0.6347826086956522,0.9864864864864865,0.7724867724867724,148,230,2,84
v4_social_signal_experiment_v4_prompt_think_true_gemma4_e4b_direct_core_clean_fewshot_v6_think_ctx16384_tok16384_n237,v4_social_signal_experiment_v4_prompt_think_true_gemma4_e4b_direct_core_clean_fewshot_v6_think_ctx16384_tok16384_n237.csv,gemma4:e4b,direct_core_clean_fewshot_v6,237,8532,True,2,0.40,context,279,382,98,284,181,1.6118143459915613,0.25654450261780104,0.35125448028673834,0.29652042360060515,0.20970459184314721,0.21972741276538743,0.6347826086956522,0.9864864864864865,0.7724867724867724,148,230,2,84
v4_social_signal_experiment_v4_prompt_think_true_gemma4_e4b_direct_core_clean_fewshot_v6_think_ctx16384_tok16384_n237,v4_social_signal_experiment_v4_prompt_think_true_gemma4_e4b_direct_core_clean_fewshot_v6_think_ctx16384_tok16384_n237.csv,gemma4:e4b,direct_core_clean_fewshot_v6,237,8532,True,2,0.45,context,279,382,98,284,181,1.6118143459915613,0.25654450261780104,0.35125448028673834,0.29652042360060515,0.20970459184314721,0.21972741276538743,0.6347826086956522,0.9864864864864865,0.7724867724867724,148,230,2,84
v4_social_signal_experiment_v4_prompt_think_true_gemma4_e4b_direct_core_clean_fewshot_v6_think_ctx16384_tok16384_n237,v4_social_signal_experiment_v4_prompt_think_true_gemma4_e4b_direct_core_clean_fewshot_v6_think_ctx16384_tok16384_n237.csv,gemma4:e4b,direct_core_clean_fewshot_v6,237,8532,True,2,0.50,context,279,382,98,284,181,1.6118143459915613,0.25654450261780104,0.35125448028673834,0.29652042360060515,0.20970459184314721,0.21972741276538743,0.6347826086956522,0.9864864864864865,0.7724867724867724,148,230,2,84
v4_social_signal_experiment_v4_prompt_think_true_gemma4_e4b_direct_core_clean_fewshot_v6_think_ctx16384_tok16384_n237,v4_social_signal_experiment_v4_prompt_think_true_gemma4_e4b_direct_core_clean_fewshot_v6_think_ctx16384_tok16384_n237.csv,gemma4:e4b,direct_core_clean_fewshot_v6,237,8532,True,2,0.55,context,279,382,98,284,181,1.6118143459915613,0.25654450261780104,0.35125448028673834,0.29652042360060515,0.20970459184314721,0.21972741276538743,0.6347826086956522,0.9864864864864865,0.7724867724867724,148,230,2,84
v4_social_signal_experiment_v4_prompt_think_true_gemma4_e4b_direct_core_clean_fewshot_v6_think_ctx16384_tok16384_n237,v4_social_signal_experiment_v4_prompt_think_true_gemma4_e4b_direct_core_clean_fewshot_v6_think_ctx16384_tok16384_n237.csv,gemma4:e4b,direct_core_clean_fewshot_v6,237,8532,True,2,0.60,context,279,382,98,284,181,1.6118143459915613,0.25654450261780104,0.35125448028673834,0.29652042360060515,0.20970459184314721,0.21972741276538743,0.6347826086956522,0.9864864864864865,0.7724867724867724,148,230,2,84
v4_social_signal_experiment_v4_prompt_think_true_gemma4_e4b_direct_core_clean_fewshot_v6_think_ctx16384_tok16384_n237,v4_social_signal_experiment_v4_prompt_think_true_gemma4_e4b_direct_core_clean_fewshot_v6_think_ctx16384_tok16384_n237.csv,gemma4:e4b,direct_core_clean_fewshot_v6,237,8532,True,2,0.65,context,279,380,96,284,183,1.6033755274261603,0.25263157894736843,0.34408602150537637,0.291350531107739,0.20727551549844073,0.2141015337217869,0.6347826086956522,0.9864864864864865,0.7724867724867724,148,230,2,84
v4_social_signal_experiment_v4_prompt_think_true_gemma4_e4b_direct_core_clean_fewshot_v6_think_ctx16384_tok16384_n237,v4_social_signal_experiment_v4_prompt_think_true_gemma4_e4b_direct_core_clean_fewshot_v6_think_ctx16384_tok16384_n237.csv,gemma4:e4b,direct_core_clean_fewshot_v6,237,8532,True,2,0.70,context,279,380,96,284,183,1.6033755274261603,0.25263157894736843,0.34408602150537637,0.291350531107739,0.20727551549844073,0.2141015337217869,0.6347826086956522,0.9864864864864865,0.7724867724867724,148,230,2,84
v4_social_signal_experiment_v4_prompt_think_true_gemma4_e4b_direct_core_balanced_v8_think_ctx16384_tok16384_n237,v4_social_signal_experiment_v4_prompt_think_true_gemma4_e4b_direct_core_balanced_v8_think_ctx16384_tok16384_n237.csv,gemma4:e4b,direct_core_balanced_v8,237,8532,True,2,default,context,279,371,92,279,187,1.5654008438818565,0.24797843665768193,0.32974910394265233,0.28307692307692306,0.198655796976439,0.22676980778246603,0.6380090497737556,0.9527027027027027,0.7642276422764228,148,221,7,80
v4_social_signal_experiment_v4_prompt_think_true_gemma4_e4b_direct_core_balanced_v8_think_ctx16384_tok16384_n237,v4_social_signal_experiment_v4_prompt_think_true_gemma4_e4b_direct_core_balanced_v8_think_ctx16384_tok16384_n237.csv,gemma4:e4b,direct_core_balanced_v8,237,8532,True,2,0.05,context,279,371,92,279,187,1.5654008438818565,0.24797843665768193,0.32974910394265233,0.28307692307692306,0.198655796976439,0.22676980778246603,0.6380090497737556,0.9527027027027027,0.7642276422764228,148,221,7,80
v4_social_signal_experiment_v4_prompt_think_true_gemma4_e4b_direct_core_balanced_v8_think_ctx16384_tok16384_n237,v4_social_signal_experiment_v4_prompt_think_true_gemma4_e4b_direct_core_balanced_v8_think_ctx16384_tok16384_n237.csv,gemma4:e4b,direct_core_balanced_v8,237,8532,True,2,0.10,context,279,371,92,279,187,1.5654008438818565,0.24797843665768193,0.32974910394265233,0.28307692307692306,0.198655796976439,0.22676980778246603,0.6380090497737556,0.9527027027027027,0.7642276422764228,148,221,7,80
v4_social_signal_experiment_v4_prompt_think_true_gemma4_e4b_direct_core_balanced_v8_think_ctx16384_tok16384_n237,v4_social_signal_experiment_v4_prompt_think_true_gemma4_e4b_direct_core_balanced_v8_think_ctx16384_tok16384_n237.csv,gemma4:e4b,direct_core_balanced_v8,237,8532,True,2,0.15,context,279,371,92,279,187,1.5654008438818565,0.24797843665768193,0.32974910394265233,0.28307692307692306,0.198655796976439,0.22676980778246603,0.6380090497737556,0.9527027027027027,0.7642276422764228,148,221,7,80
v4_social_signal_experiment_v4_prompt_think_true_gemma4_e4b_direct_core_balanced_v8_think_ctx16384_tok16384_n237,v4_social_signal_experiment_v4_prompt_think_true_gemma4_e4b_direct_core_balanced_v8_think_ctx16384_tok16384_n237.csv,gemma4:e4b,direct_core_balanced_v8,237,8532,True,2,0.20,context,279,371,92,279,187,1.5654008438818565,0.24797843665768193,0.32974910394265233,0.28307692307692306,0.198655796976439,0.22676980778246603,0.6380090497737556,0.9527027027027027,0.7642276422764228,148,221,7,80
v4_social_signal_experiment_v4_prompt_think_true_gemma4_e4b_direct_core_balanced_v8_think_ctx16384_tok16384_n237,v4_social_signal_experiment_v4_prompt_think_true_gemma4_e4b_direct_core_balanced_v8_think_ctx16384_tok16384_n237.csv,gemma4:e4b,direct_core_balanced_v8,237,8532,True,2,0.25,context,279,371,92,279,187,1.5654008438818565,0.24797843665768193,0.32974910394265233,0.28307692307692306,0.198655796976439,0.22676980778246603,0.6380090497737556,0.9527027027027027,0.7642276422764228,148,221,7,80
v4_social_signal_experiment_v4_prompt_think_true_gemma4_e4b_direct_core_balanced_v8_think_ctx16384_tok16384_n237,v4_social_signal_experiment_v4_prompt_think_true_gemma4_e4b_direct_core_balanced_v8_think_ctx16384_tok16384_n237.csv,gemma4:e4b,direct_core_balanced_v8,237,8532,True,2,0.30,context,279,371,92,279,187,1.5654008438818565,0.24797843665768193,0.32974910394265233,0.28307692307692306,0.198655796976439,0.22676980778246603,0.6380090497737556,0.9527027027027027,0.7642276422764228,148,221,7,80
v4_social_signal_experiment_v4_prompt_think_true_gemma4_e4b_direct_core_balanced_v8_think_ctx16384_tok16384_n237,v4_social_signal_experiment_v4_prompt_think_true_gemma4_e4b_direct_core_balanced_v8_think_ctx16384_tok16384_n237.csv,gemma4:e4b,direct_core_balanced_v8,237,8532,True,2,0.35,context,279,371,92,279,187,1.5654008438818565,0.24797843665768193,0.32974910394265233,0.28307692307692306,0.198655796976439,0.22676980778246603,0.6380090497737556,0.9527027027027027,0.7642276422764228,148,221,7,80
v4_social_signal_experiment_v4_prompt_think_true_gemma4_e4b_direct_core_balanced_v8_think_ctx16384_tok16384_n237,v4_social_signal_experiment_v4_prompt_think_true_gemma4_e4b_direct_core_balanced_v8_think_ctx16384_tok16384_n237.csv,gemma4:e4b,direct_core_balanced_v8,237,8532,True,2,0.40,context,279,371,92,279,187,1.5654008438818565,0.24797843665768193,0.32974910394265233,0.28307692307692306,0.198655796976439,0.22676980778246603,0.6380090497737556,0.9527027027027027,0.7642276422764228,148,221,7,80
v4_social_signal_experiment_v4_prompt_think_true_gemma4_e4b_direct_core_balanced_v8_think_ctx16384_tok16384_n237,v4_social_signal_experiment_v4_prompt_think_true_gemma4_e4b_direct_core_balanced_v8_think_ctx16384_tok16384_n237.csv,gemma4:e4b,direct_core_balanced_v8,237,8532,True,2,0.45,context,279,371,92,279,187,1.5654008438818565,0.24797843665768193,0.32974910394265233,0.28307692307692306,0.198655796976439,0.22676980778246603,0.6380090497737556,0.9527027027027027,0.7642276422764228,148,221,7,80
v4_social_signal_experiment_v4_prompt_think_true_gemma4_e4b_direct_core_balanced_v8_think_ctx16384_tok16384_n237,v4_social_signal_experiment_v4_prompt_think_true_gemma4_e4b_direct_core_balanced_v8_think_ctx16384_tok16384_n237.csv,gemma4:e4b,direct_core_balanced_v8,237,8532,True,2,0.50,context,279,371,92,279,187,1.5654008438818565,0.24797843665768193,0.32974910394265233,0.28307692307692306,0.198655796976439,0.22676980778246603,0.6380090497737556,0.9527027027027027,0.7642276422764228,148,221,7,80
v4_social_signal_experiment_v4_prompt_think_true_gemma4_e4b_direct_core_balanced_v8_think_ctx16384_tok16384_n237,v4_social_signal_experiment_v4_prompt_think_true_gemma4_e4b_direct_core_balanced_v8_think_ctx16384_tok16384_n237.csv,gemma4:e4b,direct_core_balanced_v8,237,8532,True,2,0.55,context,279,371,92,279,187,1.5654008438818565,0.24797843665768193,0.32974910394265233,0.28307692307692306,0.198655796976439,0.22676980778246603,0.6380090497737556,0.9527027027027027,0.7642276422764228,148,221,7,80
v4_social_signal_experiment_v4_prompt_think_true_gemma4_e4b_direct_core_balanced_v8_think_ctx16384_tok16384_n237,v4_social_signal_experiment_v4_prompt_think_true_gemma4_e4b_direct_core_balanced_v8_think_ctx16384_tok16384_n237.csv,gemma4:e4b,direct_core_balanced_v8,237,8532,True,2,0.60,context,279,371,92,279,187,1.5654008438818565,0.24797843665768193,0.32974910394265233,0.28307692307692306,0.198655796976439,0.22676980778246603,0.6380090497737556,0.9527027027027027,0.7642276422764228,148,221,7,80
v4_social_signal_experiment_v4_prompt_think_true_gemma4_e4b_direct_core_balanced_v8_think_ctx16384_tok16384_n237,v4_social_signal_experiment_v4_prompt_think_true_gemma4_e4b_direct_core_balanced_v8_think_ctx16384_tok16384_n237.csv,gemma4:e4b,direct_core_balanced_v8,237,8532,True,2,0.65,context,279,367,91,276,188,1.5485232067510548,0.24795640326975477,0.32616487455197135,0.28173374613003094,0.19902607518329352,0.22395686826066574,0.6380090497737556,0.9527027027027027,0.7642276422764228,148,221,7,80
v4_social_signal_experiment_v4_prompt_think_true_gemma4_e4b_direct_core_balanced_v8_think_ctx16384_tok16384_n237,v4_social_signal_experiment_v4_prompt_think_true_gemma4_e4b_direct_core_balanced_v8_think_ctx16384_tok16384_n237.csv,gemma4:e4b,direct_core_balanced_v8,237,8532,True,2,0.70,context,279,367,91,276,188,1.5485232067510548,0.24795640326975477,0.32616487455197135,0.28173374613003094,0.19902607518329352,0.22395686826066574,0.6380090497737556,0.9527027027027027,0.7642276422764228,148,221,7,80
v4_social_signal_experiment_v4_prompt_think_true_gemma4_e4b_gold_mimic_broad_v1_think_ctx16384_tok16384_n237,v4_social_signal_experiment_v4_prompt_think_true_gemma4_e4b_gold_mimic_broad_v1_think_ctx16384_tok16384_n237.csv,gemma4:e4b,gold_mimic_broad_v1,237,8532,True,3,default,context,279,464,104,360,175,1.9578059071729959,0.22413793103448276,0.3727598566308244,0.27994616419919244,0.2546030101959477,0.19933694996986134,0.6239316239316239,0.9864864864864865,0.7643979057591623,148,234,2,88
v4_social_signal_experiment_v4_prompt_think_true_gemma4_e4b_gold_mimic_broad_v1_think_ctx16384_tok16384_n237,v4_social_signal_experiment_v4_prompt_think_true_gemma4_e4b_gold_mimic_broad_v1_think_ctx16384_tok16384_n237.csv,gemma4:e4b,gold_mimic_broad_v1,237,8532,True,3,0.05,context,279,464,104,360,175,1.9578059071729959,0.22413793103448276,0.3727598566308244,0.27994616419919244,0.2546030101959477,0.19933694996986134,0.6239316239316239,0.9864864864864865,0.7643979057591623,148,234,2,88
v4_social_signal_experiment_v4_prompt_think_true_gemma4_e4b_gold_mimic_broad_v1_think_ctx16384_tok16384_n237,v4_social_signal_experiment_v4_prompt_think_true_gemma4_e4b_gold_mimic_broad_v1_think_ctx16384_tok16384_n237.csv,gemma4:e4b,gold_mimic_broad_v1,237,8532,True,3,0.10,context,279,464,104,360,175,1.9578059071729959,0.22413793103448276,0.3727598566308244,0.27994616419919244,0.2546030101959477,0.19933694996986134,0.6239316239316239,0.9864864864864865,0.7643979057591623,148,234,2,88
v4_social_signal_experiment_v4_prompt_think_true_gemma4_e4b_gold_mimic_broad_v1_think_ctx16384_tok16384_n237,v4_social_signal_experiment_v4_prompt_think_true_gemma4_e4b_gold_mimic_broad_v1_think_ctx16384_tok16384_n237.csv,gemma4:e4b,gold_mimic_broad_v1,237,8532,True,3,0.15,context,279,464,104,360,175,1.9578059071729959,0.22413793103448276,0.3727598566308244,0.27994616419919244,0.2546030101959477,0.19933694996986134,0.6239316239316239,0.9864864864864865,0.7643979057591623,148,234,2,88
v4_social_signal_experiment_v4_prompt_think_true_gemma4_e4b_gold_mimic_broad_v1_think_ctx16384_tok16384_n237,v4_social_signal_experiment_v4_prompt_think_true_gemma4_e4b_gold_mimic_broad_v1_think_ctx16384_tok16384_n237.csv,gemma4:e4b,gold_mimic_broad_v1,237,8532,True,3,0.20,context,279,464,104,360,175,1.9578059071729959,0.22413793103448276,0.3727598566308244,0.27994616419919244,0.2546030101959477,0.19933694996986134,0.6239316239316239,0.9864864864864865,0.7643979057591623,148,234,2,88
v4_social_signal_experiment_v4_prompt_think_true_gemma4_e4b_gold_mimic_broad_v1_think_ctx16384_tok16384_n237,v4_social_signal_experiment_v4_prompt_think_true_gemma4_e4b_gold_mimic_broad_v1_think_ctx16384_tok16384_n237.csv,gemma4:e4b,gold_mimic_broad_v1,237,8532,True,3,0.25,context,279,464,104,360,175,1.9578059071729959,0.22413793103448276,0.3727598566308244,0.27994616419919244,0.2546030101959477,0.19933694996986134,0.6239316239316239,0.9864864864864865,0.7643979057591623,148,234,2,88
v4_social_signal_experiment_v4_prompt_think_true_gemma4_e4b_gold_mimic_broad_v1_think_ctx16384_tok16384_n237,v4_social_signal_experiment_v4_prompt_think_true_gemma4_e4b_gold_mimic_broad_v1_think_ctx16384_tok16384_n237.csv,gemma4:e4b,gold_mimic_broad_v1,237,8532,True,3,0.30,context,279,464,104,360,175,1.9578059071729959,0.22413793103448276,0.3727598566308244,0.27994616419919244,0.2546030101959477,0.19933694996986134,0.6239316239316239,0.9864864864864865,0.7643979057591623,148,234,2,88
v4_social_signal_experiment_v4_prompt_think_true_gemma4_e4b_gold_mimic_broad_v1_think_ctx16384_tok16384_n237,v4_social_signal_experiment_v4_prompt_think_true_gemma4_e4b_gold_mimic_broad_v1_think_ctx16384_tok16384_n237.csv,gemma4:e4b,gold_mimic_broad_v1,237,8532,True,3,0.35,context,279,464,104,360,175,1.9578059071729959,0.22413793103448276,0.3727598566308244,0.27994616419919244,0.2546030101959477,0.19933694996986134,0.6239316239316239,0.9864864864864865,0.7643979057591623,148,234,2,88
v4_social_signal_experiment_v4_prompt_think_true_gemma4_e4b_gold_mimic_broad_v1_think_ctx16384_tok16384_n237,v4_social_signal_experiment_v4_prompt_think_true_gemma4_e4b_gold_mimic_broad_v1_think_ctx16384_tok16384_n237.csv,gemma4:e4b,gold_mimic_broad_v1,237,8532,True,3,0.40,context,279,464,104,360,175,1.9578059071729959,0.22413793103448276,0.3727598566308244,0.27994616419919244,0.2546030101959477,0.19933694996986134,0.6239316239316239,0.9864864864864865,0.7643979057591623,148,234,2,88
v4_social_signal_experiment_v4_prompt_think_true_gemma4_e4b_gold_mimic_broad_v1_think_ctx16384_tok16384_n237,v4_social_signal_experiment_v4_prompt_think_true_gemma4_e4b_gold_mimic_broad_v1_think_ctx16384_tok16384_n237.csv,gemma4:e4b,gold_mimic_broad_v1,237,8532,True,3,0.45,context,279,464,104,360,175,1.9578059071729959,0.22413793103448276,0.3727598566308244,0.27994616419919244,0.2546030101959477,0.19933694996986134,0.6239316239316239,0.9864864864864865,0.7643979057591623,148,234,2,88
v4_social_signal_experiment_v4_prompt_think_true_gemma4_e4b_gold_mimic_broad_v1_think_ctx16384_tok16384_n237,v4_social_signal_experiment_v4_prompt_think_true_gemma4_e4b_gold_mimic_broad_v1_think_ctx16384_tok16384_n237.csv,gemma4:e4b,gold_mimic_broad_v1,237,8532,True,3,0.50,context,279,464,104,360,175,1.9578059071729959,0.22413793103448276,0.3727598566308244,0.27994616419919244,0.2546030101959477,0.19933694996986134,0.6239316239316239,0.9864864864864865,0.7643979057591623,148,234,2,88
v4_social_signal_experiment_v4_prompt_think_true_gemma4_e4b_gold_mimic_broad_v1_think_ctx16384_tok16384_n237,v4_social_signal_experiment_v4_prompt_think_true_gemma4_e4b_gold_mimic_broad_v1_think_ctx16384_tok16384_n237.csv,gemma4:e4b,gold_mimic_broad_v1,237,8532,True,3,0.55,context,279,464,104,360,175,1.9578059071729959,0.22413793103448276,0.3727598566308244,0.27994616419919244,0.2546030101959477,0.19933694996986134,0.6239316239316239,0.9864864864864865,0.7643979057591623,148,234,2,88
v4_social_signal_experiment_v4_prompt_think_true_gemma4_e4b_gold_mimic_broad_v1_think_ctx16384_tok16384_n237,v4_social_signal_experiment_v4_prompt_think_true_gemma4_e4b_gold_mimic_broad_v1_think_ctx16384_tok16384_n237.csv,gemma4:e4b,gold_mimic_broad_v1,237,8532,True,3,0.60,context,279,464,104,360,175,1.9578059071729959,0.22413793103448276,0.3727598566308244,0.27994616419919244,0.2546030101959477,0.19933694996986134,0.6239316239316239,0.9864864864864865,0.7643979057591623,148,234,2,88
v4_social_signal_experiment_v4_prompt_think_true_gemma4_e4b_gold_mimic_broad_v1_think_ctx16384_tok16384_n237,v4_social_signal_experiment_v4_prompt_think_true_gemma4_e4b_gold_mimic_broad_v1_think_ctx16384_tok16384_n237.csv,gemma4:e4b,gold_mimic_broad_v1,237,8532,True,3,0.65,context,279,464,104,360,175,1.9578059071729959,0.22413793103448276,0.3727598566308244,0.27994616419919244,0.2546030101959477,0.19933694996986134,0.6239316239316239,0.9864864864864865,0.7643979057591623,148,234,2,88
v4_social_signal_experiment_v4_prompt_think_true_gemma4_e4b_gold_mimic_broad_v1_think_ctx16384_tok16384_n237,v4_social_signal_experiment_v4_prompt_think_true_gemma4_e4b_gold_mimic_broad_v1_think_ctx16384_tok16384_n237.csv,gemma4:e4b,gold_mimic_broad_v1,237,8532,True,3,0.70,context,279,464,104,360,175,1.9578059071729959,0.22413793103448276,0.3727598566308244,0.27994616419919244,0.2546030101959477,0.19933694996986134,0.6239316239316239,0.9864864864864865,0.7643979057591623,148,234,2,88
v4_social_signal_experiment_v4_prompt_think_true_gemma4_e4b_direct_core_gold_fewshot_v5_think_ctx16384_tok16384_n237,v4_social_signal_experiment_v4_prompt_think_true_gemma4_e4b_direct_core_gold_fewshot_v5_think_ctx16384_tok16384_n237.csv,gemma4:e4b,direct_core_gold_fewshot_v5,237,8532,True,1,0.80,context,279,327,84,243,195,1.379746835443038,0.25688073394495414,0.3010752688172043,0.27722772277227725,0.21559665526089056,0.2652869868059741,0.6510416666666666,0.8445945945945946,0.7352941176470589,148,192,23,67
v4_social_signal_experiment_v4_prompt_think_true_gemma4_e4b_gold_mimic_broad_v1_think_ctx16384_tok16384_n237,v4_social_signal_experiment_v4_prompt_think_true_gemma4_e4b_gold_mimic_broad_v1_think_ctx16384_tok16384_n237.csv,gemma4:e4b,gold_mimic_broad_v1,237,8532,True,3,0.80,context,279,395,92,303,187,1.6666666666666667,0.23291139240506328,0.32974910394265233,0.27299703264094954,0.23078818769647938,0.22492465340566606,0.639269406392694,0.9459459459459459,0.7629427792915532,148,219,8,79
v4_social_signal_experiment_v4_prompt_think_true_gemma4_e4b_gold_mimic_broad_v1_think_ctx16384_tok16384_n237,v4_social_signal_experiment_v4_prompt_think_true_gemma4_e4b_gold_mimic_broad_v1_think_ctx16384_tok16384_n237.csv,gemma4:e4b,gold_mimic_broad_v1,237,8532,True,3,0.75,context,279,446,98,348,181,1.8818565400843883,0.21973094170403587,0.35125448028673834,0.27034482758620687,0.24880742725457158,0.19270644966847497,0.6239316239316239,0.9864864864864865,0.7643979057591623,148,234,2,88
v4_social_signal_experiment_v4_prompt_think_true_gemma4_e4b_direct_core_balanced_v8_think_ctx16384_tok16384_n237,v4_social_signal_experiment_v4_prompt_think_true_gemma4_e4b_direct_core_balanced_v8_think_ctx16384_tok16384_n237.csv,gemma4:e4b,direct_core_balanced_v8,237,8532,True,2,0.75,context,279,341,80,261,199,1.4388185654008439,0.23460410557184752,0.2867383512544803,0.25806451612903225,0.15810396527092183,0.2178889558636394,0.6376146788990825,0.9391891891891891,0.7595628415300546,148,218,9,79
v4_social_signal_experiment_v4_prompt_think_true_gemma4_e4b_direct_core_clean_fewshot_v6_think_ctx16384_tok16384_n237,v4_social_signal_experiment_v4_prompt_think_true_gemma4_e4b_direct_core_clean_fewshot_v6_think_ctx16384_tok16384_n237.csv,gemma4:e4b,direct_core_clean_fewshot_v6,237,8532,True,2,0.75,context,279,298,73,225,206,1.2573839662447257,0.24496644295302014,0.2616487455197133,0.2530329289428076,0.1649340504307745,0.24348670551202195,0.6436170212765957,0.8175675675675675,0.7202380952380952,148,188,27,67
v4_social_signal_experiment_v4_prompt_think_true_gemma4_e4b_direct_core_gold_calibrated_v4_think_ctx16384_tok16384_n237,v4_social_signal_experiment_v4_prompt_think_true_gemma4_e4b_direct_core_gold_calibrated_v4_think_ctx16384_tok16384_n237.csv,gemma4:e4b,direct_core_gold_calibrated_v4,237,8532,True,0,0.70,context,279,350,79,271,200,1.4767932489451476,0.2257142857142857,0.2831541218637993,0.25119236883942764,0.20870480788607595,0.1888386578259996,0.6343612334801763,0.972972972972973,0.768,148,227,4,83
v4_social_signal_experiment_v4_prompt_think_true_gemma4_e4b_direct_core_gold_calibrated_v4_think_ctx16384_tok16384_n237,v4_social_signal_experiment_v4_prompt_think_true_gemma4_e4b_direct_core_gold_calibrated_v4_think_ctx16384_tok16384_n237.csv,gemma4:e4b,direct_core_gold_calibrated_v4,237,8532,True,0,0.65,context,279,351,79,272,200,1.481012658227848,0.22507122507122507,0.2831541218637993,0.2507936507936508,0.20789080707207516,0.1888386578259996,0.6343612334801763,0.972972972972973,0.768,148,227,4,83
v4_social_signal_experiment_v4_prompt_think_true_gemma4_e4b_direct_core_gold_calibrated_v4_think_ctx16384_tok16384_n237,v4_social_signal_experiment_v4_prompt_think_true_gemma4_e4b_direct_core_gold_calibrated_v4_think_ctx16384_tok16384_n237.csv,gemma4:e4b,direct_core_gold_calibrated_v4,237,8532,True,0,default,context,279,360,80,280,199,1.518987341772152,0.2222222222222222,0.2867383512544803,0.25039123630672927,0.20641995009380978,0.18421740004018483,0.6347826086956522,0.9864864864864865,0.7724867724867724,148,230,2,84
v4_social_signal_experiment_v4_prompt_think_true_gemma4_e4b_direct_core_gold_calibrated_v4_think_ctx16384_tok16384_n237,v4_social_signal_experiment_v4_prompt_think_true_gemma4_e4b_direct_core_gold_calibrated_v4_think_ctx16384_tok16384_n237.csv,gemma4:e4b,direct_core_gold_calibrated_v4,237,8532,True,0,0.05,context,279,360,80,280,199,1.518987341772152,0.2222222222222222,0.2867383512544803,0.25039123630672927,0.20641995009380978,0.18421740004018483,0.6347826086956522,0.9864864864864865,0.7724867724867724,148,230,2,84
v4_social_signal_experiment_v4_prompt_think_true_gemma4_e4b_direct_core_gold_calibrated_v4_think_ctx16384_tok16384_n237,v4_social_signal_experiment_v4_prompt_think_true_gemma4_e4b_direct_core_gold_calibrated_v4_think_ctx16384_tok16384_n237.csv,gemma4:e4b,direct_core_gold_calibrated_v4,237,8532,True,0,0.10,context,279,360,80,280,199,1.518987341772152,0.2222222222222222,0.2867383512544803,0.25039123630672927,0.20641995009380978,0.18421740004018483,0.6347826086956522,0.9864864864864865,0.7724867724867724,148,230,2,84
v4_social_signal_experiment_v4_prompt_think_true_gemma4_e4b_direct_core_gold_calibrated_v4_think_ctx16384_tok16384_n237,v4_social_signal_experiment_v4_prompt_think_true_gemma4_e4b_direct_core_gold_calibrated_v4_think_ctx16384_tok16384_n237.csv,gemma4:e4b,direct_core_gold_calibrated_v4,237,8532,True,0,0.15,context,279,360,80,280,199,1.518987341772152,0.2222222222222222,0.2867383512544803,0.25039123630672927,0.20641995009380978,0.18421740004018483,0.6347826086956522,0.9864864864864865,0.7724867724867724,148,230,2,84
v4_social_signal_experiment_v4_prompt_think_true_gemma4_e4b_direct_core_gold_calibrated_v4_think_ctx16384_tok16384_n237,v4_social_signal_experiment_v4_prompt_think_true_gemma4_e4b_direct_core_gold_calibrated_v4_think_ctx16384_tok16384_n237.csv,gemma4:e4b,direct_core_gold_calibrated_v4,237,8532,True,0,0.20,context,279,360,80,280,199,1.518987341772152,0.2222222222222222,0.2867383512544803,0.25039123630672927,0.20641995009380978,0.18421740004018483,0.6347826086956522,0.9864864864864865,0.7724867724867724,148,230,2,84
v4_social_signal_experiment_v4_prompt_think_true_gemma4_e4b_direct_core_gold_calibrated_v4_think_ctx16384_tok16384_n237,v4_social_signal_experiment_v4_prompt_think_true_gemma4_e4b_direct_core_gold_calibrated_v4_think_ctx16384_tok16384_n237.csv,gemma4:e4b,direct_core_gold_calibrated_v4,237,8532,True,0,0.25,context,279,360,80,280,199,1.518987341772152,0.2222222222222222,0.2867383512544803,0.25039123630672927,0.20641995009380978,0.18421740004018483,0.6347826086956522,0.9864864864864865,0.7724867724867724,148,230,2,84
v4_social_signal_experiment_v4_prompt_think_true_gemma4_e4b_direct_core_gold_calibrated_v4_think_ctx16384_tok16384_n237,v4_social_signal_experiment_v4_prompt_think_true_gemma4_e4b_direct_core_gold_calibrated_v4_think_ctx16384_tok16384_n237.csv,gemma4:e4b,direct_core_gold_calibrated_v4,237,8532,True,0,0.30,context,279,360,80,280,199,1.518987341772152,0.2222222222222222,0.2867383512544803,0.25039123630672927,0.20641995009380978,0.18421740004018483,0.6347826086956522,0.9864864864864865,0.7724867724867724,148,230,2,84
v4_social_signal_experiment_v4_prompt_think_true_gemma4_e4b_direct_core_gold_calibrated_v4_think_ctx16384_tok16384_n237,v4_social_signal_experiment_v4_prompt_think_true_gemma4_e4b_direct_core_gold_calibrated_v4_think_ctx16384_tok16384_n237.csv,gemma4:e4b,direct_core_gold_calibrated_v4,237,8532,True,0,0.35,context,279,360,80,280,199,1.518987341772152,0.2222222222222222,0.2867383512544803,0.25039123630672927,0.20641995009380978,0.18421740004018483,0.6347826086956522,0.9864864864864865,0.7724867724867724,148,230,2,84
v4_social_signal_experiment_v4_prompt_think_true_gemma4_e4b_direct_core_gold_calibrated_v4_think_ctx16384_tok16384_n237,v4_social_signal_experiment_v4_prompt_think_true_gemma4_e4b_direct_core_gold_calibrated_v4_think_ctx16384_tok16384_n237.csv,gemma4:e4b,direct_core_gold_calibrated_v4,237,8532,True,0,0.40,context,279,360,80,280,199,1.518987341772152,0.2222222222222222,0.2867383512544803,0.25039123630672927,0.20641995009380978,0.18421740004018483,0.6347826086956522,0.9864864864864865,0.7724867724867724,148,230,2,84
v4_social_signal_experiment_v4_prompt_think_true_gemma4_e4b_direct_core_gold_calibrated_v4_think_ctx16384_tok16384_n237,v4_social_signal_experiment_v4_prompt_think_true_gemma4_e4b_direct_core_gold_calibrated_v4_think_ctx16384_tok16384_n237.csv,gemma4:e4b,direct_core_gold_calibrated_v4,237,8532,True,0,0.45,context,279,360,80,280,199,1.518987341772152,0.2222222222222222,0.2867383512544803,0.25039123630672927,0.20641995009380978,0.18421740004018483,0.6347826086956522,0.9864864864864865,0.7724867724867724,148,230,2,84
v4_social_signal_experiment_v4_prompt_think_true_gemma4_e4b_direct_core_gold_calibrated_v4_think_ctx16384_tok16384_n237,v4_social_signal_experiment_v4_prompt_think_true_gemma4_e4b_direct_core_gold_calibrated_v4_think_ctx16384_tok16384_n237.csv,gemma4:e4b,direct_core_gold_calibrated_v4,237,8532,True,0,0.50,context,279,360,80,280,199,1.518987341772152,0.2222222222222222,0.2867383512544803,0.25039123630672927,0.20641995009380978,0.18421740004018483,0.6347826086956522,0.9864864864864865,0.7724867724867724,148,230,2,84
v4_social_signal_experiment_v4_prompt_think_true_gemma4_e4b_direct_core_gold_calibrated_v4_think_ctx16384_tok16384_n237,v4_social_signal_experiment_v4_prompt_think_true_gemma4_e4b_direct_core_gold_calibrated_v4_think_ctx16384_tok16384_n237.csv,gemma4:e4b,direct_core_gold_calibrated_v4,237,8532,True,0,0.55,context,279,360,80,280,199,1.518987341772152,0.2222222222222222,0.2867383512544803,0.25039123630672927,0.20641995009380978,0.18421740004018483,0.6347826086956522,0.9864864864864865,0.7724867724867724,148,230,2,84
v4_social_signal_experiment_v4_prompt_think_true_gemma4_e4b_direct_core_gold_calibrated_v4_think_ctx16384_tok16384_n237,v4_social_signal_experiment_v4_prompt_think_true_gemma4_e4b_direct_core_gold_calibrated_v4_think_ctx16384_tok16384_n237.csv,gemma4:e4b,direct_core_gold_calibrated_v4,237,8532,True,0,0.60,context,279,360,80,280,199,1.518987341772152,0.2222222222222222,0.2867383512544803,0.25039123630672927,0.20641995009380978,0.18421740004018483,0.6347826086956522,0.9864864864864865,0.7724867724867724,148,230,2,84
v4_social_signal_experiment_v4_prompt_think_true_gemma4_e4b_direct_core_gold_fewshot_v5_think_ctx16384_tok16384_n237,v4_social_signal_experiment_v4_prompt_think_true_gemma4_e4b_direct_core_gold_fewshot_v5_think_ctx16384_tok16384_n237.csv,gemma4:e4b,direct_core_gold_fewshot_v5,237,8532,True,1,0.85,context,279,275,69,206,210,1.160337552742616,0.2509090909090909,0.24731182795698925,0.2490974729241877,0.1712346247443563,0.27047418123367484,0.6611111111111111,0.8040540540540541,0.725609756097561,148,180,29,61
v4_social_signal_experiment_v4_prompt_think_true_gemma4_e4b_direct_core_targeted_v7_think_ctx16384_tok16384_n237,v4_social_signal_experiment_v4_prompt_think_true_gemma4_e4b_direct_core_targeted_v7_think_ctx16384_tok16384_n237.csv,gemma4:e4b,direct_core_targeted_v7,237,8532,True,3,default,context,279,351,78,273,201,1.481012658227848,0.2222222222222222,0.27956989247311825,0.24761904761904763,0.16449020098051154,0.1959815149688567,0.6306306306306306,0.9459459459459459,0.7567567567567568,148,222,8,82
v4_social_signal_experiment_v4_prompt_think_true_gemma4_e4b_direct_core_targeted_v7_think_ctx16384_tok16384_n237,v4_social_signal_experiment_v4_prompt_think_true_gemma4_e4b_direct_core_targeted_v7_think_ctx16384_tok16384_n237.csv,gemma4:e4b,direct_core_targeted_v7,237,8532,True,3,0.05,context,279,351,78,273,201,1.481012658227848,0.2222222222222222,0.27956989247311825,0.24761904761904763,0.16449020098051154,0.1959815149688567,0.6306306306306306,0.9459459459459459,0.7567567567567568,148,222,8,82
v4_social_signal_experiment_v4_prompt_think_true_gemma4_e4b_direct_core_targeted_v7_think_ctx16384_tok16384_n237,v4_social_signal_experiment_v4_prompt_think_true_gemma4_e4b_direct_core_targeted_v7_think_ctx16384_tok16384_n237.csv,gemma4:e4b,direct_core_targeted_v7,237,8532,True,3,0.10,context,279,351,78,273,201,1.481012658227848,0.2222222222222222,0.27956989247311825,0.24761904761904763,0.16449020098051154,0.1959815149688567,0.6306306306306306,0.9459459459459459,0.7567567567567568,148,222,8,82
v4_social_signal_experiment_v4_prompt_think_true_gemma4_e4b_direct_core_targeted_v7_think_ctx16384_tok16384_n237,v4_social_signal_experiment_v4_prompt_think_true_gemma4_e4b_direct_core_targeted_v7_think_ctx16384_tok16384_n237.csv,gemma4:e4b,direct_core_targeted_v7,237,8532,True,3,0.15,context,279,351,78,273,201,1.481012658227848,0.2222222222222222,0.27956989247311825,0.24761904761904763,0.16449020098051154,0.1959815149688567,0.6306306306306306,0.9459459459459459,0.7567567567567568,148,222,8,82
v4_social_signal_experiment_v4_prompt_think_true_gemma4_e4b_direct_core_targeted_v7_think_ctx16384_tok16384_n237,v4_social_signal_experiment_v4_prompt_think_true_gemma4_e4b_direct_core_targeted_v7_think_ctx16384_tok16384_n237.csv,gemma4:e4b,direct_core_targeted_v7,237,8532,True,3,0.20,context,279,351,78,273,201,1.481012658227848,0.2222222222222222,0.27956989247311825,0.24761904761904763,0.16449020098051154,0.1959815149688567,0.6306306306306306,0.9459459459459459,0.7567567567567568,148,222,8,82
v4_social_signal_experiment_v4_prompt_think_true_gemma4_e4b_direct_core_targeted_v7_think_ctx16384_tok16384_n237,v4_social_signal_experiment_v4_prompt_think_true_gemma4_e4b_direct_core_targeted_v7_think_ctx16384_tok16384_n237.csv,gemma4:e4b,direct_core_targeted_v7,237,8532,True,3,0.25,context,279,351,78,273,201,1.481012658227848,0.2222222222222222,0.27956989247311825,0.24761904761904763,0.16449020098051154,0.1959815149688567,0.6306306306306306,0.9459459459459459,0.7567567567567568,148,222,8,82
v4_social_signal_experiment_v4_prompt_think_true_gemma4_e4b_direct_core_targeted_v7_think_ctx16384_tok16384_n237,v4_social_signal_experiment_v4_prompt_think_true_gemma4_e4b_direct_core_targeted_v7_think_ctx16384_tok16384_n237.csv,gemma4:e4b,direct_core_targeted_v7,237,8532,True,3,0.30,context,279,351,78,273,201,1.481012658227848,0.2222222222222222,0.27956989247311825,0.24761904761904763,0.16449020098051154,0.1959815149688567,0.6306306306306306,0.9459459459459459,0.7567567567567568,148,222,8,82
v4_social_signal_experiment_v4_prompt_think_true_gemma4_e4b_direct_core_targeted_v7_think_ctx16384_tok16384_n237,v4_social_signal_experiment_v4_prompt_think_true_gemma4_e4b_direct_core_targeted_v7_think_ctx16384_tok16384_n237.csv,gemma4:e4b,direct_core_targeted_v7,237,8532,True,3,0.35,context,279,351,78,273,201,1.481012658227848,0.2222222222222222,0.27956989247311825,0.24761904761904763,0.16449020098051154,0.1959815149688567,0.6306306306306306,0.9459459459459459,0.7567567567567568,148,222,8,82
v4_social_signal_experiment_v4_prompt_think_true_gemma4_e4b_direct_core_targeted_v7_think_ctx16384_tok16384_n237,v4_social_signal_experiment_v4_prompt_think_true_gemma4_e4b_direct_core_targeted_v7_think_ctx16384_tok16384_n237.csv,gemma4:e4b,direct_core_targeted_v7,237,8532,True,3,0.40,context,279,351,78,273,201,1.481012658227848,0.2222222222222222,0.27956989247311825,0.24761904761904763,0.16449020098051154,0.1959815149688567,0.6306306306306306,0.9459459459459459,0.7567567567567568,148,222,8,82
v4_social_signal_experiment_v4_prompt_think_true_gemma4_e4b_direct_core_targeted_v7_think_ctx16384_tok16384_n237,v4_social_signal_experiment_v4_prompt_think_true_gemma4_e4b_direct_core_targeted_v7_think_ctx16384_tok16384_n237.csv,gemma4:e4b,direct_core_targeted_v7,237,8532,True,3,0.45,context,279,351,78,273,201,1.481012658227848,0.2222222222222222,0.27956989247311825,0.24761904761904763,0.16449020098051154,0.1959815149688567,0.6306306306306306,0.9459459459459459,0.7567567567567568,148,222,8,82
v4_social_signal_experiment_v4_prompt_think_true_gemma4_e4b_direct_core_targeted_v7_think_ctx16384_tok16384_n237,v4_social_signal_experiment_v4_prompt_think_true_gemma4_e4b_direct_core_targeted_v7_think_ctx16384_tok16384_n237.csv,gemma4:e4b,direct_core_targeted_v7,237,8532,True,3,0.50,context,279,351,78,273,201,1.481012658227848,0.2222222222222222,0.27956989247311825,0.24761904761904763,0.16449020098051154,0.1959815149688567,0.6306306306306306,0.9459459459459459,0.7567567567567568,148,222,8,82
v4_social_signal_experiment_v4_prompt_think_true_gemma4_e4b_direct_core_targeted_v7_think_ctx16384_tok16384_n237,v4_social_signal_experiment_v4_prompt_think_true_gemma4_e4b_direct_core_targeted_v7_think_ctx16384_tok16384_n237.csv,gemma4:e4b,direct_core_targeted_v7,237,8532,True,3,0.55,context,279,351,78,273,201,1.481012658227848,0.2222222222222222,0.27956989247311825,0.24761904761904763,0.16449020098051154,0.1959815149688567,0.6306306306306306,0.9459459459459459,0.7567567567567568,148,222,8,82
v4_social_signal_experiment_v4_prompt_think_true_gemma4_e4b_direct_core_targeted_v7_think_ctx16384_tok16384_n237,v4_social_signal_experiment_v4_prompt_think_true_gemma4_e4b_direct_core_targeted_v7_think_ctx16384_tok16384_n237.csv,gemma4:e4b,direct_core_targeted_v7,237,8532,True,3,0.60,context,279,351,78,273,201,1.481012658227848,0.2222222222222222,0.27956989247311825,0.24761904761904763,0.16449020098051154,0.1959815149688567,0.6306306306306306,0.9459459459459459,0.7567567567567568,148,222,8,82
v4_social_signal_experiment_v4_prompt_think_true_gemma4_e4b_direct_core_balanced_v8_think_ctx16384_tok16384_n237,v4_social_signal_experiment_v4_prompt_think_true_gemma4_e4b_direct_core_balanced_v8_think_ctx16384_tok16384_n237.csv,gemma4:e4b,direct_core_balanced_v8,237,8532,True,2,0.80,context,279,303,72,231,207,1.2784810126582278,0.2376237623762376,0.25806451612903225,0.24742268041237114,0.14330453662544068,0.23032616703502778,0.6403940886699507,0.8783783783783784,0.7407407407407407,148,203,18,73
v4_social_signal_experiment_v4_prompt_think_true_gemma4_e4b_direct_core_targeted_v7_think_ctx16384_tok16384_n237,v4_social_signal_experiment_v4_prompt_think_true_gemma4_e4b_direct_core_targeted_v7_think_ctx16384_tok16384_n237.csv,gemma4:e4b,direct_core_targeted_v7,237,8532,True,3,0.65,context,279,348,77,271,202,1.4683544303797469,0.22126436781609196,0.27598566308243727,0.24561403508771928,0.16169265795308346,0.1945750452079566,0.6306306306306306,0.9459459459459459,0.7567567567567568,148,222,8,82
v4_social_signal_experiment_v4_prompt_think_true_gemma4_e4b_direct_core_targeted_v7_think_ctx16384_tok16384_n237,v4_social_signal_experiment_v4_prompt_think_true_gemma4_e4b_direct_core_targeted_v7_think_ctx16384_tok16384_n237.csv,gemma4:e4b,direct_core_targeted_v7,237,8532,True,3,0.70,context,279,348,77,271,202,1.4683544303797469,0.22126436781609196,0.27598566308243727,0.24561403508771928,0.16169265795308346,0.1945750452079566,0.6306306306306306,0.9459459459459459,0.7567567567567568,148,222,8,82
v4_social_signal_experiment_v4_prompt_think_true_gemma4_e4b_direct_core_filtered_v3_think_ctx16384_tok16384_n237,v4_social_signal_experiment_v4_prompt_think_true_gemma4_e4b_direct_core_filtered_v3_think_ctx16384_tok16384_n237.csv,gemma4:e4b,direct_core_filtered_v3,237,8532,True,0,0.65,context,279,295,68,227,211,1.2447257383966244,0.2305084745762712,0.24372759856630824,0.23693379790940766,0.15202907255852555,0.20020092425155714,0.6388888888888888,0.9324324324324325,0.7582417582417582,148,216,10,78
v4_social_signal_experiment_v4_prompt_think_true_gemma4_e4b_direct_core_filtered_v3_think_ctx16384_tok16384_n237,v4_social_signal_experiment_v4_prompt_think_true_gemma4_e4b_direct_core_filtered_v3_think_ctx16384_tok16384_n237.csv,gemma4:e4b,direct_core_filtered_v3,237,8532,True,0,0.70,context,279,295,68,227,211,1.2447257383966244,0.2305084745762712,0.24372759856630824,0.23693379790940766,0.15202907255852555,0.20020092425155714,0.6388888888888888,0.9324324324324325,0.7582417582417582,148,216,10,78
v4_social_signal_experiment_v4_prompt_think_true_gemma4_e4b_direct_core_filtered_v3_think_ctx16384_tok16384_n237,v4_social_signal_experiment_v4_prompt_think_true_gemma4_e4b_direct_core_filtered_v3_think_ctx16384_tok16384_n237.csv,gemma4:e4b,direct_core_filtered_v3,237,8532,True,0,default,context,279,297,68,229,211,1.2531645569620253,0.22895622895622897,0.24372759856630824,0.2361111111111111,0.15115372241846953,0.20020092425155714,0.6388888888888888,0.9324324324324325,0.7582417582417582,148,216,10,78
v4_social_signal_experiment_v4_prompt_think_true_gemma4_e4b_direct_core_filtered_v3_think_ctx16384_tok16384_n237,v4_social_signal_experiment_v4_prompt_think_true_gemma4_e4b_direct_core_filtered_v3_think_ctx16384_tok16384_n237.csv,gemma4:e4b,direct_core_filtered_v3,237,8532,True,0,0.05,context,279,297,68,229,211,1.2531645569620253,0.22895622895622897,0.24372759856630824,0.2361111111111111,0.15115372241846953,0.20020092425155714,0.6388888888888888,0.9324324324324325,0.7582417582417582,148,216,10,78
v4_social_signal_experiment_v4_prompt_think_true_gemma4_e4b_direct_core_filtered_v3_think_ctx16384_tok16384_n237,v4_social_signal_experiment_v4_prompt_think_true_gemma4_e4b_direct_core_filtered_v3_think_ctx16384_tok16384_n237.csv,gemma4:e4b,direct_core_filtered_v3,237,8532,True,0,0.10,context,279,297,68,229,211,1.2531645569620253,0.22895622895622897,0.24372759856630824,0.2361111111111111,0.15115372241846953,0.20020092425155714,0.6388888888888888,0.9324324324324325,0.7582417582417582,148,216,10,78
v4_social_signal_experiment_v4_prompt_think_true_gemma4_e4b_direct_core_filtered_v3_think_ctx16384_tok16384_n237,v4_social_signal_experiment_v4_prompt_think_true_gemma4_e4b_direct_core_filtered_v3_think_ctx16384_tok16384_n237.csv,gemma4:e4b,direct_core_filtered_v3,237,8532,True,0,0.15,context,279,297,68,229,211,1.2531645569620253,0.22895622895622897,0.24372759856630824,0.2361111111111111,0.15115372241846953,0.20020092425155714,0.6388888888888888,0.9324324324324325,0.7582417582417582,148,216,10,78
v4_social_signal_experiment_v4_prompt_think_true_gemma4_e4b_direct_core_filtered_v3_think_ctx16384_tok16384_n237,v4_social_signal_experiment_v4_prompt_think_true_gemma4_e4b_direct_core_filtered_v3_think_ctx16384_tok16384_n237.csv,gemma4:e4b,direct_core_filtered_v3,237,8532,True,0,0.20,context,279,297,68,229,211,1.2531645569620253,0.22895622895622897,0.24372759856630824,0.2361111111111111,0.15115372241846953,0.20020092425155714,0.6388888888888888,0.9324324324324325,0.7582417582417582,148,216,10,78
v4_social_signal_experiment_v4_prompt_think_true_gemma4_e4b_direct_core_filtered_v3_think_ctx16384_tok16384_n237,v4_social_signal_experiment_v4_prompt_think_true_gemma4_e4b_direct_core_filtered_v3_think_ctx16384_tok16384_n237.csv,gemma4:e4b,direct_core_filtered_v3,237,8532,True,0,0.25,context,279,297,68,229,211,1.2531645569620253,0.22895622895622897,0.24372759856630824,0.2361111111111111,0.15115372241846953,0.20020092425155714,0.6388888888888888,0.9324324324324325,0.7582417582417582,148,216,10,78
v4_social_signal_experiment_v4_prompt_think_true_gemma4_e4b_direct_core_filtered_v3_think_ctx16384_tok16384_n237,v4_social_signal_experiment_v4_prompt_think_true_gemma4_e4b_direct_core_filtered_v3_think_ctx16384_tok16384_n237.csv,gemma4:e4b,direct_core_filtered_v3,237,8532,True,0,0.30,context,279,297,68,229,211,1.2531645569620253,0.22895622895622897,0.24372759856630824,0.2361111111111111,0.15115372241846953,0.20020092425155714,0.6388888888888888,0.9324324324324325,0.7582417582417582,148,216,10,78
v4_social_signal_experiment_v4_prompt_think_true_gemma4_e4b_direct_core_filtered_v3_think_ctx16384_tok16384_n237,v4_social_signal_experiment_v4_prompt_think_true_gemma4_e4b_direct_core_filtered_v3_think_ctx16384_tok16384_n237.csv,gemma4:e4b,direct_core_filtered_v3,237,8532,True,0,0.35,context,279,297,68,229,211,1.2531645569620253,0.22895622895622897,0.24372759856630824,0.2361111111111111,0.15115372241846953,0.20020092425155714,0.6388888888888888,0.9324324324324325,0.7582417582417582,148,216,10,78
v4_social_signal_experiment_v4_prompt_think_true_gemma4_e4b_direct_core_filtered_v3_think_ctx16384_tok16384_n237,v4_social_signal_experiment_v4_prompt_think_true_gemma4_e4b_direct_core_filtered_v3_think_ctx16384_tok16384_n237.csv,gemma4:e4b,direct_core_filtered_v3,237,8532,True,0,0.40,context,279,297,68,229,211,1.2531645569620253,0.22895622895622897,0.24372759856630824,0.2361111111111111,0.15115372241846953,0.20020092425155714,0.6388888888888888,0.9324324324324325,0.7582417582417582,148,216,10,78
v4_social_signal_experiment_v4_prompt_think_true_gemma4_e4b_direct_core_filtered_v3_think_ctx16384_tok16384_n237,v4_social_signal_experiment_v4_prompt_think_true_gemma4_e4b_direct_core_filtered_v3_think_ctx16384_tok16384_n237.csv,gemma4:e4b,direct_core_filtered_v3,237,8532,True,0,0.45,context,279,297,68,229,211,1.2531645569620253,0.22895622895622897,0.24372759856630824,0.2361111111111111,0.15115372241846953,0.20020092425155714,0.6388888888888888,0.9324324324324325,0.7582417582417582,148,216,10,78
v4_social_signal_experiment_v4_prompt_think_true_gemma4_e4b_direct_core_filtered_v3_think_ctx16384_tok16384_n237,v4_social_signal_experiment_v4_prompt_think_true_gemma4_e4b_direct_core_filtered_v3_think_ctx16384_tok16384_n237.csv,gemma4:e4b,direct_core_filtered_v3,237,8532,True,0,0.50,context,279,297,68,229,211,1.2531645569620253,0.22895622895622897,0.24372759856630824,0.2361111111111111,0.15115372241846953,0.20020092425155714,0.6388888888888888,0.9324324324324325,0.7582417582417582,148,216,10,78
v4_social_signal_experiment_v4_prompt_think_true_gemma4_e4b_direct_core_filtered_v3_think_ctx16384_tok16384_n237,v4_social_signal_experiment_v4_prompt_think_true_gemma4_e4b_direct_core_filtered_v3_think_ctx16384_tok16384_n237.csv,gemma4:e4b,direct_core_filtered_v3,237,8532,True,0,0.55,context,279,297,68,229,211,1.2531645569620253,0.22895622895622897,0.24372759856630824,0.2361111111111111,0.15115372241846953,0.20020092425155714,0.6388888888888888,0.9324324324324325,0.7582417582417582,148,216,10,78
v4_social_signal_experiment_v4_prompt_think_true_gemma4_e4b_direct_core_filtered_v3_think_ctx16384_tok16384_n237,v4_social_signal_experiment_v4_prompt_think_true_gemma4_e4b_direct_core_filtered_v3_think_ctx16384_tok16384_n237.csv,gemma4:e4b,direct_core_filtered_v3,237,8532,True,0,0.60,context,279,297,68,229,211,1.2531645569620253,0.22895622895622897,0.24372759856630824,0.2361111111111111,0.15115372241846953,0.20020092425155714,0.6388888888888888,0.9324324324324325,0.7582417582417582,148,216,10,78
v4_social_signal_experiment_v4_prompt_think_true_gemma4_e4b_direct_core_targeted_v7_think_ctx16384_tok16384_n237,v4_social_signal_experiment_v4_prompt_think_true_gemma4_e4b_direct_core_targeted_v7_think_ctx16384_tok16384_n237.csv,gemma4:e4b,direct_core_targeted_v7,237,8532,True,3,0.75,context,279,315,70,245,209,1.3291139240506329,0.2222222222222222,0.25089605734767023,0.2356902356902357,0.1403204966872557,0.22041390395820773,0.642512077294686,0.8986486486486487,0.7492957746478873,148,207,15,74
v4_social_signal_experiment_v4_prompt_think_true_gemma4_e4b_direct_core_gold_calibrated_v4_think_ctx16384_tok16384_n237,v4_social_signal_experiment_v4_prompt_think_true_gemma4_e4b_direct_core_gold_calibrated_v4_think_ctx16384_tok16384_n237.csv,gemma4:e4b,direct_core_gold_calibrated_v4,237,8532,True,0,0.75,context,279,294,67,227,212,1.240506329113924,0.22789115646258504,0.24014336917562723,0.2338568935427574,0.19759005843718044,0.222168642421807,0.6276595744680851,0.7972972972972973,0.7023809523809523,148,188,30,70
v4_social_signal_experiment_v4_prompt_think_true_gemma4_e4b_direct_core_filtered_v3_think_ctx16384_tok16384_n237,v4_social_signal_experiment_v4_prompt_think_true_gemma4_e4b_direct_core_filtered_v3_think_ctx16384_tok16384_n237.csv,gemma4:e4b,direct_core_filtered_v3,237,8532,True,0,0.75,context,279,259,62,197,217,1.0928270042194093,0.23938223938223938,0.2222222222222222,0.23048327137546468,0.13085655263173518,0.23654812135824796,0.648936170212766,0.8243243243243243,0.7261904761904762,148,188,26,66
v4_social_signal_experiment_v4_prompt_think_true_gemma4_e4b_direct_core_recall_v2_think_ctx16384_tok16384_n237,v4_social_signal_experiment_v4_prompt_think_true_gemma4_e4b_direct_core_recall_v2_think_ctx16384_tok16384_n237.csv,gemma4:e4b,direct_core_recall_v2,237,8532,True,2,default,context,279,304,67,237,212,1.2827004219409284,0.22039473684210525,0.24014336917562723,0.22984562607204118,0.20897983497278602,0.22487442234277674,0.6553398058252428,0.9121621621621622,0.7627118644067796,148,206,13,71
v4_social_signal_experiment_v4_prompt_think_true_gemma4_e4b_direct_core_recall_v2_think_ctx16384_tok16384_n237,v4_social_signal_experiment_v4_prompt_think_true_gemma4_e4b_direct_core_recall_v2_think_ctx16384_tok16384_n237.csv,gemma4:e4b,direct_core_recall_v2,237,8532,True,2,0.05,context,279,304,67,237,212,1.2827004219409284,0.22039473684210525,0.24014336917562723,0.22984562607204118,0.20897983497278602,0.22487442234277674,0.6553398058252428,0.9121621621621622,0.7627118644067796,148,206,13,71
v4_social_signal_experiment_v4_prompt_think_true_gemma4_e4b_direct_core_recall_v2_think_ctx16384_tok16384_n237,v4_social_signal_experiment_v4_prompt_think_true_gemma4_e4b_direct_core_recall_v2_think_ctx16384_tok16384_n237.csv,gemma4:e4b,direct_core_recall_v2,237,8532,True,2,0.10,context,279,304,67,237,212,1.2827004219409284,0.22039473684210525,0.24014336917562723,0.22984562607204118,0.20897983497278602,0.22487442234277674,0.6553398058252428,0.9121621621621622,0.7627118644067796,148,206,13,71
v4_social_signal_experiment_v4_prompt_think_true_gemma4_e4b_direct_core_recall_v2_think_ctx16384_tok16384_n237,v4_social_signal_experiment_v4_prompt_think_true_gemma4_e4b_direct_core_recall_v2_think_ctx16384_tok16384_n237.csv,gemma4:e4b,direct_core_recall_v2,237,8532,True,2,0.15,context,279,304,67,237,212,1.2827004219409284,0.22039473684210525,0.24014336917562723,0.22984562607204118,0.20897983497278602,0.22487442234277674,0.6553398058252428,0.9121621621621622,0.7627118644067796,148,206,13,71
v4_social_signal_experiment_v4_prompt_think_true_gemma4_e4b_direct_core_recall_v2_think_ctx16384_tok16384_n237,v4_social_signal_experiment_v4_prompt_think_true_gemma4_e4b_direct_core_recall_v2_think_ctx16384_tok16384_n237.csv,gemma4:e4b,direct_core_recall_v2,237,8532,True,2,0.20,context,279,304,67,237,212,1.2827004219409284,0.22039473684210525,0.24014336917562723,0.22984562607204118,0.20897983497278602,0.22487442234277674,0.6553398058252428,0.9121621621621622,0.7627118644067796,148,206,13,71
v4_social_signal_experiment_v4_prompt_think_true_gemma4_e4b_direct_core_recall_v2_think_ctx16384_tok16384_n237,v4_social_signal_experiment_v4_prompt_think_true_gemma4_e4b_direct_core_recall_v2_think_ctx16384_tok16384_n237.csv,gemma4:e4b,direct_core_recall_v2,237,8532,True,2,0.25,context,279,304,67,237,212,1.2827004219409284,0.22039473684210525,0.24014336917562723,0.22984562607204118,0.20897983497278602,0.22487442234277674,0.6553398058252428,0.9121621621621622,0.7627118644067796,148,206,13,71
v4_social_signal_experiment_v4_prompt_think_true_gemma4_e4b_direct_core_recall_v2_think_ctx16384_tok16384_n237,v4_social_signal_experiment_v4_prompt_think_true_gemma4_e4b_direct_core_recall_v2_think_ctx16384_tok16384_n237.csv,gemma4:e4b,direct_core_recall_v2,237,8532,True,2,0.30,context,279,304,67,237,212,1.2827004219409284,0.22039473684210525,0.24014336917562723,0.22984562607204118,0.20897983497278602,0.22487442234277674,0.6553398058252428,0.9121621621621622,0.7627118644067796,148,206,13,71
v4_social_signal_experiment_v4_prompt_think_true_gemma4_e4b_direct_core_recall_v2_think_ctx16384_tok16384_n237,v4_social_signal_experiment_v4_prompt_think_true_gemma4_e4b_direct_core_recall_v2_think_ctx16384_tok16384_n237.csv,gemma4:e4b,direct_core_recall_v2,237,8532,True,2,0.35,context,279,304,67,237,212,1.2827004219409284,0.22039473684210525,0.24014336917562723,0.22984562607204118,0.20897983497278602,0.22487442234277674,0.6553398058252428,0.9121621621621622,0.7627118644067796,148,206,13,71
v4_social_signal_experiment_v4_prompt_think_true_gemma4_e4b_direct_core_recall_v2_think_ctx16384_tok16384_n237,v4_social_signal_experiment_v4_prompt_think_true_gemma4_e4b_direct_core_recall_v2_think_ctx16384_tok16384_n237.csv,gemma4:e4b,direct_core_recall_v2,237,8532,True,2,0.40,context,279,304,67,237,212,1.2827004219409284,0.22039473684210525,0.24014336917562723,0.22984562607204118,0.20897983497278602,0.22487442234277674,0.6553398058252428,0.9121621621621622,0.7627118644067796,148,206,13,71
v4_social_signal_experiment_v4_prompt_think_true_gemma4_e4b_direct_core_recall_v2_think_ctx16384_tok16384_n237,v4_social_signal_experiment_v4_prompt_think_true_gemma4_e4b_direct_core_recall_v2_think_ctx16384_tok16384_n237.csv,gemma4:e4b,direct_core_recall_v2,237,8532,True,2,0.45,context,279,304,67,237,212,1.2827004219409284,0.22039473684210525,0.24014336917562723,0.22984562607204118,0.20897983497278602,0.22487442234277674,0.6553398058252428,0.9121621621621622,0.7627118644067796,148,206,13,71
v4_social_signal_experiment_v4_prompt_think_true_gemma4_e4b_direct_core_recall_v2_think_ctx16384_tok16384_n237,v4_social_signal_experiment_v4_prompt_think_true_gemma4_e4b_direct_core_recall_v2_think_ctx16384_tok16384_n237.csv,gemma4:e4b,direct_core_recall_v2,237,8532,True,2,0.50,context,279,304,67,237,212,1.2827004219409284,0.22039473684210525,0.24014336917562723,0.22984562607204118,0.20897983497278602,0.22487442234277674,0.6553398058252428,0.9121621621621622,0.7627118644067796,148,206,13,71
v4_social_signal_experiment_v4_prompt_think_true_gemma4_e4b_direct_core_recall_v2_think_ctx16384_tok16384_n237,v4_social_signal_experiment_v4_prompt_think_true_gemma4_e4b_direct_core_recall_v2_think_ctx16384_tok16384_n237.csv,gemma4:e4b,direct_core_recall_v2,237,8532,True,2,0.55,context,279,304,67,237,212,1.2827004219409284,0.22039473684210525,0.24014336917562723,0.22984562607204118,0.20897983497278602,0.22487442234277674,0.6553398058252428,0.9121621621621622,0.7627118644067796,148,206,13,71
v4_social_signal_experiment_v4_prompt_think_true_gemma4_e4b_direct_core_recall_v2_think_ctx16384_tok16384_n237,v4_social_signal_experiment_v4_prompt_think_true_gemma4_e4b_direct_core_recall_v2_think_ctx16384_tok16384_n237.csv,gemma4:e4b,direct_core_recall_v2,237,8532,True,2,0.60,context,279,304,67,237,212,1.2827004219409284,0.22039473684210525,0.24014336917562723,0.22984562607204118,0.20897983497278602,0.22487442234277674,0.6553398058252428,0.9121621621621622,0.7627118644067796,148,206,13,71
v4_social_signal_experiment_v4_prompt_think_true_gemma4_e4b_gold_mimic_broad_v1_think_ctx16384_tok16384_n237,v4_social_signal_experiment_v4_prompt_think_true_gemma4_e4b_gold_mimic_broad_v1_think_ctx16384_tok16384_n237.csv,gemma4:e4b,gold_mimic_broad_v1,237,8532,True,3,0.85,context,279,279,64,215,215,1.1772151898734178,0.22939068100358423,0.22939068100358423,0.22939068100358423,0.18754379218869954,0.2505525416917822,0.6630434782608695,0.8243243243243243,0.7349397590361446,148,184,26,62
v4_social_signal_experiment_v4_prompt_think_true_gemma4_e4b_direct_core_targeted_v7_think_ctx16384_tok16384_n237,v4_social_signal_experiment_v4_prompt_think_true_gemma4_e4b_direct_core_targeted_v7_think_ctx16384_tok16384_n237.csv,gemma4:e4b,direct_core_targeted_v7,237,8532,True,3,0.80,context,279,288,65,223,214,1.2151898734177216,0.22569444444444445,0.23297491039426524,0.2292768959435626,0.14042121736050767,0.2255374723729154,0.6414141414141414,0.8581081081081081,0.7341040462427746,148,198,21,71
v4_social_signal_experiment_v4_prompt_think_true_gemma4_e4b_direct_core_recall_v2_think_ctx16384_tok16384_n237,v4_social_signal_experiment_v4_prompt_think_true_gemma4_e4b_direct_core_recall_v2_think_ctx16384_tok16384_n237.csv,gemma4:e4b,direct_core_recall_v2,237,8532,True,2,0.65,context,279,298,65,233,214,1.2573839662447257,0.2181208053691275,0.23297491039426524,0.22530329289428075,0.20642981745920408,0.22192083584488645,0.6536585365853659,0.9054054054054054,0.7592067988668555,148,205,14,71
v4_social_signal_experiment_v4_prompt_think_true_gemma4_e4b_direct_core_recall_v2_think_ctx16384_tok16384_n237,v4_social_signal_experiment_v4_prompt_think_true_gemma4_e4b_direct_core_recall_v2_think_ctx16384_tok16384_n237.csv,gemma4:e4b,direct_core_recall_v2,237,8532,True,2,0.70,context,279,298,65,233,214,1.2573839662447257,0.2181208053691275,0.23297491039426524,0.22530329289428075,0.20642981745920408,0.22192083584488645,0.6536585365853659,0.9054054054054054,0.7592067988668555,148,205,14,71
v4_social_signal_experiment_v4_prompt_think_true_gemma4_e4b_direct_core_clean_fewshot_v6_think_ctx16384_tok16384_n237,v4_social_signal_experiment_v4_prompt_think_true_gemma4_e4b_direct_core_clean_fewshot_v6_think_ctx16384_tok16384_n237.csv,gemma4:e4b,direct_core_clean_fewshot_v6,237,8532,True,2,0.80,context,279,255,57,198,222,1.0759493670886076,0.2235294117647059,0.20430107526881722,0.21348314606741572,0.10742062745699994,0.22864175205947357,0.6333333333333333,0.7702702702702703,0.6951219512195121,148,180,34,66
v4_social_signal_experiment_v4_prompt_think_true_gemma4_e4b_direct_business_migration_fixed_think_ctx16384_tok16384_n237,v4_social_signal_experiment_v4_prompt_think_true_gemma4_e4b_direct_business_migration_fixed_think_ctx16384_tok16384_n237.csv,gemma4:e4b,direct_business_migration_fixed,237,8532,True,2,default,context,279,274,59,215,220,1.1561181434599157,0.21532846715328466,0.2114695340501792,0.21338155515370705,0.16247455791790766,0.18846025048556694,0.6367924528301887,0.9121621621621622,0.75,148,212,13,77
v4_social_signal_experiment_v4_prompt_think_true_gemma4_e4b_direct_business_migration_fixed_think_ctx16384_tok16384_n237,v4_social_signal_experiment_v4_prompt_think_true_gemma4_e4b_direct_business_migration_fixed_think_ctx16384_tok16384_n237.csv,gemma4:e4b,direct_business_migration_fixed,237,8532,True,2,0.05,context,279,274,59,215,220,1.1561181434599157,0.21532846715328466,0.2114695340501792,0.21338155515370705,0.16247455791790766,0.18846025048556694,0.6367924528301887,0.9121621621621622,0.75,148,212,13,77
v4_social_signal_experiment_v4_prompt_think_true_gemma4_e4b_direct_business_migration_fixed_think_ctx16384_tok16384_n237,v4_social_signal_experiment_v4_prompt_think_true_gemma4_e4b_direct_business_migration_fixed_think_ctx16384_tok16384_n237.csv,gemma4:e4b,direct_business_migration_fixed,237,8532,True,2,0.10,context,279,274,59,215,220,1.1561181434599157,0.21532846715328466,0.2114695340501792,0.21338155515370705,0.16247455791790766,0.18846025048556694,0.6367924528301887,0.9121621621621622,0.75,148,212,13,77
v4_social_signal_experiment_v4_prompt_think_true_gemma4_e4b_direct_business_migration_fixed_think_ctx16384_tok16384_n237,v4_social_signal_experiment_v4_prompt_think_true_gemma4_e4b_direct_business_migration_fixed_think_ctx16384_tok16384_n237.csv,gemma4:e4b,direct_business_migration_fixed,237,8532,True,2,0.15,context,279,274,59,215,220,1.1561181434599157,0.21532846715328466,0.2114695340501792,0.21338155515370705,0.16247455791790766,0.18846025048556694,0.6367924528301887,0.9121621621621622,0.75,148,212,13,77
v4_social_signal_experiment_v4_prompt_think_true_gemma4_e4b_direct_business_migration_fixed_think_ctx16384_tok16384_n237,v4_social_signal_experiment_v4_prompt_think_true_gemma4_e4b_direct_business_migration_fixed_think_ctx16384_tok16384_n237.csv,gemma4:e4b,direct_business_migration_fixed,237,8532,True,2,0.20,context,279,274,59,215,220,1.1561181434599157,0.21532846715328466,0.2114695340501792,0.21338155515370705,0.16247455791790766,0.18846025048556694,0.6367924528301887,0.9121621621621622,0.75,148,212,13,77
v4_social_signal_experiment_v4_prompt_think_true_gemma4_e4b_direct_business_migration_fixed_think_ctx16384_tok16384_n237,v4_social_signal_experiment_v4_prompt_think_true_gemma4_e4b_direct_business_migration_fixed_think_ctx16384_tok16384_n237.csv,gemma4:e4b,direct_business_migration_fixed,237,8532,True,2,0.25,context,279,274,59,215,220,1.1561181434599157,0.21532846715328466,0.2114695340501792,0.21338155515370705,0.16247455791790766,0.18846025048556694,0.6367924528301887,0.9121621621621622,0.75,148,212,13,77
v4_social_signal_experiment_v4_prompt_think_true_gemma4_e4b_direct_business_migration_fixed_think_ctx16384_tok16384_n237,v4_social_signal_experiment_v4_prompt_think_true_gemma4_e4b_direct_business_migration_fixed_think_ctx16384_tok16384_n237.csv,gemma4:e4b,direct_business_migration_fixed,237,8532,True,2,0.30,context,279,274,59,215,220,1.1561181434599157,0.21532846715328466,0.2114695340501792,0.21338155515370705,0.16247455791790766,0.18846025048556694,0.6367924528301887,0.9121621621621622,0.75,148,212,13,77
v4_social_signal_experiment_v4_prompt_think_true_gemma4_e4b_direct_business_migration_fixed_think_ctx16384_tok16384_n237,v4_social_signal_experiment_v4_prompt_think_true_gemma4_e4b_direct_business_migration_fixed_think_ctx16384_tok16384_n237.csv,gemma4:e4b,direct_business_migration_fixed,237,8532,True,2,0.35,context,279,274,59,215,220,1.1561181434599157,0.21532846715328466,0.2114695340501792,0.21338155515370705,0.16247455791790766,0.18846025048556694,0.6367924528301887,0.9121621621621622,0.75,148,212,13,77
v4_social_signal_experiment_v4_prompt_think_true_gemma4_e4b_direct_business_migration_fixed_think_ctx16384_tok16384_n237,v4_social_signal_experiment_v4_prompt_think_true_gemma4_e4b_direct_business_migration_fixed_think_ctx16384_tok16384_n237.csv,gemma4:e4b,direct_business_migration_fixed,237,8532,True,2,0.40,context,279,274,59,215,220,1.1561181434599157,0.21532846715328466,0.2114695340501792,0.21338155515370705,0.16247455791790766,0.18846025048556694,0.6367924528301887,0.9121621621621622,0.75,148,212,13,77
v4_social_signal_experiment_v4_prompt_think_true_gemma4_e4b_direct_business_migration_fixed_think_ctx16384_tok16384_n237,v4_social_signal_experiment_v4_prompt_think_true_gemma4_e4b_direct_business_migration_fixed_think_ctx16384_tok16384_n237.csv,gemma4:e4b,direct_business_migration_fixed,237,8532,True,2,0.45,context,279,274,59,215,220,1.1561181434599157,0.21532846715328466,0.2114695340501792,0.21338155515370705,0.16247455791790766,0.18846025048556694,0.6367924528301887,0.9121621621621622,0.75,148,212,13,77
v4_social_signal_experiment_v4_prompt_think_true_gemma4_e4b_direct_business_migration_fixed_think_ctx16384_tok16384_n237,v4_social_signal_experiment_v4_prompt_think_true_gemma4_e4b_direct_business_migration_fixed_think_ctx16384_tok16384_n237.csv,gemma4:e4b,direct_business_migration_fixed,237,8532,True,2,0.50,context,279,274,59,215,220,1.1561181434599157,0.21532846715328466,0.2114695340501792,0.21338155515370705,0.16247455791790766,0.18846025048556694,0.6367924528301887,0.9121621621621622,0.75,148,212,13,77
v4_social_signal_experiment_v4_prompt_think_true_gemma4_e4b_direct_business_migration_fixed_think_ctx16384_tok16384_n237,v4_social_signal_experiment_v4_prompt_think_true_gemma4_e4b_direct_business_migration_fixed_think_ctx16384_tok16384_n237.csv,gemma4:e4b,direct_business_migration_fixed,237,8532,True,2,0.55,context,279,274,59,215,220,1.1561181434599157,0.21532846715328466,0.2114695340501792,0.21338155515370705,0.16247455791790766,0.18846025048556694,0.6367924528301887,0.9121621621621622,0.75,148,212,13,77
v4_social_signal_experiment_v4_prompt_think_true_gemma4_e4b_direct_business_migration_fixed_think_ctx16384_tok16384_n237,v4_social_signal_experiment_v4_prompt_think_true_gemma4_e4b_direct_business_migration_fixed_think_ctx16384_tok16384_n237.csv,gemma4:e4b,direct_business_migration_fixed,237,8532,True,2,0.60,context,279,274,59,215,220,1.1561181434599157,0.21532846715328466,0.2114695340501792,0.21338155515370705,0.16247455791790766,0.18846025048556694,0.6367924528301887,0.9121621621621622,0.75,148,212,13,77
v4_social_signal_experiment_v4_prompt_think_true_gemma4_e4b_direct_business_migration_fixed_think_ctx16384_tok16384_n237,v4_social_signal_experiment_v4_prompt_think_true_gemma4_e4b_direct_business_migration_fixed_think_ctx16384_tok16384_n237.csv,gemma4:e4b,direct_business_migration_fixed,237,8532,True,2,0.65,context,279,268,58,210,221,1.130801687763713,0.21641791044776118,0.2078853046594982,0.21206581352833637,0.16509886338595936,0.18514500033487372,0.6350710900473934,0.9054054054054054,0.7465181058495822,148,211,14,77
v4_social_signal_experiment_v4_prompt_think_true_gemma4_e4b_direct_business_migration_fixed_think_ctx16384_tok16384_n237,v4_social_signal_experiment_v4_prompt_think_true_gemma4_e4b_direct_business_migration_fixed_think_ctx16384_tok16384_n237.csv,gemma4:e4b,direct_business_migration_fixed,237,8532,True,2,0.70,context,279,268,58,210,221,1.130801687763713,0.21641791044776118,0.2078853046594982,0.21206581352833637,0.16509886338595936,0.18514500033487372,0.6350710900473934,0.9054054054054054,0.7465181058495822,148,211,14,77
v4_social_signal_experiment_v4_prompt_think_true_gemma4_e4b_direct_core_filtered_v3_think_ctx16384_tok16384_n237,v4_social_signal_experiment_v4_prompt_think_true_gemma4_e4b_direct_core_filtered_v3_think_ctx16384_tok16384_n237.csv,gemma4:e4b,direct_core_filtered_v3,237,8532,True,0,0.80,context,279,226,53,173,226,0.9535864978902954,0.2345132743362832,0.18996415770609318,0.2099009900990099,0.12461677595407446,0.27568816556158326,0.6746987951807228,0.7567567567567568,0.7133757961783439,148,166,36,54
v4_social_signal_experiment_v4_prompt_think_true_gemma4_e4b_direct_core_balanced_v8_think_ctx16384_tok16384_n237,v4_social_signal_experiment_v4_prompt_think_true_gemma4_e4b_direct_core_balanced_v8_think_ctx16384_tok16384_n237.csv,gemma4:e4b,direct_core_balanced_v8,237,8532,True,2,0.85,context,279,220,50,170,229,0.9282700421940928,0.22727272727272727,0.17921146953405018,0.20040080160320642,0.11782156105468265,0.2718002812939521,0.6493506493506493,0.6756756756756757,0.6622516556291391,148,154,48,54
v4_social_signal_experiment_v4_prompt_think_true_gemma4_e4b_direct_business_migration_fixed_think_ctx16384_tok16384_n237,v4_social_signal_experiment_v4_prompt_think_true_gemma4_e4b_direct_business_migration_fixed_think_ctx16384_tok16384_n237.csv,gemma4:e4b,direct_business_migration_fixed,237,8532,True,2,0.80,context,279,217,49,168,230,0.9156118143459916,0.22580645161290322,0.17562724014336917,0.1975806451612903,0.1618802964125449,0.23802826334471902,0.6648351648351648,0.8175675675675675,0.7333333333333333,148,182,27,61
v4_social_signal_experiment_v4_prompt_think_true_gemma4_e4b_direct_core_recall_v2_think_ctx16384_tok16384_n237,v4_social_signal_experiment_v4_prompt_think_true_gemma4_e4b_direct_core_recall_v2_think_ctx16384_tok16384_n237.csv,gemma4:e4b,direct_core_recall_v2,237,8532,True,2,0.75,context,279,242,51,191,228,1.021097046413502,0.21074380165289255,0.1827956989247312,0.19577735124760076,0.17683962838791248,0.24753198044337285,0.6628571428571428,0.7837837837837838,0.718266253869969,148,175,32,59
v4_social_signal_experiment_v4_prompt_think_true_gemma4_e4b_direct_business_migration_fixed_think_ctx16384_tok16384_n237,v4_social_signal_experiment_v4_prompt_think_true_gemma4_e4b_direct_business_migration_fixed_think_ctx16384_tok16384_n237.csv,gemma4:e4b,direct_business_migration_fixed,237,8532,True,2,0.85,context,279,213,48,165,231,0.8987341772151899,0.22535211267605634,0.17204301075268819,0.1951219512195122,0.1618358609676842,0.2364577054450472,0.6629834254143646,0.8108108108108109,0.729483282674772,148,181,28,61
v4_social_signal_experiment_v4_prompt_think_true_gemma4_e4b_direct_business_migration_fixed_think_ctx16384_tok16384_n237,v4_social_signal_experiment_v4_prompt_think_true_gemma4_e4b_direct_business_migration_fixed_think_ctx16384_tok16384_n237.csv,gemma4:e4b,direct_business_migration_fixed,237,8532,True,2,0.75,context,279,224,49,175,230,0.9451476793248945,0.21875,0.17562724014336917,0.19483101391650098,0.16055695782586538,0.22888620989886813,0.657608695652174,0.8175675675675675,0.7289156626506024,148,184,27,63
v4_social_signal_experiment_v4_prompt_think_true_gemma4_e4b_direct_core_recall_v2_think_ctx16384_tok16384_n237,v4_social_signal_experiment_v4_prompt_think_true_gemma4_e4b_direct_core_recall_v2_think_ctx16384_tok16384_n237.csv,gemma4:e4b,direct_core_recall_v2,237,8532,True,2,0.80,context,279,239,50,189,229,1.0084388185654007,0.20920502092050208,0.17921146953405018,0.19305019305019305,0.17626190049537063,0.24668809858683274,0.6628571428571428,0.7837837837837838,0.718266253869969,148,175,32,59
v4_social_signal_experiment_v4_prompt_think_true_gemma4_e4b_direct_brief_thinking_think_ctx16384_tok16384_n237,v4_social_signal_experiment_v4_prompt_think_true_gemma4_e4b_direct_brief_thinking_think_ctx16384_tok16384_n237.csv,gemma4:e4b,direct_brief_thinking,237,8532,True,5,default,context,279,293,55,238,224,1.2362869198312236,0.18771331058020477,0.1971326164874552,0.19230769230769232,0.1705412434873519,0.15287656553479337,0.6294642857142857,0.9527027027027027,0.7580645161290323,148,224,7,83
v4_social_signal_experiment_v4_prompt_think_true_gemma4_e4b_direct_brief_thinking_think_ctx16384_tok16384_n237,v4_social_signal_experiment_v4_prompt_think_true_gemma4_e4b_direct_brief_thinking_think_ctx16384_tok16384_n237.csv,gemma4:e4b,direct_brief_thinking,237,8532,True,5,0.05,context,279,293,55,238,224,1.2362869198312236,0.18771331058020477,0.1971326164874552,0.19230769230769232,0.1705412434873519,0.15287656553479337,0.6294642857142857,0.9527027027027027,0.7580645161290323,148,224,7,83
v4_social_signal_experiment_v4_prompt_think_true_gemma4_e4b_direct_brief_thinking_think_ctx16384_tok16384_n237,v4_social_signal_experiment_v4_prompt_think_true_gemma4_e4b_direct_brief_thinking_think_ctx16384_tok16384_n237.csv,gemma4:e4b,direct_brief_thinking,237,8532,True,5,0.10,context,279,293,55,238,224,1.2362869198312236,0.18771331058020477,0.1971326164874552,0.19230769230769232,0.1705412434873519,0.15287656553479337,0.6294642857142857,0.9527027027027027,0.7580645161290323,148,224,7,83
v4_social_signal_experiment_v4_prompt_think_true_gemma4_e4b_direct_brief_thinking_think_ctx16384_tok16384_n237,v4_social_signal_experiment_v4_prompt_think_true_gemma4_e4b_direct_brief_thinking_think_ctx16384_tok16384_n237.csv,gemma4:e4b,direct_brief_thinking,237,8532,True,5,0.15,context,279,293,55,238,224,1.2362869198312236,0.18771331058020477,0.1971326164874552,0.19230769230769232,0.1705412434873519,0.15287656553479337,0.6294642857142857,0.9527027027027027,0.7580645161290323,148,224,7,83
v4_social_signal_experiment_v4_prompt_think_true_gemma4_e4b_direct_brief_thinking_think_ctx16384_tok16384_n237,v4_social_signal_experiment_v4_prompt_think_true_gemma4_e4b_direct_brief_thinking_think_ctx16384_tok16384_n237.csv,gemma4:e4b,direct_brief_thinking,237,8532,True,5,0.20,context,279,293,55,238,224,1.2362869198312236,0.18771331058020477,0.1971326164874552,0.19230769230769232,0.1705412434873519,0.15287656553479337,0.6294642857142857,0.9527027027027027,0.7580645161290323,148,224,7,83
v4_social_signal_experiment_v4_prompt_think_true_gemma4_e4b_direct_brief_thinking_think_ctx16384_tok16384_n237,v4_social_signal_experiment_v4_prompt_think_true_gemma4_e4b_direct_brief_thinking_think_ctx16384_tok16384_n237.csv,gemma4:e4b,direct_brief_thinking,237,8532,True,5,0.25,context,279,293,55,238,224,1.2362869198312236,0.18771331058020477,0.1971326164874552,0.19230769230769232,0.1705412434873519,0.15287656553479337,0.6294642857142857,0.9527027027027027,0.7580645161290323,148,224,7,83
v4_social_signal_experiment_v4_prompt_think_true_gemma4_e4b_direct_brief_thinking_think_ctx16384_tok16384_n237,v4_social_signal_experiment_v4_prompt_think_true_gemma4_e4b_direct_brief_thinking_think_ctx16384_tok16384_n237.csv,gemma4:e4b,direct_brief_thinking,237,8532,True,5,0.30,context,279,293,55,238,224,1.2362869198312236,0.18771331058020477,0.1971326164874552,0.19230769230769232,0.1705412434873519,0.15287656553479337,0.6294642857142857,0.9527027027027027,0.7580645161290323,148,224,7,83
v4_social_signal_experiment_v4_prompt_think_true_gemma4_e4b_direct_brief_thinking_think_ctx16384_tok16384_n237,v4_social_signal_experiment_v4_prompt_think_true_gemma4_e4b_direct_brief_thinking_think_ctx16384_tok16384_n237.csv,gemma4:e4b,direct_brief_thinking,237,8532,True,5,0.35,context,279,293,55,238,224,1.2362869198312236,0.18771331058020477,0.1971326164874552,0.19230769230769232,0.1705412434873519,0.15287656553479337,0.6294642857142857,0.9527027027027027,0.7580645161290323,148,224,7,83
v4_social_signal_experiment_v4_prompt_think_true_gemma4_e4b_direct_brief_thinking_think_ctx16384_tok16384_n237,v4_social_signal_experiment_v4_prompt_think_true_gemma4_e4b_direct_brief_thinking_think_ctx16384_tok16384_n237.csv,gemma4:e4b,direct_brief_thinking,237,8532,True,5,0.40,context,279,293,55,238,224,1.2362869198312236,0.18771331058020477,0.1971326164874552,0.19230769230769232,0.1705412434873519,0.15287656553479337,0.6294642857142857,0.9527027027027027,0.7580645161290323,148,224,7,83
v4_social_signal_experiment_v4_prompt_think_true_gemma4_e4b_direct_brief_thinking_think_ctx16384_tok16384_n237,v4_social_signal_experiment_v4_prompt_think_true_gemma4_e4b_direct_brief_thinking_think_ctx16384_tok16384_n237.csv,gemma4:e4b,direct_brief_thinking,237,8532,True,5,0.45,context,279,293,55,238,224,1.2362869198312236,0.18771331058020477,0.1971326164874552,0.19230769230769232,0.1705412434873519,0.15287656553479337,0.6294642857142857,0.9527027027027027,0.7580645161290323,148,224,7,83
v4_social_signal_experiment_v4_prompt_think_true_gemma4_e4b_direct_brief_thinking_think_ctx16384_tok16384_n237,v4_social_signal_experiment_v4_prompt_think_true_gemma4_e4b_direct_brief_thinking_think_ctx16384_tok16384_n237.csv,gemma4:e4b,direct_brief_thinking,237,8532,True,5,0.50,context,279,293,55,238,224,1.2362869198312236,0.18771331058020477,0.1971326164874552,0.19230769230769232,0.1705412434873519,0.15287656553479337,0.6294642857142857,0.9527027027027027,0.7580645161290323,148,224,7,83
v4_social_signal_experiment_v4_prompt_think_true_gemma4_e4b_direct_brief_thinking_think_ctx16384_tok16384_n237,v4_social_signal_experiment_v4_prompt_think_true_gemma4_e4b_direct_brief_thinking_think_ctx16384_tok16384_n237.csv,gemma4:e4b,direct_brief_thinking,237,8532,True,5,0.55,context,279,293,55,238,224,1.2362869198312236,0.18771331058020477,0.1971326164874552,0.19230769230769232,0.1705412434873519,0.15287656553479337,0.6294642857142857,0.9527027027027027,0.7580645161290323,148,224,7,83
v4_social_signal_experiment_v4_prompt_think_true_gemma4_e4b_direct_brief_thinking_think_ctx16384_tok16384_n237,v4_social_signal_experiment_v4_prompt_think_true_gemma4_e4b_direct_brief_thinking_think_ctx16384_tok16384_n237.csv,gemma4:e4b,direct_brief_thinking,237,8532,True,5,0.60,context,279,293,55,238,224,1.2362869198312236,0.18771331058020477,0.1971326164874552,0.19230769230769232,0.1705412434873519,0.15287656553479337,0.6294642857142857,0.9527027027027027,0.7580645161290323,148,224,7,83
v4_social_signal_experiment_v4_prompt_think_true_gemma4_e4b_direct_brief_thinking_think_ctx16384_tok16384_n237,v4_social_signal_experiment_v4_prompt_think_true_gemma4_e4b_direct_brief_thinking_think_ctx16384_tok16384_n237.csv,gemma4:e4b,direct_brief_thinking,237,8532,True,5,0.65,context,279,286,54,232,225,1.2067510548523206,0.1888111888111888,0.1935483870967742,0.1911504424778761,0.1709440603456393,0.1556091353559708,0.6306306306306306,0.9459459459459459,0.7567567567567568,148,222,8,82
v4_social_signal_experiment_v4_prompt_think_true_gemma4_e4b_direct_brief_thinking_think_ctx16384_tok16384_n237,v4_social_signal_experiment_v4_prompt_think_true_gemma4_e4b_direct_brief_thinking_think_ctx16384_tok16384_n237.csv,gemma4:e4b,direct_brief_thinking,237,8532,True,5,0.70,context,279,286,54,232,225,1.2067510548523206,0.1888111888111888,0.1935483870967742,0.1911504424778761,0.1709440603456393,0.1556091353559708,0.6306306306306306,0.9459459459459459,0.7567567567567568,148,222,8,82
v4_social_signal_experiment_v4_prompt_think_true_gemma4_e4b_direct_core_gold_calibrated_v4_think_ctx16384_tok16384_n237,v4_social_signal_experiment_v4_prompt_think_true_gemma4_e4b_direct_core_gold_calibrated_v4_think_ctx16384_tok16384_n237.csv,gemma4:e4b,direct_core_gold_calibrated_v4,237,8532,True,0,0.80,context,279,233,48,185,231,0.9831223628691983,0.20600858369098712,0.17204301075268819,0.1875,0.16194504013485517,0.24561650257852788,0.64375,0.6959459459459459,0.6688311688311688,148,160,45,57
v4_social_signal_experiment_v4_prompt_think_true_gemma4_e4b_direct_brief_thinking_think_ctx16384_tok16384_n237,v4_social_signal_experiment_v4_prompt_think_true_gemma4_e4b_direct_brief_thinking_think_ctx16384_tok16384_n237.csv,gemma4:e4b,direct_brief_thinking,237,8532,True,5,0.75,context,279,213,44,169,235,0.8987341772151899,0.20657276995305165,0.15770609318996415,0.17886178861788618,0.1710250952145531,0.22683678253298506,0.6573033707865169,0.7905405405405406,0.7177914110429447,148,178,31,61
v4_social_signal_experiment_v4_prompt_think_true_gemma4_e4b_direct_brief_thinking_think_ctx16384_tok16384_n237,v4_social_signal_experiment_v4_prompt_think_true_gemma4_e4b_direct_brief_thinking_think_ctx16384_tok16384_n237.csv,gemma4:e4b,direct_brief_thinking,237,8532,True,5,0.80,context,279,213,44,169,235,0.8987341772151899,0.20657276995305165,0.15770609318996415,0.17886178861788618,0.1710250952145531,0.22683678253298506,0.6573033707865169,0.7905405405405406,0.7177914110429447,148,178,31,61
v4_social_signal_experiment_v4_prompt_think_true_gemma4_e4b_direct_core_targeted_v7_think_ctx16384_tok16384_n237,v4_social_signal_experiment_v4_prompt_think_true_gemma4_e4b_direct_core_targeted_v7_think_ctx16384_tok16384_n237.csv,gemma4:e4b,direct_core_targeted_v7,237,8532,True,3,0.85,context,279,226,45,181,234,0.9535864978902954,0.19911504424778761,0.16129032258064516,0.1782178217821782,0.10044578636782539,0.22630098452883263,0.620253164556962,0.6621621621621622,0.6405228758169934,148,158,50,60
v4_social_signal_experiment_v4_prompt_think_true_gemma4_e4b_direct_core_clean_fewshot_v6_think_ctx16384_tok16384_n237,v4_social_signal_experiment_v4_prompt_think_true_gemma4_e4b_direct_core_clean_fewshot_v6_think_ctx16384_tok16384_n237.csv,gemma4:e4b,direct_core_clean_fewshot_v6,237,8532,True,2,0.85,context,279,217,44,173,235,0.9156118143459916,0.20276497695852536,0.15770609318996415,0.1774193548387097,0.08931129362314032,0.23663853727144865,0.6419753086419753,0.7027027027027027,0.6709677419354839,148,162,44,58
v4_social_signal_experiment_v4_prompt_think_true_gemma4_e4b_direct_core_filtered_v3_think_ctx16384_tok16384_n237,v4_social_signal_experiment_v4_prompt_think_true_gemma4_e4b_direct_core_filtered_v3_think_ctx16384_tok16384_n237.csv,gemma4:e4b,direct_core_filtered_v3,237,8532,True,0,0.85,context,279,174,40,134,239,0.7341772151898734,0.22988505747126436,0.14336917562724014,0.17660044150110377,0.08705396164557799,0.3043600562587905,0.6923076923076923,0.6081081081081081,0.6474820143884892,148,130,58,40
v4_social_signal_experiment_v4_prompt_think_true_gemma4_e4b_gold_mimic_broad_v1_think_ctx16384_tok16384_n237,v4_social_signal_experiment_v4_prompt_think_true_gemma4_e4b_gold_mimic_broad_v1_think_ctx16384_tok16384_n237.csv,gemma4:e4b,gold_mimic_broad_v1,237,8532,True,3,0.90,context,279,199,42,157,237,0.8396624472573839,0.21105527638190955,0.15053763440860216,0.17573221757322174,0.14661143279936822,0.2795793985667403,0.6933333333333334,0.7027027027027027,0.697986577181208,148,150,44,46
v4_social_signal_experiment_v4_prompt_think_true_gemma4_e4b_direct_core_recall_v2_think_ctx16384_tok16384_n237,v4_social_signal_experiment_v4_prompt_think_true_gemma4_e4b_direct_core_recall_v2_think_ctx16384_tok16384_n237.csv,gemma4:e4b,direct_core_recall_v2,237,8532,True,2,0.85,context,279,225,44,181,235,0.9493670886075949,0.19555555555555557,0.15770609318996415,0.1746031746031746,0.15927990042111984,0.2369834572366218,0.6589595375722543,0.7702702702702703,0.7102803738317757,148,173,34,59
v4_social_signal_experiment_v4_prompt_think_true_gemma4_e4b_direct_core_balanced_v8_think_ctx16384_tok16384_n237,v4_social_signal_experiment_v4_prompt_think_true_gemma4_e4b_direct_core_balanced_v8_think_ctx16384_tok16384_n237.csv,gemma4:e4b,direct_core_balanced_v8,237,8532,True,2,0.90,context,279,182,39,143,240,0.7679324894514767,0.21428571428571427,0.13978494623655913,0.16919739696312364,0.10229327453485408,0.28009845288326296,0.6521739130434783,0.6081081081081081,0.6293706293706294,148,138,58,48
v4_social_signal_experiment_v4_prompt_think_true_gemma4_e4b_direct_brief_thinking_think_ctx16384_tok16384_n237,v4_social_signal_experiment_v4_prompt_think_true_gemma4_e4b_direct_brief_thinking_think_ctx16384_tok16384_n237.csv,gemma4:e4b,direct_brief_thinking,237,8532,True,5,0.85,context,279,206,41,165,238,0.869198312236287,0.19902912621359223,0.14695340501792115,0.16907216494845362,0.16684816226685606,0.2290871341504253,0.6609195402298851,0.777027027027027,0.7142857142857143,148,174,33,59
v4_social_signal_experiment_v4_prompt_think_true_gemma4_e4b_direct_core_gold_calibrated_v4_think_ctx16384_tok16384_n237,v4_social_signal_experiment_v4_prompt_think_true_gemma4_e4b_direct_core_gold_calibrated_v4_think_ctx16384_tok16384_n237.csv,gemma4:e4b,direct_core_gold_calibrated_v4,237,8532,True,0,0.85,context,279,207,41,166,238,0.8734177215189873,0.19806763285024154,0.14695340501792115,0.16872427983539096,0.12742684108119756,0.26322081575246137,0.6575342465753424,0.6486486486486487,0.6530612244897959,148,146,52,50
v4_social_signal_experiment_v4_prompt_think_true_gemma4_e4b_direct_core_clean_fewshot_v6_think_ctx16384_tok16384_n237,v4_social_signal_experiment_v4_prompt_think_true_gemma4_e4b_direct_core_clean_fewshot_v6_think_ctx16384_tok16384_n237.csv,gemma4:e4b,direct_core_clean_fewshot_v6,237,8532,True,2,0.90,context,279,186,38,148,241,0.7848101265822784,0.20430107526881722,0.13620071684587814,0.16344086021505377,0.07264531305614946,0.2459212376933896,0.6428571428571429,0.668918918918919,0.6556291390728477,148,154,49,55
v4_social_signal_experiment_v4_prompt_think_true_gemma4_e4b_direct_core_gold_fewshot_v5_think_ctx16384_tok16384_n237,v4_social_signal_experiment_v4_prompt_think_true_gemma4_e4b_direct_core_gold_fewshot_v5_think_ctx16384_tok16384_n237.csv,gemma4:e4b,direct_core_gold_fewshot_v5,237,8532,True,1,0.90,context,279,183,34,149,245,0.7721518987341772,0.18579234972677597,0.12186379928315412,0.1471861471861472,0.09683490469421863,0.2689170182841069,0.6758620689655173,0.6621621621621622,0.6689419795221843,148,145,50,47
v4_social_signal_experiment_v4_prompt_think_true_gemma4_e4b_direct_core_targeted_v7_think_ctx16384_tok16384_n237,v4_social_signal_experiment_v4_prompt_think_true_gemma4_e4b_direct_core_targeted_v7_think_ctx16384_tok16384_n237.csv,gemma4:e4b,direct_core_targeted_v7,237,8532,True,3,0.90,context,279,173,31,142,248,0.729957805907173,0.1791907514450867,0.1111111111111111,0.13716814159292035,0.07502172586206199,0.26352555086732304,0.6617647058823529,0.6081081081081081,0.6338028169014085,148,136,58,46
v4_social_signal_experiment_v4_prompt_think_true_gemma4_e2b_direct_core_recall_v2_think_ctx16384_tok16384_n237,v4_social_signal_experiment_v4_prompt_think_true_gemma4_e2b_direct_core_recall_v2_think_ctx16384_tok16384_n237.csv,gemma4:e2b,direct_core_recall_v2,237,8532,True,10,0.65,context,279,162,28,134,251,0.6835443037974683,0.1728395061728395,0.1003584229390681,0.12698412698412698,0.11546595076006842,0.24416315049226442,0.6666666666666666,0.6621621621621622,0.6644067796610169,148,147,50,49
v4_social_signal_experiment_v4_prompt_think_true_gemma4_e2b_direct_core_recall_v2_think_ctx16384_tok16384_n237,v4_social_signal_experiment_v4_prompt_think_true_gemma4_e2b_direct_core_recall_v2_think_ctx16384_tok16384_n237.csv,gemma4:e2b,direct_core_recall_v2,237,8532,True,10,default,context,279,169,28,141,251,0.7130801687763713,0.16568047337278108,0.1003584229390681,0.125,0.1135345488286665,0.23150492264416314,0.6623376623376623,0.6891891891891891,0.6754966887417219,148,154,46,52
v4_social_signal_experiment_v4_prompt_think_true_gemma4_e2b_direct_core_recall_v2_think_ctx16384_tok16384_n237,v4_social_signal_experiment_v4_prompt_think_true_gemma4_e2b_direct_core_recall_v2_think_ctx16384_tok16384_n237.csv,gemma4:e2b,direct_core_recall_v2,237,8532,True,10,0.05,context,279,169,28,141,251,0.7130801687763713,0.16568047337278108,0.1003584229390681,0.125,0.1135345488286665,0.23150492264416314,0.6623376623376623,0.6891891891891891,0.6754966887417219,148,154,46,52
v4_social_signal_experiment_v4_prompt_think_true_gemma4_e2b_direct_core_recall_v2_think_ctx16384_tok16384_n237,v4_social_signal_experiment_v4_prompt_think_true_gemma4_e2b_direct_core_recall_v2_think_ctx16384_tok16384_n237.csv,gemma4:e2b,direct_core_recall_v2,237,8532,True,10,0.10,context,279,169,28,141,251,0.7130801687763713,0.16568047337278108,0.1003584229390681,0.125,0.1135345488286665,0.23150492264416314,0.6623376623376623,0.6891891891891891,0.6754966887417219,148,154,46,52
v4_social_signal_experiment_v4_prompt_think_true_gemma4_e2b_direct_core_recall_v2_think_ctx16384_tok16384_n237,v4_social_signal_experiment_v4_prompt_think_true_gemma4_e2b_direct_core_recall_v2_think_ctx16384_tok16384_n237.csv,gemma4:e2b,direct_core_recall_v2,237,8532,True,10,0.15,context,279,169,28,141,251,0.7130801687763713,0.16568047337278108,0.1003584229390681,0.125,0.1135345488286665,0.23150492264416314,0.6623376623376623,0.6891891891891891,0.6754966887417219,148,154,46,52
v4_social_signal_experiment_v4_prompt_think_true_gemma4_e2b_direct_core_recall_v2_think_ctx16384_tok16384_n237,v4_social_signal_experiment_v4_prompt_think_true_gemma4_e2b_direct_core_recall_v2_think_ctx16384_tok16384_n237.csv,gemma4:e2b,direct_core_recall_v2,237,8532,True,10,0.20,context,279,169,28,141,251,0.7130801687763713,0.16568047337278108,0.1003584229390681,0.125,0.1135345488286665,0.23150492264416314,0.6623376623376623,0.6891891891891891,0.6754966887417219,148,154,46,52
v4_social_signal_experiment_v4_prompt_think_true_gemma4_e2b_direct_core_recall_v2_think_ctx16384_tok16384_n237,v4_social_signal_experiment_v4_prompt_think_true_gemma4_e2b_direct_core_recall_v2_think_ctx16384_tok16384_n237.csv,gemma4:e2b,direct_core_recall_v2,237,8532,True,10,0.25,context,279,169,28,141,251,0.7130801687763713,0.16568047337278108,0.1003584229390681,0.125,0.1135345488286665,0.23150492264416314,0.6623376623376623,0.6891891891891891,0.6754966887417219,148,154,46,52
v4_social_signal_experiment_v4_prompt_think_true_gemma4_e2b_direct_core_recall_v2_think_ctx16384_tok16384_n237,v4_social_signal_experiment_v4_prompt_think_true_gemma4_e2b_direct_core_recall_v2_think_ctx16384_tok16384_n237.csv,gemma4:e2b,direct_core_recall_v2,237,8532,True,10,0.30,context,279,169,28,141,251,0.7130801687763713,0.16568047337278108,0.1003584229390681,0.125,0.1135345488286665,0.23150492264416314,0.6623376623376623,0.6891891891891891,0.6754966887417219,148,154,46,52
v4_social_signal_experiment_v4_prompt_think_true_gemma4_e2b_direct_core_recall_v2_think_ctx16384_tok16384_n237,v4_social_signal_experiment_v4_prompt_think_true_gemma4_e2b_direct_core_recall_v2_think_ctx16384_tok16384_n237.csv,gemma4:e2b,direct_core_recall_v2,237,8532,True,10,0.35,context,279,169,28,141,251,0.7130801687763713,0.16568047337278108,0.1003584229390681,0.125,0.1135345488286665,0.23150492264416314,0.6623376623376623,0.6891891891891891,0.6754966887417219,148,154,46,52
v4_social_signal_experiment_v4_prompt_think_true_gemma4_e2b_direct_core_recall_v2_think_ctx16384_tok16384_n237,v4_social_signal_experiment_v4_prompt_think_true_gemma4_e2b_direct_core_recall_v2_think_ctx16384_tok16384_n237.csv,gemma4:e2b,direct_core_recall_v2,237,8532,True,10,0.40,context,279,169,28,141,251,0.7130801687763713,0.16568047337278108,0.1003584229390681,0.125,0.1135345488286665,0.23150492264416314,0.6623376623376623,0.6891891891891891,0.6754966887417219,148,154,46,52
v4_social_signal_experiment_v4_prompt_think_true_gemma4_e2b_direct_core_recall_v2_think_ctx16384_tok16384_n237,v4_social_signal_experiment_v4_prompt_think_true_gemma4_e2b_direct_core_recall_v2_think_ctx16384_tok16384_n237.csv,gemma4:e2b,direct_core_recall_v2,237,8532,True,10,0.45,context,279,169,28,141,251,0.7130801687763713,0.16568047337278108,0.1003584229390681,0.125,0.1135345488286665,0.23150492264416314,0.6623376623376623,0.6891891891891891,0.6754966887417219,148,154,46,52
v4_social_signal_experiment_v4_prompt_think_true_gemma4_e2b_direct_core_recall_v2_think_ctx16384_tok16384_n237,v4_social_signal_experiment_v4_prompt_think_true_gemma4_e2b_direct_core_recall_v2_think_ctx16384_tok16384_n237.csv,gemma4:e2b,direct_core_recall_v2,237,8532,True,10,0.50,context,279,169,28,141,251,0.7130801687763713,0.16568047337278108,0.1003584229390681,0.125,0.1135345488286665,0.23150492264416314,0.6623376623376623,0.6891891891891891,0.6754966887417219,148,154,46,52
v4_social_signal_experiment_v4_prompt_think_true_gemma4_e2b_direct_core_recall_v2_think_ctx16384_tok16384_n237,v4_social_signal_experiment_v4_prompt_think_true_gemma4_e2b_direct_core_recall_v2_think_ctx16384_tok16384_n237.csv,gemma4:e2b,direct_core_recall_v2,237,8532,True,10,0.55,context,279,169,28,141,251,0.7130801687763713,0.16568047337278108,0.1003584229390681,0.125,0.1135345488286665,0.23150492264416314,0.6623376623376623,0.6891891891891891,0.6754966887417219,148,154,46,52
v4_social_signal_experiment_v4_prompt_think_true_gemma4_e2b_direct_core_recall_v2_think_ctx16384_tok16384_n237,v4_social_signal_experiment_v4_prompt_think_true_gemma4_e2b_direct_core_recall_v2_think_ctx16384_tok16384_n237.csv,gemma4:e2b,direct_core_recall_v2,237,8532,True,10,0.60,context,279,169,28,141,251,0.7130801687763713,0.16568047337278108,0.1003584229390681,0.125,0.1135345488286665,0.23150492264416314,0.6623376623376623,0.6891891891891891,0.6754966887417219,148,154,46,52
v4_social_signal_experiment_v4_prompt_think_true_gemma4_e2b_direct_core_recall_v2_think_ctx16384_tok16384_n237,v4_social_signal_experiment_v4_prompt_think_true_gemma4_e2b_direct_core_recall_v2_think_ctx16384_tok16384_n237.csv,gemma4:e2b,direct_core_recall_v2,237,8532,True,10,0.85,context,279,135,22,113,257,0.569620253164557,0.16296296296296298,0.07885304659498207,0.10628019323671498,0.10989952302760185,0.2459915611814346,0.6311475409836066,0.5202702702702703,0.5703703703703704,148,122,71,45
v4_social_signal_experiment_v4_prompt_think_true_gemma4_e2b_direct_core_recall_v2_think_ctx16384_tok16384_n237,v4_social_signal_experiment_v4_prompt_think_true_gemma4_e2b_direct_core_recall_v2_think_ctx16384_tok16384_n237.csv,gemma4:e2b,direct_core_recall_v2,237,8532,True,10,0.80,context,279,136,22,114,257,0.5738396624472574,0.16176470588235295,0.07885304659498207,0.10602409638554217,0.10982393723773035,0.2459915611814346,0.6311475409836066,0.5202702702702703,0.5703703703703704,148,122,71,45
v4_social_signal_experiment_v4_prompt_think_true_gemma4_e2b_direct_core_recall_v2_think_ctx16384_tok16384_n237,v4_social_signal_experiment_v4_prompt_think_true_gemma4_e2b_direct_core_recall_v2_think_ctx16384_tok16384_n237.csv,gemma4:e2b,direct_core_recall_v2,237,8532,True,10,0.70,context,279,138,22,116,257,0.5822784810126582,0.15942028985507245,0.07885304659498207,0.10551558752997602,0.10888771659562733,0.2459915611814346,0.6370967741935484,0.5337837837837838,0.5808823529411765,148,124,69,45
v4_social_signal_experiment_v4_prompt_think_true_gemma4_e2b_direct_core_recall_v2_think_ctx16384_tok16384_n237,v4_social_signal_experiment_v4_prompt_think_true_gemma4_e2b_direct_core_recall_v2_think_ctx16384_tok16384_n237.csv,gemma4:e2b,direct_core_recall_v2,237,8532,True,10,0.75,context,279,138,22,116,257,0.5822784810126582,0.15942028985507245,0.07885304659498207,0.10551558752997602,0.10888771659562733,0.2459915611814346,0.6370967741935484,0.5337837837837838,0.5808823529411765,148,124,69,45
v4_social_signal_experiment_v4_prompt_think_true_gemma4_e4b_direct_core_filtered_v3_think_ctx16384_tok16384_n237,v4_social_signal_experiment_v4_prompt_think_true_gemma4_e4b_direct_core_filtered_v3_think_ctx16384_tok16384_n237.csv,gemma4:e4b,direct_core_filtered_v3,237,8532,True,0,0.90,context,279,142,22,120,257,0.5991561181434599,0.15492957746478872,0.07885304659498207,0.10451306413301663,0.03487160431938343,0.2905766526019691,0.711864406779661,0.5675675675675675,0.631578947368421,148,118,64,34
v4_social_signal_experiment_v4_prompt_think_true_gemma4_e4b_direct_core_gold_calibrated_v4_think_ctx16384_tok16384_n237,v4_social_signal_experiment_v4_prompt_think_true_gemma4_e4b_direct_core_gold_calibrated_v4_think_ctx16384_tok16384_n237.csv,gemma4:e4b,direct_core_gold_calibrated_v4,237,8532,True,0,0.90,context,279,157,22,135,257,0.6624472573839663,0.14012738853503184,0.07885304659498207,0.10091743119266056,0.07523570343053816,0.2573136427566807,0.6666666666666666,0.5675675675675675,0.6131386861313869,148,126,64,42
v4_social_signal_experiment_v4_prompt_think_true_gemma4_e4b_direct_core_clean_fewshot_v6_think_ctx16384_tok16384_n237,v4_social_signal_experiment_v4_prompt_think_true_gemma4_e4b_direct_core_clean_fewshot_v6_think_ctx16384_tok16384_n237.csv,gemma4:e4b,direct_core_clean_fewshot_v6,237,8532,True,2,0.95,context,279,83,17,66,262,0.350210970464135,0.20481927710843373,0.06093189964157706,0.09392265193370165,0.043369898175390165,0.3282097649186257,0.7108433734939759,0.39864864864864863,0.5108225108225108,148,83,89,24
v4_social_signal_experiment_v4_prompt_think_true_gemma4_e4b_direct_core_gold_fewshot_v5_think_ctx16384_tok16384_n237,v4_social_signal_experiment_v4_prompt_think_true_gemma4_e4b_direct_core_gold_fewshot_v5_think_ctx16384_tok16384_n237.csv,gemma4:e4b,direct_core_gold_fewshot_v5,237,8532,True,1,0.95,context,279,107,18,89,261,0.45147679324894513,0.16822429906542055,0.06451612903225806,0.09326424870466321,0.030307386112339678,0.3023909985935302,0.696078431372549,0.4797297297297297,0.568,148,102,77,31
v4_social_signal_experiment_v4_prompt_think_true_gemma4_e4b_direct_core_recall_v2_think_ctx16384_tok16384_n237,v4_social_signal_experiment_v4_prompt_think_true_gemma4_e4b_direct_core_recall_v2_think_ctx16384_tok16384_n237.csv,gemma4:e4b,direct_core_recall_v2,237,8532,True,2,0.90,context,279,108,16,92,263,0.45569620253164556,0.14814814814814814,0.05734767025089606,0.082687338501292,0.04446180290100435,0.31329113924050633,0.7252747252747253,0.44594594594594594,0.5523012552301255,148,91,82,25
v4_social_signal_experiment_v4_prompt_think_true_gemma4_e4b_direct_core_balanced_v8_think_ctx16384_tok16384_n237,v4_social_signal_experiment_v4_prompt_think_true_gemma4_e4b_direct_core_balanced_v8_think_ctx16384_tok16384_n237.csv,gemma4:e4b,direct_core_balanced_v8,237,8532,True,2,0.95,context,279,73,13,60,266,0.3080168776371308,0.1780821917808219,0.04659498207885305,0.07386363636363637,0.028366587221096768,0.3443841671689773,0.7384615384615385,0.32432432432432434,0.4507042253521127,148,65,100,17
v4_social_signal_experiment_v4_prompt_think_true_gemma4_e4b_direct_brief_thinking_think_ctx16384_tok16384_n237,v4_social_signal_experiment_v4_prompt_think_true_gemma4_e4b_direct_brief_thinking_think_ctx16384_tok16384_n237.csv,gemma4:e4b,direct_brief_thinking,237,8532,True,5,0.90,context,279,73,12,61,267,0.3080168776371308,0.1643835616438356,0.043010752688172046,0.06818181818181818,0.06791579879815172,0.3258790436005626,0.7101449275362319,0.3310810810810811,0.45161290322580644,148,69,99,20
v4_social_signal_experiment_v4_prompt_think_true_gemma4_e4b_direct_business_migration_fixed_think_ctx16384_tok16384_n237,v4_social_signal_experiment_v4_prompt_think_true_gemma4_e4b_direct_business_migration_fixed_think_ctx16384_tok16384_n237.csv,gemma4:e4b,direct_business_migration_fixed,237,8532,True,2,0.90,context,279,74,12,62,267,0.31223628691983124,0.16216216216216217,0.043010752688172046,0.0679886685552408,0.021759259259259263,0.3220112517580872,0.7058823529411765,0.32432432432432434,0.4444444444444444,148,68,100,20
v4_social_signal_experiment_v4_prompt_think_true_gemma4_e4b_direct_core_gold_calibrated_v4_think_ctx16384_tok16384_n237,v4_social_signal_experiment_v4_prompt_think_true_gemma4_e4b_direct_core_gold_calibrated_v4_think_ctx16384_tok16384_n237.csv,gemma4:e4b,direct_core_gold_calibrated_v4,237,8532,True,0,0.95,context,279,85,11,74,268,0.35864978902953587,0.12941176470588237,0.03942652329749104,0.06043956043956044,0.020961455547921712,0.29817158931082977,0.6785714285714286,0.38513513513513514,0.49137931034482757,148,84,91,27
v4_social_signal_experiment_v4_prompt_think_true_gemma4_e4b_direct_core_targeted_v7_think_ctx16384_tok16384_n237,v4_social_signal_experiment_v4_prompt_think_true_gemma4_e4b_direct_core_targeted_v7_think_ctx16384_tok16384_n237.csv,gemma4:e4b,direct_core_targeted_v7,237,8532,True,3,0.95,context,279,88,11,77,268,0.37130801687763715,0.125,0.03942652329749104,0.05994550408719346,0.026123079739115197,0.2958609604179224,0.6896551724137931,0.40540540540540543,0.5106382978723404,148,87,88,27
v4_social_signal_experiment_v4_prompt_think_true_gemma4_e2b_direct_core_recall_v2_think_ctx16384_tok16384_n237,v4_social_signal_experiment_v4_prompt_think_true_gemma4_e2b_direct_core_recall_v2_think_ctx16384_tok16384_n237.csv,gemma4:e2b,direct_core_recall_v2,237,8532,True,10,0.90,context,279,42,9,33,270,0.17721518987341772,0.21428571428571427,0.03225806451612903,0.056074766355140186,0.05226757369614512,0.3469760900140647,0.6829268292682927,0.1891891891891892,0.2962962962962963,148,41,120,13
v4_social_signal_experiment_v4_prompt_think_true_gemma4_e4b_direct_core_filtered_v3_think_ctx16384_tok16384_n237,v4_social_signal_experiment_v4_prompt_think_true_gemma4_e4b_direct_core_filtered_v3_think_ctx16384_tok16384_n237.csv,gemma4:e4b,direct_core_filtered_v3,237,8532,True,0,0.95,context,279,80,9,71,270,0.33755274261603374,0.1125,0.03225806451612903,0.05013927576601671,0.02110080337612854,0.3213783403656821,0.7564102564102564,0.39864864864864863,0.5221238938053098,148,78,89,19
v4_social_signal_experiment_v4_prompt_think_true_gemma4_e2b_direct_core_recall_v2_think_ctx16384_tok16384_n237,v4_social_signal_experiment_v4_prompt_think_true_gemma4_e2b_direct_core_recall_v2_think_ctx16384_tok16384_n237.csv,gemma4:e2b,direct_core_recall_v2,237,8532,True,10,0.95,context,279,30,7,23,272,0.12658227848101267,0.23333333333333334,0.025089605734767026,0.045307443365695796,0.04183673469387755,0.35513361462728554,0.6666666666666666,0.13513513513513514,0.2247191011235955,148,30,128,10
v4_social_signal_experiment_v4_prompt_think_true_gemma4_e4b_direct_business_migration_fixed_think_ctx16384_tok16384_n237,v4_social_signal_experiment_v4_prompt_think_true_gemma4_e4b_direct_business_migration_fixed_think_ctx16384_tok16384_n237.csv,gemma4:e4b,direct_business_migration_fixed,237,8532,True,2,0.95,context,279,38,7,31,272,0.16033755274261605,0.18421052631578946,0.025089605734767026,0.04416403785488959,0.015620094191522766,0.3366485834840265,0.6578947368421053,0.16891891891891891,0.26881720430107525,148,38,123,13
v4_social_signal_experiment_v4_prompt_think_true_gemma4_e4b_direct_core_recall_v2_think_ctx16384_tok16384_n237,v4_social_signal_experiment_v4_prompt_think_true_gemma4_e4b_direct_core_recall_v2_think_ctx16384_tok16384_n237.csv,gemma4:e4b,direct_core_recall_v2,237,8532,True,2,0.95,context,279,41,4,37,275,0.1729957805907173,0.0975609756097561,0.014336917562724014,0.025,0.012093726379440664,0.3347398030942335,0.7073170731707317,0.19594594594594594,0.30687830687830686,148,41,119,12
v4_social_signal_experiment_v4_prompt_think_true_gemma4_e4b_direct_brief_thinking_think_ctx16384_tok16384_n237,v4_social_signal_experiment_v4_prompt_think_true_gemma4_e4b_direct_brief_thinking_think_ctx16384_tok16384_n237.csv,gemma4:e4b,direct_brief_thinking,237,8532,True,5,0.95,context,279,15,0,15,279,0.06329113924050633,0.0,0.0,0.0,0.0,0.35443037974683544,0.6666666666666666,0.06756756756756757,0.12269938650306748,148,15,138,5
v4_social_signal_experiment_v4_prompt_think_true_gemma4_e4b_gold_mimic_broad_v1_think_ctx16384_tok16384_n237,v4_social_signal_experiment_v4_prompt_think_true_gemma4_e4b_gold_mimic_broad_v1_think_ctx16384_tok16384_n237.csv,gemma4:e4b,gold_mimic_broad_v1,237,8532,True,3,0.95,context,279,7,0,7,279,0.029535864978902954,0.0,0.0,0.0,0.0,0.37130801687763715,0.8571428571428571,0.04054054054054054,0.07741935483870968,148,7,142,1
v4_social_signal_experiment_v4_prompt_think_true_gemma4_e4b_direct_core_targeted_v7_think_ctx16384_tok16384_n237,v4_social_signal_experiment_v4_prompt_think_true_gemma4_e4b_direct_core_targeted_v7_think_ctx16384_tok16384_n237.csv,gemma4:e4b,direct_core_targeted_v7,237,8532,True,3,0.85,direct,221,226,130,96,91,0.9535864978902954,0.5752212389380531,0.5882352941176471,0.5816554809843401,0.41010971374363686,0.5714687562788828,0.7341772151898734,0.8,0.7656765676567657,145,158,29,42
v4_social_signal_experiment_v4_prompt_think_true_gemma4_e4b_direct_core_recall_v2_think_ctx16384_tok16384_n237,v4_social_signal_experiment_v4_prompt_think_true_gemma4_e4b_direct_core_recall_v2_think_ctx16384_tok16384_n237.csv,gemma4:e4b,direct_core_recall_v2,237,8532,True,2,0.85,direct,221,225,129,96,92,0.9493670886075949,0.5733333333333334,0.583710407239819,0.57847533632287,0.3592682575496556,0.5513160538476994,0.7109826589595376,0.8482758620689655,0.7735849056603774,145,173,22,50
v4_social_signal_experiment_v4_prompt_think_true_gemma4_e4b_direct_core_recall_v2_think_ctx16384_tok16384_n237,v4_social_signal_experiment_v4_prompt_think_true_gemma4_e4b_direct_core_recall_v2_think_ctx16384_tok16384_n237.csv,gemma4:e4b,direct_core_recall_v2,237,8532,True,2,0.75,direct,221,242,133,109,88,1.021097046413502,0.5495867768595041,0.6018099547511312,0.5745140388768899,0.3505783664259596,0.5474884468555354,0.7085714285714285,0.8551724137931035,0.775,145,175,21,51
v4_social_signal_experiment_v4_prompt_think_true_gemma4_e4b_direct_core_recall_v2_think_ctx16384_tok16384_n237,v4_social_signal_experiment_v4_prompt_think_true_gemma4_e4b_direct_core_recall_v2_think_ctx16384_tok16384_n237.csv,gemma4:e4b,direct_core_recall_v2,237,8532,True,2,0.80,direct,221,239,132,107,89,1.0084388185654007,0.5523012552301255,0.5972850678733032,0.5739130434782609,0.3511122514483303,0.5480510347598955,0.7085714285714285,0.8551724137931035,0.775,145,175,21,51
v4_social_signal_experiment_v4_prompt_think_true_gemma4_e4b_direct_core_gold_fewshot_v5_think_ctx16384_tok16384_n237,v4_social_signal_experiment_v4_prompt_think_true_gemma4_e4b_direct_core_gold_fewshot_v5_think_ctx16384_tok16384_n237.csv,gemma4:e4b,direct_core_gold_fewshot_v5,237,8532,True,1,0.90,direct,221,183,114,69,107,0.7721518987341772,0.6229508196721312,0.5158371040723982,0.5643564356435643,0.33734758493486855,0.5881856540084388,0.7655172413793103,0.7655172413793103,0.7655172413793103,145,145,34,34
v4_social_signal_experiment_v4_prompt_think_true_gemma4_e4b_direct_core_targeted_v7_think_ctx16384_tok16384_n237,v4_social_signal_experiment_v4_prompt_think_true_gemma4_e4b_direct_core_targeted_v7_think_ctx16384_tok16384_n237.csv,gemma4:e4b,direct_core_targeted_v7,237,8532,True,3,0.80,direct,221,288,143,145,78,1.2151898734177216,0.4965277777777778,0.6470588235294118,0.5618860510805501,0.45107168378312773,0.492987743620655,0.6616161616161617,0.903448275862069,0.7638483965014577,145,198,14,67
v4_social_signal_experiment_v4_prompt_think_true_gemma4_e4b_direct_core_targeted_v7_think_ctx16384_tok16384_n237,v4_social_signal_experiment_v4_prompt_think_true_gemma4_e4b_direct_core_targeted_v7_think_ctx16384_tok16384_n237.csv,gemma4:e4b,direct_core_targeted_v7,237,8532,True,3,0.75,direct,221,315,150,165,71,1.3291139240506329,0.47619047619047616,0.6787330316742082,0.5597014925373134,0.43746796242807184,0.479676511954993,0.6521739130434783,0.9310344827586207,0.7670454545454546,145,207,10,72
v4_social_signal_experiment_v4_prompt_think_true_gemma4_e4b_direct_core_targeted_v7_think_ctx16384_tok16384_n237,v4_social_signal_experiment_v4_prompt_think_true_gemma4_e4b_direct_core_targeted_v7_think_ctx16384_tok16384_n237.csv,gemma4:e4b,direct_core_targeted_v7,237,8532,True,3,0.90,direct,221,173,110,63,111,0.729957805907173,0.6358381502890174,0.497737556561086,0.5583756345177665,0.38648184871903213,0.5921237693389592,0.7794117647058824,0.7310344827586207,0.7544483985765125,145,136,39,30
v4_social_signal_experiment_v4_prompt_think_true_gemma4_e4b_direct_core_filtered_v3_think_ctx16384_tok16384_n237,v4_social_signal_experiment_v4_prompt_think_true_gemma4_e4b_direct_core_filtered_v3_think_ctx16384_tok16384_n237.csv,gemma4:e4b,direct_core_filtered_v3,237,8532,True,0,0.80,direct,221,226,124,102,97,0.9535864978902954,0.5486725663716814,0.5610859728506787,0.5548098434004475,0.3541428454044536,0.5274462527627085,0.6987951807228916,0.8,0.7459807073954984,145,166,29,50
v4_social_signal_experiment_v4_prompt_think_true_gemma4_e4b_direct_core_targeted_v7_think_ctx16384_tok16384_n237,v4_social_signal_experiment_v4_prompt_think_true_gemma4_e4b_direct_core_targeted_v7_think_ctx16384_tok16384_n237.csv,gemma4:e4b,direct_core_targeted_v7,237,8532,True,3,0.65,direct,221,348,156,192,65,1.4683544303797469,0.4482758620689655,0.7058823529411765,0.5483304042179262,0.49935069572921,0.4625175808720112,0.6396396396396397,0.9793103448275862,0.773841961852861,145,222,3,80
v4_social_signal_experiment_v4_prompt_think_true_gemma4_e4b_direct_core_targeted_v7_think_ctx16384_tok16384_n237,v4_social_signal_experiment_v4_prompt_think_true_gemma4_e4b_direct_core_targeted_v7_think_ctx16384_tok16384_n237.csv,gemma4:e4b,direct_core_targeted_v7,237,8532,True,3,0.70,direct,221,348,156,192,65,1.4683544303797469,0.4482758620689655,0.7058823529411765,0.5483304042179262,0.49935069572921,0.4625175808720112,0.6396396396396397,0.9793103448275862,0.773841961852861,145,222,3,80
v4_social_signal_experiment_v4_prompt_think_true_gemma4_e4b_direct_core_recall_v2_think_ctx16384_tok16384_n237,v4_social_signal_experiment_v4_prompt_think_true_gemma4_e4b_direct_core_recall_v2_think_ctx16384_tok16384_n237.csv,gemma4:e4b,direct_core_recall_v2,237,8532,True,2,0.65,direct,221,298,142,156,79,1.2573839662447257,0.47651006711409394,0.6425339366515838,0.5472061657032755,0.3500248413535529,0.48082178018886873,0.6634146341463415,0.9379310344827586,0.7771428571428571,145,205,9,69
v4_social_signal_experiment_v4_prompt_think_true_gemma4_e4b_direct_core_recall_v2_think_ctx16384_tok16384_n237,v4_social_signal_experiment_v4_prompt_think_true_gemma4_e4b_direct_core_recall_v2_think_ctx16384_tok16384_n237.csv,gemma4:e4b,direct_core_recall_v2,237,8532,True,2,0.70,direct,221,298,142,156,79,1.2573839662447257,0.47651006711409394,0.6425339366515838,0.5472061657032755,0.3500248413535529,0.48082178018886873,0.6634146341463415,0.9379310344827586,0.7771428571428571,145,205,9,69
v4_social_signal_experiment_v4_prompt_think_true_gemma4_e4b_direct_core_balanced_v8_think_ctx16384_tok16384_n237,v4_social_signal_experiment_v4_prompt_think_true_gemma4_e4b_direct_core_balanced_v8_think_ctx16384_tok16384_n237.csv,gemma4:e4b,direct_core_balanced_v8,237,8532,True,2,0.80,direct,221,303,143,160,78,1.2784810126582278,0.47194719471947194,0.6470588235294118,0.5458015267175572,0.40862201833821,0.47357846092023304,0.6502463054187192,0.9103448275862069,0.7586206896551724,145,203,13,71
v4_social_signal_experiment_v4_prompt_think_true_gemma4_e4b_direct_core_targeted_v7_think_ctx16384_tok16384_n237,v4_social_signal_experiment_v4_prompt_think_true_gemma4_e4b_direct_core_targeted_v7_think_ctx16384_tok16384_n237.csv,gemma4:e4b,direct_core_targeted_v7,237,8532,True,3,default,direct,221,351,156,195,65,1.481012658227848,0.4444444444444444,0.7058823529411765,0.5454545454545454,0.496289471239414,0.4613924050632911,0.6396396396396397,0.9793103448275862,0.773841961852861,145,222,3,80
v4_social_signal_experiment_v4_prompt_think_true_gemma4_e4b_direct_core_targeted_v7_think_ctx16384_tok16384_n237,v4_social_signal_experiment_v4_prompt_think_true_gemma4_e4b_direct_core_targeted_v7_think_ctx16384_tok16384_n237.csv,gemma4:e4b,direct_core_targeted_v7,237,8532,True,3,0.05,direct,221,351,156,195,65,1.481012658227848,0.4444444444444444,0.7058823529411765,0.5454545454545454,0.496289471239414,0.4613924050632911,0.6396396396396397,0.9793103448275862,0.773841961852861,145,222,3,80
v4_social_signal_experiment_v4_prompt_think_true_gemma4_e4b_direct_core_targeted_v7_think_ctx16384_tok16384_n237,v4_social_signal_experiment_v4_prompt_think_true_gemma4_e4b_direct_core_targeted_v7_think_ctx16384_tok16384_n237.csv,gemma4:e4b,direct_core_targeted_v7,237,8532,True,3,0.10,direct,221,351,156,195,65,1.481012658227848,0.4444444444444444,0.7058823529411765,0.5454545454545454,0.496289471239414,0.4613924050632911,0.6396396396396397,0.9793103448275862,0.773841961852861,145,222,3,80
v4_social_signal_experiment_v4_prompt_think_true_gemma4_e4b_direct_core_targeted_v7_think_ctx16384_tok16384_n237,v4_social_signal_experiment_v4_prompt_think_true_gemma4_e4b_direct_core_targeted_v7_think_ctx16384_tok16384_n237.csv,gemma4:e4b,direct_core_targeted_v7,237,8532,True,3,0.15,direct,221,351,156,195,65,1.481012658227848,0.4444444444444444,0.7058823529411765,0.5454545454545454,0.496289471239414,0.4613924050632911,0.6396396396396397,0.9793103448275862,0.773841961852861,145,222,3,80
v4_social_signal_experiment_v4_prompt_think_true_gemma4_e4b_direct_core_targeted_v7_think_ctx16384_tok16384_n237,v4_social_signal_experiment_v4_prompt_think_true_gemma4_e4b_direct_core_targeted_v7_think_ctx16384_tok16384_n237.csv,gemma4:e4b,direct_core_targeted_v7,237,8532,True,3,0.20,direct,221,351,156,195,65,1.481012658227848,0.4444444444444444,0.7058823529411765,0.5454545454545454,0.496289471239414,0.4613924050632911,0.6396396396396397,0.9793103448275862,0.773841961852861,145,222,3,80
v4_social_signal_experiment_v4_prompt_think_true_gemma4_e4b_direct_core_targeted_v7_think_ctx16384_tok16384_n237,v4_social_signal_experiment_v4_prompt_think_true_gemma4_e4b_direct_core_targeted_v7_think_ctx16384_tok16384_n237.csv,gemma4:e4b,direct_core_targeted_v7,237,8532,True,3,0.25,direct,221,351,156,195,65,1.481012658227848,0.4444444444444444,0.7058823529411765,0.5454545454545454,0.496289471239414,0.4613924050632911,0.6396396396396397,0.9793103448275862,0.773841961852861,145,222,3,80
v4_social_signal_experiment_v4_prompt_think_true_gemma4_e4b_direct_core_targeted_v7_think_ctx16384_tok16384_n237,v4_social_signal_experiment_v4_prompt_think_true_gemma4_e4b_direct_core_targeted_v7_think_ctx16384_tok16384_n237.csv,gemma4:e4b,direct_core_targeted_v7,237,8532,True,3,0.30,direct,221,351,156,195,65,1.481012658227848,0.4444444444444444,0.7058823529411765,0.5454545454545454,0.496289471239414,0.4613924050632911,0.6396396396396397,0.9793103448275862,0.773841961852861,145,222,3,80
v4_social_signal_experiment_v4_prompt_think_true_gemma4_e4b_direct_core_targeted_v7_think_ctx16384_tok16384_n237,v4_social_signal_experiment_v4_prompt_think_true_gemma4_e4b_direct_core_targeted_v7_think_ctx16384_tok16384_n237.csv,gemma4:e4b,direct_core_targeted_v7,237,8532,True,3,0.35,direct,221,351,156,195,65,1.481012658227848,0.4444444444444444,0.7058823529411765,0.5454545454545454,0.496289471239414,0.4613924050632911,0.6396396396396397,0.9793103448275862,0.773841961852861,145,222,3,80
v4_social_signal_experiment_v4_prompt_think_true_gemma4_e4b_direct_core_targeted_v7_think_ctx16384_tok16384_n237,v4_social_signal_experiment_v4_prompt_think_true_gemma4_e4b_direct_core_targeted_v7_think_ctx16384_tok16384_n237.csv,gemma4:e4b,direct_core_targeted_v7,237,8532,True,3,0.40,direct,221,351,156,195,65,1.481012658227848,0.4444444444444444,0.7058823529411765,0.5454545454545454,0.496289471239414,0.4613924050632911,0.6396396396396397,0.9793103448275862,0.773841961852861,145,222,3,80
v4_social_signal_experiment_v4_prompt_think_true_gemma4_e4b_direct_core_targeted_v7_think_ctx16384_tok16384_n237,v4_social_signal_experiment_v4_prompt_think_true_gemma4_e4b_direct_core_targeted_v7_think_ctx16384_tok16384_n237.csv,gemma4:e4b,direct_core_targeted_v7,237,8532,True,3,0.45,direct,221,351,156,195,65,1.481012658227848,0.4444444444444444,0.7058823529411765,0.5454545454545454,0.496289471239414,0.4613924050632911,0.6396396396396397,0.9793103448275862,0.773841961852861,145,222,3,80
v4_social_signal_experiment_v4_prompt_think_true_gemma4_e4b_direct_core_targeted_v7_think_ctx16384_tok16384_n237,v4_social_signal_experiment_v4_prompt_think_true_gemma4_e4b_direct_core_targeted_v7_think_ctx16384_tok16384_n237.csv,gemma4:e4b,direct_core_targeted_v7,237,8532,True,3,0.50,direct,221,351,156,195,65,1.481012658227848,0.4444444444444444,0.7058823529411765,0.5454545454545454,0.496289471239414,0.4613924050632911,0.6396396396396397,0.9793103448275862,0.773841961852861,145,222,3,80
v4_social_signal_experiment_v4_prompt_think_true_gemma4_e4b_direct_core_targeted_v7_think_ctx16384_tok16384_n237,v4_social_signal_experiment_v4_prompt_think_true_gemma4_e4b_direct_core_targeted_v7_think_ctx16384_tok16384_n237.csv,gemma4:e4b,direct_core_targeted_v7,237,8532,True,3,0.55,direct,221,351,156,195,65,1.481012658227848,0.4444444444444444,0.7058823529411765,0.5454545454545454,0.496289471239414,0.4613924050632911,0.6396396396396397,0.9793103448275862,0.773841961852861,145,222,3,80
v4_social_signal_experiment_v4_prompt_think_true_gemma4_e4b_direct_core_targeted_v7_think_ctx16384_tok16384_n237,v4_social_signal_experiment_v4_prompt_think_true_gemma4_e4b_direct_core_targeted_v7_think_ctx16384_tok16384_n237.csv,gemma4:e4b,direct_core_targeted_v7,237,8532,True,3,0.60,direct,221,351,156,195,65,1.481012658227848,0.4444444444444444,0.7058823529411765,0.5454545454545454,0.496289471239414,0.4613924050632911,0.6396396396396397,0.9793103448275862,0.773841961852861,145,222,3,80
v4_social_signal_experiment_v4_prompt_think_true_gemma4_e4b_direct_core_recall_v2_think_ctx16384_tok16384_n237,v4_social_signal_experiment_v4_prompt_think_true_gemma4_e4b_direct_core_recall_v2_think_ctx16384_tok16384_n237.csv,gemma4:e4b,direct_core_recall_v2,237,8532,True,2,default,direct,221,304,143,161,78,1.2827004219409284,0.47039473684210525,0.6470588235294118,0.5447619047619048,0.3473939952678265,0.4775868997387984,0.6601941747572816,0.9379310344827586,0.7749287749287749,145,206,9,70
v4_social_signal_experiment_v4_prompt_think_true_gemma4_e4b_direct_core_recall_v2_think_ctx16384_tok16384_n237,v4_social_signal_experiment_v4_prompt_think_true_gemma4_e4b_direct_core_recall_v2_think_ctx16384_tok16384_n237.csv,gemma4:e4b,direct_core_recall_v2,237,8532,True,2,0.05,direct,221,304,143,161,78,1.2827004219409284,0.47039473684210525,0.6470588235294118,0.5447619047619048,0.3473939952678265,0.4775868997387984,0.6601941747572816,0.9379310344827586,0.7749287749287749,145,206,9,70
v4_social_signal_experiment_v4_prompt_think_true_gemma4_e4b_direct_core_recall_v2_think_ctx16384_tok16384_n237,v4_social_signal_experiment_v4_prompt_think_true_gemma4_e4b_direct_core_recall_v2_think_ctx16384_tok16384_n237.csv,gemma4:e4b,direct_core_recall_v2,237,8532,True,2,0.10,direct,221,304,143,161,78,1.2827004219409284,0.47039473684210525,0.6470588235294118,0.5447619047619048,0.3473939952678265,0.4775868997387984,0.6601941747572816,0.9379310344827586,0.7749287749287749,145,206,9,70
v4_social_signal_experiment_v4_prompt_think_true_gemma4_e4b_direct_core_recall_v2_think_ctx16384_tok16384_n237,v4_social_signal_experiment_v4_prompt_think_true_gemma4_e4b_direct_core_recall_v2_think_ctx16384_tok16384_n237.csv,gemma4:e4b,direct_core_recall_v2,237,8532,True,2,0.15,direct,221,304,143,161,78,1.2827004219409284,0.47039473684210525,0.6470588235294118,0.5447619047619048,0.3473939952678265,0.4775868997387984,0.6601941747572816,0.9379310344827586,0.7749287749287749,145,206,9,70
v4_social_signal_experiment_v4_prompt_think_true_gemma4_e4b_direct_core_recall_v2_think_ctx16384_tok16384_n237,v4_social_signal_experiment_v4_prompt_think_true_gemma4_e4b_direct_core_recall_v2_think_ctx16384_tok16384_n237.csv,gemma4:e4b,direct_core_recall_v2,237,8532,True,2,0.20,direct,221,304,143,161,78,1.2827004219409284,0.47039473684210525,0.6470588235294118,0.5447619047619048,0.3473939952678265,0.4775868997387984,0.6601941747572816,0.9379310344827586,0.7749287749287749,145,206,9,70
v4_social_signal_experiment_v4_prompt_think_true_gemma4_e4b_direct_core_recall_v2_think_ctx16384_tok16384_n237,v4_social_signal_experiment_v4_prompt_think_true_gemma4_e4b_direct_core_recall_v2_think_ctx16384_tok16384_n237.csv,gemma4:e4b,direct_core_recall_v2,237,8532,True,2,0.25,direct,221,304,143,161,78,1.2827004219409284,0.47039473684210525,0.6470588235294118,0.5447619047619048,0.3473939952678265,0.4775868997387984,0.6601941747572816,0.9379310344827586,0.7749287749287749,145,206,9,70
v4_social_signal_experiment_v4_prompt_think_true_gemma4_e4b_direct_core_recall_v2_think_ctx16384_tok16384_n237,v4_social_signal_experiment_v4_prompt_think_true_gemma4_e4b_direct_core_recall_v2_think_ctx16384_tok16384_n237.csv,gemma4:e4b,direct_core_recall_v2,237,8532,True,2,0.30,direct,221,304,143,161,78,1.2827004219409284,0.47039473684210525,0.6470588235294118,0.5447619047619048,0.3473939952678265,0.4775868997387984,0.6601941747572816,0.9379310344827586,0.7749287749287749,145,206,9,70
v4_social_signal_experiment_v4_prompt_think_true_gemma4_e4b_direct_core_recall_v2_think_ctx16384_tok16384_n237,v4_social_signal_experiment_v4_prompt_think_true_gemma4_e4b_direct_core_recall_v2_think_ctx16384_tok16384_n237.csv,gemma4:e4b,direct_core_recall_v2,237,8532,True,2,0.35,direct,221,304,143,161,78,1.2827004219409284,0.47039473684210525,0.6470588235294118,0.5447619047619048,0.3473939952678265,0.4775868997387984,0.6601941747572816,0.9379310344827586,0.7749287749287749,145,206,9,70
v4_social_signal_experiment_v4_prompt_think_true_gemma4_e4b_direct_core_recall_v2_think_ctx16384_tok16384_n237,v4_social_signal_experiment_v4_prompt_think_true_gemma4_e4b_direct_core_recall_v2_think_ctx16384_tok16384_n237.csv,gemma4:e4b,direct_core_recall_v2,237,8532,True,2,0.40,direct,221,304,143,161,78,1.2827004219409284,0.47039473684210525,0.6470588235294118,0.5447619047619048,0.3473939952678265,0.4775868997387984,0.6601941747572816,0.9379310344827586,0.7749287749287749,145,206,9,70
v4_social_signal_experiment_v4_prompt_think_true_gemma4_e4b_direct_core_recall_v2_think_ctx16384_tok16384_n237,v4_social_signal_experiment_v4_prompt_think_true_gemma4_e4b_direct_core_recall_v2_think_ctx16384_tok16384_n237.csv,gemma4:e4b,direct_core_recall_v2,237,8532,True,2,0.45,direct,221,304,143,161,78,1.2827004219409284,0.47039473684210525,0.6470588235294118,0.5447619047619048,0.3473939952678265,0.4775868997387984,0.6601941747572816,0.9379310344827586,0.7749287749287749,145,206,9,70
v4_social_signal_experiment_v4_prompt_think_true_gemma4_e4b_direct_core_recall_v2_think_ctx16384_tok16384_n237,v4_social_signal_experiment_v4_prompt_think_true_gemma4_e4b_direct_core_recall_v2_think_ctx16384_tok16384_n237.csv,gemma4:e4b,direct_core_recall_v2,237,8532,True,2,0.50,direct,221,304,143,161,78,1.2827004219409284,0.47039473684210525,0.6470588235294118,0.5447619047619048,0.3473939952678265,0.4775868997387984,0.6601941747572816,0.9379310344827586,0.7749287749287749,145,206,9,70
v4_social_signal_experiment_v4_prompt_think_true_gemma4_e4b_direct_core_recall_v2_think_ctx16384_tok16384_n237,v4_social_signal_experiment_v4_prompt_think_true_gemma4_e4b_direct_core_recall_v2_think_ctx16384_tok16384_n237.csv,gemma4:e4b,direct_core_recall_v2,237,8532,True,2,0.55,direct,221,304,143,161,78,1.2827004219409284,0.47039473684210525,0.6470588235294118,0.5447619047619048,0.3473939952678265,0.4775868997387984,0.6601941747572816,0.9379310344827586,0.7749287749287749,145,206,9,70
v4_social_signal_experiment_v4_prompt_think_true_gemma4_e4b_direct_core_recall_v2_think_ctx16384_tok16384_n237,v4_social_signal_experiment_v4_prompt_think_true_gemma4_e4b_direct_core_recall_v2_think_ctx16384_tok16384_n237.csv,gemma4:e4b,direct_core_recall_v2,237,8532,True,2,0.60,direct,221,304,143,161,78,1.2827004219409284,0.47039473684210525,0.6470588235294118,0.5447619047619048,0.3473939952678265,0.4775868997387984,0.6601941747572816,0.9379310344827586,0.7749287749287749,145,206,9,70
v4_social_signal_experiment_v4_prompt_think_true_gemma4_e4b_direct_core_filtered_v3_think_ctx16384_tok16384_n237,v4_social_signal_experiment_v4_prompt_think_true_gemma4_e4b_direct_core_filtered_v3_think_ctx16384_tok16384_n237.csv,gemma4:e4b,direct_core_filtered_v3,237,8532,True,0,0.85,direct,221,174,107,67,114,0.7341772151898734,0.6149425287356322,0.4841628959276018,0.5417721518987342,0.29367436182172385,0.5669479606188468,0.7615384615384615,0.6827586206896552,0.72,145,130,46,31
v4_social_signal_experiment_v4_prompt_think_true_gemma4_e4b_direct_core_gold_fewshot_v5_think_ctx16384_tok16384_n237,v4_social_signal_experiment_v4_prompt_think_true_gemma4_e4b_direct_core_gold_fewshot_v5_think_ctx16384_tok16384_n237.csv,gemma4:e4b,direct_core_gold_fewshot_v5,237,8532,True,1,0.85,direct,221,275,134,141,87,1.160337552742616,0.48727272727272725,0.6063348416289592,0.5403225806451613,0.3050193909781863,0.5136427566807313,0.6944444444444444,0.8620689655172413,0.7692307692307693,145,180,20,55
v4_social_signal_experiment_v4_prompt_think_true_gemma4_e4b_direct_core_gold_fewshot_v5_think_ctx16384_tok16384_n237,v4_social_signal_experiment_v4_prompt_think_true_gemma4_e4b_direct_core_gold_fewshot_v5_think_ctx16384_tok16384_n237.csv,gemma4:e4b,direct_core_gold_fewshot_v5,237,8532,True,1,0.80,direct,221,327,148,179,73,1.379746835443038,0.4525993883792049,0.669683257918552,0.5401459854014599,0.33730074451583947,0.5045810729355032,0.6822916666666666,0.903448275862069,0.7774480712166172,145,192,14,61
v4_social_signal_experiment_v4_prompt_think_true_gemma4_e4b_direct_core_filtered_v3_think_ctx16384_tok16384_n237,v4_social_signal_experiment_v4_prompt_think_true_gemma4_e4b_direct_core_filtered_v3_think_ctx16384_tok16384_n237.csv,gemma4:e4b,direct_core_filtered_v3,237,8532,True,0,0.90,direct,221,142,98,44,123,0.5991561181434599,0.6901408450704225,0.4434389140271493,0.5399449035812672,0.2689437066692706,0.5843881856540084,0.788135593220339,0.6413793103448275,0.7072243346007605,145,118,52,25
v4_social_signal_experiment_v4_prompt_think_true_gemma4_e4b_direct_core_filtered_v3_think_ctx16384_tok16384_n237,v4_social_signal_experiment_v4_prompt_think_true_gemma4_e4b_direct_core_filtered_v3_think_ctx16384_tok16384_n237.csv,gemma4:e4b,direct_core_filtered_v3,237,8532,True,0,0.75,direct,221,259,129,130,92,1.0928270042194093,0.4980694980694981,0.583710407239819,0.5375,0.3548231458921861,0.4815953385573638,0.6648936170212766,0.8620689655172413,0.7507507507507507,145,188,20,63
v4_social_signal_experiment_v4_prompt_think_true_gemma4_e4b_direct_core_clean_fewshot_v6_think_ctx16384_tok16384_n237,v4_social_signal_experiment_v4_prompt_think_true_gemma4_e4b_direct_core_clean_fewshot_v6_think_ctx16384_tok16384_n237.csv,gemma4:e4b,direct_core_clean_fewshot_v6,237,8532,True,2,0.80,direct,221,255,127,128,94,1.0759493670886076,0.4980392156862745,0.5746606334841629,0.5336134453781513,0.39885180051520563,0.5168977295559574,0.7055555555555556,0.8758620689655172,0.7815384615384615,145,180,18,53
v4_social_signal_experiment_v4_prompt_think_true_gemma4_e4b_direct_core_filtered_v3_think_ctx16384_tok16384_n237,v4_social_signal_experiment_v4_prompt_think_true_gemma4_e4b_direct_core_filtered_v3_think_ctx16384_tok16384_n237.csv,gemma4:e4b,direct_core_filtered_v3,237,8532,True,0,0.65,direct,221,295,137,158,84,1.2447257383966244,0.46440677966101696,0.6199095022624435,0.5310077519379846,0.3503058584536824,0.4516375326501908,0.6481481481481481,0.9655172413793104,0.775623268698061,145,216,5,76
v4_social_signal_experiment_v4_prompt_think_true_gemma4_e4b_direct_core_filtered_v3_think_ctx16384_tok16384_n237,v4_social_signal_experiment_v4_prompt_think_true_gemma4_e4b_direct_core_filtered_v3_think_ctx16384_tok16384_n237.csv,gemma4:e4b,direct_core_filtered_v3,237,8532,True,0,0.70,direct,221,295,137,158,84,1.2447257383966244,0.46440677966101696,0.6199095022624435,0.5310077519379846,0.3503058584536824,0.4516375326501908,0.6481481481481481,0.9655172413793104,0.775623268698061,145,216,5,76
v4_social_signal_experiment_v4_prompt_think_true_gemma4_e4b_direct_core_balanced_v8_think_ctx16384_tok16384_n237,v4_social_signal_experiment_v4_prompt_think_true_gemma4_e4b_direct_core_balanced_v8_think_ctx16384_tok16384_n237.csv,gemma4:e4b,direct_core_balanced_v8,237,8532,True,2,0.75,direct,221,341,149,192,72,1.4388185654008439,0.436950146627566,0.6742081447963801,0.5302491103202847,0.3961325390907211,0.43813542294554947,0.6330275229357798,0.9517241379310345,0.7603305785123967,145,218,7,80
v4_social_signal_experiment_v4_prompt_think_true_gemma4_e4b_direct_core_clean_fewshot_v6_think_ctx16384_tok16384_n237,v4_social_signal_experiment_v4_prompt_think_true_gemma4_e4b_direct_core_clean_fewshot_v6_think_ctx16384_tok16384_n237.csv,gemma4:e4b,direct_core_clean_fewshot_v6,237,8532,True,2,0.85,direct,221,217,116,101,105,0.9156118143459916,0.5345622119815668,0.5248868778280543,0.5296803652968036,0.30047542336959715,0.532087602973679,0.7222222222222222,0.8068965517241379,0.762214983713355,145,162,28,45
v4_social_signal_experiment_v4_prompt_think_true_gemma4_e4b_direct_core_filtered_v3_think_ctx16384_tok16384_n237,v4_social_signal_experiment_v4_prompt_think_true_gemma4_e4b_direct_core_filtered_v3_think_ctx16384_tok16384_n237.csv,gemma4:e4b,direct_core_filtered_v3,237,8532,True,0,default,direct,221,297,137,160,84,1.2531645569620253,0.4612794612794613,0.6199095022624435,0.528957528957529,0.3480795133701945,0.4495278280088406,0.6481481481481481,0.9655172413793104,0.775623268698061,145,216,5,76
v4_social_signal_experiment_v4_prompt_think_true_gemma4_e4b_direct_core_filtered_v3_think_ctx16384_tok16384_n237,v4_social_signal_experiment_v4_prompt_think_true_gemma4_e4b_direct_core_filtered_v3_think_ctx16384_tok16384_n237.csv,gemma4:e4b,direct_core_filtered_v3,237,8532,True,0,0.05,direct,221,297,137,160,84,1.2531645569620253,0.4612794612794613,0.6199095022624435,0.528957528957529,0.3480795133701945,0.4495278280088406,0.6481481481481481,0.9655172413793104,0.775623268698061,145,216,5,76
v4_social_signal_experiment_v4_prompt_think_true_gemma4_e4b_direct_core_filtered_v3_think_ctx16384_tok16384_n237,v4_social_signal_experiment_v4_prompt_think_true_gemma4_e4b_direct_core_filtered_v3_think_ctx16384_tok16384_n237.csv,gemma4:e4b,direct_core_filtered_v3,237,8532,True,0,0.10,direct,221,297,137,160,84,1.2531645569620253,0.4612794612794613,0.6199095022624435,0.528957528957529,0.3480795133701945,0.4495278280088406,0.6481481481481481,0.9655172413793104,0.775623268698061,145,216,5,76
v4_social_signal_experiment_v4_prompt_think_true_gemma4_e4b_direct_core_filtered_v3_think_ctx16384_tok16384_n237,v4_social_signal_experiment_v4_prompt_think_true_gemma4_e4b_direct_core_filtered_v3_think_ctx16384_tok16384_n237.csv,gemma4:e4b,direct_core_filtered_v3,237,8532,True,0,0.15,direct,221,297,137,160,84,1.2531645569620253,0.4612794612794613,0.6199095022624435,0.528957528957529,0.3480795133701945,0.4495278280088406,0.6481481481481481,0.9655172413793104,0.775623268698061,145,216,5,76
v4_social_signal_experiment_v4_prompt_think_true_gemma4_e4b_direct_core_filtered_v3_think_ctx16384_tok16384_n237,v4_social_signal_experiment_v4_prompt_think_true_gemma4_e4b_direct_core_filtered_v3_think_ctx16384_tok16384_n237.csv,gemma4:e4b,direct_core_filtered_v3,237,8532,True,0,0.20,direct,221,297,137,160,84,1.2531645569620253,0.4612794612794613,0.6199095022624435,0.528957528957529,0.3480795133701945,0.4495278280088406,0.6481481481481481,0.9655172413793104,0.775623268698061,145,216,5,76
v4_social_signal_experiment_v4_prompt_think_true_gemma4_e4b_direct_core_filtered_v3_think_ctx16384_tok16384_n237,v4_social_signal_experiment_v4_prompt_think_true_gemma4_e4b_direct_core_filtered_v3_think_ctx16384_tok16384_n237.csv,gemma4:e4b,direct_core_filtered_v3,237,8532,True,0,0.25,direct,221,297,137,160,84,1.2531645569620253,0.4612794612794613,0.6199095022624435,0.528957528957529,0.3480795133701945,0.4495278280088406,0.6481481481481481,0.9655172413793104,0.775623268698061,145,216,5,76
v4_social_signal_experiment_v4_prompt_think_true_gemma4_e4b_direct_core_filtered_v3_think_ctx16384_tok16384_n237,v4_social_signal_experiment_v4_prompt_think_true_gemma4_e4b_direct_core_filtered_v3_think_ctx16384_tok16384_n237.csv,gemma4:e4b,direct_core_filtered_v3,237,8532,True,0,0.30,direct,221,297,137,160,84,1.2531645569620253,0.4612794612794613,0.6199095022624435,0.528957528957529,0.3480795133701945,0.4495278280088406,0.6481481481481481,0.9655172413793104,0.775623268698061,145,216,5,76
v4_social_signal_experiment_v4_prompt_think_true_gemma4_e4b_direct_core_filtered_v3_think_ctx16384_tok16384_n237,v4_social_signal_experiment_v4_prompt_think_true_gemma4_e4b_direct_core_filtered_v3_think_ctx16384_tok16384_n237.csv,gemma4:e4b,direct_core_filtered_v3,237,8532,True,0,0.35,direct,221,297,137,160,84,1.2531645569620253,0.4612794612794613,0.6199095022624435,0.528957528957529,0.3480795133701945,0.4495278280088406,0.6481481481481481,0.9655172413793104,0.775623268698061,145,216,5,76
v4_social_signal_experiment_v4_prompt_think_true_gemma4_e4b_direct_core_filtered_v3_think_ctx16384_tok16384_n237,v4_social_signal_experiment_v4_prompt_think_true_gemma4_e4b_direct_core_filtered_v3_think_ctx16384_tok16384_n237.csv,gemma4:e4b,direct_core_filtered_v3,237,8532,True,0,0.40,direct,221,297,137,160,84,1.2531645569620253,0.4612794612794613,0.6199095022624435,0.528957528957529,0.3480795133701945,0.4495278280088406,0.6481481481481481,0.9655172413793104,0.775623268698061,145,216,5,76
v4_social_signal_experiment_v4_prompt_think_true_gemma4_e4b_direct_core_filtered_v3_think_ctx16384_tok16384_n237,v4_social_signal_experiment_v4_prompt_think_true_gemma4_e4b_direct_core_filtered_v3_think_ctx16384_tok16384_n237.csv,gemma4:e4b,direct_core_filtered_v3,237,8532,True,0,0.45,direct,221,297,137,160,84,1.2531645569620253,0.4612794612794613,0.6199095022624435,0.528957528957529,0.3480795133701945,0.4495278280088406,0.6481481481481481,0.9655172413793104,0.775623268698061,145,216,5,76
v4_social_signal_experiment_v4_prompt_think_true_gemma4_e4b_direct_core_filtered_v3_think_ctx16384_tok16384_n237,v4_social_signal_experiment_v4_prompt_think_true_gemma4_e4b_direct_core_filtered_v3_think_ctx16384_tok16384_n237.csv,gemma4:e4b,direct_core_filtered_v3,237,8532,True,0,0.50,direct,221,297,137,160,84,1.2531645569620253,0.4612794612794613,0.6199095022624435,0.528957528957529,0.3480795133701945,0.4495278280088406,0.6481481481481481,0.9655172413793104,0.775623268698061,145,216,5,76
v4_social_signal_experiment_v4_prompt_think_true_gemma4_e4b_direct_core_filtered_v3_think_ctx16384_tok16384_n237,v4_social_signal_experiment_v4_prompt_think_true_gemma4_e4b_direct_core_filtered_v3_think_ctx16384_tok16384_n237.csv,gemma4:e4b,direct_core_filtered_v3,237,8532,True,0,0.55,direct,221,297,137,160,84,1.2531645569620253,0.4612794612794613,0.6199095022624435,0.528957528957529,0.3480795133701945,0.4495278280088406,0.6481481481481481,0.9655172413793104,0.775623268698061,145,216,5,76
v4_social_signal_experiment_v4_prompt_think_true_gemma4_e4b_direct_core_filtered_v3_think_ctx16384_tok16384_n237,v4_social_signal_experiment_v4_prompt_think_true_gemma4_e4b_direct_core_filtered_v3_think_ctx16384_tok16384_n237.csv,gemma4:e4b,direct_core_filtered_v3,237,8532,True,0,0.60,direct,221,297,137,160,84,1.2531645569620253,0.4612794612794613,0.6199095022624435,0.528957528957529,0.3480795133701945,0.4495278280088406,0.6481481481481481,0.9655172413793104,0.775623268698061,145,216,5,76
v4_social_signal_experiment_v4_prompt_think_true_gemma4_e4b_direct_core_gold_calibrated_v4_think_ctx16384_tok16384_n237,v4_social_signal_experiment_v4_prompt_think_true_gemma4_e4b_direct_core_gold_calibrated_v4_think_ctx16384_tok16384_n237.csv,gemma4:e4b,direct_core_gold_calibrated_v4,237,8532,True,0,0.80,direct,221,233,120,113,101,0.9831223628691983,0.5150214592274678,0.5429864253393665,0.5286343612334802,0.32070070670805145,0.5340365682137834,0.71875,0.7931034482758621,0.7540983606557377,145,160,30,45
v4_social_signal_experiment_v4_prompt_think_true_gemma4_e4b_direct_core_clean_fewshot_v6_think_ctx16384_tok16384_n237,v4_social_signal_experiment_v4_prompt_think_true_gemma4_e4b_direct_core_clean_fewshot_v6_think_ctx16384_tok16384_n237.csv,gemma4:e4b,direct_core_clean_fewshot_v6,237,8532,True,2,0.90,direct,221,186,107,79,114,0.7848101265822784,0.5752688172043011,0.4841628959276018,0.5257985257985258,0.28651091741511187,0.5371308016877636,0.7272727272727273,0.7724137931034483,0.7491638795986622,145,154,33,42
v4_social_signal_experiment_v4_prompt_think_true_gemma4_e4b_direct_core_balanced_v8_think_ctx16384_tok16384_n237,v4_social_signal_experiment_v4_prompt_think_true_gemma4_e4b_direct_core_balanced_v8_think_ctx16384_tok16384_n237.csv,gemma4:e4b,direct_core_balanced_v8,237,8532,True,2,0.85,direct,221,220,115,105,106,0.9282700421940928,0.5227272727272727,0.5203619909502263,0.5215419501133787,0.2860595528613313,0.5172995780590717,0.7207792207792207,0.7655172413793103,0.7424749163879598,145,154,34,43
v4_social_signal_experiment_v4_prompt_think_true_gemma4_e4b_direct_core_clean_fewshot_v6_think_ctx16384_tok16384_n237,v4_social_signal_experiment_v4_prompt_think_true_gemma4_e4b_direct_core_clean_fewshot_v6_think_ctx16384_tok16384_n237.csv,gemma4:e4b,direct_core_clean_fewshot_v6,237,8532,True,2,0.75,direct,221,298,135,163,86,1.2573839662447257,0.45302013422818793,0.6108597285067874,0.5202312138728323,0.3991031536547339,0.5015672091621458,0.6968085106382979,0.903448275862069,0.7867867867867868,145,188,14,57
v4_social_signal_experiment_v4_prompt_think_true_gemma4_e4b_direct_core_gold_calibrated_v4_think_ctx16384_tok16384_n237,v4_social_signal_experiment_v4_prompt_think_true_gemma4_e4b_direct_core_gold_calibrated_v4_think_ctx16384_tok16384_n237.csv,gemma4:e4b,direct_core_gold_calibrated_v4,237,8532,True,0,0.85,direct,221,207,110,97,111,0.8734177215189873,0.5314009661835749,0.497737556561086,0.514018691588785,0.263658423682878,0.5285513361462728,0.7191780821917808,0.7241379310344828,0.7216494845360825,145,146,40,41
v4_social_signal_experiment_v4_prompt_think_true_gemma4_e4b_direct_core_gold_calibrated_v4_think_ctx16384_tok16384_n237,v4_social_signal_experiment_v4_prompt_think_true_gemma4_e4b_direct_core_gold_calibrated_v4_think_ctx16384_tok16384_n237.csv,gemma4:e4b,direct_core_gold_calibrated_v4,237,8532,True,0,0.90,direct,221,157,97,60,124,0.6624472573839663,0.6178343949044586,0.43891402714932126,0.5132275132275133,0.2200498792121779,0.5485232067510548,0.746031746031746,0.6482758620689655,0.6937269372693727,145,126,51,32
v4_social_signal_experiment_v4_prompt_think_true_gemma4_e4b_direct_core_balanced_v8_think_ctx16384_tok16384_n237,v4_social_signal_experiment_v4_prompt_think_true_gemma4_e4b_direct_core_balanced_v8_think_ctx16384_tok16384_n237.csv,gemma4:e4b,direct_core_balanced_v8,237,8532,True,2,0.65,direct,221,367,149,218,72,1.5485232067510548,0.40599455040871935,0.6742081447963801,0.5068027210884354,0.3838768080472596,0.4288728149487643,0.6334841628959276,0.9655172413793104,0.7650273224043715,145,221,5,81
v4_social_signal_experiment_v4_prompt_think_true_gemma4_e4b_direct_core_balanced_v8_think_ctx16384_tok16384_n237,v4_social_signal_experiment_v4_prompt_think_true_gemma4_e4b_direct_core_balanced_v8_think_ctx16384_tok16384_n237.csv,gemma4:e4b,direct_core_balanced_v8,237,8532,True,2,0.70,direct,221,367,149,218,72,1.5485232067510548,0.40599455040871935,0.6742081447963801,0.5068027210884354,0.3838768080472596,0.4288728149487643,0.6334841628959276,0.9655172413793104,0.7650273224043715,145,221,5,81
v4_social_signal_experiment_v4_prompt_think_true_gemma4_e4b_direct_core_balanced_v8_think_ctx16384_tok16384_n237,v4_social_signal_experiment_v4_prompt_think_true_gemma4_e4b_direct_core_balanced_v8_think_ctx16384_tok16384_n237.csv,gemma4:e4b,direct_core_balanced_v8,237,8532,True,2,0.90,direct,221,182,102,80,119,0.7679324894514767,0.5604395604395604,0.46153846153846156,0.5062034739454094,0.24831702179627627,0.520112517580872,0.7246376811594203,0.6896551724137931,0.7067137809187279,145,138,45,38
v4_social_signal_experiment_v4_prompt_think_true_gemma4_e4b_direct_core_balanced_v8_think_ctx16384_tok16384_n237,v4_social_signal_experiment_v4_prompt_think_true_gemma4_e4b_direct_core_balanced_v8_think_ctx16384_tok16384_n237.csv,gemma4:e4b,direct_core_balanced_v8,237,8532,True,2,default,direct,221,371,149,222,72,1.5654008438818565,0.40161725067385445,0.6742081447963801,0.5033783783783784,0.38233305541107,0.4288728149487643,0.6334841628959276,0.9655172413793104,0.7650273224043715,145,221,5,81
v4_social_signal_experiment_v4_prompt_think_true_gemma4_e4b_direct_core_balanced_v8_think_ctx16384_tok16384_n237,v4_social_signal_experiment_v4_prompt_think_true_gemma4_e4b_direct_core_balanced_v8_think_ctx16384_tok16384_n237.csv,gemma4:e4b,direct_core_balanced_v8,237,8532,True,2,0.05,direct,221,371,149,222,72,1.5654008438818565,0.40161725067385445,0.6742081447963801,0.5033783783783784,0.38233305541107,0.4288728149487643,0.6334841628959276,0.9655172413793104,0.7650273224043715,145,221,5,81
v4_social_signal_experiment_v4_prompt_think_true_gemma4_e4b_direct_core_balanced_v8_think_ctx16384_tok16384_n237,v4_social_signal_experiment_v4_prompt_think_true_gemma4_e4b_direct_core_balanced_v8_think_ctx16384_tok16384_n237.csv,gemma4:e4b,direct_core_balanced_v8,237,8532,True,2,0.10,direct,221,371,149,222,72,1.5654008438818565,0.40161725067385445,0.6742081447963801,0.5033783783783784,0.38233305541107,0.4288728149487643,0.6334841628959276,0.9655172413793104,0.7650273224043715,145,221,5,81
v4_social_signal_experiment_v4_prompt_think_true_gemma4_e4b_direct_core_balanced_v8_think_ctx16384_tok16384_n237,v4_social_signal_experiment_v4_prompt_think_true_gemma4_e4b_direct_core_balanced_v8_think_ctx16384_tok16384_n237.csv,gemma4:e4b,direct_core_balanced_v8,237,8532,True,2,0.15,direct,221,371,149,222,72,1.5654008438818565,0.40161725067385445,0.6742081447963801,0.5033783783783784,0.38233305541107,0.4288728149487643,0.6334841628959276,0.9655172413793104,0.7650273224043715,145,221,5,81
v4_social_signal_experiment_v4_prompt_think_true_gemma4_e4b_direct_core_balanced_v8_think_ctx16384_tok16384_n237,v4_social_signal_experiment_v4_prompt_think_true_gemma4_e4b_direct_core_balanced_v8_think_ctx16384_tok16384_n237.csv,gemma4:e4b,direct_core_balanced_v8,237,8532,True,2,0.20,direct,221,371,149,222,72,1.5654008438818565,0.40161725067385445,0.6742081447963801,0.5033783783783784,0.38233305541107,0.4288728149487643,0.6334841628959276,0.9655172413793104,0.7650273224043715,145,221,5,81
v4_social_signal_experiment_v4_prompt_think_true_gemma4_e4b_direct_core_balanced_v8_think_ctx16384_tok16384_n237,v4_social_signal_experiment_v4_prompt_think_true_gemma4_e4b_direct_core_balanced_v8_think_ctx16384_tok16384_n237.csv,gemma4:e4b,direct_core_balanced_v8,237,8532,True,2,0.25,direct,221,371,149,222,72,1.5654008438818565,0.40161725067385445,0.6742081447963801,0.5033783783783784,0.38233305541107,0.4288728149487643,0.6334841628959276,0.9655172413793104,0.7650273224043715,145,221,5,81
v4_social_signal_experiment_v4_prompt_think_true_gemma4_e4b_direct_core_balanced_v8_think_ctx16384_tok16384_n237,v4_social_signal_experiment_v4_prompt_think_true_gemma4_e4b_direct_core_balanced_v8_think_ctx16384_tok16384_n237.csv,gemma4:e4b,direct_core_balanced_v8,237,8532,True,2,0.30,direct,221,371,149,222,72,1.5654008438818565,0.40161725067385445,0.6742081447963801,0.5033783783783784,0.38233305541107,0.4288728149487643,0.6334841628959276,0.9655172413793104,0.7650273224043715,145,221,5,81
v4_social_signal_experiment_v4_prompt_think_true_gemma4_e4b_direct_core_balanced_v8_think_ctx16384_tok16384_n237,v4_social_signal_experiment_v4_prompt_think_true_gemma4_e4b_direct_core_balanced_v8_think_ctx16384_tok16384_n237.csv,gemma4:e4b,direct_core_balanced_v8,237,8532,True,2,0.35,direct,221,371,149,222,72,1.5654008438818565,0.40161725067385445,0.6742081447963801,0.5033783783783784,0.38233305541107,0.4288728149487643,0.6334841628959276,0.9655172413793104,0.7650273224043715,145,221,5,81
v4_social_signal_experiment_v4_prompt_think_true_gemma4_e4b_direct_core_balanced_v8_think_ctx16384_tok16384_n237,v4_social_signal_experiment_v4_prompt_think_true_gemma4_e4b_direct_core_balanced_v8_think_ctx16384_tok16384_n237.csv,gemma4:e4b,direct_core_balanced_v8,237,8532,True,2,0.40,direct,221,371,149,222,72,1.5654008438818565,0.40161725067385445,0.6742081447963801,0.5033783783783784,0.38233305541107,0.4288728149487643,0.6334841628959276,0.9655172413793104,0.7650273224043715,145,221,5,81
v4_social_signal_experiment_v4_prompt_think_true_gemma4_e4b_direct_core_balanced_v8_think_ctx16384_tok16384_n237,v4_social_signal_experiment_v4_prompt_think_true_gemma4_e4b_direct_core_balanced_v8_think_ctx16384_tok16384_n237.csv,gemma4:e4b,direct_core_balanced_v8,237,8532,True,2,0.45,direct,221,371,149,222,72,1.5654008438818565,0.40161725067385445,0.6742081447963801,0.5033783783783784,0.38233305541107,0.4288728149487643,0.6334841628959276,0.9655172413793104,0.7650273224043715,145,221,5,81
v4_social_signal_experiment_v4_prompt_think_true_gemma4_e4b_direct_core_balanced_v8_think_ctx16384_tok16384_n237,v4_social_signal_experiment_v4_prompt_think_true_gemma4_e4b_direct_core_balanced_v8_think_ctx16384_tok16384_n237.csv,gemma4:e4b,direct_core_balanced_v8,237,8532,True,2,0.50,direct,221,371,149,222,72,1.5654008438818565,0.40161725067385445,0.6742081447963801,0.5033783783783784,0.38233305541107,0.4288728149487643,0.6334841628959276,0.9655172413793104,0.7650273224043715,145,221,5,81
v4_social_signal_experiment_v4_prompt_think_true_gemma4_e4b_direct_core_balanced_v8_think_ctx16384_tok16384_n237,v4_social_signal_experiment_v4_prompt_think_true_gemma4_e4b_direct_core_balanced_v8_think_ctx16384_tok16384_n237.csv,gemma4:e4b,direct_core_balanced_v8,237,8532,True,2,0.55,direct,221,371,149,222,72,1.5654008438818565,0.40161725067385445,0.6742081447963801,0.5033783783783784,0.38233305541107,0.4288728149487643,0.6334841628959276,0.9655172413793104,0.7650273224043715,145,221,5,81
v4_social_signal_experiment_v4_prompt_think_true_gemma4_e4b_direct_core_balanced_v8_think_ctx16384_tok16384_n237,v4_social_signal_experiment_v4_prompt_think_true_gemma4_e4b_direct_core_balanced_v8_think_ctx16384_tok16384_n237.csv,gemma4:e4b,direct_core_balanced_v8,237,8532,True,2,0.60,direct,221,371,149,222,72,1.5654008438818565,0.40161725067385445,0.6742081447963801,0.5033783783783784,0.38233305541107,0.4288728149487643,0.6334841628959276,0.9655172413793104,0.7650273224043715,145,221,5,81
v4_social_signal_experiment_v4_prompt_think_true_gemma4_e4b_direct_core_gold_calibrated_v4_think_ctx16384_tok16384_n237,v4_social_signal_experiment_v4_prompt_think_true_gemma4_e4b_direct_core_gold_calibrated_v4_think_ctx16384_tok16384_n237.csv,gemma4:e4b,direct_core_gold_calibrated_v4,237,8532,True,0,0.75,direct,221,294,128,166,93,1.240506329113924,0.43537414965986393,0.579185520361991,0.4970873786407767,0.33158818178069854,0.46485834840265217,0.6648936170212766,0.8620689655172413,0.7507507507507507,145,188,20,63
v4_social_signal_experiment_v4_prompt_think_true_gemma4_e4b_direct_core_gold_fewshot_v5_think_ctx16384_tok16384_n237,v4_social_signal_experiment_v4_prompt_think_true_gemma4_e4b_direct_core_gold_fewshot_v5_think_ctx16384_tok16384_n237.csv,gemma4:e4b,direct_core_gold_fewshot_v5,237,8532,True,1,0.75,direct,221,440,163,277,58,1.8565400843881856,0.3704545454545455,0.7375565610859729,0.49319213313161875,0.3502262105710382,0.4096644564998995,0.631578947368421,0.993103448275862,0.7721179624664879,145,228,1,84
v4_social_signal_experiment_v4_prompt_think_true_gemma4_e4b_direct_core_clean_fewshot_v6_think_ctx16384_tok16384_n237,v4_social_signal_experiment_v4_prompt_think_true_gemma4_e4b_direct_core_clean_fewshot_v6_think_ctx16384_tok16384_n237.csv,gemma4:e4b,direct_core_clean_fewshot_v6,237,8532,True,2,0.65,direct,221,380,148,232,73,1.6033755274261603,0.3894736842105263,0.669683257918552,0.4925124792013311,0.392062244622112,0.40395820775567615,0.6260869565217392,0.993103448275862,0.768,145,230,1,86
v4_social_signal_experiment_v4_prompt_think_true_gemma4_e4b_direct_core_clean_fewshot_v6_think_ctx16384_tok16384_n237,v4_social_signal_experiment_v4_prompt_think_true_gemma4_e4b_direct_core_clean_fewshot_v6_think_ctx16384_tok16384_n237.csv,gemma4:e4b,direct_core_clean_fewshot_v6,237,8532,True,2,0.70,direct,221,380,148,232,73,1.6033755274261603,0.3894736842105263,0.669683257918552,0.4925124792013311,0.392062244622112,0.40395820775567615,0.6260869565217392,0.993103448275862,0.768,145,230,1,86
v4_social_signal_experiment_v4_prompt_think_true_gemma4_e4b_direct_core_recall_v2_think_ctx16384_tok16384_n237,v4_social_signal_experiment_v4_prompt_think_true_gemma4_e4b_direct_core_recall_v2_think_ctx16384_tok16384_n237.csv,gemma4:e4b,direct_core_recall_v2,237,8532,True,2,0.90,direct,221,108,81,27,140,0.45569620253164556,0.75,0.3665158371040724,0.49240121580547114,0.231796539079891,0.5645569620253165,0.8241758241758241,0.5172413793103449,0.635593220338983,145,91,70,16
v4_social_signal_experiment_v4_prompt_think_true_gemma4_e4b_direct_core_clean_fewshot_v6_think_ctx16384_tok16384_n237,v4_social_signal_experiment_v4_prompt_think_true_gemma4_e4b_direct_core_clean_fewshot_v6_think_ctx16384_tok16384_n237.csv,gemma4:e4b,direct_core_clean_fewshot_v6,237,8532,True,2,default,direct,221,382,148,234,73,1.6118143459915613,0.387434554973822,0.669683257918552,0.49087893864013266,0.3910001540033711,0.40255173799477595,0.6260869565217392,0.993103448275862,0.768,145,230,1,86
v4_social_signal_experiment_v4_prompt_think_true_gemma4_e4b_direct_core_clean_fewshot_v6_think_ctx16384_tok16384_n237,v4_social_signal_experiment_v4_prompt_think_true_gemma4_e4b_direct_core_clean_fewshot_v6_think_ctx16384_tok16384_n237.csv,gemma4:e4b,direct_core_clean_fewshot_v6,237,8532,True,2,0.05,direct,221,382,148,234,73,1.6118143459915613,0.387434554973822,0.669683257918552,0.49087893864013266,0.3910001540033711,0.40255173799477595,0.6260869565217392,0.993103448275862,0.768,145,230,1,86
v4_social_signal_experiment_v4_prompt_think_true_gemma4_e4b_direct_core_clean_fewshot_v6_think_ctx16384_tok16384_n237,v4_social_signal_experiment_v4_prompt_think_true_gemma4_e4b_direct_core_clean_fewshot_v6_think_ctx16384_tok16384_n237.csv,gemma4:e4b,direct_core_clean_fewshot_v6,237,8532,True,2,0.10,direct,221,382,148,234,73,1.6118143459915613,0.387434554973822,0.669683257918552,0.49087893864013266,0.3910001540033711,0.40255173799477595,0.6260869565217392,0.993103448275862,0.768,145,230,1,86
v4_social_signal_experiment_v4_prompt_think_true_gemma4_e4b_direct_core_clean_fewshot_v6_think_ctx16384_tok16384_n237,v4_social_signal_experiment_v4_prompt_think_true_gemma4_e4b_direct_core_clean_fewshot_v6_think_ctx16384_tok16384_n237.csv,gemma4:e4b,direct_core_clean_fewshot_v6,237,8532,True,2,0.15,direct,221,382,148,234,73,1.6118143459915613,0.387434554973822,0.669683257918552,0.49087893864013266,0.3910001540033711,0.40255173799477595,0.6260869565217392,0.993103448275862,0.768,145,230,1,86
v4_social_signal_experiment_v4_prompt_think_true_gemma4_e4b_direct_core_clean_fewshot_v6_think_ctx16384_tok16384_n237,v4_social_signal_experiment_v4_prompt_think_true_gemma4_e4b_direct_core_clean_fewshot_v6_think_ctx16384_tok16384_n237.csv,gemma4:e4b,direct_core_clean_fewshot_v6,237,8532,True,2,0.20,direct,221,382,148,234,73,1.6118143459915613,0.387434554973822,0.669683257918552,0.49087893864013266,0.3910001540033711,0.40255173799477595,0.6260869565217392,0.993103448275862,0.768,145,230,1,86
v4_social_signal_experiment_v4_prompt_think_true_gemma4_e4b_direct_core_clean_fewshot_v6_think_ctx16384_tok16384_n237,v4_social_signal_experiment_v4_prompt_think_true_gemma4_e4b_direct_core_clean_fewshot_v6_think_ctx16384_tok16384_n237.csv,gemma4:e4b,direct_core_clean_fewshot_v6,237,8532,True,2,0.25,direct,221,382,148,234,73,1.6118143459915613,0.387434554973822,0.669683257918552,0.49087893864013266,0.3910001540033711,0.40255173799477595,0.6260869565217392,0.993103448275862,0.768,145,230,1,86
v4_social_signal_experiment_v4_prompt_think_true_gemma4_e4b_direct_core_clean_fewshot_v6_think_ctx16384_tok16384_n237,v4_social_signal_experiment_v4_prompt_think_true_gemma4_e4b_direct_core_clean_fewshot_v6_think_ctx16384_tok16384_n237.csv,gemma4:e4b,direct_core_clean_fewshot_v6,237,8532,True,2,0.30,direct,221,382,148,234,73,1.6118143459915613,0.387434554973822,0.669683257918552,0.49087893864013266,0.3910001540033711,0.40255173799477595,0.6260869565217392,0.993103448275862,0.768,145,230,1,86
v4_social_signal_experiment_v4_prompt_think_true_gemma4_e4b_direct_core_clean_fewshot_v6_think_ctx16384_tok16384_n237,v4_social_signal_experiment_v4_prompt_think_true_gemma4_e4b_direct_core_clean_fewshot_v6_think_ctx16384_tok16384_n237.csv,gemma4:e4b,direct_core_clean_fewshot_v6,237,8532,True,2,0.35,direct,221,382,148,234,73,1.6118143459915613,0.387434554973822,0.669683257918552,0.49087893864013266,0.3910001540033711,0.40255173799477595,0.6260869565217392,0.993103448275862,0.768,145,230,1,86
v4_social_signal_experiment_v4_prompt_think_true_gemma4_e4b_direct_core_clean_fewshot_v6_think_ctx16384_tok16384_n237,v4_social_signal_experiment_v4_prompt_think_true_gemma4_e4b_direct_core_clean_fewshot_v6_think_ctx16384_tok16384_n237.csv,gemma4:e4b,direct_core_clean_fewshot_v6,237,8532,True,2,0.40,direct,221,382,148,234,73,1.6118143459915613,0.387434554973822,0.669683257918552,0.49087893864013266,0.3910001540033711,0.40255173799477595,0.6260869565217392,0.993103448275862,0.768,145,230,1,86
v4_social_signal_experiment_v4_prompt_think_true_gemma4_e4b_direct_core_clean_fewshot_v6_think_ctx16384_tok16384_n237,v4_social_signal_experiment_v4_prompt_think_true_gemma4_e4b_direct_core_clean_fewshot_v6_think_ctx16384_tok16384_n237.csv,gemma4:e4b,direct_core_clean_fewshot_v6,237,8532,True,2,0.45,direct,221,382,148,234,73,1.6118143459915613,0.387434554973822,0.669683257918552,0.49087893864013266,0.3910001540033711,0.40255173799477595,0.6260869565217392,0.993103448275862,0.768,145,230,1,86
v4_social_signal_experiment_v4_prompt_think_true_gemma4_e4b_direct_core_clean_fewshot_v6_think_ctx16384_tok16384_n237,v4_social_signal_experiment_v4_prompt_think_true_gemma4_e4b_direct_core_clean_fewshot_v6_think_ctx16384_tok16384_n237.csv,gemma4:e4b,direct_core_clean_fewshot_v6,237,8532,True,2,0.50,direct,221,382,148,234,73,1.6118143459915613,0.387434554973822,0.669683257918552,0.49087893864013266,0.3910001540033711,0.40255173799477595,0.6260869565217392,0.993103448275862,0.768,145,230,1,86
v4_social_signal_experiment_v4_prompt_think_true_gemma4_e4b_direct_core_clean_fewshot_v6_think_ctx16384_tok16384_n237,v4_social_signal_experiment_v4_prompt_think_true_gemma4_e4b_direct_core_clean_fewshot_v6_think_ctx16384_tok16384_n237.csv,gemma4:e4b,direct_core_clean_fewshot_v6,237,8532,True,2,0.55,direct,221,382,148,234,73,1.6118143459915613,0.387434554973822,0.669683257918552,0.49087893864013266,0.3910001540033711,0.40255173799477595,0.6260869565217392,0.993103448275862,0.768,145,230,1,86
v4_social_signal_experiment_v4_prompt_think_true_gemma4_e4b_direct_core_clean_fewshot_v6_think_ctx16384_tok16384_n237,v4_social_signal_experiment_v4_prompt_think_true_gemma4_e4b_direct_core_clean_fewshot_v6_think_ctx16384_tok16384_n237.csv,gemma4:e4b,direct_core_clean_fewshot_v6,237,8532,True,2,0.60,direct,221,382,148,234,73,1.6118143459915613,0.387434554973822,0.669683257918552,0.49087893864013266,0.3910001540033711,0.40255173799477595,0.6260869565217392,0.993103448275862,0.768,145,230,1,86
v4_social_signal_experiment_v4_prompt_think_true_gemma4_e4b_direct_core_gold_fewshot_v5_think_ctx16384_tok16384_n237,v4_social_signal_experiment_v4_prompt_think_true_gemma4_e4b_direct_core_gold_fewshot_v5_think_ctx16384_tok16384_n237.csv,gemma4:e4b,direct_core_gold_fewshot_v5,237,8532,True,1,0.65,direct,221,459,165,294,56,1.9367088607594938,0.35947712418300654,0.746606334841629,0.4852941176470588,0.33531829400234076,0.40474181233674905,0.631578947368421,0.993103448275862,0.7721179624664879,145,228,1,84
v4_social_signal_experiment_v4_prompt_think_true_gemma4_e4b_direct_core_gold_fewshot_v5_think_ctx16384_tok16384_n237,v4_social_signal_experiment_v4_prompt_think_true_gemma4_e4b_direct_core_gold_fewshot_v5_think_ctx16384_tok16384_n237.csv,gemma4:e4b,direct_core_gold_fewshot_v5,237,8532,True,1,0.70,direct,221,459,165,294,56,1.9367088607594938,0.35947712418300654,0.746606334841629,0.4852941176470588,0.33531829400234076,0.40474181233674905,0.631578947368421,0.993103448275862,0.7721179624664879,145,228,1,84
v4_social_signal_experiment_v4_prompt_think_true_gemma4_e4b_direct_core_gold_fewshot_v5_think_ctx16384_tok16384_n237,v4_social_signal_experiment_v4_prompt_think_true_gemma4_e4b_direct_core_gold_fewshot_v5_think_ctx16384_tok16384_n237.csv,gemma4:e4b,direct_core_gold_fewshot_v5,237,8532,True,1,default,direct,221,467,166,301,55,1.970464135021097,0.3554603854389722,0.751131221719457,0.48255813953488375,0.3345069052774597,0.40474181233674905,0.631578947368421,0.993103448275862,0.7721179624664879,145,228,1,84
v4_social_signal_experiment_v4_prompt_think_true_gemma4_e4b_direct_core_gold_fewshot_v5_think_ctx16384_tok16384_n237,v4_social_signal_experiment_v4_prompt_think_true_gemma4_e4b_direct_core_gold_fewshot_v5_think_ctx16384_tok16384_n237.csv,gemma4:e4b,direct_core_gold_fewshot_v5,237,8532,True,1,0.05,direct,221,467,166,301,55,1.970464135021097,0.3554603854389722,0.751131221719457,0.48255813953488375,0.3345069052774597,0.40474181233674905,0.631578947368421,0.993103448275862,0.7721179624664879,145,228,1,84
v4_social_signal_experiment_v4_prompt_think_true_gemma4_e4b_direct_core_gold_fewshot_v5_think_ctx16384_tok16384_n237,v4_social_signal_experiment_v4_prompt_think_true_gemma4_e4b_direct_core_gold_fewshot_v5_think_ctx16384_tok16384_n237.csv,gemma4:e4b,direct_core_gold_fewshot_v5,237,8532,True,1,0.10,direct,221,467,166,301,55,1.970464135021097,0.3554603854389722,0.751131221719457,0.48255813953488375,0.3345069052774597,0.40474181233674905,0.631578947368421,0.993103448275862,0.7721179624664879,145,228,1,84
v4_social_signal_experiment_v4_prompt_think_true_gemma4_e4b_direct_core_gold_fewshot_v5_think_ctx16384_tok16384_n237,v4_social_signal_experiment_v4_prompt_think_true_gemma4_e4b_direct_core_gold_fewshot_v5_think_ctx16384_tok16384_n237.csv,gemma4:e4b,direct_core_gold_fewshot_v5,237,8532,True,1,0.15,direct,221,467,166,301,55,1.970464135021097,0.3554603854389722,0.751131221719457,0.48255813953488375,0.3345069052774597,0.40474181233674905,0.631578947368421,0.993103448275862,0.7721179624664879,145,228,1,84
v4_social_signal_experiment_v4_prompt_think_true_gemma4_e4b_direct_core_gold_fewshot_v5_think_ctx16384_tok16384_n237,v4_social_signal_experiment_v4_prompt_think_true_gemma4_e4b_direct_core_gold_fewshot_v5_think_ctx16384_tok16384_n237.csv,gemma4:e4b,direct_core_gold_fewshot_v5,237,8532,True,1,0.20,direct,221,467,166,301,55,1.970464135021097,0.3554603854389722,0.751131221719457,0.48255813953488375,0.3345069052774597,0.40474181233674905,0.631578947368421,0.993103448275862,0.7721179624664879,145,228,1,84
v4_social_signal_experiment_v4_prompt_think_true_gemma4_e4b_direct_core_gold_fewshot_v5_think_ctx16384_tok16384_n237,v4_social_signal_experiment_v4_prompt_think_true_gemma4_e4b_direct_core_gold_fewshot_v5_think_ctx16384_tok16384_n237.csv,gemma4:e4b,direct_core_gold_fewshot_v5,237,8532,True,1,0.25,direct,221,467,166,301,55,1.970464135021097,0.3554603854389722,0.751131221719457,0.48255813953488375,0.3345069052774597,0.40474181233674905,0.631578947368421,0.993103448275862,0.7721179624664879,145,228,1,84
v4_social_signal_experiment_v4_prompt_think_true_gemma4_e4b_direct_core_gold_fewshot_v5_think_ctx16384_tok16384_n237,v4_social_signal_experiment_v4_prompt_think_true_gemma4_e4b_direct_core_gold_fewshot_v5_think_ctx16384_tok16384_n237.csv,gemma4:e4b,direct_core_gold_fewshot_v5,237,8532,True,1,0.30,direct,221,467,166,301,55,1.970464135021097,0.3554603854389722,0.751131221719457,0.48255813953488375,0.3345069052774597,0.40474181233674905,0.631578947368421,0.993103448275862,0.7721179624664879,145,228,1,84
v4_social_signal_experiment_v4_prompt_think_true_gemma4_e4b_direct_core_gold_fewshot_v5_think_ctx16384_tok16384_n237,v4_social_signal_experiment_v4_prompt_think_true_gemma4_e4b_direct_core_gold_fewshot_v5_think_ctx16384_tok16384_n237.csv,gemma4:e4b,direct_core_gold_fewshot_v5,237,8532,True,1,0.35,direct,221,467,166,301,55,1.970464135021097,0.3554603854389722,0.751131221719457,0.48255813953488375,0.3345069052774597,0.40474181233674905,0.631578947368421,0.993103448275862,0.7721179624664879,145,228,1,84
v4_social_signal_experiment_v4_prompt_think_true_gemma4_e4b_direct_core_gold_fewshot_v5_think_ctx16384_tok16384_n237,v4_social_signal_experiment_v4_prompt_think_true_gemma4_e4b_direct_core_gold_fewshot_v5_think_ctx16384_tok16384_n237.csv,gemma4:e4b,direct_core_gold_fewshot_v5,237,8532,True,1,0.40,direct,221,467,166,301,55,1.970464135021097,0.3554603854389722,0.751131221719457,0.48255813953488375,0.3345069052774597,0.40474181233674905,0.631578947368421,0.993103448275862,0.7721179624664879,145,228,1,84
v4_social_signal_experiment_v4_prompt_think_true_gemma4_e4b_direct_core_gold_fewshot_v5_think_ctx16384_tok16384_n237,v4_social_signal_experiment_v4_prompt_think_true_gemma4_e4b_direct_core_gold_fewshot_v5_think_ctx16384_tok16384_n237.csv,gemma4:e4b,direct_core_gold_fewshot_v5,237,8532,True,1,0.45,direct,221,467,166,301,55,1.970464135021097,0.3554603854389722,0.751131221719457,0.48255813953488375,0.3345069052774597,0.40474181233674905,0.631578947368421,0.993103448275862,0.7721179624664879,145,228,1,84
v4_social_signal_experiment_v4_prompt_think_true_gemma4_e4b_direct_core_gold_fewshot_v5_think_ctx16384_tok16384_n237,v4_social_signal_experiment_v4_prompt_think_true_gemma4_e4b_direct_core_gold_fewshot_v5_think_ctx16384_tok16384_n237.csv,gemma4:e4b,direct_core_gold_fewshot_v5,237,8532,True,1,0.50,direct,221,467,166,301,55,1.970464135021097,0.3554603854389722,0.751131221719457,0.48255813953488375,0.3345069052774597,0.40474181233674905,0.631578947368421,0.993103448275862,0.7721179624664879,145,228,1,84
v4_social_signal_experiment_v4_prompt_think_true_gemma4_e4b_direct_core_gold_fewshot_v5_think_ctx16384_tok16384_n237,v4_social_signal_experiment_v4_prompt_think_true_gemma4_e4b_direct_core_gold_fewshot_v5_think_ctx16384_tok16384_n237.csv,gemma4:e4b,direct_core_gold_fewshot_v5,237,8532,True,1,0.55,direct,221,467,166,301,55,1.970464135021097,0.3554603854389722,0.751131221719457,0.48255813953488375,0.3345069052774597,0.40474181233674905,0.631578947368421,0.993103448275862,0.7721179624664879,145,228,1,84
v4_social_signal_experiment_v4_prompt_think_true_gemma4_e4b_direct_core_gold_fewshot_v5_think_ctx16384_tok16384_n237,v4_social_signal_experiment_v4_prompt_think_true_gemma4_e4b_direct_core_gold_fewshot_v5_think_ctx16384_tok16384_n237.csv,gemma4:e4b,direct_core_gold_fewshot_v5,237,8532,True,1,0.60,direct,221,467,166,301,55,1.970464135021097,0.3554603854389722,0.751131221719457,0.48255813953488375,0.3345069052774597,0.40474181233674905,0.631578947368421,0.993103448275862,0.7721179624664879,145,228,1,84
v4_social_signal_experiment_v4_prompt_think_true_gemma4_e4b_direct_business_migration_fixed_think_ctx16384_tok16384_n237,v4_social_signal_experiment_v4_prompt_think_true_gemma4_e4b_direct_business_migration_fixed_think_ctx16384_tok16384_n237.csv,gemma4:e4b,direct_business_migration_fixed,237,8532,True,2,0.75,direct,221,224,107,117,114,0.9451476793248945,0.47767857142857145,0.4841628959276018,0.48089887640449436,0.3063599826391211,0.4469961824392204,0.6739130434782609,0.8551724137931035,0.7537993920972644,145,184,21,60
v4_social_signal_experiment_v4_prompt_think_true_gemma4_e4b_direct_core_gold_calibrated_v4_think_ctx16384_tok16384_n237,v4_social_signal_experiment_v4_prompt_think_true_gemma4_e4b_direct_core_gold_calibrated_v4_think_ctx16384_tok16384_n237.csv,gemma4:e4b,direct_core_gold_calibrated_v4,237,8532,True,0,0.70,direct,221,350,136,214,85,1.4767932489451476,0.38857142857142857,0.6153846153846154,0.4763572679509632,0.31726125435445923,0.39692585895117544,0.6299559471365639,0.9862068965517241,0.7688172043010753,145,227,2,84
v4_social_signal_experiment_v4_prompt_think_true_gemma4_e4b_direct_core_gold_calibrated_v4_think_ctx16384_tok16384_n237,v4_social_signal_experiment_v4_prompt_think_true_gemma4_e4b_direct_core_gold_calibrated_v4_think_ctx16384_tok16384_n237.csv,gemma4:e4b,direct_core_gold_calibrated_v4,237,8532,True,0,0.65,direct,221,351,136,215,85,1.481012658227848,0.38746438746438744,0.6153846153846154,0.4755244755244755,0.31726125435445923,0.3955193891902753,0.6299559471365639,0.9862068965517241,0.7688172043010753,145,227,2,84
v4_social_signal_experiment_v4_prompt_think_true_gemma4_e4b_direct_core_gold_calibrated_v4_think_ctx16384_tok16384_n237,v4_social_signal_experiment_v4_prompt_think_true_gemma4_e4b_direct_core_gold_calibrated_v4_think_ctx16384_tok16384_n237.csv,gemma4:e4b,direct_core_gold_calibrated_v4,237,8532,True,0,default,direct,221,360,137,223,84,1.518987341772152,0.38055555555555554,0.6199095022624435,0.47160068846815834,0.313464517215711,0.38989351014667467,0.6260869565217392,0.993103448275862,0.768,145,230,1,86
v4_social_signal_experiment_v4_prompt_think_true_gemma4_e4b_direct_core_gold_calibrated_v4_think_ctx16384_tok16384_n237,v4_social_signal_experiment_v4_prompt_think_true_gemma4_e4b_direct_core_gold_calibrated_v4_think_ctx16384_tok16384_n237.csv,gemma4:e4b,direct_core_gold_calibrated_v4,237,8532,True,0,0.05,direct,221,360,137,223,84,1.518987341772152,0.38055555555555554,0.6199095022624435,0.47160068846815834,0.313464517215711,0.38989351014667467,0.6260869565217392,0.993103448275862,0.768,145,230,1,86
v4_social_signal_experiment_v4_prompt_think_true_gemma4_e4b_direct_core_gold_calibrated_v4_think_ctx16384_tok16384_n237,v4_social_signal_experiment_v4_prompt_think_true_gemma4_e4b_direct_core_gold_calibrated_v4_think_ctx16384_tok16384_n237.csv,gemma4:e4b,direct_core_gold_calibrated_v4,237,8532,True,0,0.10,direct,221,360,137,223,84,1.518987341772152,0.38055555555555554,0.6199095022624435,0.47160068846815834,0.313464517215711,0.38989351014667467,0.6260869565217392,0.993103448275862,0.768,145,230,1,86
v4_social_signal_experiment_v4_prompt_think_true_gemma4_e4b_direct_core_gold_calibrated_v4_think_ctx16384_tok16384_n237,v4_social_signal_experiment_v4_prompt_think_true_gemma4_e4b_direct_core_gold_calibrated_v4_think_ctx16384_tok16384_n237.csv,gemma4:e4b,direct_core_gold_calibrated_v4,237,8532,True,0,0.15,direct,221,360,137,223,84,1.518987341772152,0.38055555555555554,0.6199095022624435,0.47160068846815834,0.313464517215711,0.38989351014667467,0.6260869565217392,0.993103448275862,0.768,145,230,1,86
v4_social_signal_experiment_v4_prompt_think_true_gemma4_e4b_direct_core_gold_calibrated_v4_think_ctx16384_tok16384_n237,v4_social_signal_experiment_v4_prompt_think_true_gemma4_e4b_direct_core_gold_calibrated_v4_think_ctx16384_tok16384_n237.csv,gemma4:e4b,direct_core_gold_calibrated_v4,237,8532,True,0,0.20,direct,221,360,137,223,84,1.518987341772152,0.38055555555555554,0.6199095022624435,0.47160068846815834,0.313464517215711,0.38989351014667467,0.6260869565217392,0.993103448275862,0.768,145,230,1,86
v4_social_signal_experiment_v4_prompt_think_true_gemma4_e4b_direct_core_gold_calibrated_v4_think_ctx16384_tok16384_n237,v4_social_signal_experiment_v4_prompt_think_true_gemma4_e4b_direct_core_gold_calibrated_v4_think_ctx16384_tok16384_n237.csv,gemma4:e4b,direct_core_gold_calibrated_v4,237,8532,True,0,0.25,direct,221,360,137,223,84,1.518987341772152,0.38055555555555554,0.6199095022624435,0.47160068846815834,0.313464517215711,0.38989351014667467,0.6260869565217392,0.993103448275862,0.768,145,230,1,86
v4_social_signal_experiment_v4_prompt_think_true_gemma4_e4b_direct_core_gold_calibrated_v4_think_ctx16384_tok16384_n237,v4_social_signal_experiment_v4_prompt_think_true_gemma4_e4b_direct_core_gold_calibrated_v4_think_ctx16384_tok16384_n237.csv,gemma4:e4b,direct_core_gold_calibrated_v4,237,8532,True,0,0.30,direct,221,360,137,223,84,1.518987341772152,0.38055555555555554,0.6199095022624435,0.47160068846815834,0.313464517215711,0.38989351014667467,0.6260869565217392,0.993103448275862,0.768,145,230,1,86
v4_social_signal_experiment_v4_prompt_think_true_gemma4_e4b_direct_core_gold_calibrated_v4_think_ctx16384_tok16384_n237,v4_social_signal_experiment_v4_prompt_think_true_gemma4_e4b_direct_core_gold_calibrated_v4_think_ctx16384_tok16384_n237.csv,gemma4:e4b,direct_core_gold_calibrated_v4,237,8532,True,0,0.35,direct,221,360,137,223,84,1.518987341772152,0.38055555555555554,0.6199095022624435,0.47160068846815834,0.313464517215711,0.38989351014667467,0.6260869565217392,0.993103448275862,0.768,145,230,1,86
v4_social_signal_experiment_v4_prompt_think_true_gemma4_e4b_direct_core_gold_calibrated_v4_think_ctx16384_tok16384_n237,v4_social_signal_experiment_v4_prompt_think_true_gemma4_e4b_direct_core_gold_calibrated_v4_think_ctx16384_tok16384_n237.csv,gemma4:e4b,direct_core_gold_calibrated_v4,237,8532,True,0,0.40,direct,221,360,137,223,84,1.518987341772152,0.38055555555555554,0.6199095022624435,0.47160068846815834,0.313464517215711,0.38989351014667467,0.6260869565217392,0.993103448275862,0.768,145,230,1,86
v4_social_signal_experiment_v4_prompt_think_true_gemma4_e4b_direct_core_gold_calibrated_v4_think_ctx16384_tok16384_n237,v4_social_signal_experiment_v4_prompt_think_true_gemma4_e4b_direct_core_gold_calibrated_v4_think_ctx16384_tok16384_n237.csv,gemma4:e4b,direct_core_gold_calibrated_v4,237,8532,True,0,0.45,direct,221,360,137,223,84,1.518987341772152,0.38055555555555554,0.6199095022624435,0.47160068846815834,0.313464517215711,0.38989351014667467,0.6260869565217392,0.993103448275862,0.768,145,230,1,86
v4_social_signal_experiment_v4_prompt_think_true_gemma4_e4b_direct_core_gold_calibrated_v4_think_ctx16384_tok16384_n237,v4_social_signal_experiment_v4_prompt_think_true_gemma4_e4b_direct_core_gold_calibrated_v4_think_ctx16384_tok16384_n237.csv,gemma4:e4b,direct_core_gold_calibrated_v4,237,8532,True,0,0.50,direct,221,360,137,223,84,1.518987341772152,0.38055555555555554,0.6199095022624435,0.47160068846815834,0.313464517215711,0.38989351014667467,0.6260869565217392,0.993103448275862,0.768,145,230,1,86
v4_social_signal_experiment_v4_prompt_think_true_gemma4_e4b_direct_core_gold_calibrated_v4_think_ctx16384_tok16384_n237,v4_social_signal_experiment_v4_prompt_think_true_gemma4_e4b_direct_core_gold_calibrated_v4_think_ctx16384_tok16384_n237.csv,gemma4:e4b,direct_core_gold_calibrated_v4,237,8532,True,0,0.55,direct,221,360,137,223,84,1.518987341772152,0.38055555555555554,0.6199095022624435,0.47160068846815834,0.313464517215711,0.38989351014667467,0.6260869565217392,0.993103448275862,0.768,145,230,1,86
v4_social_signal_experiment_v4_prompt_think_true_gemma4_e4b_direct_core_gold_calibrated_v4_think_ctx16384_tok16384_n237,v4_social_signal_experiment_v4_prompt_think_true_gemma4_e4b_direct_core_gold_calibrated_v4_think_ctx16384_tok16384_n237.csv,gemma4:e4b,direct_core_gold_calibrated_v4,237,8532,True,0,0.60,direct,221,360,137,223,84,1.518987341772152,0.38055555555555554,0.6199095022624435,0.47160068846815834,0.313464517215711,0.38989351014667467,0.6260869565217392,0.993103448275862,0.768,145,230,1,86
v4_social_signal_experiment_v4_prompt_think_true_gemma4_e4b_gold_mimic_broad_v1_think_ctx16384_tok16384_n237,v4_social_signal_experiment_v4_prompt_think_true_gemma4_e4b_gold_mimic_broad_v1_think_ctx16384_tok16384_n237.csv,gemma4:e4b,gold_mimic_broad_v1,237,8532,True,3,0.90,direct,221,199,99,100,122,0.8396624472573839,0.49748743718592964,0.4479638009049774,0.4714285714285714,0.3067845142162634,0.5118143459915613,0.72,0.7448275862068966,0.7322033898305085,145,150,37,42
v4_social_signal_experiment_v4_prompt_think_true_gemma4_e4b_direct_business_migration_fixed_think_ctx16384_tok16384_n237,v4_social_signal_experiment_v4_prompt_think_true_gemma4_e4b_direct_business_migration_fixed_think_ctx16384_tok16384_n237.csv,gemma4:e4b,direct_business_migration_fixed,237,8532,True,2,0.65,direct,221,268,113,155,108,1.130801687763713,0.4216417910447761,0.5113122171945701,0.4621676891615542,0.3286646828576924,0.4091621458710066,0.6587677725118484,0.9586206896551724,0.7808988764044944,145,211,6,72
v4_social_signal_experiment_v4_prompt_think_true_gemma4_e4b_direct_business_migration_fixed_think_ctx16384_tok16384_n237,v4_social_signal_experiment_v4_prompt_think_true_gemma4_e4b_direct_business_migration_fixed_think_ctx16384_tok16384_n237.csv,gemma4:e4b,direct_business_migration_fixed,237,8532,True,2,0.70,direct,221,268,113,155,108,1.130801687763713,0.4216417910447761,0.5113122171945701,0.4621676891615542,0.3286646828576924,0.4091621458710066,0.6587677725118484,0.9586206896551724,0.7808988764044944,145,211,6,72
v4_social_signal_experiment_v4_prompt_think_true_gemma4_e4b_direct_business_migration_fixed_think_ctx16384_tok16384_n237,v4_social_signal_experiment_v4_prompt_think_true_gemma4_e4b_direct_business_migration_fixed_think_ctx16384_tok16384_n237.csv,gemma4:e4b,direct_business_migration_fixed,237,8532,True,2,0.80,direct,221,217,101,116,120,0.9156118143459916,0.46543778801843316,0.45701357466063347,0.4611872146118721,0.28068714445894444,0.4381354229455495,0.6758241758241759,0.8482758620689655,0.7522935779816514,145,182,22,59
v4_social_signal_experiment_v4_prompt_think_true_gemma4_e4b_direct_business_migration_fixed_think_ctx16384_tok16384_n237,v4_social_signal_experiment_v4_prompt_think_true_gemma4_e4b_direct_business_migration_fixed_think_ctx16384_tok16384_n237.csv,gemma4:e4b,direct_business_migration_fixed,237,8532,True,2,0.85,direct,221,213,100,113,121,0.8987341772151899,0.4694835680751174,0.45248868778280543,0.4608294930875576,0.2831675469393469,0.4413502109704641,0.6795580110497238,0.8482758620689655,0.754601226993865,145,181,22,58
v4_social_signal_experiment_v4_prompt_think_true_gemma4_e4b_direct_business_migration_fixed_think_ctx16384_tok16384_n237,v4_social_signal_experiment_v4_prompt_think_true_gemma4_e4b_direct_business_migration_fixed_think_ctx16384_tok16384_n237.csv,gemma4:e4b,direct_business_migration_fixed,237,8532,True,2,default,direct,221,274,114,160,107,1.1561181434599157,0.41605839416058393,0.5158371040723982,0.46060606060606063,0.33199925406405545,0.41042796865581677,0.660377358490566,0.9655172413793104,0.7843137254901961,145,212,5,72
v4_social_signal_experiment_v4_prompt_think_true_gemma4_e4b_direct_business_migration_fixed_think_ctx16384_tok16384_n237,v4_social_signal_experiment_v4_prompt_think_true_gemma4_e4b_direct_business_migration_fixed_think_ctx16384_tok16384_n237.csv,gemma4:e4b,direct_business_migration_fixed,237,8532,True,2,0.05,direct,221,274,114,160,107,1.1561181434599157,0.41605839416058393,0.5158371040723982,0.46060606060606063,0.33199925406405545,0.41042796865581677,0.660377358490566,0.9655172413793104,0.7843137254901961,145,212,5,72
v4_social_signal_experiment_v4_prompt_think_true_gemma4_e4b_direct_business_migration_fixed_think_ctx16384_tok16384_n237,v4_social_signal_experiment_v4_prompt_think_true_gemma4_e4b_direct_business_migration_fixed_think_ctx16384_tok16384_n237.csv,gemma4:e4b,direct_business_migration_fixed,237,8532,True,2,0.10,direct,221,274,114,160,107,1.1561181434599157,0.41605839416058393,0.5158371040723982,0.46060606060606063,0.33199925406405545,0.41042796865581677,0.660377358490566,0.9655172413793104,0.7843137254901961,145,212,5,72
v4_social_signal_experiment_v4_prompt_think_true_gemma4_e4b_direct_business_migration_fixed_think_ctx16384_tok16384_n237,v4_social_signal_experiment_v4_prompt_think_true_gemma4_e4b_direct_business_migration_fixed_think_ctx16384_tok16384_n237.csv,gemma4:e4b,direct_business_migration_fixed,237,8532,True,2,0.15,direct,221,274,114,160,107,1.1561181434599157,0.41605839416058393,0.5158371040723982,0.46060606060606063,0.33199925406405545,0.41042796865581677,0.660377358490566,0.9655172413793104,0.7843137254901961,145,212,5,72
v4_social_signal_experiment_v4_prompt_think_true_gemma4_e4b_direct_business_migration_fixed_think_ctx16384_tok16384_n237,v4_social_signal_experiment_v4_prompt_think_true_gemma4_e4b_direct_business_migration_fixed_think_ctx16384_tok16384_n237.csv,gemma4:e4b,direct_business_migration_fixed,237,8532,True,2,0.20,direct,221,274,114,160,107,1.1561181434599157,0.41605839416058393,0.5158371040723982,0.46060606060606063,0.33199925406405545,0.41042796865581677,0.660377358490566,0.9655172413793104,0.7843137254901961,145,212,5,72
v4_social_signal_experiment_v4_prompt_think_true_gemma4_e4b_direct_business_migration_fixed_think_ctx16384_tok16384_n237,v4_social_signal_experiment_v4_prompt_think_true_gemma4_e4b_direct_business_migration_fixed_think_ctx16384_tok16384_n237.csv,gemma4:e4b,direct_business_migration_fixed,237,8532,True,2,0.25,direct,221,274,114,160,107,1.1561181434599157,0.41605839416058393,0.5158371040723982,0.46060606060606063,0.33199925406405545,0.41042796865581677,0.660377358490566,0.9655172413793104,0.7843137254901961,145,212,5,72
v4_social_signal_experiment_v4_prompt_think_true_gemma4_e4b_direct_business_migration_fixed_think_ctx16384_tok16384_n237,v4_social_signal_experiment_v4_prompt_think_true_gemma4_e4b_direct_business_migration_fixed_think_ctx16384_tok16384_n237.csv,gemma4:e4b,direct_business_migration_fixed,237,8532,True,2,0.30,direct,221,274,114,160,107,1.1561181434599157,0.41605839416058393,0.5158371040723982,0.46060606060606063,0.33199925406405545,0.41042796865581677,0.660377358490566,0.9655172413793104,0.7843137254901961,145,212,5,72
v4_social_signal_experiment_v4_prompt_think_true_gemma4_e4b_direct_business_migration_fixed_think_ctx16384_tok16384_n237,v4_social_signal_experiment_v4_prompt_think_true_gemma4_e4b_direct_business_migration_fixed_think_ctx16384_tok16384_n237.csv,gemma4:e4b,direct_business_migration_fixed,237,8532,True,2,0.35,direct,221,274,114,160,107,1.1561181434599157,0.41605839416058393,0.5158371040723982,0.46060606060606063,0.33199925406405545,0.41042796865581677,0.660377358490566,0.9655172413793104,0.7843137254901961,145,212,5,72
v4_social_signal_experiment_v4_prompt_think_true_gemma4_e4b_direct_business_migration_fixed_think_ctx16384_tok16384_n237,v4_social_signal_experiment_v4_prompt_think_true_gemma4_e4b_direct_business_migration_fixed_think_ctx16384_tok16384_n237.csv,gemma4:e4b,direct_business_migration_fixed,237,8532,True,2,0.40,direct,221,274,114,160,107,1.1561181434599157,0.41605839416058393,0.5158371040723982,0.46060606060606063,0.33199925406405545,0.41042796865581677,0.660377358490566,0.9655172413793104,0.7843137254901961,145,212,5,72
v4_social_signal_experiment_v4_prompt_think_true_gemma4_e4b_direct_business_migration_fixed_think_ctx16384_tok16384_n237,v4_social_signal_experiment_v4_prompt_think_true_gemma4_e4b_direct_business_migration_fixed_think_ctx16384_tok16384_n237.csv,gemma4:e4b,direct_business_migration_fixed,237,8532,True,2,0.45,direct,221,274,114,160,107,1.1561181434599157,0.41605839416058393,0.5158371040723982,0.46060606060606063,0.33199925406405545,0.41042796865581677,0.660377358490566,0.9655172413793104,0.7843137254901961,145,212,5,72
v4_social_signal_experiment_v4_prompt_think_true_gemma4_e4b_direct_business_migration_fixed_think_ctx16384_tok16384_n237,v4_social_signal_experiment_v4_prompt_think_true_gemma4_e4b_direct_business_migration_fixed_think_ctx16384_tok16384_n237.csv,gemma4:e4b,direct_business_migration_fixed,237,8532,True,2,0.50,direct,221,274,114,160,107,1.1561181434599157,0.41605839416058393,0.5158371040723982,0.46060606060606063,0.33199925406405545,0.41042796865581677,0.660377358490566,0.9655172413793104,0.7843137254901961,145,212,5,72
v4_social_signal_experiment_v4_prompt_think_true_gemma4_e4b_direct_business_migration_fixed_think_ctx16384_tok16384_n237,v4_social_signal_experiment_v4_prompt_think_true_gemma4_e4b_direct_business_migration_fixed_think_ctx16384_tok16384_n237.csv,gemma4:e4b,direct_business_migration_fixed,237,8532,True,2,0.55,direct,221,274,114,160,107,1.1561181434599157,0.41605839416058393,0.5158371040723982,0.46060606060606063,0.33199925406405545,0.41042796865581677,0.660377358490566,0.9655172413793104,0.7843137254901961,145,212,5,72
v4_social_signal_experiment_v4_prompt_think_true_gemma4_e4b_direct_business_migration_fixed_think_ctx16384_tok16384_n237,v4_social_signal_experiment_v4_prompt_think_true_gemma4_e4b_direct_business_migration_fixed_think_ctx16384_tok16384_n237.csv,gemma4:e4b,direct_business_migration_fixed,237,8532,True,2,0.60,direct,221,274,114,160,107,1.1561181434599157,0.41605839416058393,0.5158371040723982,0.46060606060606063,0.33199925406405545,0.41042796865581677,0.660377358490566,0.9655172413793104,0.7843137254901961,145,212,5,72
v4_social_signal_experiment_v4_prompt_think_true_gemma4_e4b_direct_core_gold_fewshot_v5_think_ctx16384_tok16384_n237,v4_social_signal_experiment_v4_prompt_think_true_gemma4_e4b_direct_core_gold_fewshot_v5_think_ctx16384_tok16384_n237.csv,gemma4:e4b,direct_core_gold_fewshot_v5,237,8532,True,1,0.95,direct,221,107,74,33,147,0.45147679324894513,0.6915887850467289,0.334841628959276,0.45121951219512196,0.28617056399781654,0.5419127988748242,0.8137254901960784,0.5724137931034483,0.6720647773279352,145,102,62,19
v4_social_signal_experiment_v4_prompt_think_true_gemma4_e4b_gold_mimic_broad_v1_think_ctx16384_tok16384_n237,v4_social_signal_experiment_v4_prompt_think_true_gemma4_e4b_gold_mimic_broad_v1_think_ctx16384_tok16384_n237.csv,gemma4:e4b,gold_mimic_broad_v1,237,8532,True,3,0.85,direct,221,279,111,168,110,1.1772151898734178,0.3978494623655914,0.502262443438914,0.444,0.2881463960875726,0.4457303596544102,0.6630434782608695,0.8413793103448276,0.7416413373860182,145,184,23,62
v4_social_signal_experiment_v4_prompt_think_true_gemma4_e4b_direct_core_filtered_v3_think_ctx16384_tok16384_n237,v4_social_signal_experiment_v4_prompt_think_true_gemma4_e4b_direct_core_filtered_v3_think_ctx16384_tok16384_n237.csv,gemma4:e4b,direct_core_filtered_v3,237,8532,True,0,0.95,direct,221,80,63,17,158,0.33755274261603374,0.7875,0.2850678733031674,0.4186046511627907,0.20526446715701244,0.5523206751054852,0.8589743589743589,0.46206896551724136,0.600896860986547,145,78,78,11
v4_social_signal_experiment_v4_prompt_think_true_gemma4_e4b_gold_mimic_broad_v1_think_ctx16384_tok16384_n237,v4_social_signal_experiment_v4_prompt_think_true_gemma4_e4b_gold_mimic_broad_v1_think_ctx16384_tok16384_n237.csv,gemma4:e4b,gold_mimic_broad_v1,237,8532,True,3,0.80,direct,221,395,127,268,94,1.6666666666666667,0.32151898734177214,0.5746606334841629,0.41233766233766234,0.36370894589462494,0.3443942133815551,0.6164383561643836,0.9310344827586207,0.7417582417582418,145,219,10,84
v4_social_signal_experiment_v4_prompt_think_true_gemma4_e4b_direct_core_targeted_v7_think_ctx16384_tok16384_n237,v4_social_signal_experiment_v4_prompt_think_true_gemma4_e4b_direct_core_targeted_v7_think_ctx16384_tok16384_n237.csv,gemma4:e4b,direct_core_targeted_v7,237,8532,True,3,0.95,direct,221,88,63,25,158,0.37130801687763715,0.7159090909090909,0.2850678733031674,0.4077669902912621,0.2296937227271861,0.5310829817158932,0.8275862068965517,0.496551724137931,0.6206896551724138,145,87,73,15
v4_social_signal_experiment_v4_prompt_think_true_gemma4_e4b_gold_mimic_broad_v1_think_ctx16384_tok16384_n237,v4_social_signal_experiment_v4_prompt_think_true_gemma4_e4b_gold_mimic_broad_v1_think_ctx16384_tok16384_n237.csv,gemma4:e4b,gold_mimic_broad_v1,237,8532,True,3,0.75,direct,221,446,135,311,86,1.8818565400843883,0.30269058295964124,0.6108597285067874,0.4047976011994003,0.3489458552599589,0.32723528229857346,0.6111111111111112,0.9862068965517241,0.7546174142480211,145,234,2,91
v4_social_signal_experiment_v4_prompt_think_true_gemma4_e4b_gold_mimic_broad_v1_think_ctx16384_tok16384_n237,v4_social_signal_experiment_v4_prompt_think_true_gemma4_e4b_gold_mimic_broad_v1_think_ctx16384_tok16384_n237.csv,gemma4:e4b,gold_mimic_broad_v1,237,8532,True,3,default,direct,221,464,136,328,85,1.9578059071729959,0.29310344827586204,0.6153846153846154,0.3970802919708029,0.3469458467597565,0.32639140044203335,0.6111111111111112,0.9862068965517241,0.7546174142480211,145,234,2,91
v4_social_signal_experiment_v4_prompt_think_true_gemma4_e4b_gold_mimic_broad_v1_think_ctx16384_tok16384_n237,v4_social_signal_experiment_v4_prompt_think_true_gemma4_e4b_gold_mimic_broad_v1_think_ctx16384_tok16384_n237.csv,gemma4:e4b,gold_mimic_broad_v1,237,8532,True,3,0.05,direct,221,464,136,328,85,1.9578059071729959,0.29310344827586204,0.6153846153846154,0.3970802919708029,0.3469458467597565,0.32639140044203335,0.6111111111111112,0.9862068965517241,0.7546174142480211,145,234,2,91
v4_social_signal_experiment_v4_prompt_think_true_gemma4_e4b_gold_mimic_broad_v1_think_ctx16384_tok16384_n237,v4_social_signal_experiment_v4_prompt_think_true_gemma4_e4b_gold_mimic_broad_v1_think_ctx16384_tok16384_n237.csv,gemma4:e4b,gold_mimic_broad_v1,237,8532,True,3,0.10,direct,221,464,136,328,85,1.9578059071729959,0.29310344827586204,0.6153846153846154,0.3970802919708029,0.3469458467597565,0.32639140044203335,0.6111111111111112,0.9862068965517241,0.7546174142480211,145,234,2,91
v4_social_signal_experiment_v4_prompt_think_true_gemma4_e4b_gold_mimic_broad_v1_think_ctx16384_tok16384_n237,v4_social_signal_experiment_v4_prompt_think_true_gemma4_e4b_gold_mimic_broad_v1_think_ctx16384_tok16384_n237.csv,gemma4:e4b,gold_mimic_broad_v1,237,8532,True,3,0.15,direct,221,464,136,328,85,1.9578059071729959,0.29310344827586204,0.6153846153846154,0.3970802919708029,0.3469458467597565,0.32639140044203335,0.6111111111111112,0.9862068965517241,0.7546174142480211,145,234,2,91
v4_social_signal_experiment_v4_prompt_think_true_gemma4_e4b_gold_mimic_broad_v1_think_ctx16384_tok16384_n237,v4_social_signal_experiment_v4_prompt_think_true_gemma4_e4b_gold_mimic_broad_v1_think_ctx16384_tok16384_n237.csv,gemma4:e4b,gold_mimic_broad_v1,237,8532,True,3,0.20,direct,221,464,136,328,85,1.9578059071729959,0.29310344827586204,0.6153846153846154,0.3970802919708029,0.3469458467597565,0.32639140044203335,0.6111111111111112,0.9862068965517241,0.7546174142480211,145,234,2,91
v4_social_signal_experiment_v4_prompt_think_true_gemma4_e4b_gold_mimic_broad_v1_think_ctx16384_tok16384_n237,v4_social_signal_experiment_v4_prompt_think_true_gemma4_e4b_gold_mimic_broad_v1_think_ctx16384_tok16384_n237.csv,gemma4:e4b,gold_mimic_broad_v1,237,8532,True,3,0.25,direct,221,464,136,328,85,1.9578059071729959,0.29310344827586204,0.6153846153846154,0.3970802919708029,0.3469458467597565,0.32639140044203335,0.6111111111111112,0.9862068965517241,0.7546174142480211,145,234,2,91
v4_social_signal_experiment_v4_prompt_think_true_gemma4_e4b_gold_mimic_broad_v1_think_ctx16384_tok16384_n237,v4_social_signal_experiment_v4_prompt_think_true_gemma4_e4b_gold_mimic_broad_v1_think_ctx16384_tok16384_n237.csv,gemma4:e4b,gold_mimic_broad_v1,237,8532,True,3,0.30,direct,221,464,136,328,85,1.9578059071729959,0.29310344827586204,0.6153846153846154,0.3970802919708029,0.3469458467597565,0.32639140044203335,0.6111111111111112,0.9862068965517241,0.7546174142480211,145,234,2,91
v4_social_signal_experiment_v4_prompt_think_true_gemma4_e4b_gold_mimic_broad_v1_think_ctx16384_tok16384_n237,v4_social_signal_experiment_v4_prompt_think_true_gemma4_e4b_gold_mimic_broad_v1_think_ctx16384_tok16384_n237.csv,gemma4:e4b,gold_mimic_broad_v1,237,8532,True,3,0.35,direct,221,464,136,328,85,1.9578059071729959,0.29310344827586204,0.6153846153846154,0.3970802919708029,0.3469458467597565,0.32639140044203335,0.6111111111111112,0.9862068965517241,0.7546174142480211,145,234,2,91
v4_social_signal_experiment_v4_prompt_think_true_gemma4_e4b_gold_mimic_broad_v1_think_ctx16384_tok16384_n237,v4_social_signal_experiment_v4_prompt_think_true_gemma4_e4b_gold_mimic_broad_v1_think_ctx16384_tok16384_n237.csv,gemma4:e4b,gold_mimic_broad_v1,237,8532,True,3,0.40,direct,221,464,136,328,85,1.9578059071729959,0.29310344827586204,0.6153846153846154,0.3970802919708029,0.3469458467597565,0.32639140044203335,0.6111111111111112,0.9862068965517241,0.7546174142480211,145,234,2,91
v4_social_signal_experiment_v4_prompt_think_true_gemma4_e4b_gold_mimic_broad_v1_think_ctx16384_tok16384_n237,v4_social_signal_experiment_v4_prompt_think_true_gemma4_e4b_gold_mimic_broad_v1_think_ctx16384_tok16384_n237.csv,gemma4:e4b,gold_mimic_broad_v1,237,8532,True,3,0.45,direct,221,464,136,328,85,1.9578059071729959,0.29310344827586204,0.6153846153846154,0.3970802919708029,0.3469458467597565,0.32639140044203335,0.6111111111111112,0.9862068965517241,0.7546174142480211,145,234,2,91
v4_social_signal_experiment_v4_prompt_think_true_gemma4_e4b_gold_mimic_broad_v1_think_ctx16384_tok16384_n237,v4_social_signal_experiment_v4_prompt_think_true_gemma4_e4b_gold_mimic_broad_v1_think_ctx16384_tok16384_n237.csv,gemma4:e4b,gold_mimic_broad_v1,237,8532,True,3,0.50,direct,221,464,136,328,85,1.9578059071729959,0.29310344827586204,0.6153846153846154,0.3970802919708029,0.3469458467597565,0.32639140044203335,0.6111111111111112,0.9862068965517241,0.7546174142480211,145,234,2,91
v4_social_signal_experiment_v4_prompt_think_true_gemma4_e4b_gold_mimic_broad_v1_think_ctx16384_tok16384_n237,v4_social_signal_experiment_v4_prompt_think_true_gemma4_e4b_gold_mimic_broad_v1_think_ctx16384_tok16384_n237.csv,gemma4:e4b,gold_mimic_broad_v1,237,8532,True,3,0.55,direct,221,464,136,328,85,1.9578059071729959,0.29310344827586204,0.6153846153846154,0.3970802919708029,0.3469458467597565,0.32639140044203335,0.6111111111111112,0.9862068965517241,0.7546174142480211,145,234,2,91
v4_social_signal_experiment_v4_prompt_think_true_gemma4_e4b_gold_mimic_broad_v1_think_ctx16384_tok16384_n237,v4_social_signal_experiment_v4_prompt_think_true_gemma4_e4b_gold_mimic_broad_v1_think_ctx16384_tok16384_n237.csv,gemma4:e4b,gold_mimic_broad_v1,237,8532,True,3,0.60,direct,221,464,136,328,85,1.9578059071729959,0.29310344827586204,0.6153846153846154,0.3970802919708029,0.3469458467597565,0.32639140044203335,0.6111111111111112,0.9862068965517241,0.7546174142480211,145,234,2,91
v4_social_signal_experiment_v4_prompt_think_true_gemma4_e4b_gold_mimic_broad_v1_think_ctx16384_tok16384_n237,v4_social_signal_experiment_v4_prompt_think_true_gemma4_e4b_gold_mimic_broad_v1_think_ctx16384_tok16384_n237.csv,gemma4:e4b,gold_mimic_broad_v1,237,8532,True,3,0.65,direct,221,464,136,328,85,1.9578059071729959,0.29310344827586204,0.6153846153846154,0.3970802919708029,0.3469458467597565,0.32639140044203335,0.6111111111111112,0.9862068965517241,0.7546174142480211,145,234,2,91
v4_social_signal_experiment_v4_prompt_think_true_gemma4_e4b_gold_mimic_broad_v1_think_ctx16384_tok16384_n237,v4_social_signal_experiment_v4_prompt_think_true_gemma4_e4b_gold_mimic_broad_v1_think_ctx16384_tok16384_n237.csv,gemma4:e4b,gold_mimic_broad_v1,237,8532,True,3,0.70,direct,221,464,136,328,85,1.9578059071729959,0.29310344827586204,0.6153846153846154,0.3970802919708029,0.3469458467597565,0.32639140044203335,0.6111111111111112,0.9862068965517241,0.7546174142480211,145,234,2,91
v4_social_signal_experiment_v4_prompt_think_true_gemma4_e4b_direct_brief_thinking_think_ctx16384_tok16384_n237,v4_social_signal_experiment_v4_prompt_think_true_gemma4_e4b_direct_brief_thinking_think_ctx16384_tok16384_n237.csv,gemma4:e4b,direct_brief_thinking,237,8532,True,5,0.85,direct,221,206,84,122,137,0.869198312236287,0.4077669902912621,0.38009049773755654,0.39344262295081966,0.28983405483405483,0.3843881856540084,0.6494252873563219,0.7793103448275862,0.7084639498432602,145,174,32,61
v4_social_signal_experiment_v4_prompt_think_true_gemma4_e4b_direct_brief_thinking_think_ctx16384_tok16384_n237,v4_social_signal_experiment_v4_prompt_think_true_gemma4_e4b_direct_brief_thinking_think_ctx16384_tok16384_n237.csv,gemma4:e4b,direct_brief_thinking,237,8532,True,5,0.75,direct,221,213,84,129,137,0.8987341772151899,0.39436619718309857,0.38009049773755654,0.3870967741935484,0.28824675324675325,0.37434197307615025,0.6460674157303371,0.7931034482758621,0.7120743034055728,145,178,30,63
v4_social_signal_experiment_v4_prompt_think_true_gemma4_e4b_direct_brief_thinking_think_ctx16384_tok16384_n237,v4_social_signal_experiment_v4_prompt_think_true_gemma4_e4b_direct_brief_thinking_think_ctx16384_tok16384_n237.csv,gemma4:e4b,direct_brief_thinking,237,8532,True,5,0.80,direct,221,213,84,129,137,0.8987341772151899,0.39436619718309857,0.38009049773755654,0.3870967741935484,0.28824675324675325,0.37434197307615025,0.6460674157303371,0.7931034482758621,0.7120743034055728,145,178,30,63
v4_social_signal_experiment_v4_prompt_think_true_gemma4_e2b_direct_core_recall_v2_think_ctx16384_tok16384_n237,v4_social_signal_experiment_v4_prompt_think_true_gemma4_e2b_direct_core_recall_v2_think_ctx16384_tok16384_n237.csv,gemma4:e2b,direct_core_recall_v2,237,8532,True,10,default,direct,221,169,74,95,147,0.7130801687763713,0.4378698224852071,0.334841628959276,0.37948717948717947,0.18133911082256546,0.4250351617440225,0.6883116883116883,0.7310344827586207,0.7090301003344481,145,154,39,48
v4_social_signal_experiment_v4_prompt_think_true_gemma4_e2b_direct_core_recall_v2_think_ctx16384_tok16384_n237,v4_social_signal_experiment_v4_prompt_think_true_gemma4_e2b_direct_core_recall_v2_think_ctx16384_tok16384_n237.csv,gemma4:e2b,direct_core_recall_v2,237,8532,True,10,0.05,direct,221,169,74,95,147,0.7130801687763713,0.4378698224852071,0.334841628959276,0.37948717948717947,0.18133911082256546,0.4250351617440225,0.6883116883116883,0.7310344827586207,0.7090301003344481,145,154,39,48
v4_social_signal_experiment_v4_prompt_think_true_gemma4_e2b_direct_core_recall_v2_think_ctx16384_tok16384_n237,v4_social_signal_experiment_v4_prompt_think_true_gemma4_e2b_direct_core_recall_v2_think_ctx16384_tok16384_n237.csv,gemma4:e2b,direct_core_recall_v2,237,8532,True,10,0.10,direct,221,169,74,95,147,0.7130801687763713,0.4378698224852071,0.334841628959276,0.37948717948717947,0.18133911082256546,0.4250351617440225,0.6883116883116883,0.7310344827586207,0.7090301003344481,145,154,39,48
v4_social_signal_experiment_v4_prompt_think_true_gemma4_e2b_direct_core_recall_v2_think_ctx16384_tok16384_n237,v4_social_signal_experiment_v4_prompt_think_true_gemma4_e2b_direct_core_recall_v2_think_ctx16384_tok16384_n237.csv,gemma4:e2b,direct_core_recall_v2,237,8532,True,10,0.15,direct,221,169,74,95,147,0.7130801687763713,0.4378698224852071,0.334841628959276,0.37948717948717947,0.18133911082256546,0.4250351617440225,0.6883116883116883,0.7310344827586207,0.7090301003344481,145,154,39,48
v4_social_signal_experiment_v4_prompt_think_true_gemma4_e2b_direct_core_recall_v2_think_ctx16384_tok16384_n237,v4_social_signal_experiment_v4_prompt_think_true_gemma4_e2b_direct_core_recall_v2_think_ctx16384_tok16384_n237.csv,gemma4:e2b,direct_core_recall_v2,237,8532,True,10,0.20,direct,221,169,74,95,147,0.7130801687763713,0.4378698224852071,0.334841628959276,0.37948717948717947,0.18133911082256546,0.4250351617440225,0.6883116883116883,0.7310344827586207,0.7090301003344481,145,154,39,48
v4_social_signal_experiment_v4_prompt_think_true_gemma4_e2b_direct_core_recall_v2_think_ctx16384_tok16384_n237,v4_social_signal_experiment_v4_prompt_think_true_gemma4_e2b_direct_core_recall_v2_think_ctx16384_tok16384_n237.csv,gemma4:e2b,direct_core_recall_v2,237,8532,True,10,0.25,direct,221,169,74,95,147,0.7130801687763713,0.4378698224852071,0.334841628959276,0.37948717948717947,0.18133911082256546,0.4250351617440225,0.6883116883116883,0.7310344827586207,0.7090301003344481,145,154,39,48
v4_social_signal_experiment_v4_prompt_think_true_gemma4_e2b_direct_core_recall_v2_think_ctx16384_tok16384_n237,v4_social_signal_experiment_v4_prompt_think_true_gemma4_e2b_direct_core_recall_v2_think_ctx16384_tok16384_n237.csv,gemma4:e2b,direct_core_recall_v2,237,8532,True,10,0.30,direct,221,169,74,95,147,0.7130801687763713,0.4378698224852071,0.334841628959276,0.37948717948717947,0.18133911082256546,0.4250351617440225,0.6883116883116883,0.7310344827586207,0.7090301003344481,145,154,39,48
v4_social_signal_experiment_v4_prompt_think_true_gemma4_e2b_direct_core_recall_v2_think_ctx16384_tok16384_n237,v4_social_signal_experiment_v4_prompt_think_true_gemma4_e2b_direct_core_recall_v2_think_ctx16384_tok16384_n237.csv,gemma4:e2b,direct_core_recall_v2,237,8532,True,10,0.35,direct,221,169,74,95,147,0.7130801687763713,0.4378698224852071,0.334841628959276,0.37948717948717947,0.18133911082256546,0.4250351617440225,0.6883116883116883,0.7310344827586207,0.7090301003344481,145,154,39,48
v4_social_signal_experiment_v4_prompt_think_true_gemma4_e2b_direct_core_recall_v2_think_ctx16384_tok16384_n237,v4_social_signal_experiment_v4_prompt_think_true_gemma4_e2b_direct_core_recall_v2_think_ctx16384_tok16384_n237.csv,gemma4:e2b,direct_core_recall_v2,237,8532,True,10,0.40,direct,221,169,74,95,147,0.7130801687763713,0.4378698224852071,0.334841628959276,0.37948717948717947,0.18133911082256546,0.4250351617440225,0.6883116883116883,0.7310344827586207,0.7090301003344481,145,154,39,48
v4_social_signal_experiment_v4_prompt_think_true_gemma4_e2b_direct_core_recall_v2_think_ctx16384_tok16384_n237,v4_social_signal_experiment_v4_prompt_think_true_gemma4_e2b_direct_core_recall_v2_think_ctx16384_tok16384_n237.csv,gemma4:e2b,direct_core_recall_v2,237,8532,True,10,0.45,direct,221,169,74,95,147,0.7130801687763713,0.4378698224852071,0.334841628959276,0.37948717948717947,0.18133911082256546,0.4250351617440225,0.6883116883116883,0.7310344827586207,0.7090301003344481,145,154,39,48
v4_social_signal_experiment_v4_prompt_think_true_gemma4_e2b_direct_core_recall_v2_think_ctx16384_tok16384_n237,v4_social_signal_experiment_v4_prompt_think_true_gemma4_e2b_direct_core_recall_v2_think_ctx16384_tok16384_n237.csv,gemma4:e2b,direct_core_recall_v2,237,8532,True,10,0.50,direct,221,169,74,95,147,0.7130801687763713,0.4378698224852071,0.334841628959276,0.37948717948717947,0.18133911082256546,0.4250351617440225,0.6883116883116883,0.7310344827586207,0.7090301003344481,145,154,39,48
v4_social_signal_experiment_v4_prompt_think_true_gemma4_e2b_direct_core_recall_v2_think_ctx16384_tok16384_n237,v4_social_signal_experiment_v4_prompt_think_true_gemma4_e2b_direct_core_recall_v2_think_ctx16384_tok16384_n237.csv,gemma4:e2b,direct_core_recall_v2,237,8532,True,10,0.55,direct,221,169,74,95,147,0.7130801687763713,0.4378698224852071,0.334841628959276,0.37948717948717947,0.18133911082256546,0.4250351617440225,0.6883116883116883,0.7310344827586207,0.7090301003344481,145,154,39,48
v4_social_signal_experiment_v4_prompt_think_true_gemma4_e2b_direct_core_recall_v2_think_ctx16384_tok16384_n237,v4_social_signal_experiment_v4_prompt_think_true_gemma4_e2b_direct_core_recall_v2_think_ctx16384_tok16384_n237.csv,gemma4:e2b,direct_core_recall_v2,237,8532,True,10,0.60,direct,221,169,74,95,147,0.7130801687763713,0.4378698224852071,0.334841628959276,0.37948717948717947,0.18133911082256546,0.4250351617440225,0.6883116883116883,0.7310344827586207,0.7090301003344481,145,154,39,48
v4_social_signal_experiment_v4_prompt_think_true_gemma4_e4b_direct_brief_thinking_think_ctx16384_tok16384_n237,v4_social_signal_experiment_v4_prompt_think_true_gemma4_e4b_direct_brief_thinking_think_ctx16384_tok16384_n237.csv,gemma4:e4b,direct_brief_thinking,237,8532,True,5,0.65,direct,221,286,96,190,125,1.2067510548523206,0.3356643356643357,0.4343891402714932,0.378698224852071,0.31314454168207406,0.3016877637130801,0.6171171171171171,0.9448275862068966,0.7465940054495913,145,222,8,85
v4_social_signal_experiment_v4_prompt_think_true_gemma4_e4b_direct_brief_thinking_think_ctx16384_tok16384_n237,v4_social_signal_experiment_v4_prompt_think_true_gemma4_e4b_direct_brief_thinking_think_ctx16384_tok16384_n237.csv,gemma4:e4b,direct_brief_thinking,237,8532,True,5,0.70,direct,221,286,96,190,125,1.2067510548523206,0.3356643356643357,0.4343891402714932,0.378698224852071,0.31314454168207406,0.3016877637130801,0.6171171171171171,0.9448275862068966,0.7465940054495913,145,222,8,85
v4_social_signal_experiment_v4_prompt_think_true_gemma4_e2b_direct_core_recall_v2_think_ctx16384_tok16384_n237,v4_social_signal_experiment_v4_prompt_think_true_gemma4_e2b_direct_core_recall_v2_think_ctx16384_tok16384_n237.csv,gemma4:e2b,direct_core_recall_v2,237,8532,True,10,0.80,direct,221,136,67,69,154,0.5738396624472574,0.49264705882352944,0.3031674208144796,0.3753501400560224,0.1839740506407173,0.4587904360056258,0.7213114754098361,0.6068965517241379,0.6591760299625468,145,122,57,34
v4_social_signal_experiment_v4_prompt_think_true_gemma4_e4b_direct_brief_thinking_think_ctx16384_tok16384_n237,v4_social_signal_experiment_v4_prompt_think_true_gemma4_e4b_direct_brief_thinking_think_ctx16384_tok16384_n237.csv,gemma4:e4b,direct_brief_thinking,237,8532,True,5,default,direct,221,293,96,197,125,1.2362869198312236,0.32764505119453924,0.4343891402714932,0.3735408560311284,0.31008832590771973,0.29563994374120955,0.6160714285714286,0.9517241379310345,0.7479674796747967,145,224,7,86
v4_social_signal_experiment_v4_prompt_think_true_gemma4_e4b_direct_brief_thinking_think_ctx16384_tok16384_n237,v4_social_signal_experiment_v4_prompt_think_true_gemma4_e4b_direct_brief_thinking_think_ctx16384_tok16384_n237.csv,gemma4:e4b,direct_brief_thinking,237,8532,True,5,0.05,direct,221,293,96,197,125,1.2362869198312236,0.32764505119453924,0.4343891402714932,0.3735408560311284,0.31008832590771973,0.29563994374120955,0.6160714285714286,0.9517241379310345,0.7479674796747967,145,224,7,86
v4_social_signal_experiment_v4_prompt_think_true_gemma4_e4b_direct_brief_thinking_think_ctx16384_tok16384_n237,v4_social_signal_experiment_v4_prompt_think_true_gemma4_e4b_direct_brief_thinking_think_ctx16384_tok16384_n237.csv,gemma4:e4b,direct_brief_thinking,237,8532,True,5,0.10,direct,221,293,96,197,125,1.2362869198312236,0.32764505119453924,0.4343891402714932,0.3735408560311284,0.31008832590771973,0.29563994374120955,0.6160714285714286,0.9517241379310345,0.7479674796747967,145,224,7,86
v4_social_signal_experiment_v4_prompt_think_true_gemma4_e4b_direct_brief_thinking_think_ctx16384_tok16384_n237,v4_social_signal_experiment_v4_prompt_think_true_gemma4_e4b_direct_brief_thinking_think_ctx16384_tok16384_n237.csv,gemma4:e4b,direct_brief_thinking,237,8532,True,5,0.15,direct,221,293,96,197,125,1.2362869198312236,0.32764505119453924,0.4343891402714932,0.3735408560311284,0.31008832590771973,0.29563994374120955,0.6160714285714286,0.9517241379310345,0.7479674796747967,145,224,7,86
v4_social_signal_experiment_v4_prompt_think_true_gemma4_e4b_direct_brief_thinking_think_ctx16384_tok16384_n237,v4_social_signal_experiment_v4_prompt_think_true_gemma4_e4b_direct_brief_thinking_think_ctx16384_tok16384_n237.csv,gemma4:e4b,direct_brief_thinking,237,8532,True,5,0.20,direct,221,293,96,197,125,1.2362869198312236,0.32764505119453924,0.4343891402714932,0.3735408560311284,0.31008832590771973,0.29563994374120955,0.6160714285714286,0.9517241379310345,0.7479674796747967,145,224,7,86
v4_social_signal_experiment_v4_prompt_think_true_gemma4_e4b_direct_brief_thinking_think_ctx16384_tok16384_n237,v4_social_signal_experiment_v4_prompt_think_true_gemma4_e4b_direct_brief_thinking_think_ctx16384_tok16384_n237.csv,gemma4:e4b,direct_brief_thinking,237,8532,True,5,0.25,direct,221,293,96,197,125,1.2362869198312236,0.32764505119453924,0.4343891402714932,0.3735408560311284,0.31008832590771973,0.29563994374120955,0.6160714285714286,0.9517241379310345,0.7479674796747967,145,224,7,86
v4_social_signal_experiment_v4_prompt_think_true_gemma4_e4b_direct_brief_thinking_think_ctx16384_tok16384_n237,v4_social_signal_experiment_v4_prompt_think_true_gemma4_e4b_direct_brief_thinking_think_ctx16384_tok16384_n237.csv,gemma4:e4b,direct_brief_thinking,237,8532,True,5,0.30,direct,221,293,96,197,125,1.2362869198312236,0.32764505119453924,0.4343891402714932,0.3735408560311284,0.31008832590771973,0.29563994374120955,0.6160714285714286,0.9517241379310345,0.7479674796747967,145,224,7,86
v4_social_signal_experiment_v4_prompt_think_true_gemma4_e4b_direct_brief_thinking_think_ctx16384_tok16384_n237,v4_social_signal_experiment_v4_prompt_think_true_gemma4_e4b_direct_brief_thinking_think_ctx16384_tok16384_n237.csv,gemma4:e4b,direct_brief_thinking,237,8532,True,5,0.35,direct,221,293,96,197,125,1.2362869198312236,0.32764505119453924,0.4343891402714932,0.3735408560311284,0.31008832590771973,0.29563994374120955,0.6160714285714286,0.9517241379310345,0.7479674796747967,145,224,7,86
v4_social_signal_experiment_v4_prompt_think_true_gemma4_e4b_direct_brief_thinking_think_ctx16384_tok16384_n237,v4_social_signal_experiment_v4_prompt_think_true_gemma4_e4b_direct_brief_thinking_think_ctx16384_tok16384_n237.csv,gemma4:e4b,direct_brief_thinking,237,8532,True,5,0.40,direct,221,293,96,197,125,1.2362869198312236,0.32764505119453924,0.4343891402714932,0.3735408560311284,0.31008832590771973,0.29563994374120955,0.6160714285714286,0.9517241379310345,0.7479674796747967,145,224,7,86
v4_social_signal_experiment_v4_prompt_think_true_gemma4_e4b_direct_brief_thinking_think_ctx16384_tok16384_n237,v4_social_signal_experiment_v4_prompt_think_true_gemma4_e4b_direct_brief_thinking_think_ctx16384_tok16384_n237.csv,gemma4:e4b,direct_brief_thinking,237,8532,True,5,0.45,direct,221,293,96,197,125,1.2362869198312236,0.32764505119453924,0.4343891402714932,0.3735408560311284,0.31008832590771973,0.29563994374120955,0.6160714285714286,0.9517241379310345,0.7479674796747967,145,224,7,86
v4_social_signal_experiment_v4_prompt_think_true_gemma4_e4b_direct_brief_thinking_think_ctx16384_tok16384_n237,v4_social_signal_experiment_v4_prompt_think_true_gemma4_e4b_direct_brief_thinking_think_ctx16384_tok16384_n237.csv,gemma4:e4b,direct_brief_thinking,237,8532,True,5,0.50,direct,221,293,96,197,125,1.2362869198312236,0.32764505119453924,0.4343891402714932,0.3735408560311284,0.31008832590771973,0.29563994374120955,0.6160714285714286,0.9517241379310345,0.7479674796747967,145,224,7,86
v4_social_signal_experiment_v4_prompt_think_true_gemma4_e4b_direct_brief_thinking_think_ctx16384_tok16384_n237,v4_social_signal_experiment_v4_prompt_think_true_gemma4_e4b_direct_brief_thinking_think_ctx16384_tok16384_n237.csv,gemma4:e4b,direct_brief_thinking,237,8532,True,5,0.55,direct,221,293,96,197,125,1.2362869198312236,0.32764505119453924,0.4343891402714932,0.3735408560311284,0.31008832590771973,0.29563994374120955,0.6160714285714286,0.9517241379310345,0.7479674796747967,145,224,7,86
v4_social_signal_experiment_v4_prompt_think_true_gemma4_e4b_direct_brief_thinking_think_ctx16384_tok16384_n237,v4_social_signal_experiment_v4_prompt_think_true_gemma4_e4b_direct_brief_thinking_think_ctx16384_tok16384_n237.csv,gemma4:e4b,direct_brief_thinking,237,8532,True,5,0.60,direct,221,293,96,197,125,1.2362869198312236,0.32764505119453924,0.4343891402714932,0.3735408560311284,0.31008832590771973,0.29563994374120955,0.6160714285714286,0.9517241379310345,0.7479674796747967,145,224,7,86
v4_social_signal_experiment_v4_prompt_think_true_gemma4_e2b_direct_core_recall_v2_think_ctx16384_tok16384_n237,v4_social_signal_experiment_v4_prompt_think_true_gemma4_e2b_direct_core_recall_v2_think_ctx16384_tok16384_n237.csv,gemma4:e2b,direct_core_recall_v2,237,8532,True,10,0.70,direct,221,138,67,71,154,0.5822784810126582,0.4855072463768116,0.3031674208144796,0.3732590529247911,0.18035914702581368,0.4587904360056258,0.7258064516129032,0.6206896551724138,0.6691449814126395,145,124,55,34
v4_social_signal_experiment_v4_prompt_think_true_gemma4_e2b_direct_core_recall_v2_think_ctx16384_tok16384_n237,v4_social_signal_experiment_v4_prompt_think_true_gemma4_e2b_direct_core_recall_v2_think_ctx16384_tok16384_n237.csv,gemma4:e2b,direct_core_recall_v2,237,8532,True,10,0.75,direct,221,138,67,71,154,0.5822784810126582,0.4855072463768116,0.3031674208144796,0.3732590529247911,0.18035914702581368,0.4587904360056258,0.7258064516129032,0.6206896551724138,0.6691449814126395,145,124,55,34
v4_social_signal_experiment_v4_prompt_think_true_gemma4_e4b_direct_core_gold_calibrated_v4_think_ctx16384_tok16384_n237,v4_social_signal_experiment_v4_prompt_think_true_gemma4_e4b_direct_core_gold_calibrated_v4_think_ctx16384_tok16384_n237.csv,gemma4:e4b,direct_core_gold_calibrated_v4,237,8532,True,0,0.95,direct,221,85,57,28,164,0.35864978902953587,0.6705882352941176,0.2579185520361991,0.37254901960784315,0.17487644832457572,0.49029535864978896,0.7619047619047619,0.4413793103448276,0.5589519650655022,145,84,81,20
v4_social_signal_experiment_v4_prompt_think_true_gemma4_e2b_direct_core_recall_v2_think_ctx16384_tok16384_n237,v4_social_signal_experiment_v4_prompt_think_true_gemma4_e2b_direct_core_recall_v2_think_ctx16384_tok16384_n237.csv,gemma4:e2b,direct_core_recall_v2,237,8532,True,10,0.85,direct,221,135,66,69,155,0.569620253164557,0.4888888888888889,0.2986425339366516,0.3707865168539326,0.18276513333885683,0.45738396624472577,0.7213114754098361,0.6068965517241379,0.6591760299625468,145,122,57,34
v4_social_signal_experiment_v4_prompt_think_true_gemma4_e2b_direct_core_recall_v2_think_ctx16384_tok16384_n237,v4_social_signal_experiment_v4_prompt_think_true_gemma4_e2b_direct_core_recall_v2_think_ctx16384_tok16384_n237.csv,gemma4:e2b,direct_core_recall_v2,237,8532,True,10,0.65,direct,221,162,70,92,151,0.6835443037974683,0.43209876543209874,0.3167420814479638,0.36553524804177545,0.17817593981276847,0.42362869198312236,0.6938775510204082,0.7034482758620689,0.6986301369863014,145,147,43,45
v4_social_signal_experiment_v4_prompt_think_true_gemma4_e4b_direct_core_clean_fewshot_v6_think_ctx16384_tok16384_n237,v4_social_signal_experiment_v4_prompt_think_true_gemma4_e4b_direct_core_clean_fewshot_v6_think_ctx16384_tok16384_n237.csv,gemma4:e4b,direct_core_clean_fewshot_v6,237,8532,True,2,0.95,direct,221,83,55,28,166,0.350210970464135,0.6626506024096386,0.248868778280543,0.3618421052631579,0.18555754729320398,0.4953586497890295,0.7951807228915663,0.45517241379310347,0.5789473684210527,145,83,79,17
v4_social_signal_experiment_v4_prompt_think_true_gemma4_e4b_direct_core_balanced_v8_think_ctx16384_tok16384_n237,v4_social_signal_experiment_v4_prompt_think_true_gemma4_e4b_direct_core_balanced_v8_think_ctx16384_tok16384_n237.csv,gemma4:e4b,direct_core_balanced_v8,237,8532,True,2,0.95,direct,221,73,52,21,169,0.3080168776371308,0.7123287671232876,0.23529411764705882,0.35374149659863946,0.18637929530786673,0.4960618846694796,0.8153846153846154,0.36551724137931035,0.5047619047619047,145,65,92,12
v4_social_signal_experiment_v4_prompt_think_true_gemma4_e4b_direct_business_migration_fixed_think_ctx16384_tok16384_n237,v4_social_signal_experiment_v4_prompt_think_true_gemma4_e4b_direct_business_migration_fixed_think_ctx16384_tok16384_n237.csv,gemma4:e4b,direct_business_migration_fixed,237,8532,True,2,0.90,direct,221,74,51,23,170,0.31223628691983124,0.6891891891891891,0.23076923076923078,0.34576271186440677,0.18104336823548645,0.4856540084388186,0.8088235294117647,0.3793103448275862,0.5164319248826291,145,68,90,13
v4_social_signal_experiment_v4_prompt_think_true_gemma4_e4b_direct_brief_thinking_think_ctx16384_tok16384_n237,v4_social_signal_experiment_v4_prompt_think_true_gemma4_e4b_direct_brief_thinking_think_ctx16384_tok16384_n237.csv,gemma4:e4b,direct_brief_thinking,237,8532,True,5,0.90,direct,221,73,42,31,179,0.3080168776371308,0.5753424657534246,0.19004524886877827,0.2857142857142857,0.18907422033349172,0.4524613220815752,0.7681159420289855,0.36551724137931035,0.4953271028037383,145,69,92,16
v4_social_signal_experiment_v4_prompt_think_true_gemma4_e4b_direct_core_recall_v2_think_ctx16384_tok16384_n237,v4_social_signal_experiment_v4_prompt_think_true_gemma4_e4b_direct_core_recall_v2_think_ctx16384_tok16384_n237.csv,gemma4:e4b,direct_core_recall_v2,237,8532,True,2,0.95,direct,221,41,33,8,188,0.1729957805907173,0.8048780487804879,0.1493212669683258,0.25190839694656486,0.09601904363161166,0.4834036568213783,0.926829268292683,0.2620689655172414,0.40860215053763443,145,41,107,3
v4_social_signal_experiment_v4_prompt_think_true_gemma4_e2b_direct_core_recall_v2_think_ctx16384_tok16384_n237,v4_social_signal_experiment_v4_prompt_think_true_gemma4_e2b_direct_core_recall_v2_think_ctx16384_tok16384_n237.csv,gemma4:e2b,direct_core_recall_v2,237,8532,True,10,0.90,direct,221,42,31,11,190,0.17721518987341772,0.7380952380952381,0.14027149321266968,0.23574144486692014,0.1304390230231248,0.47004219409282705,0.8780487804878049,0.2482758620689655,0.3870967741935484,145,41,109,5
v4_social_signal_experiment_v4_prompt_think_true_gemma4_e4b_direct_business_migration_fixed_think_ctx16384_tok16384_n237,v4_social_signal_experiment_v4_prompt_think_true_gemma4_e4b_direct_business_migration_fixed_think_ctx16384_tok16384_n237.csv,gemma4:e4b,direct_business_migration_fixed,237,8532,True,2,0.95,direct,221,38,28,10,193,0.16033755274261605,0.7368421052631579,0.12669683257918551,0.21621621621621623,0.07480030607690183,0.4437412095639943,0.7894736842105263,0.20689655172413793,0.32786885245901637,145,38,115,8
v4_social_signal_experiment_v4_prompt_think_true_gemma4_e2b_direct_core_recall_v2_think_ctx16384_tok16384_n237,v4_social_signal_experiment_v4_prompt_think_true_gemma4_e2b_direct_core_recall_v2_think_ctx16384_tok16384_n237.csv,gemma4:e2b,direct_core_recall_v2,237,8532,True,10,0.95,direct,221,30,21,9,200,0.12658227848101267,0.7,0.09502262443438914,0.16733067729083664,0.1097890380874256,0.43670886075949367,0.8333333333333334,0.1724137931034483,0.2857142857142857,145,30,120,5
v4_social_signal_experiment_v4_prompt_think_true_gemma4_e4b_direct_brief_thinking_think_ctx16384_tok16384_n237,v4_social_signal_experiment_v4_prompt_think_true_gemma4_e4b_direct_brief_thinking_think_ctx16384_tok16384_n237.csv,gemma4:e4b,direct_brief_thinking,237,8532,True,5,0.95,direct,221,15,13,2,208,0.06329113924050633,0.8666666666666667,0.058823529411764705,0.11016949152542373,0.04705367096671444,0.4268635724331927,0.9333333333333333,0.09655172413793103,0.175,145,15,131,1
v4_social_signal_experiment_v4_prompt_think_true_gemma4_e4b_gold_mimic_broad_v1_think_ctx16384_tok16384_n237,v4_social_signal_experiment_v4_prompt_think_true_gemma4_e4b_gold_mimic_broad_v1_think_ctx16384_tok16384_n237.csv,gemma4:e4b,gold_mimic_broad_v1,237,8532,True,3,0.95,direct,221,7,7,0,214,0.029535864978902954,1.0,0.03167420814479638,0.06140350877192982,0.023155416012558865,0.40998593530239097,1.0,0.04827586206896552,0.09210526315789473,145,7,138,0
v4_social_signal_experiment_v4_prompt_think_true_gemma4_e4b_direct_core_gold_fewshot_v5_think_ctx16384_tok16384_n237,v4_social_signal_experiment_v4_prompt_think_true_gemma4_e4b_direct_core_gold_fewshot_v5_think_ctx16384_tok16384_n237.csv,gemma4:e4b,direct_core_gold_fewshot_v5,237,8532,True,1,0.75,direct_context,500,440,278,162,222,1.8565400843881856,0.6318181818181818,0.556,0.5914893617021276,0.37525875625346594,0.5236856205210636,0.8640350877192983,0.9752475247524752,0.9162790697674419,202,228,5,31
v4_social_signal_experiment_v4_prompt_think_true_gemma4_e4b_direct_core_gold_fewshot_v5_think_ctx16384_tok16384_n237,v4_social_signal_experiment_v4_prompt_think_true_gemma4_e4b_direct_core_gold_fewshot_v5_think_ctx16384_tok16384_n237.csv,gemma4:e4b,direct_core_gold_fewshot_v5,237,8532,True,1,0.65,direct_context,500,459,281,178,219,1.9367088607594938,0.6122004357298475,0.562,0.5860271115745568,0.3685580003542529,0.5201173884718189,0.8640350877192983,0.9752475247524752,0.9162790697674419,202,228,5,31
v4_social_signal_experiment_v4_prompt_think_true_gemma4_e4b_direct_core_gold_fewshot_v5_think_ctx16384_tok16384_n237,v4_social_signal_experiment_v4_prompt_think_true_gemma4_e4b_direct_core_gold_fewshot_v5_think_ctx16384_tok16384_n237.csv,gemma4:e4b,direct_core_gold_fewshot_v5,237,8532,True,1,0.70,direct_context,500,459,281,178,219,1.9367088607594938,0.6122004357298475,0.562,0.5860271115745568,0.3685580003542529,0.5201173884718189,0.8640350877192983,0.9752475247524752,0.9162790697674419,202,228,5,31
v4_social_signal_experiment_v4_prompt_think_true_gemma4_e4b_direct_core_gold_fewshot_v5_think_ctx16384_tok16384_n237,v4_social_signal_experiment_v4_prompt_think_true_gemma4_e4b_direct_core_gold_fewshot_v5_think_ctx16384_tok16384_n237.csv,gemma4:e4b,direct_core_gold_fewshot_v5,237,8532,True,1,default,direct_context,500,467,283,184,217,1.970464135021097,0.6059957173447538,0.566,0.5853154084798345,0.3687608043518485,0.5219658915861447,0.8640350877192983,0.9752475247524752,0.9162790697674419,202,228,5,31
v4_social_signal_experiment_v4_prompt_think_true_gemma4_e4b_direct_core_gold_fewshot_v5_think_ctx16384_tok16384_n237,v4_social_signal_experiment_v4_prompt_think_true_gemma4_e4b_direct_core_gold_fewshot_v5_think_ctx16384_tok16384_n237.csv,gemma4:e4b,direct_core_gold_fewshot_v5,237,8532,True,1,0.05,direct_context,500,467,283,184,217,1.970464135021097,0.6059957173447538,0.566,0.5853154084798345,0.3687608043518485,0.5219658915861447,0.8640350877192983,0.9752475247524752,0.9162790697674419,202,228,5,31
v4_social_signal_experiment_v4_prompt_think_true_gemma4_e4b_direct_core_gold_fewshot_v5_think_ctx16384_tok16384_n237,v4_social_signal_experiment_v4_prompt_think_true_gemma4_e4b_direct_core_gold_fewshot_v5_think_ctx16384_tok16384_n237.csv,gemma4:e4b,direct_core_gold_fewshot_v5,237,8532,True,1,0.10,direct_context,500,467,283,184,217,1.970464135021097,0.6059957173447538,0.566,0.5853154084798345,0.3687608043518485,0.5219658915861447,0.8640350877192983,0.9752475247524752,0.9162790697674419,202,228,5,31
v4_social_signal_experiment_v4_prompt_think_true_gemma4_e4b_direct_core_gold_fewshot_v5_think_ctx16384_tok16384_n237,v4_social_signal_experiment_v4_prompt_think_true_gemma4_e4b_direct_core_gold_fewshot_v5_think_ctx16384_tok16384_n237.csv,gemma4:e4b,direct_core_gold_fewshot_v5,237,8532,True,1,0.15,direct_context,500,467,283,184,217,1.970464135021097,0.6059957173447538,0.566,0.5853154084798345,0.3687608043518485,0.5219658915861447,0.8640350877192983,0.9752475247524752,0.9162790697674419,202,228,5,31
v4_social_signal_experiment_v4_prompt_think_true_gemma4_e4b_direct_core_gold_fewshot_v5_think_ctx16384_tok16384_n237,v4_social_signal_experiment_v4_prompt_think_true_gemma4_e4b_direct_core_gold_fewshot_v5_think_ctx16384_tok16384_n237.csv,gemma4:e4b,direct_core_gold_fewshot_v5,237,8532,True,1,0.20,direct_context,500,467,283,184,217,1.970464135021097,0.6059957173447538,0.566,0.5853154084798345,0.3687608043518485,0.5219658915861447,0.8640350877192983,0.9752475247524752,0.9162790697674419,202,228,5,31
v4_social_signal_experiment_v4_prompt_think_true_gemma4_e4b_direct_core_gold_fewshot_v5_think_ctx16384_tok16384_n237,v4_social_signal_experiment_v4_prompt_think_true_gemma4_e4b_direct_core_gold_fewshot_v5_think_ctx16384_tok16384_n237.csv,gemma4:e4b,direct_core_gold_fewshot_v5,237,8532,True,1,0.25,direct_context,500,467,283,184,217,1.970464135021097,0.6059957173447538,0.566,0.5853154084798345,0.3687608043518485,0.5219658915861447,0.8640350877192983,0.9752475247524752,0.9162790697674419,202,228,5,31
v4_social_signal_experiment_v4_prompt_think_true_gemma4_e4b_direct_core_gold_fewshot_v5_think_ctx16384_tok16384_n237,v4_social_signal_experiment_v4_prompt_think_true_gemma4_e4b_direct_core_gold_fewshot_v5_think_ctx16384_tok16384_n237.csv,gemma4:e4b,direct_core_gold_fewshot_v5,237,8532,True,1,0.30,direct_context,500,467,283,184,217,1.970464135021097,0.6059957173447538,0.566,0.5853154084798345,0.3687608043518485,0.5219658915861447,0.8640350877192983,0.9752475247524752,0.9162790697674419,202,228,5,31
v4_social_signal_experiment_v4_prompt_think_true_gemma4_e4b_direct_core_gold_fewshot_v5_think_ctx16384_tok16384_n237,v4_social_signal_experiment_v4_prompt_think_true_gemma4_e4b_direct_core_gold_fewshot_v5_think_ctx16384_tok16384_n237.csv,gemma4:e4b,direct_core_gold_fewshot_v5,237,8532,True,1,0.35,direct_context,500,467,283,184,217,1.970464135021097,0.6059957173447538,0.566,0.5853154084798345,0.3687608043518485,0.5219658915861447,0.8640350877192983,0.9752475247524752,0.9162790697674419,202,228,5,31
v4_social_signal_experiment_v4_prompt_think_true_gemma4_e4b_direct_core_gold_fewshot_v5_think_ctx16384_tok16384_n237,v4_social_signal_experiment_v4_prompt_think_true_gemma4_e4b_direct_core_gold_fewshot_v5_think_ctx16384_tok16384_n237.csv,gemma4:e4b,direct_core_gold_fewshot_v5,237,8532,True,1,0.40,direct_context,500,467,283,184,217,1.970464135021097,0.6059957173447538,0.566,0.5853154084798345,0.3687608043518485,0.5219658915861447,0.8640350877192983,0.9752475247524752,0.9162790697674419,202,228,5,31
v4_social_signal_experiment_v4_prompt_think_true_gemma4_e4b_direct_core_gold_fewshot_v5_think_ctx16384_tok16384_n237,v4_social_signal_experiment_v4_prompt_think_true_gemma4_e4b_direct_core_gold_fewshot_v5_think_ctx16384_tok16384_n237.csv,gemma4:e4b,direct_core_gold_fewshot_v5,237,8532,True,1,0.45,direct_context,500,467,283,184,217,1.970464135021097,0.6059957173447538,0.566,0.5853154084798345,0.3687608043518485,0.5219658915861447,0.8640350877192983,0.9752475247524752,0.9162790697674419,202,228,5,31
v4_social_signal_experiment_v4_prompt_think_true_gemma4_e4b_direct_core_gold_fewshot_v5_think_ctx16384_tok16384_n237,v4_social_signal_experiment_v4_prompt_think_true_gemma4_e4b_direct_core_gold_fewshot_v5_think_ctx16384_tok16384_n237.csv,gemma4:e4b,direct_core_gold_fewshot_v5,237,8532,True,1,0.50,direct_context,500,467,283,184,217,1.970464135021097,0.6059957173447538,0.566,0.5853154084798345,0.3687608043518485,0.5219658915861447,0.8640350877192983,0.9752475247524752,0.9162790697674419,202,228,5,31
v4_social_signal_experiment_v4_prompt_think_true_gemma4_e4b_direct_core_gold_fewshot_v5_think_ctx16384_tok16384_n237,v4_social_signal_experiment_v4_prompt_think_true_gemma4_e4b_direct_core_gold_fewshot_v5_think_ctx16384_tok16384_n237.csv,gemma4:e4b,direct_core_gold_fewshot_v5,237,8532,True,1,0.55,direct_context,500,467,283,184,217,1.970464135021097,0.6059957173447538,0.566,0.5853154084798345,0.3687608043518485,0.5219658915861447,0.8640350877192983,0.9752475247524752,0.9162790697674419,202,228,5,31
v4_social_signal_experiment_v4_prompt_think_true_gemma4_e4b_direct_core_gold_fewshot_v5_think_ctx16384_tok16384_n237,v4_social_signal_experiment_v4_prompt_think_true_gemma4_e4b_direct_core_gold_fewshot_v5_think_ctx16384_tok16384_n237.csv,gemma4:e4b,direct_core_gold_fewshot_v5,237,8532,True,1,0.60,direct_context,500,467,283,184,217,1.970464135021097,0.6059957173447538,0.566,0.5853154084798345,0.3687608043518485,0.5219658915861447,0.8640350877192983,0.9752475247524752,0.9162790697674419,202,228,5,31
v4_social_signal_experiment_v4_prompt_think_true_gemma4_e4b_direct_core_gold_fewshot_v5_think_ctx16384_tok16384_n237,v4_social_signal_experiment_v4_prompt_think_true_gemma4_e4b_direct_core_gold_fewshot_v5_think_ctx16384_tok16384_n237.csv,gemma4:e4b,direct_core_gold_fewshot_v5,237,8532,True,1,0.80,direct_context,500,327,232,95,268,1.379746835443038,0.709480122324159,0.464,0.5610640870616687,0.3493203529955347,0.5118813207420803,0.8958333333333334,0.8514851485148515,0.8730964467005076,202,192,30,20
v4_social_signal_experiment_v4_prompt_think_true_gemma4_e4b_direct_core_clean_fewshot_v6_think_ctx16384_tok16384_n237,v4_social_signal_experiment_v4_prompt_think_true_gemma4_e4b_direct_core_clean_fewshot_v6_think_ctx16384_tok16384_n237.csv,gemma4:e4b,direct_core_clean_fewshot_v6,237,8532,True,2,default,direct_context,500,382,246,136,254,1.6118143459915613,0.643979057591623,0.492,0.5578231292517006,0.3331640588839867,0.5017547384635992,0.8652173913043478,0.9851485148514851,0.9212962962962963,202,230,3,31
v4_social_signal_experiment_v4_prompt_think_true_gemma4_e4b_direct_core_clean_fewshot_v6_think_ctx16384_tok16384_n237,v4_social_signal_experiment_v4_prompt_think_true_gemma4_e4b_direct_core_clean_fewshot_v6_think_ctx16384_tok16384_n237.csv,gemma4:e4b,direct_core_clean_fewshot_v6,237,8532,True,2,0.05,direct_context,500,382,246,136,254,1.6118143459915613,0.643979057591623,0.492,0.5578231292517006,0.3331640588839867,0.5017547384635992,0.8652173913043478,0.9851485148514851,0.9212962962962963,202,230,3,31
v4_social_signal_experiment_v4_prompt_think_true_gemma4_e4b_direct_core_clean_fewshot_v6_think_ctx16384_tok16384_n237,v4_social_signal_experiment_v4_prompt_think_true_gemma4_e4b_direct_core_clean_fewshot_v6_think_ctx16384_tok16384_n237.csv,gemma4:e4b,direct_core_clean_fewshot_v6,237,8532,True,2,0.10,direct_context,500,382,246,136,254,1.6118143459915613,0.643979057591623,0.492,0.5578231292517006,0.3331640588839867,0.5017547384635992,0.8652173913043478,0.9851485148514851,0.9212962962962963,202,230,3,31
v4_social_signal_experiment_v4_prompt_think_true_gemma4_e4b_direct_core_clean_fewshot_v6_think_ctx16384_tok16384_n237,v4_social_signal_experiment_v4_prompt_think_true_gemma4_e4b_direct_core_clean_fewshot_v6_think_ctx16384_tok16384_n237.csv,gemma4:e4b,direct_core_clean_fewshot_v6,237,8532,True,2,0.15,direct_context,500,382,246,136,254,1.6118143459915613,0.643979057591623,0.492,0.5578231292517006,0.3331640588839867,0.5017547384635992,0.8652173913043478,0.9851485148514851,0.9212962962962963,202,230,3,31
v4_social_signal_experiment_v4_prompt_think_true_gemma4_e4b_direct_core_clean_fewshot_v6_think_ctx16384_tok16384_n237,v4_social_signal_experiment_v4_prompt_think_true_gemma4_e4b_direct_core_clean_fewshot_v6_think_ctx16384_tok16384_n237.csv,gemma4:e4b,direct_core_clean_fewshot_v6,237,8532,True,2,0.20,direct_context,500,382,246,136,254,1.6118143459915613,0.643979057591623,0.492,0.5578231292517006,0.3331640588839867,0.5017547384635992,0.8652173913043478,0.9851485148514851,0.9212962962962963,202,230,3,31
v4_social_signal_experiment_v4_prompt_think_true_gemma4_e4b_direct_core_clean_fewshot_v6_think_ctx16384_tok16384_n237,v4_social_signal_experiment_v4_prompt_think_true_gemma4_e4b_direct_core_clean_fewshot_v6_think_ctx16384_tok16384_n237.csv,gemma4:e4b,direct_core_clean_fewshot_v6,237,8532,True,2,0.25,direct_context,500,382,246,136,254,1.6118143459915613,0.643979057591623,0.492,0.5578231292517006,0.3331640588839867,0.5017547384635992,0.8652173913043478,0.9851485148514851,0.9212962962962963,202,230,3,31
v4_social_signal_experiment_v4_prompt_think_true_gemma4_e4b_direct_core_clean_fewshot_v6_think_ctx16384_tok16384_n237,v4_social_signal_experiment_v4_prompt_think_true_gemma4_e4b_direct_core_clean_fewshot_v6_think_ctx16384_tok16384_n237.csv,gemma4:e4b,direct_core_clean_fewshot_v6,237,8532,True,2,0.30,direct_context,500,382,246,136,254,1.6118143459915613,0.643979057591623,0.492,0.5578231292517006,0.3331640588839867,0.5017547384635992,0.8652173913043478,0.9851485148514851,0.9212962962962963,202,230,3,31
v4_social_signal_experiment_v4_prompt_think_true_gemma4_e4b_direct_core_clean_fewshot_v6_think_ctx16384_tok16384_n237,v4_social_signal_experiment_v4_prompt_think_true_gemma4_e4b_direct_core_clean_fewshot_v6_think_ctx16384_tok16384_n237.csv,gemma4:e4b,direct_core_clean_fewshot_v6,237,8532,True,2,0.35,direct_context,500,382,246,136,254,1.6118143459915613,0.643979057591623,0.492,0.5578231292517006,0.3331640588839867,0.5017547384635992,0.8652173913043478,0.9851485148514851,0.9212962962962963,202,230,3,31
v4_social_signal_experiment_v4_prompt_think_true_gemma4_e4b_direct_core_clean_fewshot_v6_think_ctx16384_tok16384_n237,v4_social_signal_experiment_v4_prompt_think_true_gemma4_e4b_direct_core_clean_fewshot_v6_think_ctx16384_tok16384_n237.csv,gemma4:e4b,direct_core_clean_fewshot_v6,237,8532,True,2,0.40,direct_context,500,382,246,136,254,1.6118143459915613,0.643979057591623,0.492,0.5578231292517006,0.3331640588839867,0.5017547384635992,0.8652173913043478,0.9851485148514851,0.9212962962962963,202,230,3,31
v4_social_signal_experiment_v4_prompt_think_true_gemma4_e4b_direct_core_clean_fewshot_v6_think_ctx16384_tok16384_n237,v4_social_signal_experiment_v4_prompt_think_true_gemma4_e4b_direct_core_clean_fewshot_v6_think_ctx16384_tok16384_n237.csv,gemma4:e4b,direct_core_clean_fewshot_v6,237,8532,True,2,0.45,direct_context,500,382,246,136,254,1.6118143459915613,0.643979057591623,0.492,0.5578231292517006,0.3331640588839867,0.5017547384635992,0.8652173913043478,0.9851485148514851,0.9212962962962963,202,230,3,31
v4_social_signal_experiment_v4_prompt_think_true_gemma4_e4b_direct_core_clean_fewshot_v6_think_ctx16384_tok16384_n237,v4_social_signal_experiment_v4_prompt_think_true_gemma4_e4b_direct_core_clean_fewshot_v6_think_ctx16384_tok16384_n237.csv,gemma4:e4b,direct_core_clean_fewshot_v6,237,8532,True,2,0.50,direct_context,500,382,246,136,254,1.6118143459915613,0.643979057591623,0.492,0.5578231292517006,0.3331640588839867,0.5017547384635992,0.8652173913043478,0.9851485148514851,0.9212962962962963,202,230,3,31
v4_social_signal_experiment_v4_prompt_think_true_gemma4_e4b_direct_core_clean_fewshot_v6_think_ctx16384_tok16384_n237,v4_social_signal_experiment_v4_prompt_think_true_gemma4_e4b_direct_core_clean_fewshot_v6_think_ctx16384_tok16384_n237.csv,gemma4:e4b,direct_core_clean_fewshot_v6,237,8532,True,2,0.55,direct_context,500,382,246,136,254,1.6118143459915613,0.643979057591623,0.492,0.5578231292517006,0.3331640588839867,0.5017547384635992,0.8652173913043478,0.9851485148514851,0.9212962962962963,202,230,3,31
v4_social_signal_experiment_v4_prompt_think_true_gemma4_e4b_direct_core_clean_fewshot_v6_think_ctx16384_tok16384_n237,v4_social_signal_experiment_v4_prompt_think_true_gemma4_e4b_direct_core_clean_fewshot_v6_think_ctx16384_tok16384_n237.csv,gemma4:e4b,direct_core_clean_fewshot_v6,237,8532,True,2,0.60,direct_context,500,382,246,136,254,1.6118143459915613,0.643979057591623,0.492,0.5578231292517006,0.3331640588839867,0.5017547384635992,0.8652173913043478,0.9851485148514851,0.9212962962962963,202,230,3,31
v4_social_signal_experiment_v4_prompt_think_true_gemma4_e4b_direct_core_clean_fewshot_v6_think_ctx16384_tok16384_n237,v4_social_signal_experiment_v4_prompt_think_true_gemma4_e4b_direct_core_clean_fewshot_v6_think_ctx16384_tok16384_n237.csv,gemma4:e4b,direct_core_clean_fewshot_v6,237,8532,True,2,0.65,direct_context,500,380,244,136,256,1.6033755274261603,0.6421052631578947,0.488,0.5545454545454546,0.3313131967270731,0.499223092893979,0.8652173913043478,0.9851485148514851,0.9212962962962963,202,230,3,31
v4_social_signal_experiment_v4_prompt_think_true_gemma4_e4b_direct_core_clean_fewshot_v6_think_ctx16384_tok16384_n237,v4_social_signal_experiment_v4_prompt_think_true_gemma4_e4b_direct_core_clean_fewshot_v6_think_ctx16384_tok16384_n237.csv,gemma4:e4b,direct_core_clean_fewshot_v6,237,8532,True,2,0.70,direct_context,500,380,244,136,256,1.6033755274261603,0.6421052631578947,0.488,0.5545454545454546,0.3313131967270731,0.499223092893979,0.8652173913043478,0.9851485148514851,0.9212962962962963,202,230,3,31
v4_social_signal_experiment_v4_prompt_think_true_gemma4_e4b_direct_core_balanced_v8_think_ctx16384_tok16384_n237,v4_social_signal_experiment_v4_prompt_think_true_gemma4_e4b_direct_core_balanced_v8_think_ctx16384_tok16384_n237.csv,gemma4:e4b,direct_core_balanced_v8,237,8532,True,2,0.65,direct_context,500,367,240,127,260,1.5485232067510548,0.6539509536784741,0.48,0.5536332179930796,0.31764262062556653,0.5043165226709531,0.8687782805429864,0.9504950495049505,0.9078014184397163,202,221,10,29
v4_social_signal_experiment_v4_prompt_think_true_gemma4_e4b_direct_core_balanced_v8_think_ctx16384_tok16384_n237,v4_social_signal_experiment_v4_prompt_think_true_gemma4_e4b_direct_core_balanced_v8_think_ctx16384_tok16384_n237.csv,gemma4:e4b,direct_core_balanced_v8,237,8532,True,2,0.70,direct_context,500,367,240,127,260,1.5485232067510548,0.6539509536784741,0.48,0.5536332179930796,0.31764262062556653,0.5043165226709531,0.8687782805429864,0.9504950495049505,0.9078014184397163,202,221,10,29
v4_social_signal_experiment_v4_prompt_think_true_gemma4_e4b_direct_core_balanced_v8_think_ctx16384_tok16384_n237,v4_social_signal_experiment_v4_prompt_think_true_gemma4_e4b_direct_core_balanced_v8_think_ctx16384_tok16384_n237.csv,gemma4:e4b,direct_core_balanced_v8,237,8532,True,2,default,direct_context,500,371,241,130,259,1.5654008438818565,0.6495956873315364,0.482,0.5533869115958668,0.31688900267214154,0.5071294621927533,0.8687782805429864,0.9504950495049505,0.9078014184397163,202,221,10,29
v4_social_signal_experiment_v4_prompt_think_true_gemma4_e4b_direct_core_balanced_v8_think_ctx16384_tok16384_n237,v4_social_signal_experiment_v4_prompt_think_true_gemma4_e4b_direct_core_balanced_v8_think_ctx16384_tok16384_n237.csv,gemma4:e4b,direct_core_balanced_v8,237,8532,True,2,0.05,direct_context,500,371,241,130,259,1.5654008438818565,0.6495956873315364,0.482,0.5533869115958668,0.31688900267214154,0.5071294621927533,0.8687782805429864,0.9504950495049505,0.9078014184397163,202,221,10,29
v4_social_signal_experiment_v4_prompt_think_true_gemma4_e4b_direct_core_balanced_v8_think_ctx16384_tok16384_n237,v4_social_signal_experiment_v4_prompt_think_true_gemma4_e4b_direct_core_balanced_v8_think_ctx16384_tok16384_n237.csv,gemma4:e4b,direct_core_balanced_v8,237,8532,True,2,0.10,direct_context,500,371,241,130,259,1.5654008438818565,0.6495956873315364,0.482,0.5533869115958668,0.31688900267214154,0.5071294621927533,0.8687782805429864,0.9504950495049505,0.9078014184397163,202,221,10,29
v4_social_signal_experiment_v4_prompt_think_true_gemma4_e4b_direct_core_balanced_v8_think_ctx16384_tok16384_n237,v4_social_signal_experiment_v4_prompt_think_true_gemma4_e4b_direct_core_balanced_v8_think_ctx16384_tok16384_n237.csv,gemma4:e4b,direct_core_balanced_v8,237,8532,True,2,0.15,direct_context,500,371,241,130,259,1.5654008438818565,0.6495956873315364,0.482,0.5533869115958668,0.31688900267214154,0.5071294621927533,0.8687782805429864,0.9504950495049505,0.9078014184397163,202,221,10,29
v4_social_signal_experiment_v4_prompt_think_true_gemma4_e4b_direct_core_balanced_v8_think_ctx16384_tok16384_n237,v4_social_signal_experiment_v4_prompt_think_true_gemma4_e4b_direct_core_balanced_v8_think_ctx16384_tok16384_n237.csv,gemma4:e4b,direct_core_balanced_v8,237,8532,True,2,0.20,direct_context,500,371,241,130,259,1.5654008438818565,0.6495956873315364,0.482,0.5533869115958668,0.31688900267214154,0.5071294621927533,0.8687782805429864,0.9504950495049505,0.9078014184397163,202,221,10,29
v4_social_signal_experiment_v4_prompt_think_true_gemma4_e4b_direct_core_balanced_v8_think_ctx16384_tok16384_n237,v4_social_signal_experiment_v4_prompt_think_true_gemma4_e4b_direct_core_balanced_v8_think_ctx16384_tok16384_n237.csv,gemma4:e4b,direct_core_balanced_v8,237,8532,True,2,0.25,direct_context,500,371,241,130,259,1.5654008438818565,0.6495956873315364,0.482,0.5533869115958668,0.31688900267214154,0.5071294621927533,0.8687782805429864,0.9504950495049505,0.9078014184397163,202,221,10,29
v4_social_signal_experiment_v4_prompt_think_true_gemma4_e4b_direct_core_balanced_v8_think_ctx16384_tok16384_n237,v4_social_signal_experiment_v4_prompt_think_true_gemma4_e4b_direct_core_balanced_v8_think_ctx16384_tok16384_n237.csv,gemma4:e4b,direct_core_balanced_v8,237,8532,True,2,0.30,direct_context,500,371,241,130,259,1.5654008438818565,0.6495956873315364,0.482,0.5533869115958668,0.31688900267214154,0.5071294621927533,0.8687782805429864,0.9504950495049505,0.9078014184397163,202,221,10,29
v4_social_signal_experiment_v4_prompt_think_true_gemma4_e4b_direct_core_balanced_v8_think_ctx16384_tok16384_n237,v4_social_signal_experiment_v4_prompt_think_true_gemma4_e4b_direct_core_balanced_v8_think_ctx16384_tok16384_n237.csv,gemma4:e4b,direct_core_balanced_v8,237,8532,True,2,0.35,direct_context,500,371,241,130,259,1.5654008438818565,0.6495956873315364,0.482,0.5533869115958668,0.31688900267214154,0.5071294621927533,0.8687782805429864,0.9504950495049505,0.9078014184397163,202,221,10,29
v4_social_signal_experiment_v4_prompt_think_true_gemma4_e4b_direct_core_balanced_v8_think_ctx16384_tok16384_n237,v4_social_signal_experiment_v4_prompt_think_true_gemma4_e4b_direct_core_balanced_v8_think_ctx16384_tok16384_n237.csv,gemma4:e4b,direct_core_balanced_v8,237,8532,True,2,0.40,direct_context,500,371,241,130,259,1.5654008438818565,0.6495956873315364,0.482,0.5533869115958668,0.31688900267214154,0.5071294621927533,0.8687782805429864,0.9504950495049505,0.9078014184397163,202,221,10,29
v4_social_signal_experiment_v4_prompt_think_true_gemma4_e4b_direct_core_balanced_v8_think_ctx16384_tok16384_n237,v4_social_signal_experiment_v4_prompt_think_true_gemma4_e4b_direct_core_balanced_v8_think_ctx16384_tok16384_n237.csv,gemma4:e4b,direct_core_balanced_v8,237,8532,True,2,0.45,direct_context,500,371,241,130,259,1.5654008438818565,0.6495956873315364,0.482,0.5533869115958668,0.31688900267214154,0.5071294621927533,0.8687782805429864,0.9504950495049505,0.9078014184397163,202,221,10,29
v4_social_signal_experiment_v4_prompt_think_true_gemma4_e4b_direct_core_balanced_v8_think_ctx16384_tok16384_n237,v4_social_signal_experiment_v4_prompt_think_true_gemma4_e4b_direct_core_balanced_v8_think_ctx16384_tok16384_n237.csv,gemma4:e4b,direct_core_balanced_v8,237,8532,True,2,0.50,direct_context,500,371,241,130,259,1.5654008438818565,0.6495956873315364,0.482,0.5533869115958668,0.31688900267214154,0.5071294621927533,0.8687782805429864,0.9504950495049505,0.9078014184397163,202,221,10,29
v4_social_signal_experiment_v4_prompt_think_true_gemma4_e4b_direct_core_balanced_v8_think_ctx16384_tok16384_n237,v4_social_signal_experiment_v4_prompt_think_true_gemma4_e4b_direct_core_balanced_v8_think_ctx16384_tok16384_n237.csv,gemma4:e4b,direct_core_balanced_v8,237,8532,True,2,0.55,direct_context,500,371,241,130,259,1.5654008438818565,0.6495956873315364,0.482,0.5533869115958668,0.31688900267214154,0.5071294621927533,0.8687782805429864,0.9504950495049505,0.9078014184397163,202,221,10,29
v4_social_signal_experiment_v4_prompt_think_true_gemma4_e4b_direct_core_balanced_v8_think_ctx16384_tok16384_n237,v4_social_signal_experiment_v4_prompt_think_true_gemma4_e4b_direct_core_balanced_v8_think_ctx16384_tok16384_n237.csv,gemma4:e4b,direct_core_balanced_v8,237,8532,True,2,0.60,direct_context,500,371,241,130,259,1.5654008438818565,0.6495956873315364,0.482,0.5533869115958668,0.31688900267214154,0.5071294621927533,0.8687782805429864,0.9504950495049505,0.9078014184397163,202,221,10,29
v4_social_signal_experiment_v4_prompt_think_true_gemma4_e4b_direct_core_targeted_v7_think_ctx16384_tok16384_n237,v4_social_signal_experiment_v4_prompt_think_true_gemma4_e4b_direct_core_targeted_v7_think_ctx16384_tok16384_n237.csv,gemma4:e4b,direct_core_targeted_v7,237,8532,True,3,default,direct_context,500,351,234,117,266,1.481012658227848,0.6666666666666666,0.468,0.5499412455934195,0.33977402263618034,0.49689237157591587,0.8648648648648649,0.9504950495049505,0.9056603773584906,202,222,10,30
v4_social_signal_experiment_v4_prompt_think_true_gemma4_e4b_direct_core_targeted_v7_think_ctx16384_tok16384_n237,v4_social_signal_experiment_v4_prompt_think_true_gemma4_e4b_direct_core_targeted_v7_think_ctx16384_tok16384_n237.csv,gemma4:e4b,direct_core_targeted_v7,237,8532,True,3,0.05,direct_context,500,351,234,117,266,1.481012658227848,0.6666666666666666,0.468,0.5499412455934195,0.33977402263618034,0.49689237157591587,0.8648648648648649,0.9504950495049505,0.9056603773584906,202,222,10,30
v4_social_signal_experiment_v4_prompt_think_true_gemma4_e4b_direct_core_targeted_v7_think_ctx16384_tok16384_n237,v4_social_signal_experiment_v4_prompt_think_true_gemma4_e4b_direct_core_targeted_v7_think_ctx16384_tok16384_n237.csv,gemma4:e4b,direct_core_targeted_v7,237,8532,True,3,0.10,direct_context,500,351,234,117,266,1.481012658227848,0.6666666666666666,0.468,0.5499412455934195,0.33977402263618034,0.49689237157591587,0.8648648648648649,0.9504950495049505,0.9056603773584906,202,222,10,30
v4_social_signal_experiment_v4_prompt_think_true_gemma4_e4b_direct_core_targeted_v7_think_ctx16384_tok16384_n237,v4_social_signal_experiment_v4_prompt_think_true_gemma4_e4b_direct_core_targeted_v7_think_ctx16384_tok16384_n237.csv,gemma4:e4b,direct_core_targeted_v7,237,8532,True,3,0.15,direct_context,500,351,234,117,266,1.481012658227848,0.6666666666666666,0.468,0.5499412455934195,0.33977402263618034,0.49689237157591587,0.8648648648648649,0.9504950495049505,0.9056603773584906,202,222,10,30
v4_social_signal_experiment_v4_prompt_think_true_gemma4_e4b_direct_core_targeted_v7_think_ctx16384_tok16384_n237,v4_social_signal_experiment_v4_prompt_think_true_gemma4_e4b_direct_core_targeted_v7_think_ctx16384_tok16384_n237.csv,gemma4:e4b,direct_core_targeted_v7,237,8532,True,3,0.20,direct_context,500,351,234,117,266,1.481012658227848,0.6666666666666666,0.468,0.5499412455934195,0.33977402263618034,0.49689237157591587,0.8648648648648649,0.9504950495049505,0.9056603773584906,202,222,10,30
v4_social_signal_experiment_v4_prompt_think_true_gemma4_e4b_direct_core_targeted_v7_think_ctx16384_tok16384_n237,v4_social_signal_experiment_v4_prompt_think_true_gemma4_e4b_direct_core_targeted_v7_think_ctx16384_tok16384_n237.csv,gemma4:e4b,direct_core_targeted_v7,237,8532,True,3,0.25,direct_context,500,351,234,117,266,1.481012658227848,0.6666666666666666,0.468,0.5499412455934195,0.33977402263618034,0.49689237157591587,0.8648648648648649,0.9504950495049505,0.9056603773584906,202,222,10,30
v4_social_signal_experiment_v4_prompt_think_true_gemma4_e4b_direct_core_targeted_v7_think_ctx16384_tok16384_n237,v4_social_signal_experiment_v4_prompt_think_true_gemma4_e4b_direct_core_targeted_v7_think_ctx16384_tok16384_n237.csv,gemma4:e4b,direct_core_targeted_v7,237,8532,True,3,0.30,direct_context,500,351,234,117,266,1.481012658227848,0.6666666666666666,0.468,0.5499412455934195,0.33977402263618034,0.49689237157591587,0.8648648648648649,0.9504950495049505,0.9056603773584906,202,222,10,30
v4_social_signal_experiment_v4_prompt_think_true_gemma4_e4b_direct_core_targeted_v7_think_ctx16384_tok16384_n237,v4_social_signal_experiment_v4_prompt_think_true_gemma4_e4b_direct_core_targeted_v7_think_ctx16384_tok16384_n237.csv,gemma4:e4b,direct_core_targeted_v7,237,8532,True,3,0.35,direct_context,500,351,234,117,266,1.481012658227848,0.6666666666666666,0.468,0.5499412455934195,0.33977402263618034,0.49689237157591587,0.8648648648648649,0.9504950495049505,0.9056603773584906,202,222,10,30
v4_social_signal_experiment_v4_prompt_think_true_gemma4_e4b_direct_core_targeted_v7_think_ctx16384_tok16384_n237,v4_social_signal_experiment_v4_prompt_think_true_gemma4_e4b_direct_core_targeted_v7_think_ctx16384_tok16384_n237.csv,gemma4:e4b,direct_core_targeted_v7,237,8532,True,3,0.40,direct_context,500,351,234,117,266,1.481012658227848,0.6666666666666666,0.468,0.5499412455934195,0.33977402263618034,0.49689237157591587,0.8648648648648649,0.9504950495049505,0.9056603773584906,202,222,10,30
v4_social_signal_experiment_v4_prompt_think_true_gemma4_e4b_direct_core_targeted_v7_think_ctx16384_tok16384_n237,v4_social_signal_experiment_v4_prompt_think_true_gemma4_e4b_direct_core_targeted_v7_think_ctx16384_tok16384_n237.csv,gemma4:e4b,direct_core_targeted_v7,237,8532,True,3,0.45,direct_context,500,351,234,117,266,1.481012658227848,0.6666666666666666,0.468,0.5499412455934195,0.33977402263618034,0.49689237157591587,0.8648648648648649,0.9504950495049505,0.9056603773584906,202,222,10,30
v4_social_signal_experiment_v4_prompt_think_true_gemma4_e4b_direct_core_targeted_v7_think_ctx16384_tok16384_n237,v4_social_signal_experiment_v4_prompt_think_true_gemma4_e4b_direct_core_targeted_v7_think_ctx16384_tok16384_n237.csv,gemma4:e4b,direct_core_targeted_v7,237,8532,True,3,0.50,direct_context,500,351,234,117,266,1.481012658227848,0.6666666666666666,0.468,0.5499412455934195,0.33977402263618034,0.49689237157591587,0.8648648648648649,0.9504950495049505,0.9056603773584906,202,222,10,30
v4_social_signal_experiment_v4_prompt_think_true_gemma4_e4b_direct_core_targeted_v7_think_ctx16384_tok16384_n237,v4_social_signal_experiment_v4_prompt_think_true_gemma4_e4b_direct_core_targeted_v7_think_ctx16384_tok16384_n237.csv,gemma4:e4b,direct_core_targeted_v7,237,8532,True,3,0.55,direct_context,500,351,234,117,266,1.481012658227848,0.6666666666666666,0.468,0.5499412455934195,0.33977402263618034,0.49689237157591587,0.8648648648648649,0.9504950495049505,0.9056603773584906,202,222,10,30
v4_social_signal_experiment_v4_prompt_think_true_gemma4_e4b_direct_core_targeted_v7_think_ctx16384_tok16384_n237,v4_social_signal_experiment_v4_prompt_think_true_gemma4_e4b_direct_core_targeted_v7_think_ctx16384_tok16384_n237.csv,gemma4:e4b,direct_core_targeted_v7,237,8532,True,3,0.60,direct_context,500,351,234,117,266,1.481012658227848,0.6666666666666666,0.468,0.5499412455934195,0.33977402263618034,0.49689237157591587,0.8648648648648649,0.9504950495049505,0.9056603773584906,202,222,10,30
v4_social_signal_experiment_v4_prompt_think_true_gemma4_e4b_direct_core_targeted_v7_think_ctx16384_tok16384_n237,v4_social_signal_experiment_v4_prompt_think_true_gemma4_e4b_direct_core_targeted_v7_think_ctx16384_tok16384_n237.csv,gemma4:e4b,direct_core_targeted_v7,237,8532,True,3,0.65,direct_context,500,348,233,115,267,1.4683544303797469,0.6695402298850575,0.466,0.5495283018867925,0.33874763363474875,0.49641015337217864,0.8648648648648649,0.9504950495049505,0.9056603773584906,202,222,10,30
v4_social_signal_experiment_v4_prompt_think_true_gemma4_e4b_direct_core_targeted_v7_think_ctx16384_tok16384_n237,v4_social_signal_experiment_v4_prompt_think_true_gemma4_e4b_direct_core_targeted_v7_think_ctx16384_tok16384_n237.csv,gemma4:e4b,direct_core_targeted_v7,237,8532,True,3,0.70,direct_context,500,348,233,115,267,1.4683544303797469,0.6695402298850575,0.466,0.5495283018867925,0.33874763363474875,0.49641015337217864,0.8648648648648649,0.9504950495049505,0.9056603773584906,202,222,10,30
v4_social_signal_experiment_v4_prompt_think_true_gemma4_e4b_direct_core_balanced_v8_think_ctx16384_tok16384_n237,v4_social_signal_experiment_v4_prompt_think_true_gemma4_e4b_direct_core_balanced_v8_think_ctx16384_tok16384_n237.csv,gemma4:e4b,direct_core_balanced_v8,237,8532,True,2,0.75,direct_context,500,341,229,112,271,1.4388185654008439,0.6715542521994134,0.458,0.544589774078478,0.2894378107906195,0.4981079632978367,0.8669724770642202,0.9356435643564357,0.9,202,218,13,29
v4_social_signal_experiment_v4_prompt_think_true_gemma4_e4b_direct_core_targeted_v7_think_ctx16384_tok16384_n237,v4_social_signal_experiment_v4_prompt_think_true_gemma4_e4b_direct_core_targeted_v7_think_ctx16384_tok16384_n237.csv,gemma4:e4b,direct_core_targeted_v7,237,8532,True,3,0.75,direct_context,500,315,220,95,280,1.3291139240506329,0.6984126984126984,0.44,0.5398773006134969,0.29731967068194315,0.48989351014667476,0.8743961352657005,0.8960396039603961,0.8850855745721271,202,207,21,26
v4_social_signal_experiment_v4_prompt_think_true_gemma4_e4b_direct_core_balanced_v8_think_ctx16384_tok16384_n237,v4_social_signal_experiment_v4_prompt_think_true_gemma4_e4b_direct_core_balanced_v8_think_ctx16384_tok16384_n237.csv,gemma4:e4b,direct_core_balanced_v8,237,8532,True,2,0.80,direct_context,500,303,215,88,285,1.2784810126582278,0.7095709570957096,0.43,0.5354919053549191,0.28233885481769544,0.5009610876699484,0.8768472906403941,0.8811881188118812,0.8790123456790123,202,203,24,25
v4_social_signal_experiment_v4_prompt_think_true_gemma4_e4b_direct_core_targeted_v7_think_ctx16384_tok16384_n237,v4_social_signal_experiment_v4_prompt_think_true_gemma4_e4b_direct_core_targeted_v7_think_ctx16384_tok16384_n237.csv,gemma4:e4b,direct_core_targeted_v7,237,8532,True,3,0.80,direct_context,500,288,208,80,292,1.2151898734177216,0.7222222222222222,0.416,0.5279187817258884,0.2962869365883873,0.4824794052642154,0.8787878787878788,0.8613861386138614,0.87,202,198,28,24
v4_social_signal_experiment_v4_prompt_think_true_gemma4_e4b_direct_core_gold_fewshot_v5_think_ctx16384_tok16384_n237,v4_social_signal_experiment_v4_prompt_think_true_gemma4_e4b_direct_core_gold_fewshot_v5_think_ctx16384_tok16384_n237.csv,gemma4:e4b,direct_core_gold_fewshot_v5,237,8532,True,1,0.85,direct_context,500,275,203,72,297,1.160337552742616,0.7381818181818182,0.406,0.5238709677419355,0.29169056394179005,0.4919127988748242,0.9055555555555556,0.806930693069307,0.8534031413612565,202,180,39,17
v4_social_signal_experiment_v4_prompt_think_true_gemma4_e4b_direct_core_recall_v2_think_ctx16384_tok16384_n237,v4_social_signal_experiment_v4_prompt_think_true_gemma4_e4b_direct_core_recall_v2_think_ctx16384_tok16384_n237.csv,gemma4:e4b,direct_core_recall_v2,237,8532,True,2,default,direct_context,500,304,210,94,290,1.2827004219409284,0.6907894736842105,0.42,0.5223880597014925,0.3355735387767379,0.49058669881454686,0.8932038834951457,0.9108910891089109,0.9019607843137255,202,206,18,22
v4_social_signal_experiment_v4_prompt_think_true_gemma4_e4b_direct_core_recall_v2_think_ctx16384_tok16384_n237,v4_social_signal_experiment_v4_prompt_think_true_gemma4_e4b_direct_core_recall_v2_think_ctx16384_tok16384_n237.csv,gemma4:e4b,direct_core_recall_v2,237,8532,True,2,0.05,direct_context,500,304,210,94,290,1.2827004219409284,0.6907894736842105,0.42,0.5223880597014925,0.3355735387767379,0.49058669881454686,0.8932038834951457,0.9108910891089109,0.9019607843137255,202,206,18,22
v4_social_signal_experiment_v4_prompt_think_true_gemma4_e4b_direct_core_recall_v2_think_ctx16384_tok16384_n237,v4_social_signal_experiment_v4_prompt_think_true_gemma4_e4b_direct_core_recall_v2_think_ctx16384_tok16384_n237.csv,gemma4:e4b,direct_core_recall_v2,237,8532,True,2,0.10,direct_context,500,304,210,94,290,1.2827004219409284,0.6907894736842105,0.42,0.5223880597014925,0.3355735387767379,0.49058669881454686,0.8932038834951457,0.9108910891089109,0.9019607843137255,202,206,18,22
v4_social_signal_experiment_v4_prompt_think_true_gemma4_e4b_direct_core_recall_v2_think_ctx16384_tok16384_n237,v4_social_signal_experiment_v4_prompt_think_true_gemma4_e4b_direct_core_recall_v2_think_ctx16384_tok16384_n237.csv,gemma4:e4b,direct_core_recall_v2,237,8532,True,2,0.15,direct_context,500,304,210,94,290,1.2827004219409284,0.6907894736842105,0.42,0.5223880597014925,0.3355735387767379,0.49058669881454686,0.8932038834951457,0.9108910891089109,0.9019607843137255,202,206,18,22
v4_social_signal_experiment_v4_prompt_think_true_gemma4_e4b_direct_core_recall_v2_think_ctx16384_tok16384_n237,v4_social_signal_experiment_v4_prompt_think_true_gemma4_e4b_direct_core_recall_v2_think_ctx16384_tok16384_n237.csv,gemma4:e4b,direct_core_recall_v2,237,8532,True,2,0.20,direct_context,500,304,210,94,290,1.2827004219409284,0.6907894736842105,0.42,0.5223880597014925,0.3355735387767379,0.49058669881454686,0.8932038834951457,0.9108910891089109,0.9019607843137255,202,206,18,22
v4_social_signal_experiment_v4_prompt_think_true_gemma4_e4b_direct_core_recall_v2_think_ctx16384_tok16384_n237,v4_social_signal_experiment_v4_prompt_think_true_gemma4_e4b_direct_core_recall_v2_think_ctx16384_tok16384_n237.csv,gemma4:e4b,direct_core_recall_v2,237,8532,True,2,0.25,direct_context,500,304,210,94,290,1.2827004219409284,0.6907894736842105,0.42,0.5223880597014925,0.3355735387767379,0.49058669881454686,0.8932038834951457,0.9108910891089109,0.9019607843137255,202,206,18,22
v4_social_signal_experiment_v4_prompt_think_true_gemma4_e4b_direct_core_recall_v2_think_ctx16384_tok16384_n237,v4_social_signal_experiment_v4_prompt_think_true_gemma4_e4b_direct_core_recall_v2_think_ctx16384_tok16384_n237.csv,gemma4:e4b,direct_core_recall_v2,237,8532,True,2,0.30,direct_context,500,304,210,94,290,1.2827004219409284,0.6907894736842105,0.42,0.5223880597014925,0.3355735387767379,0.49058669881454686,0.8932038834951457,0.9108910891089109,0.9019607843137255,202,206,18,22
v4_social_signal_experiment_v4_prompt_think_true_gemma4_e4b_direct_core_recall_v2_think_ctx16384_tok16384_n237,v4_social_signal_experiment_v4_prompt_think_true_gemma4_e4b_direct_core_recall_v2_think_ctx16384_tok16384_n237.csv,gemma4:e4b,direct_core_recall_v2,237,8532,True,2,0.35,direct_context,500,304,210,94,290,1.2827004219409284,0.6907894736842105,0.42,0.5223880597014925,0.3355735387767379,0.49058669881454686,0.8932038834951457,0.9108910891089109,0.9019607843137255,202,206,18,22
v4_social_signal_experiment_v4_prompt_think_true_gemma4_e4b_direct_core_recall_v2_think_ctx16384_tok16384_n237,v4_social_signal_experiment_v4_prompt_think_true_gemma4_e4b_direct_core_recall_v2_think_ctx16384_tok16384_n237.csv,gemma4:e4b,direct_core_recall_v2,237,8532,True,2,0.40,direct_context,500,304,210,94,290,1.2827004219409284,0.6907894736842105,0.42,0.5223880597014925,0.3355735387767379,0.49058669881454686,0.8932038834951457,0.9108910891089109,0.9019607843137255,202,206,18,22
v4_social_signal_experiment_v4_prompt_think_true_gemma4_e4b_direct_core_recall_v2_think_ctx16384_tok16384_n237,v4_social_signal_experiment_v4_prompt_think_true_gemma4_e4b_direct_core_recall_v2_think_ctx16384_tok16384_n237.csv,gemma4:e4b,direct_core_recall_v2,237,8532,True,2,0.45,direct_context,500,304,210,94,290,1.2827004219409284,0.6907894736842105,0.42,0.5223880597014925,0.3355735387767379,0.49058669881454686,0.8932038834951457,0.9108910891089109,0.9019607843137255,202,206,18,22
v4_social_signal_experiment_v4_prompt_think_true_gemma4_e4b_direct_core_recall_v2_think_ctx16384_tok16384_n237,v4_social_signal_experiment_v4_prompt_think_true_gemma4_e4b_direct_core_recall_v2_think_ctx16384_tok16384_n237.csv,gemma4:e4b,direct_core_recall_v2,237,8532,True,2,0.50,direct_context,500,304,210,94,290,1.2827004219409284,0.6907894736842105,0.42,0.5223880597014925,0.3355735387767379,0.49058669881454686,0.8932038834951457,0.9108910891089109,0.9019607843137255,202,206,18,22
v4_social_signal_experiment_v4_prompt_think_true_gemma4_e4b_direct_core_recall_v2_think_ctx16384_tok16384_n237,v4_social_signal_experiment_v4_prompt_think_true_gemma4_e4b_direct_core_recall_v2_think_ctx16384_tok16384_n237.csv,gemma4:e4b,direct_core_recall_v2,237,8532,True,2,0.55,direct_context,500,304,210,94,290,1.2827004219409284,0.6907894736842105,0.42,0.5223880597014925,0.3355735387767379,0.49058669881454686,0.8932038834951457,0.9108910891089109,0.9019607843137255,202,206,18,22
v4_social_signal_experiment_v4_prompt_think_true_gemma4_e4b_direct_core_recall_v2_think_ctx16384_tok16384_n237,v4_social_signal_experiment_v4_prompt_think_true_gemma4_e4b_direct_core_recall_v2_think_ctx16384_tok16384_n237.csv,gemma4:e4b,direct_core_recall_v2,237,8532,True,2,0.60,direct_context,500,304,210,94,290,1.2827004219409284,0.6907894736842105,0.42,0.5223880597014925,0.3355735387767379,0.49058669881454686,0.8932038834951457,0.9108910891089109,0.9019607843137255,202,206,18,22
v4_social_signal_experiment_v4_prompt_think_true_gemma4_e4b_direct_core_clean_fewshot_v6_think_ctx16384_tok16384_n237,v4_social_signal_experiment_v4_prompt_think_true_gemma4_e4b_direct_core_clean_fewshot_v6_think_ctx16384_tok16384_n237.csv,gemma4:e4b,direct_core_clean_fewshot_v6,237,8532,True,2,0.75,direct_context,500,298,208,90,292,1.2573839662447257,0.697986577181208,0.416,0.5213032581453634,0.294225255918281,0.48354095505994243,0.898936170212766,0.8366336633663366,0.8666666666666667,202,188,33,19
v4_social_signal_experiment_v4_prompt_think_true_gemma4_e4b_direct_core_recall_v2_think_ctx16384_tok16384_n237,v4_social_signal_experiment_v4_prompt_think_true_gemma4_e4b_direct_core_recall_v2_think_ctx16384_tok16384_n237.csv,gemma4:e4b,direct_core_recall_v2,237,8532,True,2,0.65,direct_context,500,298,207,91,293,1.2573839662447257,0.6946308724832215,0.414,0.518796992481203,0.33527434942191464,0.4855234076753064,0.8926829268292683,0.905940594059406,0.8992628992628993,202,205,19,22
v4_social_signal_experiment_v4_prompt_think_true_gemma4_e4b_direct_core_recall_v2_think_ctx16384_tok16384_n237,v4_social_signal_experiment_v4_prompt_think_true_gemma4_e4b_direct_core_recall_v2_think_ctx16384_tok16384_n237.csv,gemma4:e4b,direct_core_recall_v2,237,8532,True,2,0.70,direct_context,500,298,207,91,293,1.2573839662447257,0.6946308724832215,0.414,0.518796992481203,0.33527434942191464,0.4855234076753064,0.8926829268292683,0.905940594059406,0.8992628992628993,202,205,19,22
v4_social_signal_experiment_v4_prompt_think_true_gemma4_e4b_direct_core_filtered_v3_think_ctx16384_tok16384_n237,v4_social_signal_experiment_v4_prompt_think_true_gemma4_e4b_direct_core_filtered_v3_think_ctx16384_tok16384_n237.csv,gemma4:e4b,direct_core_filtered_v3,237,8532,True,0,0.65,direct_context,500,295,205,90,295,1.2447257383966244,0.6949152542372882,0.41,0.5157232704402516,0.2779840314059319,0.4709965842877235,0.875,0.9356435643564357,0.9043062200956937,202,216,13,27
v4_social_signal_experiment_v4_prompt_think_true_gemma4_e4b_direct_core_filtered_v3_think_ctx16384_tok16384_n237,v4_social_signal_experiment_v4_prompt_think_true_gemma4_e4b_direct_core_filtered_v3_think_ctx16384_tok16384_n237.csv,gemma4:e4b,direct_core_filtered_v3,237,8532,True,0,0.70,direct_context,500,295,205,90,295,1.2447257383966244,0.6949152542372882,0.41,0.5157232704402516,0.2779840314059319,0.4709965842877235,0.875,0.9356435643564357,0.9043062200956937,202,216,13,27
v4_social_signal_experiment_v4_prompt_think_true_gemma4_e4b_direct_core_filtered_v3_think_ctx16384_tok16384_n237,v4_social_signal_experiment_v4_prompt_think_true_gemma4_e4b_direct_core_filtered_v3_think_ctx16384_tok16384_n237.csv,gemma4:e4b,direct_core_filtered_v3,237,8532,True,0,default,direct_context,500,297,205,92,295,1.2531645569620253,0.6902356902356902,0.41,0.5144291091593476,0.2767763019373329,0.4701527024311834,0.875,0.9356435643564357,0.9043062200956937,202,216,13,27
v4_social_signal_experiment_v4_prompt_think_true_gemma4_e4b_direct_core_filtered_v3_think_ctx16384_tok16384_n237,v4_social_signal_experiment_v4_prompt_think_true_gemma4_e4b_direct_core_filtered_v3_think_ctx16384_tok16384_n237.csv,gemma4:e4b,direct_core_filtered_v3,237,8532,True,0,0.05,direct_context,500,297,205,92,295,1.2531645569620253,0.6902356902356902,0.41,0.5144291091593476,0.2767763019373329,0.4701527024311834,0.875,0.9356435643564357,0.9043062200956937,202,216,13,27
v4_social_signal_experiment_v4_prompt_think_true_gemma4_e4b_direct_core_filtered_v3_think_ctx16384_tok16384_n237,v4_social_signal_experiment_v4_prompt_think_true_gemma4_e4b_direct_core_filtered_v3_think_ctx16384_tok16384_n237.csv,gemma4:e4b,direct_core_filtered_v3,237,8532,True,0,0.10,direct_context,500,297,205,92,295,1.2531645569620253,0.6902356902356902,0.41,0.5144291091593476,0.2767763019373329,0.4701527024311834,0.875,0.9356435643564357,0.9043062200956937,202,216,13,27
v4_social_signal_experiment_v4_prompt_think_true_gemma4_e4b_direct_core_filtered_v3_think_ctx16384_tok16384_n237,v4_social_signal_experiment_v4_prompt_think_true_gemma4_e4b_direct_core_filtered_v3_think_ctx16384_tok16384_n237.csv,gemma4:e4b,direct_core_filtered_v3,237,8532,True,0,0.15,direct_context,500,297,205,92,295,1.2531645569620253,0.6902356902356902,0.41,0.5144291091593476,0.2767763019373329,0.4701527024311834,0.875,0.9356435643564357,0.9043062200956937,202,216,13,27
v4_social_signal_experiment_v4_prompt_think_true_gemma4_e4b_direct_core_filtered_v3_think_ctx16384_tok16384_n237,v4_social_signal_experiment_v4_prompt_think_true_gemma4_e4b_direct_core_filtered_v3_think_ctx16384_tok16384_n237.csv,gemma4:e4b,direct_core_filtered_v3,237,8532,True,0,0.20,direct_context,500,297,205,92,295,1.2531645569620253,0.6902356902356902,0.41,0.5144291091593476,0.2767763019373329,0.4701527024311834,0.875,0.9356435643564357,0.9043062200956937,202,216,13,27
v4_social_signal_experiment_v4_prompt_think_true_gemma4_e4b_direct_core_filtered_v3_think_ctx16384_tok16384_n237,v4_social_signal_experiment_v4_prompt_think_true_gemma4_e4b_direct_core_filtered_v3_think_ctx16384_tok16384_n237.csv,gemma4:e4b,direct_core_filtered_v3,237,8532,True,0,0.25,direct_context,500,297,205,92,295,1.2531645569620253,0.6902356902356902,0.41,0.5144291091593476,0.2767763019373329,0.4701527024311834,0.875,0.9356435643564357,0.9043062200956937,202,216,13,27
v4_social_signal_experiment_v4_prompt_think_true_gemma4_e4b_direct_core_filtered_v3_think_ctx16384_tok16384_n237,v4_social_signal_experiment_v4_prompt_think_true_gemma4_e4b_direct_core_filtered_v3_think_ctx16384_tok16384_n237.csv,gemma4:e4b,direct_core_filtered_v3,237,8532,True,0,0.30,direct_context,500,297,205,92,295,1.2531645569620253,0.6902356902356902,0.41,0.5144291091593476,0.2767763019373329,0.4701527024311834,0.875,0.9356435643564357,0.9043062200956937,202,216,13,27
v4_social_signal_experiment_v4_prompt_think_true_gemma4_e4b_direct_core_filtered_v3_think_ctx16384_tok16384_n237,v4_social_signal_experiment_v4_prompt_think_true_gemma4_e4b_direct_core_filtered_v3_think_ctx16384_tok16384_n237.csv,gemma4:e4b,direct_core_filtered_v3,237,8532,True,0,0.35,direct_context,500,297,205,92,295,1.2531645569620253,0.6902356902356902,0.41,0.5144291091593476,0.2767763019373329,0.4701527024311834,0.875,0.9356435643564357,0.9043062200956937,202,216,13,27
v4_social_signal_experiment_v4_prompt_think_true_gemma4_e4b_direct_core_filtered_v3_think_ctx16384_tok16384_n237,v4_social_signal_experiment_v4_prompt_think_true_gemma4_e4b_direct_core_filtered_v3_think_ctx16384_tok16384_n237.csv,gemma4:e4b,direct_core_filtered_v3,237,8532,True,0,0.40,direct_context,500,297,205,92,295,1.2531645569620253,0.6902356902356902,0.41,0.5144291091593476,0.2767763019373329,0.4701527024311834,0.875,0.9356435643564357,0.9043062200956937,202,216,13,27
v4_social_signal_experiment_v4_prompt_think_true_gemma4_e4b_direct_core_filtered_v3_think_ctx16384_tok16384_n237,v4_social_signal_experiment_v4_prompt_think_true_gemma4_e4b_direct_core_filtered_v3_think_ctx16384_tok16384_n237.csv,gemma4:e4b,direct_core_filtered_v3,237,8532,True,0,0.45,direct_context,500,297,205,92,295,1.2531645569620253,0.6902356902356902,0.41,0.5144291091593476,0.2767763019373329,0.4701527024311834,0.875,0.9356435643564357,0.9043062200956937,202,216,13,27
v4_social_signal_experiment_v4_prompt_think_true_gemma4_e4b_direct_core_filtered_v3_think_ctx16384_tok16384_n237,v4_social_signal_experiment_v4_prompt_think_true_gemma4_e4b_direct_core_filtered_v3_think_ctx16384_tok16384_n237.csv,gemma4:e4b,direct_core_filtered_v3,237,8532,True,0,0.50,direct_context,500,297,205,92,295,1.2531645569620253,0.6902356902356902,0.41,0.5144291091593476,0.2767763019373329,0.4701527024311834,0.875,0.9356435643564357,0.9043062200956937,202,216,13,27
v4_social_signal_experiment_v4_prompt_think_true_gemma4_e4b_direct_core_filtered_v3_think_ctx16384_tok16384_n237,v4_social_signal_experiment_v4_prompt_think_true_gemma4_e4b_direct_core_filtered_v3_think_ctx16384_tok16384_n237.csv,gemma4:e4b,direct_core_filtered_v3,237,8532,True,0,0.55,direct_context,500,297,205,92,295,1.2531645569620253,0.6902356902356902,0.41,0.5144291091593476,0.2767763019373329,0.4701527024311834,0.875,0.9356435643564357,0.9043062200956937,202,216,13,27
v4_social_signal_experiment_v4_prompt_think_true_gemma4_e4b_direct_core_filtered_v3_think_ctx16384_tok16384_n237,v4_social_signal_experiment_v4_prompt_think_true_gemma4_e4b_direct_core_filtered_v3_think_ctx16384_tok16384_n237.csv,gemma4:e4b,direct_core_filtered_v3,237,8532,True,0,0.60,direct_context,500,297,205,92,295,1.2531645569620253,0.6902356902356902,0.41,0.5144291091593476,0.2767763019373329,0.4701527024311834,0.875,0.9356435643564357,0.9043062200956937,202,216,13,27
v4_social_signal_experiment_v4_prompt_think_true_gemma4_e4b_direct_core_gold_calibrated_v4_think_ctx16384_tok16384_n237,v4_social_signal_experiment_v4_prompt_think_true_gemma4_e4b_direct_core_gold_calibrated_v4_think_ctx16384_tok16384_n237.csv,gemma4:e4b,direct_core_gold_calibrated_v4,237,8532,True,0,0.70,direct_context,500,350,215,135,285,1.4767932489451476,0.6142857142857143,0.43,0.5058823529411764,0.32870824980869984,0.45256848168240565,0.8634361233480177,0.9702970297029703,0.9137529137529138,202,227,6,31
v4_social_signal_experiment_v4_prompt_think_true_gemma4_e4b_direct_core_gold_calibrated_v4_think_ctx16384_tok16384_n237,v4_social_signal_experiment_v4_prompt_think_true_gemma4_e4b_direct_core_gold_calibrated_v4_think_ctx16384_tok16384_n237.csv,gemma4:e4b,direct_core_gold_calibrated_v4,237,8532,True,0,0.65,direct_context,500,351,215,136,285,1.481012658227848,0.6125356125356125,0.43,0.5052878965922444,0.32795239190998476,0.4511620119215056,0.8634361233480177,0.9702970297029703,0.9137529137529138,202,227,6,31
v4_social_signal_experiment_v4_prompt_think_true_gemma4_e4b_direct_core_gold_calibrated_v4_think_ctx16384_tok16384_n237,v4_social_signal_experiment_v4_prompt_think_true_gemma4_e4b_direct_core_gold_calibrated_v4_think_ctx16384_tok16384_n237.csv,gemma4:e4b,direct_core_gold_calibrated_v4,237,8532,True,0,default,direct_context,500,360,217,143,283,1.518987341772152,0.6027777777777777,0.434,0.5046511627906977,0.32492824692140776,0.4538543968923716,0.8652173913043478,0.9851485148514851,0.9212962962962963,202,230,3,31
v4_social_signal_experiment_v4_prompt_think_true_gemma4_e4b_direct_core_gold_calibrated_v4_think_ctx16384_tok16384_n237,v4_social_signal_experiment_v4_prompt_think_true_gemma4_e4b_direct_core_gold_calibrated_v4_think_ctx16384_tok16384_n237.csv,gemma4:e4b,direct_core_gold_calibrated_v4,237,8532,True,0,0.05,direct_context,500,360,217,143,283,1.518987341772152,0.6027777777777777,0.434,0.5046511627906977,0.32492824692140776,0.4538543968923716,0.8652173913043478,0.9851485148514851,0.9212962962962963,202,230,3,31
v4_social_signal_experiment_v4_prompt_think_true_gemma4_e4b_direct_core_gold_calibrated_v4_think_ctx16384_tok16384_n237,v4_social_signal_experiment_v4_prompt_think_true_gemma4_e4b_direct_core_gold_calibrated_v4_think_ctx16384_tok16384_n237.csv,gemma4:e4b,direct_core_gold_calibrated_v4,237,8532,True,0,0.10,direct_context,500,360,217,143,283,1.518987341772152,0.6027777777777777,0.434,0.5046511627906977,0.32492824692140776,0.4538543968923716,0.8652173913043478,0.9851485148514851,0.9212962962962963,202,230,3,31
v4_social_signal_experiment_v4_prompt_think_true_gemma4_e4b_direct_core_gold_calibrated_v4_think_ctx16384_tok16384_n237,v4_social_signal_experiment_v4_prompt_think_true_gemma4_e4b_direct_core_gold_calibrated_v4_think_ctx16384_tok16384_n237.csv,gemma4:e4b,direct_core_gold_calibrated_v4,237,8532,True,0,0.15,direct_context,500,360,217,143,283,1.518987341772152,0.6027777777777777,0.434,0.5046511627906977,0.32492824692140776,0.4538543968923716,0.8652173913043478,0.9851485148514851,0.9212962962962963,202,230,3,31
v4_social_signal_experiment_v4_prompt_think_true_gemma4_e4b_direct_core_gold_calibrated_v4_think_ctx16384_tok16384_n237,v4_social_signal_experiment_v4_prompt_think_true_gemma4_e4b_direct_core_gold_calibrated_v4_think_ctx16384_tok16384_n237.csv,gemma4:e4b,direct_core_gold_calibrated_v4,237,8532,True,0,0.20,direct_context,500,360,217,143,283,1.518987341772152,0.6027777777777777,0.434,0.5046511627906977,0.32492824692140776,0.4538543968923716,0.8652173913043478,0.9851485148514851,0.9212962962962963,202,230,3,31
v4_social_signal_experiment_v4_prompt_think_true_gemma4_e4b_direct_core_gold_calibrated_v4_think_ctx16384_tok16384_n237,v4_social_signal_experiment_v4_prompt_think_true_gemma4_e4b_direct_core_gold_calibrated_v4_think_ctx16384_tok16384_n237.csv,gemma4:e4b,direct_core_gold_calibrated_v4,237,8532,True,0,0.25,direct_context,500,360,217,143,283,1.518987341772152,0.6027777777777777,0.434,0.5046511627906977,0.32492824692140776,0.4538543968923716,0.8652173913043478,0.9851485148514851,0.9212962962962963,202,230,3,31
v4_social_signal_experiment_v4_prompt_think_true_gemma4_e4b_direct_core_gold_calibrated_v4_think_ctx16384_tok16384_n237,v4_social_signal_experiment_v4_prompt_think_true_gemma4_e4b_direct_core_gold_calibrated_v4_think_ctx16384_tok16384_n237.csv,gemma4:e4b,direct_core_gold_calibrated_v4,237,8532,True,0,0.30,direct_context,500,360,217,143,283,1.518987341772152,0.6027777777777777,0.434,0.5046511627906977,0.32492824692140776,0.4538543968923716,0.8652173913043478,0.9851485148514851,0.9212962962962963,202,230,3,31
v4_social_signal_experiment_v4_prompt_think_true_gemma4_e4b_direct_core_gold_calibrated_v4_think_ctx16384_tok16384_n237,v4_social_signal_experiment_v4_prompt_think_true_gemma4_e4b_direct_core_gold_calibrated_v4_think_ctx16384_tok16384_n237.csv,gemma4:e4b,direct_core_gold_calibrated_v4,237,8532,True,0,0.35,direct_context,500,360,217,143,283,1.518987341772152,0.6027777777777777,0.434,0.5046511627906977,0.32492824692140776,0.4538543968923716,0.8652173913043478,0.9851485148514851,0.9212962962962963,202,230,3,31
v4_social_signal_experiment_v4_prompt_think_true_gemma4_e4b_direct_core_gold_calibrated_v4_think_ctx16384_tok16384_n237,v4_social_signal_experiment_v4_prompt_think_true_gemma4_e4b_direct_core_gold_calibrated_v4_think_ctx16384_tok16384_n237.csv,gemma4:e4b,direct_core_gold_calibrated_v4,237,8532,True,0,0.40,direct_context,500,360,217,143,283,1.518987341772152,0.6027777777777777,0.434,0.5046511627906977,0.32492824692140776,0.4538543968923716,0.8652173913043478,0.9851485148514851,0.9212962962962963,202,230,3,31
v4_social_signal_experiment_v4_prompt_think_true_gemma4_e4b_direct_core_gold_calibrated_v4_think_ctx16384_tok16384_n237,v4_social_signal_experiment_v4_prompt_think_true_gemma4_e4b_direct_core_gold_calibrated_v4_think_ctx16384_tok16384_n237.csv,gemma4:e4b,direct_core_gold_calibrated_v4,237,8532,True,0,0.45,direct_context,500,360,217,143,283,1.518987341772152,0.6027777777777777,0.434,0.5046511627906977,0.32492824692140776,0.4538543968923716,0.8652173913043478,0.9851485148514851,0.9212962962962963,202,230,3,31
v4_social_signal_experiment_v4_prompt_think_true_gemma4_e4b_direct_core_gold_calibrated_v4_think_ctx16384_tok16384_n237,v4_social_signal_experiment_v4_prompt_think_true_gemma4_e4b_direct_core_gold_calibrated_v4_think_ctx16384_tok16384_n237.csv,gemma4:e4b,direct_core_gold_calibrated_v4,237,8532,True,0,0.50,direct_context,500,360,217,143,283,1.518987341772152,0.6027777777777777,0.434,0.5046511627906977,0.32492824692140776,0.4538543968923716,0.8652173913043478,0.9851485148514851,0.9212962962962963,202,230,3,31
v4_social_signal_experiment_v4_prompt_think_true_gemma4_e4b_direct_core_gold_calibrated_v4_think_ctx16384_tok16384_n237,v4_social_signal_experiment_v4_prompt_think_true_gemma4_e4b_direct_core_gold_calibrated_v4_think_ctx16384_tok16384_n237.csv,gemma4:e4b,direct_core_gold_calibrated_v4,237,8532,True,0,0.55,direct_context,500,360,217,143,283,1.518987341772152,0.6027777777777777,0.434,0.5046511627906977,0.32492824692140776,0.4538543968923716,0.8652173913043478,0.9851485148514851,0.9212962962962963,202,230,3,31
v4_social_signal_experiment_v4_prompt_think_true_gemma4_e4b_direct_core_gold_calibrated_v4_think_ctx16384_tok16384_n237,v4_social_signal_experiment_v4_prompt_think_true_gemma4_e4b_direct_core_gold_calibrated_v4_think_ctx16384_tok16384_n237.csv,gemma4:e4b,direct_core_gold_calibrated_v4,237,8532,True,0,0.60,direct_context,500,360,217,143,283,1.518987341772152,0.6027777777777777,0.434,0.5046511627906977,0.32492824692140776,0.4538543968923716,0.8652173913043478,0.9851485148514851,0.9212962962962963,202,230,3,31
v4_social_signal_experiment_v4_prompt_think_true_gemma4_e4b_direct_core_filtered_v3_think_ctx16384_tok16384_n237,v4_social_signal_experiment_v4_prompt_think_true_gemma4_e4b_direct_core_filtered_v3_think_ctx16384_tok16384_n237.csv,gemma4:e4b,direct_core_filtered_v3,237,8532,True,0,0.75,direct_context,500,259,191,68,309,1.0928270042194093,0.7374517374517374,0.382,0.5032938076416338,0.25882917389276455,0.45769539883463933,0.8829787234042553,0.8217821782178217,0.8512820512820513,202,188,36,22
v4_social_signal_experiment_v4_prompt_think_true_gemma4_e4b_gold_mimic_broad_v1_think_ctx16384_tok16384_n237,v4_social_signal_experiment_v4_prompt_think_true_gemma4_e4b_gold_mimic_broad_v1_think_ctx16384_tok16384_n237.csv,gemma4:e4b,gold_mimic_broad_v1,237,8532,True,3,default,direct_context,500,464,240,224,260,1.9578059071729959,0.5172413793103449,0.48,0.4979253112033195,0.38783518107658554,0.44372446587636455,0.8504273504273504,0.9851485148514851,0.9128440366972477,202,234,3,35
v4_social_signal_experiment_v4_prompt_think_true_gemma4_e4b_gold_mimic_broad_v1_think_ctx16384_tok16384_n237,v4_social_signal_experiment_v4_prompt_think_true_gemma4_e4b_gold_mimic_broad_v1_think_ctx16384_tok16384_n237.csv,gemma4:e4b,gold_mimic_broad_v1,237,8532,True,3,0.05,direct_context,500,464,240,224,260,1.9578059071729959,0.5172413793103449,0.48,0.4979253112033195,0.38783518107658554,0.44372446587636455,0.8504273504273504,0.9851485148514851,0.9128440366972477,202,234,3,35
v4_social_signal_experiment_v4_prompt_think_true_gemma4_e4b_gold_mimic_broad_v1_think_ctx16384_tok16384_n237,v4_social_signal_experiment_v4_prompt_think_true_gemma4_e4b_gold_mimic_broad_v1_think_ctx16384_tok16384_n237.csv,gemma4:e4b,gold_mimic_broad_v1,237,8532,True,3,0.10,direct_context,500,464,240,224,260,1.9578059071729959,0.5172413793103449,0.48,0.4979253112033195,0.38783518107658554,0.44372446587636455,0.8504273504273504,0.9851485148514851,0.9128440366972477,202,234,3,35
v4_social_signal_experiment_v4_prompt_think_true_gemma4_e4b_gold_mimic_broad_v1_think_ctx16384_tok16384_n237,v4_social_signal_experiment_v4_prompt_think_true_gemma4_e4b_gold_mimic_broad_v1_think_ctx16384_tok16384_n237.csv,gemma4:e4b,gold_mimic_broad_v1,237,8532,True,3,0.15,direct_context,500,464,240,224,260,1.9578059071729959,0.5172413793103449,0.48,0.4979253112033195,0.38783518107658554,0.44372446587636455,0.8504273504273504,0.9851485148514851,0.9128440366972477,202,234,3,35
v4_social_signal_experiment_v4_prompt_think_true_gemma4_e4b_gold_mimic_broad_v1_think_ctx16384_tok16384_n237,v4_social_signal_experiment_v4_prompt_think_true_gemma4_e4b_gold_mimic_broad_v1_think_ctx16384_tok16384_n237.csv,gemma4:e4b,gold_mimic_broad_v1,237,8532,True,3,0.20,direct_context,500,464,240,224,260,1.9578059071729959,0.5172413793103449,0.48,0.4979253112033195,0.38783518107658554,0.44372446587636455,0.8504273504273504,0.9851485148514851,0.9128440366972477,202,234,3,35
v4_social_signal_experiment_v4_prompt_think_true_gemma4_e4b_gold_mimic_broad_v1_think_ctx16384_tok16384_n237,v4_social_signal_experiment_v4_prompt_think_true_gemma4_e4b_gold_mimic_broad_v1_think_ctx16384_tok16384_n237.csv,gemma4:e4b,gold_mimic_broad_v1,237,8532,True,3,0.25,direct_context,500,464,240,224,260,1.9578059071729959,0.5172413793103449,0.48,0.4979253112033195,0.38783518107658554,0.44372446587636455,0.8504273504273504,0.9851485148514851,0.9128440366972477,202,234,3,35
v4_social_signal_experiment_v4_prompt_think_true_gemma4_e4b_gold_mimic_broad_v1_think_ctx16384_tok16384_n237,v4_social_signal_experiment_v4_prompt_think_true_gemma4_e4b_gold_mimic_broad_v1_think_ctx16384_tok16384_n237.csv,gemma4:e4b,gold_mimic_broad_v1,237,8532,True,3,0.30,direct_context,500,464,240,224,260,1.9578059071729959,0.5172413793103449,0.48,0.4979253112033195,0.38783518107658554,0.44372446587636455,0.8504273504273504,0.9851485148514851,0.9128440366972477,202,234,3,35
v4_social_signal_experiment_v4_prompt_think_true_gemma4_e4b_gold_mimic_broad_v1_think_ctx16384_tok16384_n237,v4_social_signal_experiment_v4_prompt_think_true_gemma4_e4b_gold_mimic_broad_v1_think_ctx16384_tok16384_n237.csv,gemma4:e4b,gold_mimic_broad_v1,237,8532,True,3,0.35,direct_context,500,464,240,224,260,1.9578059071729959,0.5172413793103449,0.48,0.4979253112033195,0.38783518107658554,0.44372446587636455,0.8504273504273504,0.9851485148514851,0.9128440366972477,202,234,3,35
v4_social_signal_experiment_v4_prompt_think_true_gemma4_e4b_gold_mimic_broad_v1_think_ctx16384_tok16384_n237,v4_social_signal_experiment_v4_prompt_think_true_gemma4_e4b_gold_mimic_broad_v1_think_ctx16384_tok16384_n237.csv,gemma4:e4b,gold_mimic_broad_v1,237,8532,True,3,0.40,direct_context,500,464,240,224,260,1.9578059071729959,0.5172413793103449,0.48,0.4979253112033195,0.38783518107658554,0.44372446587636455,0.8504273504273504,0.9851485148514851,0.9128440366972477,202,234,3,35
v4_social_signal_experiment_v4_prompt_think_true_gemma4_e4b_gold_mimic_broad_v1_think_ctx16384_tok16384_n237,v4_social_signal_experiment_v4_prompt_think_true_gemma4_e4b_gold_mimic_broad_v1_think_ctx16384_tok16384_n237.csv,gemma4:e4b,gold_mimic_broad_v1,237,8532,True,3,0.45,direct_context,500,464,240,224,260,1.9578059071729959,0.5172413793103449,0.48,0.4979253112033195,0.38783518107658554,0.44372446587636455,0.8504273504273504,0.9851485148514851,0.9128440366972477,202,234,3,35
v4_social_signal_experiment_v4_prompt_think_true_gemma4_e4b_gold_mimic_broad_v1_think_ctx16384_tok16384_n237,v4_social_signal_experiment_v4_prompt_think_true_gemma4_e4b_gold_mimic_broad_v1_think_ctx16384_tok16384_n237.csv,gemma4:e4b,gold_mimic_broad_v1,237,8532,True,3,0.50,direct_context,500,464,240,224,260,1.9578059071729959,0.5172413793103449,0.48,0.4979253112033195,0.38783518107658554,0.44372446587636455,0.8504273504273504,0.9851485148514851,0.9128440366972477,202,234,3,35
v4_social_signal_experiment_v4_prompt_think_true_gemma4_e4b_gold_mimic_broad_v1_think_ctx16384_tok16384_n237,v4_social_signal_experiment_v4_prompt_think_true_gemma4_e4b_gold_mimic_broad_v1_think_ctx16384_tok16384_n237.csv,gemma4:e4b,gold_mimic_broad_v1,237,8532,True,3,0.55,direct_context,500,464,240,224,260,1.9578059071729959,0.5172413793103449,0.48,0.4979253112033195,0.38783518107658554,0.44372446587636455,0.8504273504273504,0.9851485148514851,0.9128440366972477,202,234,3,35
v4_social_signal_experiment_v4_prompt_think_true_gemma4_e4b_gold_mimic_broad_v1_think_ctx16384_tok16384_n237,v4_social_signal_experiment_v4_prompt_think_true_gemma4_e4b_gold_mimic_broad_v1_think_ctx16384_tok16384_n237.csv,gemma4:e4b,gold_mimic_broad_v1,237,8532,True,3,0.60,direct_context,500,464,240,224,260,1.9578059071729959,0.5172413793103449,0.48,0.4979253112033195,0.38783518107658554,0.44372446587636455,0.8504273504273504,0.9851485148514851,0.9128440366972477,202,234,3,35
v4_social_signal_experiment_v4_prompt_think_true_gemma4_e4b_gold_mimic_broad_v1_think_ctx16384_tok16384_n237,v4_social_signal_experiment_v4_prompt_think_true_gemma4_e4b_gold_mimic_broad_v1_think_ctx16384_tok16384_n237.csv,gemma4:e4b,gold_mimic_broad_v1,237,8532,True,3,0.65,direct_context,500,464,240,224,260,1.9578059071729959,0.5172413793103449,0.48,0.4979253112033195,0.38783518107658554,0.44372446587636455,0.8504273504273504,0.9851485148514851,0.9128440366972477,202,234,3,35
v4_social_signal_experiment_v4_prompt_think_true_gemma4_e4b_gold_mimic_broad_v1_think_ctx16384_tok16384_n237,v4_social_signal_experiment_v4_prompt_think_true_gemma4_e4b_gold_mimic_broad_v1_think_ctx16384_tok16384_n237.csv,gemma4:e4b,gold_mimic_broad_v1,237,8532,True,3,0.70,direct_context,500,464,240,224,260,1.9578059071729959,0.5172413793103449,0.48,0.4979253112033195,0.38783518107658554,0.44372446587636455,0.8504273504273504,0.9851485148514851,0.9128440366972477,202,234,3,35
v4_social_signal_experiment_v4_prompt_think_true_gemma4_e4b_direct_core_recall_v2_think_ctx16384_tok16384_n237,v4_social_signal_experiment_v4_prompt_think_true_gemma4_e4b_direct_core_recall_v2_think_ctx16384_tok16384_n237.csv,gemma4:e4b,direct_core_recall_v2,237,8532,True,2,0.75,direct_context,500,242,184,58,316,1.021097046413502,0.7603305785123967,0.368,0.49595687331536387,0.3050834350508311,0.4847431518317594,0.92,0.7970297029702971,0.8541114058355438,202,175,41,14
v4_social_signal_experiment_v4_prompt_think_true_gemma4_e4b_gold_mimic_broad_v1_think_ctx16384_tok16384_n237,v4_social_signal_experiment_v4_prompt_think_true_gemma4_e4b_gold_mimic_broad_v1_think_ctx16384_tok16384_n237.csv,gemma4:e4b,gold_mimic_broad_v1,237,8532,True,3,0.75,direct_context,500,446,233,213,267,1.8818565400843883,0.5224215246636771,0.466,0.492600422832981,0.3829261139969433,0.4372446587636461,0.8504273504273504,0.9851485148514851,0.9128440366972477,202,234,3,35
v4_social_signal_experiment_v4_prompt_think_true_gemma4_e4b_direct_core_recall_v2_think_ctx16384_tok16384_n237,v4_social_signal_experiment_v4_prompt_think_true_gemma4_e4b_direct_core_recall_v2_think_ctx16384_tok16384_n237.csv,gemma4:e4b,direct_core_recall_v2,237,8532,True,2,0.80,direct_context,500,239,182,57,318,1.0084388185654007,0.7615062761506276,0.364,0.4925575101488498,0.30423043951839623,0.4835576987475722,0.92,0.7970297029702971,0.8541114058355438,202,175,41,14
v4_social_signal_experiment_v4_prompt_think_true_gemma4_e4b_direct_core_gold_calibrated_v4_think_ctx16384_tok16384_n237,v4_social_signal_experiment_v4_prompt_think_true_gemma4_e4b_direct_core_gold_calibrated_v4_think_ctx16384_tok16384_n237.csv,gemma4:e4b,direct_core_gold_calibrated_v4,237,8532,True,0,0.75,direct_context,500,294,195,99,305,1.240506329113924,0.6632653061224489,0.39,0.491183879093199,0.3225241556369869,0.43842006563525554,0.8670212765957447,0.806930693069307,0.8358974358974359,202,188,39,25
v4_social_signal_experiment_v4_prompt_think_true_gemma4_e4b_gold_mimic_broad_v1_think_ctx16384_tok16384_n237,v4_social_signal_experiment_v4_prompt_think_true_gemma4_e4b_gold_mimic_broad_v1_think_ctx16384_tok16384_n237.csv,gemma4:e4b,gold_mimic_broad_v1,237,8532,True,3,0.80,direct_context,500,395,219,176,281,1.6666666666666667,0.5544303797468354,0.438,0.4893854748603352,0.36998403748525854,0.4315015739066372,0.8584474885844748,0.9306930693069307,0.8931116389548693,202,219,14,31
v4_social_signal_experiment_v4_prompt_think_true_gemma4_e4b_direct_core_filtered_v3_think_ctx16384_tok16384_n237,v4_social_signal_experiment_v4_prompt_think_true_gemma4_e4b_direct_core_filtered_v3_think_ctx16384_tok16384_n237.csv,gemma4:e4b,direct_core_filtered_v3,237,8532,True,0,0.80,direct_context,500,226,177,49,323,0.9535864978902954,0.7831858407079646,0.354,0.48760330578512395,0.2552032353453791,0.4668977295559574,0.9096385542168675,0.7475247524752475,0.8206521739130435,202,166,51,15
v4_social_signal_experiment_v4_prompt_think_true_gemma4_e4b_direct_core_clean_fewshot_v6_think_ctx16384_tok16384_n237,v4_social_signal_experiment_v4_prompt_think_true_gemma4_e4b_direct_core_clean_fewshot_v6_think_ctx16384_tok16384_n237.csv,gemma4:e4b,direct_core_clean_fewshot_v6,237,8532,True,2,0.80,direct_context,500,255,184,71,316,1.0759493670886076,0.7215686274509804,0.368,0.48741721854304637,0.24713338950700875,0.4595137633112316,0.8944444444444445,0.7970297029702971,0.8429319371727748,202,180,41,19
v4_social_signal_experiment_v4_prompt_think_true_gemma4_e4b_direct_core_targeted_v7_think_ctx16384_tok16384_n237,v4_social_signal_experiment_v4_prompt_think_true_gemma4_e4b_direct_core_targeted_v7_think_ctx16384_tok16384_n237.csv,gemma4:e4b,direct_core_targeted_v7,237,8532,True,3,0.85,direct_context,500,226,175,51,325,0.9535864978902954,0.7743362831858407,0.35,0.4820936639118457,0.24573407749881002,0.45152702431183445,0.8987341772151899,0.7029702970297029,0.7888888888888889,202,158,60,16
v4_social_signal_experiment_v4_prompt_think_true_gemma4_e4b_direct_core_recall_v2_think_ctx16384_tok16384_n237,v4_social_signal_experiment_v4_prompt_think_true_gemma4_e4b_direct_core_recall_v2_think_ctx16384_tok16384_n237.csv,gemma4:e4b,direct_core_recall_v2,237,8532,True,2,0.85,direct_context,500,225,173,52,327,0.9493670886075949,0.7688888888888888,0.346,0.4772413793103448,0.2884656067901316,0.474857678655147,0.9190751445086706,0.7871287128712872,0.848,202,173,43,14
v4_social_signal_experiment_v4_prompt_think_true_gemma4_e4b_direct_core_gold_calibrated_v4_think_ctx16384_tok16384_n237,v4_social_signal_experiment_v4_prompt_think_true_gemma4_e4b_direct_core_gold_calibrated_v4_think_ctx16384_tok16384_n237.csv,gemma4:e4b,direct_core_gold_calibrated_v4,237,8532,True,0,0.80,direct_context,500,233,168,65,332,0.9831223628691983,0.721030042918455,0.336,0.4583901773533424,0.2875658962242448,0.4275333199383832,0.8875,0.7029702970297029,0.7845303867403315,202,160,60,18
v4_social_signal_experiment_v4_prompt_think_true_gemma4_e4b_direct_core_balanced_v8_think_ctx16384_tok16384_n237,v4_social_signal_experiment_v4_prompt_think_true_gemma4_e4b_direct_core_balanced_v8_think_ctx16384_tok16384_n237.csv,gemma4:e4b,direct_core_balanced_v8,237,8532,True,2,0.85,direct_context,500,220,165,55,335,0.9282700421940928,0.75,0.33,0.4583333333333333,0.21474839406092602,0.4473578460920233,0.9090909090909091,0.693069306930693,0.7865168539325843,202,154,62,14
v4_social_signal_experiment_v4_prompt_think_true_gemma4_e4b_gold_mimic_broad_v1_think_ctx16384_tok16384_n237,v4_social_signal_experiment_v4_prompt_think_true_gemma4_e4b_gold_mimic_broad_v1_think_ctx16384_tok16384_n237.csv,gemma4:e4b,gold_mimic_broad_v1,237,8532,True,3,0.85,direct_context,500,279,175,104,325,1.1772151898734178,0.6272401433691757,0.35,0.4492939666238768,0.2974497342131429,0.4268903623334003,0.8858695652173914,0.806930693069307,0.844559585492228,202,184,39,21
v4_social_signal_experiment_v4_prompt_think_true_gemma4_e4b_direct_business_migration_fixed_think_ctx16384_tok16384_n237,v4_social_signal_experiment_v4_prompt_think_true_gemma4_e4b_direct_business_migration_fixed_think_ctx16384_tok16384_n237.csv,gemma4:e4b,direct_business_migration_fixed,237,8532,True,2,default,direct_context,500,274,173,101,327,1.1561181434599157,0.6313868613138686,0.346,0.4470284237726098,0.2847635624613276,0.412246333132409,0.8726415094339622,0.9158415841584159,0.893719806763285,202,212,17,27
v4_social_signal_experiment_v4_prompt_think_true_gemma4_e4b_direct_business_migration_fixed_think_ctx16384_tok16384_n237,v4_social_signal_experiment_v4_prompt_think_true_gemma4_e4b_direct_business_migration_fixed_think_ctx16384_tok16384_n237.csv,gemma4:e4b,direct_business_migration_fixed,237,8532,True,2,0.05,direct_context,500,274,173,101,327,1.1561181434599157,0.6313868613138686,0.346,0.4470284237726098,0.2847635624613276,0.412246333132409,0.8726415094339622,0.9158415841584159,0.893719806763285,202,212,17,27
v4_social_signal_experiment_v4_prompt_think_true_gemma4_e4b_direct_business_migration_fixed_think_ctx16384_tok16384_n237,v4_social_signal_experiment_v4_prompt_think_true_gemma4_e4b_direct_business_migration_fixed_think_ctx16384_tok16384_n237.csv,gemma4:e4b,direct_business_migration_fixed,237,8532,True,2,0.10,direct_context,500,274,173,101,327,1.1561181434599157,0.6313868613138686,0.346,0.4470284237726098,0.2847635624613276,0.412246333132409,0.8726415094339622,0.9158415841584159,0.893719806763285,202,212,17,27
v4_social_signal_experiment_v4_prompt_think_true_gemma4_e4b_direct_business_migration_fixed_think_ctx16384_tok16384_n237,v4_social_signal_experiment_v4_prompt_think_true_gemma4_e4b_direct_business_migration_fixed_think_ctx16384_tok16384_n237.csv,gemma4:e4b,direct_business_migration_fixed,237,8532,True,2,0.15,direct_context,500,274,173,101,327,1.1561181434599157,0.6313868613138686,0.346,0.4470284237726098,0.2847635624613276,0.412246333132409,0.8726415094339622,0.9158415841584159,0.893719806763285,202,212,17,27
v4_social_signal_experiment_v4_prompt_think_true_gemma4_e4b_direct_business_migration_fixed_think_ctx16384_tok16384_n237,v4_social_signal_experiment_v4_prompt_think_true_gemma4_e4b_direct_business_migration_fixed_think_ctx16384_tok16384_n237.csv,gemma4:e4b,direct_business_migration_fixed,237,8532,True,2,0.20,direct_context,500,274,173,101,327,1.1561181434599157,0.6313868613138686,0.346,0.4470284237726098,0.2847635624613276,0.412246333132409,0.8726415094339622,0.9158415841584159,0.893719806763285,202,212,17,27
v4_social_signal_experiment_v4_prompt_think_true_gemma4_e4b_direct_business_migration_fixed_think_ctx16384_tok16384_n237,v4_social_signal_experiment_v4_prompt_think_true_gemma4_e4b_direct_business_migration_fixed_think_ctx16384_tok16384_n237.csv,gemma4:e4b,direct_business_migration_fixed,237,8532,True,2,0.25,direct_context,500,274,173,101,327,1.1561181434599157,0.6313868613138686,0.346,0.4470284237726098,0.2847635624613276,0.412246333132409,0.8726415094339622,0.9158415841584159,0.893719806763285,202,212,17,27
v4_social_signal_experiment_v4_prompt_think_true_gemma4_e4b_direct_business_migration_fixed_think_ctx16384_tok16384_n237,v4_social_signal_experiment_v4_prompt_think_true_gemma4_e4b_direct_business_migration_fixed_think_ctx16384_tok16384_n237.csv,gemma4:e4b,direct_business_migration_fixed,237,8532,True,2,0.30,direct_context,500,274,173,101,327,1.1561181434599157,0.6313868613138686,0.346,0.4470284237726098,0.2847635624613276,0.412246333132409,0.8726415094339622,0.9158415841584159,0.893719806763285,202,212,17,27
v4_social_signal_experiment_v4_prompt_think_true_gemma4_e4b_direct_business_migration_fixed_think_ctx16384_tok16384_n237,v4_social_signal_experiment_v4_prompt_think_true_gemma4_e4b_direct_business_migration_fixed_think_ctx16384_tok16384_n237.csv,gemma4:e4b,direct_business_migration_fixed,237,8532,True,2,0.35,direct_context,500,274,173,101,327,1.1561181434599157,0.6313868613138686,0.346,0.4470284237726098,0.2847635624613276,0.412246333132409,0.8726415094339622,0.9158415841584159,0.893719806763285,202,212,17,27
v4_social_signal_experiment_v4_prompt_think_true_gemma4_e4b_direct_business_migration_fixed_think_ctx16384_tok16384_n237,v4_social_signal_experiment_v4_prompt_think_true_gemma4_e4b_direct_business_migration_fixed_think_ctx16384_tok16384_n237.csv,gemma4:e4b,direct_business_migration_fixed,237,8532,True,2,0.40,direct_context,500,274,173,101,327,1.1561181434599157,0.6313868613138686,0.346,0.4470284237726098,0.2847635624613276,0.412246333132409,0.8726415094339622,0.9158415841584159,0.893719806763285,202,212,17,27
v4_social_signal_experiment_v4_prompt_think_true_gemma4_e4b_direct_business_migration_fixed_think_ctx16384_tok16384_n237,v4_social_signal_experiment_v4_prompt_think_true_gemma4_e4b_direct_business_migration_fixed_think_ctx16384_tok16384_n237.csv,gemma4:e4b,direct_business_migration_fixed,237,8532,True,2,0.45,direct_context,500,274,173,101,327,1.1561181434599157,0.6313868613138686,0.346,0.4470284237726098,0.2847635624613276,0.412246333132409,0.8726415094339622,0.9158415841584159,0.893719806763285,202,212,17,27
v4_social_signal_experiment_v4_prompt_think_true_gemma4_e4b_direct_business_migration_fixed_think_ctx16384_tok16384_n237,v4_social_signal_experiment_v4_prompt_think_true_gemma4_e4b_direct_business_migration_fixed_think_ctx16384_tok16384_n237.csv,gemma4:e4b,direct_business_migration_fixed,237,8532,True,2,0.50,direct_context,500,274,173,101,327,1.1561181434599157,0.6313868613138686,0.346,0.4470284237726098,0.2847635624613276,0.412246333132409,0.8726415094339622,0.9158415841584159,0.893719806763285,202,212,17,27
v4_social_signal_experiment_v4_prompt_think_true_gemma4_e4b_direct_business_migration_fixed_think_ctx16384_tok16384_n237,v4_social_signal_experiment_v4_prompt_think_true_gemma4_e4b_direct_business_migration_fixed_think_ctx16384_tok16384_n237.csv,gemma4:e4b,direct_business_migration_fixed,237,8532,True,2,0.55,direct_context,500,274,173,101,327,1.1561181434599157,0.6313868613138686,0.346,0.4470284237726098,0.2847635624613276,0.412246333132409,0.8726415094339622,0.9158415841584159,0.893719806763285,202,212,17,27
v4_social_signal_experiment_v4_prompt_think_true_gemma4_e4b_direct_business_migration_fixed_think_ctx16384_tok16384_n237,v4_social_signal_experiment_v4_prompt_think_true_gemma4_e4b_direct_business_migration_fixed_think_ctx16384_tok16384_n237.csv,gemma4:e4b,direct_business_migration_fixed,237,8532,True,2,0.60,direct_context,500,274,173,101,327,1.1561181434599157,0.6313868613138686,0.346,0.4470284237726098,0.2847635624613276,0.412246333132409,0.8726415094339622,0.9158415841584159,0.893719806763285,202,212,17,27
v4_social_signal_experiment_v4_prompt_think_true_gemma4_e4b_direct_core_clean_fewshot_v6_think_ctx16384_tok16384_n237,v4_social_signal_experiment_v4_prompt_think_true_gemma4_e4b_direct_core_clean_fewshot_v6_think_ctx16384_tok16384_n237.csv,gemma4:e4b,direct_core_clean_fewshot_v6,237,8532,True,2,0.85,direct_context,500,217,160,57,340,0.9156118143459916,0.7373271889400922,0.32,0.44630404463040446,0.202328605736482,0.4315049226441631,0.9012345679012346,0.7227722772277227,0.8021978021978022,202,162,56,16
v4_social_signal_experiment_v4_prompt_think_true_gemma4_e4b_direct_business_migration_fixed_think_ctx16384_tok16384_n237,v4_social_signal_experiment_v4_prompt_think_true_gemma4_e4b_direct_business_migration_fixed_think_ctx16384_tok16384_n237.csv,gemma4:e4b,direct_business_migration_fixed,237,8532,True,2,0.65,direct_context,500,268,171,97,329,1.130801687763713,0.6380597014925373,0.342,0.4453125,0.2846911864148377,0.40874355368026255,0.8720379146919431,0.9108910891089109,0.8910411622276029,202,211,18,27
v4_social_signal_experiment_v4_prompt_think_true_gemma4_e4b_direct_business_migration_fixed_think_ctx16384_tok16384_n237,v4_social_signal_experiment_v4_prompt_think_true_gemma4_e4b_direct_business_migration_fixed_think_ctx16384_tok16384_n237.csv,gemma4:e4b,direct_business_migration_fixed,237,8532,True,2,0.70,direct_context,500,268,171,97,329,1.130801687763713,0.6380597014925373,0.342,0.4453125,0.2846911864148377,0.40874355368026255,0.8720379146919431,0.9108910891089109,0.8910411622276029,202,211,18,27
v4_social_signal_experiment_v4_prompt_think_true_gemma4_e4b_direct_core_filtered_v3_think_ctx16384_tok16384_n237,v4_social_signal_experiment_v4_prompt_think_true_gemma4_e4b_direct_core_filtered_v3_think_ctx16384_tok16384_n237.csv,gemma4:e4b,direct_core_filtered_v3,237,8532,True,0,0.85,direct_context,500,174,147,27,353,0.7341772151898734,0.8448275862068966,0.294,0.4362017804154303,0.1992297558312651,0.432579867389994,0.9384615384615385,0.6039603960396039,0.7349397590361446,202,130,80,8
v4_social_signal_experiment_v4_prompt_think_true_gemma4_e4b_direct_core_gold_fewshot_v5_think_ctx16384_tok16384_n237,v4_social_signal_experiment_v4_prompt_think_true_gemma4_e4b_direct_core_gold_fewshot_v5_think_ctx16384_tok16384_n237.csv,gemma4:e4b,direct_core_gold_fewshot_v5,237,8532,True,1,0.90,direct_context,500,183,148,35,352,0.7721518987341772,0.8087431693989071,0.296,0.4333821376281113,0.22859549700205553,0.45545509342977697,0.9379310344827586,0.6732673267326733,0.7838616714697406,202,145,66,9
v4_social_signal_experiment_v4_prompt_think_true_gemma4_e4b_direct_business_migration_fixed_think_ctx16384_tok16384_n237,v4_social_signal_experiment_v4_prompt_think_true_gemma4_e4b_direct_business_migration_fixed_think_ctx16384_tok16384_n237.csv,gemma4:e4b,direct_business_migration_fixed,237,8532,True,2,0.75,direct_context,500,224,156,68,344,0.9451476793248945,0.6964285714285714,0.312,0.430939226519337,0.2706549296722474,0.4129127319000736,0.8913043478260869,0.8118811881188119,0.8497409326424871,202,184,38,20
v4_social_signal_experiment_v4_prompt_think_true_gemma4_e4b_direct_core_gold_calibrated_v4_think_ctx16384_tok16384_n237,v4_social_signal_experiment_v4_prompt_think_true_gemma4_e4b_direct_core_gold_calibrated_v4_think_ctx16384_tok16384_n237.csv,gemma4:e4b,direct_core_gold_calibrated_v4,237,8532,True,0,0.85,direct_context,500,207,151,56,349,0.8734177215189873,0.7294685990338164,0.302,0.42715700141442714,0.231323473787348,0.40672091621458706,0.8904109589041096,0.6435643564356436,0.7471264367816092,202,146,72,16
v4_social_signal_experiment_v4_prompt_think_true_gemma4_e4b_direct_core_clean_fewshot_v6_think_ctx16384_tok16384_n237,v4_social_signal_experiment_v4_prompt_think_true_gemma4_e4b_direct_core_clean_fewshot_v6_think_ctx16384_tok16384_n237.csv,gemma4:e4b,direct_core_clean_fewshot_v6,237,8532,True,2,0.90,direct_context,500,186,145,41,355,0.7848101265822784,0.7795698924731183,0.29,0.4227405247813411,0.18363165202789936,0.42506530038175605,0.9025974025974026,0.6881188118811881,0.7808988764044944,202,154,63,15
v4_social_signal_experiment_v4_prompt_think_true_gemma4_e4b_direct_core_targeted_v7_think_ctx16384_tok16384_n237,v4_social_signal_experiment_v4_prompt_think_true_gemma4_e4b_direct_core_targeted_v7_think_ctx16384_tok16384_n237.csv,gemma4:e4b,direct_core_targeted_v7,237,8532,True,3,0.90,direct_context,500,173,141,32,359,0.729957805907173,0.815028901734104,0.282,0.41901931649331353,0.21258381272408147,0.42964972205478535,0.9264705882352942,0.6237623762376238,0.7455621301775148,202,136,76,10
v4_social_signal_experiment_v4_prompt_think_true_gemma4_e4b_direct_business_migration_fixed_think_ctx16384_tok16384_n237,v4_social_signal_experiment_v4_prompt_think_true_gemma4_e4b_direct_business_migration_fixed_think_ctx16384_tok16384_n237.csv,gemma4:e4b,direct_business_migration_fixed,237,8532,True,2,0.80,direct_context,500,217,150,67,350,0.9156118143459916,0.6912442396313364,0.3,0.41841004184100417,0.2663645196591428,0.40684481950304735,0.8956043956043956,0.806930693069307,0.8489583333333334,202,182,39,19
v4_social_signal_experiment_v4_prompt_think_true_gemma4_e4b_direct_business_migration_fixed_think_ctx16384_tok16384_n237,v4_social_signal_experiment_v4_prompt_think_true_gemma4_e4b_direct_business_migration_fixed_think_ctx16384_tok16384_n237.csv,gemma4:e4b,direct_business_migration_fixed,237,8532,True,2,0.85,direct_context,500,213,148,65,352,0.8987341772151899,0.6948356807511737,0.296,0.41514726507713884,0.265649110911535,0.40499296765119547,0.8950276243093923,0.801980198019802,0.8459530026109661,202,181,40,19
v4_social_signal_experiment_v4_prompt_think_true_gemma4_e4b_direct_core_balanced_v8_think_ctx16384_tok16384_n237,v4_social_signal_experiment_v4_prompt_think_true_gemma4_e4b_direct_core_balanced_v8_think_ctx16384_tok16384_n237.csv,gemma4:e4b,direct_core_balanced_v8,237,8532,True,2,0.90,direct_context,500,182,141,41,359,0.7679324894514767,0.7747252747252747,0.282,0.41348973607038125,0.19258063473460663,0.42401044806108096,0.9130434782608695,0.6237623762376238,0.7411764705882353,202,138,76,12
v4_social_signal_experiment_v4_prompt_think_true_gemma4_e4b_gold_mimic_broad_v1_think_ctx16384_tok16384_n237,v4_social_signal_experiment_v4_prompt_think_true_gemma4_e4b_gold_mimic_broad_v1_think_ctx16384_tok16384_n237.csv,gemma4:e4b,gold_mimic_broad_v1,237,8532,True,3,0.90,direct_context,500,199,141,58,359,0.8396624472573839,0.7085427135678392,0.282,0.4034334763948498,0.2627445272673779,0.4149018819904896,0.92,0.6831683168316832,0.7840909090909091,202,150,64,12
v4_social_signal_experiment_v4_prompt_think_true_gemma4_e4b_direct_brief_thinking_think_ctx16384_tok16384_n237,v4_social_signal_experiment_v4_prompt_think_true_gemma4_e4b_direct_brief_thinking_think_ctx16384_tok16384_n237.csv,gemma4:e4b,direct_brief_thinking,237,8532,True,5,0.65,direct_context,500,286,150,136,350,1.2067510548523206,0.5244755244755245,0.3,0.3816793893129771,0.28311121521993343,0.3412430513696337,0.8558558558558559,0.9405940594059405,0.8962264150943396,202,222,12,32
v4_social_signal_experiment_v4_prompt_think_true_gemma4_e4b_direct_brief_thinking_think_ctx16384_tok16384_n237,v4_social_signal_experiment_v4_prompt_think_true_gemma4_e4b_direct_brief_thinking_think_ctx16384_tok16384_n237.csv,gemma4:e4b,direct_brief_thinking,237,8532,True,5,0.70,direct_context,500,286,150,136,350,1.2067510548523206,0.5244755244755245,0.3,0.3816793893129771,0.28311121521993343,0.3412430513696337,0.8558558558558559,0.9405940594059405,0.8962264150943396,202,222,12,32
v4_social_signal_experiment_v4_prompt_think_true_gemma4_e4b_direct_brief_thinking_think_ctx16384_tok16384_n237,v4_social_signal_experiment_v4_prompt_think_true_gemma4_e4b_direct_brief_thinking_think_ctx16384_tok16384_n237.csv,gemma4:e4b,direct_brief_thinking,237,8532,True,5,default,direct_context,500,293,151,142,349,1.2362869198312236,0.515358361774744,0.302,0.38083228247162676,0.2814601289092852,0.3376331123166566,0.8526785714285714,0.9455445544554455,0.8967136150234741,202,224,11,33
v4_social_signal_experiment_v4_prompt_think_true_gemma4_e4b_direct_brief_thinking_think_ctx16384_tok16384_n237,v4_social_signal_experiment_v4_prompt_think_true_gemma4_e4b_direct_brief_thinking_think_ctx16384_tok16384_n237.csv,gemma4:e4b,direct_brief_thinking,237,8532,True,5,0.05,direct_context,500,293,151,142,349,1.2362869198312236,0.515358361774744,0.302,0.38083228247162676,0.2814601289092852,0.3376331123166566,0.8526785714285714,0.9455445544554455,0.8967136150234741,202,224,11,33
v4_social_signal_experiment_v4_prompt_think_true_gemma4_e4b_direct_brief_thinking_think_ctx16384_tok16384_n237,v4_social_signal_experiment_v4_prompt_think_true_gemma4_e4b_direct_brief_thinking_think_ctx16384_tok16384_n237.csv,gemma4:e4b,direct_brief_thinking,237,8532,True,5,0.10,direct_context,500,293,151,142,349,1.2362869198312236,0.515358361774744,0.302,0.38083228247162676,0.2814601289092852,0.3376331123166566,0.8526785714285714,0.9455445544554455,0.8967136150234741,202,224,11,33
v4_social_signal_experiment_v4_prompt_think_true_gemma4_e4b_direct_brief_thinking_think_ctx16384_tok16384_n237,v4_social_signal_experiment_v4_prompt_think_true_gemma4_e4b_direct_brief_thinking_think_ctx16384_tok16384_n237.csv,gemma4:e4b,direct_brief_thinking,237,8532,True,5,0.15,direct_context,500,293,151,142,349,1.2362869198312236,0.515358361774744,0.302,0.38083228247162676,0.2814601289092852,0.3376331123166566,0.8526785714285714,0.9455445544554455,0.8967136150234741,202,224,11,33
v4_social_signal_experiment_v4_prompt_think_true_gemma4_e4b_direct_brief_thinking_think_ctx16384_tok16384_n237,v4_social_signal_experiment_v4_prompt_think_true_gemma4_e4b_direct_brief_thinking_think_ctx16384_tok16384_n237.csv,gemma4:e4b,direct_brief_thinking,237,8532,True,5,0.20,direct_context,500,293,151,142,349,1.2362869198312236,0.515358361774744,0.302,0.38083228247162676,0.2814601289092852,0.3376331123166566,0.8526785714285714,0.9455445544554455,0.8967136150234741,202,224,11,33
v4_social_signal_experiment_v4_prompt_think_true_gemma4_e4b_direct_brief_thinking_think_ctx16384_tok16384_n237,v4_social_signal_experiment_v4_prompt_think_true_gemma4_e4b_direct_brief_thinking_think_ctx16384_tok16384_n237.csv,gemma4:e4b,direct_brief_thinking,237,8532,True,5,0.25,direct_context,500,293,151,142,349,1.2362869198312236,0.515358361774744,0.302,0.38083228247162676,0.2814601289092852,0.3376331123166566,0.8526785714285714,0.9455445544554455,0.8967136150234741,202,224,11,33
v4_social_signal_experiment_v4_prompt_think_true_gemma4_e4b_direct_brief_thinking_think_ctx16384_tok16384_n237,v4_social_signal_experiment_v4_prompt_think_true_gemma4_e4b_direct_brief_thinking_think_ctx16384_tok16384_n237.csv,gemma4:e4b,direct_brief_thinking,237,8532,True,5,0.30,direct_context,500,293,151,142,349,1.2362869198312236,0.515358361774744,0.302,0.38083228247162676,0.2814601289092852,0.3376331123166566,0.8526785714285714,0.9455445544554455,0.8967136150234741,202,224,11,33
v4_social_signal_experiment_v4_prompt_think_true_gemma4_e4b_direct_brief_thinking_think_ctx16384_tok16384_n237,v4_social_signal_experiment_v4_prompt_think_true_gemma4_e4b_direct_brief_thinking_think_ctx16384_tok16384_n237.csv,gemma4:e4b,direct_brief_thinking,237,8532,True,5,0.35,direct_context,500,293,151,142,349,1.2362869198312236,0.515358361774744,0.302,0.38083228247162676,0.2814601289092852,0.3376331123166566,0.8526785714285714,0.9455445544554455,0.8967136150234741,202,224,11,33
v4_social_signal_experiment_v4_prompt_think_true_gemma4_e4b_direct_brief_thinking_think_ctx16384_tok16384_n237,v4_social_signal_experiment_v4_prompt_think_true_gemma4_e4b_direct_brief_thinking_think_ctx16384_tok16384_n237.csv,gemma4:e4b,direct_brief_thinking,237,8532,True,5,0.40,direct_context,500,293,151,142,349,1.2362869198312236,0.515358361774744,0.302,0.38083228247162676,0.2814601289092852,0.3376331123166566,0.8526785714285714,0.9455445544554455,0.8967136150234741,202,224,11,33
v4_social_signal_experiment_v4_prompt_think_true_gemma4_e4b_direct_brief_thinking_think_ctx16384_tok16384_n237,v4_social_signal_experiment_v4_prompt_think_true_gemma4_e4b_direct_brief_thinking_think_ctx16384_tok16384_n237.csv,gemma4:e4b,direct_brief_thinking,237,8532,True,5,0.45,direct_context,500,293,151,142,349,1.2362869198312236,0.515358361774744,0.302,0.38083228247162676,0.2814601289092852,0.3376331123166566,0.8526785714285714,0.9455445544554455,0.8967136150234741,202,224,11,33
v4_social_signal_experiment_v4_prompt_think_true_gemma4_e4b_direct_brief_thinking_think_ctx16384_tok16384_n237,v4_social_signal_experiment_v4_prompt_think_true_gemma4_e4b_direct_brief_thinking_think_ctx16384_tok16384_n237.csv,gemma4:e4b,direct_brief_thinking,237,8532,True,5,0.50,direct_context,500,293,151,142,349,1.2362869198312236,0.515358361774744,0.302,0.38083228247162676,0.2814601289092852,0.3376331123166566,0.8526785714285714,0.9455445544554455,0.8967136150234741,202,224,11,33
v4_social_signal_experiment_v4_prompt_think_true_gemma4_e4b_direct_brief_thinking_think_ctx16384_tok16384_n237,v4_social_signal_experiment_v4_prompt_think_true_gemma4_e4b_direct_brief_thinking_think_ctx16384_tok16384_n237.csv,gemma4:e4b,direct_brief_thinking,237,8532,True,5,0.55,direct_context,500,293,151,142,349,1.2362869198312236,0.515358361774744,0.302,0.38083228247162676,0.2814601289092852,0.3376331123166566,0.8526785714285714,0.9455445544554455,0.8967136150234741,202,224,11,33
v4_social_signal_experiment_v4_prompt_think_true_gemma4_e4b_direct_brief_thinking_think_ctx16384_tok16384_n237,v4_social_signal_experiment_v4_prompt_think_true_gemma4_e4b_direct_brief_thinking_think_ctx16384_tok16384_n237.csv,gemma4:e4b,direct_brief_thinking,237,8532,True,5,0.60,direct_context,500,293,151,142,349,1.2362869198312236,0.515358361774744,0.302,0.38083228247162676,0.2814601289092852,0.3376331123166566,0.8526785714285714,0.9455445544554455,0.8967136150234741,202,224,11,33
v4_social_signal_experiment_v4_prompt_think_true_gemma4_e4b_direct_core_filtered_v3_think_ctx16384_tok16384_n237,v4_social_signal_experiment_v4_prompt_think_true_gemma4_e4b_direct_core_filtered_v3_think_ctx16384_tok16384_n237.csv,gemma4:e4b,direct_core_filtered_v3,237,8532,True,0,0.90,direct_context,500,142,120,22,380,0.5991561181434599,0.8450704225352113,0.24,0.37383177570093457,0.14340458055364205,0.3890496282901346,0.940677966101695,0.5495049504950495,0.69375,202,118,91,7
v4_social_signal_experiment_v4_prompt_think_true_gemma4_e4b_direct_core_gold_calibrated_v4_think_ctx16384_tok16384_n237,v4_social_signal_experiment_v4_prompt_think_true_gemma4_e4b_direct_core_gold_calibrated_v4_think_ctx16384_tok16384_n237.csv,gemma4:e4b,direct_core_gold_calibrated_v4,237,8532,True,0,0.90,direct_context,500,157,119,38,381,0.6624472573839663,0.7579617834394905,0.238,0.3622526636225266,0.1670927521412167,0.3642254370102471,0.8968253968253969,0.5594059405940595,0.6890243902439024,202,126,89,13
v4_social_signal_experiment_v4_prompt_think_true_gemma4_e4b_direct_brief_thinking_think_ctx16384_tok16384_n237,v4_social_signal_experiment_v4_prompt_think_true_gemma4_e4b_direct_brief_thinking_think_ctx16384_tok16384_n237.csv,gemma4:e4b,direct_brief_thinking,237,8532,True,5,0.75,direct_context,500,213,128,85,372,0.8987341772151899,0.6009389671361502,0.256,0.3590462833099579,0.2817919611341801,0.349507735583685,0.8764044943820225,0.7722772277227723,0.8210526315789474,202,178,46,22
v4_social_signal_experiment_v4_prompt_think_true_gemma4_e4b_direct_brief_thinking_think_ctx16384_tok16384_n237,v4_social_signal_experiment_v4_prompt_think_true_gemma4_e4b_direct_brief_thinking_think_ctx16384_tok16384_n237.csv,gemma4:e4b,direct_brief_thinking,237,8532,True,5,0.80,direct_context,500,213,128,85,372,0.8987341772151899,0.6009389671361502,0.256,0.3590462833099579,0.2817919611341801,0.349507735583685,0.8764044943820225,0.7722772277227723,0.8210526315789474,202,178,46,22
v4_social_signal_experiment_v4_prompt_think_true_gemma4_e4b_direct_brief_thinking_think_ctx16384_tok16384_n237,v4_social_signal_experiment_v4_prompt_think_true_gemma4_e4b_direct_brief_thinking_think_ctx16384_tok16384_n237.csv,gemma4:e4b,direct_brief_thinking,237,8532,True,5,0.85,direct_context,500,206,125,81,375,0.869198312236287,0.6067961165048543,0.25,0.35410764872521244,0.27782909155906566,0.35436340499631636,0.8850574712643678,0.7623762376237624,0.8191489361702128,202,174,48,20
v4_social_signal_experiment_v4_prompt_think_true_gemma4_e4b_direct_core_recall_v2_think_ctx16384_tok16384_n237,v4_social_signal_experiment_v4_prompt_think_true_gemma4_e4b_direct_core_recall_v2_think_ctx16384_tok16384_n237.csv,gemma4:e4b,direct_core_recall_v2,237,8532,True,2,0.90,direct_context,500,108,97,11,403,0.45569620253164556,0.8981481481481481,0.194,0.3190789473684211,0.13662545049099672,0.3530138637733574,0.967032967032967,0.43564356435643564,0.6006825938566553,202,91,114,3
v4_social_signal_experiment_v4_prompt_think_true_gemma4_e2b_direct_core_recall_v2_think_ctx16384_tok16384_n237,v4_social_signal_experiment_v4_prompt_think_true_gemma4_e2b_direct_core_recall_v2_think_ctx16384_tok16384_n237.csv,gemma4:e2b,direct_core_recall_v2,237,8532,True,10,default,direct_context,500,169,102,67,398,0.7130801687763713,0.6035502958579881,0.204,0.30493273542600896,0.18235236657601145,0.3291742013261001,0.8961038961038961,0.6831683168316832,0.7752808988764045,202,154,64,16
v4_social_signal_experiment_v4_prompt_think_true_gemma4_e2b_direct_core_recall_v2_think_ctx16384_tok16384_n237,v4_social_signal_experiment_v4_prompt_think_true_gemma4_e2b_direct_core_recall_v2_think_ctx16384_tok16384_n237.csv,gemma4:e2b,direct_core_recall_v2,237,8532,True,10,0.05,direct_context,500,169,102,67,398,0.7130801687763713,0.6035502958579881,0.204,0.30493273542600896,0.18235236657601145,0.3291742013261001,0.8961038961038961,0.6831683168316832,0.7752808988764045,202,154,64,16
v4_social_signal_experiment_v4_prompt_think_true_gemma4_e2b_direct_core_recall_v2_think_ctx16384_tok16384_n237,v4_social_signal_experiment_v4_prompt_think_true_gemma4_e2b_direct_core_recall_v2_think_ctx16384_tok16384_n237.csv,gemma4:e2b,direct_core_recall_v2,237,8532,True,10,0.10,direct_context,500,169,102,67,398,0.7130801687763713,0.6035502958579881,0.204,0.30493273542600896,0.18235236657601145,0.3291742013261001,0.8961038961038961,0.6831683168316832,0.7752808988764045,202,154,64,16
v4_social_signal_experiment_v4_prompt_think_true_gemma4_e2b_direct_core_recall_v2_think_ctx16384_tok16384_n237,v4_social_signal_experiment_v4_prompt_think_true_gemma4_e2b_direct_core_recall_v2_think_ctx16384_tok16384_n237.csv,gemma4:e2b,direct_core_recall_v2,237,8532,True,10,0.15,direct_context,500,169,102,67,398,0.7130801687763713,0.6035502958579881,0.204,0.30493273542600896,0.18235236657601145,0.3291742013261001,0.8961038961038961,0.6831683168316832,0.7752808988764045,202,154,64,16
v4_social_signal_experiment_v4_prompt_think_true_gemma4_e2b_direct_core_recall_v2_think_ctx16384_tok16384_n237,v4_social_signal_experiment_v4_prompt_think_true_gemma4_e2b_direct_core_recall_v2_think_ctx16384_tok16384_n237.csv,gemma4:e2b,direct_core_recall_v2,237,8532,True,10,0.20,direct_context,500,169,102,67,398,0.7130801687763713,0.6035502958579881,0.204,0.30493273542600896,0.18235236657601145,0.3291742013261001,0.8961038961038961,0.6831683168316832,0.7752808988764045,202,154,64,16
v4_social_signal_experiment_v4_prompt_think_true_gemma4_e2b_direct_core_recall_v2_think_ctx16384_tok16384_n237,v4_social_signal_experiment_v4_prompt_think_true_gemma4_e2b_direct_core_recall_v2_think_ctx16384_tok16384_n237.csv,gemma4:e2b,direct_core_recall_v2,237,8532,True,10,0.25,direct_context,500,169,102,67,398,0.7130801687763713,0.6035502958579881,0.204,0.30493273542600896,0.18235236657601145,0.3291742013261001,0.8961038961038961,0.6831683168316832,0.7752808988764045,202,154,64,16
v4_social_signal_experiment_v4_prompt_think_true_gemma4_e2b_direct_core_recall_v2_think_ctx16384_tok16384_n237,v4_social_signal_experiment_v4_prompt_think_true_gemma4_e2b_direct_core_recall_v2_think_ctx16384_tok16384_n237.csv,gemma4:e2b,direct_core_recall_v2,237,8532,True,10,0.30,direct_context,500,169,102,67,398,0.7130801687763713,0.6035502958579881,0.204,0.30493273542600896,0.18235236657601145,0.3291742013261001,0.8961038961038961,0.6831683168316832,0.7752808988764045,202,154,64,16
v4_social_signal_experiment_v4_prompt_think_true_gemma4_e2b_direct_core_recall_v2_think_ctx16384_tok16384_n237,v4_social_signal_experiment_v4_prompt_think_true_gemma4_e2b_direct_core_recall_v2_think_ctx16384_tok16384_n237.csv,gemma4:e2b,direct_core_recall_v2,237,8532,True,10,0.35,direct_context,500,169,102,67,398,0.7130801687763713,0.6035502958579881,0.204,0.30493273542600896,0.18235236657601145,0.3291742013261001,0.8961038961038961,0.6831683168316832,0.7752808988764045,202,154,64,16
v4_social_signal_experiment_v4_prompt_think_true_gemma4_e2b_direct_core_recall_v2_think_ctx16384_tok16384_n237,v4_social_signal_experiment_v4_prompt_think_true_gemma4_e2b_direct_core_recall_v2_think_ctx16384_tok16384_n237.csv,gemma4:e2b,direct_core_recall_v2,237,8532,True,10,0.40,direct_context,500,169,102,67,398,0.7130801687763713,0.6035502958579881,0.204,0.30493273542600896,0.18235236657601145,0.3291742013261001,0.8961038961038961,0.6831683168316832,0.7752808988764045,202,154,64,16
v4_social_signal_experiment_v4_prompt_think_true_gemma4_e2b_direct_core_recall_v2_think_ctx16384_tok16384_n237,v4_social_signal_experiment_v4_prompt_think_true_gemma4_e2b_direct_core_recall_v2_think_ctx16384_tok16384_n237.csv,gemma4:e2b,direct_core_recall_v2,237,8532,True,10,0.45,direct_context,500,169,102,67,398,0.7130801687763713,0.6035502958579881,0.204,0.30493273542600896,0.18235236657601145,0.3291742013261001,0.8961038961038961,0.6831683168316832,0.7752808988764045,202,154,64,16
v4_social_signal_experiment_v4_prompt_think_true_gemma4_e2b_direct_core_recall_v2_think_ctx16384_tok16384_n237,v4_social_signal_experiment_v4_prompt_think_true_gemma4_e2b_direct_core_recall_v2_think_ctx16384_tok16384_n237.csv,gemma4:e2b,direct_core_recall_v2,237,8532,True,10,0.50,direct_context,500,169,102,67,398,0.7130801687763713,0.6035502958579881,0.204,0.30493273542600896,0.18235236657601145,0.3291742013261001,0.8961038961038961,0.6831683168316832,0.7752808988764045,202,154,64,16
v4_social_signal_experiment_v4_prompt_think_true_gemma4_e2b_direct_core_recall_v2_think_ctx16384_tok16384_n237,v4_social_signal_experiment_v4_prompt_think_true_gemma4_e2b_direct_core_recall_v2_think_ctx16384_tok16384_n237.csv,gemma4:e2b,direct_core_recall_v2,237,8532,True,10,0.55,direct_context,500,169,102,67,398,0.7130801687763713,0.6035502958579881,0.204,0.30493273542600896,0.18235236657601145,0.3291742013261001,0.8961038961038961,0.6831683168316832,0.7752808988764045,202,154,64,16
v4_social_signal_experiment_v4_prompt_think_true_gemma4_e2b_direct_core_recall_v2_think_ctx16384_tok16384_n237,v4_social_signal_experiment_v4_prompt_think_true_gemma4_e2b_direct_core_recall_v2_think_ctx16384_tok16384_n237.csv,gemma4:e2b,direct_core_recall_v2,237,8532,True,10,0.60,direct_context,500,169,102,67,398,0.7130801687763713,0.6035502958579881,0.204,0.30493273542600896,0.18235236657601145,0.3291742013261001,0.8961038961038961,0.6831683168316832,0.7752808988764045,202,154,64,16
v4_social_signal_experiment_v4_prompt_think_true_gemma4_e4b_direct_core_gold_fewshot_v5_think_ctx16384_tok16384_n237,v4_social_signal_experiment_v4_prompt_think_true_gemma4_e4b_direct_core_gold_fewshot_v5_think_ctx16384_tok16384_n237.csv,gemma4:e4b,direct_core_gold_fewshot_v5,237,8532,True,1,0.95,direct_context,500,107,92,15,408,0.45147679324894513,0.8598130841121495,0.184,0.3031301482701812,0.13483968415423833,0.36144263612618044,0.9607843137254902,0.48514851485148514,0.6447368421052632,202,102,104,4
v4_social_signal_experiment_v4_prompt_think_true_gemma4_e2b_direct_core_recall_v2_think_ctx16384_tok16384_n237,v4_social_signal_experiment_v4_prompt_think_true_gemma4_e2b_direct_core_recall_v2_think_ctx16384_tok16384_n237.csv,gemma4:e2b,direct_core_recall_v2,237,8532,True,10,0.65,direct_context,500,162,98,64,402,0.6835443037974683,0.6049382716049383,0.196,0.29607250755287007,0.18143421694124268,0.32143861764114934,0.8979591836734694,0.6534653465346535,0.7564469914040115,202,147,70,15
v4_social_signal_experiment_v4_prompt_think_true_gemma4_e2b_direct_core_recall_v2_think_ctx16384_tok16384_n237,v4_social_signal_experiment_v4_prompt_think_true_gemma4_e2b_direct_core_recall_v2_think_ctx16384_tok16384_n237.csv,gemma4:e2b,direct_core_recall_v2,237,8532,True,10,0.80,direct_context,500,136,89,47,411,0.5738396624472574,0.6544117647058824,0.178,0.279874213836478,0.17920227271033712,0.3137633112316656,0.9016393442622951,0.5445544554455446,0.6790123456790124,202,122,92,12
v4_social_signal_experiment_v4_prompt_think_true_gemma4_e2b_direct_core_recall_v2_think_ctx16384_tok16384_n237,v4_social_signal_experiment_v4_prompt_think_true_gemma4_e2b_direct_core_recall_v2_think_ctx16384_tok16384_n237.csv,gemma4:e2b,direct_core_recall_v2,237,8532,True,10,0.70,direct_context,500,138,89,49,411,0.5822784810126582,0.644927536231884,0.178,0.27899686520376177,0.17803439297102883,0.3137633112316656,0.9032258064516129,0.5544554455445545,0.6871165644171779,202,124,90,12
v4_social_signal_experiment_v4_prompt_think_true_gemma4_e2b_direct_core_recall_v2_think_ctx16384_tok16384_n237,v4_social_signal_experiment_v4_prompt_think_true_gemma4_e2b_direct_core_recall_v2_think_ctx16384_tok16384_n237.csv,gemma4:e2b,direct_core_recall_v2,237,8532,True,10,0.75,direct_context,500,138,89,49,411,0.5822784810126582,0.644927536231884,0.178,0.27899686520376177,0.17803439297102883,0.3137633112316656,0.9032258064516129,0.5544554455445545,0.6871165644171779,202,124,90,12
v4_social_signal_experiment_v4_prompt_think_true_gemma4_e2b_direct_core_recall_v2_think_ctx16384_tok16384_n237,v4_social_signal_experiment_v4_prompt_think_true_gemma4_e2b_direct_core_recall_v2_think_ctx16384_tok16384_n237.csv,gemma4:e2b,direct_core_recall_v2,237,8532,True,10,0.85,direct_context,500,135,88,47,412,0.569620253164557,0.6518518518518519,0.176,0.27716535433070866,0.17842580601566674,0.31263813542294555,0.9016393442622951,0.5445544554455446,0.6790123456790124,202,122,92,12
v4_social_signal_experiment_v4_prompt_think_true_gemma4_e4b_direct_core_targeted_v7_think_ctx16384_tok16384_n237,v4_social_signal_experiment_v4_prompt_think_true_gemma4_e4b_direct_core_targeted_v7_think_ctx16384_tok16384_n237.csv,gemma4:e4b,direct_core_targeted_v7,237,8532,True,3,0.95,direct_context,500,88,74,14,426,0.37130801687763715,0.8409090909090909,0.148,0.25170068027210885,0.11552681829179527,0.3158127385975487,0.9540229885057471,0.41089108910891087,0.5743944636678201,202,87,119,4
v4_social_signal_experiment_v4_prompt_think_true_gemma4_e4b_direct_core_filtered_v3_think_ctx16384_tok16384_n237,v4_social_signal_experiment_v4_prompt_think_true_gemma4_e4b_direct_core_filtered_v3_think_ctx16384_tok16384_n237.csv,gemma4:e4b,direct_core_filtered_v3,237,8532,True,0,0.95,direct_context,500,80,72,8,428,0.33755274261603374,0.9,0.144,0.2482758620689655,0.09896357093562062,0.32272453285111513,1.0,0.38613861386138615,0.5571428571428572,202,78,124,0
v4_social_signal_experiment_v4_prompt_think_true_gemma4_e4b_direct_core_clean_fewshot_v6_think_ctx16384_tok16384_n237,v4_social_signal_experiment_v4_prompt_think_true_gemma4_e4b_direct_core_clean_fewshot_v6_think_ctx16384_tok16384_n237.csv,gemma4:e4b,direct_core_clean_fewshot_v6,237,8532,True,2,0.95,direct_context,500,83,72,11,428,0.350210970464135,0.8674698795180723,0.144,0.2469982847341338,0.11107846932811065,0.31790235081374313,0.963855421686747,0.39603960396039606,0.5614035087719298,202,83,122,3
v4_social_signal_experiment_v4_prompt_think_true_gemma4_e4b_direct_core_gold_calibrated_v4_think_ctx16384_tok16384_n237,v4_social_signal_experiment_v4_prompt_think_true_gemma4_e4b_direct_core_gold_calibrated_v4_think_ctx16384_tok16384_n237.csv,gemma4:e4b,direct_core_gold_calibrated_v4,237,8532,True,0,0.95,direct_context,500,85,68,17,432,0.35864978902953587,0.8,0.136,0.23247863247863249,0.08850631602289094,0.28999397227245327,0.9166666666666666,0.3811881188118812,0.5384615384615384,202,84,125,7
v4_social_signal_experiment_v4_prompt_think_true_gemma4_e4b_direct_core_balanced_v8_think_ctx16384_tok16384_n237,v4_social_signal_experiment_v4_prompt_think_true_gemma4_e4b_direct_core_balanced_v8_think_ctx16384_tok16384_n237.csv,gemma4:e4b,direct_core_balanced_v8,237,8532,True,2,0.95,direct_context,500,73,65,8,435,0.3080168776371308,0.8904109589041096,0.13,0.2268760907504363,0.09670804518996515,0.30052240305404854,0.9846153846153847,0.31683168316831684,0.4794007490636704,202,65,138,1
v4_social_signal_experiment_v4_prompt_think_true_gemma4_e4b_direct_business_migration_fixed_think_ctx16384_tok16384_n237,v4_social_signal_experiment_v4_prompt_think_true_gemma4_e4b_direct_business_migration_fixed_think_ctx16384_tok16384_n237.csv,gemma4:e4b,direct_business_migration_fixed,237,8532,True,2,0.90,direct_context,500,74,63,11,437,0.31223628691983124,0.8513513513513513,0.126,0.21951219512195122,0.09259280901105252,0.2762607996785212,0.9558823529411765,0.3217821782178218,0.48148148148148145,202,68,137,3
v4_social_signal_experiment_v4_prompt_think_true_gemma4_e4b_direct_brief_thinking_think_ctx16384_tok16384_n237,v4_social_signal_experiment_v4_prompt_think_true_gemma4_e4b_direct_brief_thinking_think_ctx16384_tok16384_n237.csv,gemma4:e4b,direct_brief_thinking,237,8532,True,5,0.90,direct_context,500,73,54,19,446,0.3080168776371308,0.7397260273972602,0.108,0.18848167539267016,0.13514108786050896,0.2573236889692586,0.9420289855072463,0.3217821782178218,0.4797047970479705,202,69,137,4
v4_social_signal_experiment_v4_prompt_think_true_gemma4_e2b_direct_core_recall_v2_think_ctx16384_tok16384_n237,v4_social_signal_experiment_v4_prompt_think_true_gemma4_e2b_direct_core_recall_v2_think_ctx16384_tok16384_n237.csv,gemma4:e2b,direct_core_recall_v2,237,8532,True,10,0.90,direct_context,500,42,40,2,460,0.17721518987341772,0.9523809523809523,0.08,0.14760147601476015,0.08950982497218046,0.24263612618042998,0.975609756097561,0.19801980198019803,0.3292181069958848,202,41,162,1
v4_social_signal_experiment_v4_prompt_think_true_gemma4_e4b_direct_core_recall_v2_think_ctx16384_tok16384_n237,v4_social_signal_experiment_v4_prompt_think_true_gemma4_e4b_direct_core_recall_v2_think_ctx16384_tok16384_n237.csv,gemma4:e4b,direct_core_recall_v2,237,8532,True,2,0.95,direct_context,500,41,37,4,463,0.1729957805907173,0.9024390243902439,0.074,0.1367837338262477,0.05005397454882389,0.23771348201727946,1.0,0.20297029702970298,0.3374485596707819,202,41,161,0
v4_social_signal_experiment_v4_prompt_think_true_gemma4_e4b_direct_business_migration_fixed_think_ctx16384_tok16384_n237,v4_social_signal_experiment_v4_prompt_think_true_gemma4_e4b_direct_business_migration_fixed_think_ctx16384_tok16384_n237.csv,gemma4:e4b,direct_business_migration_fixed,237,8532,True,2,0.95,direct_context,500,38,35,3,465,0.16033755274261605,0.9210526315789473,0.07,0.13011152416356878,0.044036454632848526,0.22483423749246537,0.9473684210526315,0.1782178217821782,0.3,202,38,166,2
v4_social_signal_experiment_v4_prompt_think_true_gemma4_e2b_direct_core_recall_v2_think_ctx16384_tok16384_n237,v4_social_signal_experiment_v4_prompt_think_true_gemma4_e2b_direct_core_recall_v2_think_ctx16384_tok16384_n237.csv,gemma4:e2b,direct_core_recall_v2,237,8532,True,10,0.95,direct_context,500,30,28,2,472,0.12658227848101267,0.9333333333333333,0.056,0.10566037735849057,0.07176454504202659,0.21512959614225435,0.9666666666666667,0.14356435643564355,0.25,202,30,173,1
v4_social_signal_experiment_v4_prompt_think_true_gemma4_e4b_direct_brief_thinking_think_ctx16384_tok16384_n237,v4_social_signal_experiment_v4_prompt_think_true_gemma4_e4b_direct_brief_thinking_think_ctx16384_tok16384_n237.csv,gemma4:e4b,direct_brief_thinking,237,8532,True,5,0.95,direct_context,500,15,13,2,487,0.06329113924050633,0.8666666666666667,0.026,0.05048543689320388,0.020449821342678486,0.18045007032348803,1.0,0.07425742574257425,0.1382488479262673,202,15,187,0
v4_social_signal_experiment_v4_prompt_think_true_gemma4_e4b_gold_mimic_broad_v1_think_ctx16384_tok16384_n237,v4_social_signal_experiment_v4_prompt_think_true_gemma4_e4b_gold_mimic_broad_v1_think_ctx16384_tok16384_n237.csv,gemma4:e4b,gold_mimic_broad_v1,237,8532,True,3,0.95,direct_context,500,7,7,0,493,0.029535864978902954,1.0,0.014,0.027613412228796843,0.011099283230430771,0.1630098452883263,1.0,0.034653465346534656,0.06698564593301436,202,7,195,0
v4_social_signal_experiment_v4_prompt_think_true_gemma4_e4b_direct_core_clean_fewshot_v6_think_ctx16384_tok16384_n237,v4_social_signal_experiment_v4_prompt_think_true_gemma4_e4b_direct_core_clean_fewshot_v6_think_ctx16384_tok16384_n237.csv,gemma4:e4b,direct_core_clean_fewshot_v6,237,8532,True,2,0.65,weak,181,380,56,324,125,1.6033755274261603,0.14736842105263157,0.30939226519337015,0.19964349376114082,0.12461922551371254,0.15766526019690577,0.45652173913043476,0.963302752293578,0.6194690265486725,109,230,4,125
v4_social_signal_experiment_v4_prompt_think_true_gemma4_e4b_direct_core_clean_fewshot_v6_think_ctx16384_tok16384_n237,v4_social_signal_experiment_v4_prompt_think_true_gemma4_e4b_direct_core_clean_fewshot_v6_think_ctx16384_tok16384_n237.csv,gemma4:e4b,direct_core_clean_fewshot_v6,237,8532,True,2,0.70,weak,181,380,56,324,125,1.6033755274261603,0.14736842105263157,0.30939226519337015,0.19964349376114082,0.12461922551371254,0.15766526019690577,0.45652173913043476,0.963302752293578,0.6194690265486725,109,230,4,125
v4_social_signal_experiment_v4_prompt_think_true_gemma4_e4b_direct_core_balanced_v8_think_ctx16384_tok16384_n237,v4_social_signal_experiment_v4_prompt_think_true_gemma4_e4b_direct_core_balanced_v8_think_ctx16384_tok16384_n237.csv,gemma4:e4b,direct_core_balanced_v8,237,8532,True,2,default,weak,181,371,55,316,126,1.5654008438818565,0.14824797843665768,0.30386740331491713,0.19927536231884058,0.10755309370609974,0.1667470363672895,0.45701357466063347,0.926605504587156,0.6121212121212121,109,221,8,120
v4_social_signal_experiment_v4_prompt_think_true_gemma4_e4b_direct_core_balanced_v8_think_ctx16384_tok16384_n237,v4_social_signal_experiment_v4_prompt_think_true_gemma4_e4b_direct_core_balanced_v8_think_ctx16384_tok16384_n237.csv,gemma4:e4b,direct_core_balanced_v8,237,8532,True,2,0.05,weak,181,371,55,316,126,1.5654008438818565,0.14824797843665768,0.30386740331491713,0.19927536231884058,0.10755309370609974,0.1667470363672895,0.45701357466063347,0.926605504587156,0.6121212121212121,109,221,8,120
v4_social_signal_experiment_v4_prompt_think_true_gemma4_e4b_direct_core_balanced_v8_think_ctx16384_tok16384_n237,v4_social_signal_experiment_v4_prompt_think_true_gemma4_e4b_direct_core_balanced_v8_think_ctx16384_tok16384_n237.csv,gemma4:e4b,direct_core_balanced_v8,237,8532,True,2,0.10,weak,181,371,55,316,126,1.5654008438818565,0.14824797843665768,0.30386740331491713,0.19927536231884058,0.10755309370609974,0.1667470363672895,0.45701357466063347,0.926605504587156,0.6121212121212121,109,221,8,120
v4_social_signal_experiment_v4_prompt_think_true_gemma4_e4b_direct_core_balanced_v8_think_ctx16384_tok16384_n237,v4_social_signal_experiment_v4_prompt_think_true_gemma4_e4b_direct_core_balanced_v8_think_ctx16384_tok16384_n237.csv,gemma4:e4b,direct_core_balanced_v8,237,8532,True,2,0.15,weak,181,371,55,316,126,1.5654008438818565,0.14824797843665768,0.30386740331491713,0.19927536231884058,0.10755309370609974,0.1667470363672895,0.45701357466063347,0.926605504587156,0.6121212121212121,109,221,8,120
v4_social_signal_experiment_v4_prompt_think_true_gemma4_e4b_direct_core_balanced_v8_think_ctx16384_tok16384_n237,v4_social_signal_experiment_v4_prompt_think_true_gemma4_e4b_direct_core_balanced_v8_think_ctx16384_tok16384_n237.csv,gemma4:e4b,direct_core_balanced_v8,237,8532,True,2,0.20,weak,181,371,55,316,126,1.5654008438818565,0.14824797843665768,0.30386740331491713,0.19927536231884058,0.10755309370609974,0.1667470363672895,0.45701357466063347,0.926605504587156,0.6121212121212121,109,221,8,120
v4_social_signal_experiment_v4_prompt_think_true_gemma4_e4b_direct_core_balanced_v8_think_ctx16384_tok16384_n237,v4_social_signal_experiment_v4_prompt_think_true_gemma4_e4b_direct_core_balanced_v8_think_ctx16384_tok16384_n237.csv,gemma4:e4b,direct_core_balanced_v8,237,8532,True,2,0.25,weak,181,371,55,316,126,1.5654008438818565,0.14824797843665768,0.30386740331491713,0.19927536231884058,0.10755309370609974,0.1667470363672895,0.45701357466063347,0.926605504587156,0.6121212121212121,109,221,8,120
v4_social_signal_experiment_v4_prompt_think_true_gemma4_e4b_direct_core_balanced_v8_think_ctx16384_tok16384_n237,v4_social_signal_experiment_v4_prompt_think_true_gemma4_e4b_direct_core_balanced_v8_think_ctx16384_tok16384_n237.csv,gemma4:e4b,direct_core_balanced_v8,237,8532,True,2,0.30,weak,181,371,55,316,126,1.5654008438818565,0.14824797843665768,0.30386740331491713,0.19927536231884058,0.10755309370609974,0.1667470363672895,0.45701357466063347,0.926605504587156,0.6121212121212121,109,221,8,120
v4_social_signal_experiment_v4_prompt_think_true_gemma4_e4b_direct_core_balanced_v8_think_ctx16384_tok16384_n237,v4_social_signal_experiment_v4_prompt_think_true_gemma4_e4b_direct_core_balanced_v8_think_ctx16384_tok16384_n237.csv,gemma4:e4b,direct_core_balanced_v8,237,8532,True,2,0.35,weak,181,371,55,316,126,1.5654008438818565,0.14824797843665768,0.30386740331491713,0.19927536231884058,0.10755309370609974,0.1667470363672895,0.45701357466063347,0.926605504587156,0.6121212121212121,109,221,8,120
v4_social_signal_experiment_v4_prompt_think_true_gemma4_e4b_direct_core_balanced_v8_think_ctx16384_tok16384_n237,v4_social_signal_experiment_v4_prompt_think_true_gemma4_e4b_direct_core_balanced_v8_think_ctx16384_tok16384_n237.csv,gemma4:e4b,direct_core_balanced_v8,237,8532,True,2,0.40,weak,181,371,55,316,126,1.5654008438818565,0.14824797843665768,0.30386740331491713,0.19927536231884058,0.10755309370609974,0.1667470363672895,0.45701357466063347,0.926605504587156,0.6121212121212121,109,221,8,120
v4_social_signal_experiment_v4_prompt_think_true_gemma4_e4b_direct_core_balanced_v8_think_ctx16384_tok16384_n237,v4_social_signal_experiment_v4_prompt_think_true_gemma4_e4b_direct_core_balanced_v8_think_ctx16384_tok16384_n237.csv,gemma4:e4b,direct_core_balanced_v8,237,8532,True,2,0.45,weak,181,371,55,316,126,1.5654008438818565,0.14824797843665768,0.30386740331491713,0.19927536231884058,0.10755309370609974,0.1667470363672895,0.45701357466063347,0.926605504587156,0.6121212121212121,109,221,8,120
v4_social_signal_experiment_v4_prompt_think_true_gemma4_e4b_direct_core_balanced_v8_think_ctx16384_tok16384_n237,v4_social_signal_experiment_v4_prompt_think_true_gemma4_e4b_direct_core_balanced_v8_think_ctx16384_tok16384_n237.csv,gemma4:e4b,direct_core_balanced_v8,237,8532,True,2,0.50,weak,181,371,55,316,126,1.5654008438818565,0.14824797843665768,0.30386740331491713,0.19927536231884058,0.10755309370609974,0.1667470363672895,0.45701357466063347,0.926605504587156,0.6121212121212121,109,221,8,120
v4_social_signal_experiment_v4_prompt_think_true_gemma4_e4b_direct_core_balanced_v8_think_ctx16384_tok16384_n237,v4_social_signal_experiment_v4_prompt_think_true_gemma4_e4b_direct_core_balanced_v8_think_ctx16384_tok16384_n237.csv,gemma4:e4b,direct_core_balanced_v8,237,8532,True,2,0.55,weak,181,371,55,316,126,1.5654008438818565,0.14824797843665768,0.30386740331491713,0.19927536231884058,0.10755309370609974,0.1667470363672895,0.45701357466063347,0.926605504587156,0.6121212121212121,109,221,8,120
v4_social_signal_experiment_v4_prompt_think_true_gemma4_e4b_direct_core_balanced_v8_think_ctx16384_tok16384_n237,v4_social_signal_experiment_v4_prompt_think_true_gemma4_e4b_direct_core_balanced_v8_think_ctx16384_tok16384_n237.csv,gemma4:e4b,direct_core_balanced_v8,237,8532,True,2,0.60,weak,181,371,55,316,126,1.5654008438818565,0.14824797843665768,0.30386740331491713,0.19927536231884058,0.10755309370609974,0.1667470363672895,0.45701357466063347,0.926605504587156,0.6121212121212121,109,221,8,120
v4_social_signal_experiment_v4_prompt_think_true_gemma4_e4b_direct_core_clean_fewshot_v6_think_ctx16384_tok16384_n237,v4_social_signal_experiment_v4_prompt_think_true_gemma4_e4b_direct_core_clean_fewshot_v6_think_ctx16384_tok16384_n237.csv,gemma4:e4b,direct_core_clean_fewshot_v6,237,8532,True,2,default,weak,181,382,56,326,125,1.6118143459915613,0.14659685863874344,0.30939226519337015,0.1989342806394316,0.12452282868929937,0.15766526019690577,0.45652173913043476,0.963302752293578,0.6194690265486725,109,230,4,125
v4_social_signal_experiment_v4_prompt_think_true_gemma4_e4b_direct_core_clean_fewshot_v6_think_ctx16384_tok16384_n237,v4_social_signal_experiment_v4_prompt_think_true_gemma4_e4b_direct_core_clean_fewshot_v6_think_ctx16384_tok16384_n237.csv,gemma4:e4b,direct_core_clean_fewshot_v6,237,8532,True,2,0.05,weak,181,382,56,326,125,1.6118143459915613,0.14659685863874344,0.30939226519337015,0.1989342806394316,0.12452282868929937,0.15766526019690577,0.45652173913043476,0.963302752293578,0.6194690265486725,109,230,4,125
v4_social_signal_experiment_v4_prompt_think_true_gemma4_e4b_direct_core_clean_fewshot_v6_think_ctx16384_tok16384_n237,v4_social_signal_experiment_v4_prompt_think_true_gemma4_e4b_direct_core_clean_fewshot_v6_think_ctx16384_tok16384_n237.csv,gemma4:e4b,direct_core_clean_fewshot_v6,237,8532,True,2,0.10,weak,181,382,56,326,125,1.6118143459915613,0.14659685863874344,0.30939226519337015,0.1989342806394316,0.12452282868929937,0.15766526019690577,0.45652173913043476,0.963302752293578,0.6194690265486725,109,230,4,125
v4_social_signal_experiment_v4_prompt_think_true_gemma4_e4b_direct_core_clean_fewshot_v6_think_ctx16384_tok16384_n237,v4_social_signal_experiment_v4_prompt_think_true_gemma4_e4b_direct_core_clean_fewshot_v6_think_ctx16384_tok16384_n237.csv,gemma4:e4b,direct_core_clean_fewshot_v6,237,8532,True,2,0.15,weak,181,382,56,326,125,1.6118143459915613,0.14659685863874344,0.30939226519337015,0.1989342806394316,0.12452282868929937,0.15766526019690577,0.45652173913043476,0.963302752293578,0.6194690265486725,109,230,4,125
v4_social_signal_experiment_v4_prompt_think_true_gemma4_e4b_direct_core_clean_fewshot_v6_think_ctx16384_tok16384_n237,v4_social_signal_experiment_v4_prompt_think_true_gemma4_e4b_direct_core_clean_fewshot_v6_think_ctx16384_tok16384_n237.csv,gemma4:e4b,direct_core_clean_fewshot_v6,237,8532,True,2,0.20,weak,181,382,56,326,125,1.6118143459915613,0.14659685863874344,0.30939226519337015,0.1989342806394316,0.12452282868929937,0.15766526019690577,0.45652173913043476,0.963302752293578,0.6194690265486725,109,230,4,125
v4_social_signal_experiment_v4_prompt_think_true_gemma4_e4b_direct_core_clean_fewshot_v6_think_ctx16384_tok16384_n237,v4_social_signal_experiment_v4_prompt_think_true_gemma4_e4b_direct_core_clean_fewshot_v6_think_ctx16384_tok16384_n237.csv,gemma4:e4b,direct_core_clean_fewshot_v6,237,8532,True,2,0.25,weak,181,382,56,326,125,1.6118143459915613,0.14659685863874344,0.30939226519337015,0.1989342806394316,0.12452282868929937,0.15766526019690577,0.45652173913043476,0.963302752293578,0.6194690265486725,109,230,4,125
v4_social_signal_experiment_v4_prompt_think_true_gemma4_e4b_direct_core_clean_fewshot_v6_think_ctx16384_tok16384_n237,v4_social_signal_experiment_v4_prompt_think_true_gemma4_e4b_direct_core_clean_fewshot_v6_think_ctx16384_tok16384_n237.csv,gemma4:e4b,direct_core_clean_fewshot_v6,237,8532,True,2,0.30,weak,181,382,56,326,125,1.6118143459915613,0.14659685863874344,0.30939226519337015,0.1989342806394316,0.12452282868929937,0.15766526019690577,0.45652173913043476,0.963302752293578,0.6194690265486725,109,230,4,125
v4_social_signal_experiment_v4_prompt_think_true_gemma4_e4b_direct_core_clean_fewshot_v6_think_ctx16384_tok16384_n237,v4_social_signal_experiment_v4_prompt_think_true_gemma4_e4b_direct_core_clean_fewshot_v6_think_ctx16384_tok16384_n237.csv,gemma4:e4b,direct_core_clean_fewshot_v6,237,8532,True,2,0.35,weak,181,382,56,326,125,1.6118143459915613,0.14659685863874344,0.30939226519337015,0.1989342806394316,0.12452282868929937,0.15766526019690577,0.45652173913043476,0.963302752293578,0.6194690265486725,109,230,4,125
v4_social_signal_experiment_v4_prompt_think_true_gemma4_e4b_direct_core_clean_fewshot_v6_think_ctx16384_tok16384_n237,v4_social_signal_experiment_v4_prompt_think_true_gemma4_e4b_direct_core_clean_fewshot_v6_think_ctx16384_tok16384_n237.csv,gemma4:e4b,direct_core_clean_fewshot_v6,237,8532,True,2,0.40,weak,181,382,56,326,125,1.6118143459915613,0.14659685863874344,0.30939226519337015,0.1989342806394316,0.12452282868929937,0.15766526019690577,0.45652173913043476,0.963302752293578,0.6194690265486725,109,230,4,125
v4_social_signal_experiment_v4_prompt_think_true_gemma4_e4b_direct_core_clean_fewshot_v6_think_ctx16384_tok16384_n237,v4_social_signal_experiment_v4_prompt_think_true_gemma4_e4b_direct_core_clean_fewshot_v6_think_ctx16384_tok16384_n237.csv,gemma4:e4b,direct_core_clean_fewshot_v6,237,8532,True,2,0.45,weak,181,382,56,326,125,1.6118143459915613,0.14659685863874344,0.30939226519337015,0.1989342806394316,0.12452282868929937,0.15766526019690577,0.45652173913043476,0.963302752293578,0.6194690265486725,109,230,4,125
v4_social_signal_experiment_v4_prompt_think_true_gemma4_e4b_direct_core_clean_fewshot_v6_think_ctx16384_tok16384_n237,v4_social_signal_experiment_v4_prompt_think_true_gemma4_e4b_direct_core_clean_fewshot_v6_think_ctx16384_tok16384_n237.csv,gemma4:e4b,direct_core_clean_fewshot_v6,237,8532,True,2,0.50,weak,181,382,56,326,125,1.6118143459915613,0.14659685863874344,0.30939226519337015,0.1989342806394316,0.12452282868929937,0.15766526019690577,0.45652173913043476,0.963302752293578,0.6194690265486725,109,230,4,125
v4_social_signal_experiment_v4_prompt_think_true_gemma4_e4b_direct_core_clean_fewshot_v6_think_ctx16384_tok16384_n237,v4_social_signal_experiment_v4_prompt_think_true_gemma4_e4b_direct_core_clean_fewshot_v6_think_ctx16384_tok16384_n237.csv,gemma4:e4b,direct_core_clean_fewshot_v6,237,8532,True,2,0.55,weak,181,382,56,326,125,1.6118143459915613,0.14659685863874344,0.30939226519337015,0.1989342806394316,0.12452282868929937,0.15766526019690577,0.45652173913043476,0.963302752293578,0.6194690265486725,109,230,4,125
v4_social_signal_experiment_v4_prompt_think_true_gemma4_e4b_direct_core_clean_fewshot_v6_think_ctx16384_tok16384_n237,v4_social_signal_experiment_v4_prompt_think_true_gemma4_e4b_direct_core_clean_fewshot_v6_think_ctx16384_tok16384_n237.csv,gemma4:e4b,direct_core_clean_fewshot_v6,237,8532,True,2,0.60,weak,181,382,56,326,125,1.6118143459915613,0.14659685863874344,0.30939226519337015,0.1989342806394316,0.12452282868929937,0.15766526019690577,0.45652173913043476,0.963302752293578,0.6194690265486725,109,230,4,125
v4_social_signal_experiment_v4_prompt_think_true_gemma4_e4b_direct_core_balanced_v8_think_ctx16384_tok16384_n237,v4_social_signal_experiment_v4_prompt_think_true_gemma4_e4b_direct_core_balanced_v8_think_ctx16384_tok16384_n237.csv,gemma4:e4b,direct_core_balanced_v8,237,8532,True,2,0.65,weak,181,367,54,313,127,1.5485232067510548,0.14713896457765668,0.2983425414364641,0.19708029197080293,0.10738510070940412,0.16777175005023104,0.45701357466063347,0.926605504587156,0.6121212121212121,109,221,8,120
v4_social_signal_experiment_v4_prompt_think_true_gemma4_e4b_direct_core_balanced_v8_think_ctx16384_tok16384_n237,v4_social_signal_experiment_v4_prompt_think_true_gemma4_e4b_direct_core_balanced_v8_think_ctx16384_tok16384_n237.csv,gemma4:e4b,direct_core_balanced_v8,237,8532,True,2,0.70,weak,181,367,54,313,127,1.5485232067510548,0.14713896457765668,0.2983425414364641,0.19708029197080293,0.10738510070940412,0.16777175005023104,0.45701357466063347,0.926605504587156,0.6121212121212121,109,221,8,120
v4_social_signal_experiment_v4_prompt_think_true_gemma4_e4b_direct_core_targeted_v7_think_ctx16384_tok16384_n237,v4_social_signal_experiment_v4_prompt_think_true_gemma4_e4b_direct_core_targeted_v7_think_ctx16384_tok16384_n237.csv,gemma4:e4b,direct_core_targeted_v7,237,8532,True,3,default,weak,181,351,52,299,129,1.481012658227848,0.14814814814814814,0.287292817679558,0.19548872180451127,0.16539703262311203,0.15649989953787424,0.45495495495495497,0.926605504587156,0.6102719033232629,109,222,8,121
v4_social_signal_experiment_v4_prompt_think_true_gemma4_e4b_direct_core_targeted_v7_think_ctx16384_tok16384_n237,v4_social_signal_experiment_v4_prompt_think_true_gemma4_e4b_direct_core_targeted_v7_think_ctx16384_tok16384_n237.csv,gemma4:e4b,direct_core_targeted_v7,237,8532,True,3,0.05,weak,181,351,52,299,129,1.481012658227848,0.14814814814814814,0.287292817679558,0.19548872180451127,0.16539703262311203,0.15649989953787424,0.45495495495495497,0.926605504587156,0.6102719033232629,109,222,8,121
v4_social_signal_experiment_v4_prompt_think_true_gemma4_e4b_direct_core_targeted_v7_think_ctx16384_tok16384_n237,v4_social_signal_experiment_v4_prompt_think_true_gemma4_e4b_direct_core_targeted_v7_think_ctx16384_tok16384_n237.csv,gemma4:e4b,direct_core_targeted_v7,237,8532,True,3,0.10,weak,181,351,52,299,129,1.481012658227848,0.14814814814814814,0.287292817679558,0.19548872180451127,0.16539703262311203,0.15649989953787424,0.45495495495495497,0.926605504587156,0.6102719033232629,109,222,8,121
v4_social_signal_experiment_v4_prompt_think_true_gemma4_e4b_direct_core_targeted_v7_think_ctx16384_tok16384_n237,v4_social_signal_experiment_v4_prompt_think_true_gemma4_e4b_direct_core_targeted_v7_think_ctx16384_tok16384_n237.csv,gemma4:e4b,direct_core_targeted_v7,237,8532,True,3,0.15,weak,181,351,52,299,129,1.481012658227848,0.14814814814814814,0.287292817679558,0.19548872180451127,0.16539703262311203,0.15649989953787424,0.45495495495495497,0.926605504587156,0.6102719033232629,109,222,8,121
v4_social_signal_experiment_v4_prompt_think_true_gemma4_e4b_direct_core_targeted_v7_think_ctx16384_tok16384_n237,v4_social_signal_experiment_v4_prompt_think_true_gemma4_e4b_direct_core_targeted_v7_think_ctx16384_tok16384_n237.csv,gemma4:e4b,direct_core_targeted_v7,237,8532,True,3,0.20,weak,181,351,52,299,129,1.481012658227848,0.14814814814814814,0.287292817679558,0.19548872180451127,0.16539703262311203,0.15649989953787424,0.45495495495495497,0.926605504587156,0.6102719033232629,109,222,8,121
v4_social_signal_experiment_v4_prompt_think_true_gemma4_e4b_direct_core_targeted_v7_think_ctx16384_tok16384_n237,v4_social_signal_experiment_v4_prompt_think_true_gemma4_e4b_direct_core_targeted_v7_think_ctx16384_tok16384_n237.csv,gemma4:e4b,direct_core_targeted_v7,237,8532,True,3,0.25,weak,181,351,52,299,129,1.481012658227848,0.14814814814814814,0.287292817679558,0.19548872180451127,0.16539703262311203,0.15649989953787424,0.45495495495495497,0.926605504587156,0.6102719033232629,109,222,8,121
v4_social_signal_experiment_v4_prompt_think_true_gemma4_e4b_direct_core_targeted_v7_think_ctx16384_tok16384_n237,v4_social_signal_experiment_v4_prompt_think_true_gemma4_e4b_direct_core_targeted_v7_think_ctx16384_tok16384_n237.csv,gemma4:e4b,direct_core_targeted_v7,237,8532,True,3,0.30,weak,181,351,52,299,129,1.481012658227848,0.14814814814814814,0.287292817679558,0.19548872180451127,0.16539703262311203,0.15649989953787424,0.45495495495495497,0.926605504587156,0.6102719033232629,109,222,8,121
v4_social_signal_experiment_v4_prompt_think_true_gemma4_e4b_direct_core_targeted_v7_think_ctx16384_tok16384_n237,v4_social_signal_experiment_v4_prompt_think_true_gemma4_e4b_direct_core_targeted_v7_think_ctx16384_tok16384_n237.csv,gemma4:e4b,direct_core_targeted_v7,237,8532,True,3,0.35,weak,181,351,52,299,129,1.481012658227848,0.14814814814814814,0.287292817679558,0.19548872180451127,0.16539703262311203,0.15649989953787424,0.45495495495495497,0.926605504587156,0.6102719033232629,109,222,8,121
v4_social_signal_experiment_v4_prompt_think_true_gemma4_e4b_direct_core_targeted_v7_think_ctx16384_tok16384_n237,v4_social_signal_experiment_v4_prompt_think_true_gemma4_e4b_direct_core_targeted_v7_think_ctx16384_tok16384_n237.csv,gemma4:e4b,direct_core_targeted_v7,237,8532,True,3,0.40,weak,181,351,52,299,129,1.481012658227848,0.14814814814814814,0.287292817679558,0.19548872180451127,0.16539703262311203,0.15649989953787424,0.45495495495495497,0.926605504587156,0.6102719033232629,109,222,8,121
v4_social_signal_experiment_v4_prompt_think_true_gemma4_e4b_direct_core_targeted_v7_think_ctx16384_tok16384_n237,v4_social_signal_experiment_v4_prompt_think_true_gemma4_e4b_direct_core_targeted_v7_think_ctx16384_tok16384_n237.csv,gemma4:e4b,direct_core_targeted_v7,237,8532,True,3,0.45,weak,181,351,52,299,129,1.481012658227848,0.14814814814814814,0.287292817679558,0.19548872180451127,0.16539703262311203,0.15649989953787424,0.45495495495495497,0.926605504587156,0.6102719033232629,109,222,8,121
v4_social_signal_experiment_v4_prompt_think_true_gemma4_e4b_direct_core_targeted_v7_think_ctx16384_tok16384_n237,v4_social_signal_experiment_v4_prompt_think_true_gemma4_e4b_direct_core_targeted_v7_think_ctx16384_tok16384_n237.csv,gemma4:e4b,direct_core_targeted_v7,237,8532,True,3,0.50,weak,181,351,52,299,129,1.481012658227848,0.14814814814814814,0.287292817679558,0.19548872180451127,0.16539703262311203,0.15649989953787424,0.45495495495495497,0.926605504587156,0.6102719033232629,109,222,8,121
v4_social_signal_experiment_v4_prompt_think_true_gemma4_e4b_direct_core_targeted_v7_think_ctx16384_tok16384_n237,v4_social_signal_experiment_v4_prompt_think_true_gemma4_e4b_direct_core_targeted_v7_think_ctx16384_tok16384_n237.csv,gemma4:e4b,direct_core_targeted_v7,237,8532,True,3,0.55,weak,181,351,52,299,129,1.481012658227848,0.14814814814814814,0.287292817679558,0.19548872180451127,0.16539703262311203,0.15649989953787424,0.45495495495495497,0.926605504587156,0.6102719033232629,109,222,8,121
v4_social_signal_experiment_v4_prompt_think_true_gemma4_e4b_direct_core_targeted_v7_think_ctx16384_tok16384_n237,v4_social_signal_experiment_v4_prompt_think_true_gemma4_e4b_direct_core_targeted_v7_think_ctx16384_tok16384_n237.csv,gemma4:e4b,direct_core_targeted_v7,237,8532,True,3,0.60,weak,181,351,52,299,129,1.481012658227848,0.14814814814814814,0.287292817679558,0.19548872180451127,0.16539703262311203,0.15649989953787424,0.45495495495495497,0.926605504587156,0.6102719033232629,109,222,8,121
v4_social_signal_experiment_v4_prompt_think_true_gemma4_e4b_direct_core_balanced_v8_think_ctx16384_tok16384_n237,v4_social_signal_experiment_v4_prompt_think_true_gemma4_e4b_direct_core_balanced_v8_think_ctx16384_tok16384_n237.csv,gemma4:e4b,direct_core_balanced_v8,237,8532,True,2,0.75,weak,181,341,51,290,130,1.4388185654008439,0.1495601173020528,0.281767955801105,0.19540229885057472,0.10852390355226929,0.1783001808318264,0.463302752293578,0.926605504587156,0.617737003058104,109,218,8,117
v4_social_signal_experiment_v4_prompt_think_true_gemma4_e4b_direct_core_targeted_v7_think_ctx16384_tok16384_n237,v4_social_signal_experiment_v4_prompt_think_true_gemma4_e4b_direct_core_targeted_v7_think_ctx16384_tok16384_n237.csv,gemma4:e4b,direct_core_targeted_v7,237,8532,True,3,0.65,weak,181,348,51,297,130,1.4683544303797469,0.14655172413793102,0.281767955801105,0.19281663516068054,0.11994248716856659,0.15593731163351415,0.45495495495495497,0.926605504587156,0.6102719033232629,109,222,8,121
v4_social_signal_experiment_v4_prompt_think_true_gemma4_e4b_direct_core_targeted_v7_think_ctx16384_tok16384_n237,v4_social_signal_experiment_v4_prompt_think_true_gemma4_e4b_direct_core_targeted_v7_think_ctx16384_tok16384_n237.csv,gemma4:e4b,direct_core_targeted_v7,237,8532,True,3,0.70,weak,181,348,51,297,130,1.4683544303797469,0.14655172413793102,0.281767955801105,0.19281663516068054,0.11994248716856659,0.15593731163351415,0.45495495495495497,0.926605504587156,0.6102719033232629,109,222,8,121
v4_social_signal_experiment_v4_prompt_think_true_gemma4_e4b_gold_mimic_broad_v1_think_ctx16384_tok16384_n237,v4_social_signal_experiment_v4_prompt_think_true_gemma4_e4b_gold_mimic_broad_v1_think_ctx16384_tok16384_n237.csv,gemma4:e4b,gold_mimic_broad_v1,237,8532,True,3,0.75,weak,181,446,60,386,121,1.8818565400843883,0.13452914798206278,0.3314917127071823,0.19138755980861244,0.11432876266526676,0.15860960417922443,0.4658119658119658,1.0,0.6355685131195336,109,234,0,125
v4_social_signal_experiment_v4_prompt_think_true_gemma4_e4b_direct_core_targeted_v7_think_ctx16384_tok16384_n237,v4_social_signal_experiment_v4_prompt_think_true_gemma4_e4b_direct_core_targeted_v7_think_ctx16384_tok16384_n237.csv,gemma4:e4b,direct_core_targeted_v7,237,8532,True,3,0.75,weak,181,315,47,268,134,1.3291139240506329,0.1492063492063492,0.2596685082872928,0.18951612903225806,0.12365707746995208,0.17914406268836647,0.45410628019323673,0.8623853211009175,0.5949367088607594,109,207,15,113
v4_social_signal_experiment_v4_prompt_think_true_gemma4_e4b_gold_mimic_broad_v1_think_ctx16384_tok16384_n237,v4_social_signal_experiment_v4_prompt_think_true_gemma4_e4b_gold_mimic_broad_v1_think_ctx16384_tok16384_n237.csv,gemma4:e4b,gold_mimic_broad_v1,237,8532,True,3,default,weak,181,464,61,403,120,1.9578059071729959,0.1314655172413793,0.3370165745856354,0.18914728682170542,0.11326287043723356,0.15615832831022702,0.4658119658119658,1.0,0.6355685131195336,109,234,0,125
v4_social_signal_experiment_v4_prompt_think_true_gemma4_e4b_gold_mimic_broad_v1_think_ctx16384_tok16384_n237,v4_social_signal_experiment_v4_prompt_think_true_gemma4_e4b_gold_mimic_broad_v1_think_ctx16384_tok16384_n237.csv,gemma4:e4b,gold_mimic_broad_v1,237,8532,True,3,0.05,weak,181,464,61,403,120,1.9578059071729959,0.1314655172413793,0.3370165745856354,0.18914728682170542,0.11326287043723356,0.15615832831022702,0.4658119658119658,1.0,0.6355685131195336,109,234,0,125
v4_social_signal_experiment_v4_prompt_think_true_gemma4_e4b_gold_mimic_broad_v1_think_ctx16384_tok16384_n237,v4_social_signal_experiment_v4_prompt_think_true_gemma4_e4b_gold_mimic_broad_v1_think_ctx16384_tok16384_n237.csv,gemma4:e4b,gold_mimic_broad_v1,237,8532,True,3,0.10,weak,181,464,61,403,120,1.9578059071729959,0.1314655172413793,0.3370165745856354,0.18914728682170542,0.11326287043723356,0.15615832831022702,0.4658119658119658,1.0,0.6355685131195336,109,234,0,125
v4_social_signal_experiment_v4_prompt_think_true_gemma4_e4b_gold_mimic_broad_v1_think_ctx16384_tok16384_n237,v4_social_signal_experiment_v4_prompt_think_true_gemma4_e4b_gold_mimic_broad_v1_think_ctx16384_tok16384_n237.csv,gemma4:e4b,gold_mimic_broad_v1,237,8532,True,3,0.15,weak,181,464,61,403,120,1.9578059071729959,0.1314655172413793,0.3370165745856354,0.18914728682170542,0.11326287043723356,0.15615832831022702,0.4658119658119658,1.0,0.6355685131195336,109,234,0,125
v4_social_signal_experiment_v4_prompt_think_true_gemma4_e4b_gold_mimic_broad_v1_think_ctx16384_tok16384_n237,v4_social_signal_experiment_v4_prompt_think_true_gemma4_e4b_gold_mimic_broad_v1_think_ctx16384_tok16384_n237.csv,gemma4:e4b,gold_mimic_broad_v1,237,8532,True,3,0.20,weak,181,464,61,403,120,1.9578059071729959,0.1314655172413793,0.3370165745856354,0.18914728682170542,0.11326287043723356,0.15615832831022702,0.4658119658119658,1.0,0.6355685131195336,109,234,0,125
v4_social_signal_experiment_v4_prompt_think_true_gemma4_e4b_gold_mimic_broad_v1_think_ctx16384_tok16384_n237,v4_social_signal_experiment_v4_prompt_think_true_gemma4_e4b_gold_mimic_broad_v1_think_ctx16384_tok16384_n237.csv,gemma4:e4b,gold_mimic_broad_v1,237,8532,True,3,0.25,weak,181,464,61,403,120,1.9578059071729959,0.1314655172413793,0.3370165745856354,0.18914728682170542,0.11326287043723356,0.15615832831022702,0.4658119658119658,1.0,0.6355685131195336,109,234,0,125
v4_social_signal_experiment_v4_prompt_think_true_gemma4_e4b_gold_mimic_broad_v1_think_ctx16384_tok16384_n237,v4_social_signal_experiment_v4_prompt_think_true_gemma4_e4b_gold_mimic_broad_v1_think_ctx16384_tok16384_n237.csv,gemma4:e4b,gold_mimic_broad_v1,237,8532,True,3,0.30,weak,181,464,61,403,120,1.9578059071729959,0.1314655172413793,0.3370165745856354,0.18914728682170542,0.11326287043723356,0.15615832831022702,0.4658119658119658,1.0,0.6355685131195336,109,234,0,125
v4_social_signal_experiment_v4_prompt_think_true_gemma4_e4b_gold_mimic_broad_v1_think_ctx16384_tok16384_n237,v4_social_signal_experiment_v4_prompt_think_true_gemma4_e4b_gold_mimic_broad_v1_think_ctx16384_tok16384_n237.csv,gemma4:e4b,gold_mimic_broad_v1,237,8532,True,3,0.35,weak,181,464,61,403,120,1.9578059071729959,0.1314655172413793,0.3370165745856354,0.18914728682170542,0.11326287043723356,0.15615832831022702,0.4658119658119658,1.0,0.6355685131195336,109,234,0,125
v4_social_signal_experiment_v4_prompt_think_true_gemma4_e4b_gold_mimic_broad_v1_think_ctx16384_tok16384_n237,v4_social_signal_experiment_v4_prompt_think_true_gemma4_e4b_gold_mimic_broad_v1_think_ctx16384_tok16384_n237.csv,gemma4:e4b,gold_mimic_broad_v1,237,8532,True,3,0.40,weak,181,464,61,403,120,1.9578059071729959,0.1314655172413793,0.3370165745856354,0.18914728682170542,0.11326287043723356,0.15615832831022702,0.4658119658119658,1.0,0.6355685131195336,109,234,0,125
v4_social_signal_experiment_v4_prompt_think_true_gemma4_e4b_gold_mimic_broad_v1_think_ctx16384_tok16384_n237,v4_social_signal_experiment_v4_prompt_think_true_gemma4_e4b_gold_mimic_broad_v1_think_ctx16384_tok16384_n237.csv,gemma4:e4b,gold_mimic_broad_v1,237,8532,True,3,0.45,weak,181,464,61,403,120,1.9578059071729959,0.1314655172413793,0.3370165745856354,0.18914728682170542,0.11326287043723356,0.15615832831022702,0.4658119658119658,1.0,0.6355685131195336,109,234,0,125
v4_social_signal_experiment_v4_prompt_think_true_gemma4_e4b_gold_mimic_broad_v1_think_ctx16384_tok16384_n237,v4_social_signal_experiment_v4_prompt_think_true_gemma4_e4b_gold_mimic_broad_v1_think_ctx16384_tok16384_n237.csv,gemma4:e4b,gold_mimic_broad_v1,237,8532,True,3,0.50,weak,181,464,61,403,120,1.9578059071729959,0.1314655172413793,0.3370165745856354,0.18914728682170542,0.11326287043723356,0.15615832831022702,0.4658119658119658,1.0,0.6355685131195336,109,234,0,125
v4_social_signal_experiment_v4_prompt_think_true_gemma4_e4b_gold_mimic_broad_v1_think_ctx16384_tok16384_n237,v4_social_signal_experiment_v4_prompt_think_true_gemma4_e4b_gold_mimic_broad_v1_think_ctx16384_tok16384_n237.csv,gemma4:e4b,gold_mimic_broad_v1,237,8532,True,3,0.55,weak,181,464,61,403,120,1.9578059071729959,0.1314655172413793,0.3370165745856354,0.18914728682170542,0.11326287043723356,0.15615832831022702,0.4658119658119658,1.0,0.6355685131195336,109,234,0,125
v4_social_signal_experiment_v4_prompt_think_true_gemma4_e4b_gold_mimic_broad_v1_think_ctx16384_tok16384_n237,v4_social_signal_experiment_v4_prompt_think_true_gemma4_e4b_gold_mimic_broad_v1_think_ctx16384_tok16384_n237.csv,gemma4:e4b,gold_mimic_broad_v1,237,8532,True,3,0.60,weak,181,464,61,403,120,1.9578059071729959,0.1314655172413793,0.3370165745856354,0.18914728682170542,0.11326287043723356,0.15615832831022702,0.4658119658119658,1.0,0.6355685131195336,109,234,0,125
v4_social_signal_experiment_v4_prompt_think_true_gemma4_e4b_gold_mimic_broad_v1_think_ctx16384_tok16384_n237,v4_social_signal_experiment_v4_prompt_think_true_gemma4_e4b_gold_mimic_broad_v1_think_ctx16384_tok16384_n237.csv,gemma4:e4b,gold_mimic_broad_v1,237,8532,True,3,0.65,weak,181,464,61,403,120,1.9578059071729959,0.1314655172413793,0.3370165745856354,0.18914728682170542,0.11326287043723356,0.15615832831022702,0.4658119658119658,1.0,0.6355685131195336,109,234,0,125
v4_social_signal_experiment_v4_prompt_think_true_gemma4_e4b_gold_mimic_broad_v1_think_ctx16384_tok16384_n237,v4_social_signal_experiment_v4_prompt_think_true_gemma4_e4b_gold_mimic_broad_v1_think_ctx16384_tok16384_n237.csv,gemma4:e4b,gold_mimic_broad_v1,237,8532,True,3,0.70,weak,181,464,61,403,120,1.9578059071729959,0.1314655172413793,0.3370165745856354,0.18914728682170542,0.11326287043723356,0.15615832831022702,0.4658119658119658,1.0,0.6355685131195336,109,234,0,125
v4_social_signal_experiment_v4_prompt_think_true_gemma4_e4b_direct_core_balanced_v8_think_ctx16384_tok16384_n237,v4_social_signal_experiment_v4_prompt_think_true_gemma4_e4b_direct_core_balanced_v8_think_ctx16384_tok16384_n237.csv,gemma4:e4b,direct_core_balanced_v8,237,8532,True,2,0.80,weak,181,303,45,258,136,1.2784810126582278,0.1485148514851485,0.24861878453038674,0.1859504132231405,0.061502282915942924,0.17998794454490658,0.4433497536945813,0.8256880733944955,0.5769230769230769,109,203,19,113
v4_social_signal_experiment_v4_prompt_think_true_gemma4_e4b_gold_mimic_broad_v1_think_ctx16384_tok16384_n237,v4_social_signal_experiment_v4_prompt_think_true_gemma4_e4b_gold_mimic_broad_v1_think_ctx16384_tok16384_n237.csv,gemma4:e4b,gold_mimic_broad_v1,237,8532,True,3,0.80,weak,181,395,52,343,129,1.6666666666666667,0.13164556962025317,0.287292817679558,0.18055555555555555,0.1074999974486578,0.18245931283905967,0.4703196347031963,0.944954128440367,0.6280487804878049,109,219,6,116
v4_social_signal_experiment_v4_prompt_think_true_gemma4_e4b_direct_core_targeted_v7_think_ctx16384_tok16384_n237,v4_social_signal_experiment_v4_prompt_think_true_gemma4_e4b_direct_core_targeted_v7_think_ctx16384_tok16384_n237.csv,gemma4:e4b,direct_core_targeted_v7,237,8532,True,3,0.80,weak,181,288,42,246,139,1.2151898734177216,0.14583333333333334,0.23204419889502761,0.1791044776119403,0.0627083142178631,0.18448864777978702,0.4494949494949495,0.8165137614678899,0.5798045602605864,109,198,20,109
v4_social_signal_experiment_v4_prompt_think_true_gemma4_e4b_direct_core_gold_fewshot_v5_think_ctx16384_tok16384_n237,v4_social_signal_experiment_v4_prompt_think_true_gemma4_e4b_direct_core_gold_fewshot_v5_think_ctx16384_tok16384_n237.csv,gemma4:e4b,direct_core_gold_fewshot_v5,237,8532,True,1,default,weak,181,467,56,411,125,1.970464135021097,0.11991434689507495,0.30939226519337015,0.1728395061728395,0.17409854415417636,0.13932087602973678,0.45614035087719296,0.9541284403669725,0.6172106824925816,109,228,5,124
v4_social_signal_experiment_v4_prompt_think_true_gemma4_e4b_direct_core_gold_fewshot_v5_think_ctx16384_tok16384_n237,v4_social_signal_experiment_v4_prompt_think_true_gemma4_e4b_direct_core_gold_fewshot_v5_think_ctx16384_tok16384_n237.csv,gemma4:e4b,direct_core_gold_fewshot_v5,237,8532,True,1,0.05,weak,181,467,56,411,125,1.970464135021097,0.11991434689507495,0.30939226519337015,0.1728395061728395,0.17409854415417636,0.13932087602973678,0.45614035087719296,0.9541284403669725,0.6172106824925816,109,228,5,124
v4_social_signal_experiment_v4_prompt_think_true_gemma4_e4b_direct_core_gold_fewshot_v5_think_ctx16384_tok16384_n237,v4_social_signal_experiment_v4_prompt_think_true_gemma4_e4b_direct_core_gold_fewshot_v5_think_ctx16384_tok16384_n237.csv,gemma4:e4b,direct_core_gold_fewshot_v5,237,8532,True,1,0.10,weak,181,467,56,411,125,1.970464135021097,0.11991434689507495,0.30939226519337015,0.1728395061728395,0.17409854415417636,0.13932087602973678,0.45614035087719296,0.9541284403669725,0.6172106824925816,109,228,5,124
v4_social_signal_experiment_v4_prompt_think_true_gemma4_e4b_direct_core_gold_fewshot_v5_think_ctx16384_tok16384_n237,v4_social_signal_experiment_v4_prompt_think_true_gemma4_e4b_direct_core_gold_fewshot_v5_think_ctx16384_tok16384_n237.csv,gemma4:e4b,direct_core_gold_fewshot_v5,237,8532,True,1,0.15,weak,181,467,56,411,125,1.970464135021097,0.11991434689507495,0.30939226519337015,0.1728395061728395,0.17409854415417636,0.13932087602973678,0.45614035087719296,0.9541284403669725,0.6172106824925816,109,228,5,124
v4_social_signal_experiment_v4_prompt_think_true_gemma4_e4b_direct_core_gold_fewshot_v5_think_ctx16384_tok16384_n237,v4_social_signal_experiment_v4_prompt_think_true_gemma4_e4b_direct_core_gold_fewshot_v5_think_ctx16384_tok16384_n237.csv,gemma4:e4b,direct_core_gold_fewshot_v5,237,8532,True,1,0.20,weak,181,467,56,411,125,1.970464135021097,0.11991434689507495,0.30939226519337015,0.1728395061728395,0.17409854415417636,0.13932087602973678,0.45614035087719296,0.9541284403669725,0.6172106824925816,109,228,5,124
v4_social_signal_experiment_v4_prompt_think_true_gemma4_e4b_direct_core_gold_fewshot_v5_think_ctx16384_tok16384_n237,v4_social_signal_experiment_v4_prompt_think_true_gemma4_e4b_direct_core_gold_fewshot_v5_think_ctx16384_tok16384_n237.csv,gemma4:e4b,direct_core_gold_fewshot_v5,237,8532,True,1,0.25,weak,181,467,56,411,125,1.970464135021097,0.11991434689507495,0.30939226519337015,0.1728395061728395,0.17409854415417636,0.13932087602973678,0.45614035087719296,0.9541284403669725,0.6172106824925816,109,228,5,124
v4_social_signal_experiment_v4_prompt_think_true_gemma4_e4b_direct_core_gold_fewshot_v5_think_ctx16384_tok16384_n237,v4_social_signal_experiment_v4_prompt_think_true_gemma4_e4b_direct_core_gold_fewshot_v5_think_ctx16384_tok16384_n237.csv,gemma4:e4b,direct_core_gold_fewshot_v5,237,8532,True,1,0.30,weak,181,467,56,411,125,1.970464135021097,0.11991434689507495,0.30939226519337015,0.1728395061728395,0.17409854415417636,0.13932087602973678,0.45614035087719296,0.9541284403669725,0.6172106824925816,109,228,5,124
v4_social_signal_experiment_v4_prompt_think_true_gemma4_e4b_direct_core_gold_fewshot_v5_think_ctx16384_tok16384_n237,v4_social_signal_experiment_v4_prompt_think_true_gemma4_e4b_direct_core_gold_fewshot_v5_think_ctx16384_tok16384_n237.csv,gemma4:e4b,direct_core_gold_fewshot_v5,237,8532,True,1,0.35,weak,181,467,56,411,125,1.970464135021097,0.11991434689507495,0.30939226519337015,0.1728395061728395,0.17409854415417636,0.13932087602973678,0.45614035087719296,0.9541284403669725,0.6172106824925816,109,228,5,124
v4_social_signal_experiment_v4_prompt_think_true_gemma4_e4b_direct_core_gold_fewshot_v5_think_ctx16384_tok16384_n237,v4_social_signal_experiment_v4_prompt_think_true_gemma4_e4b_direct_core_gold_fewshot_v5_think_ctx16384_tok16384_n237.csv,gemma4:e4b,direct_core_gold_fewshot_v5,237,8532,True,1,0.40,weak,181,467,56,411,125,1.970464135021097,0.11991434689507495,0.30939226519337015,0.1728395061728395,0.17409854415417636,0.13932087602973678,0.45614035087719296,0.9541284403669725,0.6172106824925816,109,228,5,124
v4_social_signal_experiment_v4_prompt_think_true_gemma4_e4b_direct_core_gold_fewshot_v5_think_ctx16384_tok16384_n237,v4_social_signal_experiment_v4_prompt_think_true_gemma4_e4b_direct_core_gold_fewshot_v5_think_ctx16384_tok16384_n237.csv,gemma4:e4b,direct_core_gold_fewshot_v5,237,8532,True,1,0.45,weak,181,467,56,411,125,1.970464135021097,0.11991434689507495,0.30939226519337015,0.1728395061728395,0.17409854415417636,0.13932087602973678,0.45614035087719296,0.9541284403669725,0.6172106824925816,109,228,5,124
v4_social_signal_experiment_v4_prompt_think_true_gemma4_e4b_direct_core_gold_fewshot_v5_think_ctx16384_tok16384_n237,v4_social_signal_experiment_v4_prompt_think_true_gemma4_e4b_direct_core_gold_fewshot_v5_think_ctx16384_tok16384_n237.csv,gemma4:e4b,direct_core_gold_fewshot_v5,237,8532,True,1,0.50,weak,181,467,56,411,125,1.970464135021097,0.11991434689507495,0.30939226519337015,0.1728395061728395,0.17409854415417636,0.13932087602973678,0.45614035087719296,0.9541284403669725,0.6172106824925816,109,228,5,124
v4_social_signal_experiment_v4_prompt_think_true_gemma4_e4b_direct_core_gold_fewshot_v5_think_ctx16384_tok16384_n237,v4_social_signal_experiment_v4_prompt_think_true_gemma4_e4b_direct_core_gold_fewshot_v5_think_ctx16384_tok16384_n237.csv,gemma4:e4b,direct_core_gold_fewshot_v5,237,8532,True,1,0.55,weak,181,467,56,411,125,1.970464135021097,0.11991434689507495,0.30939226519337015,0.1728395061728395,0.17409854415417636,0.13932087602973678,0.45614035087719296,0.9541284403669725,0.6172106824925816,109,228,5,124
v4_social_signal_experiment_v4_prompt_think_true_gemma4_e4b_direct_core_gold_fewshot_v5_think_ctx16384_tok16384_n237,v4_social_signal_experiment_v4_prompt_think_true_gemma4_e4b_direct_core_gold_fewshot_v5_think_ctx16384_tok16384_n237.csv,gemma4:e4b,direct_core_gold_fewshot_v5,237,8532,True,1,0.60,weak,181,467,56,411,125,1.970464135021097,0.11991434689507495,0.30939226519337015,0.1728395061728395,0.17409854415417636,0.13932087602973678,0.45614035087719296,0.9541284403669725,0.6172106824925816,109,228,5,124
v4_social_signal_experiment_v4_prompt_think_true_gemma4_e4b_direct_core_gold_fewshot_v5_think_ctx16384_tok16384_n237,v4_social_signal_experiment_v4_prompt_think_true_gemma4_e4b_direct_core_gold_fewshot_v5_think_ctx16384_tok16384_n237.csv,gemma4:e4b,direct_core_gold_fewshot_v5,237,8532,True,1,0.65,weak,181,459,55,404,126,1.9367088607594938,0.11982570806100218,0.30386740331491713,0.171875,0.12874989164186632,0.13918022905364674,0.45614035087719296,0.9541284403669725,0.6172106824925816,109,228,5,124
v4_social_signal_experiment_v4_prompt_think_true_gemma4_e4b_direct_core_gold_fewshot_v5_think_ctx16384_tok16384_n237,v4_social_signal_experiment_v4_prompt_think_true_gemma4_e4b_direct_core_gold_fewshot_v5_think_ctx16384_tok16384_n237.csv,gemma4:e4b,direct_core_gold_fewshot_v5,237,8532,True,1,0.70,weak,181,459,55,404,126,1.9367088607594938,0.11982570806100218,0.30386740331491713,0.171875,0.12874989164186632,0.13918022905364674,0.45614035087719296,0.9541284403669725,0.6172106824925816,109,228,5,124
v4_social_signal_experiment_v4_prompt_think_true_gemma4_e4b_direct_core_gold_calibrated_v4_think_ctx16384_tok16384_n237,v4_social_signal_experiment_v4_prompt_think_true_gemma4_e4b_direct_core_gold_calibrated_v4_think_ctx16384_tok16384_n237.csv,gemma4:e4b,direct_core_gold_calibrated_v4,237,8532,True,0,default,weak,181,360,46,314,135,1.518987341772152,0.12777777777777777,0.2541436464088398,0.17005545286506468,0.18440334396380742,0.12736588306208557,0.45652173913043476,0.963302752293578,0.6194690265486725,109,230,4,125
v4_social_signal_experiment_v4_prompt_think_true_gemma4_e4b_direct_core_gold_calibrated_v4_think_ctx16384_tok16384_n237,v4_social_signal_experiment_v4_prompt_think_true_gemma4_e4b_direct_core_gold_calibrated_v4_think_ctx16384_tok16384_n237.csv,gemma4:e4b,direct_core_gold_calibrated_v4,237,8532,True,0,0.05,weak,181,360,46,314,135,1.518987341772152,0.12777777777777777,0.2541436464088398,0.17005545286506468,0.18440334396380742,0.12736588306208557,0.45652173913043476,0.963302752293578,0.6194690265486725,109,230,4,125
v4_social_signal_experiment_v4_prompt_think_true_gemma4_e4b_direct_core_gold_calibrated_v4_think_ctx16384_tok16384_n237,v4_social_signal_experiment_v4_prompt_think_true_gemma4_e4b_direct_core_gold_calibrated_v4_think_ctx16384_tok16384_n237.csv,gemma4:e4b,direct_core_gold_calibrated_v4,237,8532,True,0,0.10,weak,181,360,46,314,135,1.518987341772152,0.12777777777777777,0.2541436464088398,0.17005545286506468,0.18440334396380742,0.12736588306208557,0.45652173913043476,0.963302752293578,0.6194690265486725,109,230,4,125
v4_social_signal_experiment_v4_prompt_think_true_gemma4_e4b_direct_core_gold_calibrated_v4_think_ctx16384_tok16384_n237,v4_social_signal_experiment_v4_prompt_think_true_gemma4_e4b_direct_core_gold_calibrated_v4_think_ctx16384_tok16384_n237.csv,gemma4:e4b,direct_core_gold_calibrated_v4,237,8532,True,0,0.15,weak,181,360,46,314,135,1.518987341772152,0.12777777777777777,0.2541436464088398,0.17005545286506468,0.18440334396380742,0.12736588306208557,0.45652173913043476,0.963302752293578,0.6194690265486725,109,230,4,125
v4_social_signal_experiment_v4_prompt_think_true_gemma4_e4b_direct_core_gold_calibrated_v4_think_ctx16384_tok16384_n237,v4_social_signal_experiment_v4_prompt_think_true_gemma4_e4b_direct_core_gold_calibrated_v4_think_ctx16384_tok16384_n237.csv,gemma4:e4b,direct_core_gold_calibrated_v4,237,8532,True,0,0.20,weak,181,360,46,314,135,1.518987341772152,0.12777777777777777,0.2541436464088398,0.17005545286506468,0.18440334396380742,0.12736588306208557,0.45652173913043476,0.963302752293578,0.6194690265486725,109,230,4,125
v4_social_signal_experiment_v4_prompt_think_true_gemma4_e4b_direct_core_gold_calibrated_v4_think_ctx16384_tok16384_n237,v4_social_signal_experiment_v4_prompt_think_true_gemma4_e4b_direct_core_gold_calibrated_v4_think_ctx16384_tok16384_n237.csv,gemma4:e4b,direct_core_gold_calibrated_v4,237,8532,True,0,0.25,weak,181,360,46,314,135,1.518987341772152,0.12777777777777777,0.2541436464088398,0.17005545286506468,0.18440334396380742,0.12736588306208557,0.45652173913043476,0.963302752293578,0.6194690265486725,109,230,4,125
v4_social_signal_experiment_v4_prompt_think_true_gemma4_e4b_direct_core_gold_calibrated_v4_think_ctx16384_tok16384_n237,v4_social_signal_experiment_v4_prompt_think_true_gemma4_e4b_direct_core_gold_calibrated_v4_think_ctx16384_tok16384_n237.csv,gemma4:e4b,direct_core_gold_calibrated_v4,237,8532,True,0,0.30,weak,181,360,46,314,135,1.518987341772152,0.12777777777777777,0.2541436464088398,0.17005545286506468,0.18440334396380742,0.12736588306208557,0.45652173913043476,0.963302752293578,0.6194690265486725,109,230,4,125
v4_social_signal_experiment_v4_prompt_think_true_gemma4_e4b_direct_core_gold_calibrated_v4_think_ctx16384_tok16384_n237,v4_social_signal_experiment_v4_prompt_think_true_gemma4_e4b_direct_core_gold_calibrated_v4_think_ctx16384_tok16384_n237.csv,gemma4:e4b,direct_core_gold_calibrated_v4,237,8532,True,0,0.35,weak,181,360,46,314,135,1.518987341772152,0.12777777777777777,0.2541436464088398,0.17005545286506468,0.18440334396380742,0.12736588306208557,0.45652173913043476,0.963302752293578,0.6194690265486725,109,230,4,125
v4_social_signal_experiment_v4_prompt_think_true_gemma4_e4b_direct_core_gold_calibrated_v4_think_ctx16384_tok16384_n237,v4_social_signal_experiment_v4_prompt_think_true_gemma4_e4b_direct_core_gold_calibrated_v4_think_ctx16384_tok16384_n237.csv,gemma4:e4b,direct_core_gold_calibrated_v4,237,8532,True,0,0.40,weak,181,360,46,314,135,1.518987341772152,0.12777777777777777,0.2541436464088398,0.17005545286506468,0.18440334396380742,0.12736588306208557,0.45652173913043476,0.963302752293578,0.6194690265486725,109,230,4,125
v4_social_signal_experiment_v4_prompt_think_true_gemma4_e4b_direct_core_gold_calibrated_v4_think_ctx16384_tok16384_n237,v4_social_signal_experiment_v4_prompt_think_true_gemma4_e4b_direct_core_gold_calibrated_v4_think_ctx16384_tok16384_n237.csv,gemma4:e4b,direct_core_gold_calibrated_v4,237,8532,True,0,0.45,weak,181,360,46,314,135,1.518987341772152,0.12777777777777777,0.2541436464088398,0.17005545286506468,0.18440334396380742,0.12736588306208557,0.45652173913043476,0.963302752293578,0.6194690265486725,109,230,4,125
v4_social_signal_experiment_v4_prompt_think_true_gemma4_e4b_direct_core_gold_calibrated_v4_think_ctx16384_tok16384_n237,v4_social_signal_experiment_v4_prompt_think_true_gemma4_e4b_direct_core_gold_calibrated_v4_think_ctx16384_tok16384_n237.csv,gemma4:e4b,direct_core_gold_calibrated_v4,237,8532,True,0,0.50,weak,181,360,46,314,135,1.518987341772152,0.12777777777777777,0.2541436464088398,0.17005545286506468,0.18440334396380742,0.12736588306208557,0.45652173913043476,0.963302752293578,0.6194690265486725,109,230,4,125
v4_social_signal_experiment_v4_prompt_think_true_gemma4_e4b_direct_core_gold_calibrated_v4_think_ctx16384_tok16384_n237,v4_social_signal_experiment_v4_prompt_think_true_gemma4_e4b_direct_core_gold_calibrated_v4_think_ctx16384_tok16384_n237.csv,gemma4:e4b,direct_core_gold_calibrated_v4,237,8532,True,0,0.55,weak,181,360,46,314,135,1.518987341772152,0.12777777777777777,0.2541436464088398,0.17005545286506468,0.18440334396380742,0.12736588306208557,0.45652173913043476,0.963302752293578,0.6194690265486725,109,230,4,125
v4_social_signal_experiment_v4_prompt_think_true_gemma4_e4b_direct_core_gold_calibrated_v4_think_ctx16384_tok16384_n237,v4_social_signal_experiment_v4_prompt_think_true_gemma4_e4b_direct_core_gold_calibrated_v4_think_ctx16384_tok16384_n237.csv,gemma4:e4b,direct_core_gold_calibrated_v4,237,8532,True,0,0.60,weak,181,360,46,314,135,1.518987341772152,0.12777777777777777,0.2541436464088398,0.17005545286506468,0.18440334396380742,0.12736588306208557,0.45652173913043476,0.963302752293578,0.6194690265486725,109,230,4,125
v4_social_signal_experiment_v4_prompt_think_true_gemma4_e4b_direct_core_clean_fewshot_v6_think_ctx16384_tok16384_n237,v4_social_signal_experiment_v4_prompt_think_true_gemma4_e4b_direct_core_clean_fewshot_v6_think_ctx16384_tok16384_n237.csv,gemma4:e4b,direct_core_clean_fewshot_v6,237,8532,True,2,0.80,weak,181,255,37,218,144,1.0759493670886076,0.1450980392156863,0.20441988950276244,0.16972477064220184,0.05761562998405104,0.22947558770343576,0.46111111111111114,0.7614678899082569,0.5743944636678201,109,180,26,97
v4_social_signal_experiment_v4_prompt_think_true_gemma4_e4b_direct_core_gold_calibrated_v4_think_ctx16384_tok16384_n237,v4_social_signal_experiment_v4_prompt_think_true_gemma4_e4b_direct_core_gold_calibrated_v4_think_ctx16384_tok16384_n237.csv,gemma4:e4b,direct_core_gold_calibrated_v4,237,8532,True,0,0.70,weak,181,350,45,305,136,1.4767932489451476,0.12857142857142856,0.24861878453038674,0.1694915254237288,0.14005937946336763,0.13496081977094637,0.4581497797356828,0.9541284403669725,0.6190476190476191,109,227,5,123
v4_social_signal_experiment_v4_prompt_think_true_gemma4_e4b_direct_core_gold_calibrated_v4_think_ctx16384_tok16384_n237,v4_social_signal_experiment_v4_prompt_think_true_gemma4_e4b_direct_core_gold_calibrated_v4_think_ctx16384_tok16384_n237.csv,gemma4:e4b,direct_core_gold_calibrated_v4,237,8532,True,0,0.65,weak,181,351,45,306,136,1.481012658227848,0.1282051282051282,0.24861878453038674,0.16917293233082706,0.13996773723462863,0.13496081977094637,0.4581497797356828,0.9541284403669725,0.6190476190476191,109,227,5,123
v4_social_signal_experiment_v4_prompt_think_true_gemma4_e4b_direct_core_gold_fewshot_v5_think_ctx16384_tok16384_n237,v4_social_signal_experiment_v4_prompt_think_true_gemma4_e4b_direct_core_gold_fewshot_v5_think_ctx16384_tok16384_n237.csv,gemma4:e4b,direct_core_gold_fewshot_v5,237,8532,True,1,0.75,weak,181,440,52,388,129,1.8565400843881856,0.11818181818181818,0.287292817679558,0.16747181964573268,0.12869755073485886,0.1352622061482821,0.45614035087719296,0.9541284403669725,0.6172106824925816,109,228,5,124
v4_social_signal_experiment_v4_prompt_think_true_gemma4_e4b_direct_core_clean_fewshot_v6_think_ctx16384_tok16384_n237,v4_social_signal_experiment_v4_prompt_think_true_gemma4_e4b_direct_core_clean_fewshot_v6_think_ctx16384_tok16384_n237.csv,gemma4:e4b,direct_core_clean_fewshot_v6,237,8532,True,2,0.75,weak,181,298,40,258,141,1.2573839662447257,0.1342281879194631,0.22099447513812154,0.16701461377870563,0.07464603866580229,0.2095037170986538,0.4521276595744681,0.7798165137614679,0.5723905723905723,109,188,24,103
v4_social_signal_experiment_v4_prompt_think_true_gemma4_e4b_gold_mimic_broad_v1_think_ctx16384_tok16384_n237,v4_social_signal_experiment_v4_prompt_think_true_gemma4_e4b_gold_mimic_broad_v1_think_ctx16384_tok16384_n237.csv,gemma4:e4b,gold_mimic_broad_v1,237,8532,True,3,0.85,weak,181,279,38,241,143,1.1772151898734178,0.13620071684587814,0.20994475138121546,0.16521739130434782,0.09406936052657978,0.22423146473779387,0.4673913043478261,0.7889908256880734,0.5870307167235495,109,184,23,98
v4_social_signal_experiment_v4_prompt_think_true_gemma4_e4b_direct_core_clean_fewshot_v6_think_ctx16384_tok16384_n237,v4_social_signal_experiment_v4_prompt_think_true_gemma4_e4b_direct_core_clean_fewshot_v6_think_ctx16384_tok16384_n237.csv,gemma4:e4b,direct_core_clean_fewshot_v6,237,8532,True,2,0.85,weak,181,217,30,187,151,0.9156118143459916,0.1382488479262673,0.16574585635359115,0.1507537688442211,0.048135281792592896,0.24978902953586496,0.46296296296296297,0.6880733944954128,0.5535055350553506,109,162,34,87
v4_social_signal_experiment_v4_prompt_think_true_gemma4_e4b_direct_core_filtered_v3_think_ctx16384_tok16384_n237,v4_social_signal_experiment_v4_prompt_think_true_gemma4_e4b_direct_core_filtered_v3_think_ctx16384_tok16384_n237.csv,gemma4:e4b,direct_core_filtered_v3,237,8532,True,0,0.65,weak,181,295,35,260,146,1.2447257383966244,0.11864406779661017,0.19337016574585636,0.14705882352941177,0.05177964236556771,0.13608599557966644,0.44907407407407407,0.8899082568807339,0.5969230769230769,109,216,12,119
v4_social_signal_experiment_v4_prompt_think_true_gemma4_e4b_direct_core_filtered_v3_think_ctx16384_tok16384_n237,v4_social_signal_experiment_v4_prompt_think_true_gemma4_e4b_direct_core_filtered_v3_think_ctx16384_tok16384_n237.csv,gemma4:e4b,direct_core_filtered_v3,237,8532,True,0,0.70,weak,181,295,35,260,146,1.2447257383966244,0.11864406779661017,0.19337016574585636,0.14705882352941177,0.05177964236556771,0.13608599557966644,0.44907407407407407,0.8899082568807339,0.5969230769230769,109,216,12,119
v4_social_signal_experiment_v4_prompt_think_true_gemma4_e4b_direct_core_filtered_v3_think_ctx16384_tok16384_n237,v4_social_signal_experiment_v4_prompt_think_true_gemma4_e4b_direct_core_filtered_v3_think_ctx16384_tok16384_n237.csv,gemma4:e4b,direct_core_filtered_v3,237,8532,True,0,default,weak,181,297,35,262,146,1.2531645569620253,0.11784511784511785,0.19337016574585636,0.14644351464435146,0.05177964236556771,0.13608599557966644,0.44907407407407407,0.8899082568807339,0.5969230769230769,109,216,12,119
v4_social_signal_experiment_v4_prompt_think_true_gemma4_e4b_direct_core_filtered_v3_think_ctx16384_tok16384_n237,v4_social_signal_experiment_v4_prompt_think_true_gemma4_e4b_direct_core_filtered_v3_think_ctx16384_tok16384_n237.csv,gemma4:e4b,direct_core_filtered_v3,237,8532,True,0,0.05,weak,181,297,35,262,146,1.2531645569620253,0.11784511784511785,0.19337016574585636,0.14644351464435146,0.05177964236556771,0.13608599557966644,0.44907407407407407,0.8899082568807339,0.5969230769230769,109,216,12,119
v4_social_signal_experiment_v4_prompt_think_true_gemma4_e4b_direct_core_filtered_v3_think_ctx16384_tok16384_n237,v4_social_signal_experiment_v4_prompt_think_true_gemma4_e4b_direct_core_filtered_v3_think_ctx16384_tok16384_n237.csv,gemma4:e4b,direct_core_filtered_v3,237,8532,True,0,0.10,weak,181,297,35,262,146,1.2531645569620253,0.11784511784511785,0.19337016574585636,0.14644351464435146,0.05177964236556771,0.13608599557966644,0.44907407407407407,0.8899082568807339,0.5969230769230769,109,216,12,119
v4_social_signal_experiment_v4_prompt_think_true_gemma4_e4b_direct_core_filtered_v3_think_ctx16384_tok16384_n237,v4_social_signal_experiment_v4_prompt_think_true_gemma4_e4b_direct_core_filtered_v3_think_ctx16384_tok16384_n237.csv,gemma4:e4b,direct_core_filtered_v3,237,8532,True,0,0.15,weak,181,297,35,262,146,1.2531645569620253,0.11784511784511785,0.19337016574585636,0.14644351464435146,0.05177964236556771,0.13608599557966644,0.44907407407407407,0.8899082568807339,0.5969230769230769,109,216,12,119
v4_social_signal_experiment_v4_prompt_think_true_gemma4_e4b_direct_core_filtered_v3_think_ctx16384_tok16384_n237,v4_social_signal_experiment_v4_prompt_think_true_gemma4_e4b_direct_core_filtered_v3_think_ctx16384_tok16384_n237.csv,gemma4:e4b,direct_core_filtered_v3,237,8532,True,0,0.20,weak,181,297,35,262,146,1.2531645569620253,0.11784511784511785,0.19337016574585636,0.14644351464435146,0.05177964236556771,0.13608599557966644,0.44907407407407407,0.8899082568807339,0.5969230769230769,109,216,12,119
v4_social_signal_experiment_v4_prompt_think_true_gemma4_e4b_direct_core_filtered_v3_think_ctx16384_tok16384_n237,v4_social_signal_experiment_v4_prompt_think_true_gemma4_e4b_direct_core_filtered_v3_think_ctx16384_tok16384_n237.csv,gemma4:e4b,direct_core_filtered_v3,237,8532,True,0,0.25,weak,181,297,35,262,146,1.2531645569620253,0.11784511784511785,0.19337016574585636,0.14644351464435146,0.05177964236556771,0.13608599557966644,0.44907407407407407,0.8899082568807339,0.5969230769230769,109,216,12,119
v4_social_signal_experiment_v4_prompt_think_true_gemma4_e4b_direct_core_filtered_v3_think_ctx16384_tok16384_n237,v4_social_signal_experiment_v4_prompt_think_true_gemma4_e4b_direct_core_filtered_v3_think_ctx16384_tok16384_n237.csv,gemma4:e4b,direct_core_filtered_v3,237,8532,True,0,0.30,weak,181,297,35,262,146,1.2531645569620253,0.11784511784511785,0.19337016574585636,0.14644351464435146,0.05177964236556771,0.13608599557966644,0.44907407407407407,0.8899082568807339,0.5969230769230769,109,216,12,119
v4_social_signal_experiment_v4_prompt_think_true_gemma4_e4b_direct_core_filtered_v3_think_ctx16384_tok16384_n237,v4_social_signal_experiment_v4_prompt_think_true_gemma4_e4b_direct_core_filtered_v3_think_ctx16384_tok16384_n237.csv,gemma4:e4b,direct_core_filtered_v3,237,8532,True,0,0.35,weak,181,297,35,262,146,1.2531645569620253,0.11784511784511785,0.19337016574585636,0.14644351464435146,0.05177964236556771,0.13608599557966644,0.44907407407407407,0.8899082568807339,0.5969230769230769,109,216,12,119
v4_social_signal_experiment_v4_prompt_think_true_gemma4_e4b_direct_core_filtered_v3_think_ctx16384_tok16384_n237,v4_social_signal_experiment_v4_prompt_think_true_gemma4_e4b_direct_core_filtered_v3_think_ctx16384_tok16384_n237.csv,gemma4:e4b,direct_core_filtered_v3,237,8532,True,0,0.40,weak,181,297,35,262,146,1.2531645569620253,0.11784511784511785,0.19337016574585636,0.14644351464435146,0.05177964236556771,0.13608599557966644,0.44907407407407407,0.8899082568807339,0.5969230769230769,109,216,12,119
v4_social_signal_experiment_v4_prompt_think_true_gemma4_e4b_direct_core_filtered_v3_think_ctx16384_tok16384_n237,v4_social_signal_experiment_v4_prompt_think_true_gemma4_e4b_direct_core_filtered_v3_think_ctx16384_tok16384_n237.csv,gemma4:e4b,direct_core_filtered_v3,237,8532,True,0,0.45,weak,181,297,35,262,146,1.2531645569620253,0.11784511784511785,0.19337016574585636,0.14644351464435146,0.05177964236556771,0.13608599557966644,0.44907407407407407,0.8899082568807339,0.5969230769230769,109,216,12,119
v4_social_signal_experiment_v4_prompt_think_true_gemma4_e4b_direct_core_filtered_v3_think_ctx16384_tok16384_n237,v4_social_signal_experiment_v4_prompt_think_true_gemma4_e4b_direct_core_filtered_v3_think_ctx16384_tok16384_n237.csv,gemma4:e4b,direct_core_filtered_v3,237,8532,True,0,0.50,weak,181,297,35,262,146,1.2531645569620253,0.11784511784511785,0.19337016574585636,0.14644351464435146,0.05177964236556771,0.13608599557966644,0.44907407407407407,0.8899082568807339,0.5969230769230769,109,216,12,119
v4_social_signal_experiment_v4_prompt_think_true_gemma4_e4b_direct_core_filtered_v3_think_ctx16384_tok16384_n237,v4_social_signal_experiment_v4_prompt_think_true_gemma4_e4b_direct_core_filtered_v3_think_ctx16384_tok16384_n237.csv,gemma4:e4b,direct_core_filtered_v3,237,8532,True,0,0.55,weak,181,297,35,262,146,1.2531645569620253,0.11784511784511785,0.19337016574585636,0.14644351464435146,0.05177964236556771,0.13608599557966644,0.44907407407407407,0.8899082568807339,0.5969230769230769,109,216,12,119
v4_social_signal_experiment_v4_prompt_think_true_gemma4_e4b_direct_core_filtered_v3_think_ctx16384_tok16384_n237,v4_social_signal_experiment_v4_prompt_think_true_gemma4_e4b_direct_core_filtered_v3_think_ctx16384_tok16384_n237.csv,gemma4:e4b,direct_core_filtered_v3,237,8532,True,0,0.60,weak,181,297,35,262,146,1.2531645569620253,0.11784511784511785,0.19337016574585636,0.14644351464435146,0.05177964236556771,0.13608599557966644,0.44907407407407407,0.8899082568807339,0.5969230769230769,109,216,12,119
v4_social_signal_experiment_v4_prompt_think_true_gemma4_e4b_direct_core_gold_fewshot_v5_think_ctx16384_tok16384_n237,v4_social_signal_experiment_v4_prompt_think_true_gemma4_e4b_direct_core_gold_fewshot_v5_think_ctx16384_tok16384_n237.csv,gemma4:e4b,direct_core_gold_fewshot_v5,237,8532,True,1,0.80,weak,181,327,37,290,144,1.379746835443038,0.11314984709480122,0.20441988950276244,0.14566929133858267,0.1242481804744791,0.1774562989752863,0.4427083333333333,0.7798165137614679,0.5647840531561462,109,192,24,107
v4_social_signal_experiment_v4_prompt_think_true_gemma4_e4b_direct_core_balanced_v8_think_ctx16384_tok16384_n237,v4_social_signal_experiment_v4_prompt_think_true_gemma4_e4b_direct_core_balanced_v8_think_ctx16384_tok16384_n237.csv,gemma4:e4b,direct_core_balanced_v8,237,8532,True,2,0.85,weak,181,220,29,191,152,0.9282700421940928,0.1318181818181818,0.16022099447513813,0.14463840399002495,0.043888888888888894,0.25682137834036567,0.45454545454545453,0.6422018348623854,0.532319391634981,109,154,39,84
v4_social_signal_experiment_v4_prompt_think_true_gemma4_e4b_direct_brief_thinking_think_ctx16384_tok16384_n237,v4_social_signal_experiment_v4_prompt_think_true_gemma4_e4b_direct_brief_thinking_think_ctx16384_tok16384_n237.csv,gemma4:e4b,direct_brief_thinking,237,8532,True,5,default,weak,181,293,33,260,148,1.2362869198312236,0.11262798634812286,0.18232044198895028,0.13924050632911392,0.09868994889085513,0.13757283504118945,0.46875,0.963302752293578,0.6306306306306306,109,224,4,119
v4_social_signal_experiment_v4_prompt_think_true_gemma4_e4b_direct_brief_thinking_think_ctx16384_tok16384_n237,v4_social_signal_experiment_v4_prompt_think_true_gemma4_e4b_direct_brief_thinking_think_ctx16384_tok16384_n237.csv,gemma4:e4b,direct_brief_thinking,237,8532,True,5,0.05,weak,181,293,33,260,148,1.2362869198312236,0.11262798634812286,0.18232044198895028,0.13924050632911392,0.09868994889085513,0.13757283504118945,0.46875,0.963302752293578,0.6306306306306306,109,224,4,119
v4_social_signal_experiment_v4_prompt_think_true_gemma4_e4b_direct_brief_thinking_think_ctx16384_tok16384_n237,v4_social_signal_experiment_v4_prompt_think_true_gemma4_e4b_direct_brief_thinking_think_ctx16384_tok16384_n237.csv,gemma4:e4b,direct_brief_thinking,237,8532,True,5,0.10,weak,181,293,33,260,148,1.2362869198312236,0.11262798634812286,0.18232044198895028,0.13924050632911392,0.09868994889085513,0.13757283504118945,0.46875,0.963302752293578,0.6306306306306306,109,224,4,119
v4_social_signal_experiment_v4_prompt_think_true_gemma4_e4b_direct_brief_thinking_think_ctx16384_tok16384_n237,v4_social_signal_experiment_v4_prompt_think_true_gemma4_e4b_direct_brief_thinking_think_ctx16384_tok16384_n237.csv,gemma4:e4b,direct_brief_thinking,237,8532,True,5,0.15,weak,181,293,33,260,148,1.2362869198312236,0.11262798634812286,0.18232044198895028,0.13924050632911392,0.09868994889085513,0.13757283504118945,0.46875,0.963302752293578,0.6306306306306306,109,224,4,119
v4_social_signal_experiment_v4_prompt_think_true_gemma4_e4b_direct_brief_thinking_think_ctx16384_tok16384_n237,v4_social_signal_experiment_v4_prompt_think_true_gemma4_e4b_direct_brief_thinking_think_ctx16384_tok16384_n237.csv,gemma4:e4b,direct_brief_thinking,237,8532,True,5,0.20,weak,181,293,33,260,148,1.2362869198312236,0.11262798634812286,0.18232044198895028,0.13924050632911392,0.09868994889085513,0.13757283504118945,0.46875,0.963302752293578,0.6306306306306306,109,224,4,119
v4_social_signal_experiment_v4_prompt_think_true_gemma4_e4b_direct_brief_thinking_think_ctx16384_tok16384_n237,v4_social_signal_experiment_v4_prompt_think_true_gemma4_e4b_direct_brief_thinking_think_ctx16384_tok16384_n237.csv,gemma4:e4b,direct_brief_thinking,237,8532,True,5,0.25,weak,181,293,33,260,148,1.2362869198312236,0.11262798634812286,0.18232044198895028,0.13924050632911392,0.09868994889085513,0.13757283504118945,0.46875,0.963302752293578,0.6306306306306306,109,224,4,119
v4_social_signal_experiment_v4_prompt_think_true_gemma4_e4b_direct_brief_thinking_think_ctx16384_tok16384_n237,v4_social_signal_experiment_v4_prompt_think_true_gemma4_e4b_direct_brief_thinking_think_ctx16384_tok16384_n237.csv,gemma4:e4b,direct_brief_thinking,237,8532,True,5,0.30,weak,181,293,33,260,148,1.2362869198312236,0.11262798634812286,0.18232044198895028,0.13924050632911392,0.09868994889085513,0.13757283504118945,0.46875,0.963302752293578,0.6306306306306306,109,224,4,119
v4_social_signal_experiment_v4_prompt_think_true_gemma4_e4b_direct_brief_thinking_think_ctx16384_tok16384_n237,v4_social_signal_experiment_v4_prompt_think_true_gemma4_e4b_direct_brief_thinking_think_ctx16384_tok16384_n237.csv,gemma4:e4b,direct_brief_thinking,237,8532,True,5,0.35,weak,181,293,33,260,148,1.2362869198312236,0.11262798634812286,0.18232044198895028,0.13924050632911392,0.09868994889085513,0.13757283504118945,0.46875,0.963302752293578,0.6306306306306306,109,224,4,119
v4_social_signal_experiment_v4_prompt_think_true_gemma4_e4b_direct_brief_thinking_think_ctx16384_tok16384_n237,v4_social_signal_experiment_v4_prompt_think_true_gemma4_e4b_direct_brief_thinking_think_ctx16384_tok16384_n237.csv,gemma4:e4b,direct_brief_thinking,237,8532,True,5,0.40,weak,181,293,33,260,148,1.2362869198312236,0.11262798634812286,0.18232044198895028,0.13924050632911392,0.09868994889085513,0.13757283504118945,0.46875,0.963302752293578,0.6306306306306306,109,224,4,119
v4_social_signal_experiment_v4_prompt_think_true_gemma4_e4b_direct_brief_thinking_think_ctx16384_tok16384_n237,v4_social_signal_experiment_v4_prompt_think_true_gemma4_e4b_direct_brief_thinking_think_ctx16384_tok16384_n237.csv,gemma4:e4b,direct_brief_thinking,237,8532,True,5,0.45,weak,181,293,33,260,148,1.2362869198312236,0.11262798634812286,0.18232044198895028,0.13924050632911392,0.09868994889085513,0.13757283504118945,0.46875,0.963302752293578,0.6306306306306306,109,224,4,119
v4_social_signal_experiment_v4_prompt_think_true_gemma4_e4b_direct_brief_thinking_think_ctx16384_tok16384_n237,v4_social_signal_experiment_v4_prompt_think_true_gemma4_e4b_direct_brief_thinking_think_ctx16384_tok16384_n237.csv,gemma4:e4b,direct_brief_thinking,237,8532,True,5,0.50,weak,181,293,33,260,148,1.2362869198312236,0.11262798634812286,0.18232044198895028,0.13924050632911392,0.09868994889085513,0.13757283504118945,0.46875,0.963302752293578,0.6306306306306306,109,224,4,119
v4_social_signal_experiment_v4_prompt_think_true_gemma4_e4b_direct_brief_thinking_think_ctx16384_tok16384_n237,v4_social_signal_experiment_v4_prompt_think_true_gemma4_e4b_direct_brief_thinking_think_ctx16384_tok16384_n237.csv,gemma4:e4b,direct_brief_thinking,237,8532,True,5,0.55,weak,181,293,33,260,148,1.2362869198312236,0.11262798634812286,0.18232044198895028,0.13924050632911392,0.09868994889085513,0.13757283504118945,0.46875,0.963302752293578,0.6306306306306306,109,224,4,119
v4_social_signal_experiment_v4_prompt_think_true_gemma4_e4b_direct_brief_thinking_think_ctx16384_tok16384_n237,v4_social_signal_experiment_v4_prompt_think_true_gemma4_e4b_direct_brief_thinking_think_ctx16384_tok16384_n237.csv,gemma4:e4b,direct_brief_thinking,237,8532,True,5,0.60,weak,181,293,33,260,148,1.2362869198312236,0.11262798634812286,0.18232044198895028,0.13924050632911392,0.09868994889085513,0.13757283504118945,0.46875,0.963302752293578,0.6306306306306306,109,224,4,119
v4_social_signal_experiment_v4_prompt_think_true_gemma4_e4b_direct_core_gold_calibrated_v4_think_ctx16384_tok16384_n237,v4_social_signal_experiment_v4_prompt_think_true_gemma4_e4b_direct_core_gold_calibrated_v4_think_ctx16384_tok16384_n237.csv,gemma4:e4b,direct_core_gold_calibrated_v4,237,8532,True,0,0.75,weak,181,294,33,261,148,1.240506329113924,0.11224489795918367,0.18232044198895028,0.13894736842105262,0.13212813021185962,0.19662447257383966,0.4627659574468085,0.7981651376146789,0.5858585858585859,109,188,22,101
v4_social_signal_experiment_v4_prompt_think_true_gemma4_e4b_direct_core_recall_v2_think_ctx16384_tok16384_n237,v4_social_signal_experiment_v4_prompt_think_true_gemma4_e4b_direct_core_recall_v2_think_ctx16384_tok16384_n237.csv,gemma4:e4b,direct_core_recall_v2,237,8532,True,2,0.65,weak,181,298,33,265,148,1.2573839662447257,0.11073825503355705,0.18232044198895028,0.13778705636743216,0.08828587645071044,0.155877034358047,0.44878048780487806,0.8440366972477065,0.5859872611464968,109,205,17,113
v4_social_signal_experiment_v4_prompt_think_true_gemma4_e4b_direct_core_recall_v2_think_ctx16384_tok16384_n237,v4_social_signal_experiment_v4_prompt_think_true_gemma4_e4b_direct_core_recall_v2_think_ctx16384_tok16384_n237.csv,gemma4:e4b,direct_core_recall_v2,237,8532,True,2,0.70,weak,181,298,33,265,148,1.2573839662447257,0.11073825503355705,0.18232044198895028,0.13778705636743216,0.08828587645071044,0.155877034358047,0.44878048780487806,0.8440366972477065,0.5859872611464968,109,205,17,113
v4_social_signal_experiment_v4_prompt_think_true_gemma4_e4b_direct_brief_thinking_think_ctx16384_tok16384_n237,v4_social_signal_experiment_v4_prompt_think_true_gemma4_e4b_direct_brief_thinking_think_ctx16384_tok16384_n237.csv,gemma4:e4b,direct_brief_thinking,237,8532,True,5,0.65,weak,181,286,32,254,149,1.2067510548523206,0.11188811188811189,0.17679558011049723,0.13704496788008566,0.09871832751216707,0.13968253968253966,0.46846846846846846,0.9541284403669725,0.6283987915407855,109,222,5,118
v4_social_signal_experiment_v4_prompt_think_true_gemma4_e4b_direct_brief_thinking_think_ctx16384_tok16384_n237,v4_social_signal_experiment_v4_prompt_think_true_gemma4_e4b_direct_brief_thinking_think_ctx16384_tok16384_n237.csv,gemma4:e4b,direct_brief_thinking,237,8532,True,5,0.70,weak,181,286,32,254,149,1.2067510548523206,0.11188811188811189,0.17679558011049723,0.13704496788008566,0.09871832751216707,0.13968253968253966,0.46846846846846846,0.9541284403669725,0.6283987915407855,109,222,5,118
v4_social_signal_experiment_v4_prompt_think_true_gemma4_e4b_direct_core_recall_v2_think_ctx16384_tok16384_n237,v4_social_signal_experiment_v4_prompt_think_true_gemma4_e4b_direct_core_recall_v2_think_ctx16384_tok16384_n237.csv,gemma4:e4b,direct_core_recall_v2,237,8532,True,2,default,weak,181,304,33,271,148,1.2827004219409284,0.10855263157894737,0.18232044198895028,0.1360824742268041,0.08668652715458759,0.15025115531444644,0.44660194174757284,0.8440366972477065,0.5841269841269842,109,206,17,114
v4_social_signal_experiment_v4_prompt_think_true_gemma4_e4b_direct_core_recall_v2_think_ctx16384_tok16384_n237,v4_social_signal_experiment_v4_prompt_think_true_gemma4_e4b_direct_core_recall_v2_think_ctx16384_tok16384_n237.csv,gemma4:e4b,direct_core_recall_v2,237,8532,True,2,0.05,weak,181,304,33,271,148,1.2827004219409284,0.10855263157894737,0.18232044198895028,0.1360824742268041,0.08668652715458759,0.15025115531444644,0.44660194174757284,0.8440366972477065,0.5841269841269842,109,206,17,114
v4_social_signal_experiment_v4_prompt_think_true_gemma4_e4b_direct_core_recall_v2_think_ctx16384_tok16384_n237,v4_social_signal_experiment_v4_prompt_think_true_gemma4_e4b_direct_core_recall_v2_think_ctx16384_tok16384_n237.csv,gemma4:e4b,direct_core_recall_v2,237,8532,True,2,0.10,weak,181,304,33,271,148,1.2827004219409284,0.10855263157894737,0.18232044198895028,0.1360824742268041,0.08668652715458759,0.15025115531444644,0.44660194174757284,0.8440366972477065,0.5841269841269842,109,206,17,114
v4_social_signal_experiment_v4_prompt_think_true_gemma4_e4b_direct_core_recall_v2_think_ctx16384_tok16384_n237,v4_social_signal_experiment_v4_prompt_think_true_gemma4_e4b_direct_core_recall_v2_think_ctx16384_tok16384_n237.csv,gemma4:e4b,direct_core_recall_v2,237,8532,True,2,0.15,weak,181,304,33,271,148,1.2827004219409284,0.10855263157894737,0.18232044198895028,0.1360824742268041,0.08668652715458759,0.15025115531444644,0.44660194174757284,0.8440366972477065,0.5841269841269842,109,206,17,114
v4_social_signal_experiment_v4_prompt_think_true_gemma4_e4b_direct_core_recall_v2_think_ctx16384_tok16384_n237,v4_social_signal_experiment_v4_prompt_think_true_gemma4_e4b_direct_core_recall_v2_think_ctx16384_tok16384_n237.csv,gemma4:e4b,direct_core_recall_v2,237,8532,True,2,0.20,weak,181,304,33,271,148,1.2827004219409284,0.10855263157894737,0.18232044198895028,0.1360824742268041,0.08668652715458759,0.15025115531444644,0.44660194174757284,0.8440366972477065,0.5841269841269842,109,206,17,114
v4_social_signal_experiment_v4_prompt_think_true_gemma4_e4b_direct_core_recall_v2_think_ctx16384_tok16384_n237,v4_social_signal_experiment_v4_prompt_think_true_gemma4_e4b_direct_core_recall_v2_think_ctx16384_tok16384_n237.csv,gemma4:e4b,direct_core_recall_v2,237,8532,True,2,0.25,weak,181,304,33,271,148,1.2827004219409284,0.10855263157894737,0.18232044198895028,0.1360824742268041,0.08668652715458759,0.15025115531444644,0.44660194174757284,0.8440366972477065,0.5841269841269842,109,206,17,114
v4_social_signal_experiment_v4_prompt_think_true_gemma4_e4b_direct_core_recall_v2_think_ctx16384_tok16384_n237,v4_social_signal_experiment_v4_prompt_think_true_gemma4_e4b_direct_core_recall_v2_think_ctx16384_tok16384_n237.csv,gemma4:e4b,direct_core_recall_v2,237,8532,True,2,0.30,weak,181,304,33,271,148,1.2827004219409284,0.10855263157894737,0.18232044198895028,0.1360824742268041,0.08668652715458759,0.15025115531444644,0.44660194174757284,0.8440366972477065,0.5841269841269842,109,206,17,114
v4_social_signal_experiment_v4_prompt_think_true_gemma4_e4b_direct_core_recall_v2_think_ctx16384_tok16384_n237,v4_social_signal_experiment_v4_prompt_think_true_gemma4_e4b_direct_core_recall_v2_think_ctx16384_tok16384_n237.csv,gemma4:e4b,direct_core_recall_v2,237,8532,True,2,0.35,weak,181,304,33,271,148,1.2827004219409284,0.10855263157894737,0.18232044198895028,0.1360824742268041,0.08668652715458759,0.15025115531444644,0.44660194174757284,0.8440366972477065,0.5841269841269842,109,206,17,114
v4_social_signal_experiment_v4_prompt_think_true_gemma4_e4b_direct_core_recall_v2_think_ctx16384_tok16384_n237,v4_social_signal_experiment_v4_prompt_think_true_gemma4_e4b_direct_core_recall_v2_think_ctx16384_tok16384_n237.csv,gemma4:e4b,direct_core_recall_v2,237,8532,True,2,0.40,weak,181,304,33,271,148,1.2827004219409284,0.10855263157894737,0.18232044198895028,0.1360824742268041,0.08668652715458759,0.15025115531444644,0.44660194174757284,0.8440366972477065,0.5841269841269842,109,206,17,114
v4_social_signal_experiment_v4_prompt_think_true_gemma4_e4b_direct_core_recall_v2_think_ctx16384_tok16384_n237,v4_social_signal_experiment_v4_prompt_think_true_gemma4_e4b_direct_core_recall_v2_think_ctx16384_tok16384_n237.csv,gemma4:e4b,direct_core_recall_v2,237,8532,True,2,0.45,weak,181,304,33,271,148,1.2827004219409284,0.10855263157894737,0.18232044198895028,0.1360824742268041,0.08668652715458759,0.15025115531444644,0.44660194174757284,0.8440366972477065,0.5841269841269842,109,206,17,114
v4_social_signal_experiment_v4_prompt_think_true_gemma4_e4b_direct_core_recall_v2_think_ctx16384_tok16384_n237,v4_social_signal_experiment_v4_prompt_think_true_gemma4_e4b_direct_core_recall_v2_think_ctx16384_tok16384_n237.csv,gemma4:e4b,direct_core_recall_v2,237,8532,True,2,0.50,weak,181,304,33,271,148,1.2827004219409284,0.10855263157894737,0.18232044198895028,0.1360824742268041,0.08668652715458759,0.15025115531444644,0.44660194174757284,0.8440366972477065,0.5841269841269842,109,206,17,114
v4_social_signal_experiment_v4_prompt_think_true_gemma4_e4b_direct_core_recall_v2_think_ctx16384_tok16384_n237,v4_social_signal_experiment_v4_prompt_think_true_gemma4_e4b_direct_core_recall_v2_think_ctx16384_tok16384_n237.csv,gemma4:e4b,direct_core_recall_v2,237,8532,True,2,0.55,weak,181,304,33,271,148,1.2827004219409284,0.10855263157894737,0.18232044198895028,0.1360824742268041,0.08668652715458759,0.15025115531444644,0.44660194174757284,0.8440366972477065,0.5841269841269842,109,206,17,114
v4_social_signal_experiment_v4_prompt_think_true_gemma4_e4b_direct_core_recall_v2_think_ctx16384_tok16384_n237,v4_social_signal_experiment_v4_prompt_think_true_gemma4_e4b_direct_core_recall_v2_think_ctx16384_tok16384_n237.csv,gemma4:e4b,direct_core_recall_v2,237,8532,True,2,0.60,weak,181,304,33,271,148,1.2827004219409284,0.10855263157894737,0.18232044198895028,0.1360824742268041,0.08668652715458759,0.15025115531444644,0.44660194174757284,0.8440366972477065,0.5841269841269842,109,206,17,114
v4_social_signal_experiment_v4_prompt_think_true_gemma4_e4b_direct_core_targeted_v7_think_ctx16384_tok16384_n237,v4_social_signal_experiment_v4_prompt_think_true_gemma4_e4b_direct_core_targeted_v7_think_ctx16384_tok16384_n237.csv,gemma4:e4b,direct_core_targeted_v7,237,8532,True,3,0.85,weak,181,226,27,199,154,0.9535864978902954,0.11946902654867257,0.14917127071823205,0.13267813267813267,0.0454542634112503,0.22831022704440426,0.43670886075949367,0.6330275229357798,0.5168539325842697,109,158,40,89
v4_social_signal_experiment_v4_prompt_think_true_gemma4_e4b_direct_core_balanced_v8_think_ctx16384_tok16384_n237,v4_social_signal_experiment_v4_prompt_think_true_gemma4_e4b_direct_core_balanced_v8_think_ctx16384_tok16384_n237.csv,gemma4:e4b,direct_core_balanced_v8,237,8532,True,2,0.90,weak,181,182,24,158,157,0.7679324894514767,0.13186813186813187,0.13259668508287292,0.1322314049586777,0.04012397169511794,0.2856540084388185,0.463768115942029,0.5871559633027523,0.5182186234817814,109,138,45,74
v4_social_signal_experiment_v4_prompt_think_true_gemma4_e4b_direct_core_filtered_v3_think_ctx16384_tok16384_n237,v4_social_signal_experiment_v4_prompt_think_true_gemma4_e4b_direct_core_filtered_v3_think_ctx16384_tok16384_n237.csv,gemma4:e4b,direct_core_filtered_v3,237,8532,True,0,0.75,weak,181,259,28,231,153,1.0928270042194093,0.10810810810810811,0.15469613259668508,0.12727272727272726,0.051370332399363644,0.18038979304802086,0.4521276595744681,0.7798165137614679,0.5723905723905723,109,188,24,103
v4_social_signal_experiment_v4_prompt_think_true_gemma4_e4b_direct_core_gold_fewshot_v5_think_ctx16384_tok16384_n237,v4_social_signal_experiment_v4_prompt_think_true_gemma4_e4b_direct_core_gold_fewshot_v5_think_ctx16384_tok16384_n237.csv,gemma4:e4b,direct_core_gold_fewshot_v5,237,8532,True,1,0.85,weak,181,275,29,246,152,1.160337552742616,0.10545454545454545,0.16022099447513813,0.12719298245614036,0.11006085132322756,0.18706047819971872,0.42777777777777776,0.7064220183486238,0.532871972318339,109,180,32,103
v4_social_signal_experiment_v4_prompt_think_true_gemma4_e4b_direct_brief_thinking_think_ctx16384_tok16384_n237,v4_social_signal_experiment_v4_prompt_think_true_gemma4_e4b_direct_brief_thinking_think_ctx16384_tok16384_n237.csv,gemma4:e4b,direct_brief_thinking,237,8532,True,5,0.75,weak,181,213,25,188,156,0.8987341772151899,0.11737089201877934,0.13812154696132597,0.12690355329949238,0.10052753883922715,0.21746031746031746,0.46629213483146065,0.7614678899082569,0.578397212543554,109,178,26,95
v4_social_signal_experiment_v4_prompt_think_true_gemma4_e4b_direct_brief_thinking_think_ctx16384_tok16384_n237,v4_social_signal_experiment_v4_prompt_think_true_gemma4_e4b_direct_brief_thinking_think_ctx16384_tok16384_n237.csv,gemma4:e4b,direct_brief_thinking,237,8532,True,5,0.80,weak,181,213,25,188,156,0.8987341772151899,0.11737089201877934,0.13812154696132597,0.12690355329949238,0.10052753883922715,0.21746031746031746,0.46629213483146065,0.7614678899082569,0.578397212543554,109,178,26,95
v4_social_signal_experiment_v4_prompt_think_true_gemma4_e2b_direct_core_recall_v2_think_ctx16384_tok16384_n237,v4_social_signal_experiment_v4_prompt_think_true_gemma4_e2b_direct_core_recall_v2_think_ctx16384_tok16384_n237.csv,gemma4:e2b,direct_core_recall_v2,237,8532,True,10,default,weak,181,169,22,147,159,0.7130801687763713,0.1301775147928994,0.12154696132596685,0.12571428571428572,0.11487447940587439,0.24699618243922042,0.44155844155844154,0.6238532110091743,0.5171102661596958,109,154,41,86
v4_social_signal_experiment_v4_prompt_think_true_gemma4_e2b_direct_core_recall_v2_think_ctx16384_tok16384_n237,v4_social_signal_experiment_v4_prompt_think_true_gemma4_e2b_direct_core_recall_v2_think_ctx16384_tok16384_n237.csv,gemma4:e2b,direct_core_recall_v2,237,8532,True,10,0.05,weak,181,169,22,147,159,0.7130801687763713,0.1301775147928994,0.12154696132596685,0.12571428571428572,0.11487447940587439,0.24699618243922042,0.44155844155844154,0.6238532110091743,0.5171102661596958,109,154,41,86
v4_social_signal_experiment_v4_prompt_think_true_gemma4_e2b_direct_core_recall_v2_think_ctx16384_tok16384_n237,v4_social_signal_experiment_v4_prompt_think_true_gemma4_e2b_direct_core_recall_v2_think_ctx16384_tok16384_n237.csv,gemma4:e2b,direct_core_recall_v2,237,8532,True,10,0.10,weak,181,169,22,147,159,0.7130801687763713,0.1301775147928994,0.12154696132596685,0.12571428571428572,0.11487447940587439,0.24699618243922042,0.44155844155844154,0.6238532110091743,0.5171102661596958,109,154,41,86
v4_social_signal_experiment_v4_prompt_think_true_gemma4_e2b_direct_core_recall_v2_think_ctx16384_tok16384_n237,v4_social_signal_experiment_v4_prompt_think_true_gemma4_e2b_direct_core_recall_v2_think_ctx16384_tok16384_n237.csv,gemma4:e2b,direct_core_recall_v2,237,8532,True,10,0.15,weak,181,169,22,147,159,0.7130801687763713,0.1301775147928994,0.12154696132596685,0.12571428571428572,0.11487447940587439,0.24699618243922042,0.44155844155844154,0.6238532110091743,0.5171102661596958,109,154,41,86
v4_social_signal_experiment_v4_prompt_think_true_gemma4_e2b_direct_core_recall_v2_think_ctx16384_tok16384_n237,v4_social_signal_experiment_v4_prompt_think_true_gemma4_e2b_direct_core_recall_v2_think_ctx16384_tok16384_n237.csv,gemma4:e2b,direct_core_recall_v2,237,8532,True,10,0.20,weak,181,169,22,147,159,0.7130801687763713,0.1301775147928994,0.12154696132596685,0.12571428571428572,0.11487447940587439,0.24699618243922042,0.44155844155844154,0.6238532110091743,0.5171102661596958,109,154,41,86
v4_social_signal_experiment_v4_prompt_think_true_gemma4_e2b_direct_core_recall_v2_think_ctx16384_tok16384_n237,v4_social_signal_experiment_v4_prompt_think_true_gemma4_e2b_direct_core_recall_v2_think_ctx16384_tok16384_n237.csv,gemma4:e2b,direct_core_recall_v2,237,8532,True,10,0.25,weak,181,169,22,147,159,0.7130801687763713,0.1301775147928994,0.12154696132596685,0.12571428571428572,0.11487447940587439,0.24699618243922042,0.44155844155844154,0.6238532110091743,0.5171102661596958,109,154,41,86
v4_social_signal_experiment_v4_prompt_think_true_gemma4_e2b_direct_core_recall_v2_think_ctx16384_tok16384_n237,v4_social_signal_experiment_v4_prompt_think_true_gemma4_e2b_direct_core_recall_v2_think_ctx16384_tok16384_n237.csv,gemma4:e2b,direct_core_recall_v2,237,8532,True,10,0.30,weak,181,169,22,147,159,0.7130801687763713,0.1301775147928994,0.12154696132596685,0.12571428571428572,0.11487447940587439,0.24699618243922042,0.44155844155844154,0.6238532110091743,0.5171102661596958,109,154,41,86
v4_social_signal_experiment_v4_prompt_think_true_gemma4_e2b_direct_core_recall_v2_think_ctx16384_tok16384_n237,v4_social_signal_experiment_v4_prompt_think_true_gemma4_e2b_direct_core_recall_v2_think_ctx16384_tok16384_n237.csv,gemma4:e2b,direct_core_recall_v2,237,8532,True,10,0.35,weak,181,169,22,147,159,0.7130801687763713,0.1301775147928994,0.12154696132596685,0.12571428571428572,0.11487447940587439,0.24699618243922042,0.44155844155844154,0.6238532110091743,0.5171102661596958,109,154,41,86
v4_social_signal_experiment_v4_prompt_think_true_gemma4_e2b_direct_core_recall_v2_think_ctx16384_tok16384_n237,v4_social_signal_experiment_v4_prompt_think_true_gemma4_e2b_direct_core_recall_v2_think_ctx16384_tok16384_n237.csv,gemma4:e2b,direct_core_recall_v2,237,8532,True,10,0.40,weak,181,169,22,147,159,0.7130801687763713,0.1301775147928994,0.12154696132596685,0.12571428571428572,0.11487447940587439,0.24699618243922042,0.44155844155844154,0.6238532110091743,0.5171102661596958,109,154,41,86
v4_social_signal_experiment_v4_prompt_think_true_gemma4_e2b_direct_core_recall_v2_think_ctx16384_tok16384_n237,v4_social_signal_experiment_v4_prompt_think_true_gemma4_e2b_direct_core_recall_v2_think_ctx16384_tok16384_n237.csv,gemma4:e2b,direct_core_recall_v2,237,8532,True,10,0.45,weak,181,169,22,147,159,0.7130801687763713,0.1301775147928994,0.12154696132596685,0.12571428571428572,0.11487447940587439,0.24699618243922042,0.44155844155844154,0.6238532110091743,0.5171102661596958,109,154,41,86
v4_social_signal_experiment_v4_prompt_think_true_gemma4_e2b_direct_core_recall_v2_think_ctx16384_tok16384_n237,v4_social_signal_experiment_v4_prompt_think_true_gemma4_e2b_direct_core_recall_v2_think_ctx16384_tok16384_n237.csv,gemma4:e2b,direct_core_recall_v2,237,8532,True,10,0.50,weak,181,169,22,147,159,0.7130801687763713,0.1301775147928994,0.12154696132596685,0.12571428571428572,0.11487447940587439,0.24699618243922042,0.44155844155844154,0.6238532110091743,0.5171102661596958,109,154,41,86
v4_social_signal_experiment_v4_prompt_think_true_gemma4_e2b_direct_core_recall_v2_think_ctx16384_tok16384_n237,v4_social_signal_experiment_v4_prompt_think_true_gemma4_e2b_direct_core_recall_v2_think_ctx16384_tok16384_n237.csv,gemma4:e2b,direct_core_recall_v2,237,8532,True,10,0.55,weak,181,169,22,147,159,0.7130801687763713,0.1301775147928994,0.12154696132596685,0.12571428571428572,0.11487447940587439,0.24699618243922042,0.44155844155844154,0.6238532110091743,0.5171102661596958,109,154,41,86
v4_social_signal_experiment_v4_prompt_think_true_gemma4_e2b_direct_core_recall_v2_think_ctx16384_tok16384_n237,v4_social_signal_experiment_v4_prompt_think_true_gemma4_e2b_direct_core_recall_v2_think_ctx16384_tok16384_n237.csv,gemma4:e2b,direct_core_recall_v2,237,8532,True,10,0.60,weak,181,169,22,147,159,0.7130801687763713,0.1301775147928994,0.12154696132596685,0.12571428571428572,0.11487447940587439,0.24699618243922042,0.44155844155844154,0.6238532110091743,0.5171102661596958,109,154,41,86
v4_social_signal_experiment_v4_prompt_think_true_gemma4_e4b_direct_core_recall_v2_think_ctx16384_tok16384_n237,v4_social_signal_experiment_v4_prompt_think_true_gemma4_e4b_direct_core_recall_v2_think_ctx16384_tok16384_n237.csv,gemma4:e4b,direct_core_recall_v2,237,8532,True,2,0.80,weak,181,239,26,213,155,1.0084388185654007,0.1087866108786611,0.143646408839779,0.12380952380952381,0.08096498221586312,0.19704641350210972,0.4342857142857143,0.6972477064220184,0.5352112676056338,109,175,33,99
v4_social_signal_experiment_v4_prompt_think_true_gemma4_e4b_direct_core_recall_v2_think_ctx16384_tok16384_n237,v4_social_signal_experiment_v4_prompt_think_true_gemma4_e4b_direct_core_recall_v2_think_ctx16384_tok16384_n237.csv,gemma4:e4b,direct_core_recall_v2,237,8532,True,2,0.75,weak,181,242,26,216,155,1.021097046413502,0.10743801652892562,0.143646408839779,0.12293144208037825,0.0807660865864857,0.19704641350210972,0.4342857142857143,0.6972477064220184,0.5352112676056338,109,175,33,99
v4_social_signal_experiment_v4_prompt_think_true_gemma4_e2b_direct_core_recall_v2_think_ctx16384_tok16384_n237,v4_social_signal_experiment_v4_prompt_think_true_gemma4_e2b_direct_core_recall_v2_think_ctx16384_tok16384_n237.csv,gemma4:e2b,direct_core_recall_v2,237,8532,True,10,0.65,weak,181,162,21,141,160,0.6835443037974683,0.12962962962962962,0.11602209944751381,0.12244897959183673,0.11271814470424202,0.26688768334337953,0.4489795918367347,0.6055045871559633,0.515625,109,147,43,81
v4_social_signal_experiment_v4_prompt_think_true_gemma4_e4b_direct_business_migration_fixed_think_ctx16384_tok16384_n237,v4_social_signal_experiment_v4_prompt_think_true_gemma4_e4b_direct_business_migration_fixed_think_ctx16384_tok16384_n237.csv,gemma4:e4b,direct_business_migration_fixed,237,8532,True,2,0.85,weak,181,213,24,189,157,0.8987341772151899,0.11267605633802817,0.13259668508287292,0.1218274111675127,0.06991054637682204,0.20170785613823589,0.4585635359116022,0.7614678899082569,0.5724137931034483,109,181,26,98
v4_social_signal_experiment_v4_prompt_think_true_gemma4_e4b_direct_business_migration_fixed_think_ctx16384_tok16384_n237,v4_social_signal_experiment_v4_prompt_think_true_gemma4_e4b_direct_business_migration_fixed_think_ctx16384_tok16384_n237.csv,gemma4:e4b,direct_business_migration_fixed,237,8532,True,2,0.80,weak,181,217,24,193,157,0.9156118143459916,0.11059907834101383,0.13259668508287292,0.12060301507537688,0.06988727215999943,0.20170785613823589,0.46153846153846156,0.7706422018348624,0.5773195876288659,109,182,25,98
v4_social_signal_experiment_v4_prompt_think_true_gemma4_e4b_direct_business_migration_fixed_think_ctx16384_tok16384_n237,v4_social_signal_experiment_v4_prompt_think_true_gemma4_e4b_direct_business_migration_fixed_think_ctx16384_tok16384_n237.csv,gemma4:e4b,direct_business_migration_fixed,237,8532,True,2,0.65,weak,181,268,27,241,154,1.130801687763713,0.10074626865671642,0.14917127071823205,0.12026726057906459,0.06805272693826092,0.14221418525215992,0.4597156398104265,0.8899082568807339,0.60625,109,211,12,114
v4_social_signal_experiment_v4_prompt_think_true_gemma4_e4b_direct_business_migration_fixed_think_ctx16384_tok16384_n237,v4_social_signal_experiment_v4_prompt_think_true_gemma4_e4b_direct_business_migration_fixed_think_ctx16384_tok16384_n237.csv,gemma4:e4b,direct_business_migration_fixed,237,8532,True,2,0.70,weak,181,268,27,241,154,1.130801687763713,0.10074626865671642,0.14917127071823205,0.12026726057906459,0.06805272693826092,0.14221418525215992,0.4597156398104265,0.8899082568807339,0.60625,109,211,12,114
v4_social_signal_experiment_v4_prompt_think_true_gemma4_e4b_direct_core_clean_fewshot_v6_think_ctx16384_tok16384_n237,v4_social_signal_experiment_v4_prompt_think_true_gemma4_e4b_direct_core_clean_fewshot_v6_think_ctx16384_tok16384_n237.csv,gemma4:e4b,direct_core_clean_fewshot_v6,237,8532,True,2,0.90,weak,181,186,22,164,159,0.7848101265822784,0.11827956989247312,0.12154696132596685,0.11989100817438691,0.038249229405349784,0.24050632911392406,0.44805194805194803,0.6330275229357798,0.5247148288973384,109,154,40,85
v4_social_signal_experiment_v4_prompt_think_true_gemma4_e4b_direct_brief_thinking_think_ctx16384_tok16384_n237,v4_social_signal_experiment_v4_prompt_think_true_gemma4_e4b_direct_brief_thinking_think_ctx16384_tok16384_n237.csv,gemma4:e4b,direct_brief_thinking,237,8532,True,5,0.85,weak,181,206,23,183,158,0.869198312236287,0.11165048543689321,0.1270718232044199,0.11886304909560723,0.09715120342298043,0.21535061281896725,0.45977011494252873,0.7339449541284404,0.5653710247349824,109,174,29,94
v4_social_signal_experiment_v4_prompt_think_true_gemma4_e4b_direct_business_migration_fixed_think_ctx16384_tok16384_n237,v4_social_signal_experiment_v4_prompt_think_true_gemma4_e4b_direct_business_migration_fixed_think_ctx16384_tok16384_n237.csv,gemma4:e4b,direct_business_migration_fixed,237,8532,True,2,default,weak,181,274,27,247,154,1.1561181434599157,0.09854014598540146,0.14917127071823205,0.11868131868131868,0.06706661907507573,0.14221418525215992,0.46226415094339623,0.8990825688073395,0.6105919003115264,109,212,11,114
v4_social_signal_experiment_v4_prompt_think_true_gemma4_e4b_direct_business_migration_fixed_think_ctx16384_tok16384_n237,v4_social_signal_experiment_v4_prompt_think_true_gemma4_e4b_direct_business_migration_fixed_think_ctx16384_tok16384_n237.csv,gemma4:e4b,direct_business_migration_fixed,237,8532,True,2,0.05,weak,181,274,27,247,154,1.1561181434599157,0.09854014598540146,0.14917127071823205,0.11868131868131868,0.06706661907507573,0.14221418525215992,0.46226415094339623,0.8990825688073395,0.6105919003115264,109,212,11,114
v4_social_signal_experiment_v4_prompt_think_true_gemma4_e4b_direct_business_migration_fixed_think_ctx16384_tok16384_n237,v4_social_signal_experiment_v4_prompt_think_true_gemma4_e4b_direct_business_migration_fixed_think_ctx16384_tok16384_n237.csv,gemma4:e4b,direct_business_migration_fixed,237,8532,True,2,0.10,weak,181,274,27,247,154,1.1561181434599157,0.09854014598540146,0.14917127071823205,0.11868131868131868,0.06706661907507573,0.14221418525215992,0.46226415094339623,0.8990825688073395,0.6105919003115264,109,212,11,114
v4_social_signal_experiment_v4_prompt_think_true_gemma4_e4b_direct_business_migration_fixed_think_ctx16384_tok16384_n237,v4_social_signal_experiment_v4_prompt_think_true_gemma4_e4b_direct_business_migration_fixed_think_ctx16384_tok16384_n237.csv,gemma4:e4b,direct_business_migration_fixed,237,8532,True,2,0.15,weak,181,274,27,247,154,1.1561181434599157,0.09854014598540146,0.14917127071823205,0.11868131868131868,0.06706661907507573,0.14221418525215992,0.46226415094339623,0.8990825688073395,0.6105919003115264,109,212,11,114
v4_social_signal_experiment_v4_prompt_think_true_gemma4_e4b_direct_business_migration_fixed_think_ctx16384_tok16384_n237,v4_social_signal_experiment_v4_prompt_think_true_gemma4_e4b_direct_business_migration_fixed_think_ctx16384_tok16384_n237.csv,gemma4:e4b,direct_business_migration_fixed,237,8532,True,2,0.20,weak,181,274,27,247,154,1.1561181434599157,0.09854014598540146,0.14917127071823205,0.11868131868131868,0.06706661907507573,0.14221418525215992,0.46226415094339623,0.8990825688073395,0.6105919003115264,109,212,11,114
v4_social_signal_experiment_v4_prompt_think_true_gemma4_e4b_direct_business_migration_fixed_think_ctx16384_tok16384_n237,v4_social_signal_experiment_v4_prompt_think_true_gemma4_e4b_direct_business_migration_fixed_think_ctx16384_tok16384_n237.csv,gemma4:e4b,direct_business_migration_fixed,237,8532,True,2,0.25,weak,181,274,27,247,154,1.1561181434599157,0.09854014598540146,0.14917127071823205,0.11868131868131868,0.06706661907507573,0.14221418525215992,0.46226415094339623,0.8990825688073395,0.6105919003115264,109,212,11,114
v4_social_signal_experiment_v4_prompt_think_true_gemma4_e4b_direct_business_migration_fixed_think_ctx16384_tok16384_n237,v4_social_signal_experiment_v4_prompt_think_true_gemma4_e4b_direct_business_migration_fixed_think_ctx16384_tok16384_n237.csv,gemma4:e4b,direct_business_migration_fixed,237,8532,True,2,0.30,weak,181,274,27,247,154,1.1561181434599157,0.09854014598540146,0.14917127071823205,0.11868131868131868,0.06706661907507573,0.14221418525215992,0.46226415094339623,0.8990825688073395,0.6105919003115264,109,212,11,114
v4_social_signal_experiment_v4_prompt_think_true_gemma4_e4b_direct_business_migration_fixed_think_ctx16384_tok16384_n237,v4_social_signal_experiment_v4_prompt_think_true_gemma4_e4b_direct_business_migration_fixed_think_ctx16384_tok16384_n237.csv,gemma4:e4b,direct_business_migration_fixed,237,8532,True,2,0.35,weak,181,274,27,247,154,1.1561181434599157,0.09854014598540146,0.14917127071823205,0.11868131868131868,0.06706661907507573,0.14221418525215992,0.46226415094339623,0.8990825688073395,0.6105919003115264,109,212,11,114
v4_social_signal_experiment_v4_prompt_think_true_gemma4_e4b_direct_business_migration_fixed_think_ctx16384_tok16384_n237,v4_social_signal_experiment_v4_prompt_think_true_gemma4_e4b_direct_business_migration_fixed_think_ctx16384_tok16384_n237.csv,gemma4:e4b,direct_business_migration_fixed,237,8532,True,2,0.40,weak,181,274,27,247,154,1.1561181434599157,0.09854014598540146,0.14917127071823205,0.11868131868131868,0.06706661907507573,0.14221418525215992,0.46226415094339623,0.8990825688073395,0.6105919003115264,109,212,11,114
v4_social_signal_experiment_v4_prompt_think_true_gemma4_e4b_direct_business_migration_fixed_think_ctx16384_tok16384_n237,v4_social_signal_experiment_v4_prompt_think_true_gemma4_e4b_direct_business_migration_fixed_think_ctx16384_tok16384_n237.csv,gemma4:e4b,direct_business_migration_fixed,237,8532,True,2,0.45,weak,181,274,27,247,154,1.1561181434599157,0.09854014598540146,0.14917127071823205,0.11868131868131868,0.06706661907507573,0.14221418525215992,0.46226415094339623,0.8990825688073395,0.6105919003115264,109,212,11,114
v4_social_signal_experiment_v4_prompt_think_true_gemma4_e4b_direct_business_migration_fixed_think_ctx16384_tok16384_n237,v4_social_signal_experiment_v4_prompt_think_true_gemma4_e4b_direct_business_migration_fixed_think_ctx16384_tok16384_n237.csv,gemma4:e4b,direct_business_migration_fixed,237,8532,True,2,0.50,weak,181,274,27,247,154,1.1561181434599157,0.09854014598540146,0.14917127071823205,0.11868131868131868,0.06706661907507573,0.14221418525215992,0.46226415094339623,0.8990825688073395,0.6105919003115264,109,212,11,114
v4_social_signal_experiment_v4_prompt_think_true_gemma4_e4b_direct_business_migration_fixed_think_ctx16384_tok16384_n237,v4_social_signal_experiment_v4_prompt_think_true_gemma4_e4b_direct_business_migration_fixed_think_ctx16384_tok16384_n237.csv,gemma4:e4b,direct_business_migration_fixed,237,8532,True,2,0.55,weak,181,274,27,247,154,1.1561181434599157,0.09854014598540146,0.14917127071823205,0.11868131868131868,0.06706661907507573,0.14221418525215992,0.46226415094339623,0.8990825688073395,0.6105919003115264,109,212,11,114
v4_social_signal_experiment_v4_prompt_think_true_gemma4_e4b_direct_business_migration_fixed_think_ctx16384_tok16384_n237,v4_social_signal_experiment_v4_prompt_think_true_gemma4_e4b_direct_business_migration_fixed_think_ctx16384_tok16384_n237.csv,gemma4:e4b,direct_business_migration_fixed,237,8532,True,2,0.60,weak,181,274,27,247,154,1.1561181434599157,0.09854014598540146,0.14917127071823205,0.11868131868131868,0.06706661907507573,0.14221418525215992,0.46226415094339623,0.8990825688073395,0.6105919003115264,109,212,11,114
v4_social_signal_experiment_v4_prompt_think_true_gemma4_e4b_direct_business_migration_fixed_think_ctx16384_tok16384_n237,v4_social_signal_experiment_v4_prompt_think_true_gemma4_e4b_direct_business_migration_fixed_think_ctx16384_tok16384_n237.csv,gemma4:e4b,direct_business_migration_fixed,237,8532,True,2,0.75,weak,181,224,24,200,157,0.9451476793248945,0.10714285714285714,0.13259668508287292,0.11851851851851852,0.06929564252019492,0.1970665059272654,0.46195652173913043,0.7798165137614679,0.5802047781569966,109,184,24,99
v4_social_signal_experiment_v4_prompt_think_true_gemma4_e4b_direct_core_recall_v2_think_ctx16384_tok16384_n237,v4_social_signal_experiment_v4_prompt_think_true_gemma4_e4b_direct_core_recall_v2_think_ctx16384_tok16384_n237.csv,gemma4:e4b,direct_core_recall_v2,237,8532,True,2,0.85,weak,181,225,24,201,157,0.9493670886075949,0.10666666666666667,0.13259668508287292,0.11822660098522167,0.07187617055154566,0.20176813341370303,0.4393063583815029,0.6972477064220184,0.5390070921985816,109,173,33,97
v4_social_signal_experiment_v4_prompt_think_true_gemma4_e2b_direct_core_recall_v2_think_ctx16384_tok16384_n237,v4_social_signal_experiment_v4_prompt_think_true_gemma4_e2b_direct_core_recall_v2_think_ctx16384_tok16384_n237.csv,gemma4:e2b,direct_core_recall_v2,237,8532,True,10,0.85,weak,181,135,18,117,163,0.569620253164557,0.13333333333333333,0.09944751381215469,0.11392405063291139,0.10149054543712652,0.31470765521398436,0.45081967213114754,0.5045871559633027,0.47619047619047616,109,122,54,67
v4_social_signal_experiment_v4_prompt_think_true_gemma4_e2b_direct_core_recall_v2_think_ctx16384_tok16384_n237,v4_social_signal_experiment_v4_prompt_think_true_gemma4_e2b_direct_core_recall_v2_think_ctx16384_tok16384_n237.csv,gemma4:e2b,direct_core_recall_v2,237,8532,True,10,0.80,weak,181,136,18,118,163,0.5738396624472574,0.1323529411764706,0.09944751381215469,0.11356466876971609,0.10135860190895657,0.31470765521398436,0.45081967213114754,0.5045871559633027,0.47619047619047616,109,122,54,67
v4_social_signal_experiment_v4_prompt_think_true_gemma4_e2b_direct_core_recall_v2_think_ctx16384_tok16384_n237,v4_social_signal_experiment_v4_prompt_think_true_gemma4_e2b_direct_core_recall_v2_think_ctx16384_tok16384_n237.csv,gemma4:e2b,direct_core_recall_v2,237,8532,True,10,0.70,weak,181,138,18,120,163,0.5822784810126582,0.13043478260869565,0.09944751381215469,0.11285266457680251,0.10135860190895657,0.31048824593128393,0.45161290322580644,0.5137614678899083,0.48068669527896996,109,124,53,68
v4_social_signal_experiment_v4_prompt_think_true_gemma4_e2b_direct_core_recall_v2_think_ctx16384_tok16384_n237,v4_social_signal_experiment_v4_prompt_think_true_gemma4_e2b_direct_core_recall_v2_think_ctx16384_tok16384_n237.csv,gemma4:e2b,direct_core_recall_v2,237,8532,True,10,0.75,weak,181,138,18,120,163,0.5822784810126582,0.13043478260869565,0.09944751381215469,0.11285266457680251,0.10135860190895657,0.31048824593128393,0.45161290322580644,0.5137614678899083,0.48068669527896996,109,124,53,68
v4_social_signal_experiment_v4_prompt_think_true_gemma4_e4b_direct_core_filtered_v3_think_ctx16384_tok16384_n237,v4_social_signal_experiment_v4_prompt_think_true_gemma4_e4b_direct_core_filtered_v3_think_ctx16384_tok16384_n237.csv,gemma4:e4b,direct_core_filtered_v3,237,8532,True,0,0.80,weak,181,226,22,204,159,0.9535864978902954,0.09734513274336283,0.12154696132596685,0.10810810810810811,0.048033217769166865,0.2122362869198312,0.4457831325301205,0.6788990825688074,0.5381818181818182,109,166,35,92
v4_social_signal_experiment_v4_prompt_think_true_gemma4_e4b_direct_core_gold_calibrated_v4_think_ctx16384_tok16384_n237,v4_social_signal_experiment_v4_prompt_think_true_gemma4_e4b_direct_core_gold_calibrated_v4_think_ctx16384_tok16384_n237.csv,gemma4:e4b,direct_core_gold_calibrated_v4,237,8532,True,0,0.80,weak,181,233,22,211,159,0.9831223628691983,0.0944206008583691,0.12154696132596685,0.10628019323671498,0.051015168060622604,0.2396021699819168,0.46875,0.6880733944954128,0.5576208178438662,109,160,34,85
v4_social_signal_experiment_v4_prompt_think_true_gemma4_e4b_gold_mimic_broad_v1_think_ctx16384_tok16384_n237,v4_social_signal_experiment_v4_prompt_think_true_gemma4_e4b_gold_mimic_broad_v1_think_ctx16384_tok16384_n237.csv,gemma4:e4b,gold_mimic_broad_v1,237,8532,True,3,0.90,weak,181,199,20,179,161,0.8396624472573839,0.10050251256281408,0.11049723756906077,0.10526315789473684,0.06630178976728134,0.2455093429776974,0.4533333333333333,0.6238532110091743,0.525096525096525,109,150,41,82
v4_social_signal_experiment_v4_prompt_think_true_gemma4_e4b_direct_core_targeted_v7_think_ctx16384_tok16384_n237,v4_social_signal_experiment_v4_prompt_think_true_gemma4_e4b_direct_core_targeted_v7_think_ctx16384_tok16384_n237.csv,gemma4:e4b,direct_core_targeted_v7,237,8532,True,3,0.90,weak,181,173,18,155,163,0.729957805907173,0.10404624277456648,0.09944751381215469,0.1016949152542373,0.037138528350866944,0.26618444846292943,0.4411764705882353,0.5504587155963303,0.4897959183673469,109,136,49,76
v4_social_signal_experiment_v4_prompt_think_true_gemma4_e4b_direct_core_gold_calibrated_v4_think_ctx16384_tok16384_n237,v4_social_signal_experiment_v4_prompt_think_true_gemma4_e4b_direct_core_gold_calibrated_v4_think_ctx16384_tok16384_n237.csv,gemma4:e4b,direct_core_gold_calibrated_v4,237,8532,True,0,0.85,weak,181,207,19,188,162,0.8734177215189873,0.09178743961352658,0.10497237569060773,0.0979381443298969,0.047674547674547665,0.2524010448061081,0.4520547945205479,0.6055045871559633,0.5176470588235295,109,146,43,80
v4_social_signal_experiment_v4_prompt_think_true_gemma4_e4b_direct_core_gold_fewshot_v5_think_ctx16384_tok16384_n237,v4_social_signal_experiment_v4_prompt_think_true_gemma4_e4b_direct_core_gold_fewshot_v5_think_ctx16384_tok16384_n237.csv,gemma4:e4b,direct_core_gold_fewshot_v5,237,8532,True,1,0.90,weak,181,183,17,166,164,0.7721518987341772,0.09289617486338798,0.09392265193370165,0.09340659340659341,0.04222609064547351,0.24022503516174404,0.43448275862068964,0.5779816513761468,0.49606299212598426,109,145,46,82
v4_social_signal_experiment_v4_prompt_think_true_gemma4_e4b_direct_core_gold_calibrated_v4_think_ctx16384_tok16384_n237,v4_social_signal_experiment_v4_prompt_think_true_gemma4_e4b_direct_core_gold_calibrated_v4_think_ctx16384_tok16384_n237.csv,gemma4:e4b,direct_core_gold_calibrated_v4,237,8532,True,0,0.90,weak,181,157,14,143,167,0.6624472573839663,0.08917197452229299,0.07734806629834254,0.08284023668639054,0.033005757293648824,0.2857343781394414,0.4444444444444444,0.5137614678899083,0.4765957446808511,109,126,53,70
v4_social_signal_experiment_v4_prompt_think_true_gemma4_e4b_direct_core_filtered_v3_think_ctx16384_tok16384_n237,v4_social_signal_experiment_v4_prompt_think_true_gemma4_e4b_direct_core_filtered_v3_think_ctx16384_tok16384_n237.csv,gemma4:e4b,direct_core_filtered_v3,237,8532,True,0,0.90,weak,181,142,11,131,170,0.5991561181434599,0.07746478873239436,0.06077348066298342,0.06811145510835913,0.027325639785746172,0.28846694796061884,0.4322033898305085,0.46788990825688076,0.44933920704845814,109,118,58,67
v4_social_signal_experiment_v4_prompt_think_true_gemma4_e4b_direct_core_filtered_v3_think_ctx16384_tok16384_n237,v4_social_signal_experiment_v4_prompt_think_true_gemma4_e4b_direct_core_filtered_v3_think_ctx16384_tok16384_n237.csv,gemma4:e4b,direct_core_filtered_v3,237,8532,True,0,0.85,weak,181,174,12,162,169,0.7341772151898734,0.06896551724137931,0.06629834254143646,0.0676056338028169,0.028039714898908333,0.2648382559774965,0.43846153846153846,0.5229357798165137,0.4769874476987448,109,130,52,73
v4_social_signal_experiment_v4_prompt_think_true_gemma4_e4b_direct_core_gold_calibrated_v4_think_ctx16384_tok16384_n237,v4_social_signal_experiment_v4_prompt_think_true_gemma4_e4b_direct_core_gold_calibrated_v4_think_ctx16384_tok16384_n237.csv,gemma4:e4b,direct_core_gold_calibrated_v4,237,8532,True,0,0.95,weak,181,85,7,78,174,0.35864978902953587,0.08235294117647059,0.03867403314917127,0.05263157894736842,0.014893679559202715,0.36182439220413903,0.44047619047619047,0.3394495412844037,0.38341968911917096,109,84,72,47
v4_social_signal_experiment_v4_prompt_think_true_gemma4_e4b_direct_core_targeted_v7_think_ctx16384_tok16384_n237,v4_social_signal_experiment_v4_prompt_think_true_gemma4_e4b_direct_core_targeted_v7_think_ctx16384_tok16384_n237.csv,gemma4:e4b,direct_core_targeted_v7,237,8532,True,3,0.95,weak,181,88,7,81,174,0.37130801687763715,0.07954545454545454,0.03867403314917127,0.05204460966542751,0.012892662892662892,0.361121157323689,0.45977011494252873,0.3669724770642202,0.40816326530612246,109,87,69,47
v4_social_signal_experiment_v4_prompt_think_true_gemma4_e4b_direct_business_migration_fixed_think_ctx16384_tok16384_n237,v4_social_signal_experiment_v4_prompt_think_true_gemma4_e4b_direct_business_migration_fixed_think_ctx16384_tok16384_n237.csv,gemma4:e4b,direct_business_migration_fixed,237,8532,True,2,0.90,weak,181,74,6,68,175,0.31223628691983124,0.08108108108108109,0.03314917127071823,0.047058823529411764,0.03051397754787585,0.41217600964436407,0.4852941176470588,0.30275229357798167,0.3728813559322034,109,68,76,35
v4_social_signal_experiment_v4_prompt_think_true_gemma4_e4b_direct_core_gold_fewshot_v5_think_ctx16384_tok16384_n237,v4_social_signal_experiment_v4_prompt_think_true_gemma4_e4b_direct_core_gold_fewshot_v5_think_ctx16384_tok16384_n237.csv,gemma4:e4b,direct_core_gold_fewshot_v5,237,8532,True,1,0.95,weak,181,107,6,101,175,0.45147679324894513,0.056074766355140186,0.03314917127071823,0.041666666666666664,0.03216367427841929,0.3062688366485835,0.4215686274509804,0.3944954128440367,0.4075829383886256,109,102,66,59
v4_social_signal_experiment_v4_prompt_think_true_gemma4_e4b_direct_core_recall_v2_think_ctx16384_tok16384_n237,v4_social_signal_experiment_v4_prompt_think_true_gemma4_e4b_direct_core_recall_v2_think_ctx16384_tok16384_n237.csv,gemma4:e4b,direct_core_recall_v2,237,8532,True,2,0.90,weak,181,108,5,103,176,0.45569620253164556,0.046296296296296294,0.027624309392265192,0.03460207612456748,0.018350480688143024,0.3179425356640546,0.38461538461538464,0.3211009174311927,0.35,109,91,74,56
v4_social_signal_experiment_v4_prompt_think_true_gemma4_e4b_direct_brief_thinking_think_ctx16384_tok16384_n237,v4_social_signal_experiment_v4_prompt_think_true_gemma4_e4b_direct_brief_thinking_think_ctx16384_tok16384_n237.csv,gemma4:e4b,direct_brief_thinking,237,8532,True,5,0.90,weak,181,73,4,69,177,0.3080168776371308,0.0547945205479452,0.022099447513812154,0.031496062992125984,0.044805194805194806,0.4036568213783403,0.4782608695652174,0.30275229357798167,0.3707865168539326,109,69,76,36
v4_social_signal_experiment_v4_prompt_think_true_gemma4_e4b_direct_core_balanced_v8_think_ctx16384_tok16384_n237,v4_social_signal_experiment_v4_prompt_think_true_gemma4_e4b_direct_core_balanced_v8_think_ctx16384_tok16384_n237.csv,gemma4:e4b,direct_core_balanced_v8,237,8532,True,2,0.95,weak,181,73,4,69,177,0.3080168776371308,0.0547945205479452,0.022099447513812154,0.031496062992125984,0.007913612973647278,0.4008438818565401,0.46153846153846156,0.27522935779816515,0.3448275862068966,109,65,79,35
v4_social_signal_experiment_v4_prompt_think_true_gemma4_e4b_direct_core_clean_fewshot_v6_think_ctx16384_tok16384_n237,v4_social_signal_experiment_v4_prompt_think_true_gemma4_e4b_direct_core_clean_fewshot_v6_think_ctx16384_tok16384_n237.csv,gemma4:e4b,direct_core_clean_fewshot_v6,237,8532,True,2,0.95,weak,181,83,4,79,177,0.350210970464135,0.04819277108433735,0.022099447513812154,0.030303030303030304,0.005121638924455826,0.35901145268233875,0.4578313253012048,0.3486238532110092,0.3958333333333333,109,83,71,45
v4_social_signal_experiment_v4_prompt_think_true_gemma4_e4b_direct_business_migration_fixed_think_ctx16384_tok16384_n237,v4_social_signal_experiment_v4_prompt_think_true_gemma4_e4b_direct_business_migration_fixed_think_ctx16384_tok16384_n237.csv,gemma4:e4b,direct_business_migration_fixed,237,8532,True,2,0.95,weak,181,38,3,35,178,0.16033755274261605,0.07894736842105263,0.016574585635359115,0.0273972602739726,0.005802707930367504,0.46702833031946955,0.5,0.1743119266055046,0.2585034013605442,109,38,90,19
v4_social_signal_experiment_v4_prompt_think_true_gemma4_e4b_direct_core_filtered_v3_think_ctx16384_tok16384_n237,v4_social_signal_experiment_v4_prompt_think_true_gemma4_e4b_direct_core_filtered_v3_think_ctx16384_tok16384_n237.csv,gemma4:e4b,direct_core_filtered_v3,237,8532,True,0,0.95,weak,181,80,2,78,179,0.33755274261603374,0.025,0.011049723756906077,0.01532567049808429,0.0040926506443747825,0.3459915611814346,0.38461538461538464,0.27522935779816515,0.32085561497326204,109,78,79,48
v4_social_signal_experiment_v4_prompt_think_true_gemma4_e2b_direct_core_recall_v2_think_ctx16384_tok16384_n237,v4_social_signal_experiment_v4_prompt_think_true_gemma4_e2b_direct_core_recall_v2_think_ctx16384_tok16384_n237.csv,gemma4:e2b,direct_core_recall_v2,237,8532,True,10,0.95,weak,181,30,1,29,180,0.12658227848101267,0.03333333333333333,0.0055248618784530384,0.009478672985781991,0.006493506493506493,0.46835443037974683,0.4,0.11009174311926606,0.17266187050359713,109,30,97,18
v4_social_signal_experiment_v4_prompt_think_true_gemma4_e4b_direct_core_recall_v2_think_ctx16384_tok16384_n237,v4_social_signal_experiment_v4_prompt_think_true_gemma4_e4b_direct_core_recall_v2_think_ctx16384_tok16384_n237.csv,gemma4:e4b,direct_core_recall_v2,237,8532,True,2,0.95,weak,181,41,1,40,180,0.1729957805907173,0.024390243902439025,0.0055248618784530384,0.009009009009009009,0.002457002457002457,0.4345991561181435,0.36585365853658536,0.13761467889908258,0.2,109,41,94,26
v4_social_signal_experiment_v4_prompt_think_true_gemma4_e2b_direct_core_recall_v2_think_ctx16384_tok16384_n237,v4_social_signal_experiment_v4_prompt_think_true_gemma4_e2b_direct_core_recall_v2_think_ctx16384_tok16384_n237.csv,gemma4:e2b,direct_core_recall_v2,237,8532,True,10,0.90,weak,181,42,1,41,180,0.17721518987341772,0.023809523809523808,0.0055248618784530384,0.008968609865470852,0.006493506493506493,0.4345991561181435,0.36585365853658536,0.13761467889908258,0.2,109,41,94,26
v4_social_signal_experiment_v4_prompt_think_true_gemma4_e4b_direct_brief_thinking_think_ctx16384_tok16384_n237,v4_social_signal_experiment_v4_prompt_think_true_gemma4_e4b_direct_brief_thinking_think_ctx16384_tok16384_n237.csv,gemma4:e4b,direct_brief_thinking,237,8532,True,5,0.95,weak,181,15,0,15,181,0.06329113924050633,0.0,0.0,0.0,0.0,0.4978902953586498,0.3333333333333333,0.045871559633027525,0.08064516129032258,109,15,104,10
v4_social_signal_experiment_v4_prompt_think_true_gemma4_e4b_gold_mimic_broad_v1_think_ctx16384_tok16384_n237,v4_social_signal_experiment_v4_prompt_think_true_gemma4_e4b_gold_mimic_broad_v1_think_ctx16384_tok16384_n237.csv,gemma4:e4b,gold_mimic_broad_v1,237,8532,True,3,0.95,weak,181,7,0,7,181,0.029535864978902954,0.0,0.0,0.0,0.0,0.5189873417721519,0.2857142857142857,0.01834862385321101,0.034482758620689655,109,7,107,5
